#./build/bin/rcbk -ic FILE ./data/ic/85/ic_208_4.dat -rc BALITSKY -alphas_scaling 4.575401294616306 -maxy 12 -fast -output ./data/bks/85/ic_208_4.dat 
# BK equation solver 20160623 (build May 19 2026 14:19:13)
# Heikki Mäntysaari <mantysaari@bnl.gov>, 2011-2016
# Running coupling: Balitsky
# Scaling factor C^2 in alpha_s: 4.5754
# Initial condition is String is not impelmented for the current IC N(r=0.0333803 1/GeV) = 0.000315377
# \alpha_s = 12 \pi / [ (33.0 - 2.0*Nf) * log(4.0*C^2/(r^2*lambdaqcd^2) ], C^2=4.5754, lambdaqcd=0.241 GeV, maxalphas=0.7 nf=3
# Using fast (and not so accurate) parameters
# Solving BK equation up to y=12
# r limits: 1e-05 - 100 points 150 multiplier 1.11424
# maxy 12 ystep 0.2
###1.000000000000000e-05
###1.114242875232510e+00
###150
###0.000000000000000e+00
###0.000000000000000e+00
0.000000000000000e+00
8.784880310672618e-11
1.079071881129501e-10
1.329113846777870e-10
1.636170738435790e-10
2.013512847799384e-10
2.478130652392195e-10
3.049631736099618e-10
3.752576719098301e-10
4.617234671580033e-10
5.680648562229697e-10
6.988396837763671e-10
8.596486133803485e-10
1.057369566401376e-09
1.300453217659019e-09
1.599278367780076e-09
1.966589749026290e-09
2.418040023422227e-09
2.972845918878096e-09
3.654596537154135e-09
4.492252712003516e-09
5.521356017202606e-09
6.785518379783635e-09
8.338262451072233e-09
1.024524604482482e-08
1.258700336630994e-08
1.546232969848245e-08
1.899236804629116e-08
2.332564621088090e-08
2.864429203468844e-08
3.517152970596479e-08
4.318092151832079e-08
5.300776265105264e-08
6.506280985861976e-08
7.984921115479255e-08
9.798336247296106e-08
1.202200086217595e-07
1.474832065899063e-07
1.809044388851123e-07
2.218684307361934e-07
2.720696900829348e-07
3.335820436737071e-07
4.089421346988277e-07
5.012525129592175e-07
6.143083085829316e-07
7.527491782321507e-07
9.222470268713190e-07
1.129736474556677e-06
1.383691039226925e-06
1.694464638590721e-06
2.074710522828914e-06
2.539882924465416e-06
3.108858056260568e-06
3.804695416841095e-06
4.655548998996868e-06
5.695796973443326e-06
6.967426019742114e-06
8.521688239498126e-06
1.042115931887615e-05
1.274226032704322e-05
1.557827799799888e-05
1.904312551280117e-05
2.327595162343314e-05
2.844666888228783e-05
3.476285698595819e-05
4.247822868386702e-05
5.190280821242088e-05
6.341568111043649e-05
7.748064423118927e-05
9.466508460207125e-05
1.156636974926605e-04
1.413276282741176e-04
1.726997722949477e-04
2.110592204878363e-04
2.579759111053911e-04
3.153771321922139e-04
3.856313191362129e-04
4.716511303183154e-04
5.770194345249547e-04
7.061478845241285e-04
8.644719383206239e-04
1.058690130946396e-03
1.297064273516163e-03
1.589788388310930e-03
1.949442460930064e-03
2.391558791259137e-03
2.935316920713431e-03
3.604398600676953e-03
4.428047062792675e-03
5.442362150896708e-03
6.691888986311186e-03
8.231564606027267e-03
1.012907882250159e-02
1.246774518192034e-02
1.534995206888100e-02
1.890127235578734e-02
2.327536076855088e-02
2.865961301848139e-02
3.528161948214661e-02
4.341647634984688e-02
5.339440688826591e-02
6.560839207417944e-02
8.052134651897122e-02
9.867038098345103e-02
1.206667885728346e-01
1.471892411422689e-01
1.789626947336670e-01
2.167204454634301e-01
2.611412226847191e-01
3.127492280001949e-01
3.717830780147460e-01
4.380157624744070e-01
5.105575694915863e-01
5.876914307602928e-01
6.667091276097765e-01
7.440325569916075e-01
8.155570955832609e-01
8.771582887798363e-01
9.258452620867185e-01
9.603636461216742e-01
9.818019276174252e-01
9.931120377687019e-01
9.979006915181535e-01
9.995532902510742e-01
9.999241450906082e-01
9.999919114131732e-01
9.999994469767042e-01
1.000000032972915e+00
9.999999948886350e-01
9.999999868812153e-01
1.000000007122224e+00
9.999999995060204e-01
9.999999984433992e-01
1.000000000825234e+00
9.999999999516985e-01
9.999999998153408e-01
1.000000000095571e+00
9.999999999954663e-01
9.999999999781090e-01
1.000000000011063e+00
9.999999999996011e-01
9.999999999974066e-01
1.000000000001280e+00
9.999999999999688e-01
9.999999999996929e-01
1.000000000000148e+00
9.999999999999981e-01
9.999999999999628e-01
1.000000000000020e+00
1.000000000000000e+00
###2.000000000000000e-01
9.139065484501820e-12
9.720068177881158e-11
1.197701293115221e-10
1.477568761767776e-10
1.820995985426376e-10
2.243794458260609e-10
2.763718010903825e-10
3.402996257097441e-10
4.189097767696018e-10
5.155858551599903e-10
6.344635972446246e-10
7.806423159806535e-10
9.603692881867229e-10
1.181334806789280e-09
1.452971420520175e-09
1.786863255138084e-09
2.197248413990104e-09
2.701616303232891e-09
3.321404824462747e-09
4.082907068211513e-09
5.018695097903154e-09
6.167890803837853e-09
7.579665816496059e-09
9.313702335955163e-09
1.144295449834916e-08
1.405776585587826e-08
1.726805936671906e-08
2.120896907211421e-08
2.604646342273803e-08
3.198337204074557e-08
3.926915421050514e-08
4.820903521691194e-08
5.917663737759063e-08
7.263014677713598e-08
8.913189075000483e-08
1.093676607985364e-07
1.341816052190919e-07
1.646017027397872e-07
2.018931366036307e-07
2.475966950896649e-07
3.036082659616140e-07
3.722325569583716e-07
4.563058648570128e-07
5.592901075200334e-07
6.854091523820024e-07
8.398427467746553e-07
1.028920766606289e-06
1.260377982897681e-06
1.543660411688255e-06
1.890312109553851e-06
2.314465400438786e-06
2.833337633242180e-06
3.468018310985873e-06
4.244180539459860e-06
5.193199001940716e-06
6.353550367634958e-06
7.772025649898785e-06
9.505719749110451e-06
1.162420332690917e-05
1.421300326942068e-05
1.737623703364521e-05
2.124058967465421e-05
2.596066000405484e-05
3.172685286419707e-05
3.876991024686376e-05
4.737235549794160e-05
5.787911254658347e-05
7.071110591130212e-05
8.638675102417115e-05
1.055300614008130e-04
1.289182989952138e-04
1.574962716486002e-04
1.924143488790625e-04
2.350865533232845e-04
2.872573733646536e-04
3.510367803317177e-04
4.290565977624382e-04
5.244947475760495e-04
6.413040297523977e-04
7.843236048914041e-04
9.594655085152560e-04
1.174047502486292e-03
1.437063839690421e-03
1.759530085384128e-03
2.155069354468602e-03
2.640446188971847e-03
3.236210241746983e-03
3.967785079427838e-03
4.866237603231882e-03
5.970022712099782e-03
7.326188970951014e-03
8.992747737669782e-03
1.104030897936982e-02
1.355591617622801e-02
1.664617088655583e-02
2.044019425302881e-02
2.509600580818387e-02
3.080467876250587e-02
3.779724015235172e-02
4.634995497878021e-02
5.679256024057180e-02
6.951573408668527e-02
8.497281756139038e-02
1.036879148700702e-01
1.262499177072580e-01
1.533046023315417e-01
1.855291825496042e-01
2.236027415299624e-01
2.681275937628133e-01
3.195485140519998e-01
3.780192022512912e-01
4.432452146416830e-01
5.143021808612540e-01
5.895002022921226e-01
6.662579916391514e-01
7.412284854595366e-01
8.106272115033148e-01
8.707156567961063e-01
9.187839285515506e-01
9.536901518314373e-01
9.763382836322316e-01
9.892617317060910e-01
9.956170136054667e-01
9.984058113654771e-01
9.994655091523065e-01
9.998511973609752e-01
9.999646185623550e-01
9.999930009238689e-01
9.999988628092044e-01
9.999998423476165e-01
9.999999892516775e-01
9.999999985683831e-01
9.999999990309422e-01
1.000000000440652e+00
9.999999999894877e-01
9.999999998947172e-01
1.000000000050160e+00
9.999999999986551e-01
9.999999999885849e-01
1.000000000005402e+00
9.999999999998884e-01
9.999999999987614e-01
1.000000000000578e+00
9.999999999999915e-01
9.999999999998670e-01
1.000000000000061e+00
9.999999999999996e-01
9.999999999999855e-01
1.000000000000008e+00
1.000000000000000e+00
###4.000000000000000e-01
1.906356833899094e-11
1.075940536858335e-10
1.329374287701691e-10
1.642234989137490e-10
2.026158757371965e-10
2.499061930728197e-10
3.080212718565147e-10
3.794535238834396e-10
4.672689321783957e-10
5.752478467591495e-10
7.080014389366312e-10
8.712281922515848e-10
1.071885411421243e-09
1.318571379744382e-09
1.621794662104901e-09
1.994475650660142e-09
2.452492377283160e-09
3.015354916994258e-09
3.706944173488618e-09
4.556616428092403e-09
5.600835895088389e-09
6.882698768983350e-09
8.457500679635419e-09
1.039170418736805e-08
1.276634480292277e-08
1.568248593833799e-08
1.926242250527635e-08
2.365659576878399e-08
2.905020852370386e-08
3.566885679502528e-08
4.379081586171361e-08
5.375604830857234e-08
6.598049817123571e-08
8.097431104613576e-08
9.936328334254085e-08
1.219139845707523e-07
1.495640862782130e-07
1.834570037925212e-07
2.250045695776315e-07
2.759185530593963e-07
3.383150428229461e-07
4.147549153579120e-07
5.083943604190194e-07
6.230957065209181e-07
7.635486837914557e-07
9.355260456531212e-07
1.146068896243881e-06
1.403792066805456e-06
1.719199310623974e-06
2.105134701336226e-06
2.577334857005290e-06
3.154947062608041e-06
3.861448224251966e-06
4.725370293772859e-06
5.781592700190485e-06
7.073011692806967e-06
8.651620752738456e-06
1.058082857517995e-05
1.293790453236371e-05
1.581805844481856e-05
1.933715947573550e-05
2.363566015558390e-05
2.888483469354109e-05
3.529708642272131e-05
4.312807341814560e-05
5.269125858333451e-05
6.436888351672870e-05
7.862677220160122e-05
9.604152663476641e-05
1.172978603558811e-04
1.432607247679137e-04
1.749745162506918e-04
2.137038372308558e-04
2.610057449195728e-04
3.188088591387031e-04
3.894167478727637e-04
4.757375590330607e-04
5.812291744078926e-04
7.102372390852104e-04
8.680302900399919e-04
1.061036105988957e-03
1.297196665808904e-03
1.586301211042091e-03
1.940192671105646e-03
2.373566523011565e-03
2.904458943270010e-03
3.554826240497932e-03
4.351866593402007e-03
5.328507396127869e-03
6.525583695483891e-03
7.992672938349654e-03
9.790861555125306e-03
1.199368660379230e-02
1.469188631164386e-02
1.799619613838576e-02
2.203921702936213e-02
2.698316447596310e-02
3.302260371829987e-02
4.039171164770068e-02
4.936766908060400e-02
6.027942347570737e-02
7.351491745795655e-02
8.951787447625087e-02
1.087991449307474e-01
1.319255475247137e-01
1.595108149908210e-01
1.921865952105327e-01
2.305798842049307e-01
2.752218873099418e-01
3.264835922171018e-01
3.844416512860265e-01
4.487416181051779e-01
5.184307828893508e-01
5.918480855227110e-01
6.665299462753626e-01
7.393387273752255e-01
8.067756333478950e-01
8.654378393004905e-01
9.128601142990687e-01
9.479941212229273e-01
9.715899327518739e-01
9.858320905747683e-01
9.934987979300992e-01
9.972756202378781e-01
9.989625705565289e-01
9.996681633168230e-01
9.999082588289044e-01
9.999783783042028e-01
9.999957471949632e-01
9.999993063560901e-01
9.999999141130026e-01
9.999999908693807e-01
9.999999988084173e-01
1.000000000193197e+00
1.000000000003193e+00
9.999999999398188e-01
1.000000000026323e+00
9.999999999998143e-01
9.999999999940681e-01
1.000000000002624e+00
9.999999999999879e-01
9.999999999994085e-01
1.000000000000261e+00
9.999999999999987e-01
9.999999999999424e-01
1.000000000000025e+00
1.000000000000000e+00
9.999999999999943e-01
1.000000000000003e+00
1.000000000000000e+00
###6.000000000000001e-01
2.984919355312692e-11
1.191205803102918e-10
1.475293139106038e-10
1.824638684462661e-10
2.253348207524852e-10
2.781771166480619e-10
3.430477355510717e-10
4.227756374381581e-10
5.207690831728569e-10
6.412434429451687e-10
7.893354196749093e-10
9.714026365040991e-10
1.195194342389817e-09
1.470288947164088e-09
1.808398586770508e-09
2.223917046607657e-09
2.734525714032147e-09
3.361961565517557e-09
4.132795337314180e-09
5.079778383553608e-09
6.243614303155129e-09
7.671852213659262e-09
9.426412517592633e-09
1.158122912981814e-08
1.422641574178688e-08
1.747444179811316e-08
2.146173572175078e-08
2.635517151812783e-08
3.236111321693614e-08
3.973042019877071e-08
4.877266610247071e-08
5.986580601020868e-08
7.347302584497630e-08
9.016063367865613e-08
1.106238427465342e-07
1.357190242669248e-07
1.664841412087636e-07
2.041910963276343e-07
2.504111793101709e-07
3.070439720518832e-07
3.764443052023920e-07
4.614556291084271e-07
5.655847085387902e-07
6.931221840040964e-07
8.492766074257254e-07
1.040462905577104e-06
1.274497261507371e-06
1.560953495523710e-06
1.911486827976894e-06
2.340363352726670e-06
2.865044398055311e-06
3.506783376676521e-06
4.291660329111178e-06
5.251286984905508e-06
6.424412414915019e-06
7.858552664348308e-06
9.611484257538886e-06
1.175337973632551e-05
1.436988952047588e-05
1.756668469045384e-05
2.147198778553796e-05
2.624145312941383e-05
3.206416605929275e-05
3.917612465231434e-05
4.785974071904050e-05
5.846174485759511e-05
7.140393265304063e-05
8.720051367883304e-05
1.064899228782766e-04
1.300217800244840e-04
1.587540922283689e-04
1.938370016467680e-04
2.366563304478667e-04
2.889205513901939e-04
3.527523831972465e-04
4.306601403820976e-04
5.258417703779081e-04
6.420500791325338e-04
7.840422827663446e-04
9.575327441561261e-04
1.169489772568374e-03
1.428502470247318e-03
1.745161829484302e-03
2.132243029291377e-03
2.605467734345863e-03
3.184204652193547e-03
3.891853330657898e-03
4.757419999191351e-03
5.815728359355442e-03
7.110019381961468e-03
8.692423625857896e-03
1.062710451628965e-02
1.299052998438349e-02
1.587709867398155e-02
1.940160413625461e-02
2.370005478318046e-02
2.893870016823290e-02
3.531541319900867e-02
4.306687258444453e-02
5.247206121333063e-02
6.385771532794013e-02
7.760901731224755e-02
9.416002030709783e-02
1.140081170333644e-01
1.376983711420516e-01
1.658132929643830e-01
1.989409607140334e-01
2.376583360376363e-01
2.824302922771812e-01
3.335591696226604e-01
3.910515288362503e-01
4.544994021425888e-01
5.229269775957459e-01
5.947029077736463e-01
6.674726270420368e-01
7.382883177630790e-01
8.039066861475117e-01
8.612171186270727e-01
9.079688201045883e-01
9.431931304930502e-01
9.675112752759714e-01
9.828175770610372e-01
9.915725739656920e-01
9.961989232409962e-01
9.984471370131841e-01
9.994598836754747e-01
9.998359783895672e-01
9.999570243102255e-01
9.999904899414978e-01
9.999982450891695e-01
9.999997406518727e-01
9.999999688206157e-01
9.999999968874294e-01
9.999999999191904e-01
1.000000000000030e+00
9.999999999650675e-01
1.000000000013872e+00
1.000000000000145e+00
9.999999999969332e-01
1.000000000001270e+00
1.000000000000016e+00
9.999999999997174e-01
1.000000000000118e+00
1.000000000000000e+00
9.999999999999750e-01
1.000000000000010e+00
1.000000000000000e+00
9.999999999999978e-01
1.000000000000001e+00
1.000000000000000e+00
###8.000000000000000e-01
4.158504870400789e-11
1.318935835229956e-10
1.636772025139830e-10
2.026390726498945e-10
2.504574447570752e-10
3.094190082948590e-10
3.817590933628462e-10
4.706512383187034e-10
5.798773249072411e-10
7.141470953577730e-10
8.791681185373994e-10
1.082027009802372e-09
1.331345289466271e-09
1.637780178408489e-09
2.014372987837725e-09
2.477130502714966e-09
3.045725244089637e-09
3.744341820415135e-09
4.602515190881360e-09
5.656721710590780e-09
6.952331744612458e-09
8.541772906025187e-09
1.049426592904081e-08
1.289194277985603e-08
1.583503988480545e-08
1.944810905327697e-08
2.388347406839009e-08
2.932605418256608e-08
3.600512687895963e-08
4.419950487150900e-08
5.425298851899428e-08
6.658464186374776e-08
8.171096362817378e-08
1.002581358843071e-07
1.229997645926823e-07
1.508847792483384e-07
1.850663365754341e-07
2.269552816622666e-07
2.782966975433011e-07
3.411955632749460e-07
4.182666115845708e-07
5.126623547117196e-07
6.282721343091452e-07
7.698515191354686e-07
9.431781986509708e-07
1.155358853522016e-06
1.415067935921292e-06
1.732896082868019e-06
2.121774760792989e-06
2.597499754304061e-06
3.179412329455630e-06
3.891044879226599e-06
4.761326744466517e-06
5.825124287048438e-06
7.125451592466320e-06
8.714796592053388e-06
1.065716718775587e-05
1.303004349989948e-05
1.592816000504477e-05
1.946839773019184e-05
2.379224399068825e-05
2.907176312166053e-05
3.551525610422747e-05
4.338365967860540e-05
5.298847894816947e-05
6.471167665662273e-05
7.901749113290787e-05
9.647194308012915e-05
1.177784051676200e-04
1.437575450163849e-04
1.754643434794882e-04
2.141616494086175e-04
2.613637268233522e-04
3.189391313481969e-04
3.892150393617602e-04
4.749159107455925e-04
5.795435090296954e-04
7.071607806509881e-04
8.629547054754730e-04
1.053105738687579e-03
1.285142746465030e-03
1.568334457916263e-03
1.914099401891567e-03
2.336164807325681e-03
2.851325230995870e-03
3.480311462147622e-03
4.248002739298460e-03
5.185247380372575e-03
6.328800274364654e-03
7.724334661509318e-03
9.426557319243963e-03
1.150271152281743e-02
1.403219695308398e-02
1.711303899111612e-02
2.086401637212840e-02
2.542446918620082e-02
3.096452506110518e-02
3.768518156278378e-02
4.582539846819100e-02
5.566561178901278e-02
6.753017749543284e-02
8.180110601897483e-02
9.890271852646733e-02
1.193187802386195e-01
1.435729037717941e-01
1.722171613800830e-01
2.057978909475454e-01
2.448439839754487e-01
2.897582827816749e-01
3.407791533150430e-01
3.978492096838995e-01
4.605126069155517e-01
5.277747512642645e-01
5.980342616455838e-01
6.690373039892593e-01
7.380084965588635e-01
8.019328958409174e-01
8.579559462093956e-01
9.040148070880715e-01
9.392102338258597e-01
9.640565623438561e-01
9.802067274724083e-01
9.898544967850499e-01
9.952017827594832e-01
9.979435197664911e-01
9.992407883433775e-01
9.997535114102134e-01
9.999304147071185e-01
9.999832604436510e-01
9.999966169871922e-01
9.999994416791688e-01
9.999999252493742e-01
9.999999920905348e-01
9.999999994325887e-01
9.999999999743336e-01
9.999999999783152e-01
1.000000000007355e+00
1.000000000000171e+00
9.999999999984224e-01
1.000000000000610e+00
1.000000000000019e+00
9.999999999998650e-01
1.000000000000053e+00
1.000000000000001e+00
9.999999999999892e-01
1.000000000000004e+00
1.000000000000000e+00
9.999999999999991e-01
1.000000000000000e+00
1.000000000000000e+00
###1.000000000000000e+00
5.435586670848783e-11
1.460192520751777e-10
1.815234286495404e-10
2.249227105486826e-10
2.782003104716981e-10
3.439170557114320e-10
4.244873948243733e-10
5.235062494935384e-10
6.450982801206941e-10
7.945753429854291e-10
9.782557226580056e-10
1.204030598483080e-09
1.481469481312097e-09
1.822438811706808e-09
2.241420905540258e-09
2.756202333746707e-09
3.388641711943560e-09
4.165608649868354e-09
5.119913069132409e-09
6.292091885767767e-09
7.732671030439896e-09
9.499392671028685e-09
1.166952001678073e-08
1.433416191957003e-08
1.760465376002266e-08
2.161882402905590e-08
2.654616617707043e-08
3.259193600711973e-08
4.000998156947510e-08
4.910987665239767e-08
6.027287615049420e-08
7.396300375593411e-08
9.075507480762622e-08
1.113407075490757e-07
1.365792626915793e-07
1.675203738438992e-07
2.054433530902888e-07
2.519106536122569e-07
3.088566487590417e-07
3.786098064640246e-07
4.640688143459136e-07
5.687237865723070e-07
6.968785377341643e-07
8.537938169843143e-07
1.045871667318330e-06
1.280964128661663e-06
1.568680888526283e-06
1.920715269032971e-06
2.351394966782537e-06
2.878140170293188e-06
3.522364997289650e-06
4.310055350382061e-06
5.273217962413548e-06
6.450289650554030e-06
7.888767634770354e-06
9.646621515271556e-06
1.179448647745934e-05
1.441775219535257e-05
1.762115027725145e-05
2.153328946563802e-05
2.631004194158359e-05
3.214107565430370e-05
3.925588085494614e-05
4.794036446581235e-05
5.853920215978613e-05
7.147039606689769e-05
8.724405319480634e-05
1.064824809107981e-04
1.299539031081566e-04
1.585633449620148e-04
1.934603227250061e-04
2.360297573536978e-04
2.879218436950501e-04
3.511741785680767e-04
4.283291541761020e-04
5.223390358200872e-04
6.370239654895067e-04
7.767725152031148e-04
9.472202474558220e-04
1.155034349649689e-03
1.408327037216087e-03
1.717072769160216e-03
2.093546534437409e-03
2.552458521834394e-03
3.111709970006090e-03
3.793428337012462e-03
4.624008783687150e-03
5.636176309438983e-03
6.868650997484180e-03
8.369565165592228e-03
1.019622385387705e-02
1.241895375241961e-02
1.512008446442368e-02
1.840123487202026e-02
2.238509838599620e-02
2.721426791207264e-02
3.306259810866399e-02
4.013403128711573e-02
4.866959093522528e-02
5.895083731281645e-02
7.129956844908140e-02
8.609424522085550e-02
1.037493831685043e-01
1.247349764523471e-01
1.495534734606656e-01
1.787272514030677e-01
2.127625818374969e-01
2.521421510596547e-01
2.972106419410473e-01
3.481464484164290e-01
4.048343767983562e-01
4.667749000366276e-01
5.329584772984315e-01
6.018133128806616e-01
6.711789074517033e-01
7.384361259305452e-01
8.007748379575101e-01
8.555658401379277e-01
9.009112289458301e-01
9.359742796938197e-01
9.611808975283331e-01
9.779838185599652e-01
9.883518448957667e-01
9.943019151758830e-01
9.974696605891328e-01
9.990227070892989e-01
9.996662304811487e-01
9.999003126693083e-01
9.999744520653179e-01
9.999944631359471e-01
9.999990032730933e-01
9.999998554663785e-01
9.999999833331715e-01
9.999999985420647e-01
9.999999999119634e-01
9.999999999832793e-01
1.000000000003870e+00
1.000000000000109e+00
9.999999999992006e-01
1.000000000000289e+00
1.000000000000016e+00
9.999999999999354e-01
1.000000000000024e+00
1.000000000000000e+00
9.999999999999953e-01
1.000000000000002e+00
1.000000000000000e+00
9.999999999999997e-01
1.000000000000000e+00
1.000000000000000e+00
###1.200000000000000e+00
6.825782699387308e-11
1.616170337982949e-10
2.012139997292261e-10
2.495034424685335e-10
3.087959660062580e-10
3.819409594752265e-10
4.715995120561824e-10
5.817575060744053e-10
7.169709250718491e-10
8.831911477412148e-10
1.087408345412270e-09
1.338409541402209e-09
1.646795174792056e-09
2.025761107547514e-09
2.491362600174325e-09
3.063368431561950e-09
3.766007274797968e-09
4.629088407166236e-09
5.689071175885013e-09
6.990874506558395e-09
8.590718479289919e-09
1.055213454075473e-08
1.296121492158400e-08
1.591894371282661e-08
1.954871356571073e-08
2.400297986141250e-08
2.946992570525784e-08
3.617715501533421e-08
4.440503340925052e-08
5.449757984498963e-08
6.687618409525187e-08
8.205433086091266e-08
1.006702080300661e-07
1.234871725981311e-07
1.514578895514885e-07
1.857421182479045e-07
2.277548276967214e-07
2.792287024862824e-07
3.422986346718762e-07
4.195395809292609e-07
5.141535050841096e-07
6.300101848146371e-07
7.718523270639268e-07
9.454859614922792e-07
1.158013061710893e-06
1.418073017863473e-06
1.736294707656890e-06
2.125572705776103e-06
2.601735725079738e-06
3.183969594964319e-06
3.895939806381593e-06
4.766270103056130e-06
5.830291451657948e-06
7.130310805600646e-06
8.718640784136700e-06
1.065917053220761e-05
1.302966865225931e-05
1.592403816578191e-05
1.945774268000101e-05
2.377199939497353e-05
2.903811293469547e-05
3.546461018619520e-05
4.330354308499160e-05
5.286791815100257e-05
6.453739232924217e-05
7.876864157565278e-05
9.612061652684194e-05
1.172754773223827e-04
1.430705468866460e-04
1.744999905622942e-04
2.128138961953458e-04
2.595246343372586e-04
3.164305487157285e-04
3.857430726240738e-04
4.702324512765070e-04
5.730906971737669e-04
6.984714385039034e-04
8.511046451256324e-04
1.037093905929320e-03
1.263614175204325e-03
1.539384270892297e-03
1.875110971295775e-03
2.283955229090955e-03
2.781641563151643e-03
3.387211774043416e-03
4.124225199782621e-03
5.020628989972385e-03
6.111059901343138e-03
7.436236404783046e-03
9.046777052591401e-03
1.100260616430305e-02
1.337713789691783e-02
1.625562738246991e-02
1.974325397465977e-02
2.396655713447195e-02
2.907130079709257e-02
3.523491964521386e-02
4.266412347466458e-02
5.160178420356776e-02
6.233027496246955e-02
7.516865017221976e-02
9.049147156018515e-02
1.087033636839295e-01
1.302604250813658e-01
1.556442069377977e-01
1.853480893482742e-01
2.198398064527642e-01
2.595575976797055e-01
3.047914606692620e-01
3.556626647054197e-01
4.120060172186824e-01
4.732795768432739e-01
5.384629226490335e-01
6.060126650233763e-01
6.738553762510189e-01
7.395130594962106e-01
8.003599583823020e-01
8.539664110252022e-01
8.985792136965098e-01
9.334192648740223e-01
9.588404729678811e-01
9.761293616871470e-01
9.870658149217640e-01
9.935103713525617e-01
9.970383754341797e-01
9.988149312172139e-01
9.995788615944093e-01
9.998685300119390e-01
9.999645851797435e-01
9.999918878011065e-01
9.999984497672546e-01
9.999997582305585e-01
9.999999699401531e-01
9.999999970833297e-01
9.999999997967699e-01
9.999999999808047e-01
1.000000000001954e+00
9.999999999999992e-01
9.999999999996131e-01
1.000000000000132e+00
1.000000000000012e+00
9.999999999999687e-01
1.000000000000011e+00
1.000000000000000e+00
9.999999999999980e-01
1.000000000000001e+00
1.000000000000000e+00
9.999999999999999e-01
1.000000000000000e+00
1.000000000000000e+00
###1.400000000000000e+00
8.339414306059421e-11
1.788165310264018e-10
2.229280449871729e-10
2.765832997655453e-10
3.424958210983496e-10
4.238125518176374e-10
5.234744022151958e-10
6.458469761219258e-10
7.960749162502391e-10
9.807054112986484e-10
1.207504824288731e-09
1.486230314151940e-09
1.828634429925096e-09
2.249350470597167e-09
2.766173469352922e-09
3.401016648222713e-09
4.180753664458208e-09
5.138384412613031e-09
6.314361488055356e-09
7.758407584399875e-09
9.532988555476234e-09
1.170794042000507e-08
1.437897807270792e-08
1.765799429479967e-08
2.168157706337584e-08
2.661809565915156e-08
3.267612400916413e-08
4.010766618582422e-08
4.922211510377963e-08
6.040106924050660e-08
7.410959844548285e-08
9.091548117783772e-08
1.115254732196952e-07
1.367806905241330e-07
1.677376820940892e-07
2.056738099084645e-07
2.521523738623350e-07
3.090924956780092e-07
3.788437989812798e-07
4.642540246722686e-07
5.688493600626512e-07
6.969097057600672e-07
8.536692924831145e-07
1.045511757230383e-06
1.280296925677708e-06
1.567528458904721e-06
1.918926100378777e-06
2.348702852752082e-06
2.874278375226908e-06
3.516779826938544e-06
4.302289701367278e-06
5.262282217609607e-06
6.435668658970970e-06
7.868934955138678e-06
9.619583603677434e-06
1.175786336947066e-05
1.436921803309794e-05
1.755670016296400e-05
2.144728090655626e-05
2.619571178875597e-05
3.198983138882435e-05
3.905834403917887e-05
4.767738434903638e-05
5.818920663112243e-05
7.101011529917792e-05
8.663860185640257e-05
1.056854112056842e-04
1.288962815087694e-04
1.571823679398117e-04
1.916313247726654e-04
2.336000613854537e-04
2.847358422929650e-04
3.469940357164649e-04
4.227680312325292e-04
5.150682222014479e-04
6.273384706807173e-04
7.640815455736107e-04
9.303848900674870e-04
1.132840188059407e-03
1.379151602832745e-03
1.678668273690834e-03
2.042857091543814e-03
2.485792922129700e-03
3.024248572257387e-03
3.678439684923178e-03
4.473393274201622e-03
5.438644401587525e-03
6.610777072704890e-03
8.032540565985175e-03
9.757067061861999e-03
1.184692015962123e-02
1.437860580892196e-02
1.744029779928602e-02
2.114070288660692e-02
2.561013934138957e-02
3.099745748089029e-02
3.748352817055067e-02
4.527765272069546e-02
5.462433962455102e-02
6.580647602319484e-02
7.914018024117468e-02
9.499578790823922e-02
1.137679356001568e-01
1.358987144139664e-01
1.618490233421481e-01
1.920838958750123e-01
2.270339226302674e-01
2.670945438068693e-01
3.125041954838336e-01
3.633307410255455e-01
4.193625184047191e-01
4.800195941629528e-01
5.442726833742679e-01
6.106061241551362e-01
6.770268016382345e-01
7.411853089142720e-01
8.006217065959602e-01
8.530831210046108e-01
8.969461693902451e-01
9.314835498178332e-01
9.569925366093263e-01
9.746219762499796e-01
9.859929002310542e-01
9.928329251482046e-01
9.966582379103883e-01
9.986244423378786e-01
9.994953406679165e-01
9.998367637366923e-01
9.999542269316515e-01
9.999890354132097e-01
9.999977982751326e-01
9.999996364421031e-01
9.999999518464365e-01
9.999999949777482e-01
9.999999996119232e-01
9.999999999716498e-01
1.000000000000487e+00
9.999999999999338e-01
9.999999999998185e-01
1.000000000000058e+00
1.000000000000008e+00
9.999999999999848e-01
1.000000000000005e+00
1.000000000000000e+00
9.999999999999991e-01
1.000000000000000e+00
1.000000000000000e+00
1.000000000000000e+00
1.000000000000000e+00
1.000000000000000e+00
###1.600000000000000e+00
9.987511324168332e-11
1.977937213140286e-10
2.468054372296058e-10
3.063790715271569e-10
3.795687221783603e-10
4.698632085197957e-10
5.805161172891037e-10
7.163115205128957e-10
8.830329231115161e-10
1.087878784932376e-09
1.339482410322156e-09
1.648646724641958e-09
2.028393116537038e-09
2.494918144942620e-09
3.067955947370578e-09
3.771732060209514e-09
4.636011289749467e-09
5.697331119979579e-09
7.000484302545408e-09
8.600405567084743e-09
1.056644941863199e-08
1.297519267038802e-08
1.593323103398416e-08
1.956397024737818e-08
2.401855034588208e-08
2.948287829380980e-08
3.618753487309018e-08
4.441114082301608e-08
5.449499514224922e-08
6.686102269393473e-08
8.202265659752514e-08
1.006070384546963e-07
1.233944830147336e-07
1.513113479611005e-07
1.855283180808634e-07
2.274469021207758e-07
2.787960858512958e-07
3.416948740122349e-07
4.187288512284919e-07
5.130361105582856e-07
6.285008952015440e-07
7.698436860210967e-07
9.428327862986681e-07
1.154481458841434e-06
1.413463946083112e-06
1.730227085100644e-06
2.117651276900566e-06
2.591394872043072e-06
3.170589358206697e-06
3.878480235958934e-06
4.743689007336790e-06
5.800829394708471e-06
7.092630946577277e-06
8.670121800015506e-06
1.059639720640978e-05
1.294840953081415e-05
1.582000352954021e-05
1.932394418869643e-05
2.359959080278495e-05
2.881618118562760e-05
3.517928212633904e-05
4.293905021587661e-05
5.239738210093964e-05
6.392868225185983e-05
7.798573783958825e-05
9.511398250952168e-05
1.159784421113028e-04
1.413923247730093e-04
1.723467709470206e-04
2.100234439615024e-04
2.558970884944374e-04
3.117558763818945e-04
3.797212384570985e-04
4.623763003745623e-04
5.629855265487644e-04
6.852565431621161e-04
8.340574588677711e-04
1.014849583781617e-03
1.234733976136049e-03
1.501964114847423e-03
1.826545425091057e-03
2.220735114892146e-03
2.699542883261475e-03
3.280831806775634e-03
3.986022316152352e-03
4.841645410059017e-03
5.878859858222207e-03
7.136232752427689e-03
8.658575846842934e-03
1.050156246755007e-02
1.273041446688188e-02
1.542473396589098e-02
1.867560411197724e-02
2.259522569026200e-02
2.731762942575314e-02
3.299466448383002e-02
3.981049632549406e-02
4.797684284018160e-02
5.773963752931730e-02
6.938175163293014e-02
8.321689952801435e-02
9.961015193836076e-02
1.189462883995839e-01
1.416532898989040e-01
1.681716241084242e-01
1.989385795565799e-01
2.343488713805697e-01
2.747566760150353e-01
3.203516799299897e-01
3.711516714106460e-01
4.269016820402902e-01
4.869875761435918e-01
5.503728432518352e-01
6.155685252749435e-01
6.806558058001938e-01
7.434027974479981e-01
8.014988023004721e-01
8.528485044405096e-01
8.959453881207767e-01
9.301102107206933e-01
9.555962200183020e-01
9.734388599808871e-01
9.851257487564901e-01
9.922712031259406e-01
9.963343868007215e-01
9.984561890524556e-01
9.994187687930893e-01
9.998064814017952e-01
9.999439299938172e-01
9.999860679912445e-01
9.999970853340914e-01
9.999994958591781e-01
9.999999296359449e-01
9.999999922270379e-01
9.999999993514187e-01
9.999999999552418e-01
9.999999999990558e-01
9.999999999998821e-01
9.999999999999195e-01
1.000000000000024e+00
1.000000000000006e+00
9.999999999999925e-01
1.000000000000002e+00
1.000000000000000e+00
9.999999999999997e-01
1.000000000000000e+00
1.000000000000000e+00
1.000000000000000e+00
1.000000000000000e+00
1.000000000000000e+00
###1.800000000000000e+00
1.178216315911723e-10
2.186764576610476e-10
2.730527457344537e-10
3.391237047436059e-10
4.203039394469648e-10
5.204523721899618e-10
6.431498601055469e-10
7.936946131129932e-10
9.785121294839929e-10
1.205538412961100e-09
1.484346725450011e-09
1.826890222458783e-09
2.247578233389276e-09
2.764317325860883e-09
3.398963592308059e-09
4.178267631109329e-09
5.135156191152871e-09
6.310032296909972e-09
7.752430505801771e-09
9.522931105998596e-09
1.169854998083683e-08
1.436305593167971e-08
1.763503275413990e-08
2.165038175628674e-08
2.657610107214075e-08
3.261738622919535e-08
4.002845008175397e-08
4.911695745520063e-08
6.025961144199768e-08
7.392141345930447e-08
9.066888001236534e-08
1.111935052778712e-07
1.363549399895475e-07
1.671744094212747e-07
2.049428721683607e-07
2.512004273412224e-07
3.078557173525854e-07
3.772415376090949e-07
4.622017203521594e-07
5.661877771579896e-07
6.934735795622451e-07
8.492552990528188e-07
1.039872861468646e-06
1.273041480831886e-06
1.558298725796642e-06
1.907104884976259e-06
2.333605384481134e-06
2.855021777770902e-06
3.492323916172113e-06
4.271046811281228e-06
5.222538603445827e-06
6.384822242889110e-06
7.804605368497552e-06
9.538044158681642e-06
1.165405267735278e-05
1.423682067918382e-05
1.738931432998055e-05
2.123440073596547e-05
2.592499977028305e-05
3.164589567400087e-05
3.862134734601363e-05
4.712432506767688e-05
5.748456633997236e-05
7.011063107571273e-05
8.549395229718936e-05
1.042300454272563e-04
1.270415330812640e-04
1.548131558776156e-04
1.886210353115158e-04
2.297455720337494e-04
2.797869979613161e-04
3.406808041404944e-04
4.147243402898299e-04
5.047002634444125e-04
6.141393334906707e-04
7.470258771630358e-04
9.086090993773153e-04
1.104743907081729e-03
1.343061716739910e-03
1.632380565438327e-03
1.983394873249160e-03
2.409177154351318e-03
2.925704409821782e-03
3.551961400497439e-03
4.310608108095079e-03
5.229716326061048e-03
6.342104198078759e-03
7.688358021656346e-03
9.315382946936894e-03
1.128142097521649e-02
1.365437012353693e-02
1.651693290524806e-02
1.996309010080624e-02
2.410850257590225e-02
2.909084755801038e-02
3.506488254158581e-02
4.221792741930343e-02
5.076394201831022e-02
6.095007248273009e-02
7.305887922177300e-02
8.740152569381028e-02
1.043374671494238e-01
1.242415156252986e-01
1.475274441393258e-01
1.746154842023793e-01
2.059157312638654e-01
2.417881753523051e-01
2.825471529869409e-01
3.283361308161126e-01
3.791258042050311e-01
4.346207300493122e-01
4.941758208325188e-01
5.567486670783740e-01
6.208760584156052e-01
6.847077447156259e-01
7.461191938836038e-01
8.029347931105354e-01
8.532005018762258e-01
8.955155276673998e-01
9.292460136101838e-01
9.546122169761717e-01
9.725562554106086e-01
9.844542745570461e-01
9.918236957515973e-01
9.960691252149924e-01
9.983133651494409e-01
9.993514332208662e-01
9.997788843557380e-01
9.999341882372837e-01
9.999831464802613e-01
9.999963522599334e-01
9.999993444544210e-01
9.999999044447349e-01
9.999999889305861e-01
9.999999990193273e-01
9.999999999315921e-01
9.999999999974145e-01
9.999999999998267e-01
9.999999999999676e-01
1.000000000000008e+00
1.000000000000004e+00
9.999999999999962e-01
1.000000000000001e+00
1.000000000000000e+00
9.999999999999999e-01
1.000000000000000e+00
1.000000000000000e+00
1.000000000000000e+00
1.000000000000000e+00
1.000000000000000e+00
###2.000000000000000e+00
1.373600742984771e-10
2.415693592790674e-10
3.018704103838090e-10
3.750680282946585e-10
4.650110401641988e-10
5.759637104474084e-10
7.118657031941933e-10
8.785784754628736e-10
1.083225832771142e-09
1.334560414814328e-09
1.643176567888457e-09
2.022278911788534e-09
2.487803734213766e-09
3.059520343027041e-09
3.761606973937798e-09
4.623567811865044e-09
5.681783160307137e-09
6.980874819078097e-09
8.575547524650373e-09
1.053255458449363e-08
1.293724786070271e-08
1.588131681422102e-08
1.949618934196529e-08
2.393163856237105e-08
2.937175217537610e-08
3.604283463687765e-08
4.422477483077629e-08
5.425685483425801e-08
6.655425105713268e-08
8.162883537219073e-08
1.001047890123879e-07
1.227435839330872e-07
1.504907197126371e-07
1.844709651792538e-07
2.261039493499868e-07
2.770844075605543e-07
3.395115163436891e-07
4.159508846161802e-07
5.095260911603448e-07
6.240292081575221e-07
7.641548091250107e-07
9.356130610802055e-07
1.145362376541413e-06
1.401876109053983e-06
1.715622852039772e-06
2.099159215370453e-06
2.567979768386934e-06
3.141033944331430e-06
3.841205650132834e-06
4.696579751890174e-06
5.741376560706308e-06
7.017286587703644e-06
8.575315574941443e-06
1.047709741684039e-05
1.279781564210973e-05
1.562947745903547e-05
1.908461604677806e-05
2.329715779983699e-05
2.843437830355463e-05
3.469769220749897e-05
4.233131130900921e-05
5.163261686293284e-05
6.296107090504282e-05
7.676113345499836e-05
9.356582959811757e-05
1.140242262640959e-04
1.389183967404600e-04
1.692105184633599e-04
2.060660931880133e-04
2.508701457792699e-04
3.053544679658992e-04
3.716106761665817e-04
4.521208333457477e-04
5.498775858968609e-04
6.686906736598182e-04
8.128343375441671e-04
9.879514367070713e-04
1.200321980290814e-03
1.458114939458203e-03
1.770741343829446e-03
2.149608781983568e-03
2.608633644535539e-03
3.164793129140314e-03
3.838225672266170e-03
4.652865640188132e-03
5.638362913226427e-03
6.829230534982120e-03
8.268110346600478e-03
1.000403105680857e-02
1.209783077252077e-02
1.462010047497797e-02
1.765664692807679e-02
2.130433436965478e-02
2.568224895583669e-02
3.093164840863389e-02
3.721010493273842e-02
4.470795344212908e-02
5.364122063379009e-02
6.425805324809687e-02
7.684045842774369e-02
9.169675413621196e-02
1.091805790210685e-01
1.296566098339890e-01
1.535243114438261e-01
1.811838478991307e-01
2.130186230628681e-01
2.493549423160217e-01
2.904686165788194e-01
3.364591672522821e-01
3.872528663443014e-01
4.425163296036440e-01
5.015763097364637e-01
5.633855698425986e-01
6.265056010530070e-01
6.891495200167257e-01
7.492910979060682e-01
8.048774194909768e-01
8.540818589250402e-01
8.955998826933054e-01
9.288412695137601e-01
9.540026665915445e-01
9.719499931946645e-01
9.839664225137558e-01
9.914862377120014e-01
9.958626397570353e-01
9.981976861174641e-01
9.992948705496562e-01
9.997548762052333e-01
9.999254100410050e-01
9.999804165420425e-01
9.999956403137185e-01
9.999991912523355e-01
9.999998777865826e-01
9.999999852694539e-01
9.999999986304512e-01
9.999999999015979e-01
9.999999999954541e-01
9.999999999997601e-01
9.999999999999881e-01
1.000000000000001e+00
1.000000000000002e+00
9.999999999999981e-01
1.000000000000001e+00
1.000000000000000e+00
1.000000000000000e+00
1.000000000000000e+00
1.000000000000000e+00
1.000000000000000e+00
1.000000000000000e+00
1.000000000000000e+00
###2.200000000000000e+00
1.586265260964427e-10
2.666632652094399e-10
3.334736422057801e-10
4.144780121747151e-10
5.140217434666558e-10
6.368080011224403e-10
7.871683480276352e-10
9.715868853190467e-10
1.197943456961064e-09
1.475885112663859e-09
1.817120964162183e-09
2.236224409359045e-09
2.750799467599593e-09
3.382638499140323e-09
4.158472140747481e-09
5.110780861720984e-09
6.279734661762626e-09
7.714549624899730e-09
9.475552265780585e-09
1.163624321173219e-08
1.429103919035951e-08
1.754026608306329e-08
2.152930700624784e-08
2.642321170345276e-08
3.242416113845226e-08
3.978189894278564e-08
4.880422166217877e-08
5.986440020231465e-08
7.341968174027441e-08
9.003280899521571e-08
1.103905208918936e-07
1.353305530463140e-07
1.658905357312958e-07
2.033084606658740e-07
2.491431268677961e-07
3.052567599616571e-07
3.739547946393588e-07
4.580520030513187e-07
5.609800319738407e-07
6.868997807009168e-07
8.409556250707622e-07
1.029413192826781e-06
1.259900908643724e-06
1.541710550357817e-06
1.886310391231524e-06
2.307444490044797e-06
2.822061792499607e-06
3.450959281789073e-06
4.219100553194677e-06
5.157299603253773e-06
6.302885499452286e-06
7.701428220813145e-06
9.408616952661578e-06
1.149183405337727e-05
1.403323661987883e-05
1.713298165965972e-05
2.091382867665919e-05
2.552181149812895e-05
3.113920117394330e-05
3.798514292235530e-05
4.632539851817706e-05
5.648330627343141e-05
6.884978456908886e-05
8.390753443316150e-05
1.022338756134545e-04
1.245345874672409e-04
1.516554117473617e-04
1.846386497229944e-04
2.247457113818680e-04
2.734720715124683e-04
3.326880290294966e-04
4.046496609843695e-04
4.920329631764660e-04
5.980514042423168e-04
7.268068558661075e-04
8.828769929260852e-04
1.072316372094645e-03
1.301847258681215e-03
1.580198757388278e-03
1.917398740764562e-03
2.325595693162740e-03
2.819570025938294e-03
3.417341384814818e-03
4.140231480052507e-03
5.013483957346396e-03
6.068364517924587e-03
7.341116476219091e-03
8.876473703450077e-03
1.072561784796356e-02
1.295201033605752e-02
1.562895073332757e-02
1.884535333398401e-02
2.270094914842142e-02
2.731821370093295e-02
3.284191868131117e-02
3.943235408297090e-02
4.728273042844670e-02
5.661096507069475e-02
6.766599275735984e-02
8.072902450523778e-02
9.610524305704164e-02
1.141422627467086e-01
1.351944502517268e-01
1.596468564868582e-01
1.878797193516704e-01
2.202502024585678e-01
2.570518644272701e-01
2.985234030797257e-01
3.447218260259249e-01
3.955319849963548e-01
4.505846214968714e-01
5.091815407549930e-01
5.702691008075923e-01
6.324348417279060e-01
6.939494804157144e-01
7.528778849546504e-01
8.072781743576410e-01
8.554395286862353e-01
8.961459824499853e-01
9.288496150435589e-01
9.537313011813950e-01
9.715959394597284e-01
9.836488815884685e-01
9.912529862775464e-01
9.957134044969296e-01
9.981096543776613e-01
9.992499389663103e-01
9.997350732069358e-01
9.999179053099390e-01
9.999779990354059e-01
9.999949865343961e-01
9.999990452155418e-01
9.999998513336437e-01
9.999999814771041e-01
9.999999982086032e-01
9.999999998670281e-01
9.999999999931903e-01
9.999999999996785e-01
9.999999999999944e-01
9.999999999999989e-01
1.000000000000002e+00
9.999999999999990e-01
1.000000000000000e+00
1.000000000000000e+00
1.000000000000000e+00
1.000000000000000e+00
1.000000000000000e+00
1.000000000000000e+00
1.000000000000000e+00
1.000000000000000e+00
###2.400000000000000e+00
1.817666121265861e-10
2.941599554840442e-10
3.681344966040438e-10
4.576393430022712e-10
5.676915295089127e-10
7.034254753456148e-10
8.696022511265171e-10
1.073387684211451e-09
1.323485411629010e-09
1.630518592825362e-09
2.007412779909553e-09
2.470238925560760e-09
3.038405929642150e-09
3.735932359451778e-09
4.592307944749414e-09
5.643272545303084e-09
6.933115021397743e-09
8.516074272244039e-09
1.045854751547129e-08
1.284142842375311e-08
1.576898701620755e-08
1.935090997335401e-08
2.374785090698184e-08
2.914125041801030e-08
3.575320639368006e-08
4.385875063636767e-08
5.379607354561649e-08
6.597527510976324e-08
8.089945662057109e-08
9.918600284554904e-08
1.215900108433931e-07
1.490316197126438e-07
1.826485097225919e-07
2.238015660605321e-07
2.741987223014093e-07
3.358850419975032e-07
4.113895874685325e-07
5.037927370541374e-07
6.168611574158879e-07
7.551584058945127e-07
9.243128279567355e-07
1.131181676122725e-06
1.384122863032730e-06
1.693314765568401e-06
2.071285286145788e-06
2.533062601678143e-06
3.097193824817996e-06
3.786400130615494e-06
4.627959846129501e-06
5.655548002680010e-06
6.909859970771530e-06
8.440628855287441e-06
1.030856854089318e-05
1.258719012457097e-05
1.536615266801730e-05
1.875431333378231e-05
2.288536754865110e-05
2.791827224869007e-05
3.405130191880740e-05
4.152251240396403e-05
5.062061703323217e-05
6.169681782668369e-05
7.517477428893174e-05
9.157822229975107e-05
1.115321678425297e-04
1.358013091446198e-04
1.652996470808243e-04
2.011537510857783e-04
2.447264502460142e-04
2.976297878478679e-04
3.618799735834325e-04
4.399061709496057e-04
5.345878605960752e-04
6.493706120044333e-04
7.886528498786857e-04
9.573585266588105e-04
1.161939283773537e-03
1.409592762604635e-03
1.709629097530741e-03
2.072719992416510e-03
2.511772156093991e-03
3.042467048923934e-03
3.683898553415340e-03
4.458604534045358e-03
5.393172869096848e-03
6.520523211749884e-03
7.878664341460402e-03
9.514458719610187e-03
1.148126950429524e-02
1.384520831121571e-02
1.668229764723188e-02
2.008456182522595e-02
2.415457934187658e-02
2.901817774239982e-02
3.482357517240065e-02
4.173367896092271e-02
4.994443507283677e-02
5.967547345370183e-02
7.117630278263712e-02
8.472709357354508e-02
1.006296063162336e-01
1.192252158157958e-01
1.408577954406229e-01
1.658978681817689e-01
1.947058595270128e-01
2.276130947432565e-01
2.648812349738466e-01
3.067136685805119e-01
3.531246050673413e-01
4.039617295143240e-01
4.588222944975400e-01
5.169820872198722e-01
5.773849238540111e-01
6.386422097919473e-01
6.990781170341872e-01
7.568414431305618e-01
8.100919416944539e-01
8.572248013053873e-01
8.971053493424896e-01
9.292277038287000e-01
9.537638658420916e-01
9.714702703323422e-01
9.834874670951045e-01
9.911167746323784e-01
9.956186112683834e-01
9.980488061037153e-01
9.992169385947757e-01
9.997198224984073e-01
9.999118828377047e-01
9.999759847574378e-01
9.999944215399174e-01
9.999989143500049e-01
9.999998267199335e-01
9.999999778072111e-01
9.999999977830125e-01
9.999999998303629e-01
9.999999999907321e-01
9.999999999995832e-01
9.999999999999938e-01
9.999999999999983e-01
1.000000000000001e+00
9.999999999999994e-01
1.000000000000000e+00
1.000000000000000e+00
1.000000000000000e+00
1.000000000000000e+00
1.000000000000000e+00
1.000000000000000e+00
1.000000000000000e+00
1.000000000000000e+00
###2.600000000000000e+00
2.069351909334532e-10
3.242569297577930e-10
4.060548757088672e-10
5.048599297885162e-10
6.264011671539743e-10
7.762881364697090e-10
9.597487743140890e-10
1.184695580387047e-09
1.460729335815903e-09
1.799536014776155e-09
2.215370184372895e-09
2.725931428058738e-09
3.352595434859609e-09
4.121805329390556e-09
5.066055776728963e-09
6.224642139126771e-09
7.646307840282960e-09
9.390774588259846e-09
1.153104363279399e-08
1.415605370457953e-08
1.738075447791652e-08
2.132496131689229e-08
2.616607800042455e-08
3.210302436216714e-08
3.938012503784290e-08
4.829911736440137e-08
5.923157147092361e-08
7.262748364981269e-08
8.903954078070247e-08
1.091444499558479e-07
1.337712544984406e-07
1.639291954557052e-07
2.008645653431759e-07
2.460709111473819e-07
3.014174754026534e-07
3.691469838784316e-07
4.520300896837794e-07
5.534341165836732e-07
6.774869572129951e-07
8.291833834191488e-07
1.014683597099764e-06
1.241476857268720e-06
1.518699101870623e-06
1.857492469855479e-06
2.271520324252006e-06
2.777200653639595e-06
3.394792827775676e-06
4.149082787176971e-06
5.069835933936617e-06
6.193762694942285e-06
7.565267063792397e-06
9.238449280994483e-06
1.127944267689671e-05
1.376830322382319e-05
1.680260600488633e-05
2.050081855559996e-05
2.500801955446926e-05
3.049704000248143e-05
3.718321673858516e-05
4.532475336380323e-05
5.523478396518595e-05
6.729412219511996e-05
8.196124660233929e-05
9.980216549624708e-05
1.214965515401895e-04
1.478664762393707e-04
1.799007422098508e-04
2.188145951260822e-04
2.660776978474315e-04
3.234250170013899e-04
3.930263964695049e-04
4.774930108019905e-04
5.799177245282902e-04
7.039903702704572e-04
8.544162498404558e-04
1.036497775910423e-03
1.257064346030790e-03
1.523841354840961e-03
1.846732994591401e-03
2.237079557861729e-03
2.708570815196210e-03
3.277821022161894e-03
3.965031329455722e-03
4.793989675545563e-03
5.792663208229274e-03
6.995664009867985e-03
8.442801314762424e-03
1.018310273502187e-02
1.227214064130667e-02
1.477870325001292e-02
1.778154898943668e-02
2.137581368248112e-02
2.566690129046324e-02
3.078395231666004e-02
3.687856238668405e-02
4.411615191764728e-02
5.269526065552374e-02
6.283705051783894e-02
7.479138762457670e-02
8.883715500484858e-02
1.052724045928342e-01
1.244320479990846e-01
1.466492722556665e-01
1.722799480682025e-01
2.016647741095527e-01
2.351095909965303e-01
2.728449252947686e-01
3.150398733244741e-01
3.616674328987619e-01
4.125400977951548e-01
4.672234468690265e-01
5.249688984165466e-01
5.847187524430955e-01
6.451067763537278e-01
7.045070729681552e-01
7.611459093973438e-01
8.132764770557526e-01
8.593914576531659e-01
8.984329065088966e-01
9.299350828870939e-01
9.540678306637955e-01
9.715497128243443e-01
9.834675504799453e-01
9.910695433905595e-01
9.955745254299464e-01
9.980139236244229e-01
9.991957006814860e-01
9.997092367990813e-01
9.999074555811786e-01
9.999744329224775e-01
9.999939677043376e-01
9.999988050741220e-01
9.999998053726182e-01
9.999999745003466e-01
9.999999973841284e-01
9.999999997944569e-01
9.999999999882465e-01
9.999999999994806e-01
9.999999999999896e-01
9.999999999999986e-01
1.000000000000001e+00
9.999999999999997e-01
1.000000000000000e+00
1.000000000000000e+00
1.000000000000000e+00
1.000000000000000e+00
1.000000000000000e+00
1.000000000000000e+00
1.000000000000000e+00
1.000000000000000e+00
###2.800000000000000e+00
2.343009780773861e-10
3.571622778756341e-10
4.474587388482529e-10
5.564673509634882e-10
6.905580330110231e-10
8.558981716961687e-10
1.058228599949238e-09
1.306275740029619e-09
1.610612826604276e-09
1.984088819923750e-09
2.442401159695014e-09
3.005024582764999e-09
3.695473921201124e-09
4.542829978430934e-09
5.582856609558234e-09
6.858711832162716e-09
8.423996119112472e-09
1.034434739703018e-08
1.269998178974807e-08
1.558857211265063e-08
1.913663770584892e-08
2.347499394741171e-08
2.879922377092270e-08
3.532722407058003e-08
4.332737753241223e-08
5.313037065844686e-08
6.514396695795903e-08
7.986149275207046e-08
9.788891607369746e-08
1.199678078949203e-07
1.470066253337084e-07
1.801107693763617e-07
2.206448309701053e-07
2.702448751560866e-07
3.309550152632968e-07
4.052318666056819e-07
4.961040694413533e-07
6.072525492908255e-07
7.431908469896758e-07
9.093809131559297e-07
1.112554637967763e-06
1.360882737434089e-06
1.664343004623246e-06
2.035098799140481e-06
2.488036668157754e-06
3.041102941493648e-06
3.716356241131986e-06
4.540806521328685e-06
5.546892384156852e-06
6.774570547461776e-06
8.272229649483025e-06
1.009863767159082e-05
1.232577634690865e-05
1.504055930579895e-05
1.834912974143367e-05
2.238021351251878e-05
2.729100956971095e-05
3.326913207195138e-05
4.054809144405721e-05
4.940723946409838e-05
6.018656203596997e-05
7.329742390696982e-05
8.923563970825033e-05
1.086132651029353e-04
1.321636806755223e-04
1.607740432863272e-04
1.955106626890912e-04
2.376825316141538e-04
2.888717837411256e-04
3.509428889051352e-04
4.262273377665728e-04
5.175292839909320e-04
6.281599901980548e-04
7.620703667982557e-04
9.242860530836940e-04
1.120501408505194e-03
1.357946163889784e-03
1.644885944440062e-03
1.991848777551900e-03
2.410866554423016e-03
2.916439146209057e-03
3.526144118306073e-03
4.261324002164181e-03
5.147051146225024e-03
6.212707071107169e-03
7.494635066863980e-03
9.034479571735506e-03
1.088346982537600e-02
1.309941419480170e-02
1.575380330504937e-02
1.892814300958380e-02
2.272068089139289e-02
2.723962149769553e-02
3.261737717248146e-02
3.900885013838156e-02
4.658186553477646e-02
5.553741302743057e-02
6.609800261141009e-02
7.851363803752792e-02
9.306166424902565e-02
1.100361371703439e-01
1.297652723067308e-01
1.525713662788321e-01
1.787955009464652e-01
2.087587052085432e-01
2.427416419487486e-01
2.809443813763591e-01
3.235024817185487e-01
3.703496886076543e-01
4.212666564291939e-01
4.757825597370496e-01
5.331327898955069e-01
5.922563512046380e-01
6.518081912578655e-01
7.102091972832877e-01
7.657574596782322e-01
8.167927671684712e-01
8.618978265687295e-01
9.000868048548171e-01
9.309340512679706e-01
9.546124705286450e-01
9.718117520025484e-01
9.835744491188086e-01
9.911027325757750e-01
9.955767597346908e-01
9.980032293059291e-01
9.991856860190631e-01
9.997032327695577e-01
9.999046519565171e-01
9.999733725616293e-01
9.999936387293549e-01
9.999987218687709e-01
9.999997883829089e-01
9.999999717578674e-01
9.999999970396432e-01
9.999999997621314e-01
9.999999999859255e-01
9.999999999993798e-01
9.999999999999840e-01
9.999999999999990e-01
1.000000000000000e+00
9.999999999999999e-01
1.000000000000000e+00
1.000000000000000e+00
1.000000000000000e+00
1.000000000000000e+00
1.000000000000000e+00
1.000000000000000e+00
1.000000000000000e+00
1.000000000000000e+00
###3.000000000000000e+00
2.640424838811652e-10
3.931002165244724e-10
4.926700766631793e-10
6.128123001113616e-10
7.605964202955122e-10
9.427938180412897e-10
1.165706608025425e-09
1.438942909794857e-09
1.774137908743773e-09
2.185411518225046e-09
2.690010367791425e-09
3.309357768704072e-09
4.069289327605996e-09
5.001751631233199e-09
6.146061401400780e-09
7.549569046039734e-09
9.271150343089463e-09
1.138286521473643e-08
1.397275879933934e-08
1.714798417120338e-08
2.104760138171837e-08
2.581436704977722e-08
3.166350448565325e-08
3.883360746240848e-08
4.761890720479884e-08
5.838161478733814e-08
7.156860486355987e-08
8.772009431047412e-08
1.074996506287706e-07
1.317189999005956e-07
1.613724186811332e-07
1.976691837399548e-07
2.421021576555063e-07
2.964597111057790e-07
3.629770068733891e-07
4.443385511775526e-07
5.438530084881745e-07
6.655397224416695e-07
8.143257015762804e-07
9.961772535710771e-07
1.218440645558022e-06
1.490020470200609e-06
1.821800006387759e-06
2.227036959403487e-06
2.721940255023053e-06
3.326079970589494e-06
4.063469496692433e-06
4.963471164669970e-06
6.061412855023527e-06
7.400716732110379e-06
9.034030551083150e-06
1.102512840763915e-05
1.345226014585114e-05
1.640962087199122e-05
2.001251977578546e-05
2.440060176320013e-05
2.974401922917197e-05
3.624610463533724e-05
4.415970641797998e-05
5.378665221150697e-05
6.549511762649568e-05
7.972996035184389e-05
9.702549127755622e-05
1.180431904814344e-04
1.435723535732925e-04
1.745699003093646e-04
2.121836281686926e-04
2.578215285418289e-04
3.131840736798219e-04
3.802720469264714e-04
4.615868970680466e-04
5.601354529760380e-04
6.794574606191335e-04
8.237773368082715e-04
9.984567214593684e-04
1.209595412733418e-03
1.464845389388227e-03
1.773051215296563e-03
2.145326541321099e-03
2.594483755397512e-03
3.135839226809886e-03
3.787964733431252e-03
4.573378804803532e-03
5.518472917446605e-03
6.654078117052153e-03
8.018307929753884e-03
9.654676462828587e-03
1.161665088957802e-02
1.396430137147658e-02
1.677184600470110e-02
2.012354796994862e-02
2.412076538796810e-02
2.887447549157392e-02
3.452031897214855e-02
4.121643139592450e-02
4.913292981437173e-02
5.847310705032550e-02
6.946063331913427e-02
8.234542600482651e-02
9.740303675922832e-02
1.149232353000975e-01
1.352272980725337e-01
1.586264152117173e-01
1.854467295834678e-01
2.159896290395274e-01
2.505108607274816e-01
2.891806386952626e-01
3.321016831374641e-01
3.791702282350079e-01
4.301362159538214e-01
4.844938892378014e-01
5.414643058865348e-01
5.999835419937690e-01
6.587266460210683e-01
7.161585083161931e-01
7.706441330311110e-01
8.206039904548126e-01
8.647045051405016e-01
9.020281080625923e-01
9.321893892988898e-01
9.553686790607526e-01
9.722347777717617e-01
9.837936255005172e-01
9.912075103022989e-01
9.956205283759880e-01
9.980145441482424e-01
9.991860767653329e-01
9.997015701040517e-01
9.999034276455934e-01
9.999728055776745e-01
9.999934400208454e-01
9.999986671834351e-01
9.999997764547912e-01
9.999999697246919e-01
9.999999967714159e-01
9.999999997358046e-01
9.999999999839515e-01
9.999999999992909e-01
9.999999999999782e-01
9.999999999999996e-01
1.000000000000000e+00
1.000000000000000e+00
1.000000000000000e+00
1.000000000000000e+00
1.000000000000000e+00
1.000000000000000e+00
1.000000000000000e+00
1.000000000000000e+00
1.000000000000000e+00
1.000000000000000e+00
###3.200000000000001e+00
2.963503954321409e-10
4.323103194548400e-10
5.419901512096493e-10
6.742694654673801e-10
8.369808500634110e-10
1.037550076041685e-09
1.282890467750336e-09
1.583568263595921e-09
1.952376407833837e-09
2.404821753239391e-09
2.959807606216092e-09
3.640893546751280e-09
4.476439510358703e-09
5.501498000868238e-09
6.759242816540327e-09
8.301570518671649e-09
1.019308058748536e-08
1.251279714286263e-08
1.535725247669671e-08
1.884389475750638e-08
2.312531661091264e-08
2.835737000367923e-08
3.477617242508700e-08
4.264336450931823e-08
5.228018529465595e-08
6.408377924631482e-08
7.854303341024202e-08
9.624888251918993e-08
1.179270168606266e-07
1.444650538949986e-07
1.769498851715212e-07
2.167028910822570e-07
2.653553282276712e-07
3.248598039911228e-07
3.976575771724039e-07
4.866782434741644e-07
5.955325180130213e-07
7.286040583457035e-07
8.912650941743529e-07
1.090024030455527e-06
1.332885555794633e-06
1.629546223852336e-06
1.991860350628909e-06
2.434260355499166e-06
2.974376847792417e-06
3.633522430552730e-06
4.437783981287942e-06
5.419085917862372e-06
6.615811727295777e-06
8.075084174216166e-06
9.854109889225550e-06
1.202203166509435e-05
1.466385393388538e-05
1.788148892367105e-05
2.179989125819568e-05
2.657048750559129e-05
3.237720366403761e-05
3.944007261663267e-05
4.803250209466130e-05
5.848024431955026e-05
7.118123503201462e-05
8.661603309049426e-05
1.053596341699677e-04
1.281259509121848e-04
1.557630617556471e-04
1.893019253361271e-04
2.299761740555958e-04
2.792982464956186e-04
3.390930549068153e-04
4.115047446239429e-04
4.992133289935288e-04
6.054379900468045e-04
7.339584348039104e-04
8.892843390148731e-04
1.077130527412129e-03
1.304014004918628e-03
1.578033208366501e-03
1.908633226807424e-03
2.307528352947344e-03
2.788347275823840e-03
3.367248006646620e-03
4.063827759456215e-03
4.901816177947512e-03
5.908958931514056e-03
7.117571770338638e-03
8.567577678909918e-03
1.030439456484686e-02
1.238376357837455e-02
1.486804140831577e-02
1.783419779250493e-02
2.136926139570654e-02
2.557769794795805e-02
3.057322625372969e-02
3.649466915498119e-02
4.350331946745162e-02
5.177146854793854e-02
6.150456202144382e-02
7.292723781472162e-02
8.628909791416768e-02
1.018636399111658e-01
1.199360529240900e-01
1.408204205746249e-01
1.648165975879586e-01
1.922356229231651e-01
2.233592441523723e-01
2.584185114901880e-01
2.975543106945086e-01
3.408371707132772e-01
3.881273487115642e-01
4.391447459624250e-01
4.933511687915784e-01
5.499536817335350e-01
6.078860412550157e-01
6.658427937318693e-01
7.223300672220386e-01
7.757756457403824e-01
8.246755924698342e-01
8.677747377114267e-01
9.042205984871169e-01
9.336682453689670e-01
9.563092597698389e-01
9.727981836959284e-01
9.841109270812634e-01
9.913750087633791e-01
9.957008395890887e-01
9.980454415658273e-01
9.991958550504736e-01
9.997038900370464e-01
9.999036810523682e-01
9.999727111442193e-01
9.999933695676660e-01
9.999986415141465e-01
9.999997698908398e-01
9.999999684815311e-01
9.999999965935995e-01
9.999999997172203e-01
9.999999999824702e-01
9.999999999992224e-01
9.999999999999729e-01
1.000000000000000e+00
9.999999999999998e-01
1.000000000000000e+00
1.000000000000000e+00
1.000000000000000e+00
1.000000000000000e+00
1.000000000000000e+00
1.000000000000000e+00
1.000000000000000e+00
1.000000000000000e+00
1.000000000000000e+00
###3.400000000000001e+00
3.314290493456792e-10
4.750484066256050e-10
5.957406200405569e-10
7.412389076711248e-10
9.202074012205161e-10
1.140780591033174e-09
1.410536328182643e-09
1.741081819559214e-09
2.146467973514868e-09
2.643707524132469e-09
3.253501467192839e-09
4.001724539661519e-09
4.919480744416608e-09
6.045189343318190e-09
7.426207537171725e-09
9.119357124551641e-09
1.119544173504648e-08
1.374103043646306e-08
1.686184740273120e-08
2.068648494337596e-08
2.538219833473289e-08
3.111897438074850e-08
3.815556672246855e-08
4.677851059941022e-08
5.733827173168721e-08
7.026971349889547e-08
8.610711886527408e-08
1.054961867887504e-07
1.292296665563590e-07
1.582770647257006e-07
1.938251691297596e-07
2.373162433123838e-07
2.905306979528426e-07
3.555980777618237e-07
4.351815915764134e-07
5.324746710454378e-07
6.514130313624580e-07
7.967721870051639e-07
9.744049561952516e-07
1.191400706033092e-06
1.456463993205157e-06
1.780152836752544e-06
2.175359010317549e-06
2.657774779336037e-06
3.246555334528063e-06
3.964879685886265e-06
4.841051468974663e-06
5.909741585170669e-06
7.212599086498527e-06
8.800727512641329e-06
1.073613279829403e-05
1.309375716915220e-05
1.596577843630856e-05
1.946236360043746e-05
2.371877836140615e-05
2.889867208001274e-05
3.520105877840232e-05
4.286354179862879e-05
5.218160189187463e-05
6.350601382789443e-05
7.726638877447935e-05
9.398105552861562e-05
1.142682110902210e-04
1.388971193419087e-04
1.687780590968195e-04
2.050188674695969e-04
2.489472233014161e-04
3.021821241044211e-04
3.666804326328554e-04
4.447369547965513e-04
5.392191757642072e-04
6.535686664113538e-04
7.918186548676454e-04
9.587708911475239e-04
1.160515166974849e-03
1.404001047528849e-03
1.697790426583760e-03
2.051953386397057e-03
2.478827992599199e-03
2.992886597003040e-03
3.611157374474081e-03
4.354294700219151e-03
5.247274903001013e-03
6.319233247230601e-03
7.604005362443364e-03
9.143363140021645e-03
1.098468500535638e-02
1.318595241831539e-02
1.581190140394535e-02
1.894225364716975e-02
2.266680942165449e-02
2.709313720297681e-02
3.233766283577084e-02
3.854234205810858e-02
4.587154555763617e-02
5.449961619954623e-02
6.463399782020798e-02
7.650009820895957e-02
9.034696909901656e-02
1.064457868230124e-01
1.250768599717083e-01
1.465468141825629e-01
1.711439263566635e-01
1.991639511184573e-01
2.308689692788045e-01
2.664655120428333e-01
3.060655990454720e-01
3.497081635406423e-01
3.972188423491889e-01
4.482881763226032e-01
5.023477034980263e-01
5.585908942704132e-01
6.159498218584325e-01
6.731377371396371e-01
7.286999139243576e-01
7.811232697445536e-01
8.289751090274345e-01
8.710742101722146e-01
9.066305614064141e-01
9.353400074606742e-01
9.574086112741050e-01
9.734824539421781e-01
9.845127145378791e-01
9.915965169014253e-01
9.958126635573977e-01
9.980933619617233e-01
9.992138797648152e-01
9.997097517643961e-01
9.999052680699271e-01
9.999730506008975e-01
9.999934193036697e-01
9.999986437014172e-01
9.999997686245942e-01
9.999999680455030e-01
9.999999965119878e-01
9.999999997073097e-01
9.999999999815737e-01
9.999999999991802e-01
9.999999999999687e-01
1.000000000000001e+00
9.999999999999997e-01
1.000000000000000e+00
1.000000000000000e+00
1.000000000000000e+00
1.000000000000000e+00
1.000000000000000e+00
1.000000000000000e+00
1.000000000000000e+00
1.000000000000000e+00
1.000000000000000e+00
###3.600000000000001e+00
3.694990628169922e-10
5.215874595021036e-10
6.542647405109697e-10
8.141474721338358e-10
1.010805365052475e-09
1.253140015000542e-09
1.549451063820906e-09
1.912475476545627e-09
2.357629255101149e-09
2.903560008342484e-09
3.572916364074681e-09
4.394080706779423e-09
5.401136433634526e-09
6.636149185552674e-09
8.151009240692685e-09
1.000786957453638e-08
1.228425238859380e-08
1.507489332025771e-08
1.849546238697017e-08
2.268659446595749e-08
2.783144527987525e-08
3.411521720769494e-08
4.182117146048889e-08
5.126271228091116e-08
6.282189845069153e-08
7.697428689179063e-08
9.430316538446584e-08
1.155133117912581e-07
1.414697903543975e-07
1.732304001438605e-07
2.120895699448789e-07
2.596197877742986e-07
3.177620780144150e-07
3.888364157522408e-07
4.757448306682128e-07
5.819644962313044e-07
7.117805061093954e-07
8.703897149130232e-07
1.064160350603072e-06
1.300803262117232e-06
1.589782566794485e-06
1.942571477148864e-06
2.373176843495074e-06
2.898640764354001e-06
3.539749539028459e-06
4.321684779742792e-06
5.275116604732912e-06
6.437653886217987e-06
7.854434681864167e-06
9.580818474554594e-06
1.168392354918199e-05
1.424488521583902e-05
1.736351618163455e-05
2.115879085467531e-05
2.577695644858767e-05
3.139461357271453e-05
3.822687241105655e-05
4.652997349036107e-05
5.662260108990151e-05
6.888300136911244e-05
8.377295620705804e-05
1.018514919563882e-04
1.237827082649236e-04
1.503939801423963e-04
1.826614279676181e-04
2.217738455760096e-04
2.691578651737098e-04
3.265452607286257e-04
3.960312418520200e-04
4.800684968543130e-04
5.817214128712625e-04
7.046643510835849e-04
8.531963121924286e-04
1.032423186605503e-03
1.248827084781704e-03
1.509806498558195e-03
1.824407629941709e-03
2.203346197015014e-03
2.659611614139345e-03
3.208545029363887e-03
3.868074602356220e-03
4.659944080404961e-03
5.610412484868677e-03
6.750040382525575e-03
8.114218420889429e-03
9.746607050827683e-03
1.169658128276887e-02
1.402438871512483e-02
1.679717612678336e-02
2.009743667102757e-02
2.401774610385574e-02
2.866876860489598e-02
3.416959888381817e-02
4.066527291532428e-02
4.832315613971357e-02
5.731951455384622e-02
6.786363073422452e-02
8.018147848739811e-02
9.452131785600813e-02
1.111517294568583e-01
1.303478347490534e-01
1.524085242768240e-01
1.776102407783635e-01
2.062332581354109e-01
2.385199376248063e-01
2.746524310170506e-01
3.147142947714286e-01
3.587134137774394e-01
4.064420099715444e-01
4.575619455539773e-01
5.114763918420536e-01
5.673656773016047e-01
6.241607956708537e-01
6.805930034880945e-01
7.352450027191526e-01
7.866600720702804e-01
8.334720133257930e-01
8.745708693983553e-01
9.092266175280129e-01
9.371763838630069e-01
9.586430258835755e-01
9.742691909199722e-01
9.849860044412198e-01
9.918636151302648e-01
9.959510412291657e-01
9.981557046573557e-01
9.992389434924882e-01
9.997186637146925e-01
9.999080159691376e-01
9.999737726058866e-01
9.999935765812323e-01
9.999986712502906e-01
9.999997722808529e-01
9.999999683776263e-01
9.999999965245782e-01
9.999999997061831e-01
9.999999999812931e-01
9.999999999991670e-01
9.999999999999657e-01
1.000000000000001e+00
9.999999999999996e-01
1.000000000000000e+00
1.000000000000000e+00
1.000000000000000e+00
1.000000000000000e+00
1.000000000000000e+00
1.000000000000000e+00
1.000000000000000e+00
1.000000000000000e+00
1.000000000000000e+00
###3.800000000000001e+00
4.107880977143100e-10
5.722186893412527e-10
7.179286143367715e-10
8.934504217014800e-10
1.109339202414025e-09
1.375326593810596e-09
1.700494933171633e-09
2.098806501994344e-09
2.587157369062672e-09
3.185968182064895e-09
3.919995976781286e-09
4.820337140911893e-09
5.924306685171213e-09
7.277915844240137e-09
8.937962501301653e-09
1.097236525237991e-08
1.346591525739082e-08
1.652217961900928e-08
2.026758032354199e-08
2.485576745230859e-08
3.048708425586753e-08
3.736313506746448e-08
4.579367875383805e-08
5.612109606171238e-08
6.876156041595022e-08
8.423449677846813e-08
1.031760445346101e-07
1.263546582192533e-07
1.547133177880653e-07
1.894049229061421e-07
2.318397971797920e-07
2.837305864325733e-07
3.471911234348984e-07
4.247461206644521e-07
5.195543910970827e-07
6.353979667810682e-07
7.769372323131184e-07
9.498225510863887e-07
1.160972675797752e-06
1.418765499828945e-06
1.733481463521307e-06
2.117573482165860e-06
2.586242702345287e-06
3.157976200927609e-06
3.855308394938202e-06
4.705554141538045e-06
5.741921281587229e-06
7.005154321821920e-06
8.544115884153969e-06
1.041870678324851e-05
1.270152726095873e-05
1.548023367511674e-05
1.886282299221170e-05
2.297765086777614e-05
2.798262941766494e-05
3.406814228886210e-05
4.146636683954601e-05
5.045333086648018e-05
6.137228187171311e-05
7.463072158392898e-05
9.072459275620047e-05
1.102547338342107e-04
1.339359994080398e-04
1.626554418723966e-04
1.974591501577458e-04
2.396213572517131e-04
2.906709155408379e-04
3.524627822212664e-04
4.272341576257590e-04
5.176031340139027e-04
6.268418963865965e-04
7.588671151970374e-04
9.182568107204628e-04
1.110434215707666e-03
1.342290476025380e-03
1.621690044762773e-03
1.958185338072721e-03
2.363158176796277e-03
2.850277930254129e-03
3.435779910665130e-03
4.138522538989092e-03
4.981371621483419e-03
5.991905290697739e-03
7.202145383343820e-03
8.649072629596662e-03
1.037827567497368e-02
1.244115721254405e-02
1.490026970951592e-02
1.782518732519625e-02
2.130119721972476e-02
2.542365231960807e-02
3.030630299885927e-02
3.607087080205259e-02
4.286541551896077e-02
5.086021003514789e-02
6.023330912247132e-02
7.119566913283913e-02
8.397361942912515e-02
9.881437963579155e-02
1.159836523157688e-01
1.357510574529846e-01
1.584074629721028e-01
1.842176104708602e-01
2.134448609162649e-01
2.463129941913195e-01
2.829794875513307e-01
3.234997810245002e-01
3.678512145934283e-01
4.157936726984547e-01
4.669610185803451e-01
5.207297425141825e-01
5.762675329315833e-01
6.325048803273311e-01
6.881905157376537e-01
7.419431372285650e-01
7.923597382222801e-01
8.381375674398976e-01
8.782347592524514e-01
9.119795672035030e-01
9.391506834683342e-01
9.599902765773247e-01
9.751411956298037e-01
9.855185386855836e-01
9.921682841931755e-01
9.961111905703359e-01
9.982299097278848e-01
9.992698241428870e-01
9.997301113326145e-01
9.999117358281507e-01
9.999748177077247e-01
9.999938256525943e-01
9.999987207125001e-01
9.999997802521828e-01
9.999999693945473e-01
9.999999966228452e-01
9.999999997132326e-01
9.999999999816018e-01
9.999999999991824e-01
9.999999999999641e-01
1.000000000000002e+00
9.999999999999994e-01
1.000000000000000e+00
1.000000000000000e+00
1.000000000000000e+00
1.000000000000000e+00
1.000000000000000e+00
1.000000000000000e+00
1.000000000000000e+00
1.000000000000000e+00
1.000000000000000e+00
###4.000000000000001e+00
4.555429583107057e-10
6.272525088327543e-10
7.871225267668883e-10
9.796329929422712e-10
1.216410573193439e-09
1.508084460109157e-09
1.864584640270407e-09
2.301201403981961e-09
2.836434108432508e-09
3.492624425466841e-09
4.296810056649291e-09
5.283023228025456e-09
6.492078339683789e-09
7.974254496860119e-09
9.791657545606295e-09
1.201843602424922e-08
1.474723867671170e-08
1.809117465988197e-08
2.218827893779196e-08
2.720625697611775e-08
3.336401322899377e-08
4.088081871816761e-08
5.009505467861052e-08
6.138032741458845e-08
7.518961061035074e-08
9.208958485877904e-08
1.127733323709172e-07
1.380778873647854e-07
1.690301051698154e-07
2.068852282731819e-07
2.531782570706017e-07
3.097725516996773e-07
3.789677076020045e-07
4.635084120633156e-07
5.668328070352811e-07
6.930396297204002e-07
8.472025905518170e-07
1.035454969567907e-06
1.265311161426633e-06
1.545847990681581e-06
1.888236155389449e-06
2.305972366273922e-06
2.815535818808148e-06
3.436959196764159e-06
4.194657244255326e-06
5.118189835036024e-06
6.243509268766819e-06
7.614695643801747e-06
9.284584229575558e-06
1.131791786455474e-05
1.379314268692251e-05
1.680488037472914e-05
2.046974047072767e-05
2.492616162625723e-05
3.034441410403559e-05
3.692955246908938e-05
4.493181092984454e-05
5.464822146825684e-05
6.644803460437283e-05
8.076973862496933e-05
9.814551977170987e-05
1.192202766827504e-04
1.447624142009866e-04
1.757221073025425e-04
2.132182453123913e-04
2.586179644731921e-04
3.135546220737225e-04
3.800168323019755e-04
4.603821075993335e-04
5.574490791326195e-04
6.747078263175509e-04
8.163244769694828e-04
9.871721347128706e-04
1.193004038820916e-03
1.441137568160926e-03
1.739920739276767e-03
2.099434332389110e-03
2.531747607871051e-03
3.051238559239274e-03
3.675062949212644e-03
4.423039956505334e-03
5.319190587412434e-03
6.392448889186053e-03
7.676334157338260e-03
9.209452150142029e-03
1.103935925774729e-02
1.321951661577976e-02
1.581481895054058e-02
1.889728364890226e-02
2.255501254921653e-02
2.688613506457256e-02
3.200747552387367e-02
3.804333617217334e-02
4.514474007236782e-02
5.348477560737896e-02
6.324314557974971e-02
7.463230905953086e-02
8.787873328757634e-02
1.032283407665688e-01
1.209436651253492e-01
1.412885020170348e-01
1.645453987206493e-01
1.909671126259475e-01
2.207998379317854e-01
2.542486890038654e-01
2.914465474692708e-01
3.324210333476044e-01
3.771194058065313e-01
4.252701818588110e-01
4.764799024240180e-01
5.300998912829576e-01
5.852857428067373e-01
6.409680220620364e-01
6.959125620926601e-01
7.487721458554993e-01
7.981974891520264e-01
8.429446778030931e-01
8.820378594761952e-01
9.148622701228518e-01
9.412382665198533e-01
9.614296797854079e-01
9.760821245991140e-01
9.860648327368066e-01
9.925022225062851e-01
9.962882501288793e-01
9.983133444834671e-01
9.993052529961999e-01
9.997435510093166e-01
9.999162237376086e-01
9.999761199563534e-01
9.999941482969665e-01
9.999987879215974e-01
9.999997917493172e-01
9.999999709801284e-01
9.999999967925555e-01
9.999999997274531e-01
9.999999999823601e-01
9.999999999992443e-01
9.999999999999571e-01
1.000000000000004e+00
9.999999999999987e-01
1.000000000000000e+00
9.999999999999999e-01
1.000000000000000e+00
1.000000000000000e+00
1.000000000000000e+00
1.000000000000000e+00
1.000000000000000e+00
1.000000000000000e+00
1.000000000000000e+00
###4.200000000000001e+00
5.040264847659412e-10
6.870196324918110e-10
8.622623055885508e-10
1.073211834086357e-09
1.332660404296490e-09
1.652206112759936e-09
2.042696490804939e-09
2.520859754871986e-09
3.106930617438098e-09
3.825330220663236e-09
4.705561339585173e-09
5.784829131298582e-09
7.107735117531762e-09
8.729169720398730e-09
1.071697504849119e-08
1.315202613103260e-08
1.613545803062109e-08
1.979068125934543e-08
2.426826347211913e-08
2.975107434116363e-08
3.647804740177571e-08
4.468746749428863e-08
5.474861405026184e-08
6.706868918064758e-08
8.214035394292375e-08
1.005811519548351e-07
1.231454440675133e-07
1.507440820281099e-07
1.844941280278750e-07
2.257608726787659e-07
2.762133262157157e-07
3.378767801303687e-07
4.132503480730526e-07
5.053148841177989e-07
6.178088101336147e-07
7.551689741216748e-07
9.229138783076816e-07
1.127693885315077e-06
1.377661295712713e-06
1.682642047601943e-06
2.054758879025828e-06
2.508625585895587e-06
3.062087908810112e-06
3.736830461379675e-06
4.559276302670932e-06
5.561382880195623e-06
6.782030324988956e-06
8.268856636812756e-06
1.007893103488620e-05
1.228215485784195e-05
1.496319731426198e-05
1.822409215690687e-05
2.219060620062559e-05
2.701189154958550e-05
3.287134199169489e-05
3.998967462553819e-05
4.863610990401360e-05
5.913000543228114e-05
7.186803209679130e-05
8.732159229211042e-05
1.060612332406870e-04
1.287783910994515e-04
1.562977799602589e-04
1.896365995233578e-04
2.299895405204391e-04
2.788234216658648e-04
3.378785674474561e-04
4.092826237939664e-04
4.955696063904172e-04
5.997195137605344e-04
7.254492214154052e-04
8.771894890459341e-04
1.060120598794318e-03
1.280339929347795e-03
1.545608783547880e-03
1.864776904581017e-03
2.248475853106819e-03
2.709484502653937e-03
3.262918242742950e-03
3.926880444460880e-03
4.722181767070714e-03
5.674031985720971e-03
6.812758224680793e-03
8.173413602924210e-03
9.796263685238001e-03
1.173087200127930e-02
1.403278843468795e-02
1.676928597803743e-02
2.001484010112314e-02
2.386038598762963e-02
2.840682626975990e-02
3.377404399440614e-02
4.008887159183783e-02
4.750523039450624e-02
5.619892720666270e-02
6.635116531572781e-02
7.817572875394693e-02
9.189899709139471e-02
1.077653304505988e-01
1.260337931753407e-01
1.469620244732933e-01
1.708239388172478e-01
1.978599370409255e-01
2.282990070340902e-01
2.623272634695993e-01
3.000531137059832e-01
3.414766154129510e-01
3.865153758121396e-01
4.348674263955955e-01
4.861126605041275e-01
5.395786191305851e-01
5.944093839814795e-01
6.495362038868104e-01
7.037417946616547e-01
7.557121740154826e-01
8.041498099624003e-01
8.478678275491550e-01
8.859540086316313e-01
9.178496363310601e-01
9.434164573848888e-01
9.629423681582846e-01
9.770774294735268e-01
9.866919366348587e-01
9.928588491039571e-01
9.964783443857617e-01
9.984038512233938e-01
9.993441788443412e-01
9.997585167297586e-01
9.999213021649495e-01
9.999776192456508e-01
9.999945276609618e-01
9.999988687592922e-01
9.999998059907852e-01
9.999999730027562e-01
9.999999970200816e-01
9.999999997467361e-01
9.999999999836803e-01
9.999999999992784e-01
9.999999999999665e-01
1.000000000000002e+00
9.999999999999993e-01
1.000000000000000e+00
1.000000000000000e+00
1.000000000000000e+00
1.000000000000000e+00
1.000000000000000e+00
1.000000000000000e+00
1.000000000000000e+00
1.000000000000000e+00
1.000000000000000e+00
###4.400000000000001e+00
5.565184569937608e-10
7.518722473294974e-10
9.437907338486394e-10
1.174738143709830e-09
1.458771094045208e-09
1.808535274782571e-09
2.235869709357966e-09
2.759058218099200e-09
3.400212310404279e-09
4.186002139139707e-09
5.148592812402026e-09
6.328615867944145e-09
7.774768284059314e-09
9.546918126412431e-09
1.171910172382889e-08
1.437945106928585e-08
1.763825856224835e-08
2.163004703810921e-08
2.651889820680683e-08
3.250402864551697e-08
3.984596722392030e-08
4.880344643214997e-08
5.977906287265941e-08
7.321616374216167e-08
8.965014586930243e-08
1.097532584915573e-07
1.343457749851974e-07
1.644179152143522e-07
2.011836852478048e-07
2.461266141615601e-07
3.010596349970657e-07
3.681818828533927e-07
4.502065945128982e-07
5.503679628251326e-07
6.727261921789291e-07
8.220810770024634e-07
1.004427107582105e-06
1.226968631735609e-06
1.498540592661350e-06
1.829771083700345e-06
2.233800276687864e-06
2.726436487174021e-06
3.326985475670981e-06
4.058896033271791e-06
4.950734610537412e-06
6.037017041022214e-06
7.359744606983814e-06
8.970347374434846e-06
1.093040356094455e-05
1.331530588316406e-05
1.621632121026963e-05
1.974343094512045e-05
2.403206505389760e-05
2.924277239061182e-05
3.557287313171288e-05
4.325969282244243e-05
5.259257281715454e-05
6.391450383050508e-05
7.765136287592854e-05
9.430878978303994e-05
1.144984161061688e-04
1.389610006703539e-04
1.685788739100467e-04
2.044423322947945e-04
2.478253114803002e-04
3.002983501420643e-04
3.637157146308902e-04
4.403472461237952e-04
5.328960657151681e-04
6.445293333610585e-04
7.792017700620653e-04
9.416165793330277e-04
1.137286956366680e-03
1.372656524752671e-03
1.655952912387749e-03
1.996546330088921e-03
2.405643025885380e-03
2.896750837037297e-03
3.485755081680666e-03
4.191733527490537e-03
5.036519260434929e-03
6.046544792704759e-03
7.253567818560871e-03
8.694211770452256e-03
1.041043658064782e-02
1.245385208088034e-02
1.488212663794956e-02
1.776494607251872e-02
2.117925759392092e-02
2.521884624376117e-02
2.998738180403002e-02
3.560778753392255e-02
4.220937089114107e-02
4.994888159782895e-02
5.900474226920459e-02
6.955950190484939e-02
8.182808446711450e-02
9.603654790290037e-02
1.124274154997710e-01
1.312559719918958e-01
1.527733581234023e-01
1.772445292555186e-01
2.048971553281799e-01
2.359429315709365e-01
2.705486519841306e-01
3.087983299680322e-01
3.506646853599427e-01
3.960360725623434e-01
4.445808479957327e-01
4.958529329837427e-01
5.491573585160712e-01
6.036273491054620e-01
6.581954585065038e-01
7.116612340168421e-01
7.627434435120067e-01
8.101943275797096e-01
8.528829879948407e-01
8.899587770729640e-01
9.209180551012720e-01
9.456642913955191e-01
9.645106158142720e-01
9.781137992984914e-01
9.873436634569818e-01
9.932327741982649e-01
9.966777487468751e-01
9.984994062065482e-01
9.993855536784987e-01
9.997745510736402e-01
9.999267900052839e-01
9.999792553560574e-01
9.999949460825749e-01
9.999989590613996e-01
9.999998221139900e-01
9.999999753335393e-01
9.999999972861433e-01
9.999999997701230e-01
9.999999999852142e-01
9.999999999993510e-01
9.999999999999691e-01
1.000000000000002e+00
9.999999999999993e-01
1.000000000000000e+00
1.000000000000000e+00
1.000000000000000e+00
1.000000000000000e+00
1.000000000000000e+00
1.000000000000000e+00
1.000000000000000e+00
1.000000000000000e+00
1.000000000000000e+00
###4.600000000000001e+00
6.133166822222852e-10
8.221851725972824e-10
1.032179107113406e-09
1.284797602047911e-09
1.595468819630063e-09
1.977969727958651e-09
2.445209940818721e-09
3.017154857850423e-09
3.717944119285946e-09
4.576678130818578e-09
5.628395443140045e-09
6.917424159706229e-09
8.496887998831608e-09
1.043202216644995e-08
1.280354691929582e-08
1.570741717117489e-08
1.926379950445941e-08
2.361919357562565e-08
2.895224211048582e-08
3.547976901472307e-08
4.348556894734535e-08
5.325034728579519e-08
6.521259363440331e-08
7.985452106639578e-08
9.775749791913185e-08
1.196525683511683e-07
1.464308527074882e-07
1.791678323775656e-07
2.191816169236489e-07
2.680826736905821e-07
3.278383829895040e-07
4.008343691860525e-07
4.900134837265213e-07
5.988814594629191e-07
7.318430893989471e-07
8.940873895048666e-07
1.092117919289952e-06
1.333732035438414e-06
1.628494683018303e-06
1.987892135088435e-06
2.426151162481101e-06
2.960356402976689e-06
3.611372284898273e-06
4.404530228927902e-06
5.370682547716255e-06
6.547068280900140e-06
7.979027444209795e-06
9.722014820038849e-06
1.184241159477164e-05
1.442145179978039e-05
1.755741250367696e-05
2.136872901894486e-05
2.600108166697170e-05
3.162711360196964e-05
3.845891281234530e-05
4.675140402672196e-05
5.681523680679645e-05
6.901840262989895e-05
8.381766508920504e-05
1.017548366577163e-04
1.234849213420956e-04
1.498007712052827e-04
1.816451825159432e-04
2.201850398601835e-04
2.667804494106484e-04
3.231064527917784e-04
3.911400321366461e-04
4.733008538133556e-04
5.724648057304627e-04
6.919994014574929e-04
8.361065988856308e-04
1.009774086320145e-03
1.218862614086988e-03
1.470176041904790e-03
1.772427339255932e-03
2.135526507394354e-03
2.571277585483095e-03
3.093940804035951e-03
3.720200797332473e-03
4.470138422593815e-03
5.366640357039420e-03
6.437396189079866e-03
7.715631971624380e-03
9.239578016871194e-03
1.105292290689281e-02
1.320936162920580e-02
1.576871007356885e-02
1.880309993376903e-02
2.239196240717897e-02
2.663194658829145e-02
3.162948031321382e-02
3.751050499852429e-02
4.440674303767910e-02
5.247769743267726e-02
6.190429799898666e-02
7.287027703857750e-02
8.559150559570848e-02
1.002934771049078e-01
1.172165938246092e-01
1.366120401180831e-01
1.587241058354246e-01
1.838084470357659e-01
2.120796247814360e-01
2.437319141998184e-01
2.789124773723392e-01
3.176809790927632e-01
3.599829979957950e-01
4.056780108026812e-01
4.544054529497250e-01
5.056939539334417e-01
5.588272318095749e-01
6.129283629049426e-01
6.669318763551196e-01
7.196543679911140e-01
7.698467138626643e-01
8.163097356680344e-01
8.579675346996944e-01
8.940293730465276e-01
9.240458730342597e-01
9.479624426464521e-01
9.661183292778553e-01
9.791786807266478e-01
9.880118997989847e-01
9.936177786831760e-01
9.968828833809212e-01
9.985980292414023e-01
9.994284080232870e-01
9.997912243133903e-01
9.999325207262943e-01
9.999809720578542e-01
9.999953873951118e-01
9.999990548707653e-01
9.999998393308791e-01
9.999999778418528e-01
9.999999975747188e-01
9.999999997958069e-01
9.999999999868983e-01
9.999999999994378e-01
9.999999999999706e-01
1.000000000000002e+00
9.999999999999992e-01
1.000000000000000e+00
1.000000000000000e+00
1.000000000000000e+00
1.000000000000000e+00
1.000000000000000e+00
1.000000000000000e+00
1.000000000000000e+00
1.000000000000000e+00
1.000000000000000e+00
###4.800000000000002e+00
6.747298087812619e-10
8.983571484781788e-10
1.127928773564673e-09
1.404013182474033e-09
1.743525989786525e-09
2.161464289468592e-09
2.671892937485079e-09
3.296593613973345e-09
4.061895998506681e-09
4.999524440356167e-09
6.147616324700709e-09
7.554486034152685e-09
9.278035277776062e-09
1.138928458708237e-08
1.397616009614884e-08
1.714304309482821e-08
2.102073954003071e-08
2.576864709545524e-08
3.158108605820958e-08
3.869382911444808e-08
4.741571816929885e-08
5.805105298319458e-08
7.107695912355522e-08
8.701741157845229e-08
1.065031891500741e-07
1.303284804856405e-07
1.594604970628062e-07
1.950662430158270e-07
2.385755328176838e-07
2.917350097990538e-07
3.566776833684588e-07
4.359890346039302e-07
5.328580089818603e-07
6.510811120607807e-07
7.954319603605955e-07
9.715165294257692e-07
1.186382521125349e-06
1.448461539852528e-06
1.768098649105766e-06
2.157697446317725e-06
2.632644449673785e-06
3.211386885318649e-06
3.916452010631988e-06
4.775178778043255e-06
5.820857611873351e-06
7.093622118021039e-06
8.642374549105689e-06
1.052684897542997e-05
1.281853472453934e-05
1.560487495164026e-05
1.899159471983372e-05
2.310610114111875e-05
2.810495442340220e-05
3.417361857675034e-05
4.153983110054966e-05
5.047715272720664e-05
6.131878330962165e-05
7.445914427726917e-05
9.038764145080308e-05
1.096842792152138e-04
1.330498195655718e-04
1.613320251828377e-04
1.955378695051804e-04
2.369135729433986e-04
2.869108547821448e-04
3.473142142958407e-04
4.202296355723525e-04
5.082339068175132e-04
6.143831706895836e-04
7.422552049827949e-04
8.963101757056791e-04
1.081836788107570e-03
1.305045941614382e-03
1.573128531327470e-03
1.895298301205793e-03
2.282024879881056e-03
2.745733296638616e-03
3.301461066566876e-03
3.966721000692677e-03
4.762626715410619e-03
5.713149867101420e-03
6.847271797492309e-03
8.199724965891374e-03
9.810383153797281e-03
1.172469752965617e-02
1.399848670150307e-02
1.669374229487449e-02
1.988507332475006e-02
2.365440560041802e-02
2.810126397944946e-02
3.333482199036626e-02
3.948401332159589e-02
4.668290997843256e-02
5.509368753132131e-02
6.489966794496825e-02
7.628559635822429e-02
8.946808971698789e-02
1.046718246120682e-01
1.221347878717194e-01
1.421037318720313e-01
1.648157323465943e-01
1.905167923397370e-01
2.194079811943135e-01
2.516659905657418e-01
2.874180466936146e-01
3.266994818960819e-01
3.694289076532248e-01
4.154372800700242e-01
4.643358250459141e-01
5.156285696998626e-01
5.685790640339369e-01
6.223010019875531e-01
6.757316188498512e-01
7.277048032798472e-01
7.770034356398191e-01
8.224757530588572e-01
8.631001845658403e-01
8.981445685161537e-01
9.272130883437703e-01
9.502931845907460e-01
9.677508307378684e-01
9.802607094084193e-01
9.886891627188205e-01
9.940083684870334e-01
9.970905744108227e-01
9.986979635835174e-01
9.994718776406677e-01
9.998081549992356e-01
9.999383463499839e-01
9.999827193614915e-01
9.999958371746680e-01
9.999991526617384e-01
9.999998569336118e-01
9.999999804114184e-01
9.999999978710695e-01
9.999999998222516e-01
9.999999999886403e-01
9.999999999995273e-01
9.999999999999722e-01
1.000000000000003e+00
9.999999999999991e-01
1.000000000000000e+00
1.000000000000000e+00
1.000000000000000e+00
1.000000000000000e+00
1.000000000000000e+00
1.000000000000000e+00
1.000000000000000e+00
1.000000000000000e+00
1.000000000000000e+00
###5.000000000000002e+00
7.411002376875726e-10
9.808121861789668e-10
1.231572831531584e-09
1.533047822848914e-09
1.903763802584951e-09
2.360034120745535e-09
2.917168405589650e-09
3.598909040212024e-09
4.433945482399554e-09
5.456842378988493e-09
6.709067108398788e-09
8.243232959014350e-09
1.012239435232284e-08
1.242380340797778e-08
1.524314891756039e-08
1.869388202488995e-08
2.291826305591632e-08
2.808957007755633e-08
3.441898949105282e-08
4.216267289610981e-08
5.165640462477597e-08
6.322980351134491e-08
7.740154984601866e-08
9.474046121597615e-08
1.159303800547930e-07
1.418332631524155e-07
1.734979833997980e-07
2.121897159638019e-07
2.594580464836957e-07
3.171955971233297e-07
3.877128508637541e-07
4.738093560728580e-07
5.789375602731559e-07
7.072049823205252e-07
8.637802564716644e-07
1.054715079657032e-06
1.287638621118902e-06
1.571660335568761e-06
1.917958375788649e-06
2.339919851762413e-06
2.854156995323479e-06
3.480581937131882e-06
4.243490877688593e-06
5.172361981053545e-06
6.303092187252101e-06
7.678866875593833e-06
9.352407083617705e-06
1.138798877581412e-05
1.386252919773812e-05
1.687006704895890e-05
2.052423491137294e-05
2.496195525699036e-05
3.035132811301095e-05
3.689139960637244e-05
4.482647998677515e-05
5.444985086174533e-05
6.611856094379271e-05
8.025495476304604e-05
9.738291359308894e-05
1.181227399268474e-04
1.432234400297140e-04
1.735906238695825e-04
2.102989079085781e-04
2.546782658769553e-04
3.082751985158311e-04
3.729907854128779e-04
4.510657135911577e-04
5.452396601226712e-04
6.587625833928001e-04
7.954269400438092e-04
9.599643713192250e-04
1.157978438930895e-03
1.396037392514014e-03
1.681753786075767e-03
2.024848266141179e-03
2.436357951098204e-03
2.929375584423920e-03
3.519731005934871e-03
4.225795426760090e-03
5.069745582003278e-03
6.076669704063645e-03
7.276875870107689e-03
8.706641211751166e-03
1.040751953416328e-02
1.242675811406106e-02
1.482233716508213e-02
1.765845130481367e-02
2.101221662115524e-02
2.496806232312309e-02
2.962839807150131e-02
3.510512722049830e-02
4.153014571948057e-02
4.903980432946531e-02
5.779886449900808e-02
6.799291841361586e-02
7.980754512427291e-02
9.345989746590093e-02
1.091735729529319e-01
1.271838379499516e-01
1.477326700448524e-01
1.710495566257716e-01
1.973704807876962e-01
2.268826318113871e-01
2.597449232538850e-01
2.960643473856599e-01
3.358518964363328e-01
3.789993715177522e-01
4.253095531271257e-01
4.743661388976343e-01
5.256492575900550e-01
5.784034039015107e-01
6.317337153428317e-01
6.845809323034419e-01
7.357965993985942e-01
7.841957322978917e-01
8.286730892461859e-01
8.682609395266370e-01
9.022846280955853e-01
9.304012759034692e-01
9.526403214659994e-01
9.693948066956124e-01
9.813496655299692e-01
9.893686558046296e-01
9.943998527232074e-01
9.972980187384857e-01
9.987976818453798e-01
9.995152130446564e-01
9.998250134467496e-01
9.999441396018678e-01
9.999844544119227e-01
9.999962830947239e-01
9.999992494393364e-01
9.999998743220146e-01
9.999999829444772e-01
9.999999981627190e-01
9.999999998482025e-01
9.999999999903533e-01
9.999999999996132e-01
9.999999999999744e-01
1.000000000000003e+00
9.999999999999991e-01
1.000000000000000e+00
1.000000000000000e+00
1.000000000000000e+00
1.000000000000000e+00
1.000000000000000e+00
1.000000000000000e+00
1.000000000000000e+00
1.000000000000000e+00
1.000000000000000e+00
###5.200000000000002e+00
8.127871199989260e-10
1.070000912575554e-09
1.343677854247453e-09
1.672605752931118e-09
2.077054899080202e-09
2.574757633645115e-09
3.182364007435549e-09
3.925731129804673e-09
4.836079999936974e-09
5.951075539524518e-09
7.315732757753420e-09
8.987307164071635e-09
1.103440552753341e-08
1.354098746489421e-08
1.661109797000281e-08
2.036794365131298e-08
2.496610747397681e-08
3.059379417089512e-08
3.748032160349451e-08
4.590374220174098e-08
5.622879993401944e-08
6.881226466907502e-08
8.421747636309736e-08
1.030613701375106e-07
1.260847308050398e-07
1.542221954627117e-07
1.886102119007432e-07
2.306191817687092e-07
2.819270168854392e-07
3.445827149330021e-07
4.210867872100164e-07
5.144679044665115e-07
6.284604338286397e-07
7.675045538427718e-07
9.371911132430195e-07
1.144048409237948e-06
1.396326416361302e-06
1.703858514407297e-06
2.078711915523974e-06
2.535323876047049e-06
3.091611524117831e-06
3.769050257834770e-06
4.593820302403693e-06
5.597677702206343e-06
6.819292853335159e-06
8.305099827606077e-06
1.011187672219880e-05
1.230872803710986e-05
1.497833497231221e-05
1.822173743283972e-05
2.216095769953134e-05
2.694300380843075e-05
3.274820712449593e-05
3.978999316941756e-05
4.833021117774523e-05
5.868299826525031e-05
7.123060932967342e-05
8.642487093000327e-05
1.048260532922182e-04
1.270969528166645e-04
1.540374101925250e-04
1.866139398571889e-04
2.259723158139131e-04
2.735305414024437e-04
3.309346643664974e-04
4.002080729433655e-04
4.837326503359099e-04
5.844223175468659e-04
7.057187025148032e-04
8.516496401731195e-04
1.027226561439933e-03
1.238381389966603e-03
1.492054806747255e-03
1.796296381306859e-03
2.161355590795883e-03
2.598849275279265e-03
3.122581377915982e-03
3.749182884217400e-03
4.497918105669943e-03
5.392057963573827e-03
6.457839047439139e-03
7.726931426699557e-03
9.237195343587665e-03
1.103190108553405e-02
1.316012506953111e-02
1.568204652513903e-02
1.866408922749636e-02
2.218590428072013e-02
2.633443103514643e-02
3.121497012230732e-02
3.694213511406240e-02
4.365074977446344e-02
5.147936693300739e-02
6.059524086354217e-02
7.118610473266619e-02
8.343818374682475e-02
9.756894729051255e-02
1.138006412519403e-01
1.323654954957740e-01
1.535003585941363e-01
1.774267442153552e-01
2.043702358635388e-01
2.345037485319006e-01
2.679681961507800e-01
3.048500439383592e-01
3.451359179422287e-01
3.886909537601176e-01
4.352900953288866e-01
4.844901746683434e-01
5.357481458960992e-01
5.882905468055947e-01
6.412148477202104e-01
6.934661631308003e-01
7.439142060104638e-01
7.914063958475768e-01
8.348834201608577e-01
8.734310413031511e-01
9.064312482835309e-01
9.335935201820822e-01
9.549891239255404e-01
9.710382552543199e-01
9.824364779506534e-01
9.900442950508413e-01
9.947880805554786e-01
9.975028126383935e-01
9.988958800183210e-01
9.995577759733211e-01
9.998415225252687e-01
9.999497943541716e-01
9.999861418448378e-01
9.999967150780206e-01
9.999993427835718e-01
9.999998910162060e-01
9.999999853639326e-01
9.999999984398948e-01
9.999999998727042e-01
9.999999999919675e-01
9.999999999996920e-01
9.999999999999767e-01
1.000000000000003e+00
9.999999999999991e-01
1.000000000000000e+00
1.000000000000000e+00
1.000000000000000e+00
1.000000000000000e+00
1.000000000000000e+00
1.000000000000000e+00
1.000000000000000e+00
1.000000000000000e+00
1.000000000000000e+00
###5.400000000000002e+00
8.901703658080898e-10
1.166402034660016e-09
1.464845705651609e-09
1.823435037524426e-09
2.264326140880664e-09
2.806780240633615e-09
3.468889590823268e-09
4.278790520892794e-09
5.270428880381838e-09
6.484817510561744e-09
7.970780853654867e-09
9.790572921511668e-09
1.201877889151002e-08
1.474657283351378e-08
1.808698880829644e-08
2.217371829563806e-08
2.717459200294011e-08
3.329385478438331e-08
4.078030234125667e-08
4.993550661193860e-08
6.115531725054154e-08
7.482530234824694e-08
9.155765478609858e-08
1.120200163674885e-07
1.370145256842984e-07
1.675537165979078e-07
2.048678863191630e-07
2.504401465971555e-07
3.060858041026528e-07
3.740212526738913e-07
4.569503328004979e-07
5.581467791862245e-07
6.816464008387262e-07
8.322449027866351e-07
1.015984086066998e-06
1.239901544553790e-06
1.512909615970798e-06
1.845614294554225e-06
2.251030911392704e-06
2.744716392006179e-06
3.345978626902445e-06
4.077957655316913e-06
4.968839744049497e-06
6.052804930083433e-06
7.371472635488803e-06
8.974732757629882e-06
1.092367120628393e-05
1.329252207442202e-05
1.617008328382221e-05
1.966478635290503e-05
2.390765570264063e-05
2.905627613770212e-05
3.530396999801202e-05
4.287937692363178e-05
5.206289607937192e-05
6.319070611652705e-05
7.667168622767031e-05
9.298877209362826e-05
1.127406192958399e-04
1.366348064499394e-04
1.655247058960422e-04
2.004409179217929e-04
2.426040262546145e-04
2.935245090406245e-04
3.549529021796536e-04
4.290408434296230e-04
5.183181471085839e-04
6.258800288336969e-04
7.553715850483450e-04
9.110633625606303e-04
1.098259864480592e-03
1.323235285920519e-03
1.593322306494081e-03
1.917010556023054e-03
2.305112746198836e-03
2.769843004743373e-03
3.325739488936072e-03
3.990262143657487e-03
4.783597660751484e-03
5.730142845114526e-03
6.857314600011189e-03
8.198180476849080e-03
9.792222391501165e-03
1.168446341118848e-02
1.392584155534836e-02
1.657877180267966e-02
1.971193202459178e-02
2.340753435100770e-02
2.775503275670367e-02
3.286262193693233e-02
3.884760206603603e-02
4.584768556098522e-02
5.400354447813814e-02
6.348482627103762e-02
7.448130060388845e-02
8.717954372407287e-02
1.017972103880638e-01
1.185548793842449e-01
1.376814165102159e-01
1.594081755431186e-01
1.839482998730084e-01
2.115165816725741e-01
2.422712614903710e-01
2.763350093343049e-01
3.137734751855659e-01
3.545488794403314e-01
3.984998304463592e-01
4.453737747235189e-01
4.947013332323401e-01
5.459170345756321e-01
5.982305585562445e-01
6.507326638120522e-01
7.023737841097356e-01
7.520424482027394e-01
7.986188826968421e-01
8.410893673744262e-01
8.785929311932014e-01
9.105675020192695e-01
9.367743523131906e-01
9.573262663357343e-01
9.726704313433994e-01
9.835130196430953e-01
9.907107103612532e-01
9.951694942793118e-01
9.977029232998580e-01
9.989914683595158e-01
9.995990385603762e-01
9.998574564175128e-01
9.999552253786562e-01
9.999877537178087e-01
9.999971252972369e-01
9.999994308500728e-01
9.999999066576428e-01
9.999999876134785e-01
9.999999986956148e-01
9.999999998950938e-01
9.999999999934351e-01
9.999999999997615e-01
9.999999999999791e-01
1.000000000000003e+00
9.999999999999991e-01
1.000000000000000e+00
1.000000000000000e+00
1.000000000000000e+00
1.000000000000000e+00
1.000000000000000e+00
1.000000000000000e+00
1.000000000000000e+00
1.000000000000000e+00
1.000000000000000e+00
###5.600000000000002e+00
9.736532785336923e-10
1.270523870388311e-09
1.595715451620030e-09
1.986329926228558e-09
2.466561556271164e-09
3.057317740137513e-09
3.778241604471831e-09
4.659923907389715e-09
5.739244809059982e-09
7.060819889952336e-09
8.677571278087204e-09
1.065712823506936e-08
1.308050824476151e-08
1.604663988713088e-08
1.967822000407130e-08
2.412020212630190e-08
2.955464752801918e-08
3.620302706812948e-08
4.433504565274939e-08
5.427751537748879e-08
6.645967395485693e-08
8.129787885787011e-08
9.945689661894594e-08
1.216585632796268e-07
1.487708017505051e-07
1.818895797495889e-07
2.223456980185965e-07
2.717429121193989e-07
3.320435317516378e-07
4.056430231549697e-07
4.954626398165545e-07
6.050380527916779e-07
7.387271742487706e-07
9.017054012431217e-07
1.100495898027202e-06
1.342680059502927e-06
1.637876516316016e-06
1.997515288159283e-06
2.435622102439674e-06
2.968946907612613e-06
3.618278866256422e-06
4.408529502223326e-06
5.370019589833170e-06
6.539507010842649e-06
7.961744949282840e-06
9.690296732862212e-06
1.179081983409702e-05
1.434299403230889e-05
1.744210417186219e-05
2.120441334894780e-05
2.577049976386238e-05
3.130913028707683e-05
3.802738317484588e-05
4.616998567877064e-05
5.603694413863546e-05
6.798771808636490e-05
8.245929192114817e-05
9.996740798667899e-05
1.211511892418881e-04
1.467653802446387e-04
1.777196925376956e-04
2.151121214442797e-04
2.602418540822280e-04
3.147164618780119e-04
3.803960893079333e-04
4.595667824915334e-04
5.549132513766093e-04
6.697212445401102e-04
8.078447841449038e-04
9.738132563730864e-04
1.173233218247655e-03
1.412736384813113e-03
1.700062895109299e-03
2.044159407773575e-03
2.456423282905075e-03
2.949688416005551e-03
3.539250810010036e-03
4.243427612389950e-03
5.083357505143077e-03
6.084595440523813e-03
7.275770750216677e-03
8.691384145070704e-03
1.037257785297905e-02
1.236616378564675e-02
1.472497337353651e-02
1.751369329221297e-02
2.080327907807970e-02
2.467852783275624e-02
2.923141015655763e-02
3.457301461736285e-02
4.082330010812520e-02
4.812282351991345e-02
5.661428682069015e-02
6.646962408290777e-02
7.788049891243363e-02
9.103362274498861e-02
1.061466052114725e-01
1.234380617638760e-01
1.431331547353415e-01
1.654573656855857e-01
1.906150601378202e-01
2.188098357397132e-01
2.501848528824733e-01
2.848442742763270e-01
3.228326520320025e-01
3.640877529474121e-01
4.084217951250267e-01
4.555550729238415e-01
5.049926524036131e-01
5.561474167546362e-01
6.082133001640018e-01
6.602753737313928e-01
7.112904149849638e-01
7.601665402818292e-01
8.058173129698489e-01
8.472744816160819e-01
8.837303934793509e-01
9.146777885514368e-01
9.399296911335892e-01
9.596397659068038e-01
9.742817913795641e-01
9.845722129554216e-01
9.913632313443248e-01
9.955410897949494e-01
9.978966655315105e-01
9.990835596955190e-01
9.996385861303796e-01
9.998726382868861e-01
9.999603673502880e-01
9.999892691508002e-01
9.999975080596160e-01
9.999995123396168e-01
9.999999210021103e-01
9.999999896563231e-01
9.999999989254923e-01
9.999999999149801e-01
9.999999999947278e-01
9.999999999998208e-01
9.999999999999816e-01
1.000000000000003e+00
9.999999999999991e-01
1.000000000000000e+00
1.000000000000000e+00
1.000000000000000e+00
1.000000000000000e+00
1.000000000000000e+00
1.000000000000000e+00
1.000000000000000e+00
1.000000000000000e+00
1.000000000000000e+00
###5.800000000000002e+00
1.063663790740009e-09
1.382905884403000e-09
1.736965354611380e-09
2.162133361897979e-09
2.684805388018192e-09
3.327660456138864e-09
4.112007756141133e-09
5.071079660823529e-09
6.244914005260268e-09
7.682000649862167e-09
9.439666399062791e-09
1.159131722080317e-08
1.422488592070954e-08
1.744763142057692e-08
2.139262954387474e-08
2.621692249344110e-08
3.211784848527886e-08
3.933536432425930e-08
4.816160589759076e-08
5.895045368462144e-08
7.216695897936318e-08
8.826043980289733e-08
1.079520078029787e-07
1.320215752429336e-07
1.614074866117679e-07
1.972950162989332e-07
2.411225219029438e-07
2.946228093155540e-07
3.599153660108372e-07
4.395870958878554e-07
5.367915702209716e-07
6.553442416531091e-07
7.999469868606787e-07
9.761804232760765e-07
1.191081235825212e-06
1.452811021356216e-06
1.771741136784071e-06
2.160179788526437e-06
2.633228904780761e-06
3.208908694876302e-06
3.909584988805468e-06
4.762053353994551e-06
5.798904243214802e-06
7.059635369842779e-06
8.592327911982137e-06
1.045444717242407e-05
1.271649946839215e-05
1.546394205087627e-05
1.879893507626139e-05
2.284604181566636e-05
2.775595073485416e-05
3.370926641481764e-05
4.092761639645934e-05
4.967272921425822e-05
6.026532353680231e-05
7.308943428462961e-05
8.861169692955807e-05
1.073824307931604e-04
1.300833966384953e-04
1.575189871044853e-04
1.906581741649053e-04
2.306697889023389e-04
2.789355609935687e-04
3.371649514650135e-04
4.073330180241153e-04
4.918665962971730e-04
5.936124973616615e-04
7.160554875175671e-04
8.632677421238312e-04
1.040051314905711e-03
1.252320563013232e-03
1.507087730545193e-03
1.812511778224783e-03
2.178014724858575e-03
2.615599053402393e-03
3.138745775357555e-03
3.763528487468970e-03
4.509151707409776e-03
5.397736039902277e-03
6.456027379546727e-03
7.713899732222418e-03
9.207322790328173e-03
1.097913775028307e-02
1.307798112819661e-02
1.555860882621086e-02
1.848801427088880e-02
2.193945270761222e-02
2.600032795391107e-02
3.076512652566185e-02
3.634782716616939e-02
4.287101506505384e-02
5.047804206264566e-02
5.931354393547828e-02
6.955162727712108e-02
8.138569229706479e-02
9.500237878688915e-02
1.106189913366707e-01
1.284518805817052e-01
1.487221543839898e-01
1.716490329648906e-01
1.974276856438152e-01
2.262501016773321e-01
2.582439506262378e-01
2.934946091672284e-01
3.320252554092557e-01
3.737491508978045e-01
4.184522647460978e-01
4.658280961481514e-01
5.153568230406258e-01
5.664304979894149e-01
6.182281279804369e-01
6.698311540905225e-01
7.202028435123743e-01
7.682721013946642e-01
8.129864749669325e-01
8.534232421562604e-01
8.888287185761297e-01
9.187478146890987e-01
9.430467972307316e-01
9.619189305305879e-01
9.758639404469589e-01
9.856079447315398e-01
9.919978698076771e-01
9.959003794715354e-01
9.980826792683717e-01
9.991714554229100e-01
9.996760954049448e-01
9.998869365585501e-01
9.999651732681890e-01
9.999906737171588e-01
9.999978596088166e-01
9.999995864422008e-01
9.999999339070205e-01
9.999999914727625e-01
9.999999991273976e-01
9.999999999322032e-01
9.999999999958346e-01
9.999999999998700e-01
9.999999999999838e-01
1.000000000000003e+00
9.999999999999992e-01
1.000000000000000e+00
1.000000000000000e+00
1.000000000000000e+00
1.000000000000000e+00
1.000000000000000e+00
1.000000000000000e+00
1.000000000000000e+00
1.000000000000000e+00
1.000000000000000e+00
###6.000000000000003e+00
1.160655871987743e-09
1.504120281737746e-09
1.889314981176053e-09
2.351739541510239e-09
2.920165307455189e-09
3.619176860833096e-09
4.471871655349337e-09
5.514323805995519e-09
6.789971219243920e-09
8.351452813083460e-09
1.026084172579044e-08
1.259774282070773e-08
1.545751895152202e-08
1.895637121735691e-08
2.323851707901765e-08
2.847396569904374e-08
3.487644529646754e-08
4.270573697671357e-08
5.227802458125769e-08
6.397619833520484e-08
7.830369917169206e-08
9.574510681979649e-08
1.170818837034062e-07
1.431561334625714e-07
1.749815375100935e-07
2.138389025922909e-07
2.612816160131595e-07
3.191804370875888e-07
3.898228005029162e-07
4.760001383391365e-07
5.811140923797426e-07
7.092787940746340e-07
8.655631677860985e-07
1.055980028076891e-06
1.288113560956914e-06
1.570743953358000e-06
1.915044320735612e-06
2.334258167302923e-06
2.844633012047567e-06
3.465540686671135e-06
4.221024172467652e-06
5.139881586538028e-06
6.257115347246788e-06
7.615133169219950e-06
9.265548639550901e-06
1.126996888764172e-05
1.370404042937499e-05
1.665934609190940e-05
2.024532869525142e-05
2.459534267006815e-05
2.987077018317049e-05
3.626473949332613e-05
4.401425766502558e-05
5.339900971678811e-05
6.476158143286291e-05
7.851193470225836e-05
9.514808994146021e-05
1.152564263350153e-04
1.395639666875028e-04
1.689272144444543e-04
2.043774404064434e-04
2.471578870940683e-04
2.987369156904500e-04
3.609309960336293e-04
4.358351700797584e-04
5.260240949112403e-04
6.345139732727741e-04
7.649922691838520e-04
9.217755902705679e-04
1.109928892444740e-03
1.335703820673761e-03
1.606499323859607e-03
1.930912032133453e-03
2.318857122857857e-03
2.782957641145871e-03
3.337386428139887e-03
3.998998084734961e-03
4.787920604432071e-03
5.727284144900869e-03
6.845066867137143e-03
8.172411761165515e-03
9.746796098182565e-03
1.161279866411621e-02
1.382091594930514e-02
1.642785855275284e-02
1.950296068520174e-02
2.312179767449910e-02
2.737439943911821e-02
3.235776476416798e-02
3.818875513764280e-02
4.499254480506325e-02
5.291522538281334e-02
6.210326323030873e-02
7.273281547822461e-02
8.499885320553761e-02
9.908772605325575e-02
1.152161642507501e-01
1.335979398813965e-01
1.544497435949936e-01
1.779841335638022e-01
2.043866541774056e-01
2.338372626719994e-01
2.664477229946743e-01
3.022843352755736e-01
3.413486353881585e-01
3.835293291635069e-01
4.285862870958821e-01
4.761865881323353e-01
5.257862075368874e-01
5.767572218467791e-01
6.282648785190523e-01
6.793881795616009e-01
7.290980499069520e-01
7.763451704716879e-01
8.201118237493652e-01
8.594233109031435e-01
8.938728098945152e-01
9.227644963218515e-01
9.461141731065937e-01
9.641542855166159e-01
9.774095679874404e-01
9.866149949026111e-01
9.926112861401857e-01
9.962453526945981e-01
9.982599035972962e-01
9.992546291618042e-01
9.997113322449439e-01
9.999002603297388e-01
9.999696124994860e-01
9.999919586749741e-01
9.999981778800258e-01
9.999996527679219e-01
9.999999453157443e-01
9.999999930572333e-01
9.999999993010424e-01
9.999999999467795e-01
9.999999999967588e-01
9.999999999999096e-01
9.999999999999857e-01
1.000000000000003e+00
9.999999999999992e-01
1.000000000000000e+00
1.000000000000000e+00
1.000000000000000e+00
1.000000000000000e+00
1.000000000000000e+00
1.000000000000000e+00
1.000000000000000e+00
1.000000000000000e+00
1.000000000000000e+00
###6.200000000000003e+00
1.265110839340836e-09
1.634773992208201e-09
2.053527441182726e-09
2.556096638863940e-09
3.173815808383772e-09
3.933317806553716e-09
4.859617681969833e-09
5.991846214264105e-09
7.377117735550052e-09
9.072453765977364e-09
1.114509674494752e-08
1.368128033946178e-08
1.678434471722049e-08
2.058008375120709e-08
2.522466764888157e-08
3.090200580798481e-08
3.784339879209056e-08
4.632987401109748e-08
5.670338011935350e-08
6.937787756073120e-08
8.489793123742941e-08
1.037858213021588e-07
1.268876121023849e-07
1.551119593696483e-07
1.895530890032695e-07
2.315939365616811e-07
2.829108326441916e-07
3.455219144319953e-07
4.218939578150871e-07
5.150367670159002e-07
6.286167025553318e-07
7.670665892926448e-07
9.358467507531669e-07
1.141430681654586e-06
1.391985969091865e-06
1.696951853899054e-06
2.068354963855066e-06
2.520434296947848e-06
3.070656094638734e-06
3.739829483433954e-06
4.553780391645769e-06
5.543434207390896e-06
6.746354951139650e-06
8.208039222770278e-06
9.983847858276804e-06
1.213978151415529e-05
1.475693289552450e-05
1.793337548132364e-05
2.178626180496717e-05
2.645825174262273e-05
3.212203254537065e-05
3.898397361029043e-05
4.729733003563220e-05
5.736074168973368e-05
6.953986757122672e-05
8.427201021686413e-05
1.020888417827429e-04
1.236129559297731e-04
1.496207584104275e-04
1.810229715977657e-04
2.189163196249020e-04
2.646221720648134e-04
3.196999338423455e-04
3.860784235064732e-04
4.659768111794110e-04
5.621262896974764e-04
6.777194452411620e-04
8.166571481660627e-04
9.835061161586631e-04
1.183610194084420e-03
1.423570517331202e-03
1.711188320060843e-03
2.055514819634328e-03
2.466976363925324e-03
2.958841705369378e-03
3.545993175445212e-03
4.246097819603185e-03
5.080234349351619e-03
6.072560945509655e-03
7.252358652039899e-03
8.652035088227828e-03
1.031062309298588e-02
1.227447768432809e-02
1.459599020630583e-02
1.733385525231753e-02
2.055978070439107e-02
2.435168051662966e-02
2.880222757158750e-02
3.401092611146120e-02
4.009750896094483e-02
4.718969708672126e-02
5.543626073797819e-02
6.498538618323907e-02
7.601515087153425e-02
8.872192215342478e-02
1.032915292136755e-01
1.199398486646853e-01
1.388777479580929e-01
1.603171259680362e-01
1.844634666821577e-01
2.114922509047231e-01
2.415709713974425e-01
2.747950686290794e-01
3.112114672334100e-01
3.507998021181614e-01
3.934241784855826e-01
4.388185324098289e-01
4.866239202690620e-01
5.362728246909263e-01
5.871182453423545e-01
6.383129296142362e-01
6.889345174991603e-01
7.379629543253716e-01
7.843717239515364e-01
8.271776747168383e-01
8.654742081468582e-01
8.988459925091757e-01
9.267145110495640e-01
9.491204618507627e-01
9.663369336990811e-01
9.789120201169700e-01
9.875887726034455e-01
9.932006341782722e-01
9.965743767192660e-01
9.984275218577267e-01
9.993326986113655e-01
9.997441379719388e-01
9.999125538896463e-01
9.999736682807938e-01
9.999931200536744e-01
9.999984622067082e-01
9.999997112682197e-01
9.999999552411662e-01
9.999999944151408e-01
9.999999994475167e-01
9.999999999588550e-01
9.999999999975133e-01
9.999999999999406e-01
9.999999999999873e-01
1.000000000000002e+00
9.999999999999993e-01
1.000000000000000e+00
1.000000000000000e+00
1.000000000000000e+00
1.000000000000000e+00
1.000000000000000e+00
1.000000000000000e+00
1.000000000000000e+00
1.000000000000000e+00
1.000000000000000e+00
###6.400000000000003e+00
1.377538835755976e-09
1.775510270350690e-09
2.230411656073314e-09
2.776209748492753e-09
3.447001684607856e-09
4.271620951882570e-09
5.277137833895961e-09
6.505966964174162e-09
8.009169970247341e-09
9.848474810320722e-09
1.209666673389522e-08
1.484709141921848e-08
1.821164800177044e-08
2.232641466347528e-08
2.736037643502109e-08
3.351233405238158e-08
4.103241615834790e-08
5.022440619827675e-08
6.145783970807250e-08
7.517993351751291e-08
9.197927748207745e-08
1.124184343861513e-07
1.374125810611735e-07
1.679415438291993e-07
2.051856076011757e-07
2.506368227241040e-07
3.061028394634337e-07
3.737591445940482e-07
4.562639035986776e-07
5.568599328184562e-07
6.794959303782126e-07
8.289445306714529e-07
1.011083106291992e-06
1.232876017356136e-06
1.503112085322063e-06
1.831932263220410e-06
2.232271278069172e-06
2.719427052261561e-06
3.312161577292795e-06
4.032811458483625e-06
4.909096909880005e-06
5.974201793757631e-06
7.268409034432560e-06
8.840492082786973e-06
1.074978471557087e-05
1.306694517220695e-05
1.587883353676033e-05
1.929039666142314e-05
2.342694438622137e-05
2.844098043860679e-05
3.451713750767372e-05
4.187577639144812e-05
5.078730826758445e-05
6.157037085681181e-05
7.461495566965437e-05
9.038718183386449e-05
1.094541153820021e-04
1.324765822389140e-04
1.602828048305442e-04
1.938405387572764e-04
2.343152384138433e-04
2.831102640070498e-04
3.418812693138091e-04
4.126723340143984e-04
4.978351006190984e-04
6.002635391179120e-04
7.233345721879772e-04
8.711724539140162e-04
1.048603024891625e-03
1.261262302565985e-03
1.516114574922836e-03
1.821379345664972e-03
2.186579789809582e-03
2.622681035801967e-03
3.143601854582676e-03
3.764971108618271e-03
4.505279153692618e-03
5.386607564795305e-03
6.434164974180346e-03
7.678564816272781e-03
9.153516530094963e-03
1.089964260130890e-02
1.296511278004843e-02
1.540424758491927e-02
1.827775385353730e-02
2.165974475874611e-02
2.563048942440338e-02
3.028531787562173e-02
3.572622960043025e-02
4.207581313180482e-02
4.946428845690394e-02
5.804303702550280e-02
6.796184659412759e-02
7.940057613122521e-02
9.255680540199349e-02
1.076156009035716e-01
1.247916960489312e-01
1.442927152008733e-01
1.663253791593866e-01
1.910876745178209e-01
2.187445706338365e-01
2.494506557698797e-01
2.832846275272363e-01
3.202737313890468e-01
3.603754546652482e-01
4.034292679115235e-01
4.491433572404909e-01
4.971331844653015e-01
5.468084850046088e-01
5.975041361461257e-01
6.483616917398428e-01
6.984586167604100e-01
7.467853656724623e-01
7.923393415846097e-01
8.341732948192488e-01
8.714440115985859e-01
9.037412860482714e-01
9.305889445339539e-01
9.520580699840427e-01
9.684604072909830e-01
9.803664532761159e-01
9.885259468635990e-01
9.937639041727361e-01
9.968863543318576e-01
9.985850241944124e-01
9.994054447316923e-01
9.997744323197022e-01
9.999237938123535e-01
9.999773366463136e-01
9.999941581435708e-01
9.999987079698385e-01
9.999997621754837e-01
9.999999637435265e-01
9.999999955608847e-01
9.999999995683428e-01
9.999999999688380e-01
9.999999999980559e-01
9.999999999999841e-01
9.999999999999825e-01
1.000000000000004e+00
9.999999999999988e-01
1.000000000000000e+00
9.999999999999999e-01
1.000000000000000e+00
1.000000000000000e+00
1.000000000000000e+00
1.000000000000000e+00
1.000000000000000e+00
1.000000000000000e+00
1.000000000000000e+00
###6.600000000000003e+00
1.498480304544922e-09
1.927010776626581e-09
2.420824628262389e-09
3.013143691785258e-09
3.741041661455417e-09
4.635714922621653e-09
5.726435349564425e-09
7.059143003503117e-09
8.689135199126417e-09
1.068319056723742e-08
1.312003465154142e-08
1.610063848251594e-08
1.974607848939168e-08
2.420345183094875e-08
2.965547412574262e-08
3.631688946021981e-08
4.445798348831529e-08
5.440691018644459e-08
6.656271245686690e-08
8.140818592487981e-08
9.957902222233545e-08
1.216807981270271e-07
1.487025880125621e-07
1.817002775936083e-07
2.219460489263057e-07
2.710484582169057e-07
3.309553414517108e-07
4.040100796188532e-07
4.930749623526956e-07
6.016412927851224e-07
7.339587177039600e-07
8.951619450379804e-07
1.091572573922228e-06
1.330677568957545e-06
1.621926950101852e-06
1.976208308684051e-06
2.407422032926162e-06
2.931991808552326e-06
3.570056360737854e-06
4.345574786774020e-06
5.288278666788087e-06
6.433748298324413e-06
7.825150800039401e-06
9.514733899660289e-06
1.156604131431486e-05
1.405466574202280e-05
1.707357167891988e-05
2.073498375886896e-05
2.517282794173381e-05
3.055002537558978e-05
3.706382126594129e-05
4.494935184766077e-05
5.449513359224505e-05
6.604089109275237e-05
8.000226273308202e-05
9.687572291002394e-05
1.172655516498988e-04
1.418728974163226e-04
1.715803436924642e-04
2.074156002750443e-04
2.506162570214723e-04
3.026716770659231e-04
3.653383033521127e-04
4.407810616653076e-04
5.314901293922627e-04
6.405295812683395e-04
7.714688824907170e-04
9.286654599670443e-04
1.117215090818554e-03
1.343058105245782e-03
1.613536514289146e-03
1.937304502954345e-03
2.324375011245970e-03
2.786261998694663e-03
3.337584682352019e-03
3.994714341087330e-03
4.777006711269746e-03
5.707569389988253e-03
6.812696678750671e-03
8.124364689807154e-03
9.677621369472814e-03
1.151471308526737e-02
1.368566254272256e-02
1.624675311247794e-02
1.926073096014758e-02
2.280414476474353e-02
2.695963319365481e-02
3.182519472893112e-02
3.750531024911436e-02
4.412540390029298e-02
5.181814133079998e-02
6.073744115161481e-02
7.103456611471916e-02
8.289100899386903e-02
9.650536844082869e-02
1.120616939804519e-01
1.297732755297706e-01
1.498441435071931e-01
1.724754426846723e-01
1.978572283268174e-01
2.261435019345854e-01
2.574755009581223e-01
2.919147605420557e-01
3.294685419265793e-01
3.700719524173007e-01
4.135398089840229e-01
4.595547568105346e-01
5.077071256063822e-01
5.573846883980006e-01
6.079052101078090e-01
6.584004014307986e-01
7.079488331954119e-01
7.555529980969347e-01
8.002354269662688e-01
8.410860270179774e-01
8.773214939566599e-01
9.085473489148899e-01
9.343781066533310e-01
9.549189734273429e-01
9.705185339766977e-01
9.817684291429155e-01
9.894236485822280e-01
9.942994625519334e-01
9.971804721242360e-01
9.987320784460083e-01
9.994727547754823e-01
9.998021897544840e-01
9.999339818733365e-01
9.999806230551345e-01
9.999950762595884e-01
9.999989288874866e-01
9.999998058245463e-01
9.999999709393936e-01
9.999999965072863e-01
9.999999996682448e-01
9.999999999763215e-01
9.999999999986318e-01
9.999999999999701e-01
9.999999999999931e-01
1.000000000000001e+00
9.999999999999997e-01
1.000000000000000e+00
1.000000000000000e+00
1.000000000000000e+00
1.000000000000000e+00
1.000000000000000e+00
1.000000000000000e+00
1.000000000000000e+00
1.000000000000000e+00
1.000000000000000e+00
###6.800000000000003e+00
1.628507565606525e-09
2.089997408393628e-09
2.625674029334305e-09
3.268026167966861e-09
4.057332235920723e-09
5.027324293006425e-09
6.209631151768473e-09
7.653974915753248e-09
9.420196420784632e-09
1.158049008087809e-08
1.421994375395027e-08
1.744770001295969e-08
2.139466921232254e-08
2.621974758206035e-08
3.212035371559308e-08
3.932829111536637e-08
4.813541600591428e-08
5.889595513588160e-08
7.204050528728891e-08
8.808989931013449e-08
1.077301912501886e-07
1.316128619152186e-07
1.608059551729476e-07
1.964465893671329e-07
2.399050191269438e-07
2.929141299068013e-07
3.575713161727282e-07
4.363990009690243e-07
5.324770520681624e-07
6.495616082548331e-07
7.922229051318090e-07
9.659812457902432e-07
1.177631131138884e-06
1.435215576387400e-06
1.748887959470647e-06
2.130329823369786e-06
2.594467878330425e-06
3.158921897863883e-06
3.845292674428099e-06
4.679261633217846e-06
5.692694864177993e-06
6.923714092705600e-06
8.418544258518392e-06
1.023311465000962e-05
1.243542765670352e-05
1.510630070638086e-05
1.834515623051788e-05
2.227193310432485e-05
2.702961494936629e-05
3.279217926818646e-05
3.977016908408848e-05
4.821431508808171e-05
5.843223081833327e-05
7.078586438035823e-05
8.571787231217145e-05
1.037566878119157e-04
1.255457051794873e-04
1.518285610733696e-04
1.835448576882983e-04
2.217852900015210e-04
2.678631203397953e-04
3.233578774287379e-04
3.901315051838940e-04
4.704755523510533e-04
5.670250047351389e-04
6.830216244821277e-04
8.222358863356309e-04
9.892684849415756e-04
1.189496285174191e-03
1.429176397043683e-03
1.716043541714806e-03
2.059203426000616e-03
2.469176915197224e-03
2.958044228706328e-03
3.541155294792449e-03
4.235624400716310e-03
5.061757735721478e-03
6.043663203153874e-03
7.208772138564729e-03
8.590454582665304e-03
1.022513314421755e-02
1.215671240172360e-02
1.443710589026487e-02
1.712459277183997e-02
2.028398434254813e-02
2.399429345577052e-02
2.834054035511817e-02
3.342340023609421e-02
3.934981764275805e-02
4.624802749195775e-02
5.425308181713966e-02
6.352135539295176e-02
7.420545112771938e-02
8.648833860974675e-02
1.005694318373147e-01
1.166314968990879e-01
1.348860689187008e-01
1.555332211328258e-01
1.787681128938693e-01
2.047724239451388e-01
2.336887238642080e-01
2.656444480336990e-01
3.006835511015866e-01
3.387930069466897e-01
3.798853272923908e-01
4.237506761886403e-01
4.700463964132530e-01
5.183381875234961e-01
5.679926901572693e-01
6.183116256128875e-01
6.684182613255470e-01
7.173936424306285e-01
7.642538708922271e-01
8.080478890695444e-01
8.479039592866976e-01
8.830961552582779e-01
9.132539484702252e-01
9.380734000846787e-01
9.576962381739680e-01
9.725061343440108e-01
9.831143401208231e-01
9.902796795964657e-01
9.948061583519581e-01
9.974562378146684e-01
9.988685663933614e-01
9.995346195304655e-01
9.998274350004589e-01
9.999431411204750e-01
9.999835407140153e-01
9.999958802381150e-01
9.999991189263143e-01
9.999998429269087e-01
9.999999769364847e-01
9.999999972841002e-01
9.999999997476686e-01
9.999999999823982e-01
9.999999999990101e-01
9.999999999999785e-01
9.999999999999954e-01
1.000000000000001e+00
9.999999999999998e-01
1.000000000000000e+00
1.000000000000000e+00
1.000000000000000e+00
1.000000000000000e+00
1.000000000000000e+00
1.000000000000000e+00
1.000000000000000e+00
1.000000000000000e+00
1.000000000000000e+00
###7.000000000000004e+00
1.768226482999178e-09
2.265234371550351e-09
2.845920843536996e-09
3.542051039459750e-09
4.397351692989033e-09
5.448274508306843e-09
6.728969905163649e-09
8.293215269271821e-09
1.020572138385155e-08
1.254448825741281e-08
1.540141088251012e-08
1.889438667823830e-08
2.316485576782587e-08
2.838434212764851e-08
3.476599870704895e-08
4.255987218466550e-08
5.208088935619200e-08
6.371115193636534e-08
7.791498200942158e-08
9.525385296083595e-08
1.164676373911990e-07
1.422567743360776e-07
1.737736515213253e-07
2.122420917835279e-07
2.591369525027894e-07
3.163237229967695e-07
3.860592629243375e-07
4.710568168910737e-07
5.746280386488812e-07
7.008111675548647e-07
8.545177663461339e-07
1.041678520646456e-06
1.269591105632337e-06
1.546889830401520e-06
1.884475863952617e-06
2.294874538135527e-06
2.794102746958945e-06
3.401050356582343e-06
4.138870059670159e-06
5.035070494999055e-06
6.123781721368557e-06
7.445819232175342e-06
9.050648075917079e-06
1.099809668643580e-05
1.336088670687088e-05
1.622536541019291e-05
1.969778282134816e-05
2.390623224240527e-05
2.900326877747096e-05
3.517454276051229e-05
4.264462919909772e-05
5.168070860218107e-05
6.261052737223917e-05
7.581944303744930e-05
9.177856042197823e-05
1.110499420944853e-04
1.343180793667212e-04
1.623713410842612e-04
1.962091218668496e-04
2.369882464456008e-04
2.861013220488287e-04
3.452223602065834e-04
4.163236928527694e-04
5.018294665942505e-04
6.045259641616021e-04
7.278404783404564e-04
8.757532269836861e-04
1.053118579410705e-03
1.265605982009616e-03
1.519802124536840e-03
1.823849849497617e-03
2.187323657813163e-03
2.621270921493484e-03
3.138358014551764e-03
3.754690167323665e-03
4.488151802010630e-03
5.360023283194192e-03
6.395447349310985e-03
7.623023707390732e-03
9.077548318847656e-03
1.079685409773130e-02
1.282653815576376e-02
1.522044230952426e-02
1.803887360872459e-02
2.134873287881157e-02
2.523152412103206e-02
2.977465866385883e-02
3.508149342754947e-02
4.126141477031121e-02
4.844543854407062e-02
5.677093766554415e-02
6.639665482280331e-02
7.747638956624060e-02
9.019442174106118e-02
1.047507667806318e-01
1.213266286118600e-01
1.401314649938290e-01
1.613610165441499e-01
1.852040365632072e-01
2.118333748099969e-01
2.413797001345653e-01
2.739561892014390e-01
3.095888022528717e-01
3.482439280283618e-01
3.898112867868093e-01
4.340564143577492e-01
4.806116239069949e-01
5.290185310987150e-01
5.786235244784502e-01
6.287134119553717e-01
6.784044711862799e-01
7.267816715759685e-01
7.728763363539566e-01
8.157651629002279e-01
8.546159236344618e-01
8.887582498298540e-01
9.178519148310894e-01
9.416672823936950e-01
9.603839669512425e-01
9.744189668695314e-01
9.844014941269615e-01
9.910924748481832e-01
9.952832753504519e-01
9.977134441124721e-01
9.989945159195406e-01
9.995911167160539e-01
9.998502331983259e-01
9.999513112214539e-01
9.999861086941346e-01
9.999965775928743e-01
9.999992808414534e-01
9.999998740794603e-01
9.999999818736551e-01
9.999999979118382e-01
9.999999998101556e-01
9.999999999871535e-01
9.999999999992750e-01
9.999999999999902e-01
9.999999999999954e-01
1.000000000000001e+00
9.999999999999998e-01
1.000000000000000e+00
1.000000000000000e+00
1.000000000000000e+00
1.000000000000000e+00
1.000000000000000e+00
1.000000000000000e+00
1.000000000000000e+00
1.000000000000000e+00
1.000000000000000e+00
###7.200000000000004e+00
1.918278187789465e-09
2.453530470841510e-09
3.082582071378989e-09
3.836481706275744e-09
4.762664320840133e-09
5.900497006752500e-09
7.286826306196155e-09
8.979775505762239e-09
1.104927191095275e-08
1.357953409092247e-08
1.666974019003821e-08
2.044715771673427e-08
2.506449685919285e-08
3.070678775698375e-08
3.760401230411581e-08
4.602571499621771e-08
5.631148330942898e-08
6.887320381385519e-08
8.421122412187396e-08
1.029304148762111e-07
1.258281280149686e-07
1.536569878161556e-07
1.876594180040882e-07
2.291517311196038e-07
2.797202898591280e-07
3.413719345409835e-07
4.165334574548395e-07
5.081213660352542e-07
6.196940976083928e-07
7.555902165740557e-07
9.210844930986764e-07
1.122544130189750e-06
1.367801897818928e-06
1.666120528952421e-06
2.029195819873493e-06
2.470449285073013e-06
3.007055290931472e-06
3.659251628464408e-06
4.451837354336298e-06
5.414258545879524e-06
6.583045247413774e-06
8.001866707302717e-06
9.723619396476705e-06
1.181225909893106e-05
1.434550037561579e-05
1.741553909023741e-05
2.113584105000909e-05
2.564311442872359e-05
3.110002349778820e-05
3.770453587268478e-05
4.569602619767829e-05
5.535901770431575e-05
6.704247118704193e-05
8.115639038784562e-05
9.820181939203043e-05
1.187761899425337e-04
1.436071579217783e-04
1.735301489725780e-04
2.096072447962055e-04
2.530646596114453e-04
3.053781577186747e-04
3.683207093985928e-04
4.439801015773003e-04
5.349178862404570e-04
6.440824592709687e-04
7.750906461801066e-04
9.321427819569328e-04
1.120357635282282e-03
1.345709074503846e-03
1.615126506671512e-03
1.937176734399726e-03
2.321920758465903e-03
2.780951467229217e-03
3.327541630532945e-03
3.978566596122014e-03
4.752739525328209e-03
5.672308254048026e-03
6.763495207639471e-03
8.056100070174014e-03
9.586377269787458e-03
1.139360516566123e-02
1.352510761967131e-02
1.603669168139587e-02
1.899072343304941e-02
2.245621609708055e-02
2.651718994746723e-02
3.126345419618343e-02
3.680104905655660e-02
4.324177646779329e-02
5.071939813172815e-02
5.937353581761746e-02
6.936520432433380e-02
8.084924734149491e-02
9.401107856346394e-02
1.090510897686422e-01
1.261486331185046e-01
1.455107535490777e-01
1.673284720203329e-01
1.917837043285247e-01
2.190400045500945e-01
2.492156732762159e-01
2.824091632141767e-01
3.186280340306190e-01
3.578178003172907e-01
3.998452176974940e-01
4.444512468783991e-01
4.912434831170104e-01
5.397400532433937e-01
5.892680288086541e-01
6.391004983784752e-01
6.883482595009451e-01
7.361017310554502e-01
7.814091075596621e-01
8.233762296473826e-01
8.612114968938438e-01
8.942988055171391e-01
9.223330999463641e-01
9.451532269551871e-01
9.629772465782603e-01
9.762536698088083e-01
9.856278696062906e-01
9.918610455945982e-01
9.957304898852271e-01
9.979521318745492e-01
9.991100949977270e-01
9.996423953019071e-01
9.998706817465440e-01
9.999585443808677e-01
9.999883502238822e-01
9.999971769496651e-01
9.999994174979392e-01
9.999998999378221e-01
9.999999858900288e-01
9.999999984119315e-01
9.999999998587299e-01
9.999999999907774e-01
9.999999999994669e-01
9.999999999999998e-01
9.999999999999951e-01
1.000000000000001e+00
9.999999999999997e-01
1.000000000000000e+00
1.000000000000000e+00
1.000000000000000e+00
1.000000000000000e+00
1.000000000000000e+00
1.000000000000000e+00
1.000000000000000e+00
1.000000000000000e+00
1.000000000000000e+00
###7.400000000000004e+00
2.079340820374659e-09
2.655741081208900e-09
3.336733600408768e-09
4.152654621397005e-09
5.154924739012661e-09
6.386034576848759e-09
7.885711713777960e-09
9.716734062762911e-09
1.195461365248783e-08
1.469022599502634e-08
1.803053743637942e-08
2.211283846055119e-08
2.710189474865484e-08
3.319717397304848e-08
4.064664770533090e-08
4.974068746025048e-08
6.084522639895587e-08
7.440395896055421e-08
9.095569392731471e-08
1.111516171919149e-07
1.358504366396017e-07
1.658603670781871e-07
2.025198972306886e-07
2.472439422930799e-07
3.017376633203832e-07
3.681584942519014e-07
4.491142152351870e-07
5.477377310514729e-07
6.678500874416389e-07
8.141094028341389e-07
9.921767287347226e-07
1.208883334633582e-06
1.472630718145058e-06
1.793349159109436e-06
2.183578397772024e-06
2.657691233581888e-06
3.234090339294058e-06
3.934443265080345e-06
4.785294722794494e-06
5.818144036223345e-06
7.072064065055670e-06
8.593745767032020e-06
1.043971774644605e-05
1.267830243931594e-05
1.539249428123072e-05
1.868067132732095e-05
2.266392191843798e-05
2.748805114165067e-05
3.332639393761409e-05
4.038990960499278e-05
4.893357459407032e-05
5.926018613985702e-05
7.174104879872703e-05
8.681210174341379e-05
1.050058824296947e-04
1.269570028866524e-04
1.534384434807048e-04
1.853369778794279e-04
2.237747175986663e-04
2.700563144360364e-04
3.257427672898533e-04
3.927106372431943e-04
4.731683809117238e-04
5.698147884319713e-04
6.857871389790460e-04
8.248803757330121e-04
9.915307298009877e-04
1.191132471536303e-03
1.429976074135557e-03
1.715347146250515e-03
2.056252718838099e-03
2.463258433990142e-03
2.948522132487242e-03
3.525943547886531e-03
4.213192499406655e-03
5.029843090026827e-03
5.999129460687429e-03
7.148395248584717e-03
8.508666280811835e-03
1.011769036690708e-02
1.201622593740560e-02
1.425335761942502e-02
1.688689406786670e-02
1.998129047393333e-02
2.360769366284542e-02
2.785266329817510e-02
3.280841037202836e-02
3.858365631143423e-02
4.529258776676572e-02
5.307167168989787e-02
6.206269984549327e-02
7.242885548410204e-02
8.432586464850220e-02
9.794008833135348e-02
1.134720569244320e-01
1.310989739120300e-01
1.510251193737105e-01
1.734363973980722e-01
1.985074443295254e-01
2.263920481911312e-01
2.571956593508111e-01
2.910015513525932e-01
3.277984815234141e-01
3.675108134521617e-01
4.099821907819153e-01
4.549290849705710e-01
5.019347283256584e-01
5.504944069808283e-01
5.999168692705925e-01
6.494627438584335e-01
6.982389154653512e-01
7.453428463808602e-01
7.898412858939556e-01
8.308706361429297e-01
8.676810024225922e-01
8.997096363972017e-01
9.266903401917893e-01
9.485256827997068e-01
9.654720949741785e-01
9.780077022685442e-01
9.867920971981400e-01
9.925848413334921e-01
9.961478224339824e-01
9.981725545315846e-01
9.992155872983662e-01
9.996886609069821e-01
9.998889024682114e-01
9.999649017516758e-01
9.999902911987847e-01
9.999976875528621e-01
9.999995317671814e-01
9.999999211694051e-01
9.999999891197060e-01
9.999999988050703e-01
9.999999998960136e-01
9.999999999934838e-01
9.999999999996076e-01
1.000000000000006e+00
9.999999999999950e-01
1.000000000000001e+00
9.999999999999997e-01
1.000000000000000e+00
1.000000000000000e+00
1.000000000000000e+00
1.000000000000000e+00
1.000000000000000e+00
1.000000000000000e+00
1.000000000000000e+00
1.000000000000000e+00
1.000000000000000e+00
###7.600000000000004e+00
2.252131455359483e-09
2.872771338554154e-09
3.609513206975236e-09
4.491983003133800e-09
5.575881209395940e-09
6.907047036993391e-09
8.528281038185655e-09
1.050734492625705e-08
1.292572641872758e-08
1.588142309563011e-08
1.948972517134827e-08
2.389863858507405e-08
2.928581751701968e-08
3.586615424292427e-08
4.390684030797574e-08
5.372048188836375e-08
6.570114255322277e-08
8.032646657183378e-08
9.817630182926066e-08
1.199512368125469e-07
1.465754378225308e-07
1.789163050656959e-07
2.184147722943818e-07
2.665908148601551e-07
3.252760947496423e-07
3.967884015548158e-07
4.839281744154780e-07
5.900585765720405e-07
7.192799520561068e-07
8.765902549247199e-07
1.068061140222159e-06
1.301016972898878e-06
1.584463412551691e-06
1.929039472321832e-06
2.348180722771766e-06
2.857269109803358e-06
3.476010498855338e-06
4.227587823156491e-06
5.140395878350227e-06
6.248108947766876e-06
7.592492547454574e-06
9.223435623360033e-06
1.120130940530487e-05
1.359905383676837e-05
1.650524392349202e-05
2.002478912809156e-05
2.428682625197665e-05
2.944676149757487e-05
3.568918724693633e-05
4.323875951790345e-05
5.236689406331728e-05
6.339563473327322e-05
7.671980718057140e-05
9.280262983589010e-05
1.122097535014622e-04
1.356148547689499e-04
1.638384969381824e-04
1.978216196779668e-04
2.387484690312399e-04
2.880066600610517e-04
3.472462218732654e-04
4.184520931277314e-04
5.039587906446476e-04
6.066091927206345e-04
7.297361163055005e-04
8.773218436812308e-04
1.054047738181412e-03
1.265595021994665e-03
1.518583308047996e-03
1.820668238684140e-03
2.181313774500815e-03
2.611608781137457e-03
3.124295910192472e-03
3.733922811027289e-03
4.458980733040220e-03
5.319930931024791e-03
6.341012779027937e-03
7.550748929021429e-03
8.981403940031657e-03
1.067225423934179e-02
1.266557473452765e-02
1.501224453159355e-02
1.777210959693763e-02
2.101174312533573e-02
2.480444494368684e-02
2.923933505432771e-02
3.441102703009976e-02
4.043091756568915e-02
4.741554226369463e-02
5.550402694429062e-02
6.484024738954265e-02
7.558944347588163e-02
8.790805226043812e-02
1.019831850811209e-01
1.180152644156228e-01
1.361790285031681e-01
1.566756362302397e-01
1.796854635957107e-01
2.053754157450633e-01
2.338890369154691e-01
2.653184425155818e-01
2.997312733308450e-01
3.370970928014681e-01
3.773188522359102e-01
4.202169645723103e-01
4.654835359761801e-01
5.126778370559444e-01
5.612730185074588e-01
6.105605610060347e-01
6.597899587202826e-01
7.080658078308424e-01
7.544942682930410e-01
7.981623522354495e-01
8.382384479545066e-01
8.740153951428424e-01
9.049830468710951e-01
9.309168803300838e-01
9.517772880781279e-01
9.676139483016889e-01
9.796730808403672e-01
9.878917138123060e-01
9.932626353070002e-01
9.965351341404590e-01
9.983748948290143e-01
9.993112732918115e-01
9.997301254220098e-01
9.999050237480880e-01
9.999704470248411e-01
9.999919582263297e-01
9.999981186699561e-01
9.999996264215513e-01
9.999999384153699e-01
9.999999916875207e-01
9.999999991100638e-01
9.999999999243017e-01
9.999999999954576e-01
9.999999999997141e-01
1.000000000000009e+00
9.999999999999954e-01
1.000000000000001e+00
9.999999999999997e-01
1.000000000000000e+00
1.000000000000000e+00
1.000000000000000e+00
1.000000000000000e+00
1.000000000000000e+00
1.000000000000000e+00
1.000000000000000e+00
1.000000000000000e+00
1.000000000000000e+00
###7.800000000000004e+00
2.437409578242851e-09
3.105577718761659e-09
3.902123610766788e-09
4.855960717456434e-09
6.027377538441706e-09
7.465816955631403e-09
9.217339754260757e-09
1.135504616752119e-08
1.396681451751591e-08
1.715825782193665e-08
2.105355796573668e-08
2.581217051066539e-08
3.162552146979010e-08
3.872497267557674e-08
4.739823976224618e-08
5.798165339256096e-08
7.089929705782389e-08
8.666503161486603e-08
1.059024712935558e-07
1.293648694259134e-07
1.580442718633050e-07
1.928768292530097e-07
2.354069005694285e-07
2.872682545612621e-07
3.504271899572134e-07
4.273721578853165e-07
5.211085732793798e-07
6.352444794832454e-07
7.741771145380316e-07
9.432656506021591e-07
1.149017974346238e-06
1.399282122140786e-06
1.703705228633663e-06
2.073678381274469e-06
2.523587579008625e-06
3.069884852148295e-06
3.733657677621295e-06
4.539694659808076e-06
5.518350262696947e-06
6.705601473443237e-06
8.146063728874064e-06
9.893008861168808e-06
1.201087139306368e-05
1.457747164228491e-05
1.768728014671952e-05
2.145210323379161e-05
2.600957210404506e-05
3.152522064806381e-05
3.819551270983378e-05
4.625953692626252e-05
5.600602302249081e-05
6.777727587903483e-05
8.199286998327743e-05
9.914470326035458e-05
1.198332261441457e-04
1.447731409269090e-04
1.748349431713130e-04
2.110162816737935e-04
2.545668702865643e-04
3.069608412628886e-04
3.699415639697787e-04
4.456073141776773e-04
5.364242561931879e-04
6.453863768066895e-04
7.760290406551188e-04
9.325312442754579e-04
1.119829062330194e-03
1.343902444107800e-03
1.611713036697986e-03
1.931300696752095e-03
2.312603452077129e-03
2.767252414812250e-03
3.308595326054664e-03
3.951849083821152e-03
4.716353799075845e-03
5.623484477186714e-03
6.698514861209526e-03
7.971167172631766e-03
9.475011007051419e-03
1.125085280465245e-02
1.334246927170182e-02
1.580274352068235e-02
1.869341792373124e-02
2.208326929463496e-02
2.604776823539394e-02
3.067861364152992e-02
3.607281920304999e-02
4.234444684771935e-02
4.961234023941676e-02
5.801823159844991e-02
6.770798737553449e-02
7.884878375955592e-02
9.159758768125868e-02
1.061420532234413e-01
1.226822369403892e-01
1.413900830279417e-01
1.624632611494368e-01
1.860761968912464e-01
2.123876032229698e-01
2.415302965868587e-01
2.735825713623868e-01
3.085959856607952e-01
3.465205301549240e-01
3.872375017239435e-01
4.305439951380466e-01
4.761079195658315e-01
5.234650335293695e-01
5.720671190633863e-01
6.211895095203221e-01
6.700719569457986e-01
7.178184504482046e-01
7.635455576043204e-01
8.063622826065426e-01
8.454704329420437e-01
8.802065610622379e-01
9.101126449298451e-01
9.350077611660784e-01
9.549065931207364e-01
9.699598912593117e-01
9.812542147798116e-01
9.889276983134541e-01
9.938956915308174e-01
9.968933093946948e-01
9.985599188435166e-01
9.993976680291540e-01
9.997670949374275e-01
9.999192024736100e-01
9.999752516061993e-01
9.999933792939356e-01
9.999984797033293e-01
9.999997041381163e-01
9.999999522856611e-01
9.999999937065503e-01
9.999999993439873e-01
9.999999999454491e-01
9.999999999968876e-01
9.999999999997902e-01
1.000000000000010e+00
9.999999999999958e-01
1.000000000000001e+00
9.999999999999997e-01
1.000000000000000e+00
1.000000000000000e+00
1.000000000000000e+00
1.000000000000000e+00
1.000000000000000e+00
1.000000000000000e+00
1.000000000000000e+00
1.000000000000000e+00
1.000000000000000e+00
###8.000000000000004e+00
2.635982304156855e-09
3.355170941135383e-09
4.215835725695448e-09
5.246166204123803e-09
6.511373820845410e-09
8.064755833416872e-09
9.955851453205604e-09
1.226346913562884e-08
1.508231777054829e-08
1.852614944171736e-08
2.272863878808149e-08
2.786146926465043e-08
3.413077439414180e-08
4.178549275866117e-08
5.113524460140046e-08
6.254166152727900e-08
7.646084657450676e-08
9.344527485417787e-08
1.141652109231281e-07
1.394300162868086e-07
1.703037591713098e-07
2.077967260467158e-07
2.535624618499567e-07
3.093561602383281e-07
3.772873499169722e-07
4.600260187704299e-07
5.607955508347406e-07
6.834642873009357e-07
8.327449037578366e-07
1.014380324228852e-06
1.235341660958776e-06
1.504032805321822e-06
1.830781668790383e-06
2.227776956529016e-06
2.710412604565299e-06
3.296274717900037e-06
4.007914763656438e-06
4.871821999330447e-06
5.920425357747471e-06
7.192138745270621e-06
8.734592517923638e-06
1.060463526647657e-05
1.287099597385144e-05
1.561665071951481e-05
1.894229536578312e-05
2.296701540797998e-05
2.783740269511974e-05
3.372967009231303e-05
4.085279338194412e-05
4.946106259075406e-05
5.986143435677894e-05
7.241753227401765e-05
8.757495950164175e-05
1.058557517286860e-04
1.278969143834349e-04
1.544562151780911e-04
1.864565245243862e-04
2.249548501679481e-04
2.712698060944558e-04
3.269657595664651e-04
3.938838710929354e-04
4.742408903451514e-04
5.706404165641753e-04
6.862347444075506e-04
8.247691488005669e-04
9.906288823501046e-04
1.189014653402504e-03
1.426217245066161e-03
1.709553595668965e-03
2.047462308502036e-03
2.450373054641802e-03
2.930478657731396e-03
3.501752645498256e-03
4.180102872732297e-03
4.985746210995927e-03
5.940998414124679e-03
7.072197000760044e-03
8.410296340696332e-03
9.990202348367729e-03
1.185428774202429e-02
1.404785645969991e-02
1.662590054749974e-02
1.965191868664689e-02
2.319707639528869e-02
2.733898049533066e-02
3.217192446851531e-02
3.779531624181625e-02
4.432586860265891e-02
5.188468699686666e-02
6.061605122159805e-02
7.066771738065240e-02
8.220866888791932e-02
9.539621134804208e-02
1.104183231410731e-01
1.274744252046812e-01
1.467333267463726e-01
1.683888285625824e-01
1.926089728903974e-01
2.195438109688517e-01
2.493149423714458e-01
2.819863545999608e-01
3.175930790042319e-01
3.560651699151208e-01
3.972620501141083e-01
4.409574461214739e-01
4.867952789361907e-01
5.342883044433486e-01
5.828677649756123e-01
6.317940337918626e-01
6.802985799488891e-01
7.274865223925348e-01
7.724865945805964e-01
8.144315358156400e-01
8.525580004479191e-01
8.862471787921516e-01
9.150928709964596e-01
9.389590353783800e-01
9.579127144092662e-01
9.721876439684221e-01
9.827549392461098e-01
9.899018134554433e-01
9.944856070603850e-01
9.972235583254099e-01
9.987285350071606e-01
9.994753637411676e-01
9.997999058865261e-01
9.999316069124415e-01
9.999793895747040e-01
9.999945824835094e-01
9.999987797575611e-01
9.999997674205205e-01
9.999999633367848e-01
9.999999952775742e-01
9.999999995213745e-01
9.999999999610677e-01
9.999999999979082e-01
9.999999999998442e-01
1.000000000000011e+00
9.999999999999961e-01
1.000000000000001e+00
9.999999999999998e-01
1.000000000000000e+00
1.000000000000000e+00
1.000000000000000e+00
1.000000000000000e+00
1.000000000000000e+00
1.000000000000000e+00
1.000000000000000e+00
1.000000000000000e+00
1.000000000000000e+00
###8.200000000000003e+00
2.848688370237696e-09
3.622618740200001e-09
4.551992173893919e-09
5.664266886881866e-09
7.029933809075814e-09
8.706410656045242e-09
1.074694590746194e-08
1.323644830180663e-08
1.627692312582770e-08
1.999081862393689e-08
2.452193666808935e-08
3.005501379107472e-08
3.681188193439008e-08
4.506022871276623e-08
5.513304013583294e-08
6.741891617825717e-08
8.240809471652664e-08
1.006942006720087e-07
1.229971977328473e-07
1.501861943824303e-07
1.834020499916998e-07
2.237336971744424e-07
2.729511259596017e-07
3.329386192873340e-07
4.059579995470792e-07
4.948722636981340e-07
6.031364663241301e-07
7.348954966989442e-07
8.951970023851739e-07
1.090191398644075e-06
1.327341443346765e-06
1.615640720197606e-06
1.966139376257242e-06
2.391871518350275e-06
2.909299529751264e-06
3.537210799735163e-06
4.299707346180774e-06
5.225078738066981e-06
6.347949328400481e-06
7.709309768964242e-06
9.359978967166710e-06
1.136058575756147e-05
1.378439527702275e-05
1.671982781234420e-05
2.027414991838982e-05
2.457412587584631e-05
2.977579582041436e-05
3.606662771617956e-05
4.366877796070314e-05
5.285254051261275e-05
6.394405146041889e-05
7.732935554226507e-05
9.348141826588690e-05
1.129539312623317e-04
1.364222815213278e-04
1.646894231375543e-04
1.987331411386901e-04
2.396725570598153e-04
2.888987255222299e-04
3.480701309385952e-04
4.191303215359197e-04
5.044198391667153e-04
6.066857092276257e-04
7.292459210126159e-04
8.760633730416912e-04
1.051739294625327e-03
1.261749294120481e-03
1.512707432895513e-03
1.812299563737089e-03
2.169377924035817e-03
2.594881845124463e-03
3.101585769396654e-03
3.704110123449312e-03
4.419075795720161e-03
5.267604785561529e-03
6.272980980942817e-03
7.462635366036920e-03
8.868787275162765e-03
1.052771033460954e-02
1.248335107049496e-02
1.478266345550905e-02
1.748268871831573e-02
2.064886521972123e-02
2.435439306588957e-02
2.867941796122639e-02
3.372071018090630e-02
3.958006160955768e-02
4.637681706033087e-02
5.423429175754743e-02
6.329924762942343e-02
7.372122145802236e-02
8.567086573434717e-02
9.930562323102303e-02
1.148135671576043e-01
1.323932013153847e-01
1.522098468800169e-01
1.744530447867909e-01
1.992840107741428e-01
2.268436571734705e-01
2.572418736595712e-01
2.905278570135176e-01
3.267196756937326e-01
3.657271022587381e-01
4.073874916223808e-01
4.514511915004396e-01
4.975383911547201e-01
5.451394132873214e-01
5.936658552586206e-01
6.423643854690726e-01
6.904597144770123e-01
7.370598795236467e-01
7.813075766013435e-01
8.223610249651767e-01
8.594929707667887e-01
8.921305585116361e-01
9.199186696917072e-01
9.427670674234256e-01
9.607930738942531e-01
9.742993877280597e-01
9.841741488768146e-01
9.908145696360866e-01
9.950331527343560e-01
9.975267991318983e-01
9.988814959158860e-01
9.995448893438211e-01
9.998288673053499e-01
9.999423946029570e-01
9.999829301864063e-01
9.999955939257744e-01
9.999990271702989e-01
9.999998185113546e-01
9.999999720583859e-01
9.999999964877430e-01
9.999999996543175e-01
9.999999999724730e-01
9.999999999986235e-01
9.999999999998830e-01
1.000000000000011e+00
9.999999999999964e-01
1.000000000000001e+00
9.999999999999998e-01
1.000000000000000e+00
1.000000000000000e+00
1.000000000000000e+00
1.000000000000000e+00
1.000000000000000e+00
1.000000000000000e+00
1.000000000000000e+00
1.000000000000000e+00
1.000000000000000e+00
###8.400000000000002e+00
3.076421058717958e-09
3.909048619040698e-09
4.912010739913918e-09
6.112023449471974e-09
7.585236520379314e-09
9.393470480839545e-09
1.159392701530243e-08
1.427803095240602e-08
1.755557860114560e-08
2.155830170381059e-08
2.644080393008006e-08
3.240174769332882e-08
3.967971255213280e-08
4.856237554234267e-08
5.940763426394159e-08
7.263282055881521e-08
8.876454347662705e-08
1.084402580907394e-07
1.324328486337776e-07
1.616750152691298e-07
1.973894398342542e-07
2.407484732101658e-07
2.936462013031257e-07
3.581040879770382e-07
4.365458055853870e-07
5.320394580356311e-07
6.482862117180501e-07
7.897246264121632e-07
9.617578918394193e-07
1.170968913554294e-06
1.425342009848593e-06
1.734496091254964e-06
2.110247018140960e-06
2.566524661424066e-06
3.120923412238792e-06
3.793502509860552e-06
4.610005446383851e-06
5.600626674666945e-06
6.802312678751315e-06
8.258778144320839e-06
1.002421201193324e-05
1.216323624864717e-05
1.475390581540068e-05
1.789038671658513e-05
2.168687823219422e-05
2.627824051465369e-05
3.183047196309200e-05
3.854289750596828e-05
4.665155204147332e-05
5.644357076431349e-05
6.826526325665238e-05
8.252624352432910e-05
9.972822889158095e-05
1.204581469158726e-04
1.454316661740237e-04
1.754991317088979e-04
2.116958823213002e-04
2.552060172157105e-04
3.074966842771215e-04
3.703245329568265e-04
4.457402468345748e-04
5.362136635712825e-04
6.446414333481836e-04
7.745148220656021e-04
9.300224141994474e-04
1.115991326190656e-03
1.338182677097402e-03
1.603546593946359e-03
1.920151836027326e-03
2.297279519953063e-03
2.746397095314286e-03
3.280880968453520e-03
3.916019981543008e-03
4.669170491748699e-03
5.562388453282232e-03
6.619953624621558e-03
7.870420344840617e-03
9.347305951890612e-03
1.108828232304316e-02
1.313877202566785e-02
1.554782074210630e-02
1.837413188684400e-02
2.168528157872999e-02
2.555646593958719e-02
3.007043339606883e-02
3.532642790099772e-02
4.142861001299565e-02
4.849893313760965e-02
5.666286425772658e-02
6.606957510367578e-02
7.687026591992759e-02
8.923711078669014e-02
1.033274776990559e-01
1.193292938306743e-01
1.374398526597914e-01
1.578206221250815e-01
1.806564813997322e-01
2.061013667599027e-01
2.342865679431771e-01
2.653097689515391e-01
2.992048958815858e-01
3.359726285324949e-01
3.755021330220478e-01
4.176085321997688e-01
4.620188267388886e-01
5.083296819891060e-01
5.560099224989703e-01
6.044521600782170e-01
6.528907833711249e-01
7.005453359218231e-01
7.465285985421090e-01
7.899990666619289e-01
8.301421656955685e-01
8.662674719684343e-01
8.978507377819688e-01
9.245857631774844e-01
9.464290417737288e-01
9.635460004961559e-01
9.762972652978582e-01
9.855115929536895e-01
9.916669152317836e-01
9.955395082565431e-01
9.978041092675626e-01
9.990196333106068e-01
9.996067997827217e-01
9.998542936784804e-01
9.999517212844697e-01
9.999859401072554e-01
9.999964381950215e-01
9.999992295995895e-01
9.999998594135256e-01
9.999999788777427e-01
9.999999974105825e-01
9.999999997528418e-01
9.999999999807083e-01
9.999999999991166e-01
9.999999999999111e-01
1.000000000000011e+00
9.999999999999968e-01
1.000000000000001e+00
9.999999999999998e-01
1.000000000000000e+00
1.000000000000000e+00
1.000000000000000e+00
1.000000000000000e+00
1.000000000000000e+00
1.000000000000000e+00
1.000000000000000e+00
1.000000000000000e+00
1.000000000000000e+00
###8.600000000000001e+00
3.320123305686867e-09
4.215650777981889e-09
5.297388092164145e-09
6.591294441378874e-09
8.179581937888120e-09
1.012877336205466e-08
1.250028141710906e-08
1.539248761997097e-08
1.892350346334854e-08
2.323496606220700e-08
2.849299480478723e-08
3.491110179492234e-08
4.274572462994267e-08
5.230584170444382e-08
6.397589735824185e-08
7.820381865850115e-08
9.555495011777424e-08
1.167134089861613e-07
1.425084027651255e-07
1.739402836092383e-07
2.123188635486963e-07
2.589059935374634e-07
3.157247462787440e-07
3.849455919280476e-07
4.691629150845830e-07
5.716627359205960e-07
6.964075488644801e-07
8.481476180778098e-07
1.032663328331707e-06
1.256996391214011e-06
1.529684154510364e-06
1.861008341819812e-06
2.263596229075110e-06
2.752326372313308e-06
3.345991960610840e-06
4.065998143004351e-06
4.939825364999296e-06
5.999682654135133e-06
7.284971504688301e-06
8.842285140024228e-06
1.072937250630093e-05
1.301507192213809e-05
1.578249339682738e-05
1.913186470725015e-05
2.318469556987269e-05
2.808437873921465e-05
3.400740350128065e-05
4.116558036614053e-05
4.980955063539271e-05
6.024416457010655e-05
7.283694111211637e-05
8.802225989153106e-05
1.063320367880676e-04
1.283880790203934e-04
1.549483125470812e-04
1.869127639335005e-04
2.253770673198425e-04
2.715932765648028e-04
3.271083972145862e-04
3.937814648582039e-04
4.737752001170936e-04
5.696944293300361e-04
6.845918375398946e-04
8.221397519101177e-04
9.867608533989706e-04
1.183518256340285e-03
1.418469546588447e-03
1.698914052437679e-03
2.033317802634979e-03
2.431406396909651e-03
2.905194302753829e-03
3.468680673971120e-03
4.137844687185948e-03
4.930800950285500e-03
5.870568646118494e-03
6.982451469980337e-03
8.296157214678504e-03
9.846534415949069e-03
1.167268344441231e-02
1.382155493164060e-02
1.634427823267995e-02
1.930128170997935e-02
2.276229737205050e-02
2.680452356379124e-02
3.151335371635848e-02
3.699054736931804e-02
4.334252567422451e-02
5.069386242977223e-02
5.917211240841582e-02
6.892877761769237e-02
8.011659607413062e-02
9.290910636621276e-02
1.074633790876574e-01
1.239669430986604e-01
1.426155764849428e-01
1.635665169359042e-01
1.869995692101327e-01
2.130609282151025e-01
2.418717717102494e-01
2.735170811323077e-01
3.080150375751383e-01
3.453485192395618e-01
3.853857845328441e-01
4.279195930426516e-01
4.726536718951503e-01
5.191611022721813e-01
5.668912008026967e-01
6.152173401568152e-01
6.633634389916339e-01
7.105455280062305e-01
7.558830090621744e-01
7.985520248209124e-01
8.377669172360832e-01
8.728755912344761e-01
9.034025183083999e-01
9.290906498033092e-01
9.499429362502990e-01
9.661706483639835e-01
9.781835006059781e-01
9.867679468381794e-01
9.924601833646786e-01
9.960060380302274e-01
9.980566919391384e-01
9.991438343471155e-01
9.996616633342398e-01
9.998764983992808e-01
9.999597381798653e-01
9.999884826301938e-01
9.999971380308300e-01
9.999993939629912e-01
9.999998918882411e-01
9.999999841612273e-01
9.999999981073833e-01
9.999999998250602e-01
9.999999999865899e-01
9.999999999994507e-01
9.999999999999314e-01
1.000000000000010e+00
9.999999999999971e-01
1.000000000000001e+00
9.999999999999998e-01
1.000000000000000e+00
1.000000000000000e+00
1.000000000000000e+00
1.000000000000000e+00
1.000000000000000e+00
1.000000000000000e+00
1.000000000000000e+00
1.000000000000000e+00
1.000000000000000e+00
###8.800000000000001e+00
3.580790155527129e-09
4.543681227655611e-09
5.709703650617295e-09
7.104041070920452e-09
8.815396894590989e-09
1.091531363203281e-08
1.346968730248049e-08
1.658432292472806e-08
2.038620218403106e-08
2.502752610076856e-08
3.068668475608967e-08
3.759301745179781e-08
4.602199460783036e-08
5.630528297160040e-08
6.885560264256532e-08
8.415344424450506e-08
1.028053860121851e-07
1.255451986723915e-07
1.532620059996018e-07
1.870280983083663e-07
2.282460162105236e-07
2.782726692627494e-07
3.392679079763875e-07
4.135609323083756e-07
5.039272012475429e-07
6.138840933218284e-07
7.476714583084239e-07
9.103702512586522e-07
1.108160838366354e-06
1.348571422410129e-06
1.640725482093436e-06
1.995606972867776e-06
2.426702588608877e-06
2.949895186804072e-06
3.585246906335282e-06
4.355586494785072e-06
5.290231602333507e-06
6.423520778214178e-06
7.797450054115059e-06
9.461652886802747e-06
1.147763707801421e-05
1.391869172747887e-05
1.687325819614114e-05
2.044795770164799e-05
2.477200498134169e-05
2.999778162841808e-05
3.631282418946495e-05
4.394208525737799e-05
5.315157126427742e-05
6.426475883187748e-05
7.767145621051585e-05
9.383205427373829e-05
1.133101734405250e-04
1.367642100656362e-04
1.649964014523846e-04
1.989588346214918e-04
2.398102862154784e-04
2.888738564322778e-04
3.477802918347875e-04
4.184954085158300e-04
5.032990250627079e-04
6.049368436058507e-04
7.266242086507629e-04
8.722225035632445e-04
1.046397264151469e-03
1.254457923687826e-03
1.502769837693880e-03
1.798995024749189e-03
2.152011519183792e-03
2.572005367680067e-03
3.071557397537262e-03
3.665310731846441e-03
4.369957199385051e-03
5.204392776312045e-03
6.192629583405361e-03
7.361027720675641e-03
8.740466495495539e-03
1.036717119187782e-02
1.228169709876892e-02
1.453258324376915e-02
1.717300608144946e-02
2.026520914608279e-02
2.388108805220248e-02
2.809987573198260e-02
3.300959980932004e-02
3.871455146155559e-02
4.532338214878120e-02
5.296325454639905e-02
6.176374110870968e-02
7.187858712271070e-02
8.346193395761464e-02
9.668851779824715e-02
1.117148783380900e-01
1.287278823617255e-01
1.479214755713009e-01
1.694482768910176e-01
1.934825935884590e-01
2.201624092104661e-01
2.495982955141919e-01
2.818620349821946e-01
3.169555970994780e-01
3.548436608784799e-01
3.953733023590775e-01
4.383148229887507e-01
4.833487985644013e-01
5.300252578128160e-01
5.777744706262734e-01
6.259519836629948e-01
6.737725954265638e-01
7.204505301549102e-01
7.651137287095559e-01
8.069578377179748e-01
8.452277971868696e-01
8.793112338464165e-01
9.087814507040293e-01
9.334305839818778e-01
9.533074823300252e-01
9.686669192501889e-01
9.799604692904803e-01
9.879444323182862e-01
9.931960373134197e-01
9.964343130942784e-01
9.982858443326023e-01
9.992550203209525e-01
9.997100505906596e-01
9.998957883510665e-01
9.999665898311269e-01
9.999906168847725e-01
9.999977141661506e-01
9.999995264163714e-01
9.999999169562803e-01
9.999999882186684e-01
9.999999986280990e-01
9.999999998775191e-01
9.999999999907082e-01
9.999999999996858e-01
9.999999999999420e-01
1.000000000000010e+00
9.999999999999971e-01
1.000000000000001e+00
9.999999999999998e-01
1.000000000000000e+00
1.000000000000000e+00
1.000000000000000e+00
1.000000000000000e+00
1.000000000000000e+00
1.000000000000000e+00
1.000000000000000e+00
1.000000000000000e+00
1.000000000000000e+00
###9.000000000000000e+00
3.859471104597854e-09
4.894464938727443e-09
6.150623565511944e-09
7.652332135725900e-09
9.495241182302400e-09
1.175624952227946e-08
1.450602358446498e-08
1.785828670795723e-08
2.194947814968573e-08
2.694305962328316e-08
3.303049027990328e-08
4.045797043507319e-08
4.952124571764211e-08
6.057613710005928e-08
7.406546780118182e-08
9.050437060842495e-08
1.105432962325546e-07
1.349688270938841e-07
1.647337955849072e-07
2.009869534956449e-07
2.452294718159381e-07
2.989189743648395e-07
3.643609434572088e-07
4.440528919837843e-07
5.409625109756301e-07
6.588526851160752e-07
8.022574940294964e-07
9.766085663913155e-07
1.188510216126309e-06
1.446006264806331e-06
1.758841116516074e-06
2.138742378017260e-06
2.600106619998553e-06
3.159879370763956e-06
3.839465383944628e-06
4.663198510188276e-06
5.662338745018201e-06
6.873474773477018e-06
8.341343399355791e-06
1.011878717117168e-05
1.227128190746550e-05
1.487681167673933e-05
1.802943986526018e-05
2.184252651954288e-05
2.645340429647397e-05
3.202392008491892e-05
3.875323868729712e-05
4.688013213032481e-05
5.668678618957304e-05
6.851623107781418e-05
8.278169675417659e-05
9.997088211728290e-05
1.206806792848378e-04
1.456078509879590e-04
1.756010801596859e-04
2.116669848088109e-04
2.550304392071263e-04
3.070887991210473e-04
3.695605588505962e-04
4.445228855911525e-04
5.343779203936232e-04
6.420183267942972e-04
7.708289518524203e-04
9.248684473065381e-04
1.109054310061377e-03
1.328952832813397e-03
1.591248791660708e-03
1.903980742556419e-03
2.276453837018007e-03
2.719330893814010e-03
3.245778884297220e-03
3.871106558406072e-03
4.612741112648343e-03
5.490383326528338e-03
6.529068514689578e-03
7.756261011979190e-03
9.203984025853734e-03
1.090993090186732e-02
1.291612319936839e-02
1.527269095215239e-02
1.803499187822244e-02
2.126700335855131e-02
2.504283301350754e-02
2.944382603743573e-02
3.456057915738651e-02
4.049993600851325e-02
4.737276124459284e-02
5.530876154820015e-02
6.443945015896961e-02
7.492072095152273e-02
8.690797519771569e-02
1.005769697165977e-01
1.160834687766782e-01
1.336134017703250e-01
1.533585531063071e-01
1.754665232587262e-01
2.001056890187750e-01
2.274053452894610e-01
2.574649604551242e-01
2.903426237925141e-01
3.260236364653195e-01
3.644540986923641e-01
4.054596592247785e-01
4.487881062025575e-01
4.940970403547208e-01
5.409140123846249e-01
5.886508265375385e-01
6.366466379559802e-01
6.841085564823070e-01
7.302507659960921e-01
7.742116917565588e-01
8.152083417246212e-01
8.525178977444684e-01
8.855689789865629e-01
9.139838112570842e-01
9.376035498853711e-01
9.565221219340945e-01
9.710353906915408e-01
9.816307408691706e-01
9.890427633609601e-01
9.938764144250568e-01
9.968260640938083e-01
9.984929289723173e-01
9.993541282085274e-01
9.997525249488407e-01
9.999124595215862e-01
9.999724124721071e-01
9.999923973211544e-01
9.999981815011484e-01
9.999996323602951e-01
9.999999371401131e-01
9.999999913002776e-01
9.999999990146915e-01
9.999999999148024e-01
9.999999999936997e-01
9.999999999998052e-01
9.999999999999606e-01
1.000000000000007e+00
9.999999999999981e-01
1.000000000000000e+00
9.999999999999999e-01
1.000000000000000e+00
1.000000000000000e+00
1.000000000000000e+00
1.000000000000000e+00
1.000000000000000e+00
1.000000000000000e+00
1.000000000000000e+00
1.000000000000000e+00
1.000000000000000e+00
###9.199999999999999e+00
4.157272904224055e-09
5.269399200730254e-09
6.621904917579957e-09
8.238349229140016e-09
1.022181397185836e-08
1.265491069400516e-08
1.561337958998631e-08
1.921938580212647e-08
2.361944784405661e-08
2.898902517184889e-08
3.553348987174051e-08
4.351699624799995e-08
5.325687859235794e-08
6.513466055680865e-08
7.962519923727456e-08
9.728046377899433e-08
1.187975634140452e-07
1.450192256595091e-07
1.769659923882159e-07
2.158678479087404e-07
2.633308167194898e-07
3.209192022789497e-07
3.910934381763982e-07
4.765294593280529e-07
5.803989302128168e-07
7.067251393414915e-07
8.603541550544739e-07
1.047089306958638e-06
1.273984052797849e-06
1.549628464015920e-06
1.884424435653653e-06
2.290886737062429e-06
2.784374816623845e-06
3.382958134877507e-06
4.109461382613378e-06
4.989808971306089e-06
6.057313518242188e-06
7.350940269898959e-06
8.918319747747011e-06
1.081566402282278e-05
1.311268636207559e-05
1.589227050709621e-05
1.925442271405241e-05
2.331960346429108e-05
2.823369318774941e-05
3.416850304230635e-05
4.133543180571551e-05
4.998774903223711e-05
6.042475548922412e-05
7.300991443006007e-05
8.818108539559931e-05
1.064546247210335e-04
1.284623267985744e-04
1.549411677065413e-04
1.867884931355539e-04
2.250680164839277e-04
2.710737761510027e-04
3.262807127983017e-04
3.924992028934759e-04
4.719225143382345e-04
5.670805038177723e-04
6.810190838744135e-04
8.172996697806857e-04
9.801866176892039e-04
1.174858840079242e-03
1.407150257391093e-03
1.684077066467009e-03
2.014068569785241e-03
2.406872524241805e-03
2.873645206740001e-03
3.428159957712548e-03
4.086413242859991e-03
4.866590726372193e-03
5.789221733444773e-03
6.880395475050603e-03
8.168708053958192e-03
9.687360539434571e-03
1.147554418415264e-02
1.357677860615169e-02
1.604282909789255e-02
1.893124109494431e-02
2.230777056154250e-02
2.624869029771513e-02
3.083768583795698e-02
3.616770395330775e-02
4.234820692297451e-02
4.949225042208450e-02
5.773203510181893e-02
6.720093111442794e-02
7.805687825741121e-02
9.045638500297391e-02
1.045760415653897e-01
1.205705811328680e-01
1.386247087762613e-01
1.589277068963778e-01
1.816217470358532e-01
2.068688331372685e-01
2.347890878923471e-01
2.654703768459571e-01
2.989566058064759e-01
3.352159629691902e-01
3.741756108759981e-01
4.156395587884497e-01
4.593330694460060e-01
5.048910013372014e-01
5.518190507421382e-01
5.995112502128177e-01
6.472918256863810e-01
6.943617139804876e-01
7.399368715248252e-01
7.831681763764512e-01
8.232958452248574e-01
8.596308932619644e-01
8.916440805622644e-01
9.190065903393597e-01
9.416082371727157e-01
9.595869667672189e-01
9.732772518029935e-01
9.831970995816829e-01
9.900650715341667e-01
9.945034755849911e-01
9.971831400909513e-01
9.986793481046747e-01
9.994420949752580e-01
9.997896348768305e-01
9.999267936312887e-01
9.999773329020484e-01
9.999938734533597e-01
9.999985655559062e-01
9.999997164295228e-01
9.999999527453139e-01
9.999999936262952e-01
9.999999992984743e-01
9.999999999412659e-01
9.999999999957736e-01
9.999999999998804e-01
9.999999999999736e-01
1.000000000000005e+00
9.999999999999988e-01
1.000000000000000e+00
9.999999999999999e-01
1.000000000000000e+00
1.000000000000000e+00
1.000000000000000e+00
1.000000000000000e+00
1.000000000000000e+00
1.000000000000000e+00
1.000000000000000e+00
1.000000000000000e+00
1.000000000000000e+00
###9.399999999999999e+00
4.475362275302981e-09
5.669957052523429e-09
7.125400111059971e-09
8.864396653336629e-09
1.099796051523995e-08
1.361480678350348e-08
1.679606510859260e-08
2.067289629554986e-08
2.540255579250420e-08
3.117328008019783e-08
3.820524585523162e-08
4.678171659904694e-08
5.724300292110318e-08
6.999797434551115e-08
8.555553805067698e-08
1.045068376758206e-07
1.275985739868855e-07
1.557331362422014e-07
1.900029958613833e-07
2.317243999226780e-07
2.826147849916158e-07
3.443514249039824e-07
4.195595110895009e-07
5.111040590219091e-07
6.223730589198117e-07
7.576658845510433e-07
9.221592782810933e-07
1.122050382475805e-06
1.364868285655743e-06
1.659781506196888e-06
2.017887845613332e-06
2.452534929716924e-06
2.980100732482322e-06
3.619843815237035e-06
4.396087261078463e-06
5.336438289905849e-06
6.476376861097345e-06
7.857377266375180e-06
9.530123850096228e-06
1.155438065067095e-05
1.400433709074809e-05
1.696803399522854e-05
2.055174129248521e-05
2.488339741812248e-05
3.011788084483867e-05
3.643748646113653e-05
4.406647958234811e-05
5.327337298029092e-05
6.437544168453475e-05
7.775761397095411e-05
9.388359779887355e-05
1.132998109541101e-04
1.366746454843542e-04
1.647872098269844e-04
1.985858148444135e-04
2.391939302771087e-04
2.879779404680609e-04
3.464938205720893e-04
4.166480982501213e-04
5.007550733561793e-04
6.014778833621727e-04
7.220221847370479e-04
8.661332526350172e-04
1.038289814003143e-03
1.243942000286420e-03
1.489202363718813e-03
1.781430872632293e-03
2.129462151104749e-03
2.543502427272387e-03
3.035218482505512e-03
3.619010690510090e-03
4.311585747768009e-03
5.131911256986621e-03
6.101369126527611e-03
7.247133530922536e-03
8.598960294093471e-03
1.019126194457619e-02
1.206475796274352e-02
1.426449746593162e-02
1.684392348363834e-02
1.986277760635632e-02
2.338863536314166e-02
2.749995966958724e-02
3.228278294138801e-02
3.783239985603459e-02
4.426087994107406e-02
5.168344200826998e-02
6.023472522467051e-02
7.004986552441925e-02
8.128873772872017e-02
9.410879533346866e-02
1.086872642276435e-01
1.251775796454040e-01
1.437629237883571e-01
1.646297246737920e-01
1.879143040770126e-01
2.137718419731970e-01
2.423128000043745e-01
2.736129407732821e-01
3.077015021811463e-01
3.445291292443621e-01
3.840037113776236e-01
4.259074419299957e-01
4.699430925093402e-01
5.157230713575779e-01
5.627318981783048e-01
6.103466350835967e-01
6.578780760833290e-01
7.045225783038491e-01
7.494997257840809e-01
7.919748324796912e-01
8.312131503757063e-01
8.665610542125576e-01
8.975324662293155e-01
9.238474786747022e-01
9.454440145740836e-01
9.625027569122605e-01
9.753942434751246e-01
9.846625489820962e-01
9.910138268677277e-01
9.950795584361900e-01
9.975074719808154e-01
9.988465209845878e-01
9.995198442467832e-01
9.998219076329264e-01
9.999390556602380e-01
9.999814677912559e-01
9.999950898704302e-01
9.999988751256992e-01
9.999997827277212e-01
9.999999647189420e-01
9.999999953688651e-01
9.999999995042970e-01
9.999999999600233e-01
9.999999999971503e-01
9.999999999999400e-01
9.999999999999790e-01
1.000000000000004e+00
9.999999999999989e-01
1.000000000000000e+00
9.999999999999999e-01
1.000000000000000e+00
1.000000000000000e+00
1.000000000000000e+00
1.000000000000000e+00
1.000000000000000e+00
1.000000000000000e+00
1.000000000000000e+00
1.000000000000000e+00
1.000000000000000e+00
###9.599999999999998e+00
4.814968780564914e-09
6.097690962598261e-09
7.663061425871647e-09
9.532894747671164e-09
1.182668467343943e-08
1.463963592542526e-08
1.805862086637572e-08
2.222437628572309e-08
2.730559001137313e-08
3.350409923325030e-08
4.105582705688609e-08
5.026436699289269e-08
6.149447039592113e-08
7.518408261715597e-08
9.187830770053361e-08
1.122099114077181e-07
1.369782866603195e-07
1.671491936582710e-07
2.038914823899316e-07
2.486129645888525e-07
3.031493993894641e-07
3.692976602908692e-07
4.498580145213344e-07
5.478957903620873e-07
6.670282947685729e-07
8.118474872401261e-07
9.878804365659960e-07
1.201741344461546e-06
1.461462761917004e-06
1.776825486769654e-06
2.159663566277004e-06
2.624205461945995e-06
3.187906072134958e-06
3.871280595231430e-06
4.700206604801187e-06
5.704154215641970e-06
6.920806054692313e-06
8.394312739325017e-06
1.017858002299657e-05
1.233711826587921e-05
1.494883235731074e-05
1.810719992761873e-05
2.192508618949691e-05
2.653830182416869e-05
3.211119383423847e-05
3.883708248789187e-05
4.695375953565550e-05
5.674575853116073e-05
6.854922398307494e-05
8.277162340577679e-05
9.990378220706005e-05
1.205236395375064e-04
1.453379475740859e-04
1.751699402096174e-04
2.110212837039118e-04
2.540779643716590e-04
3.057820112259352e-04
3.677740112472798e-04
4.420610465624059e-04
5.310835660216135e-04
6.376437314092957e-04
7.651136476350465e-04
9.174299719707474e-04
1.099294705134276e-03
1.316439350966036e-03
1.575266353485086e-03
1.883492117192280e-03
2.250371570774927e-03
2.686585645389186e-03
3.204329032372117e-03
3.818650240772342e-03
4.546989135194711e-03
5.409119091285564e-03
6.427298916246142e-03
7.629819167313523e-03
9.047623727929881e-03
1.071636985403993e-02
1.267833594550426e-02
1.498013229590025e-02
1.767710535286092e-02
2.083064502864307e-02
2.451074104804380e-02
2.879788550871814e-02
3.378046120899324e-02
3.955610543632346e-02
4.623947973030464e-02
5.394795362803054e-02
6.281847861271581e-02
7.298792280124621e-02
8.461795497269924e-02
9.786680177015523e-02
1.129121163906122e-01
1.299057579331729e-01
1.490290756536815e-01
1.704652792957738e-01
1.943444101912249e-01
2.208143651720665e-01
2.499754519705504e-01
2.818908309044298e-01
3.165745953582047e-01
3.539594338575706e-01
3.939336533913367e-01
4.362574938688427e-01
4.806113195205397e-01
5.265854420378253e-01
5.736439409671283e-01
6.211478115931967e-01
6.683959535116324e-01
7.145818088112104e-01
7.589304807141066e-01
8.006238674854395e-01
8.389535728461480e-01
8.733032576751121e-01
9.032307339142038e-01
9.285048509619448e-01
9.491109011182782e-01
9.652708185763125e-01
9.773886018127586e-01
9.860303044603976e-01
9.918917692598624e-01
9.956071341935874e-01
9.978010401053772e-01
9.989958640063569e-01
9.995882753118115e-01
9.998498444668339e-01
9.999494921659411e-01
9.999849233549775e-01
9.999960862017171e-01
9.999991230671238e-01
9.999998346245386e-01
9.999999738394665e-01
9.999999966622464e-01
9.999999996523941e-01
9.999999999731264e-01
9.999999999980708e-01
9.999999999999806e-01
9.999999999999819e-01
1.000000000000004e+00
9.999999999999990e-01
1.000000000000000e+00
9.999999999999999e-01
1.000000000000000e+00
1.000000000000000e+00
1.000000000000000e+00
1.000000000000000e+00
1.000000000000000e+00
1.000000000000000e+00
1.000000000000000e+00
1.000000000000000e+00
1.000000000000000e+00
###9.799999999999997e+00
5.177387834096488e-09
6.554236558781711e-09
8.236945728969394e-09
1.024639608919629e-08
1.271114081151859e-08
1.573329358890444e-08
1.940582936453239e-08
2.387967908472325e-08
2.933569805607568e-08
3.599019449907877e-08
4.409583228820937e-08
5.397782365718067e-08
6.602690887779910e-08
8.071193154160802e-08
9.861646329009939e-08
1.204174683685270e-07
1.469703035728912e-07
1.793080105930893e-07
2.186805070591859e-07
2.665927555669871e-07
3.250064387533752e-07
3.958440460480694e-07
4.820927410472743e-07
5.870296734963030e-07
7.145151261890603e-07
8.694510003112671e-07
1.057735353237583e-06
1.286423877955330e-06
1.564081821647835e-06
1.901137800192592e-06
2.310204459193217e-06
2.806441432681795e-06
3.408441827024459e-06
4.138047998274126e-06
5.022775737504297e-06
6.094073731175641e-06
7.391937085644673e-06
8.963343224754052e-06
1.086559509157358e-05
1.316615248340817e-05
1.594888634488792e-05
1.931300297610315e-05
2.337830986071932e-05
2.828890123229711e-05
3.421908398840647e-05
4.137376864502884e-05
5.000496169339907e-05
6.041402731702216e-05
7.295691254864258e-05
8.806474183635290e-05
1.062567787744228e-04
1.281440014354139e-04
1.544733538132518e-04
1.861142646202948e-04
2.241242360747115e-04
2.697546333533447e-04
3.245265494996567e-04
3.901688896823685e-04
4.687938338602742e-04
5.629732859123486e-04
6.756543571265177e-04
8.103825203142532e-04
9.712935712084175e-04
1.163321929894945e-03
1.392490977791855e-03
1.665504608676445e-03
1.990448536237446e-03
2.377013494794952e-03
2.836371682266206e-03
3.381263463165680e-03
4.027407018183944e-03
4.792998736281854e-03
5.698641954114308e-03
6.767496953895010e-03
8.029002431219918e-03
9.515319004875122e-03
1.126338162678424e-02
1.331705858885384e-02
1.572455352422626e-02
1.854317752681353e-02
2.183590577412789e-02
2.567524871353163e-02
3.014372888577854e-02
3.533207932239509e-02
4.134027131267224e-02
4.828553975803493e-02
5.628745110721746e-02
6.548487805347727e-02
7.601675862606620e-02
8.804616032892351e-02
1.017319606632180e-01
1.172520211374152e-01
1.347563350893462e-01
1.544240973307479e-01
1.764349241446121e-01
2.009121365263377e-01
2.279958817319315e-01
2.577758177790653e-01
2.903020058836756e-01
3.255729281912536e-01
3.635029227966359e-01
4.039604339041252e-01
4.466836524810092e-01
4.913306715913124e-01
5.374701242228744e-01
5.845464483988173e-01
6.319055741087369e-01
6.788360882672154e-01
7.245302473325953e-01
7.682206019931451e-01
8.091082748465793e-01
8.465109808063189e-01
8.798530027946646e-01
9.087361517971806e-01
9.329777504387656e-01
9.526095375684750e-01
9.678930225690403e-01
9.792630050676994e-01
9.873037775976856e-01
9.927018505168023e-01
9.960887674739635e-01
9.980658446427846e-01
9.991287534138947e-01
9.996453206219172e-01
9.998738562303773e-01
9.999583259769188e-01
9.999877912785523e-01
9.999968973611589e-01
9.999993201222744e-01
9.999998749862553e-01
9.999999807189938e-01
9.999999976178923e-01
9.999999997567475e-01
9.999999999825464e-01
9.999999999985756e-01
1.000000000000038e+00
9.999999999999750e-01
1.000000000000006e+00
9.999999999999983e-01
1.000000000000000e+00
9.999999999999999e-01
1.000000000000000e+00
1.000000000000000e+00
1.000000000000000e+00
1.000000000000000e+00
1.000000000000000e+00
1.000000000000000e+00
1.000000000000000e+00
1.000000000000000e+00
1.000000000000000e+00
###9.999999999999996e+00
5.563983630323106e-09
7.041316628023096e-09
8.849219510803315e-09
1.100759007287269e-08
1.365465437912510e-08
1.689988201924695e-08
2.084272644851779e-08
2.564496731744988e-08
3.150040411751202e-08
3.864073551508711e-08
4.733641549827837e-08
5.793563555367133e-08
7.085675909678428e-08
8.660145062098495e-08
1.057941448103323e-07
1.291587203379971e-07
1.576099472861861e-07
1.922522706003036e-07
2.344216161544003e-07
2.857259857611535e-07
3.482622583299247e-07
4.240810397786457e-07
5.163726509258295e-07
6.286369188901089e-07
7.649914516241793e-07
9.306663427424943e-07
1.131952359345850e-06
1.376374900430582e-06
1.673054942130851e-06
2.033113899090237e-06
2.469984922225467e-06
2.999811620097104e-06
3.642389587049241e-06
4.420962275862850e-06
5.364777223873515e-06
6.507365451775329e-06
7.891166929179744e-06
9.566137644477496e-06
1.159316163814493e-05
1.404386045048520e-05
1.700733326445697e-05
2.058881988428213e-05
2.491543263544341e-05
3.013997799768860e-05
3.644723627655154e-05
4.405429693448526e-05
5.322809883013813e-05
6.428768019097161e-05
7.760976248126601e-05
9.365028986302922e-05
1.129583378450281e-04
1.361795007399057e-04
1.641028172343420e-04
1.976460586742915e-04
2.379251366930962e-04
2.862597624358893e-04
3.442536363102241e-04
4.137278194077273e-04
4.969042776188112e-04
5.964918680502825e-04
7.155887625382694e-04
8.579209402751446e-04
1.027831329514776e-03
1.230496163435331e-03
1.472241557744973e-03
1.760084609337732e-03
2.102493755610657e-03
2.509611222883337e-03
2.993117482290208e-03
3.566316689981045e-03
4.245618664469859e-03
5.050000081076982e-03
6.000918759385352e-03
7.122461271247034e-03
8.445246520332576e-03
1.000268078774315e-02
1.183300932716424e-02
1.398172149531598e-02
1.649864564213355e-02
1.944308103380937e-02
2.287963513982537e-02
2.688333347645233e-02
3.153876359887819e-02
3.693900648288798e-02
4.318635493665406e-02
5.040059414846663e-02
5.870337041070266e-02
6.823533075824961e-02
7.913800184249292e-02
9.157494902993656e-02
1.057057796909258e-01
1.217083367962407e-01
1.397304465752214e-01
1.599488167880793e-01
1.825390841894277e-01
2.076174008536533e-01
2.353156918252758e-01
2.657124678816107e-01
2.988441986551949e-01
3.346933002291673e-01
3.731553883610600e-01
4.140787959674025e-01
4.571796144015542e-01
5.020938573085155e-01
5.483689630820868e-01
5.954305918925457e-01
6.426107037513896e-01
6.891892005398114e-01
7.343589405014724e-01
7.773618737016493e-01
8.174201343266893e-01
8.538797687708527e-01
8.862064000345846e-01
9.140466379548962e-01
9.372658606127822e-01
9.559411488844058e-01
9.703717379258681e-01
9.810205201768381e-01
9.884865532734732e-01
9.934471818237817e-01
9.965270830405963e-01
9.983038841944427e-01
9.992465752596823e-01
9.996986208343706e-01
9.998944601438992e-01
9.999657680716345e-01
9.999901621854914e-01
9.999975536039001e-01
9.999994759801848e-01
9.999999061052699e-01
9.999999858875712e-01
9.999999983129725e-01
9.999999998311558e-01
9.999999999887955e-01
9.999999999989658e-01
1.000000000000057e+00
9.999999999999756e-01
1.000000000000006e+00
9.999999999999983e-01
1.000000000000000e+00
9.999999999999999e-01
1.000000000000000e+00
1.000000000000000e+00
1.000000000000000e+00
1.000000000000000e+00
1.000000000000000e+00
1.000000000000000e+00
1.000000000000000e+00
1.000000000000000e+00
1.000000000000000e+00
###1.020000000000000e+01
5.976192605817796e-09
7.560745142900107e-09
9.502163950421028e-09
1.181930832238400e-08
1.466072758929412e-08
1.814371976419241e-08
2.237461291187252e-08
2.752672702897442e-08
3.380762625982360e-08
4.146537037405936e-08
5.078931073018741e-08
6.215205388004586e-08
7.600131072944355e-08
9.287359475868847e-08
1.134367289342820e-07
1.384643694745730e-07
1.689343346209965e-07
2.060268156476134e-07
2.511689499336743e-07
3.060779806169485e-07
3.729940926076089e-07
4.541035811053771e-07
5.528120827771752e-07
6.728551813786858e-07
8.186228852180741e-07
9.956926646121940e-07
1.210770827174499e-06
1.471879018187151e-06
1.788727345551568e-06
2.173168017415381e-06
2.639501743485159e-06
3.204911478418604e-06
3.890462701940298e-06
4.720877463546680e-06
5.727232905474212e-06
6.945251350196015e-06
8.419955892854974e-06
1.020444002758594e-05
1.236336123746827e-05
1.497272468958079e-05
1.812713198962417e-05
2.193817464975388e-05
2.654064812669547e-05
3.209651961766837e-05
3.880157738813054e-05
4.688570327310060e-05
5.663151811663014e-05
6.837661073837162e-05
8.251948959961885e-05
9.954212777107272e-05
1.200248412324166e-04
1.446494792857636e-04
1.742491515734455e-04
2.097922006305012e-04
2.524556163478369e-04
3.036305307191291e-04
3.650069220300765e-04
4.385019793359051e-04
5.264522914528323e-04
6.317093626000101e-04
7.575287262807499e-04
9.078242297385993e-04
1.087154169263363e-03
1.300946238438440e-03
1.555840498850496e-03
1.859179263231559e-03
2.219827463866577e-03
2.648394882878383e-03
3.157087648667943e-03
3.759792179856981e-03
4.473632324045628e-03
5.318389202077205e-03
6.316399957869839e-03
7.492702484615235e-03
8.879128256660070e-03
1.051035835723953e-02
1.242598054447571e-02
1.467313653244817e-02
1.730330990364265e-02
2.037781189212713e-02
2.396292518394651e-02
2.813618644217722e-02
3.298427800991122e-02
3.860262416498043e-02
4.509582276572899e-02
5.258618144161701e-02
6.119736992355119e-02
7.107176421876293e-02
8.235326465059928e-02
9.520588484700936e-02
1.097897201414625e-01
1.262823577165850e-01
1.448291440824716e-01
1.656039561599965e-01
1.887780546719493e-01
2.144599661512704e-01
2.427729155730242e-01
2.737837686356400e-01
3.075149170363957e-01
3.439322701196154e-01
3.829123739925959e-01
4.242832365173687e-01
4.677388466825840e-01
5.128933886205979e-01
5.592736583605283e-01
6.062874693266744e-01
6.532539964652569e-01
6.994461307538083e-01
7.440591706823151e-01
7.863464300223960e-01
8.255528551404637e-01
8.610548792498218e-01
8.923601756777658e-01
9.191607510753117e-01
9.413694825018775e-01
9.591075102751682e-01
9.727097884711414e-01
9.826645532690310e-01
9.895823636293093e-01
9.941309877323490e-01
9.969247315316626e-01
9.985171319979668e-01
9.993506545043248e-01
9.997447700480271e-01
9.999120837762021e-01
9.999720097783521e-01
9.999921132537971e-01
9.999980815267826e-01
9.999995985590996e-01
9.999999299275117e-01
9.999999897457099e-01
9.999999988136499e-01
9.999999998839515e-01
9.999999999928390e-01
9.999999999992747e-01
1.000000000000054e+00
9.999999999999801e-01
1.000000000000005e+00
9.999999999999987e-01
1.000000000000000e+00
9.999999999999999e-01
1.000000000000000e+00
1.000000000000000e+00
1.000000000000000e+00
1.000000000000000e+00
1.000000000000000e+00
1.000000000000000e+00
1.000000000000000e+00
1.000000000000000e+00
1.000000000000000e+00
###1.040000000000000e+01
6.415526663236641e-09
8.114431475565119e-09
1.019818000367582e-08
1.268453125365822e-08
1.573304643314591e-08
1.946935159524772e-08
2.400706663689465e-08
2.953178246484161e-08
3.626572353060270e-08
4.447424732939477e-08
5.446685832720518e-08
6.664206344386268e-08
8.147874035584953e-08
9.955039043213143e-08
1.215708839873551e-07
1.483666737685069e-07
1.809824554822155e-07
2.206787398067360e-07
2.689793547155824e-07
3.277173119429247e-07
3.992846388689189e-07
4.860112811806279e-07
5.915309780336267e-07
7.198288260190048e-07
8.755830693656350e-07
1.064738713488278e-06
1.294441568841480e-06
1.573233442093103e-06
1.911460578711080e-06
2.321733900202685e-06
2.819274981013243e-06
3.422364190083742e-06
4.153407533192021e-06
5.038686863061745e-06
6.111211296023807e-06
7.409008826817800e-06
8.979830058214362e-06
1.088007239044322e-05
1.317836781421660e-05
1.595533706728024e-05
1.931137068700027e-05
2.336474402428592e-05
2.825833060303511e-05
3.416372616413122e-05
4.128828440359599e-05
4.987531921988483e-05
6.022391295601125e-05
7.269111888177325e-05
8.769828607554247e-05
1.057546737259189e-04
1.274733231509433e-04
1.535740407379392e-04
1.849360589274783e-04
2.225806031501617e-04
2.677485080725181e-04
3.219055124254433e-04
3.868316732281567e-04
4.645444168249588e-04
5.574999449835399e-04
6.686983021718077e-04
8.015588789594279e-04
9.601909796259636e-04
1.149376749185129e-03
1.374805247753607e-03
1.643442050276452e-03
1.962966964524774e-03
2.342655544425985e-03
2.793601571489612e-03
3.328554591942232e-03
3.962002106245483e-03
4.711804802070186e-03
5.598572792465147e-03
6.645547691064779e-03
7.878743938230950e-03
9.331238210904600e-03
1.103901570229886e-02
1.304303844269668e-02
1.539213182796007e-02
1.813946428759645e-02
2.134838287613938e-02
2.508688449539202e-02
2.943501426966037e-02
3.448157443061475e-02
4.032432530575446e-02
4.707014922068917e-02
5.484384361068398e-02
6.377103914154898e-02
7.399578359785663e-02
8.566413939127079e-02
9.894049708627067e-02
1.139851933805093e-01
1.309753103700798e-01
1.500533912584637e-01
1.713901272527940e-01
1.951519965355943e-01
2.214394362306432e-01
2.503664892149920e-01
2.819878794446283e-01
3.163114423409175e-01
3.532861563422600e-01
3.927691777765768e-01
4.345680133941320e-01
4.783545976711129e-01
5.237215960714202e-01
5.701757841142426e-01
6.171081289114869e-01
6.638262905738350e-01
7.095978694014548e-01
7.536224862290253e-01
7.951667877956419e-01
8.335003286549532e-01
8.680318263273957e-01
8.983116756435267e-01
9.240776799876654e-01
9.452895104890299e-01
9.621109123496913e-01
9.749104096220245e-01
9.841988023079649e-01
9.905950599398229e-01
9.947565654305066e-01
9.972843608555654e-01
9.987075167806035e-01
9.994422453260289e-01
9.997845985895960e-01
9.999270792234457e-01
9.999772184261966e-01
9.999937095358470e-01
9.999985037494069e-01
9.999996930455841e-01
9.999999480426410e-01
9.999999926019616e-01
9.999999991711254e-01
9.999999999209161e-01
9.999999999954675e-01
9.999999999994983e-01
1.000000000000046e+00
9.999999999999848e-01
1.000000000000004e+00
9.999999999999990e-01
1.000000000000000e+00
9.999999999999999e-01
1.000000000000000e+00
1.000000000000000e+00
1.000000000000000e+00
1.000000000000000e+00
1.000000000000000e+00
1.000000000000000e+00
1.000000000000000e+00
1.000000000000000e+00
1.000000000000000e+00
###1.059999999999999e+01
6.883576768755007e-09
8.704384950065939e-09
1.093979370278061e-08
1.360639519446202e-08
1.687548948609360e-08
2.088155938863352e-08
2.574595593955190e-08
3.166731254099882e-08
3.888357591856190e-08
4.767803899021463e-08
5.838203371986683e-08
7.142141731403956e-08
8.730815276456033e-08
1.066549821137251e-07
1.302246293891032e-07
1.588995187473293e-07
1.937952585759338e-07
2.362575010656231e-07
2.879125066290555e-07
3.507159928750815e-07
4.272206716177273e-07
5.199086386136151e-07
6.326551334208820e-07
7.697092290223478e-07
9.360540350947976e-07
1.138023267925064e-06
1.383227393083926e-06
1.680758061109335e-06
2.041633272444983e-06
2.479265645358248e-06
3.009848949376776e-06
3.652821816079384e-06
4.432004803312388e-06
5.375324626634853e-06
6.517829444474658e-06
7.899972892749937e-06
9.572383840612682e-06
1.159493774117678e-05
1.404045131566179e-05
1.699440291630683e-05
2.056327163856039e-05
2.487236314716976e-05
3.007304122652684e-05
3.634701792555347e-05
4.391379301654346e-05
5.303078088634395e-05
6.401433495309853e-05
7.724192509829018e-05
9.315883692480124e-05
1.123029223152438e-04
1.353214915520478e-04
1.629740751016768e-04
1.961881578216482e-04
2.360402448948287e-04
2.838378837230748e-04
3.411247184776280e-04
4.097748197880572e-04
4.919101008954032e-04
5.901115236772489e-04
7.075337688628846e-04
8.477667778991074e-04
1.015123132468337e-03
1.214617555806933e-03
1.452210644457291e-03
1.735205411623674e-03
2.071631710991518e-03
2.471190200500619e-03
2.945475485770249e-03
3.507798666253425e-03
4.173267487543966e-03
4.960502701685748e-03
5.890968337382913e-03
6.988835910209929e-03
8.281121802737058e-03
9.802180769218094e-03
1.158933153508287e-02
1.368494171068216e-02
1.613955163540869e-02
1.900804324980569e-02
2.235582313278588e-02
2.625263761457807e-02
3.078103836544043e-02
3.603196801203395e-02
4.210551279691699e-02
4.911081461838004e-02
5.717512304802943e-02
6.642596081731356e-02
7.700897878968219e-02
8.907219169685998e-02
1.027802752470831e-01
1.182935553326852e-01
1.357883477532000e-01
1.554040579314289e-01
1.773078256997108e-01
2.016609306828198e-01
2.285552503500411e-01
2.580951604297531e-01
2.903227492303266e-01
3.252308275484099e-01
3.627510376368487e-01
4.027208558016369e-01
4.449271521851481e-01
4.890199079653056e-01
5.345706441098405e-01
5.810668086515984e-01
6.278835927258355e-01
6.743184934499362e-01
7.196355850121893e-01
7.630407285500782e-01
8.038158697621761e-01
8.412569460886961e-01
8.748067026686389e-01
9.040588614202677e-01
9.287972267405352e-01
9.490274038033658e-01
9.649541234659207e-01
9.769772043538160e-01
9.856272110220266e-01
9.915285831406192e-01
9.953272485896515e-01
9.976085920667507e-01
9.988769089162146e-01
9.995225432511756e-01
9.998188539200300e-01
9.999397746159604e-01
9.999815431392685e-01
9.999950081482102e-01
9.999988394450643e-01
9.999997669378549e-01
9.999999617097457e-01
9.999999947005642e-01
9.999999994254518e-01
9.999999999466075e-01
9.999999999971457e-01
9.999999999996600e-01
1.000000000000036e+00
9.999999999999889e-01
1.000000000000003e+00
9.999999999999992e-01
1.000000000000000e+00
9.999999999999999e-01
1.000000000000000e+00
1.000000000000000e+00
1.000000000000000e+00
1.000000000000000e+00
1.000000000000000e+00
1.000000000000000e+00
1.000000000000000e+00
1.000000000000000e+00
1.000000000000000e+00
###1.079999999999999e+01
7.382016556198683e-09
9.332719386372489e-09
1.172966437931178e-08
1.458819943260104e-08
1.809213656487512e-08
2.238537268682565e-08
2.759745239800947e-08
3.394086612453895e-08
4.167025350747623e-08
5.108796482264597e-08
6.254847528995122e-08
7.650667082227703e-08
9.350962234721905e-08
1.142116857444056e-07
1.394273955303017e-07
1.700984895845793e-07
2.074157368939381e-07
2.528150425041288e-07
3.080310366839676e-07
3.751496718143004e-07
4.568932194533252e-07
5.559052489847490e-07
6.763164501420832e-07
8.226550752309691e-07
1.000226555975513e-06
1.215775557289871e-06
1.477403602616666e-06
1.794783320510765e-06
2.179641847150168e-06
2.646238558186863e-06
3.211793199224259e-06
3.896966453318897e-06
4.727070961765594e-06
5.731767365785348e-06
6.948254831996963e-06
8.419538404139863e-06
1.019928260811754e-05
1.235102316097196e-05
1.495198115057073e-05
1.809274515370583e-05
2.188619619508065e-05
2.646503133351012e-05
3.198953467250068e-05
3.865204329151136e-05
4.668480858126550e-05
5.636003976905308e-05
6.801220624915495e-05
8.204018437755915e-05
9.891433601798127e-05
1.192024638567000e-04
1.435877500142790e-04
1.728712840660305e-04
2.080310120620524e-04
2.502012040719130e-04
3.007590915676468e-04
3.613296394381177e-04
4.338850033191846e-04
5.206559769083543e-04
6.243535903372638e-04
7.482934631621551e-04
8.962429840004113e-04
1.072726067704154e-03
1.282998997603669e-03
1.533304345027406e-03
1.831294845542568e-03
2.185363225352809e-03
2.605650084776511e-03
3.104268060112860e-03
3.695108312005787e-03
4.393918332990832e-03
5.220102569797602e-03
6.196004255054731e-03
7.346750506774117e-03
8.700385187398274e-03
1.029257421718817e-02
1.216199933579286e-02
1.435246455124985e-02
1.691625625116472e-02
1.990999754441812e-02
2.340117789118747e-02
2.746132458499845e-02
3.217549426146948e-02
3.763678590336704e-02
4.394759838683286e-02
5.121930377461027e-02
5.958156083593417e-02
6.916370885537859e-02
8.011292186407791e-02
9.257895753620816e-02
1.067266655951605e-01
1.227161026227263e-01
1.407225451387983e-01
1.608819155680741e-01
1.833574262614365e-01
2.083047333507279e-01
2.358066789479367e-01
2.659574848040277e-01
2.987861141022672e-01
3.342698967204528e-01
3.723227547704750e-01
4.127622269048701e-01
4.553544545301513e-01
4.997276227724570e-01
5.454325477414820e-01
5.919381152227573e-01
6.386048811189273e-01
6.847216085787078e-01
7.295506518920384e-01
7.723060583851189e-01
8.122870263781858e-01
8.488176139377684e-01
8.813761840877640e-01
9.096003032790241e-01
9.333197872338111e-01
9.525851561949465e-01
9.676403491735049e-01
9.789140994686431e-01
9.869539247980953e-01
9.923869341006104e-01
9.958463751494206e-01
9.978999976838689e-01
9.990271080568074e-01
9.995926736053291e-01
9.998482116689859e-01
9.999504707501576e-01
9.999851158825240e-01
9.999960587066385e-01
9.999991047764921e-01
9.999998248896474e-01
9.999999719597347e-01
9.999999962307723e-01
9.999999996040858e-01
9.999999999643019e-01
9.999999999982030e-01
9.999999999997775e-01
1.000000000000025e+00
9.999999999999926e-01
1.000000000000002e+00
9.999999999999996e-01
1.000000000000000e+00
9.999999999999999e-01
1.000000000000000e+00
1.000000000000000e+00
1.000000000000000e+00
1.000000000000000e+00
1.000000000000000e+00
1.000000000000000e+00
1.000000000000000e+00
1.000000000000000e+00
1.000000000000000e+00
###1.099999999999999e+01
7.912606084201096e-09
1.000165785597785e-08
1.257058769726091e-08
1.563341362893962e-08
1.938727786705209e-08
2.398607992436077e-08
2.956804456317542e-08
3.636037871579466e-08
4.463543904292150e-08
5.471581563186902e-08
6.698051391084522e-08
8.191521712908763e-08
1.001042357880172e-07
1.222460388040286e-07
1.492100850622348e-07
1.820009444255855e-07
2.218890167649983e-07
2.704057939432274e-07
3.294006551397861e-07
4.010974320569312e-07
4.883977452321665e-07
5.941160200036572e-07
7.226531855301318e-07
8.788326589871585e-07
1.068300505319085e-06
1.298235684564224e-06
1.577258485317552e-06
1.915655160620672e-06
2.325901202854372e-06
2.823149924004929e-06
3.425703505351736e-06
4.155511404426525e-06
5.039459566225488e-06
6.109035782580225e-06
7.403707288755642e-06
8.969162314316591e-06
1.086226536326573e-05
1.315040294942531e-05
1.591542999246966e-05
1.925330886303774e-05
2.328364975687049e-05
2.814691785142686e-05
3.401276600891539e-05
4.108468656222587e-05
4.960831354596940e-05
5.987137359881584e-05
7.222733159371261e-05
8.709750009186501e-05
1.049785021919553e-04
1.264695017580699e-04
1.522912184889654e-04
1.832882044756991e-04
2.204911570152998e-04
2.650946873870153e-04
3.185487875399046e-04
3.825632788264642e-04
4.592125963330953e-04
5.508355561119581e-04
6.602950051967213e-04
7.910577547664952e-04
9.470811228491229e-04
1.133108674697926e-03
1.354647488150538e-03
1.618232822606014e-03
1.931879780823534e-03
2.304357067620443e-03
2.746260420299353e-03
3.270238094417396e-03
3.890780189496081e-03
4.624293778917207e-03
5.490991032815118e-03
6.514120026517611e-03
7.719789430854441e-03
9.137096238153458e-03
1.080305080791693e-02
1.275772737471870e-02
1.504639664551345e-02
1.772312190283248e-02
2.084629401025420e-02
2.448550813527872e-02
2.871410046391291e-02
3.361963094680581e-02
3.929736636013773e-02
4.585200152906500e-02
5.339710454992562e-02
6.206467072250558e-02
7.198584615020810e-02
8.330916445929576e-02
9.618594022226169e-02
1.107810677223934e-01
1.272540687352334e-01
1.457788958957920e-01
1.664876328648800e-01
1.895391783853767e-01
2.150831318342745e-01
2.431928198839627e-01
2.739518230193355e-01
3.073754960233119e-01
3.434252457991815e-01
3.819969142222631e-01
4.228878803458029e-01
4.658435107626025e-01
5.104704161418694e-01
5.563004078508212e-01
6.027810419664613e-01
6.492630451404505e-01
6.950267687352135e-01
7.393346815980359e-01
7.814109841130165e-01
8.205740582286241e-01
8.561777680448014e-01
8.877375327749345e-01
9.149351716426044e-01
9.376463300967327e-01
9.559652641677551e-01
9.701731988879296e-01
9.807253026986739e-01
9.881832486593916e-01
9.931741445373947e-01
9.963172588829108e-01
9.981610831968369e-01
9.991598333226854e-01
9.996536982669112e-01
9.998732762402930e-01
9.999594398080326e-01
9.999880525923985e-01
9.999969039022281e-01
9.999993132578312e-01
9.999998691764639e-01
9.999999796046565e-01
9.999999973368326e-01
9.999999997298912e-01
9.999999999762164e-01
9.999999999989101e-01
9.999999999998467e-01
1.000000000000019e+00
9.999999999999944e-01
1.000000000000001e+00
9.999999999999997e-01
1.000000000000000e+00
9.999999999999999e-01
1.000000000000000e+00
1.000000000000000e+00
1.000000000000000e+00
1.000000000000000e+00
1.000000000000000e+00
1.000000000000000e+00
1.000000000000000e+00
1.000000000000000e+00
1.000000000000000e+00
###1.119999999999999e+01
8.477195804240503e-09
1.071353857163970e-08
1.346550316405474e-08
1.674568564510421e-08
2.076542363389235e-08
2.568924032222999e-08
3.166455251308275e-08
3.893419026725759e-08
4.778930748648556e-08
5.857397971070302e-08
7.169320429340633e-08
8.766532481594424e-08
1.071141373583009e-07
1.307848546294802e-07
1.596051391183666e-07
1.946460933574987e-07
2.372628149603785e-07
2.890869040847838e-07
3.520902840467894e-07
4.286422953354983e-07
5.218343347461015e-07
6.346613942667371e-07
7.718102318799959e-07
9.384162036193070e-07
1.140485233741293e-06
1.385655074517328e-06
1.683093845680194e-06
2.043735650686738e-06
2.480845463298698e-06
3.010519839337936e-06
3.652202907610446e-06
4.429202497767690e-06
5.370062735005209e-06
6.508196381129635e-06
7.885461006083359e-06
9.550366040930939e-06
1.156314768936222e-05
1.399524205150390e-05
1.693337731390410e-05
2.047916547065320e-05
2.475928696791222e-05
2.992236801363257e-05
3.614789773801306e-05
4.365107620200782e-05
5.269157731826872e-05
6.357339715858233e-05
7.666991123033745e-05
9.242593899175291e-05
1.113655964421764e-04
1.341208728313515e-04
1.614517560250144e-04
1.942482331336970e-04
2.335961294647513e-04
2.807530640016475e-04
3.372449744065891e-04
4.048701950052917e-04
4.858097579790010e-04
5.825143244913645e-04
6.980069974993340e-04
8.359097535775590e-04
1.000377963368446e-03
1.196383438526852e-03
1.429693540042533e-03
1.707147208948165e-03
2.037134922398472e-03
2.428814752571072e-03
2.893253124391908e-03
3.443651882955227e-03
4.095119310511194e-03
4.864742220078568e-03
5.773564923374362e-03
6.845766312403137e-03
8.108462790007874e-03
9.591830208897327e-03
1.133425679403321e-02
1.337723868300250e-02
1.576754304666735e-02
1.856104054410202e-02
2.181791523810520e-02
2.560989010889247e-02
3.001213460672758e-02
3.511470989035240e-02
4.101505737868783e-02
4.782014752864566e-02
5.564570462086157e-02
6.462589628217924e-02
7.489391977771140e-02
8.659923383274210e-02
9.989460622538965e-02
1.149448301260380e-01
1.319086192856659e-01
1.509583065049069e-01
1.722217706023686e-01
1.958532010384254e-01
2.219956995690056e-01
2.507125940664154e-01
2.820763374333650e-01
3.160882007776955e-01
3.526932425279081e-01
3.917688905488714e-01
4.330921809363087e-01
4.763877081907069e-01
5.212407976810580e-01
5.671648443571186e-01
6.135868912587823e-01
6.598491880098758e-01
7.052252597564144e-01
7.489795478767827e-01
7.903483842183002e-01
8.286712332872226e-01
8.633333854476196e-01
8.938885961208008e-01
9.200632244678135e-01
9.417783724172701e-01
9.591706931819438e-01
9.725566401957566e-01
9.824152603620169e-01
9.893196072144476e-01
9.938942489932576e-01
9.967431644001873e-01
9.983942715450922e-01
9.992767157890239e-01
9.997065938004372e-01
9.998945925455255e-01
9.999669255158767e-01
9.999904543998510e-01
9.999975801502340e-01
9.999994761002621e-01
9.999999028212161e-01
9.999999852646235e-01
9.999999981307035e-01
9.999999998173128e-01
9.999999999842083e-01
9.999999999993684e-01
9.999999999998898e-01
1.000000000000016e+00
9.999999999999954e-01
1.000000000000001e+00
9.999999999999998e-01
1.000000000000000e+00
9.999999999999999e-01
1.000000000000000e+00
1.000000000000000e+00
1.000000000000000e+00
1.000000000000000e+00
1.000000000000000e+00
1.000000000000000e+00
1.000000000000000e+00
1.000000000000000e+00
1.000000000000000e+00
###1.139999999999999e+01
9.077730733835259e-09
1.147081777812643e-08
1.441750061912947e-08
1.792884976583835e-08
2.223131428991182e-08
2.750069634559172e-08
3.389414307430622e-08
4.167106370996621e-08
5.114254842403306e-08
6.267547006124645e-08
7.670235797340217e-08
9.377617755517053e-08
1.145625766107760e-07
1.398562798142590e-07
1.706466053476431e-07
2.080750809283897e-07
2.535865274893611e-07
3.089183162765356e-07
3.761721998272405e-07
4.578713504286597e-07
5.573078961122755e-07
6.776675905365019e-07
8.239393883480637e-07
1.001588201430409e-06
1.216999975088695e-06
1.478296956145311e-06
1.795225577912489e-06
2.179403664915707e-06
2.644928783933245e-06
3.208892531743472e-06
3.891942844557274e-06
4.718819175986697e-06
5.719812733137721e-06
6.930363324486959e-06
8.394846744438349e-06
1.016473790588525e-05
1.230382425615505e-05
1.488779933032527e-05
1.800851392869086e-05
2.177351779811109e-05
2.631691760460382e-05
3.179591008138001e-05
3.840030789741566e-05
4.635759433864512e-05
5.594216753234379e-05
6.747507543624468e-05
8.135055617392378e-05
9.803804909270570e-05
1.180904428632399e-04
1.421740726625724e-04
1.710899897270602e-04
2.057756625158343e-04
2.473745083043288e-04
2.972099141086617e-04
3.568870625245349e-04
4.282965804969004e-04
5.137305673925756e-04
6.157565588261087e-04
7.375633453129388e-04
8.829354381799761e-04
1.056233547828090e-03
1.262666569691303e-03
1.508271900125628e-03
1.800203435874675e-03
2.147240400239710e-03
2.558943906162969e-03
3.046866972361983e-03
3.624783384277417e-03
4.308439212633901e-03
5.115621486115160e-03
6.068231454109352e-03
7.191405120951335e-03
8.513293003458218e-03
1.006517559788936e-02
1.188685253328597e-02
1.402127114697094e-02
1.651672422440954e-02
1.943091984018919e-02
2.282585948127461e-02
2.677541514761050e-02
3.135661040512508e-02
3.666200469227866e-02
4.279121635645318e-02
4.985346725806481e-02
5.796659268320247e-02
6.726688671976326e-02
7.788946286251139e-02
8.998463196864104e-02
1.037064684327661e-01
1.192192478273552e-01
1.366808490650387e-01
1.562615931005147e-01
1.780847778378975e-01
2.022994787268002e-01
2.290418521995922e-01
2.583647418644275e-01
2.903289891689902e-01
3.249213161595033e-01
3.620700259124004e-01
4.016338274287745e-01
4.433692710839066e-01
4.869802334856581e-01
5.320311034227360e-01
5.780172960915372e-01
6.243469138260960e-01
6.703544711394276e-01
7.153085318432090e-01
7.584774012046158e-01
7.991115211000380e-01
8.365732960348152e-01
8.702809853654595e-01
8.998277996142483e-01
9.249847896623300e-01
9.457179516856525e-01
9.622048413671617e-01
9.747949591330947e-01
9.839886155095380e-01
9.903675065095655e-01
9.945512582107680e-01
9.971272853414762e-01
9.986018903669359e-01
9.993792931445634e-01
9.997522705324583e-01
9.999126519286242e-01
9.999731442825667e-01
9.999924088773752e-01
9.999981182706377e-01
9.999996025422347e-01
9.999999282286401e-01
9.999999894247350e-01
9.999999986964987e-01
9.999999998775191e-01
9.999999999895451e-01
9.999999999996567e-01
9.999999999999181e-01
1.000000000000014e+00
9.999999999999962e-01
1.000000000000001e+00
9.999999999999998e-01
1.000000000000000e+00
9.999999999999999e-01
1.000000000000000e+00
1.000000000000000e+00
1.000000000000000e+00
1.000000000000000e+00
1.000000000000000e+00
1.000000000000000e+00
1.000000000000000e+00
1.000000000000000e+00
1.000000000000000e+00
###1.159999999999999e+01
9.716254660224613e-09
1.227607707427374e-08
1.542982694716793e-08
1.918693498388082e-08
2.378993065465971e-08
2.942658624110892e-08
3.626434512568327e-08
4.458025186870882e-08
5.470638859932433e-08
6.703395163749519e-08
8.202457584052849e-08
1.002679136028638e-07
1.224739551405655e-07
1.494898506589349e-07
1.823702055795318e-07
2.223310652901840e-07
2.709121856954914e-07
3.299628818397085e-07
4.017221701475533e-07
4.888753504582071e-07
5.949283578033004e-07
7.232668407041380e-07
8.791996513219229e-07
1.068539748776571e-06
1.298074244279024e-06
1.576436834718685e-06
1.913984225362553e-06
2.323055545163803e-06
2.818626134838269e-06
3.418836862184850e-06
4.145604243551457e-06
5.025175982233271e-06
6.089683468358685e-06
7.376700228070875e-06
8.933253916230189e-06
1.081393523696431e-05
1.308627217217437e-05
1.583043052969941e-05
1.914364568844812e-05
2.313970465935365e-05
2.796051255398741e-05
3.377226145267180e-05
4.077559723692199e-05
4.921088506916399e-05
5.936795963745785e-05
7.158573421135508e-05
8.628030092390820e-05
1.039468746436745e-04
1.251684450976117e-04
1.506472734295122e-04
1.812273358422295e-04
2.178957033365598e-04
2.618559403886743e-04
3.145000586334345e-04
3.775158981420889e-04
4.528902891266031e-04
5.430310202160539e-04
6.506276549150952e-04
7.790403631333265e-04
9.322236948044132e-04
1.114751243824026e-03
1.332078071651659e-03
1.590521628984188e-03
1.897562326570995e-03
2.262381871814726e-03
2.694958378535230e-03
3.207347720155945e-03
3.813914352406812e-03
4.531062097387427e-03
5.377298984101346e-03
6.375408362664220e-03
7.551509950571064e-03
8.934814939303650e-03
1.055773427157036e-02
1.246151259346333e-02
1.469057755273683e-02
1.729477606283100e-02
2.033368310475996e-02
2.387114051515909e-02
2.798318945258298e-02
3.274872494756348e-02
3.826280064227859e-02
4.462722382897328e-02
5.195339647819006e-02
6.036125755125401e-02
6.998915954403692e-02
8.097399414971398e-02
9.346683888760475e-02
1.076232275074295e-01
1.236055681546184e-01
1.415717542470378e-01
1.616894813270222e-01
1.840769908989513e-01
2.088778602959619e-01
2.362208465672704e-01
2.661478227338547e-01
2.987075388523931e-01
3.338717144818021e-01
3.715515113683494e-01
4.115866463042899e-01
4.537130844047876e-01
4.976140925298240e-01
5.428335335428655e-01
5.888493855343798e-01
6.350523689204121e-01
6.807701556382877e-01
7.252682386177416e-01
7.678207025813610e-01
8.076940687052506e-01
8.442754858729213e-01
8.770176384946985e-01
9.055541431396474e-01
9.297007486158668e-01
9.494675966441463e-01
9.650714997754289e-01
9.768927048947089e-01
9.854501393620037e-01
9.913312629098886e-01
9.951204742436970e-01
9.974721911934983e-01
9.987860791083447e-01
9.994689457004953e-01
9.997915526384702e-01
9.999278840771816e-01
9.999782854610356e-01
9.999939908143510e-01
9.999985441017022e-01
9.999997001111667e-01
9.999999473019053e-01
9.999999924591719e-01
9.999999990972445e-01
9.999999999185079e-01
9.999999999931225e-01
9.999999999998238e-01
9.999999999999402e-01
1.000000000000011e+00
9.999999999999971e-01
1.000000000000001e+00
9.999999999999998e-01
1.000000000000000e+00
1.000000000000000e+00
1.000000000000000e+00
1.000000000000000e+00
1.000000000000000e+00
1.000000000000000e+00
1.000000000000000e+00
1.000000000000000e+00
1.000000000000000e+00
1.000000000000000e+00
1.000000000000000e+00
###1.179999999999999e+01
1.039491469575920e-08
1.313202886848156e-08
1.650589336881814e-08
2.052417404938455e-08
2.544650763186713e-08
3.147335788159360e-08
3.878312251787475e-08
4.767161684432453e-08
5.849261730312818e-08
7.166377135071509e-08
8.767728426422893e-08
1.071616686239552e-07
1.308738787307168e-07
1.597165549976900e-07
1.948134075190284e-07
2.374593078644449e-07
2.892944189837952e-07
3.522864877136728e-07
4.288196044390151e-07
5.217503497029011e-07
6.348108825967556e-07
7.715976394167768e-07
9.377575101273390e-07
1.139470903266284e-06
1.383948258829281e-06
1.680362991433166e-06
2.039715572305131e-06
2.475105801844265e-06
3.002434128561748e-06
3.640947453723182e-06
4.413898678920489e-06
5.349123860990160e-06
6.480692115173747e-06
7.848422044483183e-06
9.502132814742675e-06
1.149968897191357e-05
1.391255395245110e-05
1.682559278743468e-05
2.034169785789164e-05
2.458120575596777e-05
2.969420769854784e-05
3.585633531097575e-05
4.327959695741284e-05
5.221786344842693e-05
6.297714732155456e-05
7.591507338399182e-05
9.147061727068096e-05
1.101659708884794e-04
1.326156046010969e-04
1.595593452441089e-04
1.918860240948947e-04
2.306345143044640e-04
2.770711722127239e-04
3.326595930495279e-04
3.991738039607410e-04
4.787008802766005e-04
5.737690794846014e-04
6.871952740671704e-04
8.225169651841414e-04
9.838663886178409e-04
1.176037822894974e-03
1.404741827041213e-03
1.676586194654335e-03
1.999389696484218e-03
2.382750629646509e-03
2.837078357114154e-03
3.374948221379203e-03
4.011334455405479e-03
4.763318947056483e-03
5.650151809082818e-03
6.695524009712289e-03
7.926565866668293e-03
9.373575958394251e-03
1.107012146077138e-02
1.305892568482698e-02
1.538592547069481e-02
1.810254964918549e-02
2.127026897094106e-02
2.495478716068497e-02
2.923433346065929e-02
3.418968819095129e-02
3.991839409992165e-02
4.652450651918268e-02
5.412137442791351e-02
6.283118459762935e-02
7.279422091545357e-02
8.414901076143877e-02
9.704729888463691e-02
1.116457949249019e-01
1.281049693968694e-01
1.465821761044975e-01
1.672425926746383e-01
1.901986226360107e-01
2.155880490948615e-01
2.435317720607846e-01
2.740602078196759e-01
3.072095409392858e-01
3.429360489606814e-01
3.811333897099624e-01
4.216220484260009e-01
4.641173513607290e-01
5.082821200069872e-01
5.536401663013385e-01
5.996526767079065e-01
6.456945327101531e-01
6.910876232068108e-01
7.350962570936816e-01
7.770022391629786e-01
8.160901195402840e-01
8.517735345260249e-01
8.835409348682057e-01
9.110671149081078e-01
9.342123703926869e-01
9.530296685663282e-01
9.677239770217168e-01
9.788534817018036e-01
9.868043931424039e-01
9.922154130134390e-01
9.956697133748443e-01
9.977813249628045e-01
9.989489805891019e-01
9.995470602755806e-01
9.998252083282647e-01
9.999406831043706e-01
9.999825162716893e-01
9.999952650468514e-01
9.999988792171136e-01
9.999997749713629e-01
9.999999615285234e-01
9.999999946582027e-01
9.999999993787412e-01
9.999999999462738e-01
9.999999999954787e-01
9.999999999999248e-01
9.999999999999548e-01
1.000000000000009e+00
9.999999999999977e-01
1.000000000000000e+00
9.999999999999999e-01
1.000000000000000e+00
1.000000000000000e+00
1.000000000000000e+00
1.000000000000000e+00
1.000000000000000e+00
1.000000000000000e+00
1.000000000000000e+00
1.000000000000000e+00
1.000000000000000e+00
1.000000000000000e+00
1.000000000000000e+00
###1.199999999999999e+01
1.111596592547654e-08
1.404152208898857e-08
1.764928285353755e-08
2.194501265408918e-08
2.720653867719665e-08
3.364778290243174e-08
4.145900655655790e-08
5.095507477398109e-08
6.251361028735478e-08
7.657998771505078e-08
9.367877094700418e-08
1.144796222228279e-07
1.397892096439998e-07
1.705688913116183e-07
2.080155070134990e-07
2.535072641242852e-07
3.087904939353738e-07
3.759581200780982e-07
4.575477125174859e-07
5.565966473877724e-07
6.770760883746357e-07
8.228050095117389e-07
9.997872595196009e-07
1.214591056518559e-06
1.474873376596349e-06
1.790377001776634e-06
2.172781257625778e-06
2.635987839710009e-06
3.196871878150293e-06
3.875845704998526e-06
4.697569574953295e-06
5.691551705135626e-06
6.893900768962904e-06
8.346797016305135e-06
1.010299690834319e-05
1.222380401934355e-05
1.478482069442796e-05
1.787584793155759e-05
2.160571936972798e-05
2.610164672607566e-05
3.152231137340754e-05
3.805324750774447e-05
4.591837670097553e-05
5.538572465149645e-05
6.677825327999683e-05
8.047317833829003e-05
9.693342887772018e-05
1.167094218026611e-04
1.404485411999285e-04
1.689298782190255e-04
2.030891228364085e-04
2.440192285759825e-04
2.930520826682304e-04
3.517259253791024e-04
4.219046213080162e-04
5.057796670828441e-04
6.060047292233571e-04
7.255294030144218e-04
8.680747323553914e-04
1.037958437778809e-03
1.240203542438003e-03
1.480785687354937e-03
1.766613570191524e-03
2.105856458501281e-03
2.508543713659302e-03
2.985530485110333e-03
3.549928550416528e-03
4.217341400798528e-03
5.005549649052516e-03
5.934566862731836e-03
7.029017485903860e-03
8.317069589668631e-03
9.830135975154645e-03
1.160296578399907e-02
1.367979463115367e-02
1.610809714375582e-02
1.894091106402265e-02
2.224163104197786e-02
2.607784275367717e-02
3.052998104370989e-02
3.568072180366495e-02
4.163009012570717e-02
4.848437101777075e-02
5.635884022667296e-02
6.537785319502394e-02
7.568356300033525e-02
8.741598559714241e-02
1.007274185904473e-01
1.157754666321049e-01
1.327185615015913e-01
1.517131192317254e-01
1.729214456306813e-01
1.964497605539322e-01
2.224296010384003e-01
2.509735487439936e-01
2.821000789222701e-01
3.158323439601056e-01
3.521107555356822e-01
3.908111319080814e-01
4.317345228829356e-01
4.745756111232044e-01
5.189769956452690e-01
5.644429788879185e-01
6.104185148390113e-01
6.562647442954755e-01
7.012984113389125e-01
7.447847274681509e-01
7.860151694790676e-01
8.242942384950430e-01
8.590637312067377e-01
8.898490948110717e-01
9.163669245755710e-01
9.385217550675035e-01
9.564082676640565e-01
9.702782601974446e-01
9.806835710339380e-01
9.880568400159924e-01
9.930249336555053e-01
9.961659604241301e-01
9.980579818127145e-01
9.990926875546926e-01
9.996149352134972e-01
9.998539479337782e-01
9.999513999333034e-01
9.999859834020096e-01
9.999962867290466e-01
9.999991415873716e-01
9.999998320874088e-01
9.999999720768462e-01
9.999999962411781e-01
9.999999995750726e-01
9.999999999649314e-01
9.999999999970209e-01
9.999999999999841e-01
9.999999999999648e-01
1.000000000000008e+00
9.999999999999981e-01
1.000000000000000e+00
9.999999999999999e-01
1.000000000000000e+00
1.000000000000000e+00
1.000000000000000e+00
1.000000000000000e+00
1.000000000000000e+00
1.000000000000000e+00
1.000000000000000e+00
1.000000000000000e+00
1.000000000000000e+00
1.000000000000000e+00
1.000000000000000e+00
###1.219999999999999e+01
1.188177596224428e-08
1.500754792489544e-08
1.886375728309262e-08
2.345411821008745e-08
2.907579228524747e-08
3.595696932543211e-08
4.430044843841866e-08
5.444127823192798e-08
6.678235386028498e-08
8.179840039000347e-08
1.000482211175895e-07
1.222450336127620e-07
1.492481195591467e-07
1.820809248847184e-07
2.220176995875488e-07
2.705247164442499e-07
3.294604242681265e-07
4.010501823305276e-07
4.879936597856333e-07
5.935191805304013e-07
7.218502721263469e-07
8.770407680181515e-07
1.065471317528347e-06
1.294119292074453e-06
1.571112545198832e-06
1.906794268702932e-06
2.313559406804011e-06
2.806154706619362e-06
3.402481883587775e-06
4.124180840714130e-06
4.997393400697275e-06
6.053387631166257e-06
7.330418161730407e-06
8.873149135071222e-06
1.073742521130523e-05
1.298816297592452e-05
1.570531528964363e-05
1.898386630829494e-05
2.293888729770897e-05
2.770480437330792e-05
3.344931020537502e-05
4.036832518922904e-05
4.869825281394212e-05
5.872195332949224e-05
7.078014037989984e-05
8.527053306816559e-05
1.026811260869217e-04
1.235918572452294e-04
1.486845110078995e-04
1.787792051418380e-04
2.148605650251564e-04
2.580779842738068e-04
3.098317169031742e-04
3.717378146925813e-04
4.457537537796917e-04
5.341797657398979e-04
6.398000301224831e-04
7.657024160848401e-04
9.157979817797426e-04
1.094597890391568e-03
1.307362230882923e-03
1.560341566735925e-03
1.860756336014348e-03
2.217138733698923e-03
2.639964030020152e-03
3.140547987613952e-03
3.732556134511948e-03
4.432241071767957e-03
5.258103133639109e-03
6.230940989150295e-03
7.376338741284657e-03
8.723529612271916e-03
1.030506755532994e-02
1.215690931645013e-02
1.432483639826092e-02
1.685788945075078e-02
1.981074126700627e-02
2.324873768987054e-02
2.724136483019454e-02
3.187127906636934e-02
3.722305856229220e-02
4.339920179031036e-02
5.050820110503883e-02
5.866723182543386e-02
6.800273532770965e-02
7.865866261129506e-02
9.077636582344517e-02
1.045085671122392e-01
1.200134861374590e-01
1.374473868667060e-01
1.569653522148388e-01
1.787264526671384e-01
2.028303637367782e-01
2.294019215032616e-01
2.585449246059892e-01
2.902654263901707e-01
3.245730894716768e-01
3.613920527325270e-01
4.005799913885616e-01
4.419183510400858e-01
4.850812178300746e-01
5.296912518221325e-01
5.752338483641226e-01
6.211377859988639e-01
6.667543938044993e-01
7.113942187853796e-01
7.543260546438210e-01
7.948530159619286e-01
8.323014366205979e-01
8.661428652945543e-01
8.959408505592987e-01
9.214542462248292e-01
9.426313398786266e-01
9.596074347274905e-01
9.726765486247337e-01
9.823886001709526e-01
9.892125742995067e-01
9.937643341939533e-01
9.966132876290746e-01
9.983048027919502e-01
9.992190574056936e-01
9.996737041028469e-01
9.998783963148181e-01
9.999603362183309e-01
9.999888116827016e-01
9.999971017841878e-01
9.999993458965970e-01
9.999998754070540e-01
9.999999798505473e-01
9.999999973726589e-01
9.999999997111050e-01
9.999999999773523e-01
9.999999999980301e-01
1.000000000000016e+00
9.999999999999720e-01
1.000000000000006e+00
9.999999999999984e-01
1.000000000000000e+00
9.999999999999999e-01
1.000000000000000e+00
1.000000000000000e+00
1.000000000000000e+00
1.000000000000000e+00
1.000000000000000e+00
1.000000000000000e+00
1.000000000000000e+00
1.000000000000000e+00
1.000000000000000e+00
1.000000000000000e+00
1.000000000000000e+00
