#./build/bin/rcbk -ic FILE ./data/ic/47/ic_208_24.dat -rc BALITSKY -alphas_scaling 5.312127677248424 -maxy 12 -fast -output ./data/bks/47/ic_208_24.dat 
# BK equation solver 20160623 (build May 19 2026 14:19:13)
# Heikki Mäntysaari <mantysaari@bnl.gov>, 2011-2016
# Running coupling: Balitsky
# Scaling factor C^2 in alpha_s: 5.31213
# Initial condition is String is not impelmented for the current IC N(r=0.0333803 1/GeV) = 0.00018866
# \alpha_s = 12 \pi / [ (33.0 - 2.0*Nf) * log(4.0*C^2/(r^2*lambdaqcd^2) ], C^2=5.31213, lambdaqcd=0.241 GeV, maxalphas=0.7 nf=3
# Using fast (and not so accurate) parameters
# Solving BK equation up to y=12
# r limits: 1e-05 - 100 points 150 multiplier 1.11424
# maxy 12 ystep 0.2
###1.000000000000000e-05
###1.114242875232510e+00
###150
###0.000000000000000e+00
###0.000000000000000e+00
0.000000000000000e+00
4.980470255107921e-11
6.117667597156781e-11
7.535270009022069e-11
9.276105720466826e-11
1.141542569782567e-10
1.404957057746376e-10
1.728969829634624e-10
2.127506348208295e-10
2.617729110547990e-10
3.220641023115431e-10
3.962084436333891e-10
4.873815719779517e-10
5.994835292106639e-10
7.373059981147220e-10
9.067341448344737e-10
1.114995125749160e-09
1.370965053699854e-09
1.685541438750727e-09
2.072101965897887e-09
2.547071389546600e-09
3.130607466153426e-09
3.847446244233231e-09
4.727946860614993e-09
5.809354272488227e-09
7.137355585012948e-09
8.768001948416425e-09
1.077002978032620e-08
1.322772248886558e-08
1.624444246498318e-08
1.994689238586921e-08
2.449037041654216e-08
3.006525199957296e-08
3.690480334711690e-08
4.529482115249140e-08
5.558551415288575e-08
6.820581284454660e-08
8.368103276060281e-08
1.026546325579968e-07
1.259143968857365e-07
1.544247765647215e-07
1.893667032103682e-07
2.321854684342077e-07
2.846499134925824e-07
3.489252647260849e-07
4.276606821778001e-07
5.240976118485386e-07
6.422030776681681e-07
7.868298789319610e-07
9.639151447610566e-07
1.180724572165808e-06
1.446146063899505e-06
1.771054349862419e-06
2.168759595726459e-06
2.655547256205117e-06
3.251349949564065e-06
3.980574524237979e-06
4.873099012322655e-06
5.965516606908895e-06
7.302668183187089e-06
8.939494178744789e-06
1.094335158008738e-05
1.339687094720911e-05
1.640141994882790e-05
2.008144730914629e-05
2.458984367105244e-05
3.011446521607305e-05
3.688632913497876e-05
4.518973317400324e-05
5.537462029377310e-05
6.787211892640405e-05
8.321373555271396e-05
1.020548988551558e-04
1.252045218647789e-04
1.536615118644798e-04
1.886597167874483e-04
2.317242362097137e-04
2.847409686844374e-04
3.500424675924312e-04
4.305151898634460e-04
5.297319738999061e-04
6.521158735770903e-04
8.031441595807181e-04
9.896003157275938e-04
1.219885864764292e-03
1.504407334015307e-03
1.856053926815518e-03
2.290788118312542e-03
2.828375564230494e-03
3.493283964967033e-03
4.315791338118290e-03
5.333347129195538e-03
6.592238975215437e-03
8.149635200941491e-03
1.007606449113341e-02
1.245841601199113e-02
1.540356863616897e-02
1.904269373415478e-02
2.353632683122431e-02
2.908032774385877e-02
3.591256773799389e-02
4.432032223728222e-02
5.464830103636747e-02
6.730623126546970e-02
8.277540939656401e-02
1.016131747786635e-01
1.244512028058149e-01
1.519856624788035e-01
1.849548896738559e-01
2.240941173915156e-01
2.700657861961639e-01
3.233534001527858e-01
3.841125356624197e-01
4.519978891053758e-01
5.259437364102980e-01
6.039987313587175e-01
6.832722585469572e-01
7.599514165141179e-01
8.298384368888844e-01
8.890187555009976e-01
9.346877936001239e-01
9.662276086384838e-01
9.850763253329323e-01
9.946342653627182e-01
9.984969744985361e-01
9.996751423379102e-01
9.999598585770492e-01
9.999944949913292e-01
9.999998032934023e-01
1.000000080279445e+00
9.999999513614849e-01
1.000000003358955e+00
1.000000010585218e+00
9.999999943882287e-01
1.000000000328460e+00
1.000000001255723e+00
9.999999993500973e-01
1.000000000030830e+00
1.000000000148864e+00
9.999999999247718e-01
1.000000000002713e+00
1.000000000017636e+00
9.999999999912965e-01
1.000000000000212e+00
1.000000000002088e+00
9.999999999989928e-01
1.000000000000012e+00
1.000000000000253e+00
9.999999999998662e-01
1.000000000000000e+00
###2.000000000000000e-01
5.342174361185172e-12
5.531329009160683e-11
6.816011775650940e-11
8.409136004951543e-11
1.036423633385145e-10
1.277136957426126e-10
1.573169011426906e-10
1.937187711320967e-10
2.384849226999717e-10
2.935436983667838e-10
3.612524003595743e-10
4.445186219697025e-10
5.469040017242644e-10
6.727937828853115e-10
8.275645418503626e-10
1.017831783079939e-09
1.251710421343468e-09
1.539175609749302e-09
1.892470715537109e-09
2.326608426800246e-09
2.860063500283642e-09
3.515479324035273e-09
4.320636685144057e-09
5.309715419869731e-09
6.524414503336468e-09
8.016292843848296e-09
9.848257616038411e-09
1.209759228142441e-08
1.485902684398830e-08
1.824883302462353e-08
2.240953901519818e-08
2.751575154708922e-08
3.378188171710289e-08
4.146988139716662e-08
5.090196731853758e-08
6.247175800927018e-08
7.666248904569519e-08
9.406544356525331e-08
1.154056574772227e-07
1.415690821806727e-07
1.736438822635375e-07
2.129597949810031e-07
2.611458925651025e-07
3.201960393834258e-07
3.925456084431135e-07
4.811991902826261e-07
5.897968030164724e-07
7.228195260190213e-07
8.857432170056993e-07
1.085271646810402e-06
1.329593411322697e-06
1.628756672208246e-06
1.995055854914015e-06
2.443493457220618e-06
2.992448992790092e-06
3.664517663516299e-06
4.487250385308923e-06
5.494369556103461e-06
6.727078731505875e-06
8.236224585427247e-06
1.008389505469808e-05
1.234604965692305e-05
1.511561438604039e-05
1.850762988960221e-05
2.266218664813903e-05
2.775164728027937e-05
3.398755922681237e-05
4.162950509369149e-05
5.099886445416626e-05
6.248503395613090e-05
7.657543444745294e-05
9.386628537092172e-05
1.150881159930212e-04
1.411440011023548e-04
1.731541207043359e-04
2.124822831491158e-04
2.608373380819574e-04
3.202956434208533e-04
3.934550837710558e-04
4.834958848854248e-04
5.943479009446573e-04
7.308673223264575e-04
8.990754825187843e-04
1.106376580664106e-03
1.361908192565055e-03
1.677003160728046e-03
2.065621590709566e-03
2.544904619615181e-03
3.136193029466224e-03
3.865696292210505e-03
4.765672988071214e-03
5.876032182913171e-03
7.245522798431506e-03
8.934449412731889e-03
1.101697115333652e-02
1.358339328345096e-02
1.674489164658532e-02
2.063663723822813e-02
2.542339414256380e-02
3.130481246338111e-02
3.852148644590771e-02
4.736245738949888e-02
5.817240249337829e-02
7.135539561149511e-02
8.738443573894950e-02
1.067983995522007e-01
1.302067749559466e-01
1.582710508978744e-01
1.916696373233334e-01
2.310837434552110e-01
2.770967567742296e-01
3.301032899594725e-01
3.901732026733506e-01
4.568946089785059e-01
5.291789517249669e-01
6.051229205906061e-01
6.819813866255797e-01
7.562175015088759e-01
8.239916850691669e-01
8.817648012999998e-01
9.270345549355798e-01
9.592085616660119e-01
9.795120918887398e-01
9.908297412672002e-01
9.962995185328138e-01
9.986697389199932e-01
9.995930181761361e-01
9.998879234373996e-01
9.999742429513042e-01
9.999951389434091e-01
9.999992023166876e-01
9.999999062630915e-01
9.999999968504071e-01
9.999999963029186e-01
1.000000000021467e+00
1.000000000730183e+00
9.999999996545526e-01
1.000000000007640e+00
1.000000000079904e+00
9.999999999625362e-01
1.000000000000579e+00
1.000000000008740e+00
9.999999999959498e-01
1.000000000000046e+00
1.000000000000942e+00
9.999999999995686e-01
1.000000000000002e+00
1.000000000000103e+00
9.999999999999475e-01
9.999999999999989e-01
###4.000000000000000e-01
1.117731147306489e-11
6.147145499378608e-11
7.595799983001425e-11
9.384258169145251e-11
1.157929052804655e-10
1.428365965529576e-10
1.760714941374557e-10
2.169299056644406e-10
2.671682748742966e-10
3.289512162607745e-10
4.049216442119029e-10
4.983470416356569e-10
6.132158390393094e-10
7.544593951222859e-10
9.280998541156209e-10
1.141563660614027e-09
1.403953566411373e-09
1.726466261529328e-09
2.122826384845127e-09
2.609903014250106e-09
3.208403762911298e-09
3.943755850765994e-09
4.847109064532250e-09
5.956890094405820e-09
7.319724619468656e-09
8.993682882579102e-09
1.104931328447663e-08
1.357332337634751e-08
1.667205041604997e-08
2.047605102062770e-08
2.514538090922430e-08
3.087602457674921e-08
3.790898110778508e-08
4.653795681808069e-08
5.712489044462732e-08
7.011298031716605e-08
8.604387673348537e-08
1.055822827889672e-07
1.295433721702042e-07
1.589209705513833e-07
1.949401707648523e-07
2.390945971531259e-07
2.932157854420361e-07
3.595453616326161e-07
4.408228797437435e-07
5.404234459196992e-07
6.624452685563605e-07
8.119278143125115e-07
9.950300954580189e-07
1.219287992686763e-06
1.493930330283530e-06
1.830250408460998e-06
2.242094039877663e-06
2.746326810082051e-06
3.363613604996467e-06
4.119452663282934e-06
5.044819479576347e-06
6.177629073396108e-06
7.564104814184799e-06
9.261614239031760e-06
1.134003221468631e-05
1.388456509018037e-05
1.699938535317140e-05
2.081427261352753e-05
2.548622717831246e-05
3.120861327132725e-05
3.821849622759585e-05
4.680620527057923e-05
5.733286948191073e-05
7.023032626662628e-05
8.604613476709361e-05
1.054456676753437e-04
1.292396344235676e-04
1.584314125354172e-04
1.942698394290987e-04
2.382569821815044e-04
2.922956491291847e-04
3.586640216686678e-04
4.402390225665246e-04
5.405100592054679e-04
6.637803514217943e-04
8.153632492611107e-04
1.001840621991785e-03
1.231273563830887e-03
1.513554955315836e-03
1.860978337246863e-03
2.288607921965799e-03
2.814799929742000e-03
3.462505727039973e-03
4.259713297910636e-03
5.240696939638923e-03
6.447848968148717e-03
7.932406734648720e-03
9.757815787874010e-03
1.200184447473907e-02
1.475819371096767e-02
1.814224281319684e-02
2.229307050818025e-02
2.737949489053357e-02
3.360473671567926e-02
4.121186137116176e-02
5.049134306125069e-02
6.178740032402762e-02
7.549827424258715e-02
9.208830487385893e-02
1.120783134955050e-01
1.360555516586926e-01
1.646476180279590e-01
1.984769982989739e-01
2.381742312390046e-01
2.842444299562863e-01
3.370057015184743e-01
3.964491750698516e-01
4.621048565188808e-01
5.328669357938856e-01
6.068811676758912e-01
6.815366988952264e-01
7.535446041868847e-01
8.193789563705467e-01
8.758285124742158e-01
9.206444210252609e-01
9.532564980940578e-01
9.747072232551766e-01
9.874578162640959e-01
9.942678410094724e-01
9.976562882934419e-01
9.991702843454209e-01
9.997395702658700e-01
9.999297918794957e-01
9.999840139809035e-01
9.999969325614444e-01
9.999995279027830e-01
9.999999449408659e-01
9.999999927538286e-01
9.999999995523497e-01
1.000000000401512e+00
9.999999998167775e-01
9.999999999992445e-01
1.000000000042761e+00
9.999999999814192e-01
9.999999999998916e-01
1.000000000004326e+00
9.999999999981196e-01
9.999999999999960e-01
1.000000000000425e+00
9.999999999998155e-01
9.999999999999992e-01
1.000000000000042e+00
9.999999999999795e-01
9.999999999999992e-01
###6.000000000000001e-01
1.755509124668256e-11
6.834064256268534e-11
8.464963950930214e-11
1.047069476006765e-10
1.293265342569173e-10
1.596806882169116e-10
1.969486424506453e-10
2.427632155934324e-10
2.990881884304002e-10
3.683487698160077e-10
4.535061881713043e-10
5.582269438004783e-10
6.869727489154761e-10
8.452831059271273e-10
1.039902672563244e-09
1.279135861601286e-09
1.573202104801895e-09
1.934646117352980e-09
2.378834424474916e-09
2.924696575607425e-09
3.595391201425170e-09
4.419491274496940e-09
5.431820894822865e-09
6.675524448576442e-09
8.202689260896047e-09
1.007852245915930e-08
1.238221663960678e-08
1.521071822456665e-08
1.868326494257785e-08
2.294619669983873e-08
2.817894265479256e-08
3.460110108058285e-08
4.248302669161232e-08
5.215348340615296e-08
6.401808152714897e-08
7.857518157320066e-08
9.643036123361162e-08
1.183293798873491e-07
1.451866818010050e-07
1.781149982334571e-07
2.184898289297875e-07
2.679852850671049e-07
3.286553991895322e-07
4.030140160431270e-07
4.941359030974908e-07
6.057994046126205e-07
7.426079190953058e-07
9.102135304543554e-07
1.115520423092374e-06
1.366978501418149e-06
1.674952623023284e-06
2.052096198440932e-06
2.513948806908298e-06
3.079410369099857e-06
3.771638043101693e-06
4.619294055341273e-06
5.657061603391698e-06
6.927403341143524e-06
8.482082259053579e-06
1.038543495787054e-05
1.271581322898629e-05
1.556842512747490e-05
1.905961348135684e-05
2.333505029935428e-05
2.856997894580812e-05
3.498046010093165e-05
4.283073522245417e-05
5.244442397486457e-05
6.422512344479135e-05
7.865021366385241e-05
9.633142871651346e-05
1.180079249086677e-04
1.445758660568657e-04
1.771453096187683e-04
2.171014499747535e-04
2.660931432469648e-04
3.262278022623722e-04
3.999970571992895e-04
4.905710933522112e-04
6.017642888146303e-04
7.382710172073367e-04
9.058833071246724e-04
1.111770886208293e-03
1.364665528457862e-03
1.675256879618382e-03
2.056826886821836e-03
2.525577516720840e-03
3.101116259533712e-03
3.808049271363077e-03
4.676155675658132e-03
5.741784122853837e-03
7.049826693126591e-03
8.654034182577501e-03
1.062099808064199e-02
1.303207628324561e-02
1.598435100986964e-02
1.959728828394404e-02
2.401380946761187e-02
2.940660875754893e-02
3.598226501682438e-02
4.398607017312226e-02
5.370961433841287e-02
6.549626304507206e-02
7.973824486301111e-02
9.689092812336429e-02
1.174574363284782e-01
1.420028020622897e-01
1.711215637976030e-01
2.053837438894285e-01
2.453707645428381e-01
2.915154339863508e-01
3.440651372382287e-01
4.029401644154580e-01
4.676196551316913e-01
5.369853780700635e-01
6.092311712571687e-01
6.818708519498506e-01
7.518370495032189e-01
8.158813740332582e-01
8.710779040581085e-01
9.153917202133344e-01
9.482734890511072e-01
9.706092010005982e-01
9.845138901693583e-01
9.924319792020297e-01
9.966806469563115e-01
9.987253910978308e-01
9.995652378794265e-01
9.998708781547031e-01
9.999671583490801e-01
9.999929309527371e-01
9.999987472052787e-01
9.999998216741522e-01
9.999999786489547e-01
9.999999981443386e-01
1.000000000126601e+00
9.999999998986354e-01
9.999999999968624e-01
1.000000000022798e+00
9.999999999908421e-01
9.999999999997429e-01
1.000000000002138e+00
9.999999999991291e-01
9.999999999999862e-01
1.000000000000192e+00
9.999999999999212e-01
9.999999999999990e-01
1.000000000000017e+00
9.999999999999920e-01
9.999999999999997e-01
###8.000000000000000e-01
2.453516022944656e-11
7.599582526889925e-11
9.432604011488516e-11
1.167911245383082e-10
1.443762634561261e-10
1.784004054000118e-10
2.201526714531385e-10
2.714819552858360e-10
3.345544123206095e-10
4.121181069128663e-10
5.074747274170681e-10
6.247337847693969e-10
7.688815807522551e-10
9.461306566638807e-10
1.164022245695997e-09
1.431848354341458e-09
1.761048150026892e-09
2.165663820090002e-09
2.662882345494598e-09
3.273905749627331e-09
4.024615137155564e-09
4.947047687732263e-09
6.080103767201133e-09
7.472132785288993e-09
9.181265385316919e-09
1.128059852972945e-08
1.385883280774213e-08
1.702425895394638e-08
2.091034180612187e-08
2.568082163414662e-08
3.153651345474412e-08
3.872278466946529e-08
4.754308377887378e-08
5.836404568052051e-08
7.163968288585425e-08
8.792895663451677e-08
1.079078719740747e-07
1.324112975980373e-07
1.624627847009341e-07
1.993060801478612e-07
2.444808369731151e-07
2.998602502448329e-07
3.677421150546750e-07
4.509387409927113e-07
5.528929833407871e-07
6.778233660060917e-07
8.308855980407803e-07
1.018404037738931e-06
1.248095980799731e-06
1.529415558285397e-06
1.873953720948384e-06
2.295854598428215e-06
2.812506827030780e-06
3.445022613337935e-06
4.219307089442256e-06
5.167352263847068e-06
6.327973324339918e-06
7.748520024446997e-06
9.486815236485788e-06
1.161466726407067e-05
1.421959761048322e-05
1.740767042551440e-05
2.130833656367997e-05
2.608438434806776e-05
3.193070156119407e-05
3.908774398207449e-05
4.784891485650800e-05
5.857354202448714e-05
7.171062863814476e-05
8.778631888851698e-05
1.074807545265121e-04
1.316117020250296e-04
1.611662549553591e-04
1.973677716990881e-04
2.417458247534068e-04
2.961048326685790e-04
3.627679015413784e-04
4.444520126752562e-04
5.446355245625069e-04
6.674734907973621e-04
8.180704424538945e-04
1.002718204638843e-03
1.229218852303999e-03
1.506940995782541e-03
1.847460510789432e-03
2.265060583768545e-03
2.777114813162675e-03
3.404520385810936e-03
4.173569263567248e-03
5.115871525705514e-03
6.269885780641960e-03
7.683027913095605e-03
9.411585220189788e-03
1.152530025484361e-02
1.410910239752252e-02
1.726346941620778e-02
2.111174514287549e-02
2.580072302713184e-02
3.150676988482896e-02
3.843961572460072e-02
4.684654289720512e-02
5.702040114158969e-02
6.930198535846169e-02
8.407867779596578e-02
1.017961589909916e-01
1.229401637162449e-01
1.480535720807205e-01
1.776986547759658e-01
2.123961216573393e-01
2.526798016210290e-01
2.989155220551424e-01
3.512851760036130e-01
4.096451099887092e-01
4.734297870923205e-01
5.415123907658046e-01
6.121333905124733e-01
6.829219743720262e-01
7.510092515501179e-01
8.133925838364332e-01
8.673946989747539e-01
9.111631992480421e-01
9.441696085028666e-01
9.671663043681337e-01
9.819855950789002e-01
9.908085942604428e-01
9.957745689993311e-01
9.982843284039787e-01
9.993787106884012e-01
9.998024479159465e-01
9.999457161359407e-01
9.999872905476387e-01
9.999975179201405e-01
9.999996037304678e-01
9.999999486715420e-01
9.999999948579301e-01
9.999999997552759e-01
9.999999999284080e-01
9.999999999962507e-01
1.000000000012083e+00
9.999999999955050e-01
9.999999999997681e-01
1.000000000001055e+00
9.999999999995978e-01
9.999999999999880e-01
1.000000000000086e+00
9.999999999999664e-01
9.999999999999993e-01
1.000000000000007e+00
9.999999999999968e-01
9.999999999999999e-01
###1.000000000000000e+00
3.217354024262265e-11
8.450723997170552e-11
1.050768506003462e-10
1.302107792082145e-10
1.610860043422665e-10
1.991780815604410e-10
2.459042533930654e-10
3.033546372963753e-10
3.739022069036390e-10
4.606709699605936e-10
5.673305457336280e-10
6.984883519491625e-10
8.597039093020541e-10
1.057935394393224e-09
1.301605967648559e-09
1.601101602023631e-09
1.969205785008586e-09
2.421614939164170e-09
2.977536163365483e-09
3.660668074048694e-09
4.499911693964333e-09
5.531113110528809e-09
6.797686110173984e-09
8.353713266952265e-09
1.026399771285935e-08
1.261034020118638e-08
1.549181176533029e-08
1.902947493211633e-08
2.337222330241634e-08
2.870302853324324e-08
3.524624779497595e-08
4.327560210590081e-08
5.313095380522937e-08
6.522057007380880e-08
8.005167516162746e-08
9.824974734093456e-08
1.205681990549283e-07
1.479396761259359e-07
1.815074206642030e-07
2.226588793048771e-07
2.731132146485298e-07
3.349628692952124e-07
4.107713659210187e-07
5.036772355819078e-07
6.175282188835458e-07
7.570214378363831e-07
9.279169069672175e-07
1.137272594302727e-06
1.393692965216910e-06
1.707726984532792e-06
2.092300135791660e-06
2.563180429015836e-06
3.139766671664715e-06
3.845575812674816e-06
4.709502419756695e-06
5.767132223180091e-06
7.061778250010744e-06
8.646073340553975e-06
1.058439808923286e-05
1.295672515391805e-05
1.586020353372485e-05
1.941287744491972e-05
2.375830396201100e-05
2.907744432045984e-05
3.558653678500906e-05
4.355212055217892e-05
5.329889640044003e-05
6.522437731346839e-05
7.982568613237645e-05
9.768223744955364e-05
1.195458554414259e-04
1.463183321628032e-04
1.790833737823830e-04
2.191845118457231e-04
2.683040462763170e-04
3.284109851907074e-04
4.020556648032412e-04
4.921926146566828e-04
6.026243823141586e-04
7.378610589729801e-04
9.034386999209870e-04
1.106169529510720e-03
1.354513126161087e-03
1.658502395630130e-03
2.030628247789743e-03
2.486209035914859e-03
3.043824311800018e-03
3.725708021940264e-03
4.559841289884009e-03
5.579736250044721e-03
6.825983340582883e-03
8.348548217669982e-03
1.020627599206902e-02
1.247206542800217e-02
1.523440039234532e-02
1.859711767498771e-02
2.268737722856210e-02
2.765572902679157e-02
3.368206168996686e-02
4.097905457452429e-02
4.979575224206341e-02
6.042600233574291e-02
7.320757367582105e-02
8.852292277879327e-02
1.068077799509208e-01
1.285307546156753e-01
1.542126752596293e-01
1.843843114461060e-01
2.195198757510381e-01
2.601071259902015e-01
3.064496400852244e-01
3.586685355920168e-01
4.165622364348068e-01
4.795258076662460e-01
5.464267895122158e-01
6.155506551520757e-01
6.846329897579321e-01
7.509830132518598e-01
8.118161051277014e-01
8.646724577185392e-01
9.078573387926587e-01
9.408620327778918e-01
9.643275327620955e-01
9.798550396285470e-01
9.894048166434263e-01
9.949592428748076e-01
9.978664431653244e-01
9.991914374583690e-01
9.997293377781665e-01
9.999211792198465e-01
9.999803211824165e-01
9.999958660263405e-01
9.999992829021652e-01
9.999998991614153e-01
9.999999888341505e-01
9.999999991385971e-01
9.999999999143400e-01
9.999999999950923e-01
1.000000000006308e+00
9.999999999978078e-01
9.999999999998311e-01
1.000000000000520e+00
9.999999999998147e-01
9.999999999999918e-01
1.000000000000039e+00
9.999999999999857e-01
9.999999999999996e-01
1.000000000000003e+00
9.999999999999988e-01
9.999999999999999e-01
###1.200000000000000e+00
4.053419392004140e-11
9.395486086581368e-11
1.169968429658115e-10
1.450912857080062e-10
1.796107311609687e-10
2.222059500717346e-10
2.744475827099524e-10
3.386637674617853e-10
4.174923779099364e-10
5.144508667640943e-10
6.336210853649924e-10
7.801594700593788e-10
9.602614589990445e-10
1.181702526481626e-09
1.453881460433586e-09
1.788401270995459e-09
2.199510109329023e-09
2.704746934527795e-09
3.325561074198540e-09
4.088355138259882e-09
5.025401503759514e-09
6.176727224160384e-09
7.590714915197558e-09
9.327773561269121e-09
1.146004901096883e-08
1.407892715364430e-08
1.729486212655824e-08
2.124300264728831e-08
2.608906680183914e-08
3.203754234839447e-08
3.933827356156013e-08
4.829630241168462e-08
5.929132705319661e-08
7.277746223506627e-08
8.932025638076774e-08
1.096180983792465e-07
1.345085271095950e-07
1.650335960377302e-07
2.024653089218448e-07
2.483491796006565e-07
3.045989504390944e-07
3.735517310989038e-07
4.580574826724675e-07
5.616077986242646e-07
6.884933506686200e-07
8.439535315682478e-07
1.034379969589176e-06
1.267640269223546e-06
1.553304429736262e-06
1.903109785934281e-06
2.331442906013650e-06
2.855826153319332e-06
3.497843627235567e-06
4.283621422318338e-06
5.245292686425999e-06
6.422338455381568e-06
7.862898051441353e-06
9.625339523541536e-06
1.178127678963189e-05
1.441926308179574e-05
1.764691920498097e-05
2.159518071579879e-05
2.642315876865177e-05
3.233018182520228e-05
3.955678217106979e-05
4.839634019878071e-05
5.920744988490179e-05
7.242921503783398e-05
8.860718191450077e-05
1.083835758641977e-04
1.325808452265465e-04
1.621919148671353e-04
1.984030165827480e-04
2.426849834096724e-04
2.968815285196413e-04
3.631355392885296e-04
4.442365741008495e-04
5.433892099814742e-04
6.647358913131116e-04
8.131595177995506e-04
9.946453151455123e-04
1.216549988355328e-03
1.488015345966424e-03
1.819766333401671e-03
2.225238564485064e-03
2.720819875902920e-03
3.326330578071421e-03
4.065376526792336e-03
4.967667232915359e-03
6.068652547463878e-03
7.411088184012267e-03
9.047515811246951e-03
1.103935798567505e-02
1.346267476940948e-02
1.640949689635672e-02
1.998695568302057e-02
2.432599175418373e-02
2.958078922108092e-02
3.593460971361734e-02
4.360288464331958e-02
5.283619580388336e-02
6.392905226272462e-02
7.721601858421653e-02
9.307428717545470e-02
1.119294811972242e-01
1.342333111098707e-01
1.604846757660955e-01
1.911835816219341e-01
2.267602443879712e-01
2.676578581588439e-01
3.141219518015883e-01
3.662171096555958e-01
4.236890868234018e-01
4.858980394615057e-01
5.517079165618261e-01
6.194478606959302e-01
6.869511598740768e-01
7.516869108425704e-01
8.110644963141703e-01
8.628149413272901e-01
9.053818490078871e-01
9.382746964246543e-01
9.620437718266119e-01
9.781005266232656e-01
9.882205631917362e-01
9.942474468990172e-01
9.974855133923913e-01
9.990125003777768e-01
9.996558857697386e-01
9.998951373444390e-01
9.999724604865903e-01
9.999938743793255e-01
9.999988667494929e-01
9.999998292024849e-01
9.999999795350537e-01
9.999999981543860e-01
9.999999998544362e-01
9.999999999918244e-01
1.000000000003115e+00
9.999999999989362e-01
9.999999999998883e-01
1.000000000000256e+00
9.999999999999148e-01
9.999999999999950e-01
1.000000000000018e+00
9.999999999999939e-01
9.999999999999998e-01
1.000000000000001e+00
9.999999999999996e-01
1.000000000000000e+00
###1.400000000000000e+00
4.968558316586739e-11
1.044246336514434e-10
1.301966280732981e-10
1.615676806553178e-10
2.001185191962065e-10
2.476930292907911e-10
3.060383729206022e-10
3.777102758887063e-10
4.657138297069326e-10
5.739354920200762e-10
7.069331642521266e-10
8.704658235496702e-10
1.071432648906075e-09
1.318507860377354e-09
1.622176085301740e-09
1.995360835243781e-09
2.453950013977546e-09
3.017493568159806e-09
3.709946562842495e-09
4.560588108145112e-09
5.605506627646713e-09
6.889310551725420e-09
8.465750458362657e-09
1.040233813233842e-08
1.277923963248219e-08
1.569837345480420e-08
1.928261073201295e-08
2.368265308135840e-08
2.908268806473888e-08
3.571077619935194e-08
4.384476345293656e-08
5.382410748172171e-08
6.607195223826042e-08
8.109274714921133e-08
9.951609944458433e-08
1.221199502861782e-07
1.498339902694591e-07
1.838200004809525e-07
2.254906538075929e-07
2.765642063603142e-07
3.391672642300660e-07
4.159006694115234e-07
5.099347589557094e-07
6.251395673256950e-07
7.662869947785969e-07
9.392141980287361e-07
1.150994539156007e-06
1.410378719662978e-06
1.727983301708992e-06
2.116839644256416e-06
2.592918869870258e-06
3.175646801239181e-06
3.888975502408081e-06
4.761857109527333e-06
5.829927757267029e-06
7.136882990694445e-06
8.736066145132891e-06
1.069204211332851e-05
1.308424544571354e-05
1.601043573077715e-05
1.958952249604488e-05
2.396629133110023e-05
2.931646891504228e-05
3.585935642707483e-05
4.386125906953540e-05
5.364427784467178e-05
6.560328258052392e-05
8.022189819761840e-05
9.809720940181367e-05
1.199380756319792e-04
1.466423122641840e-04
1.792983738387587e-04
2.192044127329055e-04
2.679625236537838e-04
3.275881789274058e-04
4.004076210181545e-04
4.894620830684137e-04
5.982190008650445e-04
7.311769760461623e-04
8.936094535948395e-04
1.091970266585085e-03
1.334183874301258e-03
1.630100244407047e-03
1.991164181268615e-03
2.431786508998815e-03
2.969459267099653e-03
3.625278758741073e-03
4.424257900744700e-03
5.397874160208586e-03
6.583550862497313e-03
8.026242031112787e-03
9.781091813019340e-03
1.191211821029045e-02
1.449854749064191e-02
1.763594216064833e-02
2.143468523051557e-02
2.602943880087610e-02
3.157790797825500e-02
3.826657999753395e-02
4.631344454945562e-02
5.597039792285120e-02
6.753229134333388e-02
8.133029889840525e-02
9.773603217756865e-02
1.171648557301219e-01
1.400517723749356e-01
1.668738843293968e-01
1.981011362877351e-01
2.341219682203884e-01
2.753364774051607e-01
3.219358730312309e-01
3.739320135275607e-01
4.310225670694413e-01
4.925365938847007e-01
5.573363102873852e-01
6.237921646923232e-01
6.898275142467207e-01
7.530554210983680e-01
8.110583889650300e-01
8.617357147835059e-01
9.036525223010415e-01
9.363376699848420e-01
9.602673367615259e-01
9.766980487231076e-01
9.872504794062716e-01
9.936455612969748e-01
9.971507275820070e-01
9.988487485115765e-01
9.995857340550243e-01
9.998690997734893e-01
9.999641965002252e-01
9.999916624827545e-01
9.999983759246827e-01
9.999997408636198e-01
9.999999668981921e-01
9.999999967343386e-01
9.999999997441961e-01
9.999999999852666e-01
1.000000000001203e+00
9.999999999994793e-01
9.999999999999301e-01
1.000000000000126e+00
9.999999999999609e-01
9.999999999999971e-01
1.000000000000008e+00
9.999999999999974e-01
9.999999999999999e-01
1.000000000000001e+00
9.999999999999998e-01
1.000000000000000e+00
###1.600000000000000e+00
5.976501956048144e-11
1.160097668815159e-10
1.447952763392061e-10
1.797855582562453e-10
2.227898137707108e-10
2.758627683434065e-10
3.409447450747830e-10
4.208528031396862e-10
5.189850357773707e-10
6.396376402023826e-10
7.878991451197592e-10
9.701791721938938e-10
1.194170208640145e-09
1.469516967889958e-09
1.807913329988064e-09
2.223728050166840e-09
2.734655524701451e-09
3.362457369236502e-09
4.133836747664906e-09
5.081252439975465e-09
6.245289667071999e-09
7.674620197284997e-09
9.429890202810093e-09
1.158593847968700e-08
1.423209518812146e-08
1.748163711558873e-08
2.147069258239739e-08
2.636748242191851e-08
3.237632615853663e-08
3.975087930258678e-08
4.879998740085586e-08
5.990091421582028e-08
7.352374815167167e-08
9.022822327349486e-08
1.107145958245431e-07
1.358463384914633e-07
1.666561029326498e-07
2.044341516017309e-07
2.507476853125609e-07
3.075032725057573e-07
3.770599374352986e-07
4.623053909062671e-07
5.667555924205093e-07
6.947031125187180e-07
8.514325097755936e-07
1.043434629671697e-06
1.278522691063134e-06
1.566410274923474e-06
1.918845461190250e-06
2.350264320872873e-06
2.878354978798715e-06
3.524605001090529e-06
4.315499459616283e-06
5.283133898442136e-06
6.466840524940330e-06
7.914896267001343e-06
9.686315480353193e-06
1.185216365054236e-05
1.450046454439972e-05
1.773883098608300e-05
2.169830378006542e-05
2.653852814561778e-05
3.245301704317830e-05
3.968268890495181e-05
4.852092914378698e-05
5.932097925903846e-05
7.251628333115705e-05
8.863789369706821e-05
1.083381479681163e-04
1.323959171275710e-04
1.617894733586270e-04
1.977084786095212e-04
2.415705021440983e-04
2.951144957807825e-04
3.605385530212134e-04
4.403617165866291e-04
5.378898087449345e-04
6.568662601165414e-04
8.021626441261205e-04
9.794610089759880e-04
1.195704015009533e-03
1.459407369810323e-03
1.781155973566215e-03
2.173142422109054e-03
2.650784065977311e-03
3.232712278914737e-03
3.941335006791099e-03
4.803107383242627e-03
5.851314719511841e-03
7.125389629390724e-03
8.672517055496711e-03
1.055047018842345e-02
1.282587887289362e-02
1.558114009645170e-02
1.891533143807641e-02
2.294204822813395e-02
2.779960900690181e-02
3.364912915500207e-02
4.068017498028686e-02
4.911310318166038e-02
5.920090323662642e-02
7.123846319765553e-02
8.555337260572182e-02
1.025113622514905e-01
1.225173885138802e-01
1.459899040485632e-01
1.733843499024389e-01
2.051412677421099e-01
2.416092942500326e-01
2.831468376850736e-01
3.298940986921207e-01
3.818136201249750e-01
4.385589535291323e-01
4.994313717099885e-01
5.632926764153030e-01
6.285522630595087e-01
6.932164539424874e-01
7.550281829497587e-01
8.117250706017465e-01
8.613558756509876e-01
9.025931073012604e-01
9.349862274927883e-01
9.589523898429759e-01
9.756216332523219e-01
9.864851106755272e-01
9.931551445352226e-01
9.968675487739059e-01
9.987049499676004e-01
9.995217540850928e-01
9.998443829905772e-01
9.999560070780085e-01
9.999893661832108e-01
9.999978398723811e-01
9.999996387706156e-01
9.999999513674014e-01
9.999999948811149e-01
9.999999995820938e-01
9.999999999746868e-01
9.999999999998453e-01
9.999999999997289e-01
9.999999999999576e-01
1.000000000000062e+00
9.999999999999821e-01
9.999999999999984e-01
1.000000000000004e+00
9.999999999999989e-01
9.999999999999999e-01
1.000000000000000e+00
9.999999999999999e-01
1.000000000000000e+00
###1.800000000000000e+00
7.073685476050435e-11
1.288102347320156e-10
1.609186984094105e-10
1.999023190522766e-10
2.478188311440745e-10
3.069548927585601e-10
3.794553124113487e-10
4.684572982625376e-10
5.777561881942108e-10
7.121122068347006e-10
8.772021670363060e-10
1.080134840021052e-09
1.329491616045010e-09
1.635979092071233e-09
2.012620831845130e-09
2.475371578112937e-09
3.043911201280206e-09
3.742430413129941e-09
4.600642833015586e-09
5.654500845341488e-09
6.949600953663974e-09
8.538822880928569e-09
1.049071267971990e-08
1.288792397772785e-08
1.582991633282479e-08
1.944226623610914e-08
2.387587719829149e-08
2.931784368100848e-08
3.599479008997248e-08
4.418822183978782e-08
5.424091327577775e-08
6.657210534426121e-08
8.170087466423467e-08
1.002502695792414e-07
1.229977954717298e-07
1.508954701681629e-07
1.850934842039423e-07
2.270200685203773e-07
2.784111900090107e-07
3.413784092801688e-07
4.185340693791045e-07
5.130775027171663e-07
6.289001390542555e-07
7.707556058806932e-07
9.444832369032483e-07
1.157284326525358e-06
1.417769711194033e-06
1.736713365732958e-06
2.127070382139114e-06
2.604810574839106e-06
3.189472649040104e-06
3.904776194685311e-06
4.779942161724695e-06
5.850463457584172e-06
7.159655427437507e-06
8.760736916182382e-06
1.071883741911149e-05
1.311199197793940e-05
1.603747703568812e-05
1.961349014541074e-05
2.398409056447464e-05
2.932484602168435e-05
3.584835945943791e-05
4.381914258916024e-05
5.355784904324532e-05
6.545271574766197e-05
7.997771167926177e-05
9.771436127871898e-05
1.193751131906494e-04
1.458094180183599e-04
1.780843854349473e-04
2.174955167474922e-04
2.655870398091304e-04
3.242424305441592e-04
3.958520185151059e-04
4.831378537053572e-04
5.896830780092451e-04
7.195225543196341e-04
8.779162355890392e-04
1.070973918142535e-03
1.306147800621213e-03
1.592568859871364e-03
1.941584438210749e-03
2.366162997202696e-03
2.882760514739780e-03
3.511183247420935e-03
4.275186834033700e-03
5.202703780323039e-03
6.328867419851517e-03
7.695155480937012e-03
9.351015981453683e-03
1.135687769898860e-02
1.378199711510417e-02
1.671194589818296e-02
2.024929993301565e-02
2.451082537857146e-02
2.963843145876525e-02
3.579653315126175e-02
4.317762953996614e-02
5.200425458863592e-02
6.253027020168869e-02
7.505030690184018e-02
8.988816771201788e-02
1.074034149902986e-01
1.279904461255915e-01
1.520512881922699e-01
1.800198519451007e-01
2.123078878453011e-01
2.492259796100375e-01
2.910921821046343e-01
3.379986270784593e-01
3.898615904115500e-01
4.462938895004735e-01
5.065720578341878e-01
5.695581987994485e-01
6.336984028879979e-01
6.970754638592719e-01
7.575501857773612e-01
8.129983736309061e-01
8.616034309507536e-01
9.021334926607455e-01
9.341605473287248e-01
9.580551350823491e-01
9.748447456500083e-01
9.859123140993810e-01
9.927741397406248e-01
9.966384713424516e-01
9.985841633453862e-01
9.994660326842231e-01
9.998220496326857e-01
9.999483185981904e-01
9.999871202634437e-01
9.999972920797746e-01
9.999995292769607e-01
9.999999338143784e-01
9.999999926696221e-01
9.999999993727440e-01
9.999999999599554e-01
9.999999999986412e-01
9.999999999998304e-01
9.999999999999741e-01
1.000000000000030e+00
9.999999999999918e-01
9.999999999999992e-01
1.000000000000002e+00
9.999999999999996e-01
1.000000000000000e+00
1.000000000000000e+00
1.000000000000000e+00
1.000000000000000e+00
###2.000000000000000e+00
8.272827695226665e-11
1.429334401180410e-10
1.787025452001539e-10
2.220868020439233e-10
2.754142753287510e-10
3.412290088645250e-10
4.219000853130095e-10
5.209170184906428e-10
6.425112298581498e-10
7.919532309328460e-10
9.755649599545684e-10
1.201226140706813e-09
1.478500268197624e-09
1.819236018001217e-09
2.237951678522400e-09
2.752295302479268e-09
3.384166269498903e-09
4.160410757340517e-09
5.114019448515999e-09
6.284806809926690e-09
7.723826797470380e-09
9.488658168240840e-09
1.165632096410592e-08
1.431826955693684e-08
1.758470649827179e-08
2.159493617194806e-08
2.651616184580343e-08
3.255542475375766e-08
3.996464481075449e-08
4.905504872235913e-08
6.020677192280378e-08
7.388481911580872e-08
9.066166735728521e-08
1.112294559271563e-07
1.364488510674783e-07
1.673714842179904e-07
2.052724027578789e-07
2.517309851213948e-07
3.086670579548643e-07
3.784143904830466e-07
4.638638736111264e-07
5.685479747718793e-07
6.967698110048809e-07
8.537842183639903e-07
1.046029354651719e-06
1.281472989691904e-06
1.569598195935859e-06
1.922324059515079e-06
2.353899952848406e-06
2.881987659718145e-06
3.528091996180412e-06
4.318353838649061e-06
5.284951129879406e-06
6.466988485581380e-06
7.912196215617433e-06
9.679000503981309e-06
1.183914018437786e-05
1.447830440842244e-05
1.770322323114782e-05
2.164392426102080e-05
2.645826576190562e-05
3.233885588662274e-05
3.951872422386148e-05
4.828753063339237e-05
5.899514334237161e-05
7.206701613876365e-05
8.802030150069937e-05
1.074902101903889e-04
1.312529357040515e-04
1.602329577075234e-04
1.955913400590010e-04
2.387357530464872e-04
2.913439442384571e-04
3.554521279144932e-04
4.336528710960657e-04
5.288817108594109e-04
6.450098350122217e-04
7.863868768271532e-04
9.586696108665872e-04
1.168417621795484e-03
1.423613884335188e-03
1.734029195636734e-03
2.111801580495271e-03
2.570703605781536e-03
3.128262737810365e-03
3.805496084389732e-03
4.627543405734428e-03
5.623849732264226e-03
6.831436846092341e-03
8.293863382191130e-03
1.006287209697462e-02
1.220157374788053e-02
1.478186462310352e-02
1.789251650854780e-02
2.163952314011892e-02
2.614283455448080e-02
3.154787140539866e-02
3.802223381948450e-02
4.576120694039487e-02
5.498931281258749e-02
6.596106465894194e-02
7.897054937331484e-02
9.433757338041124e-02
1.124152514057840e-01
1.335872669822346e-01
1.582393140575027e-01
1.867838936212282e-01
2.196045269714637e-01
2.569752963049638e-01
2.991751582304766e-01
3.462507848664509e-01
3.980749080602951e-01
4.542226756194553e-01
5.139481309438593e-01
5.761144847141858e-01
6.392022192206741e-01
7.013643554501020e-01
7.605689343009399e-01
8.148174257202150e-01
8.624125789711443e-01
9.022098266578674e-01
9.338052731605618e-01
9.575339072027866e-01
9.743406401345586e-01
9.855182109273923e-01
9.924978558608437e-01
9.964636863284617e-01
9.984879761747035e-01
9.994199345531322e-01
9.998028867422651e-01
9.999414766944399e-01
9.999850453827758e-01
9.999967656477219e-01
9.999994195036532e-01
9.999999153929510e-01
9.999999902339901e-01
9.999999991277947e-01
9.999999999415923e-01
9.999999999974060e-01
9.999999999998530e-01
9.999999999999836e-01
1.000000000000015e+00
9.999999999999962e-01
9.999999999999996e-01
1.000000000000001e+00
9.999999999999998e-01
1.000000000000000e+00
1.000000000000000e+00
1.000000000000000e+00
1.000000000000000e+00
###2.200000000000000e+00
9.584284476719028e-11
1.584949241718395e-10
1.982914705469269e-10
2.465158305638550e-10
3.058005332465612e-10
3.789630364123733e-10
4.686218880120401e-10
5.786544328400697e-10
7.137696623965477e-10
8.797985329649607e-10
1.083769838725178e-09
1.334413317054425e-09
1.642362422576241e-09
2.020733416974072e-09
2.485651049106739e-09
3.056651099543491e-09
3.758045568030387e-09
4.619626102001690e-09
5.677880865353074e-09
6.976946894229685e-09
8.573797889010779e-09
1.053119527894717e-08
1.293546836452569e-08
1.588746786752509e-08
1.950933633561758e-08
2.395532429518110e-08
2.941049836905576e-08
3.610356970119542e-08
4.431436280338153e-08
5.438576018727827e-08
6.673939665108191e-08
8.188978016585819e-08
1.004679310215047e-07
1.232408619725578e-07
1.511598707427044e-07
1.853850865472961e-07
2.273292349158966e-07
2.787295820937826e-07
3.417101953572850e-07
4.188508908675912e-07
5.133434135399100e-07
6.290682398168173e-07
7.707900077027197e-07
9.443113389973391e-07
1.156706157448734e-06
1.416752855069446e-06
1.734918149924757e-06
2.124336932102750e-06
2.600669984695028e-06
3.183391579782170e-06
3.896136627388552e-06
4.767654838422211e-06
5.833314952571578e-06
7.136095770628226e-06
8.728495108852476e-06
1.067453056821750e-05
1.305303849096862e-05
1.595795304890714e-05
1.950605771462200e-05
2.384013383844713e-05
2.913279024760508e-05
3.559484989658877e-05
4.348115188794251e-05
5.310752084687940e-05
6.485704245758994e-05
7.919271455934436e-05
9.667831818059447e-05
1.180062141693384e-04
1.440198234360408e-04
1.757235441761516e-04
2.143777639880047e-04
2.615087537095266e-04
3.189349636439029e-04
3.888539335187628e-04
4.740705206408380e-04
5.777448654123150e-04
7.040505254147123e-04
8.576659713418188e-04
1.044663446958218e-03
1.272071583883711e-03
1.548425883140671e-03
1.884162053012368e-03
2.292237762812417e-03
2.787258109714666e-03
3.387855646035349e-03
4.116294719120862e-03
4.999135997667008e-03
6.067372173443210e-03
7.359954121516048e-03
8.922557093903119e-03
1.080924975515713e-02
1.308585095258910e-02
1.582690907386259e-02
1.912449925379725e-02
2.308772288301967e-02
2.783993089354410e-02
3.352992934519743e-02
4.032837651146486e-02
4.843319580287977e-02
5.807070768680760e-02
6.949585432915004e-02
8.300189867916839e-02
9.890443200460662e-02
1.175498471800354e-01
1.393109525072515e-01
1.645571698100337e-01
1.936796958133570e-01
2.270343332909329e-01
2.648600358126795e-01
3.073978315840745e-01
3.546512493390562e-01
4.064519071516671e-01
4.623399564681793e-01
5.215488644612689e-01
5.829435137723182e-01
6.450365927874170e-01
7.060459825639068e-01
7.640373464729840e-01
8.171261946580008e-01
8.637231319253817e-01
9.027635080121338e-01
9.338691861457467e-01
9.573494223697253e-01
9.740829809443768e-01
9.852877350196279e-01
9.923197384871276e-01
9.963415610951522e-01
9.984167637807601e-01
9.993841859514343e-01
9.997874109918969e-01
9.999357372707326e-01
9.999832395366081e-01
9.999962900030744e-01
9.999993163887954e-01
9.999998973629243e-01
9.999999877443975e-01
9.999999988645413e-01
9.999999999207567e-01
9.999999999960880e-01
9.999999999998322e-01
9.999999999999885e-01
1.000000000000007e+00
9.999999999999983e-01
9.999999999999998e-01
1.000000000000000e+00
9.999999999999999e-01
1.000000000000000e+00
1.000000000000000e+00
1.000000000000000e+00
1.000000000000000e+00
###2.400000000000000e+00
1.101793959580486e-10
1.756192085868384e-10
2.199346050599122e-10
2.733857930240949e-10
3.392189974535530e-10
4.204554771012939e-10
5.199882309053934e-10
6.421230328948192e-10
7.920889161769887e-10
9.763329206484929e-10
1.202655875325317e-09
1.480730056165559e-09
1.822334671080825e-09
2.241998991256111e-09
2.757598722295890e-09
3.390753625044499e-09
4.168364037667683e-09
5.123478607258446e-09
6.296415319559298e-09
7.736034214765338e-09
9.505749514205190e-09
1.167403515368831e-08
1.433734152101850e-08
1.760678228106144e-08
2.161757768052896e-08
2.654016545509180e-08
3.257921415834569e-08
3.998706748026050e-08
4.907388067589879e-08
6.021702555414865e-08
7.388347056859841e-08
9.064116134033735e-08
1.111854828242868e-07
1.363654414534432e-07
1.672278751940881e-07
2.050540027407468e-07
2.514050125483370e-07
3.081880176011605e-07
3.777526156764709e-07
4.629410990456371e-07
5.672753112934478e-07
6.950173544046901e-07
8.514117017998517e-07
1.042871857551106e-06
1.277155186065596e-06
1.563919235783737e-06
1.914690862557948e-06
2.343903541485987e-06
2.868779577916029e-06
3.510708912127950e-06
4.295638267819058e-06
5.255125095728940e-06
6.427976171513247e-06
7.861330415802735e-06
9.612788388608180e-06
1.175242906173115e-05
1.436665282941400e-05
1.755824350105617e-05
2.145476425194056e-05
2.621262858189471e-05
3.202022662306546e-05
3.910783027935495e-05
4.775353621460637e-05
5.830097170070598e-05
7.116893189141068e-05
8.686000322529535e-05
1.059876180741005e-04
1.293047574224021e-04
1.577261573222477e-04
1.923407642423660e-04
2.345140305687669e-04
2.858975059065160e-04
3.484578114719228e-04
4.245630755727746e-04
5.172384129922155e-04
6.298864987366254e-04
7.669903074435585e-04
9.335745477351275e-04
1.136147468083456e-03
1.382225536597154e-03
1.680919027043515e-03
2.043354197438379e-03
2.483338035399379e-03
3.016336792989685e-03
3.662122418209790e-03
4.444243299105457e-03
5.390718131555054e-03
6.534122366459541e-03
7.915376783745442e-03
9.582308813450737e-03
1.159134360792404e-02
1.401103380441110e-02
1.691859064090432e-02
2.040938185805459e-02
2.459562544768526e-02
2.960400223147682e-02
3.558663641218095e-02
4.271713308551788e-02
5.119590439311824e-02
6.125087823664838e-02
7.313720115781105e-02
8.714703539878961e-02
1.035915295746947e-01
1.228100824305489e-01
1.451644570144044e-01
1.710078331972630e-01
2.007101902459428e-01
2.346000709521320e-01
2.728825127734366e-01
3.157616982333631e-01
3.632000690117016e-01
4.149902980734055e-01
4.706398769914373e-01
5.293633307682603e-01
5.900275993990594e-01
6.511755368504656e-01
7.110851037503640e-01
7.679111480641568e-01
8.198730016675547e-01
8.654797745409821e-01
9.037406955099477e-01
9.343048343160240e-01
9.574645016126918e-01
9.740460069633186e-01
9.852052573847134e-01
9.922319852185612e-01
9.962692171905486e-01
9.983699524399952e-01
9.993589730426001e-01
9.997758891776455e-01
9.999312655424920e-01
9.999817737888191e-01
9.999958887074517e-01
9.999992259825901e-01
9.999998809246520e-01
9.999999853811838e-01
9.999999986033206e-01
9.999999998990778e-01
9.999999999947203e-01
9.999999999997882e-01
9.999999999999907e-01
1.000000000000003e+00
9.999999999999992e-01
9.999999999999999e-01
1.000000000000000e+00
1.000000000000000e+00
1.000000000000000e+00
1.000000000000000e+00
1.000000000000000e+00
1.000000000000000e+00
###2.600000000000000e+00
1.258433447226928e-10
1.944405448931539e-10
2.436103793617570e-10
3.029049673559624e-10
3.759293340140224e-10
4.660282932543866e-10
5.763951052447691e-10
7.118120279438467e-10
8.780665096221804e-10
1.082291637719876e-09
1.333122219823608e-09
1.641270095119223e-09
2.019764967193352e-09
2.484681377982248e-09
3.055810176706496e-09
3.757046725401798e-09
4.618146129975668e-09
5.675638927254198e-09
6.974120668120305e-09
8.567534666340226e-09
1.052634501252365e-08
1.292530458942919e-08
1.587181357184152e-08
1.948824225818131e-08
2.392420471773512e-08
2.936733453442451e-08
3.604403653070325e-08
4.423234722468936e-08
5.427527181706595e-08
6.658833554730401e-08
8.168687971384410e-08
1.001966441478958e-07
1.228843611669590e-07
1.506873229979345e-07
1.847571717120056e-07
2.265037026589475e-07
2.776510498709579e-07
3.402919511474911e-07
4.170180238237203e-07
5.109564037933057e-07
6.259861963586526e-07
7.667849653717232e-07
9.391144070645400e-07
1.150043402624750e-06
1.408075273977883e-06
1.723811149682746e-06
2.109933158281260e-06
2.582262046852833e-06
3.159707317489115e-06
3.865713504004204e-06
4.728741840600985e-06
5.783345499340698e-06
7.072054051595532e-06
8.646421004911058e-06
1.056952319407889e-05
1.291806779630390e-05
1.578642451619476e-05
1.928689202013274e-05
2.355857718578740e-05
2.877245126786716e-05
3.513372995480423e-05
4.289354342029003e-05
5.235478430003167e-05
6.389037343096279e-05
7.795741295361775e-05
9.510049232047851e-05
1.159857153389259e-04
1.414303075044540e-04
1.724245750740892e-04
2.101468318717658e-04
2.560735648342277e-04
3.119885333783025e-04
3.800142901137129e-04
4.626984657256899e-04
5.632918865935023e-04
6.854763958260689e-04
8.340198017642679e-04
1.014347995255440e-03
1.233380821748125e-03
1.499179805538882e-03
1.821440499683357e-03
2.212005831849021e-03
2.685562496685891e-03
3.258466728784284e-03
3.951664870211672e-03
4.790026552524777e-03
5.803065920126006e-03
7.024976219160197e-03
8.498689053666433e-03
1.027421946614259e-02
1.241040126359754e-02
1.497847874937774e-02
1.805840186250911e-02
2.174879860601858e-02
2.616500700915441e-02
3.143696753198568e-02
3.772005204827467e-02
4.519069872753738e-02
5.405165648927701e-02
6.453226747913625e-02
7.688765495873716e-02
9.140860518931247e-02
1.084015872090337e-01
1.281987325790930e-01
1.511505786179169e-01
1.775940631165017e-01
2.078780133450911e-01
2.423041185558793e-01
2.810445685118554e-01
3.242676959893248e-01
3.718966820527096e-01
4.236871908662905e-01
4.791161019756052e-01
5.373804017360395e-01
5.973493455258054e-01
6.575940765723589e-01
7.164483524365191e-01
7.721488709751774e-01
8.230100295492994e-01
8.676315683161077e-01
9.050914785962995e-01
9.350683035230235e-01
9.578441710142234e-01
9.742048448960792e-01
9.852549946834405e-01
9.922259974703435e-01
9.962428488955447e-01
9.983462490811321e-01
9.993440451269926e-01
9.997683746913731e-01
9.999281399098308e-01
9.999806913449889e-01
9.999955780844492e-01
9.999991529353296e-01
9.999998670875583e-01
9.999999833097629e-01
9.999999983645815e-01
9.999999998783775e-01
9.999999999933871e-01
9.999999999997339e-01
9.999999999999913e-01
1.000000000000001e+00
9.999999999999997e-01
9.999999999999999e-01
1.000000000000000e+00
1.000000000000000e+00
1.000000000000000e+00
1.000000000000000e+00
1.000000000000000e+00
1.000000000000000e+00
###2.800000000000000e+00
1.429489009698364e-10
2.151002070468834e-10
2.695939758527500e-10
3.352965831497038e-10
4.162069215555714e-10
5.160228318689379e-10
6.382656431842057e-10
7.882398130219633e-10
9.723426759188192e-10
1.198460088985597e-09
1.476134903491192e-09
1.817212554238206e-09
2.236096111949875e-09
2.750544832411476e-09
3.382441671780519e-09
4.158164087247451e-09
5.110583796434951e-09
6.280030832781890e-09
7.715766782934198e-09
9.477315540715410e-09
1.164270020086921e-08
1.429365209027994e-08
1.754944141595465e-08
2.154470981188957e-08
2.644472315793822e-08
3.245592462400975e-08
3.982812648246405e-08
4.886782574351491e-08
5.995277410295756e-08
7.354093082077774e-08
9.019961335559861e-08
1.106175984295425e-07
1.356398805928246e-07
1.662966960503710e-07
2.038555681329477e-07
2.498683930636909e-07
3.062285016253625e-07
3.752361760993399e-07
4.597443967797455e-07
5.631829892841596e-07
6.898223316122274e-07
8.447885791096391e-07
1.034410421601600e-06
1.266437607522656e-06
1.550201321377388e-06
1.897324995945804e-06
2.321724306787673e-06
2.840708803335994e-06
3.475015183242915e-06
4.250293765745901e-06
5.197711068457827e-06
6.355034175903077e-06
7.768880107986716e-06
9.495297567570593e-06
1.160346759071603e-05
1.417710156441792e-05
1.731912967184757e-05
2.115201107315452e-05
2.582719882435936e-05
3.153105184947140e-05
3.848700561990286e-05
4.696850429107063e-05
5.730447252478954e-05
6.989914987759471e-05
8.525033833035242e-05
1.039472583978979e-04
1.267118396834596e-04
1.544293354688173e-04
1.881700501749674e-04
2.292066787087968e-04
2.791329476247656e-04
3.398720185005070e-04
4.137104300619304e-04
5.033845115231067e-04
6.123834864448731e-04
7.446774550020857e-04
9.053376615747140e-04
1.100207461716501e-03
1.336632254199377e-03
1.623245549808180e-03
1.970349703771517e-03
2.390530889207655e-03
2.899386606079450e-03
3.514192106442928e-03
4.257103788931345e-03
5.154350119762072e-03
6.236978384843695e-03
7.540834567068988e-03
9.110902070929548e-03
1.099941880688817e-02
1.326765745468704e-02
1.598957410220510e-02
1.924785102430661e-02
2.314441654721076e-02
2.779767587692841e-02
3.334077587491907e-02
3.993226212844346e-02
4.775128915643587e-02
5.700278760307001e-02
6.791731758231291e-02
8.074974743296129e-02
9.578921177705076e-02
1.133372531639688e-01
1.337184597964974e-01
1.572719507726427e-01
1.843183920032179e-01
2.151855008404808e-01
2.501484682031951e-01
2.893475751181517e-01
3.329162159629792e-01
3.807399349286194e-01
4.325391185137352e-01
4.877618370527676e-01
5.455887546002088e-01
6.048916186897656e-01
6.642685743437781e-01
7.221041299997585e-01
7.767117217269721e-01
8.264929997018066e-01
8.701318393598672e-01
9.067703075046100e-01
9.361189264262029e-01
9.584557070093210e-01
9.745356926901074e-01
9.854213115521155e-01
9.922927796739742e-01
9.962580354418830e-01
9.983438394421745e-01
9.993388192856394e-01
9.997647448604359e-01
9.999263638531659e-01
9.999800092937050e-01
9.999953671051415e-01
9.999991002619861e-01
9.999998565845004e-01
9.999999816624316e-01
9.999999981661045e-01
9.999999998603902e-01
9.999999999921909e-01
9.999999999996790e-01
9.999999999999911e-01
1.000000000000000e+00
9.999999999999999e-01
9.999999999999999e-01
1.000000000000000e+00
1.000000000000000e+00
1.000000000000000e+00
1.000000000000000e+00
1.000000000000000e+00
1.000000000000000e+00
###3.000000000000000e+00
1.616178494553009e-10
2.377512056351694e-10
2.980778327352730e-10
3.708004742522297e-10
4.603486911127156e-10
5.708062643369580e-10
7.060537658535155e-10
8.719637747046904e-10
1.075603730463416e-09
1.325677488391182e-09
1.632721827351932e-09
2.009819203213032e-09
2.472876564459526e-09
3.041476195651749e-09
3.739800218253073e-09
4.596920783535992e-09
5.649112759807096e-09
6.940845751562311e-09
8.526461353102561e-09
1.047157871850719e-08
1.286241015909466e-08
1.578834016565606e-08
1.938148474942678e-08
2.378992465359097e-08
2.919581114343543e-08
3.582616272982573e-08
4.395615423035219e-08
5.392328402076771e-08
6.614282675593914e-08
8.111898960740492e-08
9.947542590327434e-08
1.219696343251070e-07
1.495305130494543e-07
1.832896062989829e-07
2.246412561582778e-07
2.752875124501125e-07
3.373083709572545e-07
4.132277752936481e-07
5.061800939648479e-07
6.199241651680577e-07
7.591505793863158e-07
9.294716996699355e-07
1.137827254143401e-06
1.392701656626181e-06
1.704319464324114e-06
2.085403273876432e-06
2.551215831504692e-06
3.120613372332219e-06
3.816383435868485e-06
4.666436300542787e-06
5.704931159348043e-06
6.973043103133076e-06
8.521819889195166e-06
1.041209803294249e-05
1.271958022707211e-05
1.553546686963977e-05
1.897189239764097e-05
2.316205335262051e-05
2.827081833075571e-05
3.450072871614670e-05
4.209476924207961e-05
5.135002720704901e-05
6.262319579335054e-05
7.635182752797224e-05
9.307685500117162e-05
1.134347746537093e-04
1.382069925273784e-04
1.683503795387271e-04
2.050199636192808e-04
2.495880343944149e-04
3.037720048462870e-04
3.696419002071902e-04
4.496565980476085e-04
5.467506319270614e-04
6.646640345511767e-04
8.076674812624459e-04
9.811500893289731e-04
1.191390361333760e-03
1.446180021499772e-03
1.754744843322707e-03
2.128018370032456e-03
2.579357169368763e-03
3.125301327240238e-03
3.784074367213049e-03
4.579079042181671e-03
5.537940612877223e-03
6.693277431753982e-03
8.082623009367079e-03
9.753053520884042e-03
1.175906453152778e-02
1.416439265717103e-02
1.704573754244995e-02
2.048843042318070e-02
2.459793201308794e-02
2.949546961780714e-02
3.531740316175021e-02
4.222537518020567e-02
5.040113613169607e-02
6.005163965037484e-02
7.140846361674022e-02
8.472598486117022e-02
1.002914087100172e-01
1.184010937216861e-01
1.393718034274649e-01
1.635310328436658e-01
1.911831173201649e-01
2.226346815085276e-01
2.581347235507646e-01
2.977924383472839e-01
3.417071124487047e-01
3.897280988548324e-01
4.415420579322110e-01
4.965698472183433e-01
5.539768761299062e-01
6.126375163029470e-01
6.711753760355157e-01
7.280224347059864e-01
7.815633279358135e-01
8.302808988771231e-01
8.729368242694892e-01
9.087350183776526e-01
9.374190659855510e-01
9.592685446961213e-01
9.750159110806067e-01
9.856890660396697e-01
9.924232392570163e-01
9.963100073121111e-01
9.983605569399880e-01
9.993424618785702e-01
9.997647411674145e-01
9.999258787601325e-01
9.999797217026646e-01
9.999952578807780e-01
9.999990693171172e-01
9.999998498355555e-01
9.999999805267851e-01
9.999999980209773e-01
9.999999998465191e-01
9.999999999912281e-01
9.999999999996314e-01
9.999999999999907e-01
9.999999999999997e-01
1.000000000000000e+00
9.999999999999999e-01
1.000000000000000e+00
1.000000000000000e+00
1.000000000000000e+00
1.000000000000000e+00
1.000000000000000e+00
1.000000000000000e+00
###3.200000000000001e+00
1.819805315642609e-10
2.625573913016399e-10
3.292683689662065e-10
4.096722212414537e-10
5.086725522428692e-10
6.307721262306997e-10
7.802466816902989e-10
9.635811032506168e-10
1.188586160534300e-09
1.464845459677939e-09
1.803988546807058e-09
2.220440059196786e-09
2.731752145976081e-09
3.359498339806401e-09
4.130355235876867e-09
5.076323905125841e-09
6.237402012065289e-09
7.662561519734547e-09
9.411659704851134e-09
1.155697471843997e-08
1.419357600013761e-08
1.741929070720444e-08
2.137999442967371e-08
2.623863076726512e-08
3.219523586131921e-08
3.949963305741392e-08
4.845449552355224e-08
5.943056962448973e-08
7.288419280062017e-08
8.936958068258270e-08
1.095714549538259e-07
1.343217751314576e-07
1.646401941216048e-07
2.017680289880794e-07
2.472367191705542e-07
3.029108112568796e-07
3.710720194100313e-07
4.544882156949131e-07
5.565888872096401e-07
6.815012001421054e-07
8.343599403077186e-07
1.021303698281049e-06
1.249931810150191e-06
1.529521022677334e-06
1.871255397180459e-06
2.289041713781468e-06
2.799587064095890e-06
3.423426471133274e-06
4.185524974481582e-06
5.116234418589242e-06
6.252911068505224e-06
7.640419910792242e-06
9.334503777808248e-06
1.140127429124086e-05
1.392308131733259e-05
1.699937172322802e-05
2.075199464394543e-05
2.532568950387758e-05
3.090010438768689e-05
3.769427970254934e-05
4.597224897285128e-05
5.605625784286466e-05
6.833255128600927e-05
8.327407835949572e-05
1.014674488511216e-04
1.235987642540893e-04
1.505140057083347e-04
1.832441192297349e-04
2.230341903578408e-04
2.713615270735237e-04
3.300739234038872e-04
4.013960061656924e-04
4.879676490702287e-04
5.929314077827133e-04
7.202907658557527e-04
8.746294789084609e-04
1.061671050842049e-03
1.288145424292176e-03
1.562312401494539e-03
1.894011089409679e-03
2.294830986151731e-03
2.778926776228720e-03
3.363813585896761e-03
4.068692681623126e-03
4.918250077962250e-03
5.941546138108944e-03
7.172808400429248e-03
8.651292502397021e-03
1.042620828961518e-02
1.255434323994236e-02
1.510192242886859e-02
1.814841856554303e-02
2.178181228666459e-02
2.611107336579130e-02
3.126025560709671e-02
3.736885200135952e-02
4.460152142733922e-02
5.314248576431849e-02
6.320055850850315e-02
7.500813038400905e-02
8.881884443956931e-02
1.049176955616456e-01
1.235955902551577e-01
1.451611790974026e-01
1.699301221104546e-01
1.981922173257247e-01
2.302273058581549e-01
2.662641151932833e-01
3.063796154361841e-01
3.506397239925399e-01
3.988588950841870e-01
4.506914574119070e-01
5.055324802537154e-01
5.625330986573324e-01
6.205703393932321e-01
6.782919439301005e-01
7.341747038485912e-01
7.866694978362186e-01
8.343350054926133e-01
8.760062741416667e-01
9.109466241507702e-01
9.389339141179768e-01
9.602542651870301e-01
9.756242422348460e-01
9.860437088407169e-01
9.926084156847222e-01
9.963938585337793e-01
9.983940294723030e-01
9.993539750072588e-01
9.997680065079559e-01
9.999265788501983e-01
9.999798042102023e-01
9.999952466145035e-01
9.999990599375649e-01
9.999998469513388e-01
9.999999799420158e-01
9.999999979365608e-01
9.999999998376761e-01
9.999999999905708e-01
9.999999999995961e-01
9.999999999999902e-01
9.999999999999993e-01
1.000000000000000e+00
9.999999999999999e-01
1.000000000000000e+00
1.000000000000000e+00
1.000000000000000e+00
1.000000000000000e+00
1.000000000000000e+00
1.000000000000000e+00
###3.400000000000001e+00
2.041764233595437e-10
2.896941100481479e-10
3.633854862278972e-10
4.521860621940791e-10
5.615186720545412e-10
6.963415464646986e-10
8.613611401922119e-10
1.063730561406565e-09
1.312070589875245e-09
1.616936194412827e-09
1.991111796674738e-09
2.450520079998030e-09
3.014484850394435e-09
3.706760027486960e-09
4.556729213003471e-09
5.599585758887819e-09
6.879367490558730e-09
8.449964503732618e-09
1.037718090815126e-08
1.274058070034099e-08
1.564483396739815e-08
1.919693053724787e-08
2.355771798049356e-08
2.890619270677118e-08
3.546191340274419e-08
4.349932916178529e-08
5.335099172056336e-08
6.542362211669211e-08
8.021826932240760e-08
9.834273813848495e-08
1.205484067684158e-07
1.477475889856148e-07
1.810582212756202e-07
2.218407597629616e-07
2.717730979851317e-07
3.328971159772504e-07
4.077128404952729e-07
4.992484217043926e-07
6.112576809092206e-07
7.482555267137396e-07
9.158637096437445e-07
1.120781938202039e-06
1.371323678691546e-06
1.677623360312170e-06
2.051881657137555e-06
2.509295181109604e-06
3.068105083622603e-06
3.750692383435716e-06
4.584268921550374e-06
5.601894738027193e-06
6.844304529614392e-06
8.360348711236374e-06
1.021075389649344e-05
1.246732326774335e-05
1.521946141672567e-05
1.857544915633250e-05
2.266746221172206e-05
2.765266860948863e-05
3.372619126077692e-05
4.112509506160455e-05
5.013540659805340e-05
6.110597606666753e-05
7.445511015956102e-05
9.069276562900591e-05
1.104540037150808e-04
1.344776302367785e-04
1.636768943894080e-04
1.991634513482205e-04
2.422751883722904e-04
2.946007833570457e-04
3.581253640659748e-04
4.352361798344565e-04
5.287630685703045e-04
6.420667445969240e-04
7.794271632547641e-04
9.457540207826382e-04
1.147122478436479e-03
1.390730441152661e-03
1.685327947734260e-03
2.041389290680755e-03
2.471185082685731e-03
2.989696416066564e-03
3.615446575768155e-03
4.368644254984819e-03
5.275296219429456e-03
6.365936566461640e-03
7.676440292450135e-03
9.247819521405512e-03
1.113145852955453e-02
1.338647036714335e-02
1.608159238354730e-02
1.929909787126180e-02
2.312961478091208e-02
2.768559960356269e-02
3.309392934534749e-02
3.949714944959757e-02
4.706284985743774e-02
5.597759476972774e-02
6.645188933636366e-02
7.871872670590831e-02
9.303076738630374e-02
1.096705098635009e-01
1.289231295657533e-01
1.510888676067424e-01
1.764713332219890e-01
2.053456636658483e-01
2.379648189828907e-01
2.745374931739204e-01
3.151091134399164e-01
3.597128804877845e-01
4.081295094218499e-01
4.599822568354759e-01
5.146416885156577e-01
5.712456459280708e-01
6.286735883548082e-01
6.855965391892620e-01
7.405337130806305e-01
7.919980444639465e-01
8.386195450039190e-01
8.793029631125645e-01
9.133691223146705e-01
9.406312963914318e-01
9.613863138480778e-01
9.763406110650981e-01
9.864714458256549e-01
9.928396428196200e-01
9.965046927321005e-01
9.984417952030006e-01
9.993722651746073e-01
9.997741190834855e-01
9.999283251803677e-01
9.999802186482286e-01
9.999953248479940e-01
9.999990707005436e-01
9.999998477723268e-01
9.999999799017676e-01
9.999999979144061e-01
9.999999998342231e-01
9.999999999902570e-01
9.999999999995760e-01
9.999999999999900e-01
9.999999999999991e-01
1.000000000000000e+00
9.999999999999999e-01
1.000000000000000e+00
1.000000000000000e+00
1.000000000000000e+00
1.000000000000000e+00
1.000000000000000e+00
1.000000000000000e+00
###3.600000000000001e+00
2.283556337730240e-10
3.193489240832889e-10
4.006649506890573e-10
4.986352345210191e-10
6.192508016497303e-10
7.679655185496333e-10
9.499521655086107e-10
1.173096345533084e-09
1.446895350807045e-09
1.782966646347446e-09
2.195349706324895e-09
2.701595035272132e-09
3.322957026468790e-09
4.085559277633668e-09
5.021729418315666e-09
6.170138991842440e-09
7.579188433776415e-09
9.308129893012176e-09
1.142922794298007e-08
1.402995259809558e-08
1.722538512973741e-08
2.113240683182566e-08
2.592825944836614e-08
3.180903467875443e-08
3.901604373224042e-08
4.784970918300532e-08
5.867533118383510e-08
7.193854930277828e-08
8.818869740544628e-08
1.080916748495377e-07
1.324710417996439e-07
1.623252561219443e-07
1.988793627796661e-07
2.436221320911445e-07
2.983894650671826e-07
3.654147969513476e-07
4.474336307341455e-07
5.477544794256320e-07
6.704817103419644e-07
8.205500145027405e-07
1.004094106845830e-06
1.228434329459793e-06
1.502636725728861e-06
1.837767479178684e-06
2.247119909670961e-06
2.747286073995643e-06
3.358107038571914e-06
4.103993924252348e-06
5.014550467439816e-06
6.125781767864517e-06
7.481912139244560e-06
9.136181822962838e-06
1.115459171845206e-05
1.361504521475730e-05
1.661461480699075e-05
2.027060675214479e-05
2.472659366817351e-05
3.015285554441321e-05
3.676097642817584e-05
4.480721547210535e-05
5.460096749841213e-05
6.651928957557914e-05
8.101437771548519e-05
9.863598361009835e-05
1.200693920501344e-04
1.461108470875694e-04
1.777430151257772e-04
2.161635658893350e-04
2.628080837505993e-04
3.193825247796444e-04
3.880165704103372e-04
4.712684029348994e-04
5.721671100125648e-04
6.943020263267434e-04
8.422429909842617e-04
1.021239026820200e-03
1.237734481690984e-03
1.499412480001740e-03
1.815535716964333e-03
2.197236284789128e-03
2.657491472463141e-03
3.212137634166501e-03
3.880739983433526e-03
4.684544527328386e-03
5.650916822996060e-03
6.811903627434056e-03
8.205065771039315e-03
9.873205925695894e-03
1.186992333811855e-02
1.425668959182935e-02
1.710477724479247e-02
2.049928561194854e-02
2.453348520275700e-02
2.932329721184058e-02
3.499841114323125e-02
4.170434286293552e-02
4.961152306279318e-02
5.890872399309655e-02
6.980796847249283e-02
8.254263530155671e-02
9.736414625156389e-02
1.145522111351852e-01
1.343859828647671e-01
1.571569869830013e-01
1.831565443885560e-01
2.126446367478606e-01
2.458482808931152e-01
2.829552823701576e-01
3.239804547041401e-01
3.689248810528764e-01
4.175365792719018e-01
4.694088817061269e-01
5.238890219702672e-01
5.801023246683348e-01
6.369309259383946e-01
6.930680596365243e-01
7.470734608191388e-01
7.975186150996054e-01
8.431011077588277e-01
8.827923711765303e-01
9.159692730570509e-01
9.424815205873149e-01
9.626402226324986e-01
9.771463102027579e-01
9.869593262217748e-01
9.931086701216775e-01
9.966377522708334e-01
9.985013922924445e-01
9.993962053293494e-01
9.997826222786963e-01
9.999309582894601e-01
9.999809176212007e-01
9.999954808365580e-01
9.999990992384848e-01
9.999998519236099e-01
9.999999803616989e-01
9.999999979509091e-01
9.999999998360060e-01
9.999999999902871e-01
9.999999999995722e-01
9.999999999999901e-01
9.999999999999990e-01
1.000000000000000e+00
9.999999999999999e-01
1.000000000000000e+00
1.000000000000000e+00
1.000000000000000e+00
1.000000000000000e+00
1.000000000000000e+00
1.000000000000000e+00
###3.800000000000001e+00
2.546767530523737e-10
3.517227322021707e-10
4.413587735309851e-10
5.493332009263650e-10
6.822576943152739e-10
8.461240339073898e-10
1.046613058602482e-09
1.292407812998363e-09
1.593955827310498e-09
1.964034496869088e-09
2.418046084187202e-09
2.975308536027206e-09
3.659177345795618e-09
4.498349202639382e-09
5.528350073365381e-09
6.791625745252268e-09
8.341326925090881e-09
1.024248355559819e-08
1.257440980480860e-08
1.543314230861506e-08
1.894502683717816e-08
2.323768173905044e-08
2.850610711025036e-08
3.496493054834025e-08
4.287896899564647e-08
5.257677701005562e-08
6.445909360542584e-08
7.901378349684774e-08
9.684196460747055e-08
1.186729830871670e-07
1.454075462236262e-07
1.781377273557910e-07
2.182045861964920e-07
2.672337620764642e-07
3.272332084393586e-07
4.006431067423419e-07
4.904499446336986e-07
6.002680970978133e-07
7.345756538588428e-07
8.987610613306178e-07
1.099511125752775e-06
1.344812414963106e-06
1.644544947810876e-06
2.010760783680152e-06
2.457948780727823e-06
3.004169502789621e-06
3.671005331925332e-06
4.485027381194400e-06
5.478408974447416e-06
6.690311137047894e-06
8.168676965155295e-06
9.971447649810918e-06
1.217028990280525e-05
1.484950885250149e-05
1.811450049107220e-05
2.209210070783779e-05
2.693805972318763e-05
3.283660266521676e-05
4.001681126614961e-05
4.875574471711572e-05
5.938645863365475e-05
7.231708947264128e-05
8.803527299426709e-05
1.071344665658385e-04
1.303488632529086e-04
1.585396539637693e-04
1.927612786411858e-04
2.343020445664756e-04
2.847007708943450e-04
3.457866786284919e-04
4.198414908306496e-04
5.096029306458764e-04
6.183089442784579e-04
7.497882801449809e-04
9.089144752130573e-04
1.101289787870432e-03
1.333745561547921e-03
1.614468116908654e-03
1.953255512936345e-03
2.361920999872781e-03
2.854174513246321e-03
3.446737078221497e-03
4.160250245049894e-03
5.017027410309160e-03
6.045831485148625e-03
7.280261062799981e-03
8.759601337652394e-03
1.052850880022362e-02
1.264274851127876e-02
1.516627191352599e-02
1.817287783935089e-02
2.175020544665180e-02
2.599509485532943e-02
3.102597716157978e-02
3.697564301194912e-02
4.399249677494765e-02
5.224971384413273e-02
6.193813472948839e-02
7.327111949433800e-02
8.648220876086835e-02
1.018213211484641e-01
1.195650781677244e-01
1.399863057864817e-01
1.633674973276714e-01
1.899874262990658e-01
2.200904605568809e-01
2.538784246042354e-01
2.915175134231471e-01
3.329927080680983e-01
3.782735252702156e-01
4.270762289786490e-01
4.789652785487067e-01
5.332656616294154e-01
5.890909329065079e-01
6.453261802653241e-01
7.006860080532661e-01
7.537690874973224e-01
8.032025567950549e-01
8.477484680322120e-01
8.864424755790309e-01
9.187161607823764e-01
9.444572287067448e-01
9.639934334473480e-01
9.780244039710957e-01
9.874953264769393e-01
9.934077679356277e-01
9.967885065200369e-01
9.985704347013935e-01
9.994246682483231e-01
9.997930501537921e-01
9.999343098664174e-01
9.999818487215404e-01
9.999957008345393e-01
9.999991425651473e-01
9.999998588812431e-01
9.999999812494862e-01
9.999999980384717e-01
9.999999998424441e-01
9.999999999906296e-01
9.999999999995840e-01
9.999999999999906e-01
9.999999999999990e-01
1.000000000000000e+00
9.999999999999999e-01
1.000000000000000e+00
1.000000000000000e+00
1.000000000000000e+00
1.000000000000000e+00
1.000000000000000e+00
1.000000000000000e+00
###4.000000000000001e+00
2.833095976873348e-10
3.870293133298470e-10
4.857361491757472e-10
6.046147732852196e-10
7.509545437603546e-10
9.313307644261115e-10
1.151978040013494e-09
1.422440860997456e-09
1.754207732799934e-09
2.161311179816622e-09
2.660634750621476e-09
3.273414252253645e-09
4.025288029364160e-09
4.947745330532099e-09
6.079782905118749e-09
7.467938172363909e-09
9.170514039553517e-09
1.125880464085874e-08
1.381976390620538e-08
1.695870614862568e-08
2.081418557223025e-08
2.552543075173167e-08
3.130667156086250e-08
3.839285355501933e-08
4.707342776967169e-08
5.770816336183454e-08
7.073582336666672e-08
8.668990445022324e-08
1.062274547077962e-07
1.301463080334182e-07
1.594304537710856e-07
1.952729662140747e-07
2.391400471012336e-07
2.928046605113576e-07
3.584611685714273e-07
4.387701603334442e-07
5.369901888687803e-07
6.570652220816856e-07
8.038730391582776e-07
9.832917735598740e-07
1.202600892061659e-06
1.470502674515090e-06
1.797751729526671e-06
2.197455548836712e-06
2.685390590167309e-06
3.281181227639507e-06
4.008294792968658e-06
4.895583045949663e-06
5.978009097939135e-06
7.298053908470571e-06
8.907693601174188e-06
1.086985725346474e-05
1.326225881181621e-05
1.617603938889378e-05
1.972546449812711e-05
2.404754686965972e-05
2.931095768204605e-05
3.571476647755907e-05
4.350664279600356e-05
5.298576541243050e-05
6.451033257441907e-05
7.852118734301396e-05
9.554323045235899e-05
1.162178616785958e-04
1.413289160730487e-04
1.718071119378611e-04
2.087825614108504e-04
2.536389270738461e-04
3.080239942287543e-04
3.738964701469980e-04
4.536978746333816e-04
5.503521013538112e-04
6.673227765215201e-04
8.086823182143977e-04
9.796244557695281e-04
1.186119125286628e-03
1.435402709008444e-03
1.736164412741618e-03
2.098817974185183e-03
2.535824671860873e-03
3.061672362252274e-03
3.693996794837592e-03
4.454550875402211e-03
5.366745647678425e-03
6.460780432198989e-03
7.771845051966814e-03
9.340987751157014e-03
1.121475564885693e-02
1.345110727155094e-02
1.611651683409003e-02
1.928732520235978e-02
2.305390550378362e-02
2.751614511693434e-02
3.279547644153694e-02
3.902758930660679e-02
4.636369229738647e-02
5.497960366700490e-02
6.506808615333548e-02
7.684364961636470e-02
9.053976488289336e-02
1.064045740881751e-01
1.247113024193669e-01
1.457261312110715e-01
1.697221934928729e-01
1.969654359932339e-01
2.276841816583710e-01
2.620556542318927e-01
3.002238231196863e-01
3.421444935494706e-01
3.877561235101836e-01
4.367440873652352e-01
4.886449350754625e-01
5.427624406252897e-01
5.981991220540628e-01
6.538433433100795e-01
7.084304607611995e-01
7.605968027414685e-01
8.090227979378487e-01
8.525324260545530e-01
8.902235723025702e-01
9.215816833727427e-01
9.465332705493873e-01
9.654252280692395e-01
9.789591300982075e-01
9.880683821244149e-01
9.937297882205971e-01
9.969527321214915e-01
9.986466667898730e-01
9.994565767852549e-01
9.998049470304329e-01
9.999382113448976e-01
9.999829582750940e-01
9.999959702672523e-01
9.999991973850995e-01
9.999998680373543e-01
9.999999824757658e-01
9.999999981669047e-01
9.999999998526609e-01
9.999999999912296e-01
9.999999999996089e-01
9.999999999999913e-01
9.999999999999990e-01
1.000000000000000e+00
9.999999999999999e-01
1.000000000000000e+00
1.000000000000000e+00
1.000000000000000e+00
1.000000000000000e+00
1.000000000000000e+00
1.000000000000000e+00
###4.200000000000001e+00
3.144350226402053e-10
4.254972024999364e-10
5.340844661942794e-10
6.648373909047550e-10
8.257846604123831e-10
1.024133989657744e-09
1.266721504791860e-09
1.564027403847013e-09
1.928672677633787e-09
2.376046151849680e-09
2.924644701378433e-09
3.597781149169696e-09
4.423572456473530e-09
5.436534850612015e-09
6.679428251966812e-09
8.203221770808211e-09
1.007180106397663e-08
1.236324522070295e-08
1.517277980243316e-08
1.861577791300515e-08
2.284395227095032e-08
2.800925716818925e-08
3.434633539601114e-08
4.211251286563430e-08
5.162359318055736e-08
6.327321234745803e-08
7.754113293635969e-08
9.501013628563614e-08
1.163975599971196e-07
1.425751613283592e-07
1.746167274035671e-07
2.138241963481384e-07
2.617985371398861e-07
3.204714571206880e-07
3.922380404046570e-07
4.799956788723421e-07
5.872960003577228e-07
7.184371273471078e-07
8.787268268324608e-07
1.074572340481883e-06
1.313876940050927e-06
1.606124361955331e-06
1.963002572587902e-06
2.398750943991320e-06
2.930532895016164e-06
3.579632524728351e-06
4.371530692894468e-06
5.337554079070383e-06
6.515597319000535e-06
7.951728769493088e-06
9.702279499484354e-06
1.183532487253742e-05
1.443516319947323e-05
1.760028253167769e-05
2.145420894317919e-05
2.614493589741386e-05
3.185482748178447e-05
3.879872563285933e-05
4.724403110348787e-05
5.751334750827260e-05
6.999215939816732e-05
8.515439621822754e-05
1.035658051383392e-04
1.259173941834990e-04
1.530475368874669e-04
1.859581458443131e-04
2.258599129875032e-04
2.742367813872090e-04
3.328514321378653e-04
4.037985207054568e-04
4.896873891870174e-04
5.936371317632893e-04
7.193479993464790e-04
8.711469037837176e-04
1.054562573616321e-03
1.275947597030965e-03
1.542961662196845e-03
1.864813359008069e-03
2.252564891208043e-03
2.719341135759557e-03
3.280437283479032e-03
3.954434542978720e-03
4.764232785275916e-03
5.734371125101822e-03
6.896524796527184e-03
8.287514432136652e-03
9.950189915359970e-03
1.193301959202646e-02
1.429619999707725e-02
1.710875269713599e-02
2.044958168703897e-02
2.441184564460752e-02
2.909836894509052e-02
3.463365838853242e-02
4.115623629545313e-02
4.882002591461997e-02
5.780338063887778e-02
6.830083241920409e-02
8.052784585489683e-02
9.471758188182898e-02
1.111161232460933e-01
1.299929814751191e-01
1.516073621326209e-01
1.762226977207237e-01
2.040918096380875e-01
2.354265644075552e-01
2.703800409080627e-01
3.090734544708394e-01
3.514339868460996e-01
3.973695069207510e-01
4.465352890881305e-01
4.984408996350257e-01
5.523698643245548e-01
6.074144115988503e-01
6.624665702835332e-01
7.162820426335735e-01
7.675338246070975e-01
8.149537475709908e-01
8.574256726634530e-01
8.941081222050898e-01
9.245397928411044e-01
9.486865905638774e-01
9.669166623174197e-01
9.799361727066696e-01
9.886684438690466e-01
9.940682074107360e-01
9.971265225358628e-01
9.987280020010025e-01
9.994909255446039e-01
9.998178827117207e-01
9.999425014645265e-01
9.999841939891447e-01
9.999962746998030e-01
9.999992603640289e-01
9.999998787592219e-01
9.999999839444506e-01
9.999999983248180e-01
9.999999998656247e-01
9.999999999920197e-01
9.999999999996432e-01
9.999999999999925e-01
9.999999999999990e-01
1.000000000000000e+00
9.999999999999999e-01
1.000000000000000e+00
1.000000000000000e+00
1.000000000000000e+00
1.000000000000000e+00
1.000000000000000e+00
1.000000000000000e+00
###4.400000000000001e+00
3.482476285732152e-10
4.673703311680546e-10
5.867103835094461e-10
7.303825283001177e-10
9.072216747633545e-10
1.125118558170773e-09
1.391564198949567e-09
1.718053421602977e-09
2.118436047423811e-09
2.609571380720166e-09
3.211705564699842e-09
3.950400891554897e-09
4.856463192169991e-09
5.967686366599622e-09
7.330906892038342e-09
9.001889652838899e-09
1.105056392186382e-08
1.356235107652390e-08
1.664142420361336e-08
2.041403374313227e-08
2.504611757760021e-08
3.070339175205808e-08
3.764250367059015e-08
4.614499953836432e-08
5.655513106678847e-08
6.930308016014792e-08
8.491281296277596e-08
1.040202870274883e-07
1.274078414192534e-07
1.560268745678551e-07
1.910479318716134e-07
2.338901833958352e-07
2.862996097532367e-07
3.503787970293076e-07
4.287386134513701e-07
5.245311439887868e-07
6.416229253886461e-07
7.846923586828753e-07
9.595110026626099e-07
1.173048112871356e-06
1.433881562620780e-06
1.752331142912158e-06
2.141085013755838e-06
2.615595285430677e-06
3.194507513445364e-06
3.900888676229915e-06
4.762363212727950e-06
5.812908587835976e-06
7.093550238132072e-06
8.654207724265540e-06
1.055580510545069e-05
1.287199926733697e-05
1.569391381626752e-05
1.912806528217413e-05
2.330780532200138e-05
2.839268269361083e-05
3.457971162388734e-05
4.210045429560474e-05
5.124317847638963e-05
6.235543697763235e-05
7.585151652330517e-05
9.224057052682332e-05
1.121313418000712e-04
1.362670962852889e-04
1.655443786072455e-04
2.010396253862798e-04
2.440486467193918e-04
2.961608054489116e-04
3.592598137980740e-04
4.355829829408916e-04
5.279157944048250e-04
6.395823434491571e-04
7.745294239176477e-04
9.373509808806502e-04
1.133925536880388e-03
1.371003812963662e-03
1.656687432691490e-03
2.000725212837020e-03
2.414849876609499e-03
2.912877228527929e-03
3.510935983499861e-03
4.228584031505059e-03
5.089904412052421e-03
6.120594826158609e-03
7.353846344722244e-03
8.828149577187791e-03
1.058804958673109e-02
1.268440357901424e-02
1.517925266615982e-02
1.814433400172145e-02
2.166113492567886e-02
2.582562424843986e-02
3.074352139349862e-02
3.654240665619773e-02
4.336358607515040e-02
5.136360341703727e-02
6.072323299786498e-02
7.163861558781745e-02
8.432596725449434e-02
9.901788985841438e-02
1.159581136506253e-01
1.354121091362370e-01
1.576317612700364e-01
1.828704492771622e-01
2.113675525668744e-01
2.433180833945283e-01
2.788513164552536e-01
3.180654444530496e-01
3.608589218254049e-01
4.071100355718641e-01
4.564445066303396e-01
5.083457994516511e-01
5.620781295373503e-01
6.167242038531152e-01
6.711801814326996e-01
7.242219070766968e-01
7.745583273334478e-01
8.209712059266645e-01
8.624024486004703e-01
8.980706049057787e-01
9.275664918289506e-01
9.508961032160537e-01
9.684504841700605e-01
9.809422322837000e-01
9.892863402856107e-01
9.944171308166313e-01
9.973063995542999e-01
9.988125486821637e-01
9.995267989082268e-01
9.998314629641223e-01
9.999470315628619e-01
9.999855072637572e-01
9.999966005682511e-01
9.999993283308676e-01
9.999998904385131e-01
9.999999855614518e-01
9.999999985008279e-01
9.999999998802839e-01
9.999999999929273e-01
9.999999999996836e-01
9.999999999999937e-01
9.999999999999990e-01
1.000000000000000e+00
9.999999999999999e-01
1.000000000000000e+00
1.000000000000000e+00
1.000000000000000e+00
1.000000000000000e+00
1.000000000000000e+00
1.000000000000000e+00
###4.600000000000001e+00
3.849539538454108e-10
5.129088122290214e-10
6.439409198226079e-10
8.016565180002943e-10
9.957687969059400e-10
1.234907990619185e-09
1.527274409585068e-09
1.885463157377035e-09
2.324655869066521e-09
2.863305920364194e-09
3.523553179489699e-09
4.333394267866607e-09
5.326550193472270e-09
6.544359816786593e-09
8.038072030561885e-09
9.868637025708360e-09
1.211252069985684e-08
1.486308270714008e-08
1.823416612557916e-08
2.236375677177855e-08
2.743320854907978e-08
3.362302610773982e-08
4.121365726712875e-08
5.051275531970636e-08
6.189527870380117e-08
7.583080657956325e-08
9.289094330838220e-08
1.137689494767764e-07
1.393171884173997e-07
1.705727888278642e-07
2.088104599944811e-07
2.555755048292450e-07
3.127698087580608e-07
3.826797285851208e-07
4.681479237267576e-07
5.726001615539138e-07
7.002410614895716e-07
8.561572599184939e-07
1.046617245335970e-06
1.279190645815164e-06
1.563186995667335e-06
1.909812568748023e-06
2.332829503392617e-06
2.848988139705684e-06
3.478517781362833e-06
4.246393657989821e-06
5.182529453220636e-06
6.323732555239026e-06
7.714371133988014e-06
9.408470292885670e-06
1.147186098870927e-05
1.398412341283502e-05
1.704366629474168e-05
2.076554135937192e-05
2.529354931055909e-05
3.079969790558060e-05
3.749624654746837e-05
4.563263393415113e-05
5.551902353810996e-05
6.752988299635995e-05
8.210942037182871e-05
9.980464584329930e-05
1.212693975286376e-04
1.473020921328474e-04
1.788608351257782e-04
2.171019630372443e-04
2.634064244498223e-04
3.194789108606012e-04
3.873290079629265e-04
4.693436330038927e-04
5.684930238527235e-04
6.883163673793873e-04
8.330144539544783e-04
1.007469767184433e-03
1.217920044778950e-03
1.471524535046551e-03
1.776854271260512e-03
2.144216815169585e-03
2.586038254830959e-03
3.116852882657265e-03
3.753649738148402e-03
4.516995085281761e-03
5.432191903076557e-03
6.526127040385805e-03
7.833547696372808e-03
9.394652912355465e-03
1.125570357585212e-02
1.347003495377845e-02
1.610151700705807e-02
1.922464586308431e-02
2.292349841222467e-02
2.729688246075901e-02
3.245338015458531e-02
3.852362432952998e-02
4.565165505370409e-02
5.399653762073373e-02
6.374134609783191e-02
7.508366182164206e-02
8.824024028117228e-02
1.034428654374061e-01
1.209326111763254e-01
1.409705690111674e-01
1.638009446958573e-01
1.896666987918197e-01
2.187934355263401e-01
2.513589242338190e-01
2.874688862787316e-01
3.271989018640403e-01
3.704166241452180e-01
4.169736230931803e-01
4.664659712241482e-01
5.183518702081445e-01
5.718771538110282e-01
6.261158081975756e-01
6.799686737208694e-01
7.322317277174709e-01
7.816494044423794e-01
8.270522972578417e-01
8.674391232338668e-01
9.020874069207431e-01
9.306397623742931e-01
9.531426969168021e-01
9.700110669233855e-01
9.819655504251805e-01
9.899138925117080e-01
9.947713063865807e-01
9.974892456865792e-01
9.988986254503807e-01
9.995633829097240e-01
9.998453379766323e-01
9.999516692319785e-01
9.999868547125318e-01
9.999969357301124e-01
9.999993984356916e-01
9.999999025245093e-01
9.999999872411610e-01
9.999999986844802e-01
9.999999998956624e-01
9.999999999938850e-01
9.999999999997267e-01
9.999999999999950e-01
9.999999999999991e-01
1.000000000000000e+00
9.999999999999999e-01
1.000000000000000e+00
1.000000000000000e+00
1.000000000000000e+00
1.000000000000000e+00
1.000000000000000e+00
1.000000000000000e+00
###4.800000000000002e+00
4.247741095348356e-10
5.623899289867758e-10
7.061246321203857e-10
8.790928707054586e-10
1.091963306261521e-09
1.354166689989083e-09
1.674670698925972e-09
2.067262509045450e-09
2.548566077421046e-09
3.138760901196501e-09
3.862035682782537e-09
4.749019676941232e-09
5.836589764190382e-09
7.169917316586802e-09
8.805022425286354e-09
1.080845707465889e-08
1.326375083104663e-08
1.627283853222353e-08
1.996000499405082e-08
2.447589830234729e-08
3.001852967499081e-08
3.678431548778598e-08
4.507941248643068e-08
5.523959377473065e-08
6.767292968462928e-08
8.289143469349549e-08
1.015180151364094e-07
1.243076238377497e-07
1.521879941056666e-07
1.862884653668523e-07
2.279957821554697e-07
2.789908496045414e-07
3.413430314948596e-07
4.175361386059289e-07
5.106616251146542e-07
6.244390839610163e-07
7.634358171513157e-07
9.331772475759993e-07
1.140462107733482e-06
1.393503615896364e-06
1.702396990800271e-06
2.079295871671937e-06
2.539111527221181e-06
3.099982866162989e-06
3.783832860516627e-06
4.617669765231550e-06
5.633857715182462e-06
6.872220542403722e-06
8.380692374890552e-06
1.021767207154280e-05
1.245424733456739e-05
1.517622849497761e-05
1.848983203495836e-05
2.251917823414445e-05
2.741916478245659e-05
3.337503452128635e-05
4.061521470939392e-05
4.940809345685048e-05
6.008736816536155e-05
7.305497282412995e-05
8.878810850335545e-05
1.078728093304428e-04
1.310108466057785e-04
1.590589237633482e-04
1.930401008845389e-04
2.341947937771031e-04
2.839952664786785e-04
3.442607869777290e-04
4.171421457396016e-04
5.051780203494011e-04
6.115333605960444e-04
7.399728414054272e-04
8.949617506550781e-04
1.081685157568868e-03
1.306768352577816e-03
1.577755214331128e-03
1.903746105133207e-03
2.295615903791329e-03
2.766507557699498e-03
3.331701681780213e-03
4.009075020290712e-03
4.820234375267398e-03
5.791739990807875e-03
6.951698506965881e-03
8.336453850767518e-03
9.987952267816583e-03
1.195424319888713e-02
1.429107022160863e-02
1.706427312459582e-02
2.035111292036279e-02
2.423821346521459e-02
2.882729273954437e-02
3.422974641829082e-02
4.057923381538888e-02
4.802247309531481e-02
5.672094666991208e-02
6.685989979682898e-02
7.863817777501057e-02
9.227285412030452e-02
1.079946258481949e-01
1.260415954704596e-01
1.466701261891695e-01
1.701163722985647e-01
1.966124974398782e-01
2.263699817995534e-01
2.595489690555096e-01
2.962317967166699e-01
3.364709036185750e-01
3.801039651472243e-01
4.269557236967187e-01
4.765934690157582e-01
5.284509619104206e-01
5.817565856082972e-01
6.355764508804890e-01
6.888167229593586e-01
7.402936852076304e-01
7.887870324913324e-01
8.331754087980688e-01
8.725134527042797e-01
9.061367238753821e-01
9.337397013311989e-01
9.554088227499924e-01
9.715843361561692e-01
9.829955662343443e-01
9.905438625375306e-01
9.951261163112999e-01
9.976723280868007e-01
9.989847673029343e-01
9.995999711460596e-01
9.998592048220228e-01
9.999563003820051e-01
9.999881990743024e-01
9.999972697803808e-01
9.999994682439228e-01
9.999999145479901e-01
9.999999889107383e-01
9.999999988668924e-01
9.999999999109325e-01
9.999999999948355e-01
9.999999999997695e-01
9.999999999999963e-01
9.999999999999991e-01
1.000000000000000e+00
9.999999999999999e-01
1.000000000000000e+00
1.000000000000000e+00
1.000000000000000e+00
1.000000000000000e+00
1.000000000000000e+00
1.000000000000000e+00
###5.000000000000002e+00
4.679425563393699e-10
6.161090575435643e-10
7.736328434968313e-10
9.631532869736837e-10
1.196377491415697e-09
1.483602330458208e-09
1.834624759069339e-09
2.264522485104134e-09
2.791478048776413e-09
3.437544787909321e-09
4.229119746577783e-09
5.199679350424139e-09
6.389513717750232e-09
7.847934226467630e-09
9.636115793211294e-09
1.182665716552623e-08
1.451071463803370e-08
1.779947846973965e-08
2.182849912805261e-08
2.676207884556359e-08
3.281620246611995e-08
4.020440414142384e-08
4.926058051047542e-08
6.035077164111544e-08
7.391871956813087e-08
9.052211071279897e-08
1.108390540514336e-07
1.356908652044710e-07
1.660863320232119e-07
2.032538970226554e-07
2.487007087928172e-07
3.042533248651127e-07
3.721608915930432e-07
4.551191910214217e-07
5.564899575603417e-07
6.802976384391635e-07
8.315085982334326e-07
1.016114820214892e-06
1.241488294860214e-06
1.516515601248609e-06
1.852148260599150e-06
2.261547675938948e-06
2.760853624426221e-06
3.369689045304434e-06
4.111795177055146e-06
5.016319209017764e-06
6.118271364019928e-06
7.460680198781796e-06
9.095280754051099e-06
1.108512821761868e-05
1.350690542642395e-05
1.645308245120623e-05
2.003808852323877e-05
2.439575777119134e-05
2.969274646071285e-05
3.612836286591783e-05
4.394813978202185e-05
5.344055258316854e-05
6.496417221982104e-05
7.895005697473420e-05
9.591031469191969e-05
1.164727474649387e-04
1.413879230485246e-04
1.715757132780298e-04
2.081272011883480e-04
2.523709394420812e-04
3.058760355585027e-04
3.705812667931704e-04
4.487856876306247e-04
5.431875424740590e-04
6.571555186102542e-04
7.946905096487093e-04
9.605337822960124e-04
1.160185655651389e-03
1.400675505642941e-03
1.689949770855830e-03
2.037656533276303e-03
2.455261122491170e-03
2.956647551895433e-03
3.557870871534798e-03
4.277723474272964e-03
5.138885320666726e-03
6.169211778120306e-03
7.398059969045724e-03
8.863411411982242e-03
1.060899862494578e-02
1.268470880195547e-02
1.514869135980836e-02
1.806882700480588e-02
2.152514762864191e-02
2.560684642986588e-02
3.041855113334985e-02
3.607444200181631e-02
4.271117363349034e-02
5.047807980891538e-02
5.953894973135344e-02
7.008106346526838e-02
8.230434479713485e-02
9.642595410831518e-02
1.126752216093747e-01
1.312869518525052e-01
1.525124186382218e-01
1.765793389143840e-01
2.037086883593796e-01
2.340974595771781e-01
2.678877914831090e-01
3.051387352366162e-01
3.458791315202203e-01
3.899173744049572e-01
4.370513447755705e-01
4.868203590453481e-01
5.386345606875682e-01
5.917058285750998e-01
6.450932960141869e-01
6.977091957534198e-01
7.483904636351532e-01
7.959520444030241e-01
8.393201350901363e-01
8.776046510481109e-01
9.101984553846082e-01
9.368476640764533e-01
9.576787107274911e-01
9.731576904611229e-01
9.840228638503508e-01
9.911699009609493e-01
9.954775547185756e-01
9.978532961888497e-01
9.990697252305886e-01
9.996359656981765e-01
9.998728090118379e-01
9.999608304319121e-01
9.999895096216849e-01
9.999975942565433e-01
9.999995357851255e-01
9.999999261324130e-01
9.999999905123750e-01
9.999999990410646e-01
9.999999999254467e-01
9.999999999957334e-01
9.999999999998100e-01
9.999999999999974e-01
9.999999999999992e-01
1.000000000000000e+00
9.999999999999999e-01
1.000000000000000e+00
1.000000000000000e+00
1.000000000000000e+00
1.000000000000000e+00
1.000000000000000e+00
1.000000000000000e+00
###5.200000000000002e+00
5.147088942383792e-10
6.743806951450036e-10
8.468609078067701e-10
1.054328788365672e-09
1.309620586114747e-09
1.623968207108311e-09
2.008064335622498e-09
2.478382791434981e-09
3.054781086392131e-09
3.761368539596889e-09
4.626897044442608e-09
5.687927679167830e-09
6.988438906693946e-09
8.582210718874964e-09
1.053598276079747e-08
1.292887564309954e-08
1.586027365502684e-08
1.945134845020862e-08
2.384979519580370e-08
2.923462828935497e-08
3.584120972129831e-08
4.390147668323870e-08
5.377922922424883e-08
6.587306291233250e-08
8.066511474534433e-08
9.876218899613663e-08
1.209017476899140e-07
1.479764362905511e-07
1.810821382249769e-07
2.215537264493562e-07
2.710276434550860e-07
3.314867636532179e-07
4.053730935998506e-07
4.956097681453081e-07
6.058487187746640e-07
7.404395433099606e-07
9.047775900937076e-07
1.105353725259330e-06
1.350153344024870e-06
1.648783928180752e-06
2.013111913280958e-06
2.457375722800380e-06
2.999027437374202e-06
3.659274824289570e-06
4.463797651984320e-06
5.444027409287111e-06
6.637792889844982e-06
8.091537080443940e-06
9.861043196687241e-06
1.201432020610586e-05
1.463400205716119e-05
1.781964603708774e-05
2.169439026751800e-05
2.640238969527038e-05
3.212277693394871e-05
3.906985774378746e-05
4.750714419821348e-05
5.774443832811468e-05
7.016649879909689e-05
8.523535549121223e-05
1.034999714554387e-04
1.256322335592625e-04
1.524342571391001e-04
1.848922203149330e-04
2.241702817086751e-04
2.716865768954528e-04
3.291135035237324e-04
3.985185546216827e-04
4.823493179317890e-04
5.834775549649276e-04
7.054823774141853e-04
8.526133129913274e-04
1.029898338859434e-03
1.243166404761507e-03
1.499852079689384e-03
1.808370640056506e-03
2.178888953256837e-03
2.623502166406027e-03
3.156860401392593e-03
3.795821525733889e-03
4.560122074874036e-03
5.473548227582711e-03
6.565288835342068e-03
7.865982194686195e-03
9.415288493141188e-03
1.125876562191613e-02
1.344818105742965e-02
1.604409657161397e-02
1.911650980849912e-02
2.274821039594396e-02
2.703098763731350e-02
3.207237587069122e-02
3.798930757211082e-02
4.492139618062207e-02
5.302052178062819e-02
6.245266362014214e-02
7.340699195816777e-02
8.608431425103194e-02
1.007016363163062e-01
1.174866304839504e-01
1.366704648238774e-01
1.584989505843846e-01
1.831909680517451e-01
2.109559015546572e-01
2.419758792884151e-01
2.763746590911679e-01
3.141880438258980e-01
3.554208896081610e-01
3.998546794892985e-01
4.472550997636783e-01
4.971396128692160e-01
5.488938289518154e-01
6.017140805052990e-01
6.546534794960704e-01
7.066311736037123e-01
7.565052588749543e-01
8.031263502073837e-01
8.454672389356639e-01
8.826933783454258e-01
9.142541215180597e-01
9.399469119526425e-01
9.599382038340042e-01
9.747199313362499e-01
9.850394363070700e-01
9.917865185911521e-01
9.958222046140259e-01
9.980301688602544e-01
9.991524607466017e-01
9.996708749959584e-01
9.998859446355520e-01
9.999651829420314e-01
9.999907621414530e-01
9.999979025706637e-01
9.999995995585027e-01
9.999999369967059e-01
9.999999920036432e-01
9.999999992019860e-01
9.999999999387498e-01
9.999999999965490e-01
9.999999999998467e-01
9.999999999999984e-01
9.999999999999992e-01
1.000000000000000e+00
9.999999999999999e-01
1.000000000000000e+00
1.000000000000000e+00
1.000000000000000e+00
1.000000000000000e+00
1.000000000000000e+00
1.000000000000000e+00
###5.400000000000002e+00
5.653387009206105e-10
7.375395353941867e-10
9.262295453841335e-10
1.153142770294175e-09
1.432340838563095e-09
1.776065681236532e-09
2.195976354001960e-09
2.710055633404327e-09
3.339970735401625e-09
4.112051346136501e-09
5.057591109057830e-09
6.216479497360774e-09
7.636677219346380e-09
9.376783846596064e-09
1.150954146236468e-08
1.412109949922655e-08
1.731971184943180e-08
2.123730593327456e-08
2.603465897576612e-08
3.190662534693165e-08
3.910943979573825e-08
4.789481142039703e-08
5.865875773089198e-08
7.183483573761087e-08
8.794650454822889e-08
1.076533423180984e-07
1.317565776417262e-07
1.612254650970957e-07
1.972494001572771e-07
2.412774705527336e-07
2.950848573927816e-07
3.608220429250719e-07
4.411377667198030e-07
5.391988952819851e-07
6.589678867008700e-07
8.051431102762674e-07
9.835784858641743e-07
1.201298685620358e-06
1.466944978172147e-06
1.790895970692380e-06
2.185995028129741e-06
2.667630694337072e-06
3.254655870922505e-06
3.969969421451886e-06
4.841316756085496e-06
5.902566536376146e-06
7.194548065614940e-06
8.767339563359133e-06
1.068103251442173e-05
1.300890257541126e-05
1.583988753079305e-05
1.928113815975565e-05
2.346497924692071e-05
2.854652361823731e-05
3.471813990720633e-05
4.221001543329210e-05
5.130471658867472e-05
6.233459453439076e-05
7.571227434140900e-05
9.193199489925922e-05
1.115821253800374e-04
1.353812583112540e-04
1.641849273345742e-04
1.990498967519415e-04
2.412171724138827e-04
2.921986083029026e-04
3.537765243601464e-04
4.281499603110916e-04
5.179255876514896e-04
6.261559896462397e-04
7.566404464967309e-04
9.138917688496463e-04
1.103229298961337e-03
1.330829451258766e-03
1.604545902812863e-03
1.933289128528453e-03
2.327756826785127e-03
2.800700051731138e-03
3.367558719148434e-03
4.046028809433165e-03
4.856813383820417e-03
5.824840530843723e-03
6.980671418039533e-03
8.356256161829945e-03
9.992974840026135e-03
1.193824975606299e-02
1.424576933392765e-02
1.697848534696560e-02
2.020870158610487e-02
2.402178594268419e-02
2.851225053769167e-02
3.379050603610064e-02
3.997620089493276e-02
4.721186546346538e-02
5.565184970418460e-02
6.546419925821427e-02
7.683982130365373e-02
8.998020240196805e-02
1.051019416276626e-01
1.224307507482311e-01
1.421938106247339e-01
1.646310845182554e-01
1.899522036711398e-01
2.183545458293533e-01
2.500049861744311e-01
2.850085273580860e-01
3.233777139686816e-01
3.650930934535628e-01
4.099097065012511e-01
4.575611960404393e-01
5.075438257608790e-01
5.592196230088591e-01
6.117703495386024e-01
6.642441336921282e-01
7.155679743725685e-01
7.646218016111287e-01
8.102931920893326e-01
8.515986544149907e-01
8.877616997778195e-01
9.182868048127554e-01
9.430223645658254e-01
9.621746654576606e-01
9.762611965891173e-01
9.860381632650876e-01
9.923890371024894e-01
9.961572055750226e-01
9.982013140115383e-01
9.992321244333834e-01
9.997043080998843e-01
9.998984508244985e-01
9.999692999968419e-01
9.999919386131586e-01
9.999981899555054e-01
9.999996585082758e-01
9.999999469494316e-01
9.999999933566869e-01
9.999999993465006e-01
9.999999999505671e-01
9.999999999972646e-01
9.999999999998787e-01
9.999999999999992e-01
9.999999999999993e-01
1.000000000000000e+00
9.999999999999999e-01
1.000000000000000e+00
1.000000000000000e+00
1.000000000000000e+00
1.000000000000000e+00
1.000000000000000e+00
1.000000000000000e+00
###5.600000000000002e+00
6.201143945677066e-10
8.059415668197596e-10
1.012186289310774e-09
1.260151646331669e-09
1.565227680928793e-09
1.940746983111061e-09
2.399410214375565e-09
2.960829777176598e-09
3.648626667179144e-09
4.491526604684309e-09
5.523564589294547e-09
6.788218906600151e-09
8.337746308537852e-09
1.023594045483507e-08
1.256201313018385e-08
1.540968308329056e-08
1.889675832186098e-08
2.316674730799683e-08
2.839450833852967e-08
3.479193724259214e-08
4.263773413319435e-08
5.220483784231763e-08
6.392393630362679e-08
7.826613529799500e-08
9.579930072856828e-08
1.172396812207155e-07
1.434569625761348e-07
1.755026164815586e-07
2.146663620085323e-07
2.625197667237442e-07
3.209867595232725e-07
3.923974374223392e-07
4.796219679669010e-07
5.860882679670200e-07
7.160909052403804e-07
8.747019881616674e-07
1.068265358755238e-06
1.304376427903586e-06
1.592377251826407e-06
1.943470588726945e-06
2.371542296404874e-06
2.893208205292920e-06
3.528815447518496e-06
4.303066076217168e-06
5.245905125699350e-06
6.393795003446006e-06
7.790770520472096e-06
9.490764216998766e-06
1.155845373568181e-05
1.407271038924125e-05
1.712916472932823e-05
2.084303791450766e-05
2.535639709612090e-05
3.083596319389784e-05
3.748813650179959e-05
4.555991239449224e-05
5.535403537519968e-05
6.722668518179601e-05
8.161992361803888e-05
9.906203998795450e-05
1.201829238091559e-04
1.457504796814814e-04
1.766772792438869e-04
2.140921382541387e-04
2.593192148591043e-04
3.139668510498332e-04
3.799346793918725e-04
4.595558708397369e-04
5.556127634224304e-04
6.713377560515445e-04
8.107644606264665e-04
9.786842168626774e-04
1.180706999612934e-03
1.423384254865775e-03
1.715002962959324e-03
2.064986057104310e-03
2.484584123006539e-03
2.987227465214774e-03
3.589162338019460e-03
4.308982261878863e-03
5.168355954091055e-03
6.193397229723017e-03
7.416078950341069e-03
8.869693594623574e-03
1.059738246966554e-02
1.264847121474752e-02
1.507860821102329e-02
1.795315611980800e-02
2.134687496627474e-02
2.534738596665800e-02
3.005227256931244e-02
3.557470174377746e-02
4.203699625058260e-02
4.958455579803657e-02
5.837411627710488e-02
6.857565871252809e-02
8.038166480772535e-02
9.399408547893459e-02
1.096288497001576e-01
1.275093940307357e-01
1.478585489294428e-01
1.709100318309181e-01
1.968637998287181e-01
2.259047973814707e-01
2.581842477877843e-01
2.937880254849447e-01
3.327053686722505e-01
3.748922324311709e-01
4.200773055011428e-01
4.679633785254497e-01
5.180251957902569e-01
5.696024823109728e-01
6.218634606034570e-01
6.738523836480010e-01
7.245051341643954e-01
7.727232798145932e-01
8.174346291066211e-01
8.576973642212335e-01
8.927929910977651e-01
9.222810511096281e-01
9.460604433763971e-01
9.643768869328149e-01
9.777728771662109e-01
9.870129412806200e-01
9.929735208357445e-01
9.964802147723294e-01
9.983654265928226e-01
9.993080576378933e-01
9.997359673103642e-01
9.999102087737261e-01
9.999731403310886e-01
9.999930266724188e-01
9.999984532941222e-01
9.999997119792150e-01
9.999999558790035e-01
9.999999945564940e-01
9.999999994730320e-01
9.999999999607792e-01
9.999999999978736e-01
9.999999999999056e-01
9.999999999999999e-01
9.999999999999993e-01
1.000000000000000e+00
9.999999999999999e-01
1.000000000000000e+00
1.000000000000000e+00
1.000000000000000e+00
1.000000000000000e+00
1.000000000000000e+00
1.000000000000000e+00
###5.800000000000002e+00
6.793362299345620e-10
8.799652086577219e-10
1.105206941980490e-09
1.375946829608680e-09
1.709014018107137e-09
2.118917934383517e-09
2.619481214049620e-09
3.232074681355803e-09
3.982427206354539e-09
4.901848127783171e-09
6.027326803030039e-09
7.406208411033121e-09
9.095380568597061e-09
1.116423060061492e-08
1.369893840132073e-08
1.680136810163995e-08
2.059961093825858e-08
2.524963637633076e-08
3.094144753895753e-08
3.790526099155337e-08
4.644393769249984e-08
5.685319636781038e-08
6.960100252260025e-08
8.519876971080368e-08
1.042620405991483e-07
1.275678776744628e-07
1.560594064166644e-07
1.908762695927337e-07
2.334157370293886e-07
2.853806267345191e-07
3.488542290374754e-07
4.263589820560959e-07
5.210020572029950e-07
6.364907405707127e-07
7.774746266499059e-07
9.494258953256668e-07
1.159211528763597e-06
1.415036719869838e-06
1.726991782483693e-06
2.107159590985413e-06
2.570537771146417e-06
3.135050859745099e-06
3.822638739532007e-06
4.659924815473308e-06
5.679196973555511e-06
6.919673946998754e-06
8.428806507046871e-06
1.026462141323204e-05
1.249667077264633e-05
1.520976725864805e-05
1.850664696277172e-05
2.251108878167923e-05
2.737549785894442e-05
3.327888100425279e-05
4.044250305672058e-05
4.913113774892283e-05
5.966888238261562e-05
7.243708295701568e-05
8.790887964861699e-05
1.066485308921298e-04
1.293296554154929e-04
1.567721190144726e-04
1.899488688371486e-04
2.300648090042498e-04
2.785288857080931e-04
3.370537455788342e-04
4.076611211018089e-04
4.928257619958301e-04
5.955117003727525e-04
7.191411370621198e-04
8.679922019892241e-04
1.047147867659647e-03
1.262518275381749e-03
1.521047673892666e-03
1.831474402888006e-03
2.203751713597545e-03
2.649705456290768e-03
3.183476322515622e-03
3.822123802378250e-03
4.585186219828017e-03
5.495324540226617e-03
6.579871031592050e-03
7.872250058782880e-03
9.407126862292914e-03
1.122944536825747e-02
1.339047322991146e-02
1.594785630160124e-02
1.896938973767479e-02
2.253231185466434e-02
2.672654401651571e-02
3.165271213251349e-02
3.742666740322587e-02
4.417358134081276e-02
5.204144863332482e-02
6.118941869960939e-02
7.178913129474360e-02
8.403460825160719e-02
9.812799423769747e-02
1.142842729225176e-01
1.327242788016295e-01
1.536661161143329e-01
1.773368462048231e-01
2.039263146814991e-01
2.336065955368365e-01
2.665128524965767e-01
3.027114605830330e-01
3.421682741427350e-01
3.848144093565332e-01
4.303523191196725e-01
4.784550064057172e-01
5.285755751154346e-01
5.800326810739167e-01
6.319821005543103e-01
6.834653933030396e-01
7.334284538494107e-01
7.807954964963727e-01
8.245348155836488e-01
8.637474055288341e-01
8.977719087197179e-01
9.262228176108624e-01
9.490490061812107e-01
9.665350148878267e-01
9.792475468393176e-01
9.879586226562131e-01
9.935367189384244e-01
9.967893664302033e-01
9.985214973646035e-01
9.993797689744713e-01
9.997656394528150e-01
9.999211374170272e-01
9.999766773976363e-01
9.999940189325284e-01
9.999986908595093e-01
9.999997596578433e-01
9.999999637410958e-01
9.999999955986001e-01
9.999999995813300e-01
9.999999999693864e-01
9.999999999983780e-01
9.999999999999278e-01
1.000000000000000e+00
9.999999999999994e-01
1.000000000000000e+00
9.999999999999999e-01
1.000000000000000e+00
1.000000000000000e+00
1.000000000000000e+00
1.000000000000000e+00
1.000000000000000e+00
1.000000000000000e+00
###6.000000000000003e+00
7.433232278367217e-10
9.600126660792826e-10
1.205797178871620e-09
1.501156826287609e-09
1.864478612717690e-09
2.311541068406366e-09
2.857374172933557e-09
3.525245003261671e-09
4.343154712386903e-09
5.345196645772668e-09
6.571541626472122e-09
8.073698480621832e-09
9.913542788539191e-09
1.216648155454531e-08
1.492619395906550e-08
1.830330338043893e-08
2.243696092154705e-08
2.749653395458032e-08
3.368830286078873e-08
4.126216627095592e-08
5.054694978979185e-08
6.186280006174994e-08
7.571773163139120e-08
9.266639919571323e-08
1.133754938464057e-07
1.386872930190834e-07
1.696236514836709e-07
2.074187010669557e-07
2.535849264997761e-07
3.099656984367240e-07
3.788149172705460e-07
4.628608446124336e-07
5.654641584850374e-07
6.906308516090064e-07
8.433899422318361e-07
1.029641370179027e-06
1.256810448292582e-06
1.533753430786915e-06
1.871359008189889e-06
2.282650007660207e-06
2.783806638212767e-06
3.394150354172393e-06
4.137316859906222e-06
5.041975476768186e-06
6.142915560398415e-06
7.482260657215552e-06
9.111119749782898e-06
1.109186101840403e-05
1.349921297348972e-05
1.642429287020274e-05
1.997737549038489e-05
2.429130887694158e-05
2.952946018980254e-05
3.588383281878221e-05
4.359142770372644e-05
5.293581270761353e-05
6.426366529665196e-05
7.798289570675917e-05
9.459943778858810e-05
1.147155178171881e-04
1.390507900118873e-04
1.684798428140676e-04
2.040396129498022e-04
2.470141759539245e-04
2.989012881634492e-04
3.615242558837723e-04
4.370321683332467e-04
5.280499871295682e-04
6.377271887482225e-04
7.696886021775199e-04
9.284665869499334e-04
1.119450486495741e-03
1.348856651757654e-03
1.624044188808692e-03
1.954220030452652e-03
2.349886200096770e-03
2.823466740865965e-03
3.389871363767648e-03
4.066898331490839e-03
4.875160306920415e-03
5.838310552514282e-03
6.984932720410230e-03
8.349942872273131e-03
9.969409188273177e-03
1.189011957856836e-02
1.416532201680744e-02
1.685470797864665e-02
2.002849023746589e-02
2.376644252163478e-02
2.816081463642570e-02
3.331524685418866e-02
3.934853019352989e-02
4.638785440454916e-02
5.458452927584966e-02
6.409976148913243e-02
7.510668897843938e-02
8.780070480811226e-02
1.023839081489414e-01
1.190700499067364e-01
1.380770232097065e-01
1.596178175702947e-01
1.839124157368140e-01
2.111401028325606e-01
2.414596357817002e-01
2.749897039877028e-01
3.117768148050827e-01
3.517633400593224e-01
3.948553466695162e-01
4.407291955389971e-01
4.890290717395221e-01
5.391864935233363e-01
5.905002576542645e-01
6.421148524093182e-01
6.930704031274926e-01
7.423240451328730e-01
7.888239297293519e-01
8.315787406025308e-01
8.697338922174499e-01
9.026843724754087e-01
9.300994318095310e-01
9.519772884124826e-01
9.686404842644539e-01
9.806788948405578e-01
9.888709540136181e-01
9.940761259865915e-01
9.970832351327856e-01
9.986687881168339e-01
9.994469177828735e-01
9.997931864853126e-01
9.999311887984039e-01
9.999798973692725e-01
9.999949122336238e-01
9.999989021476814e-01
9.999998015101634e-01
9.999999705448157e-01
9.999999964866964e-01
9.999999996721176e-01
9.999999999764771e-01
9.999999999987855e-01
9.999999999999454e-01
1.000000000000001e+00
9.999999999999994e-01
1.000000000000000e+00
9.999999999999999e-01
1.000000000000000e+00
1.000000000000000e+00
1.000000000000000e+00
1.000000000000000e+00
1.000000000000000e+00
1.000000000000000e+00
###6.200000000000003e+00
8.124142187809606e-10
1.046511182539303e-09
1.314494111750915e-09
1.636449185691785e-09
2.032448556487447e-09
2.519638479784481e-09
3.114347151385013e-09
3.841885104639363e-09
4.732717495522997e-09
5.823886623196894e-09
7.159035759749214e-09
8.794137539410282e-09
1.079643619504210e-08
1.324781233155717e-08
1.625001033662294e-08
1.992306623587100e-08
2.441801834824698e-08
2.991862857314867e-08
3.664865954356258e-08
4.487913979563400e-08
5.496677780645318e-08
6.725789868381373e-08
8.230351121289713e-08
1.007046280361539e-07
1.231827726633624e-07
1.506501097506464e-07
1.842128361467464e-07
2.252062734790497e-07
2.752662448547166e-07
3.363865343545782e-07
4.110035683025184e-07
5.020657071985242e-07
6.132046095237146e-07
7.487452781158179e-07
9.141224248790006e-07
1.115692536278099e-06
1.361476639719188e-06
1.661025623426515e-06
2.026079489154035e-06
2.470667153125128e-06
3.012217028302088e-06
3.671549573706290e-06
4.474101894286804e-06
5.450720517473892e-06
6.638852926967402e-06
8.083714347809545e-06
9.840296101348140e-06
1.197557788371491e-05
1.456978161717817e-05
1.772071062734313e-05
2.154663267043770e-05
2.619000143579880e-05
3.182579944310472e-05
3.865977158847962e-05
4.694556664371321e-05
5.698660934870864e-05
6.915343929815541e-05
8.388199126792556e-05
1.017127841072983e-04
1.232880933320136e-04
1.493760149437052e-04
1.809087356363029e-04
2.189904775731027e-04
2.649884972530833e-04
3.204938843915777e-04
3.874459294081540e-04
4.681271110989248e-04
5.653185878574439e-04
6.823679677848434e-04
8.231071872964495e-04
9.923357550030928e-04
1.195761060991683e-03
1.439931024301339e-03
1.732606066224493e-03
2.083509418695959e-03
2.503699455238716e-03
3.006224747730727e-03
3.606785948224897e-03
4.323954573111178e-03
5.179439262255679e-03
6.197922059317726e-03
7.409271318909090e-03
8.849935314440963e-03
1.055741511131850e-02
1.258038387664225e-02
1.497410815309148e-02
1.780041503752087e-02
2.113178770255719e-02
2.505072249407669e-02
2.965177713449027e-02
3.504158038772679e-02
4.134194725452536e-02
4.868173340360921e-02
5.721578981420000e-02
6.710717748057946e-02
7.853038581057037e-02
9.168197399112131e-02
1.067637533244306e-01
1.239879425304479e-01
1.435691413046798e-01
1.657148233307983e-01
1.906374581900921e-01
2.185053106593471e-01
2.494633657436856e-01
2.836134185145491e-01
3.209817452426382e-01
3.614871220513765e-01
4.050103931849330e-01
4.512020013814537e-01
4.996782159589341e-01
5.498491808056740e-01
6.009950411391639e-01
6.522502230400922e-01
7.026547545767290e-01
7.511783364907239e-01
7.967943940712607e-01
8.385521923026903e-01
8.756429781796546e-01
9.075175146834551e-01
9.338995280741046e-01
9.548358304983864e-01
9.706859409701440e-01
9.820616502718291e-01
9.897465062162862e-01
9.945897623164501e-01
9.973607921126776e-01
9.988068023334988e-01
9.995092960967055e-01
9.998185355365429e-01
9.999403431916657e-01
9.999827970709448e-01
9.999957068700868e-01
9.999990876001205e-01
9.999998377178000e-01
9.999999763391214e-01
9.999999972303194e-01
9.999999997467630e-01
9.999999999821966e-01
9.999999999991073e-01
9.999999999999591e-01
1.000000000000001e+00
9.999999999999996e-01
1.000000000000000e+00
9.999999999999999e-01
1.000000000000000e+00
1.000000000000000e+00
1.000000000000000e+00
1.000000000000000e+00
1.000000000000000e+00
1.000000000000000e+00
###6.400000000000003e+00
8.869689027782419e-10
1.139914369185924e-09
1.431867998573478e-09
1.782532615697152e-09
2.213801879614376e-09
2.744295105956187e-09
3.391735402218393e-09
4.183633861981647e-09
5.153110907087977e-09
6.340373358441821e-09
7.792807362710038e-09
9.571182386804168e-09
1.174851706153971e-08
1.441364895454188e-08
1.767699024250836e-08
2.166868497325922e-08
2.655253888483370e-08
3.252776866870120e-08
3.983690066429378e-08
4.877363185470267e-08
5.972459329331771e-08
7.306414577265232e-08
8.938942163410481e-08
1.093511010035876e-07
1.337294472238156e-07
1.635114697563233e-07
1.998936601587892e-07
2.443196329788529e-07
2.985571557204222e-07
3.647608740376376e-07
4.455623555217898e-07
5.441451663661597e-07
6.644304415821736e-07
8.110838525209700e-07
9.899730054126948e-07
1.207941902370532e-06
1.473646599828086e-06
1.797378635205318e-06
2.191785202516321e-06
2.671966987190951e-06
3.256681839258649e-06
3.968344795027384e-06
4.834309634354127e-06
5.887738109791861e-06
7.168900979762478e-06
8.726301295249073e-06
1.061904860566235e-05
1.291901776517325e-05
1.571225690150632e-05
1.910364850379706e-05
2.321995155224028e-05
2.821376594269985e-05
3.427238076614219e-05
4.161606276309339e-05
5.051606191742221e-05
6.129677126809501e-05
7.435393105789491e-05
9.015302530445627e-05
1.092710276763071e-04
1.323924298256925e-04
1.603362787086519e-04
1.940953513806249e-04
2.348445815651189e-04
2.840385766398519e-04
3.433664450474708e-04
4.148889916436714e-04
5.010283490991883e-04
6.047345884618190e-04
7.295469023053664e-04
8.795286342376241e-04
1.059753215813619e-03
1.276258303263907e-03
1.535944965982178e-03
1.846969836867465e-03
2.219619378336014e-03
2.665498163484471e-03
3.198347114678705e-03
3.834641986438242e-03
4.593774622164135e-03
5.498572842536479e-03
6.574783582899191e-03
7.853593727509722e-03
9.372994393902942e-03
1.117203956994921e-02
1.330123838996364e-02
1.581794387825426e-02
1.878614517833237e-02
2.228063341916848e-02
2.638662742541101e-02
3.120102850841360e-02
3.683342707500076e-02
4.340861946706223e-02
5.105713302522605e-02
5.993721590526212e-02
7.021369256559791e-02
8.206224672321498e-02
9.568038988934713e-02
1.112693905885756e-01
1.290396236573719e-01
1.492020305316665e-01
1.719581554153370e-01
1.975125085421160e-01
2.260218644188887e-01
2.576169743693834e-01
2.923823160517670e-01
3.303235776203102e-01
3.713358192516295e-01
4.152745262238677e-01
4.617644304385030e-01
5.103947427173218e-01
5.605545856000111e-01
6.115066740206042e-01
6.623766617751194e-01
7.122049204052282e-01
7.599780770280227e-01
8.046932803121132e-01
8.454417520492536e-01
8.814618346302997e-01
9.122596406330110e-01
9.376129423094062e-01
9.576164121900981e-01
9.726653066658008e-01
9.833915135787283e-01
9.905826093852370e-01
9.950761923752851e-01
9.976213622001612e-01
9.989352560935183e-01
9.995668127188434e-01
9.998416690737826e-01
9.999486043090179e-01
9.999853818615220e-01
9.999964058473892e-01
9.999992483742927e-01
9.999998686166912e-01
9.999999812003438e-01
9.999999978428680e-01
9.999999998070397e-01
9.999999999867200e-01
9.999999999993557e-01
9.999999999999696e-01
1.000000000000001e+00
9.999999999999996e-01
1.000000000000000e+00
9.999999999999999e-01
1.000000000000000e+00
1.000000000000000e+00
1.000000000000000e+00
1.000000000000000e+00
1.000000000000000e+00
1.000000000000000e+00
###6.600000000000003e+00
9.673689601677266e-10
1.240703575696912e-09
1.558524027206927e-09
1.940159186487680e-09
2.409470243344037e-09
2.986662040284906e-09
3.690955412757195e-09
4.552229594671918e-09
5.606460844772009e-09
6.897260263619715e-09
8.476034793901388e-09
1.040870901599755e-08
1.277450759360616e-08
1.566974032146267e-08
1.921412782636830e-08
2.354866179113736e-08
2.885085166627195e-08
3.533649615261801e-08
4.326824789074062e-08
5.296410483559390e-08
6.484279019537469e-08
7.930866857372178e-08
9.700831989507096e-08
1.186456038436225e-07
1.450636660177564e-07
1.773296183014279e-07
2.167365568367092e-07
2.648439150398187e-07
3.235605177462130e-07
3.952129383623797e-07
4.826412289733976e-07
5.892801578794761e-07
7.193598765339686e-07
8.779096289927880e-07
1.071258674127809e-06
1.306771195768897e-06
1.593779837628610e-06
1.943365288295375e-06
2.369140932971108e-06
2.887348433992474e-06
3.518160677321978e-06
4.285687985968024e-06
5.219322152452627e-06
6.354685367157397e-06
7.735045491906474e-06
9.412399294142025e-06
1.145022266346356e-05
1.392558337162542e-05
1.693070479384984e-05
2.057793300037126e-05
2.500312523005672e-05
3.036950941304306e-05
3.687743229319198e-05
4.476249969337545e-05
5.431455936497863e-05
6.588013444847312e-05
7.988156293522630e-05
9.681546932582451e-05
1.172972329781107e-04
1.420558170138970e-04
1.719638344425138e-04
2.080777648783597e-04
2.516468140615509e-04
3.042172749825141e-04
3.675811290391358e-04
4.439264355600210e-04
5.358215144508347e-04
6.463976692547497e-04
7.793813617641162e-04
9.390895021906989e-04
1.130877955480567e-03
1.361127055520683e-03
1.637106769182002e-03
1.967386780236676e-03
2.362835965866419e-03
2.835623497165156e-03
3.400211124086741e-03
4.073873798013099e-03
4.876854290274283e-03
5.833125736388536e-03
6.969535758856883e-03
8.318623090255949e-03
9.919822212962993e-03
1.181419539226692e-02
1.405372418979273e-02
1.669796251051724e-02
1.981314993913982e-02
2.347639970956809e-02
2.777565320278778e-02
3.281018412226758e-02
3.869251627108783e-02
4.555038219616215e-02
5.351597155400184e-02
6.275078822125796e-02
7.342131631960933e-02
8.570426630977723e-02
9.979787883847234e-02
1.159026121598985e-01
1.342266729275097e-01
1.549769668252109e-01
1.783486824424151e-01
2.045379134674223e-01
2.336894650858146e-01
2.659193877630883e-01
3.012944177934442e-01
3.397993067015669e-01
3.813052779590265e-01
4.256423599603595e-01
4.724098183716233e-01
5.211706373902442e-01
5.712934016090082e-01
6.220246438986150e-01
6.724826019688450e-01
7.217095338433798e-01
7.687103820520211e-01
8.125075759656895e-01
8.522348037737395e-01
8.871786361004882e-01
9.169001950081945e-01
9.412306137354766e-01
9.603119800061733e-01
9.745732764920894e-01
9.846650787806535e-01
9.913772859208666e-01
9.955344679476282e-01
9.978645826536010e-01
9.990540498388800e-01
9.996194693285843e-01
9.998626153302665e-01
9.999559947084989e-01
9.999876637094733e-01
9.999970141854541e-01
9.999993861296662e-01
9.999998946475949e-01
9.999999852214707e-01
9.999999983396530e-01
9.999999998548934e-01
9.999999999902306e-01
9.999999999995440e-01
9.999999999999772e-01
1.000000000000001e+00
9.999999999999996e-01
1.000000000000000e+00
9.999999999999999e-01
1.000000000000000e+00
1.000000000000000e+00
1.000000000000000e+00
1.000000000000000e+00
1.000000000000000e+00
1.000000000000000e+00
###6.800000000000003e+00
1.054019251426368e-09
1.349389417372831e-09
1.695104202208064e-09
2.110126652122192e-09
2.620441823810126e-09
3.247960169340640e-09
4.013509263436170e-09
4.949515392832078e-09
6.095024327802979e-09
7.497306899180442e-09
9.212086313032930e-09
1.131082415169074e-08
1.387941052951850e-08
1.702217501766658e-08
2.086882883831350e-08
2.557199726877548e-08
3.132388872364311e-08
3.835808178974810e-08
4.695880193313683e-08
5.747008437006988e-08
7.034504643612911e-08
8.602006933544083e-08
1.051949280022201e-07
1.286301691870487e-07
1.572362826716071e-07
1.921660557949062e-07
2.348158745961267e-07
2.868689614559753e-07
3.503848438601519e-07
4.278737323649532e-07
5.223982665729827e-07
6.376614020773657e-07
7.782228514024934e-07
9.494996940250182e-07
1.158313222614589e-06
1.412582245114959e-06
1.722359883108840e-06
2.099567126766008e-06
2.558845761635964e-06
3.117651340790412e-06
3.797661945610462e-06
4.624789257786138e-06
5.630590746959976e-06
6.853301760532291e-06
8.339370135744156e-06
1.014450241452953e-05
1.233680165573238e-05
1.499884100867360e-05
1.822938514357227e-05
2.214868448171617e-05
2.690221796897667e-05
3.266445883985460e-05
3.964955955460741e-05
4.810932029905081e-05
5.835322793032415e-05
7.075114959620194e-05
8.575347879171532e-05
1.038896404271215e-04
1.258154540871336e-04
1.523067010614878e-04
1.842922844710338e-04
2.228956221923861e-04
2.694438904602685e-04
3.255795715639682e-04
3.932025456856776e-04
4.746340826095298e-04
5.725954586374653e-04
6.904070022934814e-04
8.319942457289187e-04
1.001933180766136e-03
1.205876172689718e-03
1.450558608227064e-03
1.743638188837110e-03
2.094113952338785e-03
2.513454938940303e-03
3.014418419385591e-03
3.612201949295251e-03
4.324919839409939e-03
5.173703854488187e-03
6.183678621745715e-03
7.382836775707841e-03
8.805102336353543e-03
1.049140548048761e-02
1.248481833323691e-02
1.483886576965583e-02
1.761532066908236e-02
2.088270401729430e-02
2.472048153527921e-02
2.921931681579912e-02
3.448087813813067e-02
4.062059247328341e-02
4.776908036073044e-02
5.606017005420760e-02
6.565848069967750e-02
7.673203957823711e-02
8.945840559828584e-02
1.040363154737296e-01
1.206651369303410e-01
1.395505714335195e-01
1.608950962696587e-01
1.848871135213862e-01
2.117138252853501e-01
2.415075828938324e-01
2.743692649648738e-01
3.103474439268877e-01
3.494055972305952e-01
3.913909963173245e-01
4.361081553269311e-01
4.831311592960532e-01
5.319975894475717e-01
5.820560977447821e-01
6.325383212799989e-01
6.825565136470935e-01
7.311566052705699e-01
7.773627961622422e-01
8.202248999745524e-01
8.589195538049955e-01
8.927825569554464e-01
9.214297359360840e-01
9.447450513158518e-01
9.629166025667044e-01
9.764056825974311e-01
9.858797672039559e-01
9.921291873967258e-01
9.959640750215801e-01
9.980903632028484e-01
9.991632408002190e-01
9.996673513279003e-01
9.998814393738746e-01
9.999625515587206e-01
9.999896601216147e-01
9.999975383198637e-01
9.999995028474160e-01
9.999999163107418e-01
9.999999885032440e-01
9.999999987366504e-01
9.999999998922831e-01
9.999999999929077e-01
9.999999999996840e-01
9.999999999999828e-01
1.000000000000001e+00
9.999999999999996e-01
1.000000000000000e+00
9.999999999999999e-01
1.000000000000000e+00
1.000000000000000e+00
1.000000000000000e+00
1.000000000000000e+00
1.000000000000000e+00
1.000000000000000e+00
###7.000000000000004e+00
1.147349003417264e-09
1.466513328887228e-09
1.842289229065360e-09
2.293280870693653e-09
2.847764322587985e-09
3.529483635715574e-09
4.360989011849974e-09
5.377444653245639e-09
6.621193075919154e-09
8.143436978041858e-09
1.000452996749387e-08
1.228187724101236e-08
1.506852305223726e-08
1.847739882168387e-08
2.264893196368804e-08
2.774821575079830e-08
3.398321556081928e-08
4.160656196062981e-08
5.092558902007010e-08
6.231221201233352e-08
7.625638739859377e-08
9.322835386822014e-08
1.139859221762276e-07
1.393491861230446e-07
1.703009877951817e-07
2.080856961762164e-07
2.542100667757010e-07
3.104895475762519e-07
3.791445722140132e-07
4.628813773219610e-07
5.650001174087666e-07
6.894898116700639e-07
8.412615645536331e-07
1.026145826523510e-06
1.251488024936709e-06
1.525797909285976e-06
1.859895405702146e-06
2.266595725902544e-06
2.761634621403647e-06
3.363758322312887e-06
4.096245029376760e-06
4.986919450611910e-06
6.069639000098736e-06
7.385412731425093e-06
8.984060738846462e-06
1.092522603278682e-05
1.328191287650087e-05
1.614252757536103e-05
1.961275987828881e-05
2.382122639102537e-05
2.892357650919034e-05
3.510617447647674e-05
4.259776103977365e-05
5.166722529026624e-05
6.264478097487673e-05
7.592490705341120e-05
9.198757307809794e-05
1.113967352628686e-04
1.348507743368150e-04
1.631747309060059e-04
1.973566343153922e-04
2.385902040938751e-04
2.882844271593052e-04
3.481826526562638e-04
4.202978618826274e-04
5.070907138912938e-04
6.114424422742804e-04
7.368694799307630e-04
8.875132552435289e-04
1.068210245067574e-03
1.284924236279890e-03
1.544751088119425e-03
1.855768623360662e-03
2.227416262866948e-03
2.671781724985500e-03
3.202234060935882e-03
3.834730123746605e-03
4.588248850417129e-03
5.484848339746511e-03
6.550828392411077e-03
7.815362534347586e-03
9.313794083822347e-03
1.108859968789036e-02
1.318486643042063e-02
1.565772466643108e-02
1.857119746287575e-02
2.199610460455272e-02
2.601429564460896e-02
3.071915530929404e-02
3.621476214787656e-02
4.261941358616345e-02
5.006656628946161e-02
5.869164967396840e-02
6.866225728275661e-02
8.014783054431225e-02
9.332658747030230e-02
1.083975174659888e-01
1.255586045229874e-01
1.450126951708150e-01
1.669574352430718e-01
1.915739910305128e-01
2.190401949443753e-01
2.494754509591285e-01
2.829649928646210e-01
3.195388105879989e-01
3.591387838448836e-01
4.015881279963348e-01
4.466658283429464e-01
4.939211198716685e-01
5.428670109249903e-01
5.928329409647236e-01
6.430369843345097e-01
6.925869178905065e-01
7.405341555081137e-01
7.859232850385429e-01
8.278334976631070e-01
8.654850227213248e-01
8.982637481422164e-01
9.258399010123097e-01
9.481495851350896e-01
9.654254027251211e-01
9.781593179773693e-01
9.870337582975225e-01
9.928375331460848e-01
9.963648828624185e-01
9.982988480456688e-01
9.992630177633605e-01
9.997106105680145e-01
9.998982349819627e-01
9.999683228200282e-01
9.999913915130300e-01
9.999979855641895e-01
9.999996007114307e-01
9.999999341294588e-01
9.999999911473706e-01
9.999999990494799e-01
9.999999999210427e-01
9.999999999949164e-01
9.999999999997858e-01
9.999999999999869e-01
1.000000000000001e+00
9.999999999999996e-01
1.000000000000000e+00
9.999999999999999e-01
1.000000000000000e+00
1.000000000000000e+00
1.000000000000000e+00
1.000000000000000e+00
1.000000000000000e+00
1.000000000000000e+00
###7.200000000000004e+00
1.247813131752538e-09
1.592649198134851e-09
2.000800628757500e-09
2.490518320780050e-09
3.092548057580137e-09
3.832603852891639e-09
4.735081128621996e-09
5.838086793876442e-09
7.187500470086921e-09
8.838747489348793e-09
1.085714382696490e-08
1.332647284465497e-08
1.634745188675748e-08
2.004223279994033e-08
2.456273016171188e-08
3.008739169303421e-08
3.684106291403639e-08
4.509677689193809e-08
5.518660618665427e-08
6.751230092937174e-08
8.260325170552764e-08
1.009658724270495e-07
1.234200315424705e-07
1.508495142310274e-07
1.843144445955315e-07
2.251570277799206e-07
2.750018830569049e-07
3.358056101247132e-07
4.099603377428664e-07
5.003814306173619e-07
6.106223365449780e-07
7.449770025787059e-07
9.087310209917553e-07
1.108155127914875e-06
1.351152796289123e-06
1.646862975311927e-06
2.006921275804148e-06
2.445093946789779e-06
2.978279776188344e-06
3.626596504146810e-06
4.415022348138508e-06
5.373412544796006e-06
6.538065607835401e-06
7.952933007687927e-06
9.671409189462607e-06
1.175731135913018e-05
1.428883279752271e-05
1.736055663623083e-05
2.108550000949849e-05
2.560112933057736e-05
3.107383943933753e-05
3.770256083136062e-05
4.573144086714923e-05
5.544739271807782e-05
6.720249290117056e-05
8.141715570045582e-05
9.860263642292044e-05
1.193588540583743e-04
1.444293330923705e-04
1.746907878102717e-04
2.111933251405862e-04
2.552044606752128e-04
3.082189794801629e-04
3.720866237132605e-04
4.489368349756121e-04
5.413780871726300e-04
6.524581103523373e-04
7.858933746579617e-04
9.460648460582643e-04
1.138065712984189e-03
1.368190652698318e-03
1.643909229687353e-03
1.973735040442993e-03
2.367567210621911e-03
2.838135344720625e-03
3.399432449691207e-03
4.068210510124624e-03
4.864336825425958e-03
5.810832837449745e-03
6.935188103555756e-03
8.267806441830998e-03
9.845479708767495e-03
1.171228038383067e-02
1.391531862281639e-02
1.651138836493314e-02
1.956679394814345e-02
2.315467056146297e-02
2.735927953889470e-02
3.227672449244127e-02
3.801350355310149e-02
4.469074890731007e-02
5.244469729205865e-02
6.141232865447455e-02
7.176406836814814e-02
8.367063060280935e-02
9.731069181780820e-02
1.128832399923282e-01
1.305845691562247e-01
1.506143083811338e-01
1.731648569621528e-01
1.984096835797266e-01
2.265167652232918e-01
2.575920593132593e-01
2.917046817137547e-01
3.288656276819547e-01
3.689948721875587e-01
4.118914873044920e-01
4.573089603067214e-01
5.047720556955049e-01
5.537700579749060e-01
6.036140235450698e-01
6.535098506966701e-01
7.025624956412533e-01
7.498304701382900e-01
7.943802605107578e-01
8.353222502460665e-01
8.719210475933338e-01
9.036133212172155e-01
9.301233700402338e-01
9.514386014117303e-01
9.678344905511880e-01
9.798318336499873e-01
9.881259236004944e-01
9.935020470870816e-01
9.967370939203248e-01
9.984903791614448e-01
9.993536768026686e-01
9.997494471467244e-01
9.999131171167819e-01
9.999733638557402e-01
9.999928804113410e-01
9.999983636648566e-01
9.999996819293894e-01
9.999999486224015e-01
9.999999932515724e-01
9.999999992926879e-01
9.999999999428363e-01
9.999999999964005e-01
9.999999999998582e-01
9.999999999999899e-01
1.000000000000001e+00
9.999999999999997e-01
1.000000000000000e+00
9.999999999999999e-01
1.000000000000000e+00
1.000000000000000e+00
1.000000000000000e+00
1.000000000000000e+00
1.000000000000000e+00
1.000000000000000e+00
###7.400000000000004e+00
1.355893572603334e-09
1.728404856623919e-09
2.171402878448518e-09
2.702788834850627e-09
3.355969288895618e-09
4.158773564213917e-09
5.137573078365352e-09
6.333633367319782e-09
7.796628976114100e-09
9.586515538457924e-09
1.177392694831594e-08
1.444948393397704e-08
1.772212938872935e-08
2.172389273491691e-08
2.661899452260651e-08
3.260017791326384e-08
3.991036075339464e-08
4.884441162288526e-08
5.976087050509429e-08
7.309339531553720e-08
8.941356139229443e-08
1.092664132010145e-07
1.335381402951309e-07
1.631806061337155e-07
1.993364361251843e-07
2.434522890067748e-07
2.972785796769784e-07
3.629224985509433e-07
4.429592730392202e-07
5.405272443430762e-07
6.594498208916677e-07
8.043458264727024e-07
9.808996395016985e-07
1.195850756098472e-06
1.457696455305531e-06
1.776245185784600e-06
2.163999788855615e-06
2.635737423326764e-06
3.209592546788984e-06
3.907139568843477e-06
4.755161784163628e-06
5.785668537118355e-06
7.037547786762320e-06
8.557870636263116e-06
1.040381818536609e-05
1.264363107948410e-05
1.536099374364197e-05
1.865702633434106e-05
2.265249492853878e-05
2.749422205173685e-05
3.335995016686984e-05
4.046188203338386e-05
4.906042698818040e-05
5.946149972988140e-05
7.204022516935715e-05
8.724433717259927e-05
1.056186298387683e-04
1.277990479048565e-04
1.545783748531710e-04
1.868870420216561e-04
2.258402992927037e-04
2.727830905834368e-04
3.293009349454134e-04
3.973527169188785e-04
4.791919438880381e-04
5.775811000916768e-04
6.957417565538285e-04
8.376017492324748e-04
1.007784194086255e-03
1.211657513237151e-03
1.455858098591391e-03
1.748244769987871e-03
2.097782490115981e-03
2.514873737873329e-03
3.012855525172361e-03
3.606387190521711e-03
4.313070616652375e-03
5.153671976370488e-03
6.152231283524863e-03
7.337387442316329e-03
8.740838041120781e-03
1.040096592370329e-02
1.236334326697649e-02
1.467717478404226e-02
1.740096589651521e-02
2.060333291021686e-02
2.435974200153979e-02
2.875689081096189e-02
3.389356594618391e-02
3.987878425331266e-02
4.683637739614140e-02
5.490533346284744e-02
6.422411954728735e-02
7.496584740244300e-02
8.730235023340933e-02
1.014125506689224e-01
1.174951700611301e-01
1.357444925986359e-01
1.563564287098847e-01
1.795180841850298e-01
2.053943783985271e-01
2.341430636996084e-01
2.658561490187190e-01
3.005861609954664e-01
3.383246973095987e-01
3.789695408916600e-01
4.222955554762464e-01
4.680308094450455e-01
5.156760293268231e-01
5.646976547713042e-01
6.143892933728726e-01
6.639461158397895e-01
7.124722163308518e-01
7.590341423398107e-01
8.027226135500430e-01
8.426807473798296e-01
8.782182885524528e-01
9.088233349529453e-01
9.342738347725578e-01
9.546074929123676e-01
9.701409028742267e-01
9.814216406667379e-01
9.891557807242795e-01
9.941229000363032e-01
9.970811958588424e-01
9.986654626123219e-01
9.994355991070671e-01
9.997841019128006e-01
9.999262154209340e-01
9.999777345267497e-01
9.999941503422172e-01
9.999986804484751e-01
9.999997486678456e-01
9.999999602827947e-01
9.999999949062486e-01
9.999999994793279e-01
9.999999999591156e-01
9.999999999974811e-01
9.999999999999087e-01
9.999999999999921e-01
1.000000000000001e+00
9.999999999999997e-01
1.000000000000000e+00
9.999999999999999e-01
1.000000000000000e+00
1.000000000000000e+00
1.000000000000000e+00
1.000000000000000e+00
1.000000000000000e+00
1.000000000000000e+00
###7.600000000000004e+00
1.472100682197026e-09
1.874424403169977e-09
2.354905600336925e-09
2.931098248537882e-09
3.639273598057969e-09
4.509530969204491e-09
5.570356579618548e-09
6.866403962826966e-09
8.451417760631108e-09
1.039020996476029e-08
1.275911048481210e-08
1.565606533564615e-08
1.919882971030873e-08
2.353000866521530e-08
2.882699777291079e-08
3.529783395890393e-08
4.320476833381834e-08
5.286603691423011e-08
6.466846812638572e-08
7.907982929762923e-08
9.671679365862552e-08
1.181656372161649e-07
1.443833875736641e-07
1.763946282400667e-07
2.154300071307679e-07
2.630476411814107e-07
3.211321258006388e-07
3.919512211760774e-07
4.782753010089246e-07
5.834803143754515e-07
7.116772206052407e-07
8.678307825822098e-07
1.058049838175460e-06
1.289572618476552e-06
1.571527938782519e-06
1.914436212839533e-06
2.331721809616077e-06
2.839235835926923e-06
3.456424913748623e-06
4.206409646616554e-06
5.117888898893593e-06
6.225156055081103e-06
7.569844341695684e-06
9.202330586882661e-06
1.118380544082210e-05
1.358719427209222e-05
1.650198961097680e-05
2.003622605594433e-05
2.431886012542436e-05
2.950660033797441e-05
3.578916722479561e-05
4.339277349440788e-05
5.259498440904047e-05
6.372173718191181e-05
7.717244231142315e-05
9.342359824574497e-05
1.130552467371354e-04
1.367413337380324e-04
1.653262758426237e-04
1.997969841049225e-04
2.413370367307903e-04
2.913725810247344e-04
3.515842949583586e-04
4.240449846468606e-04
5.111384352237739e-04
6.157878487611099e-04
7.413963618074176e-04
8.921123150551898e-04
1.072811318824902e-03
1.289148438092549e-03
1.548115518682597e-03
1.857976549422469e-03
2.228164080229549e-03
2.669604289498907e-03
3.196257747193070e-03
3.823482970563415e-03
4.569750356802174e-03
5.456756043451488e-03
6.509587226221977e-03
7.758072108779558e-03
9.235222434215281e-03
1.098109682162951e-02
1.304272261015600e-02
1.547145944657755e-02
1.832758722169117e-02
2.168205783089685e-02
2.561267875493013e-02
3.020860387984078e-02
3.557114991573774e-02
4.181229551503546e-02
4.905808390908303e-02
5.745033368122641e-02
6.712892490757592e-02
7.826950614172749e-02
9.104486373635125e-02
1.056339423809917e-01
1.222349201474823e-01
1.410397377463519e-01
1.622401915546690e-01
1.860176830934176e-01
2.125280740970398e-01
2.419183960381172e-01
2.742662064502319e-01
3.096069754925601e-01
3.479125123885400e-01
3.890581437382921e-01
4.327944870354383e-01
4.788243223172338e-01
5.266248274364029e-01
5.756405150688371e-01
6.251485795294667e-01
6.743349742664856e-01
7.223045572260915e-01
7.681340820816652e-01
8.109397316315765e-01
8.498992247227594e-01
8.843682250264131e-01
9.138867749809653e-01
9.382859553914794e-01
9.576526062339559e-01
9.723425395945141e-01
9.829278205010479e-01
9.901234216159469e-01
9.947006540664037e-01
9.973979169542635e-01
9.988247369823879e-01
9.995092306877924e-01
9.998148427258393e-01
9.999376685648298e-01
9.999814967583636e-01
9.999952249323862e-01
9.999989435507316e-01
9.999998029835321e-01
9.999999695662787e-01
9.999999961924895e-01
9.999999996207665e-01
9.999999999711082e-01
9.999999999982567e-01
9.999999999999432e-01
9.999999999999938e-01
1.000000000000001e+00
9.999999999999997e-01
1.000000000000000e+00
1.000000000000000e+00
1.000000000000000e+00
1.000000000000000e+00
1.000000000000000e+00
1.000000000000000e+00
1.000000000000000e+00
1.000000000000000e+00
###7.800000000000004e+00
1.596974711249242e-09
2.031389583294301e-09
2.552165909691602e-09
3.176511338511778e-09
3.943779436630772e-09
4.886504130565713e-09
6.035433598563808e-09
7.438853573311178e-09
9.154870567007445e-09
1.125350010606550e-08
1.381716935659964e-08
1.695166787785186e-08
2.078418614164850e-08
2.546864545716320e-08
3.119653897056000e-08
3.819225589791860e-08
4.673872115122397e-08
5.717915230954732e-08
6.993060599317135e-08
8.549728761423252e-08
1.045440563280298e-07
1.277011673694779e-07
1.560012739849480e-07
1.905465881258958e-07
2.326616193551806e-07
2.840233502472537e-07
3.466594202970005e-07
4.230087036348679e-07
5.160494428724374e-07
6.294106468096760e-07
7.675093985351897e-07
9.356785994339482e-07
1.140478649418629e-06
1.389678100959777e-06
1.693077098625846e-06
2.061952682424312e-06
2.510707990843948e-06
3.056334389516466e-06
3.719671208518853e-06
4.525479309476969e-06
5.504489291486054e-06
6.693415121442920e-06
8.136798914966342e-06
9.888518584772044e-06
1.201400811005529e-05
1.459115165976635e-05
1.771558193203051e-05
2.150264352352979e-05
2.608994547409564e-05
3.164463666204178e-05
3.836907536845345e-05
4.650425488383900e-05
5.634583017676315e-05
6.824082691341881e-05
8.261423177790406e-05
9.997281385807174e-05
1.209336470541901e-04
1.462107241677739e-04
1.767025771405668e-04
2.134554617779397e-04
2.577245957238246e-04
3.110212466713618e-04
3.751256793096881e-04
4.522300616281626e-04
5.448543874470084e-04
6.560896894338190e-04
7.895286427854084e-04
9.495495324305895e-04
1.141291119835311e-03
1.370706844406710e-03
1.645158153191667e-03
1.973330500296845e-03
2.365140653786298e-03
2.832046571597611e-03
3.388687413832084e-03
4.051127305829643e-03
4.838702093323139e-03
5.774104399065347e-03
6.883485775050541e-03
8.197811066445612e-03
9.751714118169190e-03
1.158667902188433e-02
1.375142365916230e-02
1.629923022745130e-02
1.929240443071874e-02
2.280423401769159e-02
2.691486161923810e-02
3.171591338661616e-02
3.731124342609012e-02
4.381574264728834e-02
5.135766035450722e-02
6.008155598749652e-02
7.012863668692638e-02
8.167693330480159e-02
9.490000723937063e-02
1.099765890940030e-01
1.271040253770257e-01
1.464715668262799e-01
1.682665119113715e-01
1.926640623939189e-01
2.198105778964919e-01
2.498418434739910e-01
2.828204615927895e-01
3.187643852710239e-01
3.576252591998264e-01
3.992557157056813e-01
4.433821201961333e-01
4.896821494212613e-01
5.376099822440735e-01
5.865891690118532e-01
6.358816241388484e-01
6.846656564635550e-01
7.320485964055992e-01
7.771195523168763e-01
8.190215257029128e-01
8.569686067073952e-01
8.903631556804618e-01
9.187975360506547e-01
9.421553319592043e-01
9.605711913073054e-01
9.744380788392598e-01
9.843503724912052e-01
9.910293282443007e-01
9.952362066411720e-01
9.976881846273356e-01
9.989689433978322e-01
9.995750644326131e-01
9.998419543307404e-01
9.999476194459564e-01
9.999847125498754e-01
9.999961272109683e-01
9.999991602159048e-01
9.999998467771463e-01
9.999999768820103e-01
9.999999971811727e-01
9.999999997266487e-01
9.999999999798250e-01
9.999999999988057e-01
9.999999999999661e-01
9.999999999999950e-01
1.000000000000001e+00
9.999999999999998e-01
1.000000000000000e+00
1.000000000000000e+00
1.000000000000000e+00
1.000000000000000e+00
1.000000000000000e+00
1.000000000000000e+00
1.000000000000000e+00
1.000000000000000e+00
###8.000000000000004e+00
1.731087341113043e-09
2.200021790749651e-09
2.764090837111480e-09
3.440154846239320e-09
4.270881885399296e-09
5.291415563525682e-09
6.534922006066010e-09
8.053578786456051e-09
9.910164128779342e-09
1.218026599730511e-08
1.495283460778570e-08
1.834205314704729e-08
2.248520882517552e-08
2.754832458835060e-08
3.373796982860757e-08
4.129600798582280e-08
5.052745963248622e-08
6.180223189647305e-08
7.556966678248185e-08
9.237287273486371e-08
1.129281655914970e-07
1.379126831491131e-07
1.684397750314808e-07
2.056944702821956e-07
2.511013127587663e-07
3.064639807418352e-07
3.739625233901376e-07
4.562180653185360e-07
5.564301478735661e-07
6.784971509529145e-07
8.271618776144508e-07
1.008148773508499e-06
1.228498376902500e-06
1.496542854866812e-06
1.822795603043479e-06
2.219337283023962e-06
2.701610085927348e-06
3.287815392815829e-06
4.000269950411363e-06
4.865473750828325e-06
5.916311170857470e-06
7.192060194316753e-06
8.740343571606025e-06
1.061874521358690e-05
1.289718766387983e-05
1.565880133471220e-05
1.900570680866786e-05
2.306097289130318e-05
2.797134470974793e-05
3.391499129256043e-05
4.110759867705530e-05
4.980574536692866e-05
6.032415122625119e-05
7.303204272690370e-05
8.838132858822504e-05
1.069106176808212e-04
1.292758783343282e-04
1.562332687195890e-04
1.887380293896689e-04
2.278987314120918e-04
2.750456721837377e-04
3.317793026125567e-04
3.999840685590110e-04
4.819771268017665e-04
5.804208140675692e-04
6.985813561871679e-04
8.402491941663850e-04
1.010042302290439e-03
1.213373567940285e-03
1.456506863913178e-03
1.747187799038202e-03
2.094539977275634e-03
2.508981460476979e-03
3.002520961854550e-03
3.590500510026140e-03
4.289721336142275e-03
5.120391041001269e-03
6.106246342255777e-03
7.274526821706682e-03
8.657350064385972e-03
1.029107573175690e-02
1.221856951172474e-02
1.449030992383824e-02
1.716152788899929e-02
2.029658928257515e-02
2.397115090211028e-02
2.826769030176670e-02
3.328033178011171e-02
3.911546473887467e-02
4.589084189111112e-02
5.373690254434560e-02
6.280085399253488e-02
7.322513209531741e-02
8.518998984636236e-02
9.886957329054023e-02
1.144421505457348e-01
1.321039364628602e-01
1.520411324534070e-01
1.744361406095068e-01
1.994574628038124e-01
2.272414971896787e-01
2.579122554172221e-01
2.915168823941573e-01
3.280553623263203e-01
3.674588172353121e-01
4.095569768187893e-01
4.540519855076775e-01
5.005966594017232e-01
5.486227919569917e-01
5.975339891803870e-01
6.465781138941704e-01
6.949274660612783e-01
7.416936317408316e-01
7.859802060502594e-01
8.269584567949383e-01
8.638805202062763e-01
8.961961970804992e-01
9.235504026130035e-01
9.458784660777981e-01
9.633613482960940e-01
9.764268922481724e-01
9.856897068599560e-01
9.918744826540549e-01
9.957307389198162e-01
9.979530864298928e-01
9.990988998041170e-01
9.996336240187242e-01
9.998657298950565e-01
9.999562111971325e-01
9.999874424014558e-01
9.999968790881325e-01
9.999993371613050e-01
9.999998817658463e-01
9.999999825897077e-01
9.999999979328733e-01
9.999999998049766e-01
9.999999999860782e-01
9.999999999991892e-01
9.999999999999811e-01
9.999999999999960e-01
1.000000000000001e+00
9.999999999999998e-01
1.000000000000000e+00
1.000000000000000e+00
1.000000000000000e+00
1.000000000000000e+00
1.000000000000000e+00
1.000000000000000e+00
1.000000000000000e+00
1.000000000000000e+00
###8.200000000000003e+00
1.875043260682124e-09
2.381084158939941e-09
2.991639900433565e-09
3.723220647538672e-09
4.622055470544440e-09
5.726087059263943e-09
7.071061474765183e-09
8.713325091858511e-09
1.072065691967843e-08
1.317460899755138e-08
1.617110628024869e-08
1.983330926294922e-08
2.430930373292413e-08
2.977804683699917e-08
3.646222204886604e-08
4.462235557680784e-08
5.458707025921485e-08
6.675477185355684e-08
8.160926601338484e-08
9.973517337293122e-08
1.219037289948068e-07
1.488420190338366e-07
1.817494588890552e-07
2.218993770074445e-07
2.708228739204813e-07
3.304585969454524e-07
4.031488967685245e-07
4.917089057470161e-07
5.995736346742998e-07
7.309280459348345e-07
8.908613280557960e-07
1.085514144906132e-06
1.322437294821277e-06
1.610561609730095e-06
1.961157913576021e-06
2.387159909192330e-06
2.905112303437044e-06
3.534499846395978e-06
4.299205731229528e-06
5.227573027018985e-06
6.354768002483383e-06
7.722783289565726e-06
9.382502479523743e-06
1.139543039925536e-05
1.383623557074736e-05
1.679359490260942e-05
2.037648198713822e-05
2.471614159636447e-05
2.996890513541287e-05
3.632462355670481e-05
4.401301378680946e-05
5.330707889102924e-05
6.454162215691943e-05
7.810923093164804e-05
9.449013927167137e-05
1.142564298587380e-04
1.381049078197416e-04
1.668360906160586e-04
2.014646354766359e-04
2.431645071368857e-04
2.933446560381591e-04
3.536989290321885e-04
4.262207180365038e-04
5.133579875960397e-04
6.179217592917537e-04
7.433610695327776e-04
8.936726117804128e-04
1.073724105672359e-03
1.289213862352400e-03
1.546728578476598e-03
1.854413003474582e-03
2.221845970875437e-03
2.659964383396151e-03
3.181347066868203e-03
3.802061624382774e-03
4.539677340382796e-03
5.415295558126919e-03
6.453725853913817e-03
7.683327016502192e-03
9.137416218999743e-03
1.085408963112508e-02
1.287764451659901e-02
1.526035753633543e-02
1.805943442883838e-02
2.134133407699292e-02
2.518412938106944e-02
2.967258353609048e-02
3.490338805324614e-02
4.098544535079925e-02
4.803931764575611e-02
5.619760794265292e-02
6.561007421524573e-02
7.642027048002110e-02
8.881050530599775e-02
1.029553065828341e-01
1.190322192466043e-01
1.372360142992002e-01
1.577494718677828e-01
1.807496850170615e-01
2.063979508922089e-01
2.348202338584204e-01
2.661282446763624e-01
3.003531715182863e-01
3.374765896356907e-01
3.774087613117867e-01
4.199563383274094e-01
4.647973167616701e-01
5.115599553528052e-01
5.596543429556857e-01
6.084652178373690e-01
6.572277113242494e-01
7.051098139490820e-01
7.512292154603835e-01
7.947061156752996e-01
8.347415584662067e-01
8.706273044181236e-01
9.018612790250136e-01
9.281410270644948e-01
9.494527224950357e-01
9.660219786792478e-01
9.783092613176048e-01
9.869467778229939e-01
9.926602670568416e-01
9.961856702877876e-01
9.981938348874393e-01
9.992154778550235e-01
9.996854500858635e-01
9.998864639237447e-01
9.999635840038594e-01
9.999897441317644e-01
9.999975009937165e-01
9.999994804945876e-01
9.999999094708596e-01
9.999999869994651e-01
9.999999984982909e-01
9.999999998622532e-01
9.999999999905068e-01
9.999999999994539e-01
9.999999999999907e-01
9.999999999999968e-01
1.000000000000001e+00
9.999999999999998e-01
1.000000000000000e+00
1.000000000000000e+00
1.000000000000000e+00
1.000000000000000e+00
1.000000000000000e+00
1.000000000000000e+00
1.000000000000000e+00
1.000000000000000e+00
###8.400000000000002e+00
2.029481889450621e-09
2.575383653493240e-09
3.235827737514818e-09
4.026969012827533e-09
4.998855936081025e-09
6.192444630570011e-09
7.646219549196899e-09
9.420994355242445e-09
1.158989823107870e-08
1.424086274655229e-08
1.747726668336830e-08
2.143186683482157e-08
2.626429207986573e-08
3.216731564652670e-08
3.938083542629312e-08
4.818529893243966e-08
5.893452695817551e-08
7.205733927658800e-08
8.807431060140418e-08
1.076143343386744e-07
1.315072294528762e-07
1.605332650621624e-07
1.959836066581163e-07
2.392256720927245e-07
2.919040075677592e-07
3.561009674965636e-07
4.343316474954955e-07
5.296175953932970e-07
6.456442371099653e-07
7.869012718655817e-07
9.588460577365323e-07
1.168061477365688e-06
1.422640323204484e-06
1.732148999917472e-06
2.108662244165165e-06
2.566018778592477e-06
3.121932656136869e-06
3.797249033514921e-06
4.617511136099140e-06
5.613014269122695e-06
6.821341109946418e-06
8.287357037364286e-06
1.006539549656039e-05
1.222110755525850e-05
1.483417754347073e-05
1.799914317448701e-05
2.183221359364451e-05
2.647326623887030e-05
3.208873671621565e-05
3.888080234832566e-05
4.709396143196944e-05
5.701851822212282e-05
6.901042139773460e-05
8.348682931516359e-05
1.009577631182629e-04
1.220304811686451e-04
1.474446498391069e-04
1.780474190910431e-04
2.149156848762205e-04
2.592919986531305e-04
3.126676713628846e-04
3.768343129832855e-04
4.538991816442524e-04
5.464405776292503e-04
6.574443197817354e-04
7.905305949495891e-04
9.499175608777817e-04
1.140733082307647e-03
1.368972515498717e-03
1.641558109001173e-03
1.967049151718023e-03
2.355497183944052e-03
2.818375964060594e-03
3.368854104919662e-03
4.023740165553917e-03
4.801426628287173e-03
5.723907147828268e-03
6.817101352917497e-03
8.110518755934597e-03
9.638744114577458e-03
1.144155632935722e-02
1.356479924588136e-02
1.606256231771556e-02
1.899405184306209e-02
2.242785086691797e-02
2.644447084501888e-02
3.113097742203999e-02
3.658662619434352e-02
4.292282811336413e-02
5.026290027795052e-02
5.874157302651826e-02
6.851105297205534e-02
7.971588966058890e-02
9.254027355672452e-02
1.071588991366495e-01
1.237483150539048e-01
1.425015240583495e-01
1.635975005565254e-01
1.872076025201018e-01
2.134854127157281e-01
2.425459784244912e-01
2.744881826898102e-01
3.093267632853872e-01
3.470244605236601e-01
3.874703642554810e-01
4.304479095777598e-01
4.756110626520817e-01
5.225638919765667e-01
5.706955326745470e-01
6.193729948240096e-01
6.678200873018951e-01
7.152022522555315e-01
7.606451878619034e-01
8.032878011269466e-01
8.423624572254523e-01
8.772020184726346e-01
9.073531372314637e-01
9.325659054244753e-01
9.528762889184486e-01
9.685527314037251e-01
9.800859331344860e-01
9.881230197444878e-01
9.933883865251822e-01
9.966026133050454e-01
9.984117348293156e-01
9.993195818838974e-01
9.997310883822599e-01
9.999044463501864e-01
9.999698726222619e-01
9.999916720116034e-01
9.999980116478618e-01
9.999995956736617e-01
9.999999312165523e-01
9.999999903739060e-01
9.999999989191596e-01
9.999999999036666e-01
9.999999999936038e-01
9.999999999996344e-01
9.999999999999966e-01
9.999999999999973e-01
1.000000000000001e+00
9.999999999999998e-01
1.000000000000000e+00
1.000000000000000e+00
1.000000000000000e+00
1.000000000000000e+00
1.000000000000000e+00
1.000000000000000e+00
1.000000000000000e+00
1.000000000000000e+00
###8.600000000000001e+00
2.195085586983300e-09
2.783773306438931e-09
3.497726910932465e-09
4.352732092117480e-09
5.402937512912177e-09
6.692523809707312e-09
8.262898080415190e-09
1.017965267828440e-08
1.252163753122881e-08
1.538360474544977e-08
1.887689441079671e-08
2.314451600257000e-08
2.835843038713661e-08
3.472616172254308e-08
4.250598754980057e-08
5.199960894035003e-08
6.358773405535982e-08
7.773162373544958e-08
9.499106072622139e-08
1.160421308053134e-07
1.417767540508829e-07
1.730328732317071e-07
2.111983396794766e-07
2.577411329529132e-07
3.144265182890675e-07
3.834897822923702e-07
4.676297867439759e-07
5.700875837590847e-07
6.948147717702206e-07
8.466249270780959e-07
1.031366532309937e-06
1.256092076282192e-06
1.529469763965343e-06
1.861740407156694e-06
2.265831599380704e-06
2.756541605924260e-06
3.352824409352391e-06
4.076966232345358e-06
4.956268709325965e-06
6.023094060894723e-06
7.317582491189987e-06
8.887637999237841e-06
1.079124207169685e-05
1.309842816342832e-05
1.589417913910741e-05
1.927922245143302e-05
2.337740344668164e-05
2.833770550841488e-05
3.433722191859801e-05
4.159111793328424e-05
5.035946098860438e-05
6.095077110555501e-05
7.374325004479008e-05
8.917988858985147e-05
1.078020176192599e-04
1.302538425411881e-04
1.573199993810247e-04
1.898970352603723e-04
2.291257993252276e-04
2.763219639191329e-04
3.330626374207872e-04
4.012417186745858e-04
4.830853996191247e-04
5.813074906724656e-04
6.990787608872666e-04
8.401953634577146e-04
1.009106913660365e-03
1.211212186612930e-03
1.452815531477893e-03
1.741187819706348e-03
2.085318702261117e-03
2.495750310934672e-03
2.984511739458590e-03
3.565381420495289e-03
4.255935352495529e-03
5.075413062486659e-03
6.046731154729265e-03
7.196946497242005e-03
8.556751770461913e-03
1.016214838157586e-02
1.205429654502036e-02
1.428094863928114e-02
1.689789354263420e-02
1.996650224596795e-02
2.355737168495882e-02
2.775351882067083e-02
3.264432531414776e-02
3.833160480626913e-02
4.492926662424188e-02
5.256332537853985e-02
6.137059244851618e-02
7.150561702818713e-02
8.311417295760129e-02
9.638105397734968e-02
1.114819878613219e-01
1.285918823748806e-01
1.479016314593813e-01
1.695860080643282e-01
1.938101959680067e-01
2.207195493697973e-01
2.504177061034635e-01
2.829901965680959e-01
3.184348225038459e-01
3.566950800531323e-01
3.976386016299450e-01
4.410255068731727e-01
4.864859005908996e-01
5.336000947048114e-01
5.817370943186424e-01
6.302473869024736e-01
6.783449538366205e-01
7.251945087502295e-01
7.699317105152289e-01
8.117162570870653e-01
8.498133911797747e-01
8.835984469213205e-01
9.126673036465937e-01
9.368223509240805e-01
9.561481343614409e-01
9.709539486415433e-01
9.817582222402336e-01
9.892202853825677e-01
9.940608170629518e-01
9.969833313796301e-01
9.986081539587243e-01
9.994121306426369e-01
9.997710796800041e-01
9.999199578204832e-01
9.999752045243336e-01
9.999932761973099e-01
9.999984279412594e-01
9.999996875009745e-01
9.999999481378604e-01
9.999999929318749e-01
9.999999992292247e-01
9.999999999332793e-01
9.999999999957427e-01
9.999999999997562e-01
1.000000000000000e+00
9.999999999999978e-01
1.000000000000000e+00
9.999999999999999e-01
1.000000000000000e+00
1.000000000000000e+00
1.000000000000000e+00
1.000000000000000e+00
1.000000000000000e+00
1.000000000000000e+00
1.000000000000000e+00
1.000000000000000e+00
###8.800000000000001e+00
2.372563613986272e-09
3.007154506957674e-09
3.778470795580900e-09
4.701917493731461e-09
5.836042495766497e-09
7.228475077591621e-09
8.923739957335047e-09
1.099253849463929e-08
1.351983378109657e-08
1.660766828680789e-08
2.037587877303405e-08
2.497842374107576e-08
3.060043192318749e-08
3.746516837154379e-08
4.585052412795312e-08
5.608086345190477e-08
6.856556963915062e-08
8.380048864173725e-08
1.023871903011632e-07
1.250520339180455e-07
1.527513249586669e-07
1.863897526525180e-07
2.274527460877977e-07
2.775171053015819e-07
3.384764983542192e-07
4.127288786281233e-07
5.031685013432373e-07
6.132697247894090e-07
7.472669263614230e-07
9.103177326828201e-07
1.108685929379662e-06
1.349922449193470e-06
1.643306088333120e-06
1.999792930137652e-06
2.433214886797638e-06
2.959387215972540e-06
3.598577650663932e-06
4.374598652299496e-06
5.316613315533400e-06
6.459171051659841e-06
7.845117869387702e-06
9.525570315774639e-06
1.156236555630246e-05
1.403016686927153e-05
1.701955178896776e-05
2.063778163117339e-05
2.501675697762620e-05
3.031506279879251e-05
3.672102750093741e-05
4.446349564899476e-05
5.381892634873097e-05
6.511500929218642e-05
7.875335441118146e-05
9.520409941264595e-05
1.150414711231146e-04
1.389484648255218e-04
1.677568926932358e-04
2.024171036940127e-04
2.441310147736448e-04
2.942967849166084e-04
3.545793575583330e-04
4.269795927779305e-04
5.138478728546222e-04
6.180401614201475e-04
7.429187455512530e-04
8.924646323851255e-04
1.071367906837363e-03
1.285309337914013e-03
1.540914554217792e-03
1.845816463387004e-03
2.209451328037651e-03
2.642870168496595e-03
3.158676349182093e-03
3.771278548628271e-03
4.499047098715327e-03
5.362093060687144e-03
6.384305303025144e-03
7.593849750662759e-03
9.022691045081797e-03
1.070826401964327e-02
1.269314789718149e-02
1.502702596974832e-02
1.776742747650053e-02
2.097792680180887e-02
2.473114737761195e-02
2.911263458181354e-02
3.421409640915558e-02
4.013989528903848e-02
4.700642304018795e-02
5.494233110797826e-02
6.408645584487303e-02
7.459557884381425e-02
8.661658207323156e-02
1.003345647504210e-01
1.159261481862779e-01
1.335642840229013e-01
1.534373964960380e-01
1.757156514512203e-01
2.005576072007600e-01
2.280998709066520e-01
2.584341714840184e-01
2.916321652464930e-01
3.276742425650573e-01
3.664842659319028e-01
4.079081558009215e-01
4.516826624140017e-01
4.974142506058612e-01
5.446599790898746e-01
5.927696216612574e-01
6.410784179092085e-01
6.887920967242041e-01
7.350765203976438e-01
7.790792981598194e-01
8.199829783264930e-01
8.570872261811756e-01
8.898111024575885e-01
9.178000940382762e-01
9.409084653688200e-01
9.592679661974738e-01
9.732266124553027e-01
9.833279521153764e-01
9.902407894260363e-01
9.946797571610319e-01
9.973297007402538e-01
9.987844969476867e-01
9.994940416759581e-01
9.998059516684035e-01
9.999332660829890e-01
9.999796986110739e-01
9.999946024039751e-01
9.999987649033447e-01
9.999997601428965e-01
9.999999611933698e-01
9.999999948530131e-01
9.999999994553543e-01
9.999999999542246e-01
9.999999999972009e-01
9.999999999998377e-01
1.000000000000002e+00
9.999999999999981e-01
1.000000000000000e+00
9.999999999999999e-01
1.000000000000000e+00
1.000000000000000e+00
1.000000000000000e+00
1.000000000000000e+00
1.000000000000000e+00
1.000000000000000e+00
1.000000000000000e+00
1.000000000000000e+00
###9.000000000000000e+00
2.562669036875407e-09
3.246479408229733e-09
4.079256625429722e-09
5.076012063171283e-09
6.300011127372991e-09
7.802569609982112e-09
9.631536056151704e-09
1.186307117664299e-08
1.458866820375965e-08
1.791815518250354e-08
2.198043522370473e-08
2.694115255533594e-08
3.299948912566111e-08
4.039549874203194e-08
4.942799199955100e-08
6.044548724829865e-08
7.388793395087241e-08
9.028803033179993e-08
1.102918595766009e-07
1.346793081831902e-07
1.644753316258290e-07
2.006555765195971e-07
2.448090263979752e-07
2.986286722529039e-07
3.641445249948279e-07
4.439274736080914e-07
5.410794280968846e-07
6.593226011658448e-07
8.031916437601055e-07
9.782094861773074e-07
1.191080675840818e-06
1.449884898653340e-06
1.764548685442946e-06
2.146786222534955e-06
2.611387958027999e-06
3.175246432296325e-06
3.860020725329092e-06
4.691138916441151e-06
5.699734048202211e-06
6.922668334232024e-06
8.405649355933895e-06
1.020318889315382e-05
1.238119691981658e-05
1.501922580594028e-05
1.821375781375549e-05
2.207894801910749e-05
2.675519057884593e-05
3.241119020202501e-05
3.924711335053395e-05
4.750620593300424e-05
5.748217729639279e-05
6.952288127729027e-05
8.405454005546901e-05
1.015758075161455e-04
1.226954578079254e-04
1.481371930870821e-04
1.787823016842798e-04
2.156374021277403e-04
2.599687703588374e-04
3.132604854732331e-04
3.772695398859751e-04
4.541085877537992e-04
5.462576498581456e-04
6.567216540597110e-04
7.890613112972001e-04
9.474515354645205e-04
1.136832200555027e-03
1.363177498925345e-03
1.633446960622765e-03
1.955649288355503e-03
2.339684035357688e-03
2.797129822145013e-03
3.341183669165986e-03
3.986905314767428e-03
4.753486737465635e-03
5.661935657822577e-03
6.737145513229752e-03
8.008436314256276e-03
9.509017275011380e-03
1.127785585358882e-02
1.335897179264988e-02
1.580398351039054e-02
1.867222771895314e-02
2.202948640805746e-02
2.595044737882111e-02
3.052319649487670e-02
3.584177453944767e-02
4.201308001634074e-02
4.915596544603462e-02
5.740165441721600e-02
6.689094249484165e-02
7.778272609205567e-02
9.022479726327737e-02
1.044024672225452e-01
1.204928886631581e-01
1.386667907882210e-01
1.591097635090436e-01
1.819869455958089e-01
2.074498077513668e-01
2.356256877395481e-01
2.665939010724396e-01
3.004117136615594e-01
3.370416420003657e-01
3.763875481613602e-01
4.182734188730817e-01
4.624126325356141e-01
5.083882887704634e-01
5.557347699359397e-01
6.037835935037581e-01
6.518560986145584e-01
6.991514074229770e-01
7.448384657007184e-01
7.880788313896324e-01
8.280799827166381e-01
8.641774691012617e-01
8.958352612336880e-01
9.227485925093821e-01
9.448231080818345e-01
9.622361844870063e-01
9.753722912152434e-01
9.847973979060894e-01
9.911870543637979e-01
9.952475822705371e-01
9.976436754469290e-01
9.989421823710907e-01
9.995662182569202e-01
9.998362123563678e-01
9.999446233169947e-01
9.999834643998295e-01
9.999956917784998e-01
9.999990357379198e-01
9.999998171671098e-01
9.999999711818471e-01
9.999999962827318e-01
9.999999996186313e-01
9.999999999688848e-01
9.999999999981842e-01
9.999999999998918e-01
1.000000000000003e+00
9.999999999999984e-01
1.000000000000000e+00
9.999999999999999e-01
1.000000000000000e+00
1.000000000000000e+00
1.000000000000000e+00
1.000000000000000e+00
1.000000000000000e+00
1.000000000000000e+00
1.000000000000000e+00
1.000000000000000e+00
###9.199999999999999e+00
2.766198376780322e-09
3.502753490611598e-09
4.401348689253134e-09
5.476585841857718e-09
6.796786484287181e-09
8.417205292240035e-09
1.038923262560734e-08
1.279485999653487e-08
1.573255267286521e-08
1.932044898668072e-08
2.369712136898238e-08
2.904067985175635e-08
3.556529697932038e-08
4.352892405441446e-08
5.325267310016947e-08
6.511079280944037e-08
7.957579854968164e-08
9.721963733257374e-08
1.187357864800097e-07
1.449610972808136e-07
1.769936753953859e-07
2.158852454268383e-07
2.633326449157110e-07
3.211548289434648e-07
3.915258673287113e-07
4.772004092173929e-07
5.815009452048982e-07
7.084128705268038e-07
8.627895331914560e-07
1.050541549773487e-06
1.278841027196148e-06
1.556328323237338e-06
1.893616677007207e-06
2.303223503049749e-06
2.800954750161535e-06
3.404843547325614e-06
4.138021840102845e-06
5.027627126069318e-06
6.106876143542580e-06
7.415075997588022e-06
9.000958928065788e-06
1.092262302644433e-05
1.325027900493980e-05
1.606863932639653e-05
1.948041626857645e-05
2.360703416933772e-05
2.859783937741760e-05
3.463219781763821e-05
4.192274335454792e-05
5.072787690830625e-05
6.135945420340085e-05
7.418652934704910e-05
8.966119152388602e-05
1.083120365283640e-04
1.307841041744341e-04
1.578437969680969e-04
1.904242701332446e-04
2.295909830765973e-04
2.766779556706296e-04
3.332587832255870e-04
4.011868564162914e-04
4.826916286389750e-04
5.803884012703702e-04
6.974380541862382e-04
8.376069641458445e-04
1.005273196187630e-03
1.205635996557861e-03
1.444974806108823e-03
1.730596003459714e-03
2.070898193150635e-03
2.476261329066189e-03
2.958810760139128e-03
3.532356993460712e-03
4.212632013048471e-03
5.019677184487726e-03
5.975422501245784e-03
7.105794799920084e-03
8.441304992258149e-03
1.001642757932479e-02
1.187170646097710e-02
1.405266517096681e-02
1.661282716979675e-02
1.961336790925384e-02
2.312236120475182e-02
2.721655950470800e-02
3.198659965615946e-02
3.752885769264209e-02
4.395275171668577e-02
5.137956712406000e-02
5.994303042686388e-02
6.978582095454330e-02
8.106882448032443e-02
9.394053902683422e-02
1.085863707508104e-01
1.251836441168509e-01
1.439005801279907e-01
1.649195587458376e-01
1.884002602819811e-01
2.144865957160948e-01
2.432961078311456e-01
2.748951912687276e-01
3.093262121669318e-01
3.465333660639506e-01
3.864001735658042e-01
4.287285056387807e-01
4.732084104123924e-01
5.193999648326667e-01
5.668155238782476e-01
6.147694012069801e-01
6.625704499135592e-01
7.094129161580315e-01
7.544707965648846e-01
7.969215647976162e-01
8.359998310416826e-01
8.710782789796792e-01
9.016668103705646e-01
9.275106345920001e-01
9.485658631739606e-01
9.650538406105240e-01
9.773930863602299e-01
9.861692308020370e-01
9.920618590097671e-01
9.957668024513021e-01
9.979272562317005e-01
9.990826228493562e-01
9.996295384153184e-01
9.998623450473638e-01
9.999542643118352e-01
9.999866016152501e-01
9.999965809295569e-01
9.999992519084022e-01
9.999998615915102e-01
9.999999787604805e-01
9.999999973371760e-01
9.999999997353709e-01
9.999999999790407e-01
9.999999999988385e-01
9.999999999999275e-01
1.000000000000003e+00
9.999999999999987e-01
1.000000000000000e+00
9.999999999999999e-01
1.000000000000000e+00
1.000000000000000e+00
1.000000000000000e+00
1.000000000000000e+00
1.000000000000000e+00
1.000000000000000e+00
1.000000000000000e+00
1.000000000000000e+00
###9.399999999999999e+00
2.983992391485470e-09
3.777038135654178e-09
4.746081576662913e-09
5.905296090222821e-09
7.328419440422819e-09
9.074912816246781e-09
1.119993881864051e-08
1.379171321204961e-08
1.695614162873101e-08
2.082022836455445e-08
2.553285312587902e-08
3.128541742902369e-08
3.830807646355448e-08
4.687785175731436e-08
5.733961812190386e-08
7.009502089533291e-08
8.565125473230478e-08
1.046220477171256e-07
1.277513144467481e-07
1.559365009273218e-07
1.903536109344895e-07
2.321349905123726e-07
2.830924078080872e-07
3.451786502154750e-07
4.207206900756974e-07
5.126683987202608e-07
6.245784670046590e-07
7.607156180098257e-07
9.262712912876250e-07
1.127567351486627e-06
1.372271658640067e-06
1.669618829887551e-06
2.030949759993005e-06
2.469632536578200e-06
3.002548474093831e-06
3.648937721384296e-06
4.433490718565565e-06
5.385152777809732e-06
6.539343596823327e-06
7.937953813613376e-06
9.632911142865888e-06
1.168610024134801e-05
1.417227094348560e-05
1.718157990309949e-05
2.082330902216063e-05
2.522654500214799e-05
3.055006553917072e-05
3.698446347755944e-05
4.475549674732521e-05
5.413750800043497e-05
6.546143344445810e-05
7.911860752613722e-05
9.558829326362337e-05
1.154305123601508e-04
1.393283578143762e-04
1.680930045091440e-04
2.027119590407053e-04
2.443121983638681e-04
2.942989705653408e-04
3.543391469519995e-04
4.263870060603152e-04
5.127939816981174e-04
6.163164956662259e-04
7.402785520339554e-04
8.886597700238939e-04
1.066050766562910e-03
1.277920146678705e-03
1.530864686954192e-03
1.832550936240644e-03
2.191781857791026e-03
2.619435348468750e-03
3.128203031312217e-03
3.732529168034460e-03
4.448839537823893e-03
5.298053050263914e-03
6.303048041466968e-03
7.490813870732591e-03
8.893084858448322e-03
1.054563493565482e-02
1.249058695900321e-02
1.477508645247085e-02
1.745451596081375e-02
2.059194821898726e-02
2.425774960822966e-02
2.853078890666196e-02
3.350425466760078e-02
3.927685654619523e-02
4.596051171028424e-02
5.367890442774170e-02
6.256818990103380e-02
7.277284607500766e-02
8.445561437532298e-02
9.776548787342458e-02
1.128878283268551e-01
1.299997730398212e-01
1.492667306663462e-01
1.708674845570436e-01
1.949558143321501e-01
2.216675900728937e-01
2.511100316698770e-01
2.833361044720007e-01
3.183727743989567e-01
3.561454870656413e-01
3.965171093590727e-01
4.392672552565026e-01
4.840627383001539e-01
5.304410195708167e-01
5.778931519849300e-01
6.257173761635139e-01
6.732115442141184e-01
7.195668250877548e-01
7.639642723116941e-01
8.055993395878251e-01
8.437356506302484e-01
8.777844751417876e-01
9.073024791620461e-01
9.320847833166988e-01
9.521370036857923e-01
9.677225863550130e-01
9.792915790506705e-01
9.874464638747026e-01
9.928681896343371e-01
9.962400231981537e-01
9.981824625031152e-01
9.992072080574824e-01
9.996848462609367e-01
9.998848046387204e-01
9.999624053743708e-01
9.999892001076145e-01
9.999973020782109e-01
9.999994232572393e-01
9.999998959396855e-01
9.999999844634921e-01
9.999999981079437e-01
9.999999998180241e-01
9.999999999860045e-01
9.999999999992684e-01
9.999999999999510e-01
1.000000000000003e+00
9.999999999999989e-01
1.000000000000000e+00
9.999999999999999e-01
1.000000000000000e+00
1.000000000000000e+00
1.000000000000000e+00
1.000000000000000e+00
1.000000000000000e+00
1.000000000000000e+00
1.000000000000000e+00
1.000000000000000e+00
###9.599999999999998e+00
3.216938229647158e-09
4.070453350529151e-09
5.114863611447928e-09
6.363891536340016e-09
7.897073909982776e-09
9.778362150661690e-09
1.206693438287791e-08
1.485764767554124e-08
1.826434382021745e-08
2.242348124989431e-08
2.749492184738266e-08
3.368423215048469e-08
4.123859954517917e-08
5.045535557278472e-08
6.170468311816300e-08
7.541738400853185e-08
9.213756559763923e-08
1.125234116053029e-07
1.373724868420960e-07
1.676466644746695e-07
2.046048522529144e-07
2.494648220113078e-07
3.041607645222145e-07
3.707874730980686e-07
4.518342710856064e-07
5.504582852371690e-07
6.704647524245560e-07
8.164147231500819e-07
9.938581388484599e-07
1.209552903509268e-06
1.471692287002531e-06
1.790140486848586e-06
2.177009067272699e-06
2.646566654873263e-06
3.216832805241227e-06
3.908324408238674e-06
4.747380292416766e-06
5.764856722616282e-06
6.998501611046486e-06
8.492934337483331e-06
1.030345658990399e-05
1.249595023780853e-05
1.514995259477125e-05
1.836136270573421e-05
2.224638681846387e-05
2.694218487176883e-05
3.261746655142403e-05
3.947463630287992e-05
4.775327942282132e-05
5.774448236305317e-05
6.979924228607791e-05
8.433229875927951e-05
1.018514494063051e-04
1.229496859292740e-04
1.483500131821576e-04
1.789105318902843e-04
2.156756804948189e-04
2.598367377509848e-04
3.128737686275302e-04
3.765508455409589e-04
4.529277692198042e-04
5.444833156792085e-04
6.541210675465717e-04
7.853355171732570e-04
9.423274363871845e-04
1.129909577598154e-03
1.353830246581175e-03
1.621015958371495e-03
1.939507114660676e-03
2.318525846568165e-03
2.769465968671984e-03
3.305605338516361e-03
3.942042665344645e-03
4.695919426152182e-03
5.589060642930502e-03
6.645319476611498e-03
7.892777141213787e-03
9.364424102747746e-03
1.109736672227072e-02
1.313520511975487e-02
1.552714237269284e-02
1.833005000820504e-02
2.160910598452716e-02
2.543686732287411e-02
2.989445661106422e-02
3.507758603580718e-02
4.108729258970922e-02
4.803796773335546e-02
5.605565423248608e-02
6.527885629314711e-02
7.585375557925780e-02
8.794480686297335e-02
1.017012798723368e-01
1.173083315679012e-01
1.349425521843794e-01
1.547662163569234e-01
1.769541133818732e-01
2.016536695474999e-01
2.289922249729535e-01
2.590661473078358e-01
2.919144653933548e-01
3.275482555185943e-01
3.658738052213923e-01
4.067330473914172e-01
4.498832418376976e-01
4.949681206024726e-01
5.415030029467822e-01
5.889584424787976e-01
6.366178175654967e-01
6.837695323626942e-01
7.296035350421678e-01
7.733099897798529e-01
8.141043686497801e-01
8.512811519094758e-01
8.842915447189122e-01
9.127396644069533e-01
9.364703103727092e-01
9.555374559689397e-01
9.702446285624268e-01
9.810707781432426e-01
9.886324003453261e-01
9.936091942580141e-01
9.966699097427377e-01
9.984113075575610e-01
9.993172904869989e-01
9.997329451788489e-01
9.999040151398022e-01
9.999692438517331e-01
9.999913400367528e-01
9.999978832981163e-01
9.999995581465457e-01
9.999999222988025e-01
9.999999887201643e-01
9.999999986664058e-01
9.999999998759838e-01
9.999999999907327e-01
9.999999999995470e-01
9.999999999999665e-01
1.000000000000003e+00
9.999999999999991e-01
1.000000000000000e+00
9.999999999999999e-01
1.000000000000000e+00
1.000000000000000e+00
1.000000000000000e+00
1.000000000000000e+00
1.000000000000000e+00
1.000000000000000e+00
1.000000000000000e+00
1.000000000000000e+00
###9.799999999999997e+00
3.465971724444872e-09
4.384180640899187e-09
5.509180458455495e-09
6.854216853043995e-09
8.505032372920173e-09
1.053036936241574e-08
1.299367813578040e-08
1.599689896504110e-08
1.966233451247387e-08
2.413651977939040e-08
2.959101239357932e-08
3.624646777619299e-08
4.436821546146554e-08
5.427520719460859e-08
6.636456724268677e-08
8.109811224453629e-08
9.905922122252324e-08
1.209533574329875e-07
1.476351270534436e-07
1.801348746325750e-07
2.197996893698399e-07
2.679378435953706e-07
3.266138466167029e-07
3.980730918596284e-07
4.849772327392537e-07
5.907033168198078e-07
7.193202319694768e-07
8.757032485995030e-07
1.065782278262924e-06
1.296777350200778e-06
1.577438318803024e-06
1.918296079252506e-06
2.332278084093859e-06
2.834605840120310e-06
3.444503179502821e-06
4.183836870727840e-06
5.080688436456520e-06
6.167933335406523e-06
7.485778957710777e-06
9.081725122748776e-06
1.101463528679309e-05
1.335460798570613e-05
1.618622929718876e-05
1.961145127780331e-05
2.375377579332287e-05
2.875886517668082e-05
3.480588388580653e-05
4.210963398308351e-05
5.092433524932002e-05
6.155858118704473e-05
7.438447540102516e-05
8.984133416241830e-05
1.084669061398944e-04
1.308887591093309e-04
1.578717418774943e-04
1.903231181467293e-04
2.293469377164523e-04
2.762016752379435e-04
3.324459101673822e-04
3.999450088728032e-04
4.808690777308272e-04
5.778297814328628e-04
6.938841082318826e-04
8.327046018709173e-04
9.987214301670729e-04
1.196979264998996e-03
1.433516788405978e-03
1.715603000376663e-03
2.051666194163380e-03
2.451362831472164e-03
2.926621052578053e-03
3.491325326778483e-03
4.161249924094775e-03
4.954274265077001e-03
5.893158458002493e-03
7.002757364104072e-03
8.312273600634325e-03
9.855986686814417e-03
1.167236785865112e-02
1.380655064431620e-02
1.630975916522326e-02
1.924045516485030e-02
2.266592878613273e-02
2.666094745553101e-02
3.130889991126719e-02
3.670803219153072e-02
4.296169783852075e-02
5.018673325656164e-02
5.851149282071059e-02
6.807674416134551e-02
7.903026795439344e-02
9.153808110258792e-02
1.057495034966532e-01
1.218493069777556e-01
1.400131723055044e-01
1.603999019153768e-01
1.831798829014935e-01
2.084937259731793e-01
2.364597453212535e-01
2.671629267963017e-01
3.006278588656636e-01
3.368492520010063e-01
3.757138511969578e-01
4.170424101136418e-01
4.605697846225763e-01
5.059168387256244e-01
5.525772938962631e-01
6.000020845637281e-01
6.474610211178354e-01
6.942346749677886e-01
7.395136935726309e-01
7.824994122574950e-01
8.224293602770119e-01
8.586306415922910e-01
8.905956439830270e-01
9.179764626160508e-01
9.406671681940630e-01
9.587687602895453e-01
9.726226811299374e-01
9.827340682558172e-01
9.897305835324436e-01
9.942881397412334e-01
9.970591545863827e-01
9.986157773156913e-01
9.994141737971285e-01
9.997745928236427e-01
9.999203682033139e-01
9.999749581586960e-01
9.999930922806741e-01
9.999983488146972e-01
9.999996636101808e-01
9.999999423770212e-01
9.999999918716628e-01
9.999999990675252e-01
9.999999999162406e-01
9.999999999939123e-01
9.999999999997252e-01
9.999999999999767e-01
1.000000000000002e+00
9.999999999999992e-01
1.000000000000000e+00
9.999999999999999e-01
1.000000000000000e+00
1.000000000000000e+00
1.000000000000000e+00
1.000000000000000e+00
1.000000000000000e+00
1.000000000000000e+00
1.000000000000000e+00
1.000000000000000e+00
###9.999999999999996e+00
3.732079773976974e-09
4.719465992589411e-09
5.930598897750667e-09
7.378217306963069e-09
9.154701611504381e-09
1.133390348349759e-08
1.398381656582625e-08
1.721393189571246e-08
2.115556833861197e-08
2.596599577648180e-08
3.182922185940609e-08
3.898196756672609e-08
4.770887802474308e-08
5.835190919853828e-08
7.133685237708392e-08
8.715850072775367e-08
1.064419956374614e-07
1.299430603043866e-07
1.585769200908576e-07
1.934466575526322e-07
2.359931056261767e-07
2.876203920324793e-07
3.505316565752947e-07
4.271319569556361e-07
5.202657795128549e-07
6.335434295944198e-07
7.713133446020511e-07
9.387838412076789e-07
1.142287375453499e-06
1.389533534463878e-06
1.689861522302104e-06
2.054507927016668e-06
2.497263592205680e-06
3.034357843030910e-06
3.686288113627995e-06
4.476347743737681e-06
5.434459877669597e-06
6.595632639317071e-06
8.002670255312757e-06
9.706112294486554e-06
1.176858024136410e-05
1.426461901798576e-05
1.728413678139429e-05
2.093546381527553e-05
2.534978425261529e-05
3.068171231214036e-05
3.712141251745846e-05
4.489672885198889e-05
5.427725958232566e-05
6.558999831825697e-05
7.922921185063283e-05
9.566001247552317e-05
1.154515741486803e-04
1.392677105803722e-04
1.679171223366743e-04
2.023585593122498e-04
2.437584641823989e-04
2.934455138295220e-04
3.530606132394259e-04
4.245746856273605e-04
5.102730807039843e-04
6.129060864534853e-04
7.356905499506294e-04
8.824848354365277e-04
1.057957083565504e-03
1.267393879324174e-03
1.517135291845133e-03
1.814805901182743e-03
2.169236289777056e-03
2.590532767130194e-03
3.091176641240805e-03
3.685679789814736e-03
4.390513573770878e-03
5.224317935548973e-03
6.210817442487616e-03
7.375895912758598e-03
8.749907153837114e-03
1.036845275910671e-02
1.227140158634216e-02
1.450552532308410e-02
1.712388353834398e-02
2.018677632707153e-02
2.376356359668258e-02
2.793124055842748e-02
3.277547206964481e-02
3.839704490282400e-02
4.490161390985179e-02
5.240842619137716e-02
6.104809416623824e-02
7.096355699904022e-02
8.230407978149877e-02
9.523708112983964e-02
1.099116959401345e-01
1.265121117291021e-01
1.452127335031843e-01
1.661685378487694e-01
1.895450909334802e-01
2.154757169341096e-01
2.440692022961115e-01
2.753986226744591e-01
3.094736278530293e-01
3.462721018122334e-01
3.856608891743507e-01
4.274393572522165e-01
4.713199589286073e-01
5.169009667809374e-01
5.636551210053031e-01
6.110146996927810e-01
6.582373082685625e-01
7.045973737826592e-01
7.492882109362993e-01
7.915243978826204e-01
8.305675328050206e-01
8.657790348544756e-01
8.966935980953225e-01
9.230116555959732e-01
9.446759616170420e-01
9.618330305744685e-01
9.748599169361066e-01
9.842851591957558e-01
9.907447493183289e-01
9.949083721139649e-01
9.974104484585861e-01
9.987978120260628e-01
9.994991035316351e-01
9.998104976726050e-01
9.999342225289998e-01
9.999797081904509e-01
9.999945188568727e-01
9.999987193404187e-01
9.999997455075100e-01
9.999999575582402e-01
9.999999941862209e-01
9.999999993531563e-01
9.999999999439371e-01
9.999999999960310e-01
9.999999999998375e-01
9.999999999999835e-01
1.000000000000002e+00
9.999999999999993e-01
1.000000000000000e+00
9.999999999999999e-01
1.000000000000000e+00
1.000000000000000e+00
1.000000000000000e+00
1.000000000000000e+00
1.000000000000000e+00
1.000000000000000e+00
1.000000000000000e+00
1.000000000000000e+00
###1.020000000000000e+01
4.016302618596882e-09
5.077622964107194e-09
6.380770657885600e-09
7.937947584851833e-09
9.848618657901733e-09
1.219209399860824e-08
1.504119275279032e-08
1.851345139787233e-08
2.274979245358394e-08
2.791891676048424e-08
3.421807892936228e-08
4.190109776253563e-08
5.127317370846594e-08
6.270073562807396e-08
7.664004387682126e-08
9.362095852506045e-08
1.143130053531675e-07
1.395253120126099e-07
1.702374966726293e-07
2.076298782294620e-07
2.532428962518480e-07
3.085821806750058e-07
3.759982489634804e-07
4.580653790764367e-07
5.578219409931133e-07
6.791255369463577e-07
8.266208811598987e-07
1.005869140595558e-06
1.223629043037729e-06
1.488128573044524e-06
1.809330709324834e-06
2.199218688672951e-06
2.672496626465329e-06
3.246460111752363e-06
3.942950537244509e-06
4.786770601373035e-06
5.809788004292277e-06
7.049262458404631e-06
8.550738863239759e-06
1.036794714681512e-05
1.256752089654214e-05
1.522864313710985e-05
1.844684598318882e-05
2.233717751378507e-05
2.703890925222357e-05
3.271607534074174e-05
3.957041008340627e-05
4.784347104814780e-05
5.782101110834573e-05
6.984935409266199e-05
8.434603079711140e-05
1.018032184898237e-04
1.228230497689646e-04
1.481073200519670e-04
1.785106674655182e-04
2.150457398875343e-04
2.589442600721578e-04
3.116082258623107e-04
3.747647989473876e-04
4.504948945118612e-04
5.412042009407121e-04
6.497875573027601e-04
7.796283344404076e-04
9.347786987752222e-04
1.120153674476147e-03
1.341291971250314e-03
1.604846392780518e-03
1.918810546859403e-03
2.292432063938942e-03
2.736282973567369e-03
3.263417026972111e-03
3.888994723007756e-03
4.630206449176247e-03
5.506475568106226e-03
6.542520868948857e-03
7.765286974092432e-03
9.206296103986364e-03
1.090251778317099e-02
1.289524678233825e-02
1.523288481074992e-02
1.797047858097659e-02
2.117007559716126e-02
2.490317427766331e-02
2.924901315754229e-02
3.429554052380526e-02
4.014608731082053e-02
4.690858978721181e-02
5.470466634481355e-02
6.366712701144935e-02
7.394098390217915e-02
8.567686194578324e-02
9.904341156495203e-02
1.141893384118664e-01
1.312980283961511e-01
1.505422396776438e-01
1.720727546135831e-01
1.960498896097481e-01
2.225992034144267e-01
2.518194483799781e-01
2.837712641210975e-01
3.184488712688115e-01
3.558128846109506e-01
3.957099200847038e-01
4.379177928315761e-01
4.821266074189606e-01
5.279123877417586e-01
5.747275834902570e-01
6.219868594850565e-01
6.689370551119458e-01
7.148482023311993e-01
7.589182933200076e-01
8.003772258568415e-01
8.385126367975649e-01
8.727218644480830e-01
9.025828975964922e-01
9.278446929755888e-01
9.484979171012371e-01
9.647329127890539e-01
9.769599196988318e-01
9.857280367966048e-01
9.916787811339122e-01
9.954732801412129e-01
9.977264546104669e-01
9.989592909247778e-01
9.995732600457579e-01
9.998413169604989e-01
9.999459040184773e-01
9.999836360998443e-01
9.999956737665856e-01
9.999990124289790e-01
9.999998086743919e-01
9.999999689526488e-01
9.999999958725555e-01
9.999999995548198e-01
9.999999999628140e-01
9.999999999974302e-01
9.999999999999069e-01
9.999999999999881e-01
1.000000000000002e+00
9.999999999999994e-01
1.000000000000000e+00
9.999999999999999e-01
1.000000000000000e+00
1.000000000000000e+00
1.000000000000000e+00
1.000000000000000e+00
1.000000000000000e+00
1.000000000000000e+00
1.000000000000000e+00
1.000000000000000e+00
###1.040000000000000e+01
4.319736593838486e-09
5.460035923144649e-09
6.861436537414202e-09
8.535565815429868e-09
1.058946196899173e-08
1.310823847606616e-08
1.616985571391444e-08
1.990041390196606e-08
2.445106038335593e-08
3.000266269846823e-08
3.676656412929108e-08
4.501477223470714e-08
5.507435107607289e-08
6.733774869113161e-08
8.229361317507768e-08
1.005090598133552e-07
1.227007708404929e-07
1.497345947358142e-07
1.826585212468170e-07
2.227348469291361e-07
2.716097948678508e-07
3.308964497269896e-07
4.031019097141759e-07
4.909797429215456e-07
5.977738265307631e-07
7.276038326438764e-07
8.854283476108429e-07
1.077182207668917e-06
1.310075349148091e-06
1.592884460241659e-06
1.936232447561816e-06
2.352892207391982e-06
2.858533477792301e-06
3.471578744488782e-06
4.215283807124841e-06
5.116061610843635e-06
6.207816788615868e-06
7.530190737372321e-06
9.131619453676094e-06
1.106919474288329e-05
1.341378680602576e-05
1.624945877820654e-05
1.967766816199661e-05
2.382053565438708e-05
2.882584357822369e-05
3.486753413114571e-05
4.215950588812049e-05
5.095773059382409e-05
6.156492452903714e-05
7.434771021994046e-05
8.974802900719222e-05
1.082864430140035e-04
1.305996380360715e-04
1.574291948123462e-04
1.896778551498313e-04
2.284146678151668e-04
2.749396301177386e-04
3.307312986478182e-04
3.976071433166873e-04
4.777626821814973e-04
5.737292014481042e-04
6.885522145440575e-04
8.257884970959707e-04
9.896922183394877e-04
1.185434531235034e-03
1.418816707636963e-03
1.696815971364643e-03
2.027808762031110e-03
2.421474880440706e-03
2.888868303892839e-03
3.443634935469697e-03
4.101605521594827e-03
4.880711814617753e-03
5.801183796824511e-03
6.888764747175849e-03
8.171507936832604e-03
9.682073657019770e-03
1.145889280723981e-02
1.354469831448360e-02
1.598954939751328e-02
1.885052400634635e-02
2.219143215071233e-02
2.608594127701139e-02
3.061554722283668e-02
3.587048611605986e-02
4.195663287448643e-02
4.898418043682860e-02
5.707707366492373e-02
6.637025268843279e-02
7.701069694054936e-02
8.915025651083405e-02
1.029586339839931e-01
1.185838520380262e-01
1.362082603738168e-01
1.560025935780038e-01
1.781130574697044e-01
2.026942802015811e-01
2.298635692235690e-01
2.597091332082732e-01
2.922786540197804e-01
3.275504428384014e-01
3.654674230481432e-01
4.058556860568021e-01
4.484713734076158e-01
4.929823527812802e-01
5.389428106446338e-01
5.857856729184664e-01
6.329091141495227e-01
6.795507203320577e-01
7.249779313524329e-01
7.683949213500852e-01
8.090506120763870e-01
8.462589687400183e-01
8.794552845128148e-01
9.082616904126561e-01
9.324756709293995e-01
9.521348491678149e-01
9.674715418340221e-01
9.789266358580904e-01
9.870669152077860e-01
9.925366675776545e-01
9.959862621134842e-01
9.980097863620410e-01
9.991020196779707e-01
9.996377534192145e-01
9.998676558109920e-01
9.999557065139686e-01
9.999868672640381e-01
9.999966033301566e-01
9.999992428281510e-01
9.999998570661186e-01
9.999999774424126e-01
9.999999970914478e-01
9.999999996959990e-01
9.999999999755569e-01
9.999999999983464e-01
9.999999999999490e-01
9.999999999999913e-01
1.000000000000002e+00
9.999999999999996e-01
1.000000000000000e+00
9.999999999999999e-01
1.000000000000000e+00
1.000000000000000e+00
1.000000000000000e+00
1.000000000000000e+00
1.000000000000000e+00
1.000000000000000e+00
1.000000000000000e+00
1.000000000000000e+00
###1.059999999999999e+01
4.643536699902958e-09
5.868163377377114e-09
7.374430579663064e-09
9.173348029942230e-09
1.138004418538075e-08
1.408581042600754e-08
1.737407004139596e-08
2.138003908018082e-08
2.626574624159484e-08
3.222500328240302e-08
3.948413070392918e-08
4.833447639085257e-08
5.912635118478795e-08
7.227985112268315e-08
8.831804159517544e-08
1.078475964414775e-07
1.316352795168888e-07
1.606071565937873e-07
1.958837824064968e-07
2.388144270141231e-07
2.911578894074417e-07
3.546401201698421e-07
4.319353395816701e-07
5.259867255932079e-07
6.402558849703531e-07
7.791400993915022e-07
9.479303280378102e-07
1.152957419654007e-06
1.401907330560420e-06
1.704138673293445e-06
2.070971782167088e-06
2.516014340806908e-06
3.055956654255004e-06
3.710411409817218e-06
4.504102454582868e-06
5.465220957878234e-06
6.629742859159107e-06
8.039847870535392e-06
9.747020914309786e-06
1.181189830033991e-05
1.430981186930111e-05
1.732996756748559e-05
2.098006024479812e-05
2.538965363507390e-05
3.071548299811471e-05
3.714190780153687e-05
4.489561116840301e-05
5.424770890923804e-05
6.551872377122552e-05
7.909658521497299e-05
9.544883856852869e-05
1.151258033824884e-04
1.388003763218825e-04
1.672557968941225e-04
2.014451594122060e-04
2.424965101323925e-04
2.917812261414160e-04
3.508577808143602e-04
4.216381298587136e-04
5.064371836231209e-04
6.079172524649227e-04
7.292808479597307e-04
8.742652510609329e-04
1.047335059485499e-03
1.253927135783733e-03
1.500115985047482e-03
1.793215275974476e-03
2.141998444142401e-03
2.556592947987874e-03
3.048551295170569e-03
3.632131679802686e-03
4.323857133509337e-03
5.142423499038416e-03
6.108890868837079e-03
7.250057685788497e-03
8.595112604545841e-03
1.017788770569989e-02
1.203830470285980e-02
1.422056803240934e-02
1.677642946083849e-02
1.976501761801337e-02
2.325194265954918e-02
2.731306179398959e-02
3.203213999855427e-02
3.750170263452508e-02
4.383016458693378e-02
5.112994566841778e-02
5.952726670466625e-02
6.915912314737920e-02
8.017434871723700e-02
9.272587378839460e-02
1.069842634803365e-01
1.230965939676899e-01
1.412439275314773e-01
1.615945921553188e-01
1.842898216550002e-01
2.094781084327187e-01
2.372680166495609e-01
2.677367000611358e-01
3.009183667506513e-01
3.367749508189052e-01
3.752312850777038e-01
4.160926760138358e-01
4.590935175968857e-01
5.038796116838758e-01
5.499837892943467e-01
5.968202965156535e-01
6.437720199114537e-01
6.900688755576335e-01
7.349775630495075e-01
7.777105240248202e-01
8.175377400400030e-01
8.538013878320682e-01
8.859760758665115e-01
9.137287733036683e-01
9.369053099316607e-01
9.555891259760783e-01
9.700524983451213e-01
9.807643274229351e-01
9.883061903428007e-01
9.933224629919453e-01
9.964506960226009e-01
9.982629878603372e-01
9.992277204466674e-01
9.996936202255037e-01
9.998900673872329e-01
9.999638930159229e-01
9.999895114275497e-01
9.999973472711108e-01
9.999994228258589e-01
9.999998938894014e-01
9.999999837221171e-01
9.999999979655334e-01
9.999999997940073e-01
9.999999999840792e-01
9.999999999989416e-01
9.999999999999740e-01
9.999999999999936e-01
1.000000000000001e+00
9.999999999999997e-01
1.000000000000000e+00
9.999999999999999e-01
1.000000000000000e+00
1.000000000000000e+00
1.000000000000000e+00
1.000000000000000e+00
1.000000000000000e+00
1.000000000000000e+00
1.000000000000000e+00
1.000000000000000e+00
###1.079999999999999e+01
4.988919438883880e-09
6.303541565871286e-09
7.921684593113937e-09
9.853692275521136e-09
1.222333052250918e-08
1.512846777676368e-08
1.865832628834635e-08
2.295782250509645e-08
2.820056023918078e-08
3.459411660509190e-08
4.238072722467566e-08
5.187229601020352e-08
6.344384055962080e-08
7.754482343789690e-08
9.473486829819893e-08
1.156626358143981e-07
1.411480553207161e-07
1.721810955522814e-07
2.099592944469833e-07
2.559241619994006e-07
3.119553574465802e-07
3.798939750898607e-07
4.625958608485948e-07
5.632035413298815e-07
6.854091953757142e-07
8.339040555609963e-07
1.014330908377442e-06
1.233441859346612e-06
1.499419589437500e-06
1.822244867339446e-06
2.213973054616759e-06
2.689093955542460e-06
3.265376082334725e-06
3.963688646253148e-06
4.810307535684952e-06
5.835295080530649e-06
7.076817591789711e-06
8.579729279150758e-06
1.039872923054675e-05
1.259818916107658e-05
1.525813809207151e-05
1.847319909480983e-05
2.235763057057044e-05
2.704882524606663e-05
3.271293367504694e-05
3.954526324838110e-05
4.778592876705699e-05
5.772195032423994e-05
6.969253550544553e-05
8.410796997146339e-05
1.014626448492647e-04
1.223380641518692e-04
1.474450581123467e-04
1.776104703484876e-04
2.138400816088556e-04
2.573236285562735e-04
3.095070872108186e-04
3.720323282108421e-04
4.469101013854083e-04
5.365796801570669e-04
6.438399968257888e-04
7.720570894769042e-04
9.251560681681091e-04
1.107820615665995e-03
1.325763221133169e-03
1.585342536016221e-03
1.894221037560855e-03
2.261583685067801e-03
2.698021447793124e-03
3.215602299776601e-03
3.829217293640851e-03
4.556104189504205e-03
5.415746017257542e-03
6.430056747712579e-03
7.626920986106137e-03
9.036689946117470e-03
1.069440080706313e-02
1.264149599690090e-02
1.492368418426639e-02
1.759448285770645e-02
2.071497427142079e-02
2.435272054466738e-02
2.858574891081402e-02
3.350010299819753e-02
3.919059559312200e-02
4.576817349549705e-02
5.334744834012169e-02
6.205686046717909e-02
7.203537839672876e-02
8.343356937168417e-02
9.640528887831684e-02
1.111217647383236e-01
1.277288530440384e-01
1.464060614746137e-01
1.673189215822246e-01
1.906032873737318e-01
2.164010596184587e-01
2.448115622435464e-01
2.759003826454381e-01
3.096877466367272e-01
3.461187587356095e-01
3.850997877948736e-01
4.264151334552910e-01
4.697774190296787e-01
5.148106138920896e-01
5.610267552061529e-01
6.078237014765975e-01
6.545661903863650e-01
7.004822472043923e-01
7.448383777867127e-01
7.868574781447814e-01
8.258323029590537e-01
8.611353386811121e-01
8.922816544214346e-01
9.189835846369053e-01
9.411349329407015e-01
9.588636352015172e-01
9.724797663132444e-01
9.824775265032059e-01
9.894503979735967e-01
9.940402513135659e-01
9.968699131807620e-01
9.984885179673999e-01
9.993380244071289e-01
9.997418217738879e-01
9.999090538923057e-01
9.999706972616443e-01
9.999916639479831e-01
9.999979392756184e-01
9.999995625786390e-01
9.999999217217351e-01
9.999999883331495e-01
9.999999985874364e-01
9.999999998614830e-01
9.999999999897266e-01
9.999999999993253e-01
9.999999999999885e-01
9.999999999999951e-01
1.000000000000001e+00
9.999999999999998e-01
1.000000000000000e+00
1.000000000000000e+00
1.000000000000000e+00
1.000000000000000e+00
1.000000000000000e+00
1.000000000000000e+00
1.000000000000000e+00
1.000000000000000e+00
1.000000000000000e+00
1.000000000000000e+00
###1.099999999999999e+01
5.357165670286543e-09
6.767788068474006e-09
8.505232701939325e-09
1.057912346862861e-08
1.312244387405859e-08
1.624006140222669e-08
2.002735137356877e-08
2.463954830719963e-08
3.026256393869867e-08
3.711860773041536e-08
4.546682000051442e-08
5.564094365941565e-08
6.804224362912564e-08
8.315136148064077e-08
1.015667369154840e-07
1.239815765693530e-07
1.512722251137709e-07
1.844964380200840e-07
2.249333899745083e-07
2.741223777754268e-07
3.340711711100006e-07
4.067428059076444e-07
4.951856064047226e-07
6.027531700429310e-07
7.333817409076952e-07
8.920736809150040e-07
1.084844049112228e-06
1.318889534085946e-06
1.602920820192568e-06
1.947573533409876e-06
2.365680690490826e-06
2.872663865982021e-06
3.487430220614875e-06
4.232175017225193e-06
5.134814068182011e-06
6.227378504562777e-06
7.550349350855876e-06
9.151397984724362e-06
1.108861049679887e-05
1.343029355956088e-05
1.626141975269874e-05
1.968231568045022e-05
2.381414376741364e-05
2.880252939162254e-05
3.482352003235565e-05
4.208392421072697e-05
5.083796394653049e-05
6.138935460617733e-05
7.409690361533028e-05
8.939434449280771e-05
1.078042059805193e-04
1.299406596512122e-04
1.565542590661191e-04
1.885174713331042e-04
2.268911850295285e-04
2.729296192489186e-04
3.281566851004308e-04
3.943012561460763e-04
4.734773196610014e-04
5.682536674483233e-04
6.815716273184306e-04
8.169675009388425e-04
9.785617783088837e-04
1.171266120545462e-03
1.401078900048736e-03
1.674654071347214e-03
2.000015629762683e-03
2.386774951396281e-03
2.846002736399763e-03
3.390299712880556e-03
4.035210786064024e-03
4.798711292463394e-03
5.701094911030404e-03
6.765153520107885e-03
8.019889198252876e-03
9.496843305475639e-03
1.123229108913102e-02
1.326922593408908e-02
1.565489400384239e-02
1.844479339826318e-02
2.170142943436566e-02
2.549489745517081e-02
2.990523267789308e-02
3.502076257289945e-02
4.093858242452060e-02
4.777215849090486e-02
5.563825373507172e-02
6.466746534088007e-02
7.500064496337623e-02
8.678996454943136e-02
1.001900391246176e-01
1.153725489964945e-01
1.324818463003910e-01
1.516956016541984e-01
1.731761530662089e-01
1.970535555731041e-01
2.234626546088357e-01
2.524930333229617e-01
2.841982025465872e-01
3.185839068981262e-01
3.555779864346387e-01
3.950680011255347e-01
4.368170633715889e-01
4.805160565611355e-01
5.257674159857370e-01
5.720630280957208e-01
6.187853238610069e-01
6.652823055993544e-01
7.107817381873421e-01
7.545519492650629e-01
7.958284508049830e-01
8.339285040262908e-01
8.682568527211701e-01
8.983700628131700e-01
9.240261852640740e-01
9.451664349534511e-01
9.619617443585697e-01
9.747576877810222e-01
9.840709892562172e-01
9.905041713892989e-01
9.946941123867127e-01
9.972471747782099e-01
9.986887368941804e-01
9.994344663929164e-01
9.997832437906489e-01
9.999250682166546e-01
9.999763255594054e-01
9.999934070901338e-01
9.999984076970739e-01
9.999996704145581e-01
9.999999426174647e-01
9.999999916946392e-01
9.999999990264583e-01
9.999999999075578e-01
9.999999999934339e-01
9.999999999995710e-01
9.999999999999964e-01
9.999999999999962e-01
1.000000000000001e+00
9.999999999999998e-01
1.000000000000000e+00
1.000000000000000e+00
1.000000000000000e+00
1.000000000000000e+00
1.000000000000000e+00
1.000000000000000e+00
1.000000000000000e+00
1.000000000000000e+00
1.000000000000000e+00
1.000000000000000e+00
###1.119999999999999e+01
5.749623572636516e-09
7.262605551581694e-09
9.127215082118059e-09
1.135229923238615e-08
1.408067104941501e-08
1.742464396561809e-08
2.148611938617808e-08
2.643130232342069e-08
3.245918621991565e-08
3.980752800355526e-08
4.875341639314021e-08
5.965378665248715e-08
7.293777650367529e-08
8.911911699308443e-08
1.088374442578214e-07
1.328332066640596e-07
1.620425888005106e-07
1.975952226861682e-07
2.408568197395695e-07
2.934703018476741e-07
3.575791815772287e-07
4.352755814587001e-07
5.298117206062331e-07
6.447645952567109e-07
7.843286898076982e-07
9.538355477945247e-07
1.159693960755740e-06
1.409566642940821e-06
1.712734352837878e-06
2.080512651905483e-06
2.526559976552540e-06
3.067281750462244e-06
3.722787138860106e-06
4.516670319684621e-06
5.478578966074814e-06
6.642615526488762e-06
8.051705585420589e-06
9.756487087678181e-06
1.181861384624458e-05
1.431053608159787e-05
1.732242748232511e-05
2.096061717417085e-05
2.535352706889786e-05
3.065543656873164e-05
3.705279228981385e-05
4.476448086219543e-05
5.405953455741278e-05
6.525918850623573e-05
7.874280258922566e-05
9.496869352234962e-05
1.144888707900927e-04
1.379517145259525e-04
1.661493604765948e-04
2.000019948921794e-04
2.406281251929636e-04
2.893493470452145e-04
3.477709627941286e-04
4.177125825034298e-04
5.013960133529102e-04
6.015249085580761e-04
7.211889449321906e-04
8.641016375178841e-04
1.034586637809841e-03
1.237792720662444e-03
1.480014738527936e-03
1.768213357764316e-03
2.110787145331808e-03
2.517789155552719e-03
3.000786406648668e-03
3.572930017978114e-03
4.250440163981566e-03
5.052053000929022e-03
5.998896666253277e-03
7.114665216530486e-03
8.429509811109804e-03
9.976189883290368e-03
1.179225133409837e-02
1.392226901894614e-02
1.641505951605789e-02
1.932811831313703e-02
2.272543282370936e-02
2.667962004428304e-02
3.127275703939961e-02
3.659545711994584e-02
4.274708962271739e-02
4.984362331923892e-02
5.800392633594142e-02
6.736068357175563e-02
7.805653199617131e-02
9.024511110546198e-02
1.040816193875993e-01
1.197379688641364e-01
1.373567134331771e-01
1.571133894309576e-01
1.791667367917273e-01
2.036405817867617e-01
2.306622439497130e-01
2.603110626325810e-01
2.926279649382889e-01
3.276037267472734e-01
3.651485090166680e-01
4.051307489761853e-01
4.472922358320590e-01
4.913021995846051e-01
5.367419071846569e-01
5.830838084668342e-01
6.296956978559326e-01
6.759110928489499e-01
7.209584335740430e-01
7.641101535995592e-01
8.046165310539859e-01
8.418210622675018e-01
8.751625472505231e-01
9.042399594376530e-01
9.288572364582152e-01
9.490022501713428e-01
9.648872597138035e-01
9.768909174543533e-01
9.855496510919396e-01
9.914722018875638e-01
9.952880909398638e-01
9.975856507528663e-01
9.988658888142322e-01
9.995170594330377e-01
9.998186820866245e-01
9.999385128583294e-01
9.999809575898884e-01
9.999948110423339e-01
9.999987761658509e-01
9.999997530932052e-01
9.999999582004377e-01
9.999999941266436e-01
9.999999993342173e-01
9.999999999386664e-01
9.999999999958777e-01
9.999999999997167e-01
1.000000000000004e+00
9.999999999999960e-01
1.000000000000001e+00
9.999999999999998e-01
1.000000000000000e+00
1.000000000000000e+00
1.000000000000000e+00
1.000000000000000e+00
1.000000000000000e+00
1.000000000000000e+00
1.000000000000000e+00
1.000000000000000e+00
1.000000000000000e+00
1.000000000000000e+00
###1.139999999999999e+01
6.167711836976659e-09
7.789785807590034e-09
9.789885597339030e-09
1.217601619913052e-08
1.510147055835540e-08
1.868647951071327e-08
2.303986333390492e-08
2.833948650741011e-08
3.479837461142339e-08
4.267039624009651e-08
5.225209022034775e-08
6.392487779279990e-08
7.814748364590387e-08
9.546874216637066e-08
1.165719935534824e-07
1.422477674610921e-07
1.734956957181256e-07
2.115216291772534e-07
2.577828632067483e-07
3.140321982679110e-07
3.825568839220326e-07
4.655856405521996e-07
5.665865844145826e-07
6.893730723504466e-07
8.384127168737451e-07
1.019385206526480e-06
1.239115594157052e-06
1.505759215896645e-06
1.829198821454303e-06
2.221468437058179e-06
2.697097942578483e-06
3.273531182234019e-06
3.972145728492684e-06
4.818011004966970e-06
5.842602710638154e-06
7.082202178557677e-06
8.582315135027598e-06
1.039670248398242e-05
1.259077471978219e-05
1.524134338737904e-05
1.844405262385116e-05
2.231154605244322e-05
2.697987615615238e-05
3.261241578791672e-05
3.940653394218469e-05
4.759379835949570e-05
5.745878194194407e-05
6.934109894895547e-05
8.364165261219216e-05
1.008445234569254e-04
1.215325982945996e-04
1.463900662233930e-04
1.762525749944938e-04
2.120902039777664e-04
2.550816834905058e-04
3.066189837757977e-04
3.683923780130458e-04
4.423160770343915e-04
5.307244336237230e-04
6.364614964194348e-04
7.627714287720604e-04
9.135521255958044e-04
1.093338415751986e-03
1.307525570429275e-03
1.562715860795786e-03
1.866188330890806e-03
2.226729517798178e-03
2.654849785510274e-03
3.162629424249750e-03
3.763787928342539e-03
4.475242575660194e-03
5.316513971255288e-03
6.309588849854604e-03
7.479087937203028e-03
8.856343358283810e-03
1.047536081839608e-02
1.237498903025995e-02
1.460141502169372e-02
1.720505768662541e-02
2.024542771285937e-02
2.378804847180227e-02
2.790804955557317e-02
3.268957922742496e-02
3.822553621279844e-02
4.461755160233953e-02
5.198407512693416e-02
6.044602801785849e-02
7.013810703977497e-02
8.120462864814645e-02
9.380055404901096e-02
1.080814785453949e-01
1.242193144042167e-01
1.423545125401581e-01
1.626601635476334e-01
1.852909973109481e-01
2.103641716990028e-01
2.379990039306605e-01
2.682640853241550e-01
3.011872569688607e-01
3.367438519175947e-01
3.748259602156010e-01
4.152826164217833e-01
4.578341977632522e-01
5.021284260339257e-01
5.477258348192539e-01
5.940802241956921e-01
6.405456725914319e-01
6.864433968442414e-01
7.310036473757809e-01
7.735052105600365e-01
8.132152611921433e-01
8.495052344873110e-01
8.818496347660429e-01
9.098906142498328e-01
9.334779820237493e-01
9.526453196887733e-01
9.676443876266272e-01
9.788843800022066e-01
9.869185851041606e-01
9.923592031444537e-01
9.958261708248000e-01
9.978884056437928e-01
9.990221115999451e-01
9.995904169019783e-01
9.998488780620619e-01
9.999497538739012e-01
9.999847514321430e-01
9.999959363239025e-01
9.999990643264057e-01
9.999998161317597e-01
9.999999697352959e-01
9.999999958770414e-01
9.999999995472357e-01
9.999999999598473e-01
9.999999999973666e-01
9.999999999998349e-01
1.000000000000000e+00
9.999999999999983e-01
1.000000000000000e+00
9.999999999999999e-01
1.000000000000000e+00
1.000000000000000e+00
1.000000000000000e+00
1.000000000000000e+00
1.000000000000000e+00
1.000000000000000e+00
1.000000000000000e+00
1.000000000000000e+00
1.000000000000000e+00
1.000000000000000e+00
###1.159999999999999e+01
6.612922939704766e-09
8.351213895213394e-09
1.049561498387038e-08
1.305321646087218e-08
1.618848056284897e-08
2.003005323011190e-08
2.469408707717804e-08
3.037083344557794e-08
3.728824293637820e-08
4.571722005519244e-08
5.597500753779278e-08
6.846898642128197e-08
8.368927549965134e-08
1.022219348702921e-07
1.247966482949100e-07
1.522570186704284e-07
1.856699227537732e-07
2.263219686503720e-07
2.757674401591446e-07
3.358756992335604e-07
4.090855766514705e-07
4.977708803947005e-07
6.056280396227827e-07
7.367203964394882e-07
8.958043212466475e-07
1.088927563882635e-06
1.323355088978146e-06
1.607762754045293e-06
1.952668800405858e-06
2.370866113295392e-06
2.877804247179127e-06
3.492022676951095e-06
4.236236940042127e-06
5.137071640692916e-06
6.227931073774356e-06
7.547388257083921e-06
9.143670611706906e-06
1.107382566880817e-05
1.340721807091208e-05
1.622524797104541e-05
1.962931175661430e-05
2.373869271723929e-05
2.869746116807391e-05
3.467854182372500e-05
4.189077186798628e-05
5.057902671342498e-05
6.104418233290368e-05
7.364512579861561e-05
8.880533450334942e-05
1.070358801280702e-04
1.289519781384376e-04
1.552752884826294e-04
1.868869737535549e-04
2.248092610861009e-04
2.702838028290777e-04
3.247760491733952e-04
3.900649496084514e-04
4.681633140945354e-04
5.615229138597046e-04
6.731339213186656e-04
8.064013120373748e-04
9.654147479810465e-04
1.154928489194415e-03
1.380593937984861e-03
1.649332066621735e-03
1.968752224569455e-03
2.348042663439792e-03
2.798187059988192e-03
3.331796296444299e-03
3.963176568717708e-03
4.709964504914785e-03
5.592489164961093e-03
6.633620333097873e-03
7.858930093267656e-03
9.300963677879073e-03
1.099500148270128e-02
1.298122674603733e-02
1.530746946426824e-02
1.802578171588889e-02
2.119770796256000e-02
2.489035651061811e-02
2.918136262306095e-02
3.415702281031459e-02
3.991236088912752e-02
4.655141034567672e-02
5.419502370431942e-02
6.296609238190785e-02
7.300131569802444e-02
8.444650196693489e-02
9.745780395812619e-02
1.121910164327071e-01
1.288178096347319e-01
1.474762162466455e-01
1.683365559895942e-01
1.915491292948474e-01
2.172239770674853e-01
2.454719329625146e-01
2.763503362307673e-01
3.098734464121436e-01
3.460006952489258e-01
3.846057355661663e-01
4.255179560055694e-01
4.684362830446213e-01
5.129871366635931e-01
5.587108232029478e-01
6.050433538405638e-01
6.513261311961724e-01
6.968702088370343e-01
7.409089506426829e-01
7.827297091338433e-01
8.216186563094748e-01
8.569768271234660e-01
8.883159239025801e-01
9.153218975676570e-01
9.378902249761248e-01
9.560990652226190e-01
9.702376938517213e-01
9.807432269159233e-01
9.881829614638974e-01
9.931698772744976e-01
9.963122500381545e-01
9.981583816124036e-01
9.991594249159921e-01
9.996537838105207e-01
9.998745304396700e-01
9.999591111460813e-01
9.999878455327151e-01
9.999968333234631e-01
9.999992885285794e-01
9.999998638686955e-01
9.999999782276264e-01
9.999999971246700e-01
9.999999996945248e-01
9.999999999738544e-01
9.999999999983321e-01
9.999999999999003e-01
1.000000000000000e+00
9.999999999999990e-01
1.000000000000000e+00
1.000000000000000e+00
1.000000000000000e+00
1.000000000000000e+00
1.000000000000000e+00
1.000000000000000e+00
1.000000000000000e+00
1.000000000000000e+00
1.000000000000000e+00
1.000000000000000e+00
1.000000000000000e+00
1.000000000000000e+00
###1.179999999999999e+01
7.086826457533706e-09
8.948872328330551e-09
1.124689633802996e-08
1.398699407325321e-08
1.734552687098850e-08
2.146008122156868e-08
2.645457718292058e-08
3.253242049699630e-08
3.993740136399245e-08
4.895851668001931e-08
5.993495236687245e-08
7.330162976411302e-08
8.958196637399269e-08
1.094014822014882e-07
1.335389873775230e-07
1.628943042118694e-07
1.986055518105785e-07
2.420448658246087e-07
2.948692241949203e-07
3.590713889781979e-07
4.372505242385347e-07
5.319339514136485e-07
6.470596167978463e-07
7.869551754489925e-07
9.566821508870692e-07
1.162677266714892e-06
1.412670219994790e-06
1.715886647045534e-06
2.083515433244600e-06
2.529150651211359e-06
3.069212079230078e-06
3.723394761095900e-06
4.515825046413225e-06
5.474766403134129e-06
6.635656876061776e-06
8.039479395311368e-06
9.737330868228188e-06
1.178971663717246e-05
1.427016183204598e-05
1.726489239996531e-05
2.088135132481958e-05
2.524580088152037e-05
3.051073312846880e-05
3.685910253871929e-05
4.451178341840987e-05
5.372761104117164e-05
6.482455834666289e-05
7.818171520267827e-05
9.424620516172373e-05
1.135573666366098e-04
1.367642510486634e-04
1.646277152013859e-04
1.980765132603039e-04
2.381873588084585e-04
2.862676226925761e-04
3.438594510621352e-04
4.128343026892815e-04
4.953066951609492e-04
5.938539269764477e-04
7.116151351059517e-04
8.521636536335075e-04
1.019788523377161e-03
1.219471930877166e-03
1.457131301271898e-03
1.740017935943980e-03
2.076083683698680e-03
2.474932601720536e-03
2.948038055368288e-03
3.508559203588328e-03
4.171407608910482e-03
4.954961902906510e-03
5.880383973799497e-03
6.971451403708645e-03
8.254712498226090e-03
9.763957972867814e-03
1.153577150576852e-02
1.361170209446518e-02
1.604125350619051e-02
1.887814081666619e-02
2.218596133001706e-02
2.603345262811628e-02
3.050075040760395e-02
3.567632577128082e-02
4.165730204529736e-02
4.855011345929536e-02
5.647797813876801e-02
6.556558035416074e-02
7.595187255570987e-02
8.778369286928553e-02
1.012183326754550e-01
1.164115793228498e-01
1.335346077057626e-01
1.527227066565689e-01
1.741430867783761e-01
1.979411923663747e-01
2.242194908432932e-01
2.530798473150904e-01
2.845678466519034e-01
3.186836799858401e-01
3.553704371422199e-01
3.944829955631888e-01
4.358308942493554e-01
4.790916228328549e-01
5.238705695641446e-01
5.696883921093526e-01
6.159642489922736e-01
6.620280172822913e-01
7.071826931955194e-01
7.506661980196793e-01
7.917766310024206e-01
8.298212214715556e-01
8.642322051562403e-01
8.945598173181544e-01
9.205342659325465e-01
9.420963017737454e-01
9.593673466038263e-01
9.726720625244234e-01
9.824727943863935e-01
9.893480090388620e-01
9.939088841898036e-01
9.967501193705961e-01
9.983983878026406e-01
9.992797101516917e-01
9.997083278473855e-01
9.998962300550589e-01
9.999668656207897e-01
9.999903564591385e-01
9.999975446112220e-01
9.999994619541663e-01
9.999998997987735e-01
9.999999844370132e-01
9.999999980079608e-01
9.999999997954836e-01
9.999999999830742e-01
9.999999999989716e-01
9.999999999999375e-01
1.000000000000001e+00
9.999999999999992e-01
1.000000000000000e+00
1.000000000000000e+00
1.000000000000000e+00
1.000000000000000e+00
1.000000000000000e+00
1.000000000000000e+00
1.000000000000000e+00
1.000000000000000e+00
1.000000000000000e+00
1.000000000000000e+00
1.000000000000000e+00
1.000000000000000e+00
###1.199999999999999e+01
7.591072605695129e-09
9.584845710799587e-09
1.204635094845862e-08
1.498060204297185e-08
1.857663157043829e-08
2.298152113537533e-08
2.832741597296750e-08
3.483168585990149e-08
4.275492528491231e-08
5.240533651447670e-08
6.414535472885507e-08
7.843910645054631e-08
9.584531455745649e-08
1.170313109877437e-07
1.428279630329180e-07
1.741946219418961e-07
2.123451787477803e-07
2.587413439529729e-07
3.151497589416749e-07
3.836934127362693e-07
4.671411255172223e-07
5.681824535363335e-07
6.910107811917591e-07
8.402331098670516e-07
1.021233335298818e-06
1.240859096799912e-06
1.507330865062973e-06
1.830454730961816e-06
2.222127087834460e-06
2.696787406455030e-06
3.271879071480526e-06
3.968315066862860e-06
4.811708914038947e-06
5.832050573342989e-06
7.066921742718824e-06
8.559839122667961e-06
1.036492341690870e-05
1.254631685986470e-05
1.518191997676097e-05
1.836303290734652e-05
2.220345210426883e-05
2.683677278938372e-05
3.242432995261857e-05
3.915960589322650e-05
4.727610475865204e-05
5.704730062013344e-05
6.880908969859955e-05
8.296173194731483e-05
9.997711157661525e-05
1.204241581086906e-04
1.449873266210174e-04
1.744684588682095e-04
2.098460570947469e-04
2.522537429575811e-04
3.030675021494061e-04
3.639095044920734e-04
4.367476611882986e-04
5.237975401036458e-04
6.277820688041934e-04
7.519805823434385e-04
9.001463811497343e-04
1.076775763535693e-03
1.287087577179218e-03
1.537275426660289e-03
1.834932917612010e-03
2.188366862556149e-03
2.607611562398583e-03
3.104646820548324e-03
3.693198120119497e-03
4.388801388142570e-03
5.210600313510207e-03
6.180614340794846e-03
7.323553879112195e-03
8.666968464561000e-03
1.024592688229024e-02
1.209834478493652e-02
1.426716768470229e-02
1.680360381473184e-02
1.976305996747967e-02
2.321120558676334e-02
2.721844743912894e-02
3.186741728093128e-02
3.724877269818186e-02
4.346173856071118e-02
5.061511306948435e-02
5.883444731808848e-02
6.824615926981767e-02
7.899132503844809e-02
9.121771479594463e-02
1.050835713200076e-01
1.207444571773909e-01
1.383707876427523e-01
1.580947716973765e-01
1.800801600684574e-01
2.044671071779106e-01
2.313500435145095e-01
2.608213780842464e-01
2.929144423896690e-01
3.276148829914474e-01
3.648490273631870e-01
4.044526702666851e-01
4.462153395762737e-01
4.897931573620998e-01
5.347708159976980e-01
5.806499767844064e-01
6.268339575670885e-01
6.726423617689551e-01
7.173722142062890e-01
7.602675535968698e-01
8.006393726399604e-01
8.378179667803279e-01
8.712682985155903e-01
9.005803068059657e-01
9.255287453186959e-01
9.460990544623713e-01
9.624544269488172e-01
9.749526549974215e-01
9.840785623536784e-01
9.904189792749523e-01
9.945808137872155e-01
9.971434449073689e-01
9.986110919806719e-01
9.993847218345339e-01
9.997551100739470e-01
9.999145084580328e-01
9.999732630160457e-01
9.999923840564491e-01
9.999981056659240e-01
9.999995953252182e-01
9.999999266768522e-01
9.999999889462948e-01
9.999999986290390e-01
9.999999998641085e-01
9.999999999891092e-01
9.999999999993757e-01
9.999999999999599e-01
1.000000000000001e+00
9.999999999999993e-01
1.000000000000000e+00
1.000000000000000e+00
1.000000000000000e+00
1.000000000000000e+00
1.000000000000000e+00
1.000000000000000e+00
1.000000000000000e+00
1.000000000000000e+00
1.000000000000000e+00
1.000000000000000e+00
1.000000000000000e+00
1.000000000000000e+00
###1.219999999999999e+01
8.127395965587005e-09
1.026132578214672e-08
1.289673422980285e-08
1.603745966388161e-08
1.988602207493142e-08
2.459958328955672e-08
3.031899510573949e-08
3.727644511709453e-08
4.575034928519180e-08
5.606928742561905e-08
6.862031999267490e-08
8.389853188973459e-08
1.025000651589810e-07
1.251365386396604e-07
1.526939602246174e-07
1.861946975059525e-07
2.269329010074202e-07
2.764649232831288e-07
3.366735857679969e-07
4.098195510679717e-07
4.988510914215388e-07
6.066291521866863e-07
7.376171773742812e-07
8.967172997708398e-07
1.089653848880909e-06
1.323708402815746e-06
1.607619518333930e-06
1.951805893763515e-06
2.368910078830370e-06
2.874263366139443e-06
3.486388316304127e-06
4.227481567568608e-06
5.124723426331898e-06
6.209922205607242e-06
7.522918088330803e-06
9.109891062300245e-06
1.102814728225879e-05
1.334565223504819e-05
1.614490660876182e-05
1.952254394627223e-05
2.359903451303067e-05
2.851567544645585e-05
3.444308376317747e-05
4.158578853043125e-05
5.019054105730483e-05
6.054616079364544e-05
7.300732704692829e-05
8.799647567197272e-05
1.060114098476118e-04
1.276520261338686e-04
1.536398097003689e-04
1.848194426548298e-04
2.222214131900725e-04
2.670387572333162e-04
3.207190762903006e-04
3.849680055803748e-04
4.618539796711774e-04
5.536982267627834e-04
6.633742370255286e-04
7.943083208436256e-04
9.504404130303156e-04
1.136482194166968e-03
1.357898154310686e-03
1.621168501050335e-03
1.934241468817755e-03
2.305791571723939e-03
2.746298140050923e-03
3.268264538329465e-03
3.886000981627816e-03
4.615687086576890e-03
5.477255045447915e-03
6.493606931190507e-03
7.690411268174363e-03
9.096243952558009e-03
1.074748460678851e-02
1.268340959318219e-02
1.494839118624714e-02
1.759537258046505e-02
2.068147986716569e-02
2.427447391593938e-02
2.844646632747998e-02
3.328258095485880e-02
3.887567007472691e-02
4.532705730545891e-02
5.274786496199461e-02
6.126593848943077e-02
7.100936211293751e-02
8.212120254396912e-02
9.475005108083201e-02
1.090549072179146e-01
1.251908801888633e-01
1.433273505266650e-01
1.635931010521018e-01
1.861480599512338e-01
2.111266513212139e-01
2.386147993877720e-01
2.686949682534496e-01
3.013877420479309e-01
3.366637593220809e-01
3.744321873543703e-01
4.145094645178818e-01
4.566649909805945e-01
5.005336484725080e-01
5.456798370303663e-01
5.915869536691737e-01
6.376435475504458e-01
6.831603095486365e-01
7.274303621115062e-01
7.697055156393409e-01
8.093117650697226e-01
8.456044201181936e-01
8.780826056894244e-01
9.063769655639364e-01
9.303069117385777e-01
9.499018007559730e-01
9.653649357751323e-01
9.770848689848988e-01
9.855661150233054e-01
9.914011124910705e-01
9.951901610520767e-01
9.974957529743278e-01
9.987990143271841e-01
9.994760873275415e-01
9.997950948322292e-01
9.999298404637352e-01
9.999785170440064e-01
9.999940132744152e-01
9.999985458760385e-01
9.999996972994011e-01
9.999999466598816e-01
9.999999921988618e-01
9.999999990627334e-01
9.999999999103779e-01
9.999999999930355e-01
9.999999999996269e-01
9.999999999999738e-01
1.000000000000002e+00
9.999999999999994e-01
1.000000000000000e+00
1.000000000000000e+00
1.000000000000000e+00
1.000000000000000e+00
1.000000000000000e+00
1.000000000000000e+00
1.000000000000000e+00
1.000000000000000e+00
1.000000000000000e+00
1.000000000000000e+00
1.000000000000000e+00
1.000000000000000e+00
