#./build/bin/rcbk -ic FILE ./data/ic/84/ic_208_0.dat -rc BALITSKY -alphas_scaling 5.322324095449723 -maxy 12 -fast -output ./data/bks/84/ic_208_0.dat 
# BK equation solver 20160623 (build May 19 2026 14:19:13)
# Heikki Mäntysaari <mantysaari@bnl.gov>, 2011-2016
# Running coupling: Balitsky
# Scaling factor C^2 in alpha_s: 5.32232
# Initial condition is String is not impelmented for the current IC N(r=0.0333803 1/GeV) = 0.000291715
# \alpha_s = 12 \pi / [ (33.0 - 2.0*Nf) * log(4.0*C^2/(r^2*lambdaqcd^2) ], C^2=5.32232, lambdaqcd=0.241 GeV, maxalphas=0.7 nf=3
# Using fast (and not so accurate) parameters
# Solving BK equation up to y=12
# r limits: 1e-05 - 100 points 150 multiplier 1.11424
# maxy 12 ystep 0.2
###1.000000000000000e-05
###1.114242875232510e+00
###150
###0.000000000000000e+00
###0.000000000000000e+00
0.000000000000000e+00
7.835856065425716e-11
9.625012728283215e-11
1.185532599565556e-10
1.459420103790957e-10
1.796001212803509e-10
2.210431721041064e-10
2.720201496770031e-10
3.347218554129051e-10
4.118483415716118e-10
5.067039854095056e-10
6.233545447512790e-10
7.667960277397138e-10
9.431638666963984e-10
1.159996600453885e-09
1.426552947013484e-09
1.754202419179506e-09
2.156908812412697e-09
2.651815779269343e-09
3.259968224055303e-09
4.007204150856055e-09
4.925233573827984e-09
6.052967982470990e-09
7.438163263662153e-09
9.139405473714854e-09
1.122855819111716e-08
1.379378461703124e-08
1.694319709186116e-08
2.080935605785069e-08
2.555482236258690e-08
3.137885510390199e-08
3.852567078307828e-08
4.729462936338316e-08
5.805250997905444e-08
7.124865343768108e-08
8.743362426090407e-08
1.072816794798641e-07
1.316184967682573e-07
1.614553230456655e-07
1.980300516704452e-07
2.428579432193126e-07
2.977940470965474e-07
3.651082275861634e-07
4.475778719750933e-07
5.486019153799334e-07
6.723377996102253e-07
8.238708746444144e-07
1.009422650481635e-06
1.236600834580124e-06
1.514708991386093e-06
1.855127105902193e-06
2.271768500354785e-06
2.781646635440524e-06
3.405571667668127e-06
4.168987188289908e-06
5.103010338329626e-06
6.245710390601333e-06
7.643646477698918e-06
9.353783817259844e-06
1.144585069252449e-05
1.400517880304514e-05
1.713625252569020e-05
2.096707828289626e-05
2.565446489827035e-05
3.139064004261907e-05
3.841140312079102e-05
4.700601324009837e-05
5.752960747286314e-05
7.041851481930768e-05
8.620890498985827e-05
1.055602392539797e-04
1.292842024961254e-04
1.583800839967541e-04
1.940792617415015e-04
2.379000889976934e-04
2.917152783353697e-04
3.578364795881674e-04
4.391186227669746e-04
5.390884337783151e-04
6.621052613086342e-04
8.135594453659830e-04
1.000117168711701e-03
1.230025684549829e-03
1.513489610614625e-03
1.863135724593404e-03
2.294589687248419e-03
2.827185998667504e-03
3.484843822762771e-03
4.297147106323432e-03
5.300669106715580e-03
6.540599474459732e-03
8.072731508659682e-03
9.965877697807577e-03
1.230480878735714e-02
1.519377845891299e-02
1.876072577299242e-02
2.316228196126483e-02
2.858954189453359e-02
3.527464360725566e-02
4.349820955340869e-02
5.359706228046573e-02
6.597190738797470e-02
8.109448394635163e-02
9.951159597798209e-02
1.218446187060966e-01
1.487818460547582e-01
1.810558700938728e-01
2.194034450373468e-01
2.644994267843850e-01
3.168525983063490e-01
3.766701995907510e-01
4.436728120841532e-01
5.168952192865447e-01
5.945252161147304e-01
6.737476107137909e-01
7.508923625063140e-01
8.218084269044716e-01
8.824036699283316e-01
9.298246586574115e-01
9.630249527699440e-01
9.833300879019219e-01
9.938341210878001e-01
9.981704380911121e-01
9.996265105672936e-01
9.999381526439156e-01
9.999938165954259e-01
9.999996212103651e-01
1.000000010719726e+00
9.999999974586792e-01
9.999999935290448e-01
1.000000003512740e+00
9.999999997563651e-01
9.999999992322716e-01
1.000000000407012e+00
9.999999999761774e-01
9.999999999089245e-01
1.000000000047136e+00
9.999999999977639e-01
9.999999999892032e-01
1.000000000005456e+00
9.999999999998033e-01
9.999999999987209e-01
1.000000000000631e+00
9.999999999999846e-01
9.999999999998486e-01
1.000000000000073e+00
9.999999999999991e-01
9.999999999999817e-01
1.000000000000010e+00
1.000000000000000e+00
###2.000000000000000e-01
8.269218861274581e-12
8.685523138691172e-11
1.070241270963998e-10
1.320353260578467e-10
1.627286405443289e-10
2.005173063130875e-10
2.469877734386930e-10
3.041289610554753e-10
3.743960800651736e-10
4.608161591856903e-10
5.670865515106513e-10
6.977713944902751e-10
8.584495111517295e-10
1.056015085088443e-09
1.298888086755282e-09
1.597451070550917e-09
1.964428689430135e-09
2.415463057473561e-09
2.969744336452786e-09
3.650853951986627e-09
4.487937838694910e-09
5.515834821298543e-09
6.778771296564304e-09
8.330110112780152e-09
1.023517518216398e-08
1.257472488996453e-08
1.544753839844515e-08
1.897453111502048e-08
2.330414478035807e-08
2.861849426396316e-08
3.514084561922515e-08
4.314437679278728e-08
5.296565621940167e-08
6.501388435339136e-08
7.979284881100890e-08
9.792135321669841e-08
1.201526843673077e-07
1.474128217071927e-07
1.808358968835719e-07
2.218069291387841e-07
2.720260979714635e-07
3.335736888393846e-07
4.089932176979474e-07
5.013990755504488e-07
6.145947303625731e-07
7.532669941922881e-07
9.230929853805665e-07
1.131065960715650e-06
1.385710687596937e-06
1.697467218302364e-06
2.079113037670872e-06
2.546243198631157e-06
3.117975881459127e-06
3.817630719578102e-06
4.673778504163417e-06
5.721327584853053e-06
7.003070403124966e-06
8.571116834388547e-06
1.048938791919329e-05
1.283623999780211e-05
1.570728225531236e-05
1.921971003182452e-05
2.351652524769868e-05
2.877417313305696e-05
3.520777174954355e-05
4.308113489777140e-05
5.271743130318609e-05
6.451329600511774e-05
7.895641814767800e-05
9.664436889835183e-05
1.183121928463956e-04
1.448655816423538e-04
1.774102074062847e-04
2.173108052022585e-04
2.662578002760674e-04
3.263057048488711e-04
4.000256035510660e-04
4.905379115997287e-04
6.017404500000465e-04
7.383985936551422e-04
9.063940682256233e-04
1.113007805189939e-03
1.367188637144678e-03
1.680017934175348e-03
2.065107636864570e-03
2.539325296343439e-03
3.123427041330429e-03
3.842863866602259e-03
4.729291819205101e-03
5.821485166286694e-03
7.167168328869015e-03
8.825124290960211e-03
1.086712955676692e-02
1.338172958518665e-02
1.647706172665120e-02
2.028481946483263e-02
2.496582256679969e-02
3.071473992441081e-02
3.776666070379910e-02
4.640399056121262e-02
5.696249840731645e-02
6.984021431392994e-02
8.549958961622271e-02
1.044727954275041e-01
1.273590201122971e-01
1.548108521202245e-01
1.875181728914878e-01
2.261603027864058e-01
2.713309923312245e-01
3.234691511333946e-01
3.826964975669783e-01
4.486708098206915e-01
5.203982795881242e-01
5.961025992369885e-01
6.731043851740337e-01
7.479708159611060e-01
8.168706926946866e-01
8.760859385432775e-01
9.230185963059575e-01
9.567026287081669e-01
9.782483468528603e-01
9.903268298268452e-01
9.961395059618952e-01
9.986327771684962e-01
9.995459798958064e-01
9.998715936000397e-01
9.999702320782879e-01
9.999942623491779e-01
9.999990951964832e-01
9.999998804503540e-01
9.999999909331955e-01
9.999999990090148e-01
9.999999995097661e-01
1.000000000217974e+00
9.999999999951596e-01
9.999999999472891e-01
1.000000000025115e+00
9.999999999992927e-01
9.999999999943101e-01
1.000000000002698e+00
9.999999999999429e-01
9.999999999993818e-01
1.000000000000289e+00
9.999999999999956e-01
9.999999999999336e-01
1.000000000000031e+00
9.999999999999998e-01
9.999999999999927e-01
1.000000000000004e+00
1.000000000000000e+00
###4.000000000000000e-01
1.727043391388290e-11
9.632050930727632e-11
1.190112715332035e-10
1.470258890366291e-10
1.814060442794164e-10
2.237592650966443e-10
2.758089809075162e-10
3.397909353230014e-10
4.184541133732144e-10
5.151873777356738e-10
6.341236697145848e-10
7.803769191922935e-10
9.601762947910743e-10
1.181251793582362e-09
1.453002837657944e-09
1.787053304891645e-09
2.197625539374465e-09
2.702216992954669e-09
3.322309471519632e-09
4.084239800801931e-09
5.020843501544678e-09
6.170417608065919e-09
7.583052169633329e-09
9.318304037733209e-09
1.144895034982951e-08
1.406556666606714e-08
1.727854748542647e-08
2.122318323456550e-08
2.606508960371394e-08
3.200840869649388e-08
3.930245429860586e-08
4.825250410544301e-08
5.923595988196846e-08
7.270890424817699e-08
8.923499844733534e-08
1.095080419382488e-07
1.343681679535956e-07
1.648520418983038e-07
2.022282901030714e-07
2.480437518382526e-07
3.041996740403538e-07
3.730288887030869e-07
4.573695182595337e-07
5.607032362985026e-07
6.872882373238633e-07
8.423783790689207e-07
1.032302957620825e-06
1.264898184234429e-06
1.549690425596329e-06
1.898360592046959e-06
2.325209775508893e-06
2.847666553092112e-06
3.487139608322062e-06
4.269680205664626e-06
5.227257307429791e-06
6.398897269390336e-06
7.832525383168808e-06
9.586151958913657e-06
1.173151496900232e-05
1.435603504465139e-05
1.756650907295731e-05
2.149384672305774e-05
2.629760152895962e-05
3.217417940496593e-05
3.936467891684828e-05
4.816190296765007e-05
5.892574666096188e-05
7.209799764275477e-05
8.821985465464883e-05
1.079557736236939e-04
1.321202975373549e-04
1.617189008132139e-04
1.979714667928301e-04
2.423820235702151e-04
2.968239972057135e-04
3.635438491590541e-04
4.453833007270391e-04
5.457477787404430e-04
6.689165407382583e-04
8.200831297880096e-04
1.005641193419987e-03
1.233510363117201e-03
1.513386857105044e-03
1.857200008674830e-03
2.279636293741925e-03
2.798818997640149e-03
3.436959000057950e-03
4.221075418006735e-03
5.184927131423639e-03
6.369512775737669e-03
7.825115867189177e-03
9.613514812098998e-03
1.180944721802764e-02
1.450519085924108e-02
1.781270648021995e-02
2.186735367531654e-02
2.683398066917317e-02
3.291064230844106e-02
4.033513046721534e-02
4.939132288561447e-02
6.041367211539991e-02
7.379711373036435e-02
8.999468765576848e-02
1.095238941065177e-01
1.329619457284046e-01
1.609270219208146e-01
1.940675666197746e-01
2.330080968760133e-01
2.782673546667888e-01
3.302183401034128e-01
3.889054556811022e-01
4.539311593141892e-01
5.242764808951575e-01
5.982036596550591e-01
6.731581686905589e-01
7.459222132581568e-01
8.129505319310144e-01
8.708516255963341e-01
9.172514634841827e-01
9.512522095609919e-01
9.737842073053329e-01
9.871641581285583e-01
9.942279151755486e-01
9.976361421260387e-01
9.991082656483329e-01
9.997113180751845e-01
9.999220155657690e-01
9.999820790614515e-01
9.999965615114796e-01
9.999994568343039e-01
9.999999338771793e-01
9.999999933492116e-01
9.999999992556371e-01
1.000000000092901e+00
1.000000000000711e+00
9.999999999697712e-01
1.000000000013284e+00
9.999999999999003e-01
9.999999999970018e-01
1.000000000001332e+00
9.999999999999918e-01
9.999999999997015e-01
1.000000000000132e+00
9.999999999999992e-01
9.999999999999709e-01
1.000000000000013e+00
1.000000000000000e+00
9.999999999999971e-01
1.000000000000002e+00
1.000000000000000e+00
###6.000000000000001e-01
2.707557221220903e-11
1.068457421157782e-10
1.323255487601500e-10
1.636683970588897e-10
2.021350739688320e-10
2.495593322595779e-10
3.077772958058845e-10
3.793385582209657e-10
4.673062640793686e-10
5.754661163461112e-10
7.084317197526982e-10
8.719315839335466e-10
1.072908814491682e-09
1.320011787881716e-09
1.623736524708361e-09
1.997066050143085e-09
2.455883467371143e-09
3.019743069162511e-09
3.712676419037364e-09
4.563963575253276e-09
5.610609504419647e-09
6.894709698966607e-09
8.472807758041306e-09
1.041129054378687e-08
1.279116138424462e-08
1.571398101008240e-08
1.930242336756208e-08
2.370810302721227e-08
2.911540801421893e-08
3.575268806123241e-08
4.389781029360660e-08
5.389185105794984e-08
6.615645427566226e-08
8.119955190008765e-08
9.965053287432619e-08
1.222854662898360e-07
1.500391622204483e-07
1.840718620940826e-07
2.257974370224464e-07
2.769408760418829e-07
3.396239619459700e-07
4.164525756849872e-07
5.105954263622590e-07
6.259281758122461e-07
7.672091205838435e-07
9.403102056954374e-07
1.152273707461893e-06
1.411854696481857e-06
1.729671767262677e-06
2.118757348312893e-06
2.595070595547668e-06
3.178034937986993e-06
3.891547097537651e-06
4.764625611023158e-06
5.832925045324833e-06
7.139935935736882e-06
8.739139701741561e-06
1.069495712217534e-05
1.308749327712175e-05
1.601403249540390e-05
1.959340813987059e-05
2.397129777273360e-05
2.932503049968798e-05
3.587256414193534e-05
4.388272129197221e-05
5.367945754963042e-05
6.566194261473664e-05
8.032019714392537e-05
9.825250547808668e-05
1.201946172248300e-04
1.470455844543007e-04
1.799153300407489e-04
2.201484336470823e-04
2.693930003608750e-04
3.297163659019174e-04
4.035677284228008e-04
4.940726207699442e-04
6.049362339505107e-04
7.408364686687421e-04
9.074141614838619e-04
1.111596461230338e-03
1.361966294714744e-03
1.668997571285250e-03
2.045486259562610e-03
2.507235811391631e-03
3.073655573851819e-03
3.768444461825554e-03
4.620239945251026e-03
5.664888853077187e-03
6.945687318052689e-03
8.515481213641429e-03
1.043905212304599e-02
1.279409373241284e-02
1.567657549007092e-02
1.920222167580386e-02
2.350996912822464e-02
2.876853984124237e-02
3.517919047683338e-02
4.298217535407060e-02
5.246254770089601e-02
6.395318734572321e-02
7.784555155822470e-02
9.458314810219705e-02
1.146687819368735e-01
1.386579157110989e-01
1.671355113308567e-01
2.007098163337197e-01
2.399530212719098e-01
2.853142994665121e-01
3.371044880667168e-01
3.952978861699136e-01
4.594474168996689e-01
5.285139883364794e-01
6.007978629661868e-01
6.738599662054288e-01
7.446774858802918e-01
8.099614067472904e-01
8.666055488458629e-01
9.124338866282795e-01
9.466068146986015e-01
9.699053141874049e-01
9.843488001908538e-01
9.924639460750303e-01
9.966700488778836e-01
9.986519160377124e-01
9.995270101679786e-01
9.998593716478286e-01
9.999640182413166e-01
9.999922204154468e-01
9.999986050358752e-01
9.999997989937328e-01
9.999999768261374e-01
9.999999977975311e-01
9.999999999300474e-01
9.999999999965019e-01
9.999999999826936e-01
1.000000000006948e+00
1.000000000000109e+00
9.999999999984193e-01
1.000000000000655e+00
1.000000000000006e+00
9.999999999998560e-01
1.000000000000060e+00
1.000000000000000e+00
9.999999999999872e-01
1.000000000000005e+00
1.000000000000000e+00
9.999999999999989e-01
1.000000000000001e+00
1.000000000000000e+00
###8.000000000000000e-01
3.776914761490200e-11
1.185281909737571e-10
1.470899695309485e-10
1.821145251932352e-10
2.251058092920678e-10
2.781295532661469e-10
3.431837609628320e-10
4.231490163290014e-10
5.213943440600112e-10
6.421950334932012e-10
7.906803297064309e-10
9.732511485251648e-10
1.197652415219509e-09
1.473527033672717e-09
1.812598369774771e-09
2.229336502739082e-09
2.741464436362856e-09
3.370798910494146e-09
4.144177787221005e-09
5.094142152888409e-09
6.262268653780529e-09
7.694862990833854e-09
9.455507369416599e-09
1.161811028642700e-08
1.427298328821135e-08
1.753345999308912e-08
2.153579576994894e-08
2.644956465944544e-08
3.247983965719751e-08
3.988130890173936e-08
4.896374439991239e-08
6.010707973573120e-08
7.378120003722072e-08
9.055191674824646e-08
1.111199378002548e-07
1.363513842110128e-07
1.672854655280147e-07
2.052168802657887e-07
2.517189980899189e-07
3.087115857924374e-07
3.785578101619315e-07
4.641608758629011e-07
5.690487880460296e-07
6.975362962648400e-07
8.549166415171875e-07
1.047739808805056e-06
1.283825033179659e-06
1.572927238120749e-06
1.926853738358815e-06
2.360106279925607e-06
2.890445110972612e-06
3.539459839303534e-06
4.333739050639224e-06
5.305536340611931e-06
6.494478548349703e-06
7.948892722751385e-06
9.728262769057797e-06
1.190406064550598e-05
1.456504216766189e-05
1.781949044689428e-05
2.179907402600023e-05
2.666534559407497e-05
3.261471777045008e-05
3.988875680977701e-05
4.878454651100727e-05
5.966078845102545e-05
7.295814485066368e-05
8.921811666800231e-05
1.091009346737906e-04
1.334149760802875e-04
1.631514515720796e-04
1.995309518893158e-04
2.440296169782404e-04
2.984480087924088e-04
3.650574267010231e-04
4.465209277906315e-04
5.462615312094775e-04
6.682992311229356e-04
8.177283154624138e-04
1.000656433816073e-03
1.224566217094137e-03
1.498729009573821e-03
1.834423394947469e-03
2.245342214457369e-03
2.748437480240380e-03
3.364439030928682e-03
4.118567461376062e-03
5.041115513905520e-03
6.170041160590984e-03
7.550973081287628e-03
9.239335122232491e-03
1.130291941546004e-02
1.382231185277847e-02
1.689730609617528e-02
2.064715896790011e-02
2.521435153825508e-02
3.077132987931948e-02
3.752237170589368e-02
4.570996067132526e-02
5.562004145287203e-02
6.758367032707396e-02
8.198847218969163e-02
9.926830331624993e-02
1.199112580390529e-01
1.444512814781611e-01
1.734412118878735e-01
2.074502990628582e-01
2.470007286409438e-01
2.924769629691144e-01
3.441311919516268e-01
4.018739495661208e-01
4.652136971644224e-01
5.330953613255061e-01
6.038563252151047e-01
6.751641975158078e-01
7.441731161233284e-01
8.078238345146946e-01
8.632610333051070e-01
9.084836040824131e-01
9.427037509862097e-01
9.665778523466900e-01
9.818772825160630e-01
9.908666676117013e-01
9.957597004157990e-01
9.981982841656188e-01
9.993308325824661e-01
9.997869500408320e-01
9.999411832478635e-01
9.999861303474090e-01
9.999972771258937e-01
9.999995622644176e-01
9.999999435157437e-01
9.999999942080745e-01
9.999999996030268e-01
9.999999999773916e-01
9.999999999896908e-01
1.000000000003492e+00
1.000000000000177e+00
9.999999999991579e-01
1.000000000000325e+00
1.000000000000007e+00
9.999999999999308e-01
1.000000000000027e+00
1.000000000000000e+00
9.999999999999943e-01
1.000000000000002e+00
1.000000000000000e+00
9.999999999999996e-01
1.000000000000000e+00
1.000000000000000e+00
###1.000000000000000e+00
4.943018643388227e-11
1.314728473925676e-10
1.634392950188098e-10
2.025310586117294e-10
2.505231554918505e-10
3.097290169977873e-10
3.823421658180542e-10
4.716017979311410e-10
5.811938928031533e-10
7.159573660994318e-10
8.815871421133937e-10
1.085217345718954e-09
1.335482409621969e-09
1.643118842312388e-09
2.021204890925576e-09
2.485843884747559e-09
3.056787462867454e-09
3.758341910151229e-09
4.620428331763692e-09
5.679176629784650e-09
6.981217230049424e-09
8.577459574466125e-09
1.053921728904626e-08
1.294866402905261e-08
1.590643550653839e-08
1.953856023011321e-08
2.399645521056846e-08
2.946913138843082e-08
3.618479718401246e-08
4.442661540151505e-08
5.453946941980423e-08
6.694652987869697e-08
8.216848599678890e-08
1.008362892457710e-07
1.237294316163101e-07
1.518096328463874e-07
1.862338207494209e-07
2.284410541206290e-07
2.801799093204856e-07
3.435827499616097e-07
4.212764322926418e-07
5.164879965226842e-07
6.331367226787150e-07
7.760176367886350e-07
9.510041745633072e-07
1.165385432564289e-06
1.427818351482668e-06
1.749166312898729e-06
2.142503337092825e-06
2.623940365055575e-06
3.213183531224422e-06
3.934172699661672e-06
4.816383008745696e-06
5.895652368447502e-06
7.215807572928305e-06
8.830458685348616e-06
1.080553337857118e-05
1.322011478783338e-05
1.617228494422818e-05
1.978214604247195e-05
2.419516777612285e-05
2.958994172758813e-05
3.618334256614136e-05
4.424178232148361e-05
5.409389208379949e-05
6.613416910268616e-05
8.084798523043385e-05
9.883181971534020e-05
1.208115618182993e-04
1.476725450965300e-04
1.805042155316959e-04
2.206441249223733e-04
2.697073700843047e-04
3.296557682734192e-04
4.029746907341857e-04
4.925527703423535e-04
6.021245768309124e-04
7.360402465189968e-04
8.998287387977415e-04
1.100084439577848e-03
1.344867853724237e-03
1.644164390530783e-03
2.010084798241617e-03
2.457249143731484e-03
3.003790183381271e-03
3.671792947246306e-03
4.488033599129138e-03
5.484493561739638e-03
6.701274399955723e-03
8.186363194882484e-03
9.997779776216895e-03
1.220633376747315e-02
1.489548596995091e-02
1.816884416705259e-02
2.214911109242113e-02
2.698222926905069e-02
3.284422355580011e-02
3.994221477277576e-02
4.852068893750471e-02
5.886620881534015e-02
7.130776091368464e-02
8.622880854103221e-02
1.040534370415861e-01
1.252550195785202e-01
1.503462162982070e-01
1.798487442231761e-01
2.142940035565055e-01
2.541563422516252e-01
2.997598523368228e-01
3.513011175800960e-01
4.086331945433134e-01
4.712238082665188e-01
5.380058014307093e-01
6.073516877810804e-01
6.770285955691455e-01
7.443506681110906e-01
8.064653924145115e-01
8.607389186421240e-01
9.053252149199271e-01
9.394836010291131e-01
9.637676476567927e-01
9.797413520431594e-01
9.894470611119985e-01
9.949232997894092e-01
9.977637993867030e-01
9.991329721217540e-01
9.997092341464756e-01
9.999149658952931e-01
9.999786454414610e-01
9.999954910878269e-01
9.999992138084958e-01
9.999998891160684e-01
9.999999875961039e-01
9.999999989658250e-01
9.999999999344438e-01
9.999999999916588e-01
1.000000000001726e+00
1.000000000000136e+00
9.999999999995588e-01
1.000000000000159e+00
1.000000000000006e+00
9.999999999999667e-01
1.000000000000012e+00
1.000000000000000e+00
9.999999999999976e-01
1.000000000000001e+00
1.000000000000000e+00
9.999999999999998e-01
1.000000000000000e+00
1.000000000000000e+00
###1.200000000000000e+00
6.215010026418763e-11
1.457935990550253e-10
1.815142140583073e-10
2.250945121587508e-10
2.786080631249362e-10
3.446343500860805e-10
4.256014680154462e-10
5.251010365096751e-10
6.472156385627868e-10
7.973824539855088e-10
9.819273127403649e-10
1.208775786477771e-09
1.487565965605243e-09
1.830205542746269e-09
2.251294066728339e-09
2.768711497796917e-09
3.404447922561113e-09
4.185550364856125e-09
5.145303534946397e-09
6.323811748909428e-09
7.773237207153702e-09
9.549548567354026e-09
1.173255000355538e-08
1.441349335314078e-08
1.770428377571875e-08
2.174488480677219e-08
2.670362835620224e-08
3.279008661766920e-08
4.025849541752518e-08
4.942296289344264e-08
6.066680004486886e-08
7.446050624335048e-08
9.138025221362343e-08
1.121282917551633e-07
1.375708023993142e-07
1.687719625872192e-07
2.070195765465548e-07
2.539082061272144e-07
3.113789893393129e-07
3.817954207087650e-07
4.680773111063180e-07
5.737883821127228e-07
7.032892179902826e-07
8.618941553764433e-07
1.056100902039618e-06
1.294008238083760e-06
1.585180432222178e-06
1.941683925884566e-06
2.377954608696145e-06
2.911880575175269e-06
3.565241292608960e-06
4.364530634295798e-06
5.342349297190557e-06
6.538355089233189e-06
8.000982340936602e-06
9.789576643872430e-06
1.197688949105267e-05
1.465024590743005e-05
1.791776555855027e-05
2.191223488093026e-05
2.679393956124965e-05
3.275973328006489e-05
4.004849879268782e-05
4.895292970869251e-05
5.983562609981708e-05
7.312920115123702e-05
8.936665011156485e-05
1.092029291663700e-04
1.334336636258178e-04
1.630259269815158e-04
1.991731261455153e-04
2.433365513908624e-04
2.972779266053763e-04
3.631297877936520e-04
4.436008674810928e-04
5.418254167462142e-04
6.618431463551040e-04
8.083705323785301e-04
9.873832475160516e-04
1.205982715683810e-03
1.472830132686402e-03
1.798651146290998e-03
2.196416663885090e-03
2.681704471514547e-03
3.273860832927859e-03
3.996360944383285e-03
4.877570647475760e-03
5.951192976996480e-03
7.259505769577264e-03
8.852880140692776e-03
1.079194927079563e-02
1.315054709777772e-02
1.601500113559719e-02
1.949269086572870e-02
2.370971124135463e-02
2.881537184468860e-02
3.498913407641282e-02
4.244078623372031e-02
5.141660705484342e-02
6.220347610926432e-02
7.512810431880142e-02
9.056947234843479e-02
1.089417734987282e-01
1.307036502922411e-01
1.563467047696660e-01
1.863624491961827e-01
2.212455252094332e-01
2.614244585266741e-01
3.071668418622422e-01
3.586156965103474e-01
4.155745455455533e-01
4.774712374452795e-01
5.432301942641372e-01
6.112579081329702e-01
6.794132775112842e-01
7.451560175319952e-01
8.058196762116698e-01
8.589673230692495e-01
9.028892573073047e-01
9.368908316570560e-01
9.614402123912819e-01
9.779290121859726e-01
9.882103174400320e-01
9.941732880681478e-01
9.973607911227332e-01
9.989417271229123e-01
9.996302824295674e-01
9.998868525094856e-01
9.999701211715595e-01
9.999933201626066e-01
9.999987583089895e-01
9.999998120184743e-01
9.999999773034044e-01
9.999999978969527e-01
9.999999998519800e-01
9.999999999895614e-01
1.000000000000621e+00
1.000000000000102e+00
9.999999999997655e-01
1.000000000000079e+00
1.000000000000004e+00
9.999999999999840e-01
1.000000000000006e+00
1.000000000000000e+00
9.999999999999989e-01
1.000000000000000e+00
1.000000000000000e+00
9.999999999999999e-01
1.000000000000000e+00
1.000000000000000e+00
###1.400000000000000e+00
7.602664116927250e-11
1.616124861039279e-10
2.014814365079151e-10
2.499957274889256e-10
3.095971878380045e-10
3.831402000050305e-10
4.733192874685158e-10
5.840640373440295e-10
7.200093446045787e-10
8.871451309083842e-10
1.092523815718831e-09
1.344942186300241e-09
1.655137918384156e-09
2.036310950835202e-09
2.504738587078022e-09
3.080218484289797e-09
3.787228088873681e-09
4.655845163637559e-09
5.722955523020455e-09
7.033120692187105e-09
8.644519198170316e-09
1.061868582487902e-08
1.304473050500014e-08
1.602391281070876e-08
1.968020242976013e-08
2.416911107947498e-08
2.967745003955119e-08
3.643718379836901e-08
4.473138840621803e-08
5.490700504615598e-08
6.739032956272380e-08
8.270310988010724e-08
1.014824414866787e-07
1.245080634857813e-07
1.527404933955751e-07
1.873566322591125e-07
2.297874748617326e-07
2.817922867798399e-07
3.455270097325355e-07
4.236050155132634e-07
5.192666477367278e-07
6.364396171790277e-07
7.799619243311057e-07
9.557250039932259e-07
1.170891208753157e-06
1.434414773721258e-06
1.756887304309420e-06
2.151657057661346e-06
2.634640519385688e-06
3.225640605861152e-06
3.948684450408101e-06
4.833022777011414e-06
5.914634544584266e-06
7.237282210170281e-06
8.854387414453315e-06
1.083145419537113e-05
1.324858307952682e-05
1.620195263507530e-05
1.981046878487679e-05
2.422051399411396e-05
2.960825566479460e-05
3.619009458607690e-05
4.422845741049000e-05
5.404407489799960e-05
6.603580182352561e-05
8.067687273332757e-05
9.855094765616035e-05
1.203751098767555e-04
1.470189678036370e-04
1.795362961592985e-04
2.192304210650579e-04
2.676933977107030e-04
3.268415255512008e-04
3.989871949529601e-04
4.870729590289571e-04
5.944947036529797e-04
7.256056544081761e-04
8.855093339892319e-04
1.080646439076331e-03
1.318646102389205e-03
1.608793462059753e-03
1.962576643337826e-03
2.393868593403215e-03
2.919222085911107e-03
3.559234675785024e-03
4.338806973706438e-03
5.287928805439449e-03
6.442057293070196e-03
7.845679400006956e-03
9.551575645576580e-03
1.162300925023381e-02
1.413679033223623e-02
1.718226670554884e-02
2.087038480072457e-02
2.533063106716675e-02
3.071558748135148e-02
3.720801207584517e-02
4.502018717210896e-02
5.440002145612909e-02
6.563428653248508e-02
7.904734439881132e-02
9.501334658786863e-02
1.139364693425496e-01
1.362606128983726e-01
1.624565379523051e-01
1.929863872581913e-01
2.283090741667605e-01
2.688091696744375e-01
3.147012278354918e-01
3.660777670426482e-01
4.226963943215963e-01
4.839491859275172e-01
5.487540439887880e-01
6.155499441365787e-01
6.822806649211312e-01
7.465390583892049e-01
8.058255260607221e-01
8.578787368200185e-01
9.011120526237462e-01
9.348732156933232e-01
9.595616929895956e-01
9.764254011214362e-01
9.871570827932896e-01
9.935174005672373e-01
9.969980662675823e-01
9.987635386146313e-01
9.995535797204603e-01
9.998582826123232e-01
9.999610167470341e-01
9.999908730067704e-01
9.999982132910277e-01
9.999997134412826e-01
9.999999631274192e-01
9.999999963106211e-01
9.999999997180522e-01
9.999999999827921e-01
9.999999999997694e-01
1.000000000000069e+00
9.999999999998729e-01
1.000000000000040e+00
1.000000000000002e+00
9.999999999999925e-01
1.000000000000002e+00
1.000000000000000e+00
9.999999999999996e-01
1.000000000000000e+00
1.000000000000000e+00
1.000000000000000e+00
1.000000000000000e+00
1.000000000000000e+00
###1.600000000000000e+00
9.116562641423003e-11
1.790613826505551e-10
2.234744111109977e-10
2.774398553410195e-10
3.437466831908073e-10
4.255620827331928e-10
5.258764509410735e-10
6.490038455223670e-10
8.001646461581830e-10
9.859693208100076e-10
1.214262876811445e-09
1.494810627138660e-09
1.839529055089984e-09
2.263074068899361e-09
2.783519128062461e-09
3.422817983600969e-09
4.208130810392260e-09
5.172838000558420e-09
6.357833929233800e-09
7.812528402349617e-09
9.601685535231976e-09
1.179294439787026e-08
1.448566907494640e-08
1.779181065193409e-08
2.184881301076982e-08
2.682904496181104e-08
3.293955996517825e-08
4.043681883332700e-08
4.963531133048952e-08
6.091790770681773e-08
7.475769085426147e-08
9.173212031255040e-08
1.125452733133105e-07
1.380611160264211e-07
1.693425865797110e-07
2.076893996770389e-07
2.546887878207165e-07
3.122777366929062e-07
3.828461498612344e-07
4.692829875708372e-07
5.751729675530672e-07
7.048456240130204e-07
8.636378759548037e-07
1.058084072107967e-06
1.296066253247515e-06
1.587457879071521e-06
1.943969960953655e-06
2.380319124282951e-06
2.914062465859687e-06
3.567030765652270e-06
4.365694321166168e-06
5.342275716318108e-06
6.536399346697860e-06
7.996241735030149e-06
9.780589061138254e-06
1.196157409562180e-05
1.462719214933191e-05
1.788311969451410e-05
2.185983609534254e-05
2.671827997426268e-05
3.265161901219316e-05
3.989714961693043e-05
4.874243161828418e-05
5.953813018044338e-05
7.272168936111550e-05
8.880959724890255e-05
1.084393523424027e-04
1.323939710361273e-04
1.616214659528857e-04
1.972674573472650e-04
2.407513862269542e-04
2.938033527254663e-04
3.585024607974525e-04
4.373503402804279e-04
5.335301914457568e-04
6.507267696220204e-04
7.936074526860723e-04
9.676838907913511e-04
1.179882001339564e-03
1.438379730314478e-03
1.753109701698496e-03
2.136328582555162e-03
2.602904555831570e-03
3.170332185805009e-03
3.860515116449537e-03
4.699815093648357e-03
5.719880439021986e-03
6.957975155785867e-03
8.460765565866864e-03
1.028354537404602e-02
1.249215257104108e-02
1.516621472040820e-02
1.839872051481432e-02
2.230349738342307e-02
2.701357582180467e-02
3.268471789915370e-02
3.950283961526435e-02
4.768254529530692e-02
5.747315120418625e-02
6.916108914480809e-02
8.306811284415343e-02
9.956327390463052e-02
1.190406017047324e-01
1.419292375274043e-01
1.686793034450925e-01
1.997243313085651e-01
2.354884732569328e-01
2.763140701788954e-01
3.223657373216355e-01
3.736882778419701e-01
4.299966112518711e-01
4.906505757748259e-01
5.545630894136891e-01
6.202042043884968e-01
6.855960614156111e-01
7.484529297925271e-01
8.064264606534817e-01
8.574120172465844e-01
8.999344128755707e-01
9.333813841433558e-01
9.580987412104892e-01
9.752137236289068e-01
9.862841770190731e-01
9.929595551306813e-01
9.966815042887641e-01
9.986031879810437e-01
9.994819703798438e-01
9.998305446323137e-01
9.999517956095213e-01
9.999882784284861e-01
9.999976056753493e-01
9.999995972577203e-01
9.999999453590983e-01
9.999999941869427e-01
9.999999995251618e-01
9.999999999707285e-01
9.999999999989028e-01
1.000000000000030e+00
9.999999999999289e-01
1.000000000000020e+00
1.000000000000001e+00
9.999999999999964e-01
1.000000000000001e+00
1.000000000000000e+00
9.999999999999998e-01
1.000000000000000e+00
1.000000000000000e+00
1.000000000000000e+00
1.000000000000000e+00
1.000000000000000e+00
###1.800000000000000e+00
1.076786513261172e-10
1.983132301083645e-10
2.476878193971794e-10
3.076472273989776e-10
3.813284215554591e-10
4.722399858157137e-10
5.836727006985247e-10
7.204324602328404e-10
8.883141990046830e-10
1.094636328181671e-09
1.348097647512933e-09
1.659540540039516e-09
2.042168097805568e-09
2.512231297513484e-09
3.089772813926431e-09
3.799103708607185e-09
4.670327764170364e-09
5.740424966426857e-09
7.054708846873078e-09
8.667841885583356e-09
1.065181505456436e-08
1.308096230145953e-08
1.606579229109498e-08
1.972998847686594e-08
2.422585722326143e-08
2.974371001526905e-08
3.651308849125132e-08
4.481719281758994e-08
5.500444202163400e-08
6.749764199020102e-08
8.281991621745229e-08
1.016090614452100e-07
1.246436571724127e-07
1.528790078628605e-07
1.874881656826376e-07
2.299042785251392e-07
2.818852417166791e-07
3.455622152765928e-07
4.235792972719699e-07
5.191195342639520e-07
6.361457750535081e-07
7.794227638546534e-07
9.548367169813321e-07
1.169590104265924e-06
1.432371064040495e-06
1.754037079878053e-06
2.147518519250626e-06
2.628995129781168e-06
3.217806498496460e-06
3.937961031757209e-06
4.818572916191208e-06
5.895059919096670e-06
7.210991592761554e-06
8.819237946862233e-06
1.078440185056589e-05
1.318570673165428e-05
1.611963583038569e-05
1.970203585977632e-05
2.407578695777402e-05
2.941739419954034e-05
3.593816139143232e-05
4.389780774428535e-05
5.361057872035940e-05
6.545909375574383e-05
7.992183283480341e-05
9.756128039035150e-05
1.190720836101125e-04
1.453071586925518e-04
1.772975227588819e-04
2.162859750115383e-04
2.638145104590761e-04
3.217588160417087e-04
3.923693154056656e-04
4.783465397634802e-04
5.831266559813309e-04
7.106956693428403e-04
8.660513457674872e-04
1.055129938555090e-03
1.285363281919676e-03
1.565499683247818e-03
1.906143186236205e-03
2.320347676050975e-03
2.824004284202379e-03
3.435582398623307e-03
4.178324924299256e-03
5.080090791737770e-03
6.174221589858454e-03
7.499822558965703e-03
9.105763232634212e-03
1.104988498705494e-02
1.340060899830847e-02
1.624059091545761e-02
1.966584335006053e-02
2.379363906680592e-02
2.876028920993419e-02
3.472464126748032e-02
4.187563180002189e-02
5.043001526489307e-02
6.063829637396714e-02
7.278633644852521e-02
8.719302506883120e-02
1.042220513037350e-01
1.242571620600524e-01
1.477127153696803e-01
1.750183801213372e-01
2.065797635013891e-01
2.427871585764101e-01
2.839422640040505e-01
3.301625331235218e-01
3.814475897067259e-01
4.374725465710734e-01
4.975680493801883e-01
5.606432675311659e-01
6.251979060673771e-01
6.893264854986733e-01
7.508542893430693e-01
8.075702267356291e-01
8.575105581970218e-01
8.993014937014151e-01
9.323693362569277e-01
9.570183629978961e-01
9.742758756894265e-01
9.855855190491306e-01
9.925006792434137e-01
9.964144738128995e-01
9.984639830101397e-01
9.994176484586237e-01
9.998047328562807e-01
9.999428890870116e-01
9.999856701199635e-01
9.999969678028184e-01
9.999994693467444e-01
9.999999247490239e-01
9.999999915793222e-01
9.999999992731297e-01
9.999999999530987e-01
9.999999999978515e-01
9.999999999999807e-01
9.999999999999585e-01
1.000000000000011e+00
1.000000000000000e+00
9.999999999999983e-01
1.000000000000000e+00
1.000000000000000e+00
9.999999999999999e-01
1.000000000000000e+00
1.000000000000000e+00
1.000000000000000e+00
1.000000000000000e+00
1.000000000000000e+00
###2.000000000000000e+00
1.256873883698521e-10
2.194687420604426e-10
2.743114224027893e-10
3.408563941521403e-10
4.226355524162773e-10
5.235356554258730e-10
6.471759590598417e-10
7.989007930551867e-10
9.851366939274059e-10
1.213974301910823e-09
1.495051448920232e-09
1.840381502560937e-09
2.264584507896773e-09
2.785653374421138e-09
3.425786671743405e-09
4.211869966569451e-09
5.177226836655005e-09
6.362771679548263e-09
7.818643525931728e-09
9.605293952312368e-09
1.180247006083336e-08
1.449193911740491e-08
1.779632749292436e-08
2.185212923668278e-08
2.682787213522667e-08
3.293344939669405e-08
4.042270497100056e-08
4.960849936454656e-08
6.087526542240256e-08
7.469011901870708e-08
9.163034894926777e-08
1.123994726329046e-07
1.378575718988810e-07
1.690571613967047e-07
2.072932834840008e-07
2.541445464252252e-07
3.115490387548025e-07
3.818543164276762e-07
4.679778530898172e-07
5.734207520096586e-07
7.025555501641932e-07
8.606192704174011e-07
1.054093470320255e-06
1.290898110146238e-06
1.580593576843171e-06
1.935112586635066e-06
2.368705185402910e-06
2.899077252360148e-06
3.547547583288476e-06
4.340443803222417e-06
5.309748582376435e-06
6.494273629578276e-06
7.941981987564112e-06
9.710489041958876e-06
1.187091398337016e-05
1.450992274428523e-05
1.773318853614213e-05
2.166741012443927e-05
2.646873686352531e-05
3.233015790975905e-05
3.948260284179626e-05
4.820979058895537e-05
5.885401321199811e-05
7.183208818421423e-05
8.766609496754927e-05
1.069673714359344e-04
1.304911646302892e-04
1.591644227567377e-04
1.941059521157360e-04
2.366612593511246e-04
2.885015822108293e-04
3.516560060403930e-04
4.285550817920668e-04
5.221082040614773e-04
6.360171917690516e-04
7.745821585104071e-04
9.431477605382037e-04
1.148091884807318e-03
1.397373467618737e-03
1.700333175897565e-03
2.068270872232228e-03
2.515066662123349e-03
3.057663346013015e-03
3.715537813619335e-03
4.513306148096753e-03
5.480360721036481e-03
6.651750232933449e-03
8.068514131446590e-03
9.781698081772885e-03
1.185173095763073e-02
1.434963896729087e-02
1.736110519427456e-02
2.098514961027274e-02
2.534245433716507e-02
3.057254841179167e-02
3.683726744477247e-02
4.432843172455087e-02
5.326477352334653e-02
6.389776896128348e-02
7.651247838545235e-02
9.142467335411600e-02
1.089924234128379e-01
1.295890508586767e-01
1.536140962418079e-01
1.814769507629404e-01
2.135578917835548e-01
2.502082139948210e-01
2.916963883612859e-01
3.380932413443415e-01
3.893555043245012e-01
4.451212855659757e-01
5.046939794004057e-01
5.669806823569874e-01
6.305090870259220e-01
6.934406054533273e-01
7.537024816649716e-01
8.092083604647268e-01
8.581219295428201e-01
8.991623730741022e-01
9.317935849834613e-01
9.562887534829069e-01
9.735927547358751e-01
9.850528506208363e-01
9.921390977520045e-01
9.961983432298327e-01
9.983479540970184e-01
9.993621861505629e-01
9.997817127314796e-01
9.999346684728800e-01
9.999831743129115e-01
9.999963336535385e-01
9.999993367625115e-01
9.999999023985607e-01
9.999999886081449e-01
9.999999989700691e-01
9.999999999302429e-01
9.999999999965294e-01
9.999999999999194e-01
9.999999999999737e-01
1.000000000000006e+00
1.000000000000000e+00
9.999999999999992e-01
1.000000000000000e+00
1.000000000000000e+00
1.000000000000000e+00
1.000000000000000e+00
1.000000000000000e+00
1.000000000000000e+00
1.000000000000000e+00
1.000000000000000e+00
###2.200000000000000e+00
1.453198284488712e-10
2.426902538728905e-10
3.035492033740092e-10
3.773165173195184e-10
4.679822554168061e-10
5.798378549032917e-10
7.168664368679778e-10
8.849997539881417e-10
1.091361217214889e-09
1.344873374896739e-09
1.656213771669253e-09
2.038670994533176e-09
2.508419881925461e-09
3.085342849894678e-09
3.794014478484091e-09
4.664104309370606e-09
5.732475336917635e-09
7.044329078507779e-09
8.655067621062884e-09
1.063148311868668e-08
1.306172335698425e-08
1.603571980533936e-08
1.968926010260781e-08
2.417284935558268e-08
2.967257969868292e-08
3.641976409037975e-08
4.469470519685008e-08
5.484244298182400e-08
6.728661665957210e-08
8.254252544099627e-08
1.012463106488000e-07
1.241732376648560e-07
1.522709710168990e-07
1.866980926250619e-07
2.288821237898455e-07
2.805592628823554e-07
3.438628861599469e-07
4.213753607992125e-07
5.163089899999175e-07
6.325109966639869e-07
7.747952877359784e-07
9.489096732428926e-07
1.161980036181387e-06
1.422700931506836e-06
1.741575303772315e-06
2.131693936225795e-06
2.608730276431357e-06
3.192033153822937e-06
3.905084504168483e-06
4.776615162880420e-06
5.841781208949033e-06
7.143014912677737e-06
8.732986345553199e-06
1.067445388626288e-05
1.304542333199169e-05
1.594054593278906e-05
1.947549326861681e-05
2.378831461081672e-05
2.904959305962905e-05
3.546975428981608e-05
4.330071265403437e-05
5.285166505458454e-05
6.449484142240161e-05
7.868339932013084e-05
9.598569896988274e-05
1.170643361869735e-04
1.427404753309488e-04
1.740176799793161e-04
2.121080881216319e-04
2.584656457785694e-04
3.148977773277220e-04
3.835950549429803e-04
4.671772631633127e-04
5.687729285077886e-04
6.923625839329499e-04
8.425737851539277e-04
1.025114867108320e-03
1.246822930671363e-03
1.516205697101263e-03
1.843218641980407e-03
2.239882307388076e-03
2.720932359155151e-03
3.304392934798452e-03
4.010780756684684e-03
4.866119706356282e-03
5.901371345296134e-03
7.153228215675838e-03
8.664991588543045e-03
1.048962158550597e-02
1.269025069685830e-02
1.534053114979379e-02
1.852917225617994e-02
2.235818317407598e-02
2.695161847200248e-02
3.245216653187965e-02
3.902453396433146e-02
4.686330578955442e-02
5.618901278481599e-02
6.725388642304427e-02
8.034195484565182e-02
9.576561822576958e-02
1.138770729733915e-01
1.350390668983997e-01
1.596362774493241e-01
1.880579825958375e-01
2.206596728377493e-01
2.577543498579323e-01
2.995786175489383e-01
3.461589648123579e-01
3.974112977820518e-01
4.529399721478788e-01
5.120205063880551e-01
5.735615902649688e-01
6.361165643481950e-01
6.979085628032560e-01
7.569593430202851e-01
8.112957206424390e-01
8.591975197750864e-01
8.994696168066207e-01
9.316131709698452e-01
9.558789634600698e-01
9.731447615751875e-01
9.846762708738450e-01
9.918713172139640e-01
9.960329003361277e-01
9.982560518513030e-01
9.993165900404133e-01
9.997621170228590e-01
9.999274309678748e-01
9.999809008502204e-01
9.999957352377127e-01
9.999992068779209e-01
9.999998796056904e-01
9.999999854432030e-01
9.999999986316914e-01
9.999999999031993e-01
9.999999999949316e-01
9.999999999998447e-01
9.999999999999812e-01
1.000000000000003e+00
9.999999999999999e-01
9.999999999999997e-01
1.000000000000000e+00
1.000000000000000e+00
1.000000000000000e+00
1.000000000000000e+00
1.000000000000000e+00
1.000000000000000e+00
1.000000000000000e+00
1.000000000000000e+00
###2.400000000000000e+00
1.667142651720023e-10
2.681679705507883e-10
3.356578989663058e-10
4.173005598511192e-10
5.177051674390579e-10
6.415633219798395e-10
7.932601744582593e-10
9.793620371703500e-10
1.207761269900637e-09
1.488287220987000e-09
1.832752574644262e-09
2.255843797505888e-09
2.775420233726861e-09
3.413444241421399e-09
4.197063972448646e-09
5.159001060580652e-09
6.339969407384162e-09
7.789865593498800e-09
9.569777531420896e-09
1.175345592772978e-08
1.443818787511026e-08
1.772285339498594e-08
2.175739644957900e-08
2.670783123590068e-08
3.277889311212617e-08
4.022565760273852e-08
4.935714968413395e-08
6.055300877991025e-08
7.427998841031812e-08
9.110504288184219e-08
1.117287351942398e-07
1.370039433150113e-07
1.679734399722830e-07
2.059107666206442e-07
2.523866477597030e-07
3.093083633514692e-07
3.790216587792738e-07
4.643618899030687e-07
5.688558835899085e-07
6.967338369909082e-07
8.532825915598531e-07
1.044796177737902e-06
1.279103116310401e-06
1.565736544054535e-06
1.916200301453772e-06
2.344847392586756e-06
2.868875179384829e-06
3.509416583125974e-06
4.292254639506223e-06
5.248718571473690e-06
6.417349777189992e-06
7.844529506015867e-06
9.587897395820606e-06
1.171587643762858e-05
1.431352807521739e-05
1.748433182069706e-05
2.135436924245266e-05
2.607405935600357e-05
3.182975320925842e-05
3.884989965566416e-05
4.740881263030696e-05
5.784282847955021e-05
7.055619973972769e-05
8.604052049733701e-05
1.049132803881158e-04
1.278913758726670e-04
1.558650956293778e-04
1.899210888803720e-04
2.313678756201904e-04
2.817744994546401e-04
3.430917796955313e-04
4.176801472608095e-04
5.083580319991498e-04
6.184836740271583e-04
7.523297695384760e-04
9.148651248339770e-04
1.112178846212792e-03
1.351585375594676e-03
1.642163409054467e-03
1.994506134463339e-03
2.421380095566278e-03
2.938406215294295e-03
3.564720539169880e-03
4.321911679760232e-03
5.237446574570512e-03
6.343891749034674e-03
7.679642101310784e-03
9.290223530022864e-03
1.123061299230554e-02
1.356664086031860e-02
1.637460465132420e-02
1.974623807301905e-02
2.378651943835278e-02
2.862283786081180e-02
3.440100180012341e-02
4.128840436092139e-02
4.948234029234610e-02
5.920493694017835e-02
7.070896461021980e-02
8.427718620932685e-02
1.002183761676070e-01
1.188786050181105e-01
1.406098863233901e-01
1.657819756829306e-01
1.947641726522012e-01
2.278872996520128e-01
2.654278222370766e-01
3.075906184560778e-01
3.543602453388759e-01
4.056136691011265e-01
4.609233064093951e-01
5.195394543780807e-01
5.803723266520379e-01
6.419998218261938e-01
7.027024483428195e-01
7.605889782909869e-01
8.137901645135802e-01
8.606921876171811e-01
9.001790065569379e-01
9.317894729684827e-01
9.557592817866342e-01
9.729121197961592e-01
9.844448473223478e-01
9.916924074000796e-01
9.959166407157026e-01
9.981883361711469e-01
9.992813529434244e-01
9.997463523622844e-01
9.999213934602393e-01
9.999789375653360e-01
9.999952003465133e-01
9.999990866289952e-01
9.999998577104053e-01
9.999999822813088e-01
9.999999982791534e-01
9.999999998736141e-01
9.999999999931222e-01
9.999999999997574e-01
9.999999999999846e-01
1.000000000000002e+00
9.999999999999999e-01
9.999999999999999e-01
1.000000000000000e+00
1.000000000000000e+00
1.000000000000000e+00
1.000000000000000e+00
1.000000000000000e+00
1.000000000000000e+00
1.000000000000000e+00
1.000000000000000e+00
###2.600000000000000e+00
1.900169792933400e-10
2.960892069036077e-10
3.708296232210086e-10
4.610993946226755e-10
5.721649111928143e-10
7.091594065339549e-10
8.769056790118630e-10
1.082664818736536e-09
1.335168544454160e-09
1.645234961979778e-09
2.025917546409370e-09
2.493426091263268e-09
3.067455230651611e-09
3.772237255836669e-09
4.637726145628091e-09
5.699974875305520e-09
7.003870901195923e-09
8.604440787796545e-09
1.056895736861561e-08
1.297874948383383e-08
1.594104736750496e-08
1.956439506649829e-08
2.401429280828414e-08
2.947332825517702e-08
3.616702340563432e-08
4.437561572701788e-08
5.443968100102428e-08
6.677638512430544e-08
8.189915546128069e-08
1.004310639058633e-07
1.231424282675750e-07
1.509701532864926e-07
1.850602658365054e-07
2.268111472486715e-07
2.779468686886004e-07
3.405614783484368e-07
4.172298222192946e-07
5.110608220004204e-07
6.259232198647702e-07
7.664570933873857e-07
9.384543375364388e-07
1.148813475757696e-06
1.406104248534698e-06
1.720774483527834e-06
2.105402561225335e-06
2.575714577733084e-06
3.150496716264283e-06
3.852880071423425e-06
4.711017643771643e-06
5.759117869622084e-06
7.039311522323211e-06
8.602229093756610e-06
1.051081048839662e-05
1.283956457185206e-05
1.568111215192343e-05
1.914833528458470e-05
2.337840883345939e-05
2.853507388906828e-05
3.482131815622253e-05
4.248493996457563e-05
5.182399931422310e-05
6.320346183152911e-05
7.706225152427212e-05
9.393220027466302e-05
1.144828530492103e-04
1.394890130559344e-04
1.699134804107745e-04
2.069311351511640e-04
2.519519638003061e-04
3.066663195524379e-04
3.731758976951026e-04
4.540196498331763e-04
5.522243748293867e-04
6.713889278060233e-04
8.160920146716985e-04
9.916579756985161e-04
1.204574101083137e-03
1.462650846284008e-03
1.775560586821594e-03
2.154557583497457e-03
2.613180164072180e-03
3.167964576807310e-03
3.839190206093959e-03
4.649549395286391e-03
5.627987976792202e-03
6.808713603730876e-03
8.231866367924730e-03
9.945205052150352e-03
1.200577893271734e-02
1.448212659995297e-02
1.745320695995460e-02
2.101356405997228e-02
2.527176167934653e-02
3.035784697316330e-02
3.642088601049713e-02
4.363086424204891e-02
5.218763775497352e-02
6.231475704946437e-02
7.426531352377826e-02
8.832056905228240e-02
1.047854156308530e-01
1.239995441267115e-01
1.463040632452058e-01
1.720537334282145e-01
2.015979806397923e-01
2.352430850115364e-01
2.732304997542624e-01
3.157335912939332e-01
3.626971055221164e-01
4.139607844723547e-01
4.690667538817276e-01
5.272423635836572e-01
5.873993014679321e-01
6.481389525711223e-01
7.077953064719774e-01
7.645575453642127e-01
8.166523177014027e-01
8.625631055401358e-01
9.012493707077585e-01
9.322861308604701e-01
9.559012506570801e-01
9.728751583369054e-01
9.843468798732807e-01
9.915964364152176e-01
9.958470783646172e-01
9.981441501702863e-01
9.992565524951592e-01
9.997346207134665e-01
9.999166932724407e-01
9.999773474971229e-01
9.999947509716187e-01
9.999989819364339e-01
9.999998379546272e-01
9.999999793208798e-01
9.999999979360960e-01
9.999999998435569e-01
9.999999999912149e-01
9.999999999996617e-01
9.999999999999858e-01
1.000000000000001e+00
1.000000000000000e+00
1.000000000000000e+00
1.000000000000000e+00
1.000000000000000e+00
1.000000000000000e+00
1.000000000000000e+00
1.000000000000000e+00
1.000000000000000e+00
1.000000000000000e+00
1.000000000000000e+00
###2.800000000000000e+00
2.153872800806961e-10
3.266513325928633e-10
4.092773905637881e-10
5.090233105820683e-10
6.317474270527457e-10
7.831019964574147e-10
9.683905610495487e-10
1.195633219958020e-09
1.474471607055981e-09
1.816807611844351e-09
2.237043556711352e-09
2.753050647179252e-09
3.386522315596008e-09
4.164162508122673e-09
5.118981563083284e-09
6.290656989478923e-09
7.728626272096598e-09
9.493461376576325e-09
1.165920022258782e-08
1.431540500688528e-08
1.758008647139987e-08
2.157228399972675e-08
2.647443542989935e-08
3.248706096740255e-08
3.985833537466666e-08
4.889568601159870e-08
5.997395111176430e-08
7.355108957381499e-08
9.019076772631699e-08
1.105774470561136e-07
1.355563693413519e-07
1.661552641491149e-07
2.036326481222631e-07
2.495211947244403e-07
3.057112619844435e-07
3.744992767776932e-07
4.587047836459491e-07
5.617358278666784e-07
6.878265833579074e-07
8.420622156896844e-07
1.030775679420506e-06
1.261520272030465e-06
1.543665716795919e-06
1.888631542556261e-06
2.310169481085421e-06
2.825470110300377e-06
3.455028357639863e-06
4.224120011699702e-06
5.163445596398898e-06
6.310342459806797e-06
7.710661846453775e-06
9.419704518713661e-06
1.150607531930997e-05
1.405068183540629e-05
1.715448074552799e-05
2.093995539342979e-05
2.555649853965000e-05
3.118192388195867e-05
3.803692147875441e-05
4.638990887840263e-05
5.656417723814515e-05
6.895510976056448e-05
8.403814812259802e-05
1.023884817864240e-04
1.247296945766535e-04
1.518994247183948e-04
1.849356537952573e-04
2.251067138664407e-04
2.739297896978529e-04
3.332228314565647e-04
4.052461644479790e-04
4.927262201814521e-04
5.989082058527640e-04
7.276428197972009e-04
8.838310901830138e-04
1.073149549534230e-03
1.302543319643583e-03
1.580300428444989e-03
1.916721898728834e-03
2.323746941556332e-03
2.815711896982838e-03
3.410098790029847e-03
4.128362587803035e-03
4.994331003547638e-03
6.038465132698501e-03
7.296650143416929e-03
8.810809711974038e-03
1.063092893679906e-02
1.281625223111640e-02
1.543796051451129e-02
1.857771338630928e-02
2.233283917898905e-02
2.681554040294737e-02
3.215840649664307e-02
3.851370531582153e-02
4.605391816657330e-02
5.498131294133288e-02
6.552068647655925e-02
7.792523150906720e-02
9.247446937304274e-02
1.094691494339244e-01
1.292423262900885e-01
1.521240215075296e-01
1.784539114071741e-01
2.085616239718704e-01
2.427290217751061e-01
2.811638668238339e-01
3.240082779427360e-01
3.711690634793174e-01
4.224507641503841e-01
4.773653337308586e-01
5.351205166915467e-01
5.946289894766812e-01
6.545146021122201e-01
7.131613598637468e-01
7.688330565061658e-01
8.198449377917790e-01
8.647713573843462e-01
9.026421822192766e-01
9.330690266754742e-01
9.562776592795214e-01
9.730145159325558e-01
9.843702204569666e-01
9.915767037377783e-01
9.958210022911319e-01
9.981222813360769e-01
9.992419167995275e-01
9.997269465973255e-01
9.999133931791849e-01
9.999761686590704e-01
9.999944023060865e-01
9.999988973234464e-01
9.999998213680845e-01
9.999999767399405e-01
9.999999976255738e-01
9.999999998152302e-01
9.999999999893506e-01
9.999999999995642e-01
9.999999999999859e-01
1.000000000000000e+00
1.000000000000000e+00
1.000000000000000e+00
1.000000000000000e+00
1.000000000000000e+00
1.000000000000000e+00
1.000000000000000e+00
1.000000000000000e+00
1.000000000000000e+00
1.000000000000000e+00
1.000000000000000e+00
###3.000000000000000e+00
2.429946253678353e-10
3.600664926424477e-10
4.513071462107036e-10
5.614045067250104e-10
6.968640965936038e-10
8.639008023954348e-10
1.068344882004592e-09
1.319039261298958e-09
1.626620616580191e-09
2.004175388244024e-09
2.467557226191822e-09
3.036461795000536e-09
3.734753709061358e-09
4.591824567845666e-09
5.644010093739493e-09
6.934925083125920e-09
8.518953848916408e-09
1.046269397853675e-08
1.284753205790057e-08
1.577197237223349e-08
1.936572572870566e-08
2.375922753014526e-08
2.915324307828143e-08
3.576785618656637e-08
4.387560606277341e-08
5.381356302763173e-08
6.599360202800226e-08
8.091789747838976e-08
9.920441101406052e-08
1.216041028615667e-07
1.490432409759885e-07
1.826477612095658e-07
2.237981868512238e-07
2.741708351438407e-07
3.358378774544700e-07
4.113114551946747e-07
5.036769962405937e-07
6.166651399653289e-07
7.549029063111801e-07
9.239554912589307e-07
1.130738312906633e-06
1.383509420184740e-06
1.692499879123263e-06
2.070171320645169e-06
2.531547467679704e-06
3.095364411864026e-06
3.783985270029782e-06
4.624951887224198e-06
5.651724803849325e-06
6.904980600344276e-06
8.434549469593310e-06
1.030073340652937e-05
1.257818444834152e-05
1.535465507574311e-05
1.874002137571510e-05
2.286696042185118e-05
2.789792028046749e-05
3.402569016022563e-05
4.148978168869496e-05
5.058094050292568e-05
6.164819548532890e-05
7.512006370164240e-05
9.151046517264152e-05
1.114421772945574e-04
1.356915095441102e-04
1.651666407712778e-04
2.009836413934602e-04
2.445092186179846e-04
2.973736863613269e-04
3.615291112581543e-04
4.394024749706755e-04
5.339146731521349e-04
6.485465634237686e-04
7.874054357595640e-04
9.557414982523932e-04
1.159566455832609e-03
1.406337856469767e-03
1.704825044206294e-03
2.065983094246065e-03
2.502460607985375e-03
3.029418595374400e-03
3.665315702843414e-03
4.432815495581681e-03
5.356912512896017e-03
6.469619965000932e-03
7.808537097359534e-03
9.417408538448037e-03
1.134846296864255e-02
1.366321115305027e-02
1.643542450868337e-02
1.974953136292050e-02
2.370572563216113e-02
2.841951938632970e-02
3.402630596015085e-02
4.068137104077044e-02
4.855959031774323e-02
5.786549238387591e-02
6.882493942260297e-02
8.169100282517135e-02
9.674121928539102e-02
1.142719307296317e-01
1.346092945397257e-01
1.580720505243191e-01
1.849846855525525e-01
2.156570769554231e-01
2.503467875857951e-01
2.892290340997187e-01
3.324149838427187e-01
3.797751860020049e-01
4.310823381538933e-01
4.858137080119926e-01
5.431649814106772e-01
6.020479226806371e-01
6.611079407790288e-01
7.187759255861816e-01
7.733852349060399e-01
8.233337013439136e-01
8.672802157656903e-01
9.043214452821140e-01
9.341060492092643e-01
9.568625702932816e-01
9.733113234367000e-01
9.845026026411813e-01
9.916260587231074e-01
9.958346898047704e-01
9.981210978594244e-01
9.992368975489992e-01
9.997232066279339e-01
9.999114924999124e-01
9.999754157482732e-01
9.999941627204818e-01
9.999988357346531e-01
9.999998086945783e-01
9.999999746796951e-01
9.999999973673734e-01
9.999999997906892e-01
9.999999999876732e-01
9.999999999994730e-01
9.999999999999855e-01
9.999999999999993e-01
1.000000000000000e+00
1.000000000000000e+00
1.000000000000000e+00
1.000000000000000e+00
1.000000000000000e+00
1.000000000000000e+00
1.000000000000000e+00
1.000000000000000e+00
1.000000000000000e+00
1.000000000000000e+00
###3.200000000000001e+00
2.730196282780713e-10
3.965616662489702e-10
4.972042932269933e-10
6.185979548864938e-10
7.679549990088471e-10
9.521006323895002e-10
1.177439161608277e-09
1.453708565014019e-09
1.792631178785065e-09
2.208587354352993e-09
2.718984916843183e-09
3.345520825667803e-09
4.114423993150978e-09
5.058001228763595e-09
6.216202194460932e-09
7.636914611851283e-09
9.379895181238124e-09
1.151828199712350e-08
1.414143556587842e-08
1.735757486994699e-08
2.130905734108656e-08
2.613880570556773e-08
3.206711941754242e-08
3.933585967919782e-08
4.824306616116301e-08
5.915867728925990e-08
7.253437145085555e-08
8.892018505320880e-08
1.089927196120752e-07
1.335748766788214e-07
1.636804559527340e-07
2.005414701526738e-07
2.456700912067078e-07
3.008977367216147e-07
3.684927605573146e-07
4.511994936915453e-07
5.523903708809610e-07
6.761438422896482e-07
8.275088720233096e-07
1.012568211576426e-06
1.238861795216893e-06
1.515407830995242e-06
1.853361904005054e-06
2.266305164495537e-06
2.770632234221072e-06
3.386721088034082e-06
4.138950860376436e-06
5.057301719193996e-06
6.178166465394678e-06
7.545784286598631e-06
9.214298997579617e-06
1.124929989168994e-05
1.373188909583283e-05
1.675723611900603e-05
2.044452769721090e-05
2.493750062029296e-05
3.041240891890843e-05
3.707798878783455e-05
4.519374959291703e-05
5.507419343352520e-05
6.709604927567781e-05
8.172164363774515e-05
9.950647362995826e-05
1.211248592100532e-04
1.474071624576805e-04
1.793366083414369e-04
2.181116966207207e-04
2.652026286514297e-04
3.223589830390210e-04
3.916736996367201e-04
4.757487184815179e-04
5.777087855475163e-04
7.012817708732800e-04
8.508428892547693e-04
1.032006337328202e-03
1.251135764977648e-03
1.516218177656161e-03
1.836525794371955e-03
2.223691389075849e-03
2.691097839774305e-03
3.254757932340313e-03
3.934138168966609e-03
4.753144469348618e-03
5.737969492822268e-03
6.922215878123933e-03
8.345233680206610e-03
1.005262505235959e-02
1.209888641904642e-02
1.454791197051471e-02
1.747583304755013e-02
2.097010435790327e-02
2.513410566697945e-02
3.008540016628176e-02
3.596336517944412e-02
4.292582013784731e-02
5.114992374077044e-02
6.084231252220603e-02
7.222972785496766e-02
8.556489332170637e-02
1.011231113723844e-01
1.191960460387191e-01
1.401026907428153e-01
1.641502960147566e-01
1.916480369039854e-01
2.228860598209949e-01
2.580977343752590e-01
2.974267238273960e-01
3.409535592765294e-01
3.885140249852319e-01
4.398498065954205e-01
4.944060645251928e-01
5.513665540594358e-01
6.096425965404404e-01
6.679005785722774e-01
7.246152922855349e-01
7.781853463047176e-01
8.270859586970087e-01
8.700551866080417e-01
9.062534872226803e-01
9.353670400460700e-01
9.576312384692980e-01
9.737473668463964e-01
9.847318345098924e-01
9.917371162955907e-01
9.958840928901812e-01
9.981386725210535e-01
9.992407365834304e-01
9.997231601157465e-01
9.999109351381823e-01
9.999750828026031e-01
9.999940342044494e-01
9.999987985263373e-01
9.999998003691799e-01
9.999999732346099e-01
9.999999971761699e-01
9.999999997715859e-01
9.999999999863114e-01
9.999999999993953e-01
9.999999999999849e-01
9.999999999999988e-01
1.000000000000000e+00
9.999999999999999e-01
1.000000000000000e+00
1.000000000000000e+00
1.000000000000000e+00
1.000000000000000e+00
1.000000000000000e+00
1.000000000000000e+00
1.000000000000000e+00
1.000000000000000e+00
###3.400000000000001e+00
3.056586694209962e-10
4.363792401678500e-10
5.472735720276566e-10
6.809826869476305e-10
8.454901740577640e-10
1.048282957722737e-09
1.296389970116676e-09
1.600522592609334e-09
1.973583126147533e-09
2.431359694319324e-09
2.992946759312095e-09
3.682212442206859e-09
4.527958101394534e-09
5.565653046459583e-09
6.839170470828596e-09
8.401030816938816e-09
1.031681922306518e-08
1.266676592825960e-08
1.554887517014259e-08
1.908188623034255e-08
2.342188022621880e-08
2.872525373139786e-08
3.523350087106015e-08
4.321201724264531e-08
5.298645630641424e-08
6.496228428120891e-08
7.963420067382565e-08
9.760396660046280e-08
1.196115409642378e-07
1.465574812144712e-07
1.795500813380381e-07
2.199358277002455e-07
2.693687956324085e-07
3.298476976248542e-07
4.038521955609356e-07
4.943767956793297e-07
6.051029250467794e-07
7.404831548651270e-07
9.060224789673129e-07
1.108358206866511e-06
1.355694901928973e-06
1.657877359576391e-06
2.027049599456475e-06
2.477994342304324e-06
3.028576651261547e-06
3.700939696291483e-06
4.521598366853442e-06
5.523171482076283e-06
6.745171732439108e-06
8.235678527887910e-06
1.005344173594203e-05
1.226962578399449e-05
1.497218972326645e-05
1.826436186709797e-05
2.227522090706154e-05
2.716015459167951e-05
3.311020653190386e-05
4.035103616298264e-05
4.916332089028572e-05
5.988684530936196e-05
7.292774212476411e-05
8.878421377212446e-05
1.080556191080684e-04
1.314700316161110e-04
1.599171724148439e-04
1.944572241484852e-04
2.363763441752748e-04
2.872535634744492e-04
3.489640704444927e-04
4.237486781632129e-04
5.143928827081412e-04
6.242354363972710e-04
7.572615533678621e-04
9.181274055895235e-04
1.112826073096168e-03
1.348090072756436e-03
1.632453758092808e-03
1.975713952158774e-03
2.390205442430507e-03
2.890070702538410e-03
3.492201846376904e-03
4.217104849904169e-03
5.089962444467960e-03
6.138196536417245e-03
7.397039921672155e-03
8.907621252433592e-03
1.071745337916950e-02
1.288329737382109e-02
1.547148123816798e-02
1.856052538429420e-02
2.224089868398415e-02
2.661914065755396e-02
3.181490281798709e-02
3.797142344838144e-02
4.524900483661557e-02
5.382697076777314e-02
6.391390998412584e-02
7.573725149840335e-02
8.954913994182474e-02
1.056223876574419e-01
1.242437037205024e-01
1.457246438784703e-01
1.703607484429672e-01
1.984457408760784e-01
2.302500297292483e-01
2.659828830940811e-01
3.057572682821729e-01
3.496236165843938e-01
3.973836365003738e-01
4.487494537360867e-01
5.031361524125270e-01
5.597157756208234e-01
6.173997294714461e-01
6.748745363946509e-01
7.306566450245027e-01
7.832060734125386e-01
8.310709436050626e-01
8.730639380323109e-01
9.084067983621660e-01
9.368238977307752e-01
9.585604922924944e-01
9.743051566353759e-01
9.850459579003434e-01
9.919024086733247e-01
9.959649896973738e-01
9.981728931276436e-01
9.992525301187781e-01
9.997264780073399e-01
9.999116224756084e-01
9.999751469101451e-01
9.999940131649271e-01
9.999987855772139e-01
9.999997965193185e-01
9.999999724489417e-01
9.999999970604442e-01
9.999999997590172e-01
9.999999999853598e-01
9.999999999993368e-01
9.999999999999845e-01
9.999999999999983e-01
1.000000000000000e+00
9.999999999999999e-01
1.000000000000000e+00
1.000000000000000e+00
1.000000000000000e+00
1.000000000000000e+00
1.000000000000000e+00
1.000000000000000e+00
1.000000000000000e+00
1.000000000000000e+00
###3.600000000000001e+00
3.411149663939952e-10
4.797778865947944e-10
6.018402234504646e-10
7.489631482005821e-10
9.299711660790147e-10
1.153068158883121e-09
1.425962014041483e-09
1.760421517514368e-09
2.170630234792334e-09
2.673906270853955e-09
3.291172873485121e-09
4.048651646032669e-09
4.977939652167270e-09
6.117933571900116e-09
7.516762093519300e-09
9.231963699234896e-09
1.133544040685773e-08
1.391510519874329e-08
1.707832276386084e-08
2.095520563903259e-08
2.571673820340979e-08
3.153381557504574e-08
3.867091221693736e-08
4.741883564480694e-08
5.813310703792713e-08
7.125756040924018e-08
8.733334974296162e-08
1.070180796841860e-07
1.311200894471706e-07
1.606236948252638e-07
1.967390894657753e-07
2.409361670977545e-07
2.950218298763718e-07
3.611750422294174e-07
4.421028663860776e-07
5.410690819625422e-07
6.620874613618062e-07
8.100137181419900e-07
9.908398074895423e-07
1.211799006028265e-06
1.481816884618217e-06
1.811616358538073e-06
2.214404495974181e-06
2.706252267867876e-06
3.306597214255189e-06
4.039478560937735e-06
4.933691737358529e-06
6.024677667499444e-06
7.355285146155981e-06
8.977697778250781e-06
1.095557330317839e-05
1.336603125032914e-05
1.630433642023035e-05
1.988230174066631e-05
2.423954969204940e-05
2.954400455177614e-05
3.600215755010792e-05
4.385776556652989e-05
5.341373792229515e-05
6.503716072450049e-05
7.916473014558178e-05
9.633323765274197e-05
1.171880870267515e-04
1.425140743820901e-04
1.732638215944702e-04
2.105799545051109e-04
2.558364872462872e-04
3.107313897897047e-04
3.772705156813942e-04
4.578497921659318e-04
5.554471724636588e-04
6.736258604177750e-04
8.166362774263375e-04
9.894375357147535e-04
1.198408390263384e-03
1.450670185094246e-03
1.755323358999593e-03
2.122711264034632e-03
2.565895674751107e-03
3.099804412864614e-03
3.742236909065436e-03
4.514770618101167e-03
5.443900199020022e-03
6.558307870708731e-03
7.894908185907818e-03
9.496604402065061e-03
1.141293431045862e-02
1.370281927553208e-02
1.643516138699523e-02
1.969086602637008e-02
2.356340413348675e-02
2.816244941163675e-02
3.360976632475730e-02
4.005233834875949e-02
4.765289087918569e-02
5.659279048042404e-02
6.708241833553978e-02
7.934969382647551e-02
9.364594600503541e-02
1.102412342633626e-01
1.294170282590088e-01
1.514771643589702e-01
1.767052381071345e-01
2.053793641034429e-01
2.377501812734145e-01
2.740029308964717e-01
3.142206336659653e-01
3.584248503683611e-01
4.063816468246813e-01
4.577771163629763e-01
5.119973531767549e-01
5.682029698646717e-01
6.253059429472820e-01
6.820122327300424e-01
7.368780132646721e-01
7.884214197587502e-01
8.352596386613237e-01
8.762761508506582e-01
9.107520924177176e-01
9.384498927430153e-01
9.596284104554659e-01
9.749680393188722e-01
9.854334431976313e-01
9.921145711430835e-01
9.960731088560444e-01
9.982215539309072e-01
9.992712830767057e-01
9.997327713556042e-01
9.999134244569571e-01
9.999755719482819e-01
9.999940915309870e-01
9.999987955306809e-01
9.999997969976376e-01
9.999999723193884e-01
9.999999970224240e-01
9.999999997534583e-01
9.999999999848707e-01
9.999999999993011e-01
9.999999999999845e-01
9.999999999999980e-01
1.000000000000000e+00
9.999999999999999e-01
1.000000000000000e+00
1.000000000000000e+00
1.000000000000000e+00
1.000000000000000e+00
1.000000000000000e+00
1.000000000000000e+00
1.000000000000000e+00
1.000000000000000e+00
###3.800000000000001e+00
3.796072286621078e-10
5.270335591506202e-10
6.612511474225798e-10
8.229707380340702e-10
1.021932869345097e-09
1.267117951653778e-09
1.566970634866541e-09
1.934407526352671e-09
2.385002213400300e-09
2.937733713868485e-09
3.615506518627339e-09
4.447091393835139e-09
5.467119912088021e-09
6.718200125204936e-09
8.253071821443864e-09
1.013470381881723e-08
1.244183779206619e-08
1.527070122314191e-08
1.873878572515850e-08
2.298850048186821e-08
2.820695981540929e-08
3.458068446561022e-08
4.239902577151050e-08
5.198020844772351e-08
6.371202373994433e-08
7.807970389008670e-08
9.567451820875598e-08
1.172143039390615e-07
1.435811325910243e-07
1.758495681999735e-07
2.153395954135506e-07
2.636540143065203e-07
3.227641840449192e-07
3.950430490099830e-07
4.834428488262015e-07
5.915149936575499e-07
7.236322973824382e-07
8.850828541284103e-07
1.082385731742058e-06
1.323400073520133e-06
1.617838940222769e-06
1.977361406323168e-06
2.416313789748104e-06
2.952146943297400e-06
3.605990123137457e-06
4.403882660984830e-06
5.377087368414844e-06
6.564049608322354e-06
8.011182014307884e-06
9.775046111305746e-06
1.192456512595771e-05
1.454312723346876e-05
1.773383841863809e-05
2.161764273387981e-05
2.634536999515494e-05
3.209828071811791e-05
3.909925944905484e-05
4.761126613747743e-05
5.796111728400227e-05
7.054384269162605e-05
8.582970530293149e-05
1.043954450130134e-04
1.269353978751131e-04
1.542942983449355e-04
1.874912138545584e-04
2.277555075692471e-04
2.765554094902500e-04
3.357081031528937e-04
4.073631670338029e-04
4.940765677720372e-04
5.990281387998579e-04
7.260162756807896e-04
8.795675152298260e-04
1.064958337414189e-03
1.288968382473708e-03
1.559125320816616e-03
1.885115244137543e-03
2.277850176240805e-03
2.751144501019184e-03
3.320737570808584e-03
4.005364546435077e-03
4.827706740900684e-03
5.815606477550236e-03
6.999037195957398e-03
8.416631509142887e-03
1.011310995655138e-02
1.214005946174389e-02
1.455860029790629e-02
1.744022063662819e-02
2.086824572110026e-02
2.493913648646107e-02
2.976567514763397e-02
3.547175211868316e-02
4.220798591242913e-02
5.013945673128017e-02
5.944944670409607e-02
7.034996502041815e-02
8.306921786956062e-02
9.785747584470099e-02
1.149817748754691e-01
1.347180525513658e-01
1.573621352723183e-01
1.831854254138802e-01
2.124502539808049e-01
2.453874343796532e-01
2.821582379089175e-01
3.228163874931620e-01
3.673546947393210e-01
4.155052040089125e-01
4.669281720775392e-01
5.209826783649194e-01
5.768182355240011e-01
6.333478781000681e-01
6.892964460210061e-01
7.432582050832249e-01
7.938066110061448e-01
8.396246453552967e-01
8.796633748608789e-01
9.132615836492072e-01
9.402201842575147e-01
9.608143720442778e-01
9.757202391868743e-01
9.858831565312217e-01
9.923664717052633e-01
9.962042320560425e-01
9.982824254860062e-01
9.992959561784454e-01
9.997416148892980e-01
9.999161902006996e-01
9.999763124917901e-01
9.999942578865257e-01
9.999988260608946e-01
9.999998014321044e-01
9.999999728019205e-01
9.999999970586515e-01
9.999999997547880e-01
9.999999999848518e-01
9.999999999992895e-01
9.999999999999850e-01
9.999999999999977e-01
1.000000000000000e+00
9.999999999999999e-01
1.000000000000000e+00
1.000000000000000e+00
1.000000000000000e+00
1.000000000000000e+00
1.000000000000000e+00
1.000000000000000e+00
1.000000000000000e+00
1.000000000000000e+00
###4.000000000000001e+00
4.213693147988153e-10
5.784404103444750e-10
7.258761624963230e-10
9.034652564816954e-10
1.121945428738659e-09
1.391137516313730e-09
1.720284651692340e-09
2.123548416965868e-09
2.618009015157760e-09
3.224446655241670e-09
3.967910445982685e-09
4.879930644112865e-09
5.998427163331713e-09
7.370025302698090e-09
9.052455739304392e-09
1.111455889305598e-08
1.364247500951556e-08
1.674142147392440e-08
2.053983597142153e-08
2.519341082206235e-08
3.090670005883490e-08
3.788305351271721e-08
4.643872381001133e-08
5.692148912466617e-08
6.975397443598904e-08
8.546604011375701e-08
1.047029716505656e-07
1.282475128339457e-07
1.570611640641363e-07
1.923156430602883e-07
2.354491205959420e-07
2.882073986040307e-07
3.527386534443453e-07
4.316244173238331e-07
5.280834403888588e-07
6.459667509818585e-07
7.900419983602873e-07
9.660580133714203e-07
1.181100223365018e-06
1.443696298993526e-06
1.764405729835111e-06
2.155889073298287e-06
2.633712450749834e-06
3.216803438483586e-06
3.928100690196044e-06
4.795778121000635e-06
5.853738236893244e-06
7.143631584189628e-06
8.715674303489404e-06
1.063109434690721e-05
1.296443161450823e-05
1.580577189927139e-05
1.926647544516816e-05
2.347729130454471e-05
2.860092820490913e-05
3.483283747621141e-05
4.241325884465387e-05
5.162552680756528e-05
6.282174328970526e-05
7.642658829387904e-05
9.294586857308664e-05
1.129990801903812e-04
1.373304493568244e-04
1.668496140185322e-04
2.026455560343732e-04
2.460379733787149e-04
2.985952587724198e-04
3.622583188561579e-04
4.393302265775805e-04
5.325324137822702e-04
6.452568030306701e-04
7.815480542975910e-04
9.462207028500461e-04
1.144881599270826e-03
1.384728756614844e-03
1.673713324813807e-03
2.022127401248464e-03
2.441474064240642e-03
2.946346565324092e-03
3.553322394548353e-03
4.282101267422859e-03
5.156501092326525e-03
6.205748174463822e-03
7.461137843090070e-03
8.963057564131531e-03
1.075808700603582e-02
1.289988680330729e-02
1.545181259271528e-02
1.848786277868909e-02
2.209407982429178e-02
2.636963614144556e-02
3.143048387237760e-02
3.740264206298259e-02
4.444025814525086e-02
5.271069053426246e-02
6.239900428933861e-02
7.371866689321704e-02
8.689796094035779e-02
1.021858487167321e-01
1.198460639098747e-01
1.401487104239125e-01
1.633813046636851e-01
1.898027932118573e-01
2.196595317912211e-01
2.531624292284247e-01
2.904488255828153e-01
3.315437036089459e-01
3.764112782615999e-01
4.247509958323329e-01
4.761975565979213e-01
5.300847662744835e-01
5.855514587717835e-01
6.415122205225325e-01
6.967102973188208e-01
7.497767643396256e-01
7.993383562131425e-01
8.441400848896864e-01
8.831989115351542e-01
9.159094607072239e-01
9.421116108703746e-01
9.620990858247742e-01
9.765469092916982e-01
9.863845690754932e-01
9.926512159359353e-01
9.963542741537824e-01
9.983533149212077e-01
9.993255034520507e-01
9.997525681604590e-01
9.999197587062673e-01
9.999773174713787e-01
9.999944986315585e-01
9.999988741707555e-01
9.999998092869338e-01
9.999999738212046e-01
9.999999971610735e-01
9.999999997623851e-01
9.999999999852696e-01
9.999999999993009e-01
9.999999999999861e-01
9.999999999999974e-01
1.000000000000000e+00
9.999999999999999e-01
1.000000000000000e+00
1.000000000000000e+00
1.000000000000000e+00
1.000000000000000e+00
1.000000000000000e+00
1.000000000000000e+00
1.000000000000000e+00
1.000000000000000e+00
###4.200000000000001e+00
4.666502219500404e-10
6.343118327733783e-10
7.961092863223170e-10
9.909362771320230e-10
1.230616204232442e-09
1.525877930239557e-09
1.886829387387905e-09
2.328981233074944e-09
2.871045281170747e-09
3.535753140023132e-09
4.350473465273018e-09
5.349720836101650e-09
6.574976340197007e-09
8.077208446310754e-09
9.919545340186154e-09
1.217717082461869e-08
1.494422070431255e-08
1.833562422909411e-08
2.249163975085597e-08
2.758229596586938e-08
3.383098494778911e-08
4.145916758965997e-08
5.081216475134838e-08
6.226956583964048e-08
7.629157949169711e-08
9.345613116794994e-08
1.144666700269923e-07
1.401758271160046e-07
1.716305874693068e-07
2.101071698206486e-07
2.571708523504095e-07
3.147211640863364e-07
3.850962264367521e-07
4.711016763808429e-07
5.762421476810373e-07
7.046907335523870e-07
8.616381484655447e-07
1.053327199418999e-06
1.287450345503542e-06
1.573251756682720e-06
1.922196842843739e-06
2.348017690582224e-06
2.867585321367696e-06
3.501406298849066e-06
4.274350958168044e-06
5.216875595357603e-06
6.365698078021959e-06
7.765887700129273e-06
9.471716412774139e-06
1.154938228700867e-05
1.407940554059383e-05
1.715900017015396e-05
2.090830874426250e-05
2.546848719614782e-05
3.101486508287963e-05
3.775804158905167e-05
4.595651045341431e-05
5.591525533193803e-05
6.801314802242114e-05
8.270602285065814e-05
1.005376364314431e-04
1.221725626021503e-04
1.484075587135212e-04
1.802205996138603e-04
2.187756694431356e-04
2.654843083770416e-04
3.220223429715513e-04
3.904626247338145e-04
4.732622436473138e-04
5.733247313478051e-04
6.942569565335833e-04
8.403678286338682e-04
1.016766694554524e-03
1.229405971506314e-03
1.485916576987562e-03
1.794705016716310e-03
2.166667760648046e-03
2.613937469257330e-03
3.151908993821098e-03
3.798024987776343e-03
4.572978941774553e-03
5.501758442713922e-03
6.615010631640133e-03
7.945383142273001e-03
9.535055478955463e-03
1.143250746418020e-02
1.369349820926238e-02
1.638365289363480e-02
1.957948303185183e-02
2.336980833819386e-02
2.785646749291040e-02
3.315856340947836e-02
3.940423694536070e-02
4.675106100772099e-02
5.536858747732994e-02
6.544352579405567e-02
7.719062616435873e-02
9.083802979716722e-02
1.066331332091406e-01
1.248360801890494e-01
1.457108298867738e-01
1.695362785543085e-01
1.965586403621241e-01
2.270080874621743e-01
2.610755234891168e-01
2.988743783015010e-01
3.404013739652825e-01
3.855923047702527e-01
4.341152784600942e-01
4.855797877740807e-01
5.392959235999429e-01
5.943923329609091e-01
6.497857375157289e-01
7.042372433396139e-01
7.564139341530473e-01
8.049937593404226e-01
8.487815037276941e-01
8.868577150284623e-01
9.186716636506567e-01
9.441025885396419e-01
9.634645191235328e-01
9.774341637847208e-01
9.869277914861146e-01
9.929623206810407e-01
9.965193471744818e-01
9.984321153794387e-01
9.993589043840154e-01
9.997651929478767e-01
9.999239647374577e-01
9.999785334567222e-01
9.999947990521558e-01
9.999989364570970e-01
9.999998199234200e-01
9.999999752811551e-01
9.999999973184269e-01
9.999999997752571e-01
9.999999999860593e-01
9.999999999993326e-01
9.999999999999877e-01
9.999999999999973e-01
1.000000000000000e+00
9.999999999999999e-01
1.000000000000000e+00
1.000000000000000e+00
1.000000000000000e+00
1.000000000000000e+00
1.000000000000000e+00
1.000000000000000e+00
1.000000000000000e+00
1.000000000000000e+00
###4.400000000000001e+00
5.157151212393495e-10
6.949815754586301e-10
8.723701025645097e-10
1.085906103944485e-09
1.348591859845202e-09
1.672138779711006e-09
2.067589793507181e-09
2.551916112068494e-09
3.145595039584698e-09
3.873470345886349e-09
4.765417388229457e-09
5.859175460511656e-09
7.200070348328630e-09
8.843788055986701e-09
1.085926243996895e-08
1.332853342355066e-08
1.635437034761194e-08
2.006218475998627e-08
2.460498918034249e-08
3.016827242375143e-08
3.699575605673327e-08
4.532837817274780e-08
5.554282860631297e-08
6.805294052045434e-08
8.335940651024501e-08
1.020918943177454e-07
1.250164042391038e-07
1.530607782778176e-07
1.873639138294490e-07
2.293143418553214e-07
2.806139242173632e-07
3.433273031377896e-07
4.199964827986320e-07
5.136676603346563e-07
6.281519420384637e-07
7.679681598834156e-07
9.387600907518056e-07
1.147299752471488e-06
1.401929609320106e-06
1.712661075289054e-06
2.091928403983568e-06
2.554609236949800e-06
3.118969358574928e-06
3.807202240185359e-06
4.646239033557650e-06
5.668973136540211e-06
6.915125644207065e-06
8.433406934763598e-06
1.028241105259841e-05
1.253362566319229e-05
1.527391283577289e-05
1.860812930171572e-05
2.266569178071753e-05
2.759881564551525e-05
3.359622888934551e-05
4.088458836246171e-05
4.974174330695653e-05
6.049558498221958e-05
7.355333352041706e-05
8.940369012397592e-05
1.086305549380650e-04
1.319463993190696e-04
1.602025099008043e-04
1.944495368861526e-04
2.359302884252238e-04
2.861527495415139e-04
3.469066058382797e-04
4.203976792223977e-04
5.092554797208804e-04
6.165635631943357e-04
7.461605455959980e-04
9.026288818314824e-04
1.091382505038687e-03
1.318737019660211e-03
1.592757253913658e-03
1.922391875715886e-03
2.319054650017193e-03
2.795606347838221e-03
3.368241272275056e-03
4.055325586619261e-03
4.878545129327790e-03
5.864100818295922e-03
7.044098090868689e-03
8.452580576459827e-03
1.013351640022999e-02
1.213736663221057e-02
1.452200014932729e-02
1.735534412925295e-02
2.071644303999983e-02
2.469689799577670e-02
2.940121941259123e-02
3.495162337828586e-02
4.147835573973541e-02
4.914231307740592e-02
5.811514775446080e-02
6.858506869287637e-02
8.076792679187354e-02
9.489149621219015e-02
1.112013419702036e-01
1.299537209319429e-01
1.514061265048761e-01
1.758285140402548e-01
2.034540749680973e-01
2.344965735496604e-01
2.691267878809098e-01
3.074342417701465e-01
3.493878098825743e-01
3.948950598999241e-01
4.435938860567431e-01
4.950689804209872e-01
5.486081364719927e-01
6.033303691418724e-01
6.581550354262889e-01
7.118611768521989e-01
7.631506195782491e-01
8.107512373951219e-01
8.535257837054947e-01
8.906162967990853e-01
9.215257509929891e-01
9.461730490783542e-01
9.648938854556094e-01
9.783690898412865e-01
9.875036058055354e-01
9.932937255499816e-01
9.966958083814397e-01
9.985168431037772e-01
9.993951868541930e-01
9.997790673206528e-01
9.999286471435263e-01
9.999799073264897e-01
9.999951441959998e-01
9.999990094058735e-01
9.999998326574213e-01
9.999999770750782e-01
9.999999975176705e-01
9.999999997921868e-01
9.999999999871375e-01
9.999999999993804e-01
9.999999999999896e-01
9.999999999999973e-01
1.000000000000000e+00
9.999999999999999e-01
1.000000000000000e+00
1.000000000000000e+00
1.000000000000000e+00
1.000000000000000e+00
1.000000000000000e+00
1.000000000000000e+00
1.000000000000000e+00
1.000000000000000e+00
###4.600000000000001e+00
5.688461450217396e-10
7.608048267401139e-10
9.551051872624386e-10
1.188929724243477e-09
1.476560547070781e-09
1.830770861815282e-09
2.263613754165054e-09
2.793640299905900e-09
3.443236588018511e-09
4.239530422285590e-09
5.215104171923716e-09
6.411178125667677e-09
7.877192036962342e-09
9.674054315820344e-09
1.187683455913966e-08
1.457501136979322e-08
1.788066879018773e-08
2.193052258268379e-08
2.689133508279341e-08
3.296525345275880e-08
4.041791850655222e-08
4.951120053815683e-08
6.065560861830600e-08
7.430181135398897e-08
9.099406923616313e-08
1.114176942598507e-07
1.364059381868557e-07
1.669674787756359e-07
2.043399651946120e-07
2.500325390358477e-07
3.058937011671339e-07
3.741653030648031e-07
4.576080093411932e-07
5.595260158844038e-07
6.840587116612980e-07
8.360958014891461e-07
1.021765826371519e-06
1.248407330493680e-06
1.525058242615500e-06
1.862550827592485e-06
2.274354714269494e-06
2.776571287695397e-06
3.388955930811665e-06
4.135502860200313e-06
5.045340289862365e-06
6.153958274351625e-06
7.504289127089513e-06
9.148908368840400e-06
1.115101541041351e-05
1.358772341007952e-05
1.655263380016539e-05
2.015873353826308e-05
2.454528198479870e-05
2.987622089461142e-05
3.635449110134859e-05
4.422375999882720e-05
5.378238391194895e-05
6.538247758438158e-05
7.946122387670947e-05
9.654208252729995e-05
1.172512814330539e-04
1.423517982715408e-04
1.727533687353641e-04
2.095806771077872e-04
2.541618549693349e-04
3.081042933023230e-04
3.733188285646466e-04
4.521502320074578e-04
5.474090725902593e-04
6.623659659654354e-04
8.011031785427146e-04
9.684934956628049e-04
1.170251595411641e-03
1.413087626729146e-03
1.705514458856562e-03
2.057038239579682e-03
2.479616597234566e-03
2.986858173564914e-03
3.595785520118550e-03
4.325718573884869e-03
5.199362943476734e-03
6.244166788931332e-03
7.493616644210976e-03
8.983530635097166e-03
1.075935281091543e-02
1.287369735172384e-02
1.538652279195918e-02
1.836813347589749e-02
2.190011050281404e-02
2.607683920066911e-02
3.100550292650085e-02
3.681139262524887e-02
4.362683272880911e-02
5.161594220903992e-02
6.095237267551891e-02
7.182568083796179e-02
8.445262921619306e-02
9.906039091970771e-02
1.158924249324171e-01
1.352007943546419e-01
1.572361954866658e-01
1.822593112638759e-01
2.104900066126724e-01
2.421253984535582e-01
2.773160010684099e-01
3.161274209445544e-01
3.585010430944097e-01
4.043164174721356e-01
4.531822408151243e-01
5.046588618330622e-01
5.580130859113680e-01
6.123549123917348e-01
6.666068885146299e-01
7.195660712312349e-01
7.699683688165005e-01
8.165902615299376e-01
8.583510882292372e-01
8.944526543098007e-01
9.244508313931408e-01
9.483043920056660e-01
9.663718594907657e-01
9.793397619438200e-01
9.881034971856753e-01
9.936398319785326e-01
9.968802950380595e-01
9.986056634171280e-01
9.994334490355768e-01
9.997937964660956e-01
9.999336541700584e-01
9.999813884533780e-01
9.999955196482083e-01
9.999990895708517e-01
9.999998468100669e-01
9.999999790950357e-01
9.999999977452960e-01
9.999999998118773e-01
9.999999999884128e-01
9.999999999994393e-01
9.999999999999917e-01
9.999999999999973e-01
1.000000000000000e+00
9.999999999999999e-01
1.000000000000000e+00
1.000000000000000e+00
1.000000000000000e+00
1.000000000000000e+00
1.000000000000000e+00
1.000000000000000e+00
1.000000000000000e+00
1.000000000000000e+00
###4.800000000000002e+00
6.263433034612909e-10
8.321594512623932e-10
1.044791212417691e-09
1.300597477140141e-09
1.615254221054371e-09
2.002679036204975e-09
2.476015606713326e-09
3.055522440835245e-09
3.765647772533719e-09
4.635987144968959e-09
5.702043811770636e-09
7.008793883144281e-09
8.610121801855975e-09
1.057256332992558e-08
1.297781178235922e-08
1.592336020043699e-08
1.953133455833294e-08
2.395063065400440e-08
2.936282215553199e-08
3.598799135799967e-08
4.411539187810501e-08
5.402937489306456e-08
6.617687683531754e-08
8.104816087783084e-08
9.923433321573138e-08
1.214805000160805e-07
1.486921605402202e-07
1.819648038414538e-07
2.226420921812425e-07
2.723625883650320e-07
3.331321080613621e-07
4.073825215724355e-07
4.981088523394092e-07
6.088915728612970e-07
7.442219787738404e-07
9.093867368262531e-07
1.111032895514328e-06
1.357104981896090e-06
1.657384467232390e-06
2.023584322271983e-06
2.470270055613554e-06
3.014859153092332e-06
3.678693357587911e-06
4.487687673601887e-06
5.473320114848385e-06
6.673822400152078e-06
8.135571191442778e-06
9.915247066195550e-06
1.208094808951605e-05
1.471576598579763e-05
1.792046315257949e-05
2.181665563821724e-05
2.655405405237161e-05
3.230902185504934e-05
3.929956505578544e-05
4.778735925078803e-05
5.809247133580694e-05
7.059261482629283e-05
8.575662235410405e-05
1.041446828996298e-04
1.264276320051781e-04
1.534216770767696e-04
1.860987627926615e-04
2.256607602859055e-04
2.735237606525162e-04
3.314025854935625e-04
4.013338039298760e-04
4.858100482207526e-04
5.878257877712848e-04
7.108523872834480e-04
8.592251048074518e-04
1.038121878811350e-03
1.253563928336497e-03
1.512678130974711e-03
1.824443105455251e-03
2.198938617487868e-03
2.648692614162654e-03
3.188089653135337e-03
3.834989690982893e-03
4.609712948661002e-03
5.536011365659244e-03
6.642611935334561e-03
7.964405797741402e-03
9.539063137758940e-03
1.141349828916477e-02
1.364252627563943e-02
1.628821965470099e-02
1.942329188249681e-02
2.313187678196074e-02
2.751114506055887e-02
3.267094995507839e-02
3.873961759244235e-02
4.585151539897180e-02
5.417388286495355e-02
6.388226137549630e-02
7.516739645428019e-02
8.824676562033448e-02
1.033466981292889e-01
1.207082630543741e-01
1.405790127386458e-01
1.632025043131530e-01
1.888298059089579e-01
2.176671392064305e-01
2.498947202568777e-01
2.856426452620320e-01
3.249525786211265e-01
3.677387275294240e-01
4.138528464586191e-01
4.628753636934529e-01
5.143427877491673e-01
5.675021654119935e-01
6.214551590417623e-01
6.751281237051684e-01
7.273363153505755e-01
7.768493526365009e-01
8.224912415098484e-01
8.632368056152310e-01
8.983462028383712e-01
9.274274972252681e-01
9.504794315922462e-01
9.678842104260237e-01
9.803352362475627e-01
9.887196681518042e-01
9.939955258637064e-01
9.970697587469529e-01
9.986969104285552e-01
9.994728678792245e-01
9.998090204002440e-01
9.999388469835702e-01
9.999829303408480e-01
9.999959121021698e-01
9.999991737498081e-01
9.999998617454985e-01
9.999999812390934e-01
9.999999979884387e-01
9.999999998330770e-01
9.999999999897951e-01
9.999999999995045e-01
9.999999999999938e-01
9.999999999999974e-01
1.000000000000000e+00
9.999999999999999e-01
1.000000000000000e+00
1.000000000000000e+00
1.000000000000000e+00
1.000000000000000e+00
1.000000000000000e+00
1.000000000000000e+00
1.000000000000000e+00
1.000000000000000e+00
###5.000000000000002e+00
6.885256569071227e-10
9.094472786809739e-10
1.141932203174944e-09
1.421537566904468e-09
1.765451105688174e-09
2.188825383933512e-09
2.705979785655279e-09
3.339017072130838e-09
4.114611618857517e-09
5.065022350976344e-09
6.228902349566426e-09
7.655276931647621e-09
9.402828072152835e-09
1.154415129342528e-08
1.416808391165217e-08
1.738074759680120e-08
2.131508480014080e-08
2.613310546716802e-08
3.203232515834288e-08
3.925212099593584e-08
4.810716221111443e-08
5.890592921955746e-08
7.213455941141962e-08
8.832584646377051e-08
1.081212242895359e-07
1.323300042275368e-07
1.619352403603230e-07
1.981255776243209e-07
2.423583958471052e-07
2.964110298686203e-07
3.624579408895541e-07
4.431345619819968e-07
5.416869389576776e-07
6.619913151550871e-07
8.089155099160913e-07
9.881711138626684e-07
1.206959288204526e-06
1.473872222660138e-06
1.799485776601913e-06
2.196454036656476e-06
2.680510528080311e-06
3.270478001303439e-06
3.989389418543071e-06
4.865207069777476e-06
5.931912038730958e-06
7.230653125831243e-06
8.811473821547709e-06
1.073541975910702e-05
1.307579577129754e-05
1.592204307888367e-05
1.938252742782819e-05
2.358801742617240e-05
2.869931246314609e-05
3.490592655201255e-05
4.244182300508395e-05
5.158772925110016e-05
6.268668015109487e-05
7.614342471698241e-05
9.246020740899782e-05
1.122359987926693e-04
1.361886205433097e-04
1.651903473656848e-04
2.002786874731654e-04
2.427369520769204e-04
2.940723009280011e-04
3.561138253555130e-04
4.310292872459086e-04
5.214670614946960e-04
6.306123358702836e-04
7.621475004484240e-04
9.206717485560457e-04
1.111680416736997e-03
1.341516215412019e-03
1.617736572593655e-03
1.949806872880035e-03
2.348397438898640e-03
2.826633154957348e-03
3.399730711585730e-03
4.086313962240680e-03
4.907833298418407e-03
5.889086582034467e-03
7.060111475186237e-03
8.457249946089268e-03
1.012003395156254e-02
1.209690945970570e-02
1.444491477408546e-02
1.722826861174632e-02
2.052211503341041e-02
2.441315764894403e-02
2.900135201186371e-02
3.439921378866034e-02
4.073806367986315e-02
4.815450155797369e-02
5.681807746014495e-02
6.690680988885610e-02
7.861223431068574e-02
9.215233709099450e-02
1.077523517633877e-01
1.256506637732757e-01
1.460899871422311e-01
1.693063870131181e-01
1.955409633219864e-01
2.249859654965554e-01
2.578044422433277e-01
2.941059035574315e-01
3.339080357242337e-01
3.770981429743988e-01
4.235004196316394e-01
4.726678870866538e-01
5.241137601424807e-01
5.770665008713945e-01
6.306201764759196e-01
6.837056378649597e-01
7.351566460534646e-01
7.837763566024372e-01
8.284354980973460e-01
8.681635023877592e-01
9.022777174654972e-01
9.304377655438738e-01
9.526823467781008e-01
9.694179093229011e-01
9.813455474064086e-01
9.893450414420504e-01
9.943561921382398e-01
9.972614386434724e-01
9.987890972451062e-01
9.995127095625660e-01
9.998244188420353e-01
9.999441022527328e-01
9.999844916723789e-01
9.999963097546167e-01
9.999992591018263e-01
9.999998768997365e-01
9.999999834166025e-01
9.999999982356336e-01
9.999999998546655e-01
9.999999999912040e-01
9.999999999995713e-01
9.999999999999959e-01
9.999999999999976e-01
1.000000000000000e+00
9.999999999999999e-01
1.000000000000000e+00
1.000000000000000e+00
1.000000000000000e+00
1.000000000000000e+00
1.000000000000000e+00
1.000000000000000e+00
1.000000000000000e+00
1.000000000000000e+00
###5.200000000000002e+00
7.557321297270796e-10
9.930953300136372e-10
1.247064713114228e-09
1.552417310681126e-09
1.927978114773007e-09
2.390231879789047e-09
2.954764558312535e-09
3.645669157388740e-09
4.492006179266256e-09
5.528952662821062e-09
6.798510007489997e-09
8.354081170484417e-09
1.025952187575532e-08
1.259394889003753e-08
1.545389793274314e-08
1.895477381580416e-08
2.324116074107159e-08
2.848917768925909e-08
3.491348577603633e-08
4.277420410566457e-08
5.241333634937339e-08
6.416524303102132e-08
7.855821319006044e-08
9.617069207811448e-08
1.176981384213692e-07
1.440187545353663e-07
1.761987841525153e-07
2.155267607780510e-07
2.635819523905262e-07
3.222903834277963e-07
3.940071560966321e-07
4.815856538957032e-07
5.885405289351816e-07
7.190645509520358e-07
8.784279523349773e-07
1.072796902078018e-06
1.309964311492703e-06
1.599214084613675e-06
1.951970151826165e-06
2.381890799692371e-06
2.905955689442429e-06
3.544484887872396e-06
4.322313742438958e-06
5.269584994509122e-06
6.422942629977575e-06
7.826642300617254e-06
9.534622851973122e-06
1.161257022608151e-05
1.413931952789268e-05
1.721104434208725e-05
2.094419768314138e-05
2.547922978643956e-05
3.098870307109358e-05
3.767604573856904e-05
4.579211154469251e-05
5.563777128677379e-05
6.758034075126785e-05
8.205310474503001e-05
9.959355895705421e-05
1.208415921409484e-04
1.465644918041267e-04
1.776935527070920e-04
2.153352441038324e-04
2.608584268825178e-04
3.158660130420560e-04
3.823068164673452e-04
4.624860284910822e-04
5.592138950725286e-04
6.758793987649872e-04
8.163805616790145e-04
9.855937631040631e-04
1.189343813356888e-03
1.434320525093267e-03
1.728498005255347e-03
2.081879245391975e-03
2.505728921960845e-03
3.013799467325832e-03
3.622159056199251e-03
4.350231800536427e-03
5.220619136336809e-03
6.259201179868694e-03
7.497358525888544e-03
8.972929290824843e-03
1.072731961733910e-02
1.281056481037446e-02
1.528195015054139e-02
1.820787091155689e-02
2.166592208792324e-02
2.574539183380743e-02
3.054901805227204e-02
3.619196695378185e-02
4.280851205769445e-02
5.053745350675847e-02
5.955047164418108e-02
7.002800682262783e-02
8.216219276072821e-02
9.617130806255529e-02
1.122792292434355e-01
1.307213541265310e-01
1.517352200455724e-01
1.755490364614694e-01
2.023935709110090e-01
2.324467599928589e-01
2.658542070530319e-01
3.027046560945743e-01
3.429917705965375e-01
3.865761978880325e-01
4.332548214666219e-01
4.825540669831117e-01
5.339644444474783e-01
5.866969702247321e-01
6.398389226832401e-01
6.923264059392643e-01
7.430121279272590e-01
7.907327735631212e-01
8.344052389948460e-01
8.731128822150850e-01
9.062292808174081e-01
9.334649929357830e-01
9.548986334195138e-01
9.709611233640831e-01
9.823617018381653e-01
9.899732566142440e-01
9.947177064105558e-01
9.974529058885316e-01
9.988809203994014e-01
9.995523435410251e-01
9.998397143138836e-01
9.999493136715522e-01
9.999860371389641e-01
9.999967025456112e-01
9.999993432205073e-01
9.999998917973170e-01
9.999999855517090e-01
9.999999984773240e-01
9.999999998757184e-01
9.999999999925729e-01
9.999999999996364e-01
9.999999999999979e-01
9.999999999999976e-01
1.000000000000000e+00
9.999999999999999e-01
1.000000000000000e+00
1.000000000000000e+00
1.000000000000000e+00
1.000000000000000e+00
1.000000000000000e+00
1.000000000000000e+00
1.000000000000000e+00
1.000000000000000e+00
###5.400000000000002e+00
8.283130568533672e-10
1.083557204130339e-09
1.360759033143260e-09
1.693945510788403e-09
2.103713499230240e-09
2.607983914487790e-09
3.223705993556625e-09
3.977118901001376e-09
4.899852311714931e-09
6.030236706069410e-09
7.413869928293533e-09
9.108870773739478e-09
1.118466962398397e-08
1.372739677269199e-08
1.684187673416898e-08
2.065349445663611e-08
2.531935482591211e-08
3.103074482459558e-08
3.802075187609290e-08
4.657177641474775e-08
5.705519791998261e-08
6.983283854112833e-08
8.547910650685904e-08
1.046205862247844e-07
1.280109593132207e-07
1.566022946522315e-07
1.915500048129820e-07
2.342496526481240e-07
2.864110546138657e-07
3.501194376019234e-07
4.279232514904865e-07
5.229090642340870e-07
6.388787708817056e-07
7.803635565345286e-07
9.530635289439728e-07
1.163630721053514e-06
1.420489595901669e-06
1.733662288597374e-06
2.115477470498072e-06
2.580664168401578e-06
3.147530552124522e-06
3.837991071668760e-06
4.678800544814562e-06
5.702422407825513e-06
6.948331717961184e-06
8.464090401443769e-06
1.030777321913098e-05
1.254999538784958e-05
1.527546178701917e-05
1.858745476578311e-05
2.261109903860572e-05
2.749700416192995e-05
3.343022660517145e-05
4.062890867478634e-05
4.936177017815377e-05
5.995096625699370e-05
7.278946455708136e-05
8.834065126881630e-05
1.071791926611755e-04
1.299881194002212e-04
1.575867686091557e-04
1.909685265326125e-04
2.313123523822642e-04
2.800769301601939e-04
3.389657688338102e-04
4.100530681787411e-04
4.957879118982933e-04
5.991549887597443e-04
7.237418129703663e-04
8.736855741550244e-04
1.054147228059352e-03
1.271293675787874e-03
1.532183656165172e-03
1.845203437260785e-03
2.220940874521942e-03
2.671244149723397e-03
3.210563709959116e-03
3.855801374455922e-03
4.627230157828666e-03
5.548625031278009e-03
6.646984240464979e-03
7.955064112085217e-03
9.512243385020516e-03
1.136181715253135e-02
1.355546438684971e-02
1.615474198833260e-02
1.922825041054025e-02
2.285605454089819e-02
2.713003938701582e-02
3.215572034644086e-02
3.805089775546568e-02
4.495275279995517e-02
5.300219999192617e-02
6.237300371580206e-02
7.324782564991329e-02
8.581924183135932e-02
1.003055982873069e-01
1.169291430190832e-01
1.359219718696342e-01
1.575160961352695e-01
1.819314950819044e-01
2.093882290482015e-01
2.400495706087961e-01
2.740433897422815e-01
3.114374753091828e-01
3.522014175594576e-01
3.961694317006211e-01
4.431113556401707e-01
4.925277949410073e-01
5.438871867945509e-01
5.963842233249892e-01
6.491002665789850e-01
7.009775075353435e-01
7.506348567820209e-01
7.977025990263478e-01
8.403835391865679e-01
8.780677499502424e-01
9.101842342087006e-01
9.364937935363987e-01
9.571150541018009e-01
9.725032025223174e-01
9.833755382574597e-01
9.905986527774954e-01
9.950763847887755e-01
9.976420489881336e-01
9.989712592435386e-01
9.995912263569221e-01
9.998546728294143e-01
9.999543924722374e-01
9.999875375302196e-01
9.999970822592495e-01
9.999994241641609e-01
9.999999060591195e-01
9.999999875847877e-01
9.999999987060973e-01
9.999999998955306e-01
9.999999999938510e-01
9.999999999996974e-01
9.999999999999996e-01
9.999999999999977e-01
1.000000000000000e+00
9.999999999999999e-01
1.000000000000000e+00
1.000000000000000e+00
1.000000000000000e+00
1.000000000000000e+00
1.000000000000000e+00
1.000000000000000e+00
1.000000000000000e+00
1.000000000000000e+00
###5.600000000000002e+00
9.066576312060543e-10
1.181314554764285e-09
1.483620659147572e-09
1.846874711207729e-09
2.293589642447718e-09
2.843233624399130e-09
3.514222190914764e-09
4.335106992100309e-09
5.340285302234100e-09
6.571482792838943e-09
8.078167425177389e-09
9.923531347495656e-09
1.218300665868435e-08
1.495026182634797e-08
1.833903868634485e-08
2.248544418019247e-08
2.756003919227941e-08
3.377040548005048e-08
4.136941889106884e-08
5.066339716810837e-08
6.205526596062294e-08
7.593621591650571e-08
9.293030491243759e-08
1.137155845552817e-07
1.391081812950254e-07
1.701393114456961e-07
2.080598975961782e-07
2.543801016408148e-07
3.109494631666884e-07
3.800235496977973e-07
4.643576121149851e-07
5.672875239998675e-07
6.929221471274516e-07
8.461542119523682e-07
1.033142758221921e-06
1.261058695742014e-06
1.539000100499148e-06
1.877776453379968e-06
2.290680937017229e-06
2.793583483317041e-06
3.406207589523426e-06
4.152164386813762e-06
5.060251423649149e-06
6.165400436934398e-06
7.510094514958860e-06
9.145411263485283e-06
1.113381440498410e-05
1.355115170523489e-05
1.648835417094240e-05
2.005624172019318e-05
2.438912143178439e-05
2.964836459993875e-05
3.603225264361771e-05
4.377447924319341e-05
5.316265002756072e-05
6.454139658560132e-05
7.833076918341480e-05
9.502588862800573e-05
1.152405935882616e-04
1.397033704331669e-04
1.692882968489357e-04
2.050540442951539e-04
2.482557263651701e-04
3.004462918383373e-04
3.634348597009437e-04
4.394268929746343e-04
5.310220992743687e-04
6.413921468267110e-04
7.743189821100757e-04
9.342014202897309e-04
1.126493768544282e-03
1.357717810701317e-03
1.635317233218700e-03
1.968108464142717e-03
2.367281830607915e-03
2.845288602764908e-03
3.417302375131122e-03
4.101095102422612e-03
4.917809907430920e-03
5.892420826860899e-03
7.053081503225837e-03
8.433957247185583e-03
1.007602574815794e-02
1.202444392787970e-02
1.433262951357714e-02
1.706442169188606e-02
2.029065288075283e-02
2.409387526656972e-02
2.856858040315334e-02
3.382305368472165e-02
3.997770846265092e-02
4.717258454421719e-02
5.555061986989475e-02
6.528760380031876e-02
7.656821931776082e-02
8.958531544902763e-02
1.045570721516936e-01
1.217038267376262e-01
1.412540479093111e-01
1.634338602297437e-01
1.884546272024546e-01
2.165253164882331e-01
2.477941750856385e-01
2.823710419240193e-01
3.203025529593119e-01
3.615341689540914e-01
4.058738782085211e-01
4.530647476680176e-01
5.025822946311613e-01
5.538735349173232e-01
6.061177984244576e-01
6.583914680011146e-01
7.096413391927340e-01
7.585608052122199e-01
8.046610140141442e-01
8.463503133731587e-01
8.830089179546865e-01
9.141252193374106e-01
9.395089744361941e-01
9.593187438148096e-01
9.740338039619973e-01
9.843795312745014e-01
9.912160657158661e-01
9.954290422849924e-01
9.978270156424047e-01
9.990591509944301e-01
9.996288998748787e-01
9.998691005696965e-01
9.999592664692827e-01
9.999889695139581e-01
9.999974424760329e-01
9.999995004457277e-01
9.999999194031889e-01
9.999999894723217e-01
9.999999989166959e-01
9.999999999136131e-01
9.999999999950047e-01
9.999999999997522e-01
1.000000000000001e+00
9.999999999999978e-01
1.000000000000000e+00
9.999999999999999e-01
1.000000000000000e+00
1.000000000000000e+00
1.000000000000000e+00
1.000000000000000e+00
1.000000000000000e+00
1.000000000000000e+00
1.000000000000000e+00
1.000000000000000e+00
###5.800000000000002e+00
9.911731808026294e-10
1.286878476519888e-09
1.616292236868072e-09
2.012003581393605e-09
2.498595967271573e-09
3.097203473059246e-09
3.827817662363727e-09
4.721479868107279e-09
5.815566786039016e-09
7.155456846877867e-09
8.794779644332420e-09
1.080218166341877e-08
1.325955147746310e-08
1.626865433295265e-08
1.995281825102607e-08
2.445966194059233e-08
2.997419593705689e-08
3.672149588119501e-08
4.497567425704859e-08
5.506870238712620e-08
6.743736120774203e-08
8.250428521326553e-08
1.009467652964619e-07
1.234980198774443e-07
1.510410404341862e-07
1.846917912448447e-07
2.258034267633577e-07
2.760087280675697e-07
3.373066725967001e-07
4.121349631215485e-07
5.034698882138713e-07
6.149136790376030e-07
7.509030282276497e-07
9.167166405922207e-07
1.119003215763354e-06
1.365487361881906e-06
1.665985173479913e-06
2.032145384049515e-06
2.478288596657298e-06
3.021499665488088e-06
3.683008858923195e-06
4.488231761628975e-06
5.468138330020864e-06
6.660283921251253e-06
8.110345770037831e-06
9.873136971495622e-06
1.201577620813536e-05
1.461966212319538e-05
1.778232547072566e-05
2.162257334027424e-05
2.628443060369435e-05
3.194066062722862e-05
3.880353470129008e-05
4.712317363864646e-05
5.720713442568385e-05
6.942377014882353e-05
8.422170634698567e-05
1.021295015454252e-04
1.238022537438641e-04
1.500163118537478e-04
1.817032953319810e-04
2.199904804882639e-04
2.662129389756964e-04
3.220224985054178e-04
3.893390726428977e-04
4.705054859724635e-04
5.682790374106271e-04
6.860254126510693e-04
8.277388614956424e-04
9.980733047414442e-04
1.202808256119244e-03
1.448810646992175e-03
1.743946473708449e-03
2.097473192987411e-03
2.521202011079369e-03
3.028209794336591e-03
3.634417174736291e-03
4.358486247061584e-03
5.222486535794146e-03
6.252592548934411e-03
7.478156472383784e-03
8.934786761747228e-03
1.066517123112499e-02
1.271614022312637e-02
1.514310475361435e-02
1.801214456368021e-02
2.139634823133394e-02
2.538077102306584e-02
3.006251791716585e-02
3.555263393183236e-02
4.197411948557033e-02
4.946981974846073e-02
5.818459968387706e-02
6.829620229301885e-02
7.999113099746438e-02
9.346232554287937e-02
1.089275573025066e-01
1.266049600419858e-01
1.467190395723765e-01
1.694896621455137e-01
1.951191799515831e-01
2.238050734207343e-01
2.556801949576827e-01
2.908360495588895e-01
3.292979206232494e-01
3.709870874031875e-01
4.156855158359060e-01
4.631098085332107e-01
5.127111439600370e-01
5.639158433136019e-01
6.158890580365568e-01
6.677031750010239e-01
7.183116069900317e-01
7.664712653455764e-01
8.116057899428977e-01
8.522953344360829e-01
8.879251553440428e-01
9.180403178535091e-01
9.424993465295225e-01
9.614998904009285e-01
9.755449827822608e-01
9.853677157550558e-01
9.918213849607602e-01
9.957731057626712e-01
9.980063520954415e-01
9.991438474923440e-01
9.996650105342735e-01
9.998828504591289e-01
9.999638815271840e-01
9.999903159532908e-01
9.999977786122302e-01
9.999995710327727e-01
9.999999316392666e-01
9.999999911862618e-01
9.999999991058860e-01
9.999999999296820e-01
9.999999999960154e-01
9.999999999998003e-01
1.000000000000002e+00
9.999999999999979e-01
1.000000000000000e+00
9.999999999999999e-01
1.000000000000000e+00
1.000000000000000e+00
1.000000000000000e+00
1.000000000000000e+00
1.000000000000000e+00
1.000000000000000e+00
1.000000000000000e+00
1.000000000000000e+00
###6.000000000000003e+00
1.082289820304943e-09
1.400791160362365e-09
1.759455415779366e-09
2.190179282358993e-09
2.719781962848513e-09
3.371190182225327e-09
4.166087895731011e-09
5.138195398336520e-09
6.328098938936275e-09
7.785090550471106e-09
9.567285467094288e-09
1.174918561780283e-08
1.441961997415860e-08
1.768904544074324e-08
2.169108733145842e-08
2.658571542341382e-08
3.257344755870847e-08
3.989812645603587e-08
4.885663922234126e-08
5.980845735195851e-08
7.322666748578526e-08
8.956754598171581e-08
1.095654249772877e-07
1.340126107438859e-07
1.638636448713917e-07
2.003251760933859e-07
2.448597124592304e-07
2.992311474468123e-07
3.655981778798750e-07
4.465931259080466e-07
5.454283754438230e-07
6.659905400877383e-07
8.130662070262791e-07
9.923458465114113e-07
1.211000290574435e-06
1.477344563095620e-06
1.801959694245243e-06
2.197388284477304e-06
2.679044824821870e-06
3.265306972503870e-06
3.979008087304862e-06
4.847481660571162e-06
5.904006436333734e-06
7.188924804842907e-06
8.751303736577313e-06
1.064992249220721e-05
1.295683418089298e-05
1.575932226525581e-05
1.916190896882469e-05
2.329185961837168e-05
2.830347804829983e-05
3.438157910884286e-05
4.175322392578196e-05
5.068587637841202e-05
6.150815761659391e-05
7.461344348974705e-05
9.048102833824819e-05
1.096730657525754e-04
1.328897040673960e-04
1.609571228067411e-04
1.948673957071051e-04
2.358198533075351e-04
2.852334735715118e-04
3.448643803292276e-04
4.167467527285966e-04
5.033689882109270e-04
6.076525248334126e-04
7.331607081729645e-04
8.841250565662806e-04
1.065454881501994e-03
1.283257376705951e-03
1.544773304585402e-03
1.858304138370356e-03
2.233566260076742e-03
2.683010895636512e-03
3.220363329338361e-03
3.862316942564302e-03
4.628449603033144e-03
5.541790083695416e-03
6.629741975584836e-03
7.922889646266546e-03
9.458319310973233e-03
1.128046572789674e-02
1.343786592554910e-02
1.598795550726552e-02
1.899908705660545e-02
2.254662734543630e-02
2.671814859555675e-02
3.161337314135428e-02
3.734609208349599e-02
4.404186193005533e-02
5.184627533785215e-02
6.090602195019761e-02
7.140071509115017e-02
8.351847556161589e-02
9.745213875880517e-02
1.134188153220278e-01
1.316341316244140e-01
1.523182838277163e-01
1.756844966754620e-01
2.019257070955454e-01
2.312275030596700e-01
2.637069668020715e-01
2.994369618351730e-01
3.384212179265179e-01
3.805567846163052e-01
4.255998089940695e-01
4.732407602141043e-01
5.229072267685678e-01
5.740056104888771e-01
6.256880747634671e-01
6.770240787990922e-01
7.269754008664804e-01
7.743542162398731e-01
8.185219303705880e-01
8.582040472283472e-01
8.928022625727270e-01
9.219163651885688e-01
9.454532536193435e-01
9.636487779906194e-01
9.770291464222183e-01
9.863345704435545e-01
9.924109118307393e-01
9.961063156738215e-01
9.981788278867352e-01
9.992247375223975e-01
9.996992793393833e-01
9.998958089117189e-01
9.999681980197035e-01
9.999915648902707e-01
9.999980875674793e-01
9.999996352776107e-01
9.999999426568434e-01
9.999999927117079e-01
9.999999992721476e-01
9.999999999436218e-01
9.999999999968778e-01
9.999999999998412e-01
1.000000000000003e+00
9.999999999999981e-01
1.000000000000000e+00
9.999999999999999e-01
1.000000000000000e+00
1.000000000000000e+00
1.000000000000000e+00
1.000000000000000e+00
1.000000000000000e+00
1.000000000000000e+00
1.000000000000000e+00
1.000000000000000e+00
###6.200000000000003e+00
1.180463543916460e-09
1.523627569098852e-09
1.913832672578812e-09
2.382300159162270e-09
2.958260344925600e-09
3.666568355472451e-09
4.530724114105781e-09
5.587328658185053e-09
6.880441282817049e-09
8.463490091708118e-09
1.039947609763494e-08
1.276916492361900e-08
1.566886006943098e-08
1.921828563442983e-08
2.356217756642490e-08
2.887372889295938e-08
3.537008924629632e-08
4.331522061761087e-08
5.303041783173870e-08
6.490461254710284e-08
7.944979785364893e-08
9.715822149963832e-08
1.188252981390747e-07
1.453065769486937e-07
1.776331130004173e-07
2.171085289302910e-07
2.653122280995431e-07
3.241482061837690e-07
3.959457555885867e-07
4.835450272776247e-07
5.904104055448853e-07
7.207319629841910e-07
8.796694654592099e-07
1.073352386534818e-06
1.309507983380581e-06
1.597080398052604e-06
1.947465105188296e-06
2.374156132889752e-06
2.893731900574374e-06
3.525944864022875e-06
4.295332858809765e-06
5.231266679284386e-06
6.369477312154118e-06
7.753265736858728e-06
9.435294405859514e-06
1.147855064657016e-05
1.396031545827693e-05
1.697411007298879e-05
2.063185043449060e-05
2.506976174425329e-05
3.045301190912205e-05
3.697915680944452e-05
4.489088385164828e-05
5.447395740379443e-05
6.607922456774632e-05
8.012644426635860e-05
9.712729870563130e-05
1.176790778162751e-04
1.425295495888332e-04
1.725572355022776e-04
2.088176893004108e-04
2.525858804929995e-04
3.053695348762509e-04
3.690319080601402e-04
4.457288836620125e-04
5.381005791504120e-04
6.492398751718558e-04
7.829189417701278e-04
9.436094069788150e-04
1.136494103385927e-03
1.368018838343164e-03
1.645813536956044e-03
1.978630587260510e-03
2.376664872250829e-03
2.853025511919794e-03
3.422115602703852e-03
4.101421165252439e-03
4.911464211446939e-03
5.876286065707326e-03
7.024487006088726e-03
8.387970069962494e-03
1.000533973722501e-02
1.192278838655849e-02
1.419060091106562e-02
1.686826822790335e-02
2.002644695612690e-02
2.374280219912971e-02
2.810743486356726e-02
3.322268547475957e-02
3.920507423467122e-02
4.618267754064988e-02
5.430377267070334e-02
6.371676525226216e-02
7.460304387188998e-02
8.715214030924946e-02
1.015565778871501e-01
1.180325443251594e-01
1.367928435886867e-01
1.580530043045682e-01
1.820192136947300e-01
2.088745857478147e-01
2.387923966768114e-01
2.718735791809430e-01
3.081720451813967e-01
3.476697711981712e-01
3.902395361727379e-01
4.356118770281437e-01
4.834514880896175e-01
5.331634344302206e-01
5.841340991917061e-01
6.355047925418847e-01
6.863428848791154e-01
7.356201269664852e-01
7.821977448924425e-01
8.253952460281486e-01
8.640627383486016e-01
8.976272259173795e-01
9.257413084538603e-01
9.483601834881666e-01
9.657567725982201e-01
9.784796565166235e-01
9.872753540320215e-01
9.929815382689489e-01
9.964268234456145e-01
9.983434668476557e-01
9.993013568632332e-01
9.997315032379426e-01
9.999078975643955e-01
9.999721899573624e-01
9.999927090244767e-01
9.999983676641059e-01
9.999996928705877e-01
9.999999524135559e-01
9.999999940447776e-01
9.999999994153556e-01
9.999999999554519e-01
9.999999999975961e-01
9.999999999998751e-01
1.000000000000003e+00
9.999999999999982e-01
1.000000000000000e+00
9.999999999999999e-01
1.000000000000000e+00
1.000000000000000e+00
1.000000000000000e+00
1.000000000000000e+00
1.000000000000000e+00
1.000000000000000e+00
1.000000000000000e+00
1.000000000000000e+00
###6.400000000000003e+00
1.286177636786630e-09
1.655997173008229e-09
2.080188455420223e-09
2.589318318316082e-09
3.215210366287043e-09
3.984794650176642e-09
4.923518130930785e-09
6.071077993436098e-09
7.475263200646525e-09
9.193945183664407e-09
1.129536581458803e-08
1.386701277934959e-08
1.701330744222263e-08
2.086362473586596e-08
2.557490353331896e-08
3.133441107131754e-08
3.837712296471922e-08
4.698855570621551e-08
5.751614525775880e-08
7.038036256118182e-08
8.613486634139656e-08
1.053103435082743e-07
1.287675773354134e-07
1.574297610541395e-07
1.924097188532852e-07
2.351147074246814e-07
2.872490080725274e-07
3.508662295758385e-07
4.284777603903297e-07
5.231455425086644e-07
6.386027650110878e-07
7.793631513002900e-07
9.509841723695197e-07
1.160063078630262e-06
1.414919748670950e-06
1.725168220066824e-06
2.103070630163677e-06
2.563133075600295e-06
3.123171671500696e-06
3.804399966739094e-06
4.633166945236273e-06
5.641006294975163e-06
6.866252015393387e-06
8.355343898792282e-06
1.016475601888252e-05
1.236193742145912e-05
1.502970507910425e-05
1.826819851983279e-05
2.219711677281536e-05
2.696220206859940e-05
3.274008855270109e-05
3.974179382859768e-05
4.822650583674973e-05
5.849928961207449e-05
7.093443077629987e-05
8.597948987665351e-05
1.041802206384324e-04
1.261709799393805e-04
1.527495057946307e-04
1.848493788120365e-04
2.235927786263151e-04
2.703340391697125e-04
3.266740078574202e-04
3.945878084956864e-04
4.763591800603453e-04
5.747865978114580e-04
6.931420605950636e-04
8.354160549821749e-04
1.006329292708027e-03
1.211350729350919e-03
1.457278102550149e-03
1.752146194580075e-03
2.105174321839660e-03
2.527079850909415e-03
3.031602208960336e-03
3.633844651222373e-03
4.352161948985530e-03
5.208022973594638e-03
6.226515719523880e-03
7.437461678789251e-03
8.874080917790459e-03
1.057671235601888e-02
1.259303677243605e-02
1.497534589252157e-02
1.778515076319387e-02
2.109544349758713e-02
2.498620572569256e-02
2.955007639781957e-02
3.489201179312056e-02
4.113124050891393e-02
4.839831721725091e-02
5.684413558159383e-02
6.661870177403649e-02
7.790507302053724e-02
9.089398128547554e-02
1.057774175808167e-01
1.227703740719614e-01
1.420825060833303e-01
1.639243056268685e-01
1.884945188060719e-01
2.159660109841414e-01
2.464993290064885e-01
2.801788696405335e-01
3.170392828266843e-01
3.570405968191773e-01
4.000312908030124e-01
4.457165111079093e-01
4.937355800683156e-01
5.434730983203527e-01
5.942924044589908e-01
6.453290729683040e-01
6.956483572509494e-01
7.442334816920805e-01
7.899901322218567e-01
8.322123298724013e-01
8.698583808601849e-01
9.023883774192829e-01
9.295042023021817e-01
9.512107314825160e-01
9.678162837710425e-01
9.798907868105392e-01
9.881860675886449e-01
9.935307122199339e-01
9.967331634287330e-01
9.984995281223579e-01
9.993733747486990e-01
9.997615464789010e-01
9.999190686310045e-01
9.999758432878640e-01
9.999937451000144e-01
9.999986183849320e-01
9.999997437812839e-01
9.999999609209215e-01
9.999999951901770e-01
9.999999995364399e-01
9.999999999652897e-01
9.999999999981816e-01
9.999999999999026e-01
1.000000000000004e+00
9.999999999999984e-01
1.000000000000000e+00
9.999999999999999e-01
1.000000000000000e+00
1.000000000000000e+00
1.000000000000000e+00
1.000000000000000e+00
1.000000000000000e+00
1.000000000000000e+00
1.000000000000000e+00
1.000000000000000e+00
###6.600000000000003e+00
1.399944045882896e-09
1.798545672369807e-09
2.259336784122568e-09
2.812242403066242e-09
3.491881217624222e-09
4.327412064184545e-09
5.346367275381853e-09
6.591771207729037e-09
8.115414151705333e-09
9.979938209683293e-09
1.225920323077092e-08
1.504790674731251e-08
1.845917346631085e-08
2.263273069069472e-08
2.773858649016203e-08
3.397908390428568e-08
4.160829169828777e-08
5.093480424599407e-08
6.233403729925900e-08
7.626020602178708e-08
9.331156093277793e-08
1.140598379833648e-07
1.394357361912260e-07
1.704347512619144e-07
2.082570389522533e-07
2.544205393366873e-07
3.107628569765810e-07
3.794972712874478e-07
4.633294204994137e-07
5.655577957824736e-07
6.902021541978479e-07
8.421211516581730e-07
1.027295870646196e-06
1.252821708945953e-06
1.527649326374223e-06
1.862105620214437e-06
2.269374434431809e-06
2.765037793353342e-06
3.368227163054311e-06
4.101707963583320e-06
4.993752513302100e-06
6.078189418322830e-06
7.396114094162494e-06
8.997294011987860e-06
1.094208460821159e-05
1.330313607535785e-05
1.616865143141944e-05
1.964592970040740e-05
2.386290379708156e-05
2.897537346435199e-05
3.517208358866272e-05
4.267826656279156e-05
5.177052425146632e-05
6.277426676147454e-05
7.608848332972518e-05
9.219001482463595e-05
1.116604441449776e-04
1.351731959969682e-04
1.635784340687214e-04
1.978676168147155e-04
2.392328192478028e-04
2.891116054868007e-04
3.492023286595393e-04
4.215973458355649e-04
5.087141479275454e-04
6.135165987634013e-04
7.394637352020469e-04
8.907736845900226e-04
1.072426919479235e-03
1.290190047140102e-03
1.551226919333886e-03
1.863993257595839e-03
2.238191897356522e-03
2.685075573713419e-03
3.219053995309879e-03
3.855941886286740e-03
4.614983865748561e-03
5.518632386513605e-03
6.593049897397597e-03
7.869297721994741e-03
9.381999791551006e-03
1.117320719798512e-02
1.329212316706043e-02
1.579312229721882e-02
1.873973211463087e-02
2.220731696412154e-02
2.627819119779777e-02
3.104753858381758e-02
3.662292525124471e-02
4.312626349353749e-02
5.069053899826596e-02
5.946918786534182e-02
6.961369422139997e-02
8.130866588615786e-02
9.474581887297401e-02
1.101163792187758e-01
1.276338601485890e-01
1.475044307913177e-01
1.699331663653317e-01
1.951109579655639e-01
2.231999882836583e-01
2.543476509078806e-01
2.886214179512490e-01
3.260363689190474e-01
3.665303963763901e-01
4.099276653155484e-01
4.559081677876924e-01
5.040862931724353e-01
5.538266389897260e-01
6.044713939997294e-01
6.551506845003445e-01
7.049293147671608e-01
7.528034392172527e-01
7.977198951654875e-01
8.389605026521536e-01
8.755784045876829e-01
9.070736412371015e-01
9.331951163947932e-01
9.539965373611182e-01
9.698207004462033e-01
9.812576662118232e-01
9.890634039091240e-01
9.940563968209819e-01
9.970242211138207e-01
9.986465045889102e-01
9.994405802700996e-01
9.997893329780047e-01
9.999293006321537e-01
9.999791541093150e-01
9.999946732270223e-01
9.999988401532057e-01
9.999997881989364e-01
9.999999682327072e-01
9.999999961589203e-01
9.999999996370570e-01
9.999999999733187e-01
9.999999999986482e-01
9.999999999999246e-01
1.000000000000004e+00
9.999999999999986e-01
1.000000000000000e+00
9.999999999999999e-01
1.000000000000000e+00
1.000000000000000e+00
1.000000000000000e+00
1.000000000000000e+00
1.000000000000000e+00
1.000000000000000e+00
1.000000000000000e+00
1.000000000000000e+00
###6.800000000000003e+00
1.522304852929412e-09
1.951956789050172e-09
2.452136699738455e-09
3.052140504078688e-09
3.789595593151034e-09
4.696054035718228e-09
5.801280999269266e-09
7.151872191672539e-09
8.803909688248081e-09
1.082515359932638e-08
1.329548295460783e-08
1.631732297732880e-08
2.001312403722886e-08
2.453371032131793e-08
3.006307927517920e-08
3.681971224421291e-08
4.507811557280207e-08
5.517157738219862e-08
6.750544264120043e-08
8.257000774145506e-08
1.010112183553146e-07
1.234446147693701e-07
1.508756366036280e-07
1.843770095754641e-07
2.252421067025599e-07
2.751070052359002e-07
3.359515675563175e-07
4.101593730936731e-07
5.006431485572522e-07
6.109535250784952e-07
7.454155859344587e-07
9.092553663592751e-07
1.108904900510794e-06
1.351989750926085e-06
1.648131610038526e-06
2.008415453269618e-06
2.447004838603966e-06
2.980624953708679e-06
3.629804269350957e-06
4.418955587385099e-06
5.378392473634620e-06
6.544377159582999e-06
7.960932836001844e-06
9.681352251108356e-06
1.177008014635039e-05
1.430534250716802e-05
1.738097236266353e-05
2.111185989575205e-05
2.563464448105605e-05
3.111574890472604e-05
3.775670295337028e-05
4.579774054598307e-05
5.553383130058766e-05
6.731182054270548e-05
8.155672051722366e-05
9.877619325222046e-05
1.195894845851817e-04
1.447111608956041e-04
1.750463749771851e-04
2.116473867315015e-04
2.557795628442413e-04
3.089677073516661e-04
3.730122265933280e-04
4.501282613585295e-04
5.428731491212389e-04
6.543834204801268e-04
7.883133186875505e-04
9.491182404286132e-04
1.142049399628885e-03
1.373182916798259e-03
1.650063333180337e-03
1.981583781901265e-03
2.377947612885798e-03
2.850959692626454e-03
3.415730359519187e-03
4.088818496961244e-03
4.890343709063204e-03
5.843812184235282e-03
6.976477448762322e-03
8.320577774057229e-03
9.912474903994559e-03
1.179565254839687e-02
1.402099403434524e-02
1.664497085654358e-02
1.973316089886086e-02
2.336332714258616e-02
2.762013053825032e-02
3.260130373374578e-02
3.841701312789535e-02
4.519182574922564e-02
5.306110517307529e-02
6.218074991284553e-02
7.270359196758411e-02
8.481566030077081e-02
9.870943275207551e-02
1.145751252166690e-01
1.326244777371053e-01
1.530598242086203e-01
1.760804320396782e-01
2.018689134405549e-01
2.305763268367323e-01
2.623364835991028e-01
2.971995418608387e-01
3.351607066644792e-01
3.761355580398643e-01
4.199239505420911e-01
4.661809801813806e-01
5.144965762871642e-01
5.642158913288489e-01
6.146617478474541e-01
6.649593350399602e-01
7.141746645240302e-01
7.613182719499525e-01
8.053758508614468e-01
8.456278228610870e-01
8.812124813655925e-01
9.116728170580360e-01
9.368051345978591e-01
9.567102586591411e-01
9.717643531859591e-01
9.825762357607015e-01
9.899047181648442e-01
9.945570322367780e-01
9.972992031162308e-01
9.987840716994746e-01
9.995028676748098e-01
9.998148382374744e-01
9.999385943322325e-01
9.999821268939977e-01
9.999954962118671e-01
9.999990341211168e-01
9.999998264758543e-01
9.999999744322733e-01
9.999999969661794e-01
9.999999997193131e-01
9.999999999797565e-01
9.999999999990128e-01
9.999999999999418e-01
1.000000000000004e+00
9.999999999999987e-01
1.000000000000000e+00
9.999999999999999e-01
1.000000000000000e+00
1.000000000000000e+00
1.000000000000000e+00
1.000000000000000e+00
1.000000000000000e+00
1.000000000000000e+00
1.000000000000000e+00
1.000000000000000e+00
###7.000000000000004e+00
1.653833908539161e-09
2.116954344015754e-09
2.659498991197277e-09
3.310143322011047e-09
4.109753602602944e-09
5.092449510706443e-09
6.290385585818780e-09
7.753988046117034e-09
9.543940223443597e-09
1.173349017718186e-08
1.440895856351274e-08
1.768105202595296e-08
2.168220631441621e-08
2.657513235902848e-08
3.255879389220725e-08
3.986893707401291e-08
4.880192724339972e-08
5.971747286287583e-08
7.305290048020632e-08
8.933706824310474e-08
1.092669044774855e-07
1.335046674184384e-07
1.631356485200259e-07
1.993150154046048e-07
2.434355808040975e-07
2.972594445269701e-07
3.629181673125743e-07
4.429768599190986e-07
5.405688940071561e-07
6.595135037281132e-07
8.044608911688260e-07
9.810281360251859e-07
1.196127115481716e-06
1.457947233296840e-06
1.776823663518998e-06
2.164647059574586e-06
2.636621783228885e-06
3.210686946460270e-06
3.908853840956346e-06
4.757283123475182e-06
5.788453494377389e-06
7.041206514560855e-06
8.562667781846186e-06
1.040986275096441e-05
1.265157533736376e-05
1.537190429820223e-05
1.867066379852575e-05
2.267075568996803e-05
2.751801994351685e-05
3.339009403455250e-05
4.050199751771242e-05
4.910978724015453e-05
5.952779650001134e-05
7.212544319990977e-05
8.735513811480450e-05
1.057569694816508e-04
1.279897581885410e-04
1.548113618117074e-04
1.871845962148912e-04
2.262255545916224e-04
2.732764218815548e-04
3.299533996252000e-04
3.981636621612804e-04
4.802508750376349e-04
5.789185195558532e-04
6.974833235458754e-04
8.398031591649143e-04
1.010580630289107e-03
1.215348982487918e-03
1.460506047632965e-03
1.753992030938349e-03
2.105154345255460e-03
2.524714306699435e-03
3.025048059832943e-03
3.621991456177137e-03
4.332872153879422e-03
5.178711277793456e-03
6.184096484872488e-03
7.377403333362687e-03
8.792089856093780e-03
1.046627338521081e-02
1.244490848144011e-02
1.478060696722908e-02
1.753195294444846e-02
2.076660642403087e-02
2.456475405263073e-02
2.901341474361925e-02
3.421287117412642e-02
4.027587654067347e-02
4.732961910796561e-02
5.551178110670994e-02
6.498063702560215e-02
7.589022879034805e-02
8.842786572072414e-02
1.027865583803524e-01
1.191552549484009e-01
1.377436169442196e-01
1.587497825771430e-01
1.823668097738675e-01
2.087685985472130e-01
2.380946348069228e-01
2.704647149266943e-01
3.059112951750526e-01
3.444094090444883e-01
3.858521610301695e-01
4.300151210234329e-01
4.765287742734944e-01
5.249591020138883e-01
5.746324608071162e-01
6.248540113079428e-01
6.747447121295990e-01
7.233734402565065e-01
7.697665747170737e-01
8.129471706938570e-01
8.522030762395519e-01
8.867501845883224e-01
9.161766481997790e-01
9.403263372861962e-01
9.593455320969104e-01
9.736424692475049e-01
9.838432012093181e-01
9.907079927829936e-01
9.950314975272042e-01
9.975576051598505e-01
9.989120728199894e-01
9.995602222416108e-01
9.998380813565785e-01
9.999469688645235e-01
9.999847727825134e-01
9.999962189262921e-01
9.999992019681416e-01
9.999998590765291e-01
9.999999796215771e-01
9.999999976294107e-01
9.999999997855250e-01
9.999999999848334e-01
9.999999999992922e-01
9.999999999999550e-01
1.000000000000004e+00
9.999999999999988e-01
1.000000000000000e+00
9.999999999999999e-01
1.000000000000000e+00
1.000000000000000e+00
1.000000000000000e+00
1.000000000000000e+00
1.000000000000000e+00
1.000000000000000e+00
1.000000000000000e+00
1.000000000000000e+00
###7.200000000000004e+00
1.795138357015746e-09
2.294304311864927e-09
2.882386761263206e-09
3.587447298096506e-09
4.453836674955429e-09
5.518427680823928e-09
6.815930184366775e-09
8.400876061313637e-09
1.033887968634864e-08
1.270906813745636e-08
1.560465535297807e-08
1.914521435216301e-08
2.347386725605986e-08
2.876604987463192e-08
3.523672845823283e-08
4.314010801625652e-08
5.279592336764327e-08
6.459212179895376e-08
7.900019667065791e-08
9.659019127060793e-08
1.181134976757784e-07
1.442821695120390e-07
1.762667650368362e-07
2.153104030047211e-07
2.629119123201939e-07
3.209677509042963e-07
3.917711513250719e-07
4.780806169080409e-07
5.832644724386420e-07
7.114279316272238e-07
8.675671855757021e-07
1.057715335421045e-06
1.289294534051233e-06
1.571093508848086e-06
1.914205628270978e-06
2.331377337672660e-06
2.838918075245178e-06
3.456055277346837e-06
4.206373418279835e-06
5.117886433481190e-06
6.225368339578178e-06
7.570393040014760e-06
9.203371761807663e-06
1.118528039170808e-05
1.358950298300931e-05
1.650632444383183e-05
2.004190547704174e-05
2.432760092012546e-05
2.951896788008783e-05
3.580547709647370e-05
4.341637461378843e-05
5.262439762299635e-05
6.376428245551115e-05
7.722920576834179e-05
9.350041038577576e-05
1.131520820830788e-04
1.368846094973446e-04
1.655017278435947e-04
2.000256275015497e-04
2.416404540205659e-04
2.917685112705449e-04
3.521217082062814e-04
4.247188549606693e-04
5.120319567725825e-04
6.169355981580794e-04
7.429160561712509e-04
8.940496102170333e-04
1.075296349611894e-03
1.292483153037223e-03
1.552342103490250e-03
1.863224447343487e-03
2.234949144692950e-03
2.678773383990235e-03
3.207664081536681e-03
3.838197949265722e-03
4.588526001780592e-03
5.480569447632682e-03
6.540033925792755e-03
7.796448812009117e-03
9.284558103409911e-03
1.104420810271613e-02
1.312185462264361e-02
1.557193969220139e-02
1.845515032393463e-02
2.184125825351354e-02
2.581289701075505e-02
3.045939133043810e-02
3.588375555545560e-02
4.220112879834027e-02
4.954134267653570e-02
5.804433285321137e-02
6.787065654842835e-02
7.917541948733688e-02
9.214705923984885e-02
1.069788824195648e-01
1.238582995889709e-01
1.429925771200356e-01
1.645752858108519e-01
1.887928620254807e-01
2.158100514918861e-01
2.457543136260265e-01
2.787309947800716e-01
3.147544648688035e-01
3.537792984039205e-01
3.956759784833052e-01
4.401958419943170e-01
4.869450805790217e-01
5.354662832091682e-01
5.850677464635730e-01
6.350386203498016e-01
6.844965112682357e-01
7.325148307447485e-01
7.781372830186872e-01
8.204234210929763e-01
8.586757612228912e-01
8.921819161442877e-01
9.205767870642376e-01
9.437517623887516e-01
9.618969263730619e-01
9.754511208040567e-01
9.850559794512017e-01
9.914716534220178e-01
9.954790664682652e-01
9.977991794457917e-01
9.990305001878449e-01
9.996127059849718e-01
9.998591172127352e-01
9.999544579346111e-01
9.999871080016893e-01
9.999968477342164e-01
9.999993457276145e-01
9.999998865332971e-01
9.999999839120938e-01
9.999999981670247e-01
9.999999998380452e-01
9.999999999887728e-01
9.999999999995027e-01
9.999999999999651e-01
1.000000000000003e+00
9.999999999999989e-01
1.000000000000000e+00
9.999999999999999e-01
1.000000000000000e+00
1.000000000000000e+00
1.000000000000000e+00
1.000000000000000e+00
1.000000000000000e+00
1.000000000000000e+00
1.000000000000000e+00
1.000000000000000e+00
###7.400000000000004e+00
1.946860427134973e-09
2.484816726101161e-09
3.121818835262043e-09
3.885317976734684e-09
4.823411687366363e-09
5.975923074291238e-09
7.380293168056518e-09
9.095452221931809e-09
1.119229488415203e-08
1.375624317995311e-08
1.688788399531916e-08
2.071627659896115e-08
2.539597386099796e-08
3.111602436960025e-08
3.810849629772009e-08
4.664731830363964e-08
5.707719612839704e-08
6.981623928226915e-08
8.537242439137117e-08
1.043597550520350e-07
1.275877758817351e-07
1.558215791885877e-07
1.903227275144301e-07
2.324281111710477e-07
2.837495231103278e-07
3.463265861640237e-07
4.226247374740665e-07
5.156083939419358e-07
6.288959286532908e-07
7.668968678921676e-07
9.349754084209716e-07
1.139606965423158e-06
1.388756068366556e-06
1.691848119251711e-06
2.060781786061677e-06
2.509211963526918e-06
3.054620847159529e-06
3.717602400963334e-06
4.523409258189746e-06
5.502019351050052e-06
6.690638711283123e-06
8.133734195380634e-06
9.885194837320039e-06
1.201017527445291e-05
1.458697684912949e-05
1.771226768218471e-05
2.149906852615214e-05
2.608760553994079e-05
3.164369301723563e-05
3.836928125763930e-05
4.650861257324377e-05
5.635199924945075e-05
6.825566500944901e-05
8.263778193641406e-05
1.000099189024304e-04
1.209820987107577e-04
1.462983625330449e-04
1.768123617158028e-04
2.136033298382577e-04
2.579319476250812e-04
3.113027157645919e-04
3.755277034909367e-04
4.527423729701698e-04
5.455522086664677e-04
6.570128385169863e-04
7.907849677829405e-04
9.511731576034441e-04
1.143405621740137e-03
1.373614788184821e-03
1.648879876664184e-03
1.977978958203989e-03
2.371220213604368e-03
2.840415062430871e-03
3.399141014369423e-03
4.064740081881072e-03
4.856216032278222e-03
5.796414684206074e-03
6.912188148127735e-03
8.234252268181107e-03
9.798782457575836e-03
1.164706137947003e-02
1.382739053586586e-02
1.639599038419297e-02
1.941566528156740e-02
2.295832617346342e-02
2.710907451952134e-02
3.195954027526945e-02
3.761548628163133e-02
4.419439427148941e-02
5.182870129461727e-02
6.066052512034447e-02
7.085260531437672e-02
8.256095675088304e-02
9.597498186206513e-02
1.112880383911514e-01
1.286857172047750e-01
1.483725614348498e-01
1.705371917117791e-01
1.953590006518192e-01
2.229931296010414e-01
2.535545528801564e-01
2.871337310598457e-01
3.237265688710928e-01
3.632669067723880e-01
4.056024811158337e-01
4.504604771236024e-01
4.974231464511943e-01
5.460102897201742e-01
5.955129630593735e-01
6.452059221142218e-01
6.942038384387597e-01
7.415881975835625e-01
7.864196894392498e-01
8.277945980605516e-01
8.650360835049522e-01
8.974988968704456e-01
9.248657755411424e-01
9.470753709568345e-01
9.643598944856605e-01
9.771871747266520e-01
9.862126478642010e-01
9.921947123769342e-01
9.958993683021174e-01
9.980239042226433e-01
9.991394732579040e-01
9.996604446204588e-01
9.998780292834545e-01
9.999611060172342e-01
9.999891524278642e-01
9.999973899886420e-01
9.999994676801147e-01
9.999999094107462e-01
9.999999874176365e-01
9.999999985972367e-01
9.999999998791163e-01
9.999999999917841e-01
9.999999999996582e-01
9.999999999999728e-01
1.000000000000003e+00
9.999999999999990e-01
1.000000000000000e+00
9.999999999999999e-01
1.000000000000000e+00
1.000000000000000e+00
1.000000000000000e+00
1.000000000000000e+00
1.000000000000000e+00
1.000000000000000e+00
1.000000000000000e+00
1.000000000000000e+00
###7.600000000000004e+00
2.109679127357332e-09
2.689348684654965e-09
3.378872554333948e-09
4.205093596538534e-09
5.220135336045786e-09
6.466980922544081e-09
7.985988712145983e-09
9.840798227319970e-09
1.210795518137167e-08
1.487961789391109e-08
1.826425488315161e-08
2.240106913387929e-08
2.745683387585518e-08
3.363515102154587e-08
4.118635636744370e-08
5.040544143275380e-08
6.166377903522532e-08
7.541167727513444e-08
9.219604773246474e-08
1.126777905084945e-07
1.377285030084512e-07
1.681697487180078e-07
2.053601567892057e-07
2.507365402409102e-07
3.060309932859006e-07
3.734356044409137e-07
4.555991342668283e-07
5.557051251329527e-07
6.776379178467184e-07
8.261306851973380e-07
1.006938835085091e-06
1.227007797461517e-06
1.494878284495980e-06
1.820651706975517e-06
2.217081603064754e-06
2.698786679754348e-06
3.284493085986825e-06
3.996243502362174e-06
4.861058496246458e-06
5.910996271016630e-06
7.185838343364835e-06
8.733113108122302e-06
1.061038887577905e-05
1.288723940909131e-05
1.564733714943230e-05
1.899356958925354e-05
2.304672401312707e-05
2.795621547827057e-05
3.389867769022963e-05
4.108921662362481e-05
4.978787467179841e-05
6.030347173246299e-05
7.301485068291813e-05
8.836646753519101e-05
1.069017733697584e-04
1.292684381131228e-04
1.562563291695631e-04
1.887713606075081e-04
2.279529062843147e-04
2.751414703410624e-04
3.319277499499706e-04
4.002285819798635e-04
4.823012809558012e-04
5.808913452857731e-04
6.992420145725469e-04
8.411971524827814e-04
1.011298561800609e-03
1.215053536128762e-03
1.458912296180486e-03
1.750314428589098e-03
2.098481023495142e-03
2.514227566655219e-03
3.009938512097256e-03
3.599822169209814e-03
4.302012717142906e-03
5.136390555417036e-03
6.126760087222520e-03
7.301137226114652e-03
8.691467061924038e-03
1.033538771864220e-02
1.227565099010130e-02
1.456243387115499e-02
1.725380485126691e-02
2.041461967459791e-02
2.411903923411032e-02
2.845462394155558e-02
3.351531704414103e-02
3.940960735242104e-02
4.625730706051506e-02
5.419340371776168e-02
6.336211888525106e-02
7.392826669559245e-02
8.604860767044081e-02
9.991333435583066e-02
1.157156020005767e-01
1.336388874763947e-01
1.538846711853489e-01
1.766362299473914e-01
2.020654808676975e-01
2.303175035480254e-01
2.614943252632648e-01
2.956710859684324e-01
3.328248543529108e-01
3.728684769403827e-01
4.156268418727961e-01
4.608030975492214e-01
5.079559500591996e-01
5.565830676740007e-01
6.059591665884253e-01
6.553462069705112e-01
7.038571040297605e-01
7.505831135053550e-01
7.946034677979223e-01
8.350511628111887e-01
8.712749555507032e-01
9.026931586165021e-01
9.290370255010986e-01
9.502920127891659e-01
9.667307332859387e-01
9.788481390340649e-01
9.873118917999500e-01
9.928766400607862e-01
9.962923488299291e-01
9.982319534961498e-01
9.992392184100116e-01
9.997036151728959e-01
9.998949230390138e-01
9.999669658312412e-01
9.999909283448879e-01
9.999978536030847e-01
9.999995701586246e-01
9.999999282763268e-01
9.999999902499656e-01
9.999999989372677e-01
9.999999999107970e-01
9.999999999940539e-01
9.999999999997707e-01
9.999999999999786e-01
1.000000000000003e+00
9.999999999999991e-01
1.000000000000000e+00
9.999999999999999e-01
1.000000000000000e+00
1.000000000000000e+00
1.000000000000000e+00
1.000000000000000e+00
1.000000000000000e+00
1.000000000000000e+00
1.000000000000000e+00
1.000000000000000e+00
###7.800000000000004e+00
2.284312113710111e-09
2.908805812015340e-09
3.654686649450455e-09
4.548188492591987e-09
5.645757135872023e-09
6.993762465794182e-09
8.635673293517896e-09
1.064016975230455e-08
1.308984211998647e-08
1.608405316129091e-08
1.973969220295701e-08
2.420680297991205e-08
2.966521629652858e-08
3.633408332342698e-08
4.448324283510535e-08
5.443016662847086e-08
6.657469029837740e-08
8.140147558919960e-08
9.949896263993787e-08
1.215780532166868e-07
1.485765237791311e-07
1.813760281525191e-07
2.214386766479283e-07
2.703076990459488e-07
3.298432358900272e-07
4.023996596375353e-07
4.908207868359172e-07
5.985232206130134e-07
7.296740503368449e-07
8.893504769670318e-07
1.083723567219145e-06
1.320237938757529e-06
1.608046085138029e-06
1.957966797376289e-06
2.383660657428397e-06
2.900768328314887e-06
3.529334862751164e-06
4.292937910873341e-06
5.220470751195624e-06
6.346193970311783e-06
7.712615011280868e-06
9.370500609402885e-06
1.138130953933991e-05
1.381928587957375e-05
1.677353809972768e-05
2.035423532636104e-05
2.468964681415395e-05
2.993911775456697e-05
3.629068934191814e-05
4.397332944230046e-05
5.326371944880840e-05
6.449016001387199e-05
7.805529229108871e-05
9.443119860851199e-05
1.141948327559757e-04
1.380333943486008e-04
1.667848375866086e-04
2.014097838163365e-04
2.431109377236483e-04
2.933120670250766e-04
3.536941966416782e-04
4.262837041144161e-04
5.134651436908515e-04
6.181307315296780e-04
7.437182140090708e-04
8.942635046204310e-04
1.074554930258942e-03
1.290390140212550e-03
1.548549723690898e-03
1.856847211538308e-03
2.224963322478471e-03
2.664239344161946e-03
3.187652008342450e-03
3.810061016482615e-03
4.550419968711699e-03
5.429510438395358e-03
6.472141144202238e-03
7.707492255169437e-03
9.168762117778680e-03
1.089512545872084e-02
1.293081743489079e-02
1.532792079339702e-02
1.814639480920738e-02
2.145315458633816e-02
2.532464515649333e-02
2.985090010538615e-02
3.512817990694517e-02
4.126767493234586e-02
4.839150889002552e-02
5.663716017635861e-02
6.615086858961344e-02
7.709940733160893e-02
8.964010995368597e-02
1.039637729231682e-01
1.202630862591582e-01
1.387191063486314e-01
1.595299000593097e-01
1.828729961100677e-01
2.089123953334650e-01
2.377826518951634e-01
2.695723820143416e-01
3.043409729802062e-01
3.420462969099671e-01
3.825799646964933e-01
4.257439420841567e-01
4.712174927391089e-01
5.185362166932347e-01
5.671763618409773e-01
6.163972839710182e-01
6.654497487726451e-01
7.134463227249912e-01
7.594894127274164e-01
8.026787056628221e-01
8.421839152211584e-01
8.773840014304097e-01
9.077575351023375e-01
9.330848002715292e-01
9.533973929692582e-01
9.690065385509845e-01
9.804324347669314e-01
9.883529566796370e-01
9.935173058785770e-01
9.966582323002185e-01
9.984236685834399e-01
9.993300496395602e-01
9.997424344953864e-01
9.999099199809102e-01
9.999720954958063e-01
9.999924593756089e-01
9.999982466946110e-01
9.999996554871805e-01
9.999999436783942e-01
9.999999925132783e-01
9.999999992028253e-01
9.999999999349124e-01
9.999999999957416e-01
9.999999999998506e-01
9.999999999999830e-01
1.000000000000003e+00
9.999999999999992e-01
1.000000000000000e+00
9.999999999999999e-01
1.000000000000000e+00
1.000000000000000e+00
1.000000000000000e+00
1.000000000000000e+00
1.000000000000000e+00
1.000000000000000e+00
1.000000000000000e+00
1.000000000000000e+00
###8.000000000000004e+00
2.471517631767932e-09
3.144145006212673e-09
3.950464304639876e-09
4.916097007456024e-09
6.102121406587362e-09
7.558550798245324e-09
9.332152867990629e-09
1.149700520720632e-08
1.414216014575417e-08
1.737468111331780e-08
2.132044963554999e-08
2.614108880261862e-08
3.203037445646366e-08
3.922406072869038e-08
4.801279844242514e-08
5.873803904025215e-08
7.182998117631128e-08
8.780991995675095e-08
1.073105666628815e-07
1.310961072097213e-07
1.601744526281135e-07
1.954923856188289e-07
2.386210579188972e-07
2.912173772877611e-07
3.552777030533676e-07
4.333290518456901e-07
5.284226713494907e-07
6.442229177682125e-07
7.851973111633276e-07
9.567885578374903e-07
1.165609129795199e-06
1.419633543711573e-06
1.728663541623257e-06
2.104278817096142e-06
2.561101829426038e-06
3.115856227219283e-06
3.789985040593796e-06
4.608691138642814e-06
5.602850600038192e-06
6.809054532775567e-06
8.272694059403977e-06
1.004795959124959e-05
1.220042165086029e-05
1.480925720309796e-05
1.796937785449754e-05
2.179845120441828e-05
2.643282575359833e-05
3.204225145673447e-05
3.882679272664598e-05
4.703001603582640e-05
5.694611733725984e-05
6.892389264994439e-05
8.339101004103045e-05
1.008485763392887e-04
1.219087338169398e-04
1.473001701979674e-04
1.779112760330210e-04
2.147599251970982e-04
2.591154407977849e-04
3.124884488145572e-04
3.766545691148005e-04
4.537546625088905e-04
5.463061008405438e-04
6.573546986278324e-04
7.905399295943372e-04
9.500988207957478e-04
1.141075829234592e-03
1.369570561448658e-03
1.642706887538436e-03
1.968686208926672e-03
2.357665899633348e-03
2.821531961040776e-03
3.373873081185595e-03
4.030221319357528e-03
4.810377345842105e-03
5.736049007435848e-03
6.833078238519115e-03
8.131844736349774e-03
9.666822402787397e-03
1.147876425992957e-02
1.361341909572772e-02
1.612480572666978e-02
1.907480961801174e-02
2.253242942329740e-02
2.657640960258174e-02
3.129927436378391e-02
3.679960140091749e-02
4.319125588022162e-02
5.059864731723809e-02
5.916168016408037e-02
6.902851945776224e-02
8.036777394237302e-02
9.333716818595124e-02
1.081279049022470e-01
1.249319361020240e-01
1.439275807031972e-01
1.653091284132120e-01
1.892479458214811e-01
2.158996683488655e-01
2.453878557248740e-01
2.777872484814000e-01
3.131410539090497e-01
3.513875998257238e-01
3.923970409872734e-01
4.359483772032101e-01
4.816971804827219e-01
5.291564331179076e-01
5.777817338063092e-01
6.268181347930558e-01
6.755068210621770e-01
7.229614999942325e-01
7.682971960308729e-01
8.106359051843033e-01
8.491838141087368e-01
8.833555284188003e-01
9.126856351717010e-01
9.370041826253789e-01
9.563880301856519e-01
9.711851565250826e-01
9.819390258764501e-01
9.893355976662311e-01
9.941169234283571e-01
9.969974825190300e-01
9.985995301251590e-01
9.994123504322716e-01
9.997771491370020e-01
9.999231523333745e-01
9.999765559669884e-01
9.999937695919842e-01
9.999985773015889e-01
9.999997259058963e-01
9.999999561309213e-01
9.999999943026499e-01
9.999999994078332e-01
9.999999999530349e-01
9.999999999969805e-01
9.999999999999061e-01
9.999999999999865e-01
1.000000000000002e+00
9.999999999999993e-01
1.000000000000000e+00
9.999999999999999e-01
1.000000000000000e+00
1.000000000000000e+00
1.000000000000000e+00
1.000000000000000e+00
1.000000000000000e+00
1.000000000000000e+00
1.000000000000000e+00
1.000000000000000e+00
###8.200000000000003e+00
2.672104475900840e-09
3.396377005962882e-09
4.267476415772477e-09
5.310397487719047e-09
6.591188048321141e-09
8.163756992509241e-09
1.007839026931537e-08
1.241493474720798e-08
1.526934732562885e-08
1.875691837761957e-08
2.301312636864754e-08
2.821195630839227e-08
3.456206877814542e-08
4.231693666323081e-08
5.178940809942375e-08
6.334649994179353e-08
7.745078398437550e-08
9.466259887388547e-08
1.156618258279521e-07
1.412693973719993e-07
1.725659179415974e-07
2.105735123351010e-07
2.569733584642474e-07
3.135453167240374e-07
3.824305939519309e-07
4.663397778156303e-07
5.685445958889791e-07
6.929726418802003e-07
8.444104916136960e-07
1.028688979236747e-06
1.252889086817925e-06
1.525547548476648e-06
1.857154772164596e-06
2.260097113366531e-06
2.750016559283294e-06
3.344783983422583e-06
4.067323043863693e-06
4.944557007132160e-06
6.009460070737391e-06
7.301088343001786e-06
8.867882009309618e-06
1.076764950312327e-05
1.307030474039568e-05
1.586023382925401e-05
1.923874263804641e-05
2.333059636042368e-05
2.828147319339814e-05
3.427181928550399e-05
4.151436234504091e-05
5.026803683759264e-05
6.084546647171335e-05
7.361699996892069e-05
8.903661226154277e-05
1.076358901610418e-04
1.300639182048118e-04
1.570929080328326e-04
1.896641277360152e-04
2.288553530816695e-04
2.760059133744373e-04
3.327170445915868e-04
4.008633692679220e-04
4.827053473359364e-04
5.808989403975996e-04
6.986506258895242e-04
8.398091502109699e-04
1.008821900376669e-03
1.210999394032138e-03
1.452755127338525e-03
1.741569503997512e-03
2.086046073197219e-03
2.496836309868564e-03
2.986390256359521e-03
3.568928663206410e-03
4.260677275222078e-03
5.082311872522084e-03
6.056492154802140e-03
7.210122404164229e-03
8.574813611683475e-03
1.018634865502208e-02
1.208708967132312e-02
1.432433221291183e-02
1.695406155240499e-02
2.004012321005519e-02
2.365362215182860e-02
2.787561603654729e-02
3.280113435076308e-02
3.853106853154328e-02
4.518207970061595e-02
5.288037581752771e-02
6.176867114292477e-02
7.199680561732619e-02
8.373509076820565e-02
9.714145066803788e-02
1.124072849560440e-01
1.297235231951937e-01
1.492654234878502e-01
1.712231181030764e-01
1.957613894360917e-01
2.230270507290958e-01
2.531321940994078e-01
2.861372206625363e-01
3.220687371835541e-01
3.608451947820788e-01
4.023150958022287e-01
4.462344642165053e-01
4.922354192725221e-01
5.398088650217078e-01
5.883905844530836e-01
6.372124590561881e-01
6.855077275331015e-01
7.323928027600755e-01
7.769968643119866e-01
8.184660278463395e-01
8.560437555026333e-01
8.891825711577148e-01
9.174718834595976e-01
9.407910627443022e-01
9.592612255383338e-01
9.732651402005015e-01
9.833674466816384e-01
9.902600164812921e-01
9.946761401080207e-01
9.973107708528594e-01
9.987601331780734e-01
9.994865577291654e-01
9.998080260898878e-01
9.999347585246742e-01
9.999804093765526e-01
9.999948828006995e-01
9.999988531671300e-01
9.999997835177532e-01
9.999999661036313e-01
9.999999957026778e-01
9.999999995643217e-01
9.999999999664841e-01
9.999999999978785e-01
9.999999999999438e-01
9.999999999999891e-01
1.000000000000002e+00
9.999999999999994e-01
1.000000000000000e+00
9.999999999999999e-01
1.000000000000000e+00
1.000000000000000e+00
1.000000000000000e+00
1.000000000000000e+00
1.000000000000000e+00
1.000000000000000e+00
1.000000000000000e+00
1.000000000000000e+00
###8.400000000000002e+00
2.886912269279607e-09
3.666569021399739e-09
4.607064920877856e-09
5.732756425529840e-09
7.115019543757809e-09
8.811926326157993e-09
1.087751286240203e-08
1.339778966334423e-08
1.647608616087865e-08
2.023647994094839e-08
2.482468389183601e-08
3.042787447826046e-08
3.727059188669977e-08
4.562520818143785e-08
5.582823471180327e-08
6.827393007179563e-08
8.345936452345410e-08
1.019864676091577e-07
1.245853532819238e-07
1.521373552816459e-07
1.858005599262076e-07
2.266769721148077e-07
2.765650798835439e-07
3.373753926462152e-07
4.114030659065325e-07
5.015537790015994e-07
6.113334924314862e-07
7.449493503574579e-07
9.075265944467989e-07
1.105308007818555e-06
1.345871604782826e-06
1.638350287586695e-06
1.993964722629979e-06
2.425955860062158e-06
2.951045914224114e-06
3.588320361027557e-06
4.362270305554185e-06
5.301639371667986e-06
6.441620928923224e-06
7.823876385418813e-06
9.500068957143430e-06
1.153182895385077e-05
1.399365573306112e-05
1.697543433441279e-05
2.058520300642094e-05
2.495524292637773e-05
3.024103097941561e-05
3.663429446356601e-05
4.436109154160890e-05
5.369652749702039e-05
6.497260598819567e-05
7.858232991432668e-05
9.500731403954936e-05
1.148111397379977e-04
1.386816576672136e-04
1.674367191225096e-04
2.020730063990921e-04
2.437309488990339e-04
2.938233787900579e-04
3.540460514774087e-04
4.263771447852972e-04
5.132020109905086e-04
6.173211713403373e-04
7.421090219234148e-04
8.916314513914435e-04
1.070555645468264e-03
1.284468438796435e-03
1.540109484909290e-03
1.845329317889603e-03
2.209148264251505e-03
2.642729765660188e-03
3.159107647220981e-03
3.773155247248584e-03
4.501813676338316e-03
5.366662253254073e-03
6.391338552767929e-03
7.603838519232911e-03
9.037036454980985e-03
1.072805692359310e-02
1.272076639131788e-02
1.506444960570504e-02
1.781667897002524e-02
2.104342754510648e-02
2.481792853783139e-02
2.922356477321745e-02
3.435788280558783e-02
4.032408096728385e-02
4.724159873346753e-02
5.523835105237002e-02
6.445983593476091e-02
7.505744704393269e-02
8.720305608343093e-02
1.010545854169146e-01
1.168034106159875e-01
1.346391469489182e-01
1.547336484305305e-01
1.772725069074309e-01
2.024134864094050e-01
2.302941144665638e-01
2.610145394155352e-01
2.946203617840821e-01
3.311211762800773e-01
3.704152427877027e-01
4.123292424197707e-01
4.565962492327872e-01
5.028252211597487e-01
5.504855747428216e-01
5.989941764263639e-01
6.475709441721357e-01
6.954428346132175e-01
7.417305883466520e-01
7.855791455307385e-01
8.261605102455868e-01
8.627563041568671e-01
8.948588795378760e-01
9.221114544360912e-01
9.444421091256727e-01
9.620150223148998e-01
9.752457009282306e-01
9.847177747723314e-01
9.911268014632107e-01
9.951958031832284e-01
9.975989405653577e-01
9.989061629804129e-01
9.995531468687028e-01
9.998353446431393e-01
9.999448792380499e-01
9.999837169239147e-01
9.999958219813539e-01
9.999990815816926e-01
9.999998302535563e-01
9.999999740166272e-01
9.999999967870067e-01
9.999999996824677e-01
9.999999999763443e-01
9.999999999985217e-01
9.999999999999688e-01
9.999999999999912e-01
1.000000000000002e+00
9.999999999999996e-01
1.000000000000000e+00
9.999999999999999e-01
1.000000000000000e+00
1.000000000000000e+00
1.000000000000000e+00
1.000000000000000e+00
1.000000000000000e+00
1.000000000000000e+00
1.000000000000000e+00
1.000000000000000e+00
###8.600000000000001e+00
3.116831953937724e-09
3.955847498095006e-09
4.970646245645248e-09
6.184932727114127e-09
7.675792576017086e-09
9.505744793074644e-09
1.173282062547219e-08
1.444961207259906e-08
1.776731807166339e-08
2.181939343540348e-08
2.676246327653616e-08
3.279777239624691e-08
4.016679360637161e-08
4.916204631414809e-08
6.014525566307217e-08
7.353969344476340e-08
8.987917466489376e-08
1.098099113352808e-07
1.341154849975773e-07
1.637414894620886e-07
1.999285443853631e-07
2.438635355653853e-07
2.974693216379872e-07
3.627957976547878e-07
4.423014533552802e-07
5.390992021912956e-07
6.569437269825583e-07
8.003389014126389e-07
9.747692725015336e-07
1.186914645118999e-06
1.444880072489612e-06
1.758430352805025e-06
2.139560030595858e-06
2.602415119668634e-06
3.164861795109349e-06
3.847270841470965e-06
4.675791956370528e-06
5.681093879989724e-06
6.900716179959414e-06
8.379072896697986e-06
1.017123223165735e-05
1.234285947959848e-05
1.497329335735336e-05
1.815822037830040e-05
2.201276653890261e-05
2.667716317564335e-05
3.231717834496988e-05
3.913643018478040e-05
4.737500346999437e-05
5.732501137905689e-05
6.933883066933172e-05
8.383326491377987e-05
1.013189566007396e-04
1.223930571699727e-04
1.477840794797428e-04
1.783577125114057e-04
2.151686869028604e-04
2.594229438560135e-04
3.126104274751585e-04
3.765254813723266e-04
4.532545410112311e-04
5.453133254277062e-04
6.556530865820529e-04
7.878235929122618e-04
9.461160689038908e-04
1.135427148260062e-03
1.361630538070191e-03
1.631804684277360e-03
1.954184185882092e-03
2.338221129111057e-03
2.795609208898098e-03
3.339986187200254e-03
3.986898924907879e-03
4.754025918784049e-03
5.663878837775213e-03
6.741099675278070e-03
8.014805291379738e-03
9.519165617580226e-03
1.129267864287732e-02
1.338072978309876e-02
1.583468057587742e-02
1.871366579288683e-02
2.208583157519937e-02
2.602656063656698e-02
3.062157083412030e-02
3.597093458802740e-02
4.218014569739093e-02
4.937137161198321e-02
5.767422461621637e-02
6.723686572068421e-02
7.821214175898475e-02
9.077333346287100e-02
1.050781501245795e-01
1.213177104757520e-01
1.396800133313566e-01
1.603331536049674e-01
1.834577889624203e-01
2.092042218421404e-01
2.377002242779985e-01
2.690335223616283e-01
3.032344582928048e-01
3.402952128263028e-01
3.800935585396917e-01
4.224342124604146e-01
4.670273608849032e-01
5.134591183240873e-01
5.611783960338943e-01
6.095829379788991e-01
6.578830355936386e-01
7.052983344378706e-01
7.506085856091012e-01
7.940274321812151e-01
8.337082562397931e-01
8.693123494412173e-01
9.003775341355703e-01
9.265993444303776e-01
9.479540191830719e-01
9.646477644592034e-01
9.771264156783412e-01
9.859904505700195e-01
9.919369374376483e-01
9.956769625603096e-01
9.978629531679380e-01
9.990383636481049e-01
9.996126152172191e-01
9.998593880002405e-01
9.999536537639294e-01
9.999865379708974e-01
9.999966088491682e-01
9.999992692724614e-01
9.999998678514668e-01
9.999999802384245e-01
9.999999976184979e-01
9.999999997707136e-01
9.999999999834870e-01
9.999999999989775e-01
9.999999999999849e-01
9.999999999999929e-01
1.000000000000002e+00
9.999999999999997e-01
1.000000000000000e+00
9.999999999999999e-01
1.000000000000000e+00
1.000000000000000e+00
1.000000000000000e+00
1.000000000000000e+00
1.000000000000000e+00
1.000000000000000e+00
1.000000000000000e+00
1.000000000000000e+00
###8.800000000000001e+00
3.362805125987423e-09
4.265401055680139e-09
5.359715007645529e-09
6.668782300221378e-09
8.275803715581700e-09
1.024804606441615e-08
1.264779456642224e-08
1.557466529531972e-08
1.914825303129194e-08
2.351201444204536e-08
2.883420369713173e-08
3.533106169910256e-08
4.326210792088210e-08
5.294132852785487e-08
6.475730175309694e-08
7.916418428919955e-08
9.673490884739329e-08
1.181628126476014e-07
1.442883602225892e-07
1.761254790660644e-07
2.150026483748570e-07
2.621977281292484e-07
3.197629420759528e-07
3.898992435332252e-07
4.752375088770626e-07
5.791106864089935e-07
7.055374418617242e-07
8.593364620315370e-07
1.046373314506031e-06
1.273791206354544e-06
1.550253779488135e-06
1.886195303027983e-06
2.294430000002245e-06
2.790061981856482e-06
3.392168312540393e-06
4.122479255703014e-06
5.008898762974140e-06
6.084130523034897e-06
7.388193367258049e-06
8.968408621548803e-06
1.088343972733750e-05
1.320321026308863e-05
1.601216368855371e-05
1.941210479211794e-05
2.352561884206240e-05
2.850133960087438e-05
3.451584244747958e-05
4.178527176408842e-05
5.056446507834708e-05
6.116341633156027e-05
7.395590983761786e-05
8.938374388157424e-05
1.079880329444813e-04
1.304011368641365e-04
1.573942013847828e-04
1.898830355599059e-04
2.289831532724132e-04
2.759689761244973e-04
3.324112809904246e-04
4.002072355564093e-04
4.815563877701579e-04
5.791104831774683e-04
6.959778806799500e-04
8.358913796097270e-04
1.003376058974433e-03
1.203567895063207e-03
1.442638246027182e-03
1.728017435789699e-03
2.068338379022352e-03
2.473500257782727e-03
2.955745730083029e-03
3.529337065272158e-03
4.210515990660329e-03
5.017720741274828e-03
5.974424530164119e-03
7.106300628291911e-03
8.443616392313160e-03
1.002186978048814e-02
1.188096404100707e-02
1.406790652873948e-02
1.663595579686168e-02
1.964604976485719e-02
2.316846390436969e-02
2.728074926161230e-02
3.207096654754713e-02
3.764171954883584e-02
4.410078140102402e-02
5.157299521867238e-02
6.018964905489917e-02
7.010144479297337e-02
8.146257111708850e-02
9.444755789057101e-02
1.092136796408432e-01
1.259515539058856e-01
1.448472503813805e-01
1.660647386960245e-01
1.897793382568297e-01
2.161334387992739e-01
2.452445822256951e-01
2.771875939394391e-01
3.119771066093064e-01
3.495874991229516e-01
3.898757852402800e-01
4.326246109345575e-01
4.775213832481049e-01
5.241297679850755e-01
5.718803150965925e-01
6.201482423892227e-01
6.681398817044404e-01
7.150672055945978e-01
7.597872647536715e-01
8.023377730047906e-01
8.411030023547474e-01
8.757066498733204e-01
9.057341811351063e-01
9.309329991078760e-01
9.513253591744291e-01
9.671589819929944e-01
9.789077456087582e-01
9.871865635850229e-01
9.926917778585002e-01
9.961209270070446e-01
9.981039091217345e-01
9.991575406894833e-01
9.996654757440593e-01
9.998804406053761e-01
9.999612183436372e-01
9.999889292900398e-01
9.999972636294845e-01
9.999994223536911e-01
9.999998978518371e-01
9.999999850870871e-01
9.999999982499148e-01
9.999999998359410e-01
9.999999999885988e-01
9.999999999992971e-01
9.999999999999948e-01
9.999999999999942e-01
1.000000000000001e+00
9.999999999999997e-01
1.000000000000000e+00
9.999999999999999e-01
1.000000000000000e+00
1.000000000000000e+00
1.000000000000000e+00
1.000000000000000e+00
1.000000000000000e+00
1.000000000000000e+00
1.000000000000000e+00
1.000000000000000e+00
###9.000000000000000e+00
3.625824945849170e-09
4.596483471783780e-09
5.775847755504125e-09
7.186262687512278e-09
8.917475127063176e-09
1.104181851018583e-08
1.362610536434034e-08
1.677744431300758e-08
2.062438331676146e-08
2.532104187397635e-08
3.104806102207429e-08
3.803765897533720e-08
4.656858004993846e-08
5.697767122222281e-08
6.968209672056479e-08
8.516887393588955e-08
1.040525599575379e-07
1.270766182719535e-07
1.551420009353568e-07
1.893352676081726e-07
2.310783713097359e-07
2.817455258897686e-07
3.435266846982363e-07
4.187831528780835e-07
5.103286344577358e-07
6.217296414319183e-07
7.572848877716516e-07
9.221469039782240e-07
1.122585118523067e-06
1.366233880530813e-06
1.662348590351209e-06
2.022072472705944e-06
2.459087535245192e-06
2.989511667935614e-06
3.633703095231287e-06
4.414829325282796e-06
5.362648955780155e-06
6.512015658040834e-06
7.905567193895983e-06
9.593693934438618e-06
1.163885355149124e-05
1.411546229321022e-05
1.711334491122037e-05
2.074075644889252e-05
2.512813003641263e-05
3.043297246213912e-05
3.684320713725343e-05
4.458816719082673e-05
5.393819912353941e-05
6.522208787295406e-05
7.883610308029499e-05
9.524828030800559e-05
1.150317086019840e-04
1.388556592886369e-04
1.675359583520088e-04
2.020409047522639e-04
2.435496335714531e-04
2.934081276739606e-04
3.532718362020218e-04
4.251451540243912e-04
5.113457541856131e-04
6.146672577097423e-04
7.383817158512988e-04
8.864128286474437e-04
1.063528374193075e-03
1.275113738172733e-03
1.527649178208187e-03
1.828930192013227e-03
2.188002661006577e-03
2.615228553811712e-03
3.123418625251759e-03
3.727480637917063e-03
4.444372930366160e-03
5.293316148459366e-03
6.298774616911143e-03
7.487484127627174e-03
8.890880078363970e-03
1.054583327361617e-02
1.249367994578533e-02
1.478305543697631e-02
1.746922389521400e-02
2.061487684093787e-02
2.429247111295432e-02
2.858174240978683e-02
3.357309986881642e-02
3.937168068819864e-02
4.608751639124866e-02
5.384807093835794e-02
6.278627512814101e-02
7.305524729545812e-02
8.481039601444065e-02
9.822733134785043e-02
1.134626609315612e-01
1.307062452290858e-01
1.501419016380931e-01
1.719290975228684e-01
1.962374002360363e-01
2.232008287489411e-01
2.529261778948420e-01
2.854750124508388e-01
3.208456969098006e-01
3.589944765242593e-01
3.997573635627104e-01
4.428948667530114e-01
4.880717764441285e-01
5.348297790221967e-01
5.825814792122166e-01
6.306817735168264e-01
6.783333494821384e-01
7.247438760241433e-01
7.688356926494389e-01
8.105086085689106e-01
8.483405280683429e-01
8.819356837356059e-01
9.109259864036049e-01
9.351096608066779e-01
9.545554318592291e-01
9.695491038432591e-01
9.805908436248987e-01
9.883075480225845e-01
9.933928750529908e-01
9.965291874263975e-01
9.983230081975274e-01
9.992645377799553e-01
9.997122518023702e-01
9.998987825107725e-01
9.999677039730346e-01
9.999909440445021e-01
9.999978048772066e-01
9.999995462981270e-01
9.999999215990829e-01
9.999999888328190e-01
9.999999987248477e-01
9.999999998836617e-01
9.999999999922159e-01
9.999999999995192e-01
1.000000000000001e+00
9.999999999999952e-01
1.000000000000001e+00
9.999999999999998e-01
1.000000000000000e+00
9.999999999999999e-01
1.000000000000000e+00
1.000000000000000e+00
1.000000000000000e+00
1.000000000000000e+00
1.000000000000000e+00
1.000000000000000e+00
1.000000000000000e+00
1.000000000000000e+00
###9.199999999999999e+00
3.906938589430941e-09
4.950416756711132e-09
6.220706880521194e-09
7.739437913864902e-09
9.603360549333216e-09
1.189021258289129e-08
1.467162216124998e-08
1.806268671473318e-08
2.220149688333983e-08
2.725353408604490e-08
3.341262728776633e-08
4.092800926632233e-08
5.009889470625441e-08
6.128646375727346e-08
7.493829767933081e-08
9.157635989876726e-08
1.118594782576486e-07
1.365844097017535e-07
1.667163964791646e-07
2.034191642539563e-07
2.482140567442041e-07
3.025773193044501e-07
3.688454999232602e-07
4.495498646797140e-07
5.476981255325326e-07
6.671045371678379e-07
8.123647684895598e-07
9.889852130571142e-07
1.203663171411114e-06
1.464553305885846e-06
1.781537624226471e-06
2.166509791326953e-06
2.634070092119334e-06
3.201408655847405e-06
3.890238600747091e-06
4.725246225681247e-06
5.738150006710633e-06
6.966074248350299e-06
8.454421944946458e-06
1.025682140425581e-05
1.243973356916245e-05
1.508231170906119e-05
1.828005207121556e-05
2.214800592063027e-05
2.682486120637575e-05
3.247748727910378e-05
3.930572167273751e-05
4.755277614676967e-05
5.750529516607274e-05
6.951180262834507e-05
8.399217559283168e-05
1.014419798343566e-04
1.224678417061537e-04
1.477777138133068e-04
1.782342287496186e-04
2.148606349422176e-04
2.589026327748644e-04
3.117809619651806e-04
3.752397061359600e-04
4.513950607603845e-04
5.426879977865518e-04
6.520600570757435e-04
7.829537795798318e-04
9.394918533917330e-04
1.126693926937671e-03
1.350205088264387e-03
1.616826074667233e-03
1.934731206661762e-03
2.313394339240726e-03
2.763656272996607e-03
3.298915416472650e-03
3.934746423088723e-03
4.688846384160422e-03
5.581241329151039e-03
6.637416749512346e-03
7.885217808385109e-03
9.357219147666209e-03
1.109175559486364e-02
1.313160850624707e-02
1.552706918898889e-02
1.833544925877304e-02
2.162120947326553e-02
2.545901580678229e-02
2.993080301246664e-02
3.512933166811094e-02
4.116227085175795e-02
4.814188454966070e-02
5.619819968580102e-02
6.546574566336330e-02
7.609992969309207e-02
8.825724764751572e-02
1.021142114988473e-01
1.178265192477767e-01
1.355830067718060e-01
1.555649053946830e-01
1.779267924747319e-01
2.028320601972373e-01
2.304058910534645e-01
2.607437135506936e-01
2.938937793766105e-01
3.298373337582712e-01
3.685122720163791e-01
4.097333933298050e-01
4.532390417990748e-01
4.986716039105850e-01
5.455513086230036e-01
5.932733603876258e-01
6.411744251070547e-01
6.884541295470619e-01
7.343188162765184e-01
7.777468568449489e-01
8.185313926398364e-01
8.554141577468549e-01
8.879942770906009e-01
9.159493924720749e-01
9.391279477307548e-01
9.576436739825523e-01
9.718187076162588e-01
9.821770671901895e-01
9.893552403850921e-01
9.940420803937178e-01
9.969033412098918e-01
9.985214888643330e-01
9.993602030722398e-01
9.997534555630226e-01
9.999146828031802e-01
9.999732339978245e-01
9.999926313070081e-01
9.999982493234797e-01
9.999996459270993e-01
9.999999402482205e-01
9.999999917016786e-01
9.999999990787259e-01
9.999999999182265e-01
9.999999999947448e-01
9.999999999996722e-01
1.000000000000004e+00
9.999999999999961e-01
1.000000000000001e+00
9.999999999999998e-01
1.000000000000000e+00
1.000000000000000e+00
1.000000000000000e+00
1.000000000000000e+00
1.000000000000000e+00
1.000000000000000e+00
1.000000000000000e+00
1.000000000000000e+00
1.000000000000000e+00
1.000000000000000e+00
###9.399999999999999e+00
4.207249858229614e-09
5.328594489275492e-09
6.696044768974718e-09
8.330483626378210e-09
1.033615163804918e-08
1.279654867258655e-08
1.578842233905235e-08
1.943538431707198e-08
2.388569135548859e-08
2.931692599076492e-08
3.593695140060910e-08
4.401311105389879e-08
5.386640627869467e-08
6.588390484319510e-08
8.054553895422107e-08
9.841041833282712e-08
1.201844344696995e-07
1.467209789509056e-07
1.790535943060152e-07
2.184279531027785e-07
2.664710221337497e-07
3.247670692023269e-07
3.958085605327277e-07
4.823068555380440e-07
5.874754338474082e-07
7.153912161751648e-07
8.709646117740098e-07
1.060076930110247e-06
1.289878577653330e-06
1.569075191344878e-06
1.908211991301579e-06
2.319976632212217e-06
2.819940714221189e-06
3.426427904726849e-06
4.162583582454460e-06
5.054698296785708e-06
6.136560719664542e-06
7.447692177353261e-06
9.036413920178851e-06
1.095976940856536e-05
1.328844121205433e-05
1.610657508539140e-05
1.951564243174665e-05
2.363785233636427e-05
2.862057176008329e-05
3.464054343556251e-05
4.191011066225798e-05
5.068707450770014e-05
6.127522374101246e-05
7.404378429655509e-05
8.943741681693529e-05
1.079805617599858e-04
1.303150079359131e-04
1.571892276039178e-04
1.895148677256494e-04
2.283726779844705e-04
2.750779773747273e-04
3.311295754676149e-04
3.983642794245180e-04
4.790148323933176e-04
5.756508450127904e-04
6.913680246337289e-04
8.297887148218582e-04
9.952359655299461e-04
1.192997722894086e-03
1.428987015711127e-03
1.710336963115636e-03
2.045614715763917e-03
2.444737465585703e-03
2.919041244365084e-03
3.482532093430046e-03
4.151473362992810e-03
4.944323421007155e-03
5.881936943914770e-03
6.990851037768434e-03
8.300046585506350e-03
9.843270948475737e-03
1.166035193642968e-02
1.379554872262124e-02
1.630084386300102e-02
1.923561430983779e-02
2.266612766283464e-02
2.666927747834391e-02
3.132920954340095e-02
3.674103618677121e-02
4.301495304388107e-02
5.026542551528582e-02
5.862498202584652e-02
6.822969562225728e-02
7.923713087923810e-02
9.180472778721298e-02
1.061097123115256e-01
1.223066193611207e-01
1.405829811200247e-01
1.611170985110141e-01
1.840582607929627e-01
2.095632530878038e-01
2.377479495707913e-01
2.686959202970367e-01
3.024416734937939e-01
3.389488799315508e-01
3.781367598193172e-01
4.197987205638362e-01
4.636509563789070e-01
5.093137157150118e-01
5.562863488381788e-01
6.039473149832820e-01
6.516170889331321e-01
6.984930064314280e-01
7.437827894034132e-01
7.865137936921971e-01
8.263982057406335e-01
8.623177809881095e-01
8.938778982110896e-01
9.208015162334967e-01
9.429865233318758e-01
9.605901469908177e-01
9.739689044206400e-01
9.836681959848137e-01
9.903316926210062e-01
9.946413921159981e-01
9.972450765134335e-01
9.987006328461583e-01
9.994453869756958e-01
9.997895873169469e-01
9.999283981877763e-01
9.999779235637388e-01
9.999940358879841e-01
9.999986118977584e-01
9.999997254395597e-01
9.999999547795627e-01
9.999999938803612e-01
9.999999993399653e-01
9.999999999430184e-01
9.999999999964940e-01
9.999999999997767e-01
1.000000000000005e+00
9.999999999999968e-01
1.000000000000001e+00
9.999999999999998e-01
1.000000000000000e+00
1.000000000000000e+00
1.000000000000000e+00
1.000000000000000e+00
1.000000000000000e+00
1.000000000000000e+00
1.000000000000000e+00
1.000000000000000e+00
1.000000000000000e+00
1.000000000000000e+00
###9.599999999999998e+00
4.527921869151284e-09
5.732485197158345e-09
7.203708070407642e-09
8.961693330585992e-09
1.111868449538654e-08
1.376432479054974e-08
1.698080124202986e-08
2.090079511368633e-08
2.568338862769016e-08
3.151904663946984e-08
3.863056038673999e-08
4.730454203414031e-08
5.788516964084698e-08
7.078704123013393e-08
8.652447674124702e-08
1.056960576639187e-07
1.290576839198751e-07
1.575229052691141e-07
1.921977920751087e-07
2.344150018609528e-07
2.859136905324453e-07
3.483924636094218e-07
4.245095104527691e-07
5.171669625352751e-07
6.297964330183082e-07
7.667532096024943e-07
9.332811446798633e-07
1.135658597114998e-06
1.381515587840474e-06
1.680140943946821e-06
2.042781536175579e-06
2.482964721115859e-06
3.017289072871355e-06
3.665276273823745e-06
4.451584532741379e-06
5.404198752049072e-06
6.559093206567249e-06
7.958318659544273e-06
9.653274684476964e-06
1.170460152116920e-05
1.418744332927796e-05
1.719119381815831e-05
2.082362069783567e-05
2.521446801696229e-05
3.052022650454449e-05
3.692804238499897e-05
4.466338367525054e-05
5.399934959284963e-05
6.525784884951282e-05
7.882971841853668e-05
9.518565726168122e-05
1.148803788568322e-04
1.385925233017976e-04
1.671129917405275e-04
2.014047370204845e-04
2.426086566856016e-04
2.921128547115940e-04
3.514976410184747e-04
4.226967688247402e-04
5.080644522405387e-04
6.103044496563340e-04
7.326730936703283e-04
8.789796797910523e-04
1.053756338607565e-03
1.262568947365922e-03
1.511609346716899e-03
1.808355265370837e-03
2.161781052378960e-03
2.582262958084016e-03
3.081648996935565e-03
3.674573242674670e-03
4.378009951325140e-03
5.211201658470277e-03
6.195855229216938e-03
7.359590145067921e-03
8.732549810375159e-03
1.034968736487348e-02
1.225235303171422e-02
1.448631590352756e-02
1.710532241656629e-02
2.017071853071406e-02
2.375072825051179e-02
2.792445168269621e-02
3.277825506012327e-02
3.840959987081610e-02
4.493119900813923e-02
5.245968295360582e-02
6.113001611006307e-02
7.107974962606682e-02
8.246846928048897e-02
9.545440543566265e-02
1.102153002676127e-01
1.269042613676558e-01
1.457072266090012e-01
1.667992116816805e-01
1.903238098631062e-01
2.164307591738791e-01
2.452261495092697e-01
2.767812354680747e-01
3.111162507638010e-01
3.481769575653469e-01
3.878635649848275e-01
4.299479442303563e-01
4.741241997767309e-01
5.199907634133419e-01
5.670267458618337e-01
6.145946479127776e-01
6.620006740173867e-01
7.084408878058798e-01
7.531268626375772e-01
7.951296646967343e-01
8.341017381814616e-01
8.690458651587293e-01
8.995826550923066e-01
9.254801324854831e-01
9.466847183040502e-01
9.633954919982745e-01
9.760012929730884e-01
9.850663835545101e-01
9.912392142324651e-01
9.951929497104306e-01
9.975561516137545e-01
9.988617078934348e-01
9.995209294025821e-01
9.998211295781513e-01
9.999401706350822e-01
9.999818789282061e-01
9.999951982341899e-01
9.999989057677654e-01
9.999997884491877e-01
9.999999660150724e-01
9.999999955210864e-01
9.999999995310573e-01
9.999999999606303e-01
9.999999999976891e-01
9.999999999998480e-01
1.000000000000006e+00
9.999999999999974e-01
1.000000000000001e+00
9.999999999999998e-01
1.000000000000000e+00
1.000000000000000e+00
1.000000000000000e+00
1.000000000000000e+00
1.000000000000000e+00
1.000000000000000e+00
1.000000000000000e+00
1.000000000000000e+00
1.000000000000000e+00
1.000000000000000e+00
###9.799999999999997e+00
4.870179912777419e-09
6.163635923772709e-09
7.745642186929126e-09
9.635485918661207e-09
1.195394769651310e-08
1.479722539051211e-08
1.825328246690394e-08
2.246445579964164e-08
2.760135001128125e-08
3.386813764327827e-08
4.150348165791338e-08
5.081448609864671e-08
6.216997251156724e-08
7.601380994556778e-08
9.289683593959898e-08
1.134595747641998e-07
1.385110340004211e-07
1.690286359696870e-07
2.061954341452944e-07
2.514363786752741e-07
3.066097306924086e-07
3.735350822860167e-07
4.550466608642812e-07
5.542486170991852e-07
6.748036969983574e-07
8.213620685146758e-07
9.995206895501247e-07
1.215978225182179e-06
1.478872153746301e-06
1.798108328521745e-06
2.185675615048251e-06
2.655989050884071e-06
3.226732565202025e-06
3.918694188264723e-06
4.758121132866680e-06
5.774807470823878e-06
7.007014957890204e-06
8.499468625595161e-06
1.030681370252620e-05
1.249346231696467e-05
1.513931597447315e-05
1.833923872919509e-05
2.220764456598520e-05
2.688220626145651e-05
3.252900334460432e-05
3.934613669914286e-05
4.757284571720417e-05
5.749830789828507e-05
6.946344264356726e-05
8.388176898073651e-05
1.012512878919092e-04
1.221584393375439e-04
1.473204694346388e-04
1.775726902801587e-04
2.139317383102064e-04
2.576014029726848e-04
3.100458541347922e-04
3.729304574052799e-04
4.482902673610681e-04
5.386060723309731e-04
6.467214630786017e-04
7.760600582133806e-04
9.306254923790088e-04
1.115167896353605e-03
1.335541079067280e-03
1.598226794059754e-03
1.911059947430280e-03
2.283436817308121e-03
2.726208794526009e-03
3.251752978385036e-03
3.875352293227985e-03
4.614714513130547e-03
5.489889593724352e-03
6.523460392239562e-03
7.744159830149562e-03
9.183321058325866e-03
1.087713570643667e-02
1.286850620037422e-02
1.520474420811190e-02
1.794157173270196e-02
2.114178196234490e-02
2.487612637251587e-02
2.922575110714282e-02
3.427924776464770e-02
4.013642156106028e-02
4.691248901768501e-02
5.472620392967542e-02
6.371489662246897e-02
7.401752040557517e-02
8.579554081036483e-02
9.920781424729846e-02
1.144323912668848e-01
1.316206770550778e-01
1.509567132183422e-01
1.726118649341347e-01
1.967236124783762e-01
2.234341991327880e-01
2.528394516734384e-01
2.849978498201486e-01
3.199148396877654e-01
3.575179474094150e-01
3.976880656171874e-01
4.401754221841263e-01
4.846521402638795e-01
5.306952145341862e-01
5.777642186448858e-01
6.252065865638067e-01
6.723161331343297e-01
7.182888322925822e-01
7.623424208970260e-01
8.035878218895754e-01
8.416352784629503e-01
8.755934643374632e-01
9.051052914579173e-01
9.299836593795769e-01
9.502224683336812e-01
9.660608934465542e-01
9.779179164787311e-01
9.863741126129285e-01
9.920803294899114e-01
9.956990097133248e-01
9.978383686393411e-01
9.990060045352683e-01
9.995876504725473e-01
9.998485426894574e-01
9.999502258819843e-01
9.999851971345139e-01
9.999961544733115e-01
9.999991424232488e-01
9.999998380316570e-01
9.999999746360022e-01
9.999999967464969e-01
9.999999996695784e-01
9.999999999730240e-01
9.999999999984960e-01
9.999999999998963e-01
1.000000000000005e+00
9.999999999999980e-01
1.000000000000000e+00
9.999999999999999e-01
1.000000000000000e+00
1.000000000000000e+00
1.000000000000000e+00
1.000000000000000e+00
1.000000000000000e+00
1.000000000000000e+00
1.000000000000000e+00
1.000000000000000e+00
1.000000000000000e+00
1.000000000000000e+00
###9.999999999999996e+00
5.235314112038023e-09
6.623675878874539e-09
8.323895858116005e-09
1.035440005740427e-08
1.284509172812726e-08
1.589912985356672e-08
1.961062840712401e-08
2.413219460531850e-08
2.964669181913563e-08
3.637287202649691e-08
4.456626577833023e-08
5.455575983444333e-08
6.673636857899304e-08
8.158305883857700e-08
9.968545778239832e-08
1.217286120622838e-07
1.485779125569658e-07
1.812785684068876e-07
2.210953095945539e-07
2.695509688053843e-07
3.286305174479000e-07
4.002805631460227e-07
4.875231883391232e-07
5.936760806206580e-07
7.226467799735048e-07
8.793976960071369e-07
1.069899555557076e-06
1.301296280254700e-06
1.582260478334844e-06
1.923352114559232e-06
2.337343866940452e-06
2.839588765591412e-06
3.448917333962519e-06
4.187454453568445e-06
5.083095718961523e-06
6.167632493315156e-06
7.481651044636613e-06
9.072725259832727e-06
1.099892143863062e-05
1.332862649672606e-05
1.614674893685744e-05
1.955391484965584e-05
2.367153031958590e-05
2.864560761199872e-05
3.465230080666277e-05
4.190123879230862e-05
5.064610781949506e-05
6.119297513027066e-05
7.390269889300481e-05
8.921259400728169e-05
1.076492779907926e-04
1.298324274151635e-04
1.565197171051549e-04
1.885929271122512e-04
2.271248437685238e-04
2.733849925686419e-04
3.289170083132166e-04
3.954749936554465e-04
4.751997981614134e-04
5.707040707598429e-04
6.849770976987079e-04
8.216166526760918e-04
9.848278490463876e-04
1.179589408828769e-03
1.412051976297889e-03
1.688999043952661e-03
2.018635603446509e-03
2.410794957464564e-03
2.876820080608981e-03
3.429634607666101e-03
4.085191547240053e-03
4.861955197746503e-03
5.780806532011616e-03
6.865228445776939e-03
8.145098654583295e-03
9.652967633418538e-03
1.142629782623651e-02
1.350957393558569e-02
1.595168255167554e-02
1.881033848100040e-02
2.214983898867258e-02
2.604345232832294e-02
3.057440259207206e-02
3.583350830661121e-02
4.192290973747245e-02
4.896030899824773e-02
5.706653580094490e-02
6.638121139844158e-02
7.704460505902189e-02
8.921991474519225e-02
1.030664479982197e-01
1.187623456676994e-01
1.364570246122317e-01
1.563323169406842e-01
1.785555619301044e-01
2.032577010605110e-01
2.305730286439783e-01
2.605866276126739e-01
2.933437431447951e-01
3.288345392441011e-01
3.669679891342015e-01
4.076053961625326e-01
4.504752779853590e-01
4.952279359924859e-01
5.414193677888881e-01
5.884903781180985e-01
6.357743242170765e-01
6.825544885926743e-01
7.280280766750495e-01
7.714211820776209e-01
8.118818641319465e-01
8.489927055598877e-01
8.819562250680589e-01
9.104431802349496e-01
9.343111408409732e-01
9.536002923727539e-01
9.685880408909214e-01
9.797212192451638e-01
9.875941512268072e-01
9.928577383330488e-01
9.961619130465870e-01
9.980935500505119e-01
9.991347974143292e-01
9.996463428443256e-01
9.998722615680881e-01
9.999587725300986e-01
9.999879659597258e-01
9.999969365606872e-01
9.999993317884613e-01
9.999998767773318e-01
9.999999812007760e-01
9.999999976542382e-01
9.999999997690960e-01
9.999999999816656e-01
9.999999999990343e-01
9.999999999999289e-01
1.000000000000005e+00
9.999999999999983e-01
1.000000000000000e+00
9.999999999999999e-01
1.000000000000000e+00
1.000000000000000e+00
1.000000000000000e+00
1.000000000000000e+00
1.000000000000000e+00
1.000000000000000e+00
1.000000000000000e+00
1.000000000000000e+00
1.000000000000000e+00
1.000000000000000e+00
###1.020000000000000e+01
5.624682841517312e-09
7.114320368836731e-09
8.940626103650486e-09
1.112111324781951e-08
1.379542255484558e-08
1.707412177052134e-08
2.105785162143801e-08
2.591014516077665e-08
3.182690220487807e-08
3.904237467883013e-08
4.783001121595736e-08
5.854184338214837e-08
7.160071351341434e-08
8.751461223311618e-08
1.069143522543873e-07
1.305322208598295e-07
1.592934439653554e-07
1.943151417128250e-07
2.369486632566752e-07
2.888206137055033e-07
3.520519568135574e-07
4.287188005418191e-07
5.220473604829434e-07
6.355797113678344e-07
7.734825332430722e-07
9.410487249525590e-07
1.144644499507622e-06
1.391887229660199e-06
1.692007665294674e-06
2.056264832039342e-06
2.498257102932615e-06
3.034328240356294e-06
3.684519568997976e-06
4.472366641067958e-06
5.427506957359041e-06
6.583832461643232e-06
7.984386391156912e-06
9.679742796144465e-06
1.173157258418962e-05
1.421244939908748e-05
1.721254988190282e-05
2.083856659130565e-05
2.521925901507177e-05
3.050940654531171e-05
3.689574590634958e-05
4.460003003119530e-05
5.389109706894275e-05
6.509274826855414e-05
7.858674694218471e-05
9.483536187550100e-05
1.143951938151994e-04
1.379207247541925e-04
1.662119508121341e-04
2.001992539963436e-04
2.410141279543882e-04
2.899947811140103e-04
3.487678335895070e-04
4.191799346279775e-04
5.034823650613706e-04
6.044251063941693e-04
7.251491862356655e-04
8.694336019563101e-04
1.041690487124473e-03
1.247143548344409e-03
1.492243961851520e-03
1.784090852450219e-03
2.131272563967684e-03
2.544074883498255e-03
3.034349175674136e-03
3.615583406683488e-03
4.304422314668157e-03
5.120110113115553e-03
6.084382716786063e-03
7.221647328510486e-03
8.562958084346357e-03
1.014211064859123e-02
1.199787016990456e-02
1.417633391080920e-02
1.672799475382293e-02
1.971257850656399e-02
2.319593840373419e-02
2.725385117689829e-02
3.197160497437836e-02
3.744236893028315e-02
4.377048139825109e-02
5.107614909511533e-02
5.948222442780759e-02
6.913053925609962e-02
8.016258244517750e-02
9.274313067098625e-02
1.070317570731268e-01
1.232064643334160e-01
1.414143842761884e-01
1.618348151268298e-01
1.846306851201538e-01
2.099259629234392e-01
2.378465340747944e-01
2.684662559974131e-01
3.018166818417653e-01
3.378722182521683e-01
3.765229830330993e-01
4.176104521060610e-01
4.608414091901903e-01
5.058445473231086e-01
5.521553696890664e-01
5.991967477880864e-01
6.462890450427691e-01
6.927068582752209e-01
7.376500630565048e-01
7.803552138498342e-01
8.200056859810620e-01
8.561684840837285e-01
8.881303894041459e-01
9.155943146851712e-01
9.384622267590675e-01
9.568192641616526e-01
9.709790902158840e-01
9.814140036653327e-01
9.887295103881636e-01
9.935742784171862e-01
9.965840549974858e-01
9.983235175841643e-01
9.992493327306861e-01
9.996977653154190e-01
9.998926933680873e-01
9.999660016208251e-01
9.999902640807520e-01
9.999975724985158e-01
9.999994823530642e-01
9.999999068460081e-01
9.999999861623196e-01
9.999999983212260e-01
9.999999998399610e-01
9.999999999876369e-01
9.999999999993890e-01
9.999999999999510e-01
1.000000000000004e+00
9.999999999999987e-01
1.000000000000000e+00
9.999999999999999e-01
1.000000000000000e+00
1.000000000000000e+00
1.000000000000000e+00
1.000000000000000e+00
1.000000000000000e+00
1.000000000000000e+00
1.000000000000000e+00
1.000000000000000e+00
1.000000000000000e+00
1.000000000000000e+00
###1.040000000000000e+01
6.039715655993677e-09
7.637374734302293e-09
9.598103183602662e-09
1.193844341128604e-08
1.480842523189203e-08
1.832649823796365e-08
2.260022618573266e-08
2.780476029942364e-08
3.414985802289976e-08
4.188624260055875e-08
5.130638876681404e-08
6.278690966839936e-08
7.678020036598270e-08
9.382930541503523e-08
1.146087488144289e-07
1.399009218002278e-07
1.706945212092075e-07
2.081829220123224e-07
2.538092959825784e-07
3.093102212049737e-07
3.769507590158580e-07
4.589441026174152e-07
5.587327398454911e-07
6.800962110736008e-07
8.274754005449787e-07
1.006512868886176e-06
1.223993126427281e-06
1.488032999995824e-06
1.808456283931935e-06
2.197257477765116e-06
2.668908151359907e-06
3.240798087973256e-06
3.934246701719032e-06
4.774277556889007e-06
5.792367853379215e-06
7.024618572328563e-06
8.516668156675588e-06
1.032224923724241e-05
1.250682918184518e-05
1.514738975346113e-05
1.833964874331834e-05
2.219668274102901e-05
2.685498153515646e-05
3.247853853879816e-05
3.926520241139552e-05
4.744946975884825e-05
5.731606794469307e-05
6.920740866984689e-05
8.352716680556113e-05
1.007637686545471e-04
1.215052188289511e-04
1.464424338328825e-04
1.764196956883099e-04
2.124182015919730e-04
2.556308034252597e-04
3.074674450479019e-04
3.696413767140966e-04
4.440957349026100e-04
5.331970145765852e-04
6.398381913189636e-04
7.673182663956829e-04
9.196047413132490e-04
1.101324992076944e-03
1.317957044097434e-03
1.576263956139783e-03
1.883672181948476e-03
2.249167036517556e-03
2.683502617026441e-03
3.199055845281476e-03
3.809897156000785e-03
4.533385068469759e-03
5.389567478311673e-03
6.401059479980778e-03
7.593217052016702e-03
8.998302626050881e-03
1.065138513603150e-02
1.259256389980556e-02
1.486957911420796e-02
1.753456032071997e-02
2.064926313366456e-02
2.428114399547405e-02
2.850848033874830e-02
3.341845560681581e-02
3.910716903578634e-02
4.568055944642448e-02
5.326150093669043e-02
6.197481138830703e-02
7.196444694416666e-02
8.337300979843067e-02
9.636669472413076e-02
1.111051443086122e-01
1.277659841005439e-01
1.464937534627968e-01
1.674648814003653e-01
1.908374905576923e-01
2.167281352891959e-01
2.452538278139346e-01
2.764767189867386e-01
3.104142164744166e-01
3.470245149834320e-01
3.861785921068373e-01
4.276978951900331e-01
4.712674962664938e-01
5.164947497939529e-01
5.628952317867816e-01
6.098747848480516e-01
6.567419492164023e-01
7.027644816225233e-01
7.471464653254587e-01
7.891369509761078e-01
8.279535197635397e-01
8.631576609688241e-01
8.941127951370574e-01
9.205572971158673e-01
9.424371506725542e-01
9.598809794648854e-01
9.732366241941376e-01
9.829993877046395e-01
9.897834030974111e-01
9.942328896048203e-01
9.969678578512942e-01
9.985300737541393e-01
9.993508177325062e-01
9.997426379184489e-01
9.999102160462621e-01
9.999720866409030e-01
9.999921614129055e-01
9.999980866077252e-01
9.999996013124172e-01
9.999999300210404e-01
9.999999898842551e-01
9.999999988074006e-01
9.999999998899811e-01
9.999999999917271e-01
9.999999999996197e-01
9.999999999999660e-01
1.000000000000004e+00
9.999999999999990e-01
1.000000000000000e+00
9.999999999999999e-01
1.000000000000000e+00
1.000000000000000e+00
1.000000000000000e+00
1.000000000000000e+00
1.000000000000000e+00
1.000000000000000e+00
1.000000000000000e+00
1.000000000000000e+00
1.000000000000000e+00
1.000000000000000e+00
###1.059999999999999e+01
6.481916629433719e-09
8.194738489517201e-09
1.029871561207086e-08
1.280935533844845e-08
1.588776620390868e-08
1.966077962446928e-08
2.424329961592074e-08
2.982282656425684e-08
3.662387172154418e-08
4.491456619596464e-08
5.500766726059507e-08
6.730585520188253e-08
8.229289674999054e-08
1.005490293446943e-07
1.227951500751662e-07
1.498667688885166e-07
1.828198831555548e-07
2.229286947704216e-07
2.717336746399855e-07
3.310878968888849e-07
4.034090481376348e-07
4.910553776137978e-07
5.976984054891873e-07
7.273688871364533e-07
8.847977276893957e-07
1.075997286968090e-06
1.308194302987624e-06
1.590028904465586e-06
1.931964967989718e-06
2.346760236385648e-06
2.849812715709354e-06
3.459616171068427e-06
4.198838597648780e-06
5.094072577131201e-06
6.178737248186717e-06
7.491256439136430e-06
9.080008059514483e-06
1.100204910711295e-05
1.332684387194629e-05
1.613601353306807e-05
1.953110222015694e-05
2.363190182686091e-05
2.858302567772046e-05
3.455814734609095e-05
4.176677932645315e-05
5.045680685232812e-05
6.092961384108933e-05
7.354713520983579e-05
8.873600447999050e-05
1.070120560850592e-04
1.289961744336288e-04
1.554174018524534e-04
1.871663450260062e-04
2.252773111471723e-04
2.710072569638344e-04
3.258410230335424e-04
3.915822621067318e-04
4.702746725674485e-04
5.644048969138404e-04
6.770147598162326e-04
8.115676586654871e-04
9.722271022572836e-04
1.163844163130791e-03
1.392160788964785e-03
1.664263595424638e-03
1.987918334934128e-03
2.372521252779369e-03
2.829310951709746e-03
3.371207437233062e-03
4.012882087208538e-03
4.772429654796451e-03
5.670725851809293e-03
6.731289486240701e-03
7.980449958418016e-03
9.451710099880457e-03
1.118144036468411e-02
1.321110525363196e-02
1.559011827993884e-02
1.837227498905097e-02
2.162138001395630e-02
2.540653579312147e-02
2.980851364213068e-02
3.491643020414816e-02
4.082926102173850e-02
4.765457459019662e-02
5.551785884479452e-02
6.454583425868522e-02
7.488448880732830e-02
8.667742176485818e-02
1.000920780541006e-01
1.152879629103151e-01
1.324420751960198e-01
1.516960437611097e-01
1.732230823658458e-01
1.971761045115222e-01
2.236638019963180e-01
2.527938455490465e-01
2.846162002869697e-01
3.191336812919563e-01
3.562878385521959e-01
3.959302460418734e-01
4.378621605026849e-01
4.817470133040355e-01
5.271711488778428e-01
5.736308494701311e-01
6.205159026058257e-01
6.671242788168803e-01
7.127187462587707e-01
7.565092153363812e-01
7.977592131784376e-01
8.357199719972549e-01
8.699558631698787e-01
8.999008734944146e-01
9.253313252710180e-01
9.462367054398452e-01
9.627875199501102e-01
9.753636126226874e-01
9.844807631205188e-01
9.907592051774433e-01
9.948365809556710e-01
9.973157462072872e-01
9.987149858362830e-01
9.994404121606805e-01
9.997816382990630e-01
9.999251776779819e-01
9.999771838780140e-01
9.999937195769339e-01
9.999984998131540e-01
9.999996907349696e-01
9.999999477138196e-01
9.999999926598591e-01
9.999999991568386e-01
9.999999999255376e-01
9.999999999943386e-01
9.999999999998154e-01
9.999999999999627e-01
1.000000000000007e+00
9.999999999999981e-01
1.000000000000000e+00
9.999999999999999e-01
1.000000000000000e+00
1.000000000000000e+00
1.000000000000000e+00
1.000000000000000e+00
1.000000000000000e+00
1.000000000000000e+00
1.000000000000000e+00
1.000000000000000e+00
1.000000000000000e+00
1.000000000000000e+00
###1.079999999999999e+01
6.952867859199011e-09
8.788409776038051e-09
1.104497523792349e-08
1.373696764829698e-08
1.703730191237589e-08
2.108172019871313e-08
2.599290590912540e-08
3.197148030788019e-08
3.925777115974529e-08
4.813795291620646e-08
5.894674167545537e-08
7.211433382314488e-08
8.815778516509304e-08
1.076967807659380e-07
1.315013901404622e-07
1.604634196255594e-07
1.957101979925995e-07
2.386015737831361e-07
2.907810526519866e-07
3.542250914705961e-07
4.315129615970012e-07
5.251563439970414e-07
6.390691982003175e-07
7.775479447929562e-07
9.456301125910917e-07
1.149719003491068e-06
1.397508692164415e-06
1.698192238325318e-06
2.062909143004856e-06
2.505223287778184e-06
3.041510330306207e-06
3.691428717696490e-06
4.479068865276314e-06
5.432677182561252e-06
6.587721622264376e-06
7.985068210832479e-06
9.675984860326682e-06
1.172102637415385e-05
1.419386345944522e-05
1.718099795165925e-05
2.079009846484110e-05
2.514801757666204e-05
3.040790239601363e-05
3.675359238833488e-05
4.440683883666758e-05
5.362958828322543e-05
6.474067866510237e-05
7.812251831994469e-05
9.422578796596289e-05
1.135950294630585e-04
1.368855405329598e-04
1.648662444062528e-04
1.984761872735197e-04
2.388051648274010e-04
2.871770846521021e-04
3.451549557404179e-04
4.146367368063604e-04
4.977708997606240e-04
5.971693224677553e-04
7.160287307882580e-04
8.579835348192043e-04
1.027400980280075e-03
1.229364526330101e-03
1.469889918870781e-03
1.756399332189694e-03
2.097010063268335e-03
2.501543588013079e-03
2.981739580944262e-03
3.551079016020285e-03
4.224853021703318e-03
5.021915433030254e-03
5.963994268614332e-03
7.075536861997619e-03
8.383870834785067e-03
9.923771730114758e-03
1.173293989643558e-02
1.385423554980860e-02
1.633877582703876e-02
1.924205057259543e-02
2.262993285800206e-02
2.657320963681557e-02
3.115514047118034e-02
3.646680662084117e-02
4.261000882476646e-02
4.969396399655027e-02
5.784671817734541e-02
6.719682464542755e-02
7.789220443429913e-02
9.007732764651298e-02
1.039207136462287e-01
1.195815128536264e-01
1.372358372635742e-01
1.570220766599835e-01
1.791098731536518e-01
2.036465190282390e-01
2.307323893457357e-01
2.604653427236132e-01
2.928826826734625e-01
3.279721932123923e-01
3.656583701092228e-01
4.057731450888891e-01
4.480974636559132e-01
4.922732389584064e-01
5.378661949349068e-01
5.843540209238008e-01
6.311114929521234e-01
6.774273434011163e-01
7.225612137269141e-01
7.657305278975725e-01
8.062152224398857e-01
8.433000542912613e-01
8.765592951935517e-01
9.054926441153701e-01
9.299161762424633e-01
9.498622167994482e-01
9.655414243332352e-01
9.773633723264493e-01
9.858617546288367e-01
9.916604180030748e-01
9.953884002316736e-01
9.976301249629538e-01
9.988799722460552e-01
9.995192214972740e-01
9.998153999596755e-01
9.999378964085627e-01
9.999814330545123e-01
9.999949924538557e-01
9.999988300301694e-01
9.999997651467191e-01
9.999999611762154e-01
9.999999947098348e-01
9.999999994081559e-01
9.999999999500195e-01
9.999999999961540e-01
9.999999999999230e-01
9.999999999999661e-01
1.000000000000007e+00
9.999999999999981e-01
1.000000000000000e+00
9.999999999999999e-01
1.000000000000000e+00
1.000000000000000e+00
1.000000000000000e+00
1.000000000000000e+00
1.000000000000000e+00
1.000000000000000e+00
1.000000000000000e+00
1.000000000000000e+00
1.000000000000000e+00
1.000000000000000e+00
###1.099999999999999e+01
7.454232973496615e-09
9.420489800311389e-09
1.183952541980760e-08
1.472455967071260e-08
1.826108724752657e-08
2.259431843773163e-08
2.785517806093343e-08
3.425822259175931e-08
4.206056658872461e-08
5.156754919213543e-08
6.313716030982157e-08
7.722878985805938e-08
9.439480337454407e-08
1.152967063212922e-07
1.407566927273777e-07
1.717262052594223e-07
2.094081479821479e-07
2.552531196988833e-07
3.110135915667941e-07
3.787969687679027e-07
4.613528223844090e-07
5.613557342398402e-07
6.829759628589448e-07
8.307907764839749e-07
1.010161748254400e-06
1.227905316077429e-06
1.492209236488113e-06
1.812850564480542e-06
2.201681710798312e-06
2.673117642801202e-06
3.244565311185664e-06
3.936911444588554e-06
4.775746181241494e-06
5.791058522261596e-06
7.020476936194502e-06
8.507434736546006e-06
1.030624689840876e-05
1.248114743158421e-05
1.511023223467437e-05
1.828513543913471e-05
2.211996186722707e-05
2.674898450942057e-05
3.233431211297326e-05
3.907045637131147e-05
4.719200703268804e-05
5.697566956094831e-05
6.875856871026182e-05
8.294457320317634e-05
1.000095426907091e-04
1.205280761860767e-04
1.451914765165854e-04
1.748103694783565e-04
2.103744336212934e-04
2.530314177691387e-04
3.041751276981249e-04
3.654501275016614e-04
4.388527164205761e-04
5.266404944302670e-04
6.315558198623478e-04
7.569565725807400e-04
9.066549899460056e-04
1.085230014456496e-03
1.298006421926897e-03
1.551283908047906e-03
1.852832538191968e-03
2.211133678527352e-03
2.636448677804984e-03
3.141035219520218e-03
3.738953486999038e-03
4.446133493931499e-03
5.282211393359992e-03
6.269792346407373e-03
7.434277283462392e-03
8.804016974296414e-03
1.041509216600341e-02
1.230656154409337e-02
1.452271106245297e-02
1.711639162094691e-02
2.014481456538364e-02
2.367594080286190e-02
2.778227621420886e-02
3.254953496676383e-02
3.807087425756174e-02
4.445078464260561e-02
5.180016892577567e-02
6.024957276159364e-02
6.992930544103126e-02
8.098911567330006e-02
9.357420798622190e-02
1.078539925287823e-01
1.239870367215933e-01
1.421482948680072e-01
1.624725788095514e-01
1.851255925747518e-01
2.102485871769340e-01
2.379331617336749e-01
2.682668908817847e-01
3.012739455403304e-01
3.369266510192807e-01
3.751320643400914e-01
4.157022643716352e-01
4.583978084057054e-01
5.028392679891176e-01
5.485721988037888e-01
5.950564666989787e-01
6.416529493162191e-01
6.876425458075499e-01
7.322836458402651e-01
7.748029261824523e-01
8.144986250409020e-01
8.506898461805775e-01
8.829647459315125e-01
9.108867107366585e-01
9.343121905056991e-01
9.533155163814391e-01
9.681456469187225e-01
9.792395277940981e-01
9.871461806279299e-01
9.924906334610767e-01
9.958914060695421e-01
9.979133599757158e-01
9.990266912159732e-01
9.995882917638982e-01
9.998445106535657e-01
9.999486609920495e-01
9.999849581695575e-01
9.999960268040747e-01
9.999990924189270e-01
9.999998225944182e-01
9.999999713646599e-01
9.999999962121531e-01
9.999999995880048e-01
9.999999999666189e-01
9.999999999974368e-01
9.999999999999706e-01
9.999999999999742e-01
1.000000000000006e+00
9.999999999999986e-01
1.000000000000000e+00
9.999999999999999e-01
1.000000000000000e+00
1.000000000000000e+00
1.000000000000000e+00
1.000000000000000e+00
1.000000000000000e+00
1.000000000000000e+00
1.000000000000000e+00
1.000000000000000e+00
1.000000000000000e+00
1.000000000000000e+00
###1.119999999999999e+01
7.987760807587600e-09
1.009318747861550e-08
1.268514404883479e-08
1.577557868947011e-08
1.956338447730796e-08
2.420382799302072e-08
2.983656145714337e-08
3.669093547844670e-08
4.504187472678791e-08
5.521506433719119e-08
6.759315361879619e-08
8.266649285102017e-08
1.010248860471193e-07
1.233741563558235e-07
1.505917313357054e-07
1.836922024418921e-07
2.239585134565210e-07
2.729373387621168e-07
3.324964831307920e-07
4.048819300573732e-07
4.930233155924043e-07
5.997675046969828e-07
7.295557934270724e-07
8.872622550033143e-07
1.078590770572812e-06
1.310794206146331e-06
1.592581634273552e-06
1.934346663886378e-06
2.348693718533353e-06
2.850935924063718e-06
3.459567712664207e-06
4.196770688937937e-06
5.089715625897148e-06
6.170226988111203e-06
7.478210481095299e-06
9.059797739142293e-06
1.097251467893544e-05
1.328446412954217e-05
1.607839564160253e-05
1.945133806677795e-05
2.352415784102536e-05
2.843892347991225e-05
3.436715132349741e-05
4.151455275552512e-05
5.012918093979797e-05
6.050322510941559e-05
7.299296416201028e-05
8.802475308692974e-05
1.061008067040523e-04
1.278271822534387e-04
1.539328408579229e-04
1.852719999651343e-04
2.228872426472514e-04
2.679868250808720e-04
3.220375013559159e-04
3.867688935919870e-04
4.642798009784265e-04
5.569360076420442e-04
6.676321513670231e-04
7.998773481913516e-04
9.576740968358651e-04
1.145821252402162e-03
1.369894077799705e-03
1.636486650588704e-03
1.953729593279054e-03
2.330481146959946e-03
2.777457517483629e-03
3.307451705371139e-03
3.935121697681505e-03
4.677055848386791e-03
5.553696244879641e-03
6.588550356240317e-03
7.807998019148925e-03
9.241438174624410e-03
1.092628942053150e-02
1.290299723138919e-02
1.521730276529324e-02
1.792382055566629e-02
2.108150945529368e-02
2.476043737703468e-02
2.903487601307593e-02
3.399280445673685e-02
3.972993033347220e-02
4.635296645155308e-02
5.397463211304962e-02
6.272791218756957e-02
7.274478783731646e-02
8.417672325421387e-02
9.716951091415980e-02
1.118932597543626e-01
1.285057153311374e-01
1.471803928216822e-01
1.680481771450004e-01
1.912704581803021e-01
2.169820182916401e-01
2.452652173264930e-01
2.761968742028936e-01
3.097875626896397e-01
3.459937349572089e-01
3.847046514356355e-01
4.257123587982787e-01
4.687569951428761e-01
5.134380234369054e-01
5.592813479517750e-01
6.057298496037273e-01
6.521316895630971e-01
6.977614072212659e-01
7.418780291192056e-01
7.837192637664488e-01
8.226035025995611e-01
8.578846033664748e-01
8.891695764039839e-01
9.160822521738113e-01
9.385206657201697e-01
9.565989172889806e-01
9.706035234056682e-01
9.809959725073470e-01
9.883380153450346e-01
9.932535011694774e-01
9.963486427764524e-01
9.981677612983162e-01
9.991567316222180e-01
9.996486061225756e-01
9.998695080039379e-01
9.999577315800117e-01
9.999878684878174e-01
9.999968629018079e-01
9.999992997155218e-01
9.999998667114693e-01
9.999999790174235e-01
9.999999973057380e-01
9.999999997154657e-01
9.999999999778372e-01
9.999999999983168e-01
9.999999999999911e-01
9.999999999999819e-01
1.000000000000004e+00
9.999999999999990e-01
1.000000000000000e+00
9.999999999999999e-01
1.000000000000000e+00
1.000000000000000e+00
1.000000000000000e+00
1.000000000000000e+00
1.000000000000000e+00
1.000000000000000e+00
1.000000000000000e+00
1.000000000000000e+00
1.000000000000000e+00
1.000000000000000e+00
###1.139999999999999e+01
8.555289292731111e-09
1.080882522627383e-08
1.358475064250945e-08
1.689364761198624e-08
2.094867271480283e-08
2.591576934405228e-08
3.194382813293959e-08
3.927789949000859e-08
4.821179713166268e-08
5.909279616292987e-08
7.232966491441788e-08
8.844557438967268e-08
1.080700090026807e-07
1.319557375324206e-07
1.610386928787724e-07
1.964003102149495e-07
2.394086318418663e-07
2.917109129704493e-07
3.552980780937673e-07
4.325622979136458e-07
5.266236714874286e-07
6.405110533393248e-07
7.789523061675509e-07
9.471350443875248e-07
1.151124628427363e-06
1.398634778540253e-06
1.698924861196013e-06
2.063039158040881e-06
2.504375090357840e-06
3.039193079464276e-06
3.687134350869852e-06
4.471744637067257e-06
5.421860112253516e-06
6.571237899969542e-06
7.962182860856522e-06
9.643662147971785e-06
1.167658362209337e-05
1.413311716125205e-05
1.710090376685057e-05
2.068264167281256e-05
2.500629796976812e-05
3.022212772237329e-05
3.651151959056515e-05
4.409193397231449e-05
5.322553835778723e-05
6.422075907467407e-05
7.745393200387361e-05
9.337496428707409e-05
1.125136480339106e-04
1.355089523492315e-04
1.631292141636629e-04
1.962741986690154e-04
2.360417508676874e-04
2.837032767785167e-04
3.408016354475144e-04
4.091551284976563e-04
4.909693331349605e-04
5.887219831739850e-04
7.054683888982294e-04
8.448727922172382e-04
1.011135992497870e-03
1.209285246440385e-03
1.445155716986388e-03
1.725646580315932e-03
2.059262018858802e-03
2.455250237608481e-03
2.924797626189286e-03
3.481250180632420e-03
4.139882636705675e-03
4.917961457453992e-03
5.836758653357443e-03
6.920709482992929e-03
8.197198217749278e-03
9.696697061831421e-03
1.145799524134219e-02
1.352295324478005e-02
1.593879663416418e-02
1.876193297517934e-02
2.205309340143232e-02
2.588447209220497e-02
3.033221243606960e-02
3.548632202564511e-02
4.144528376546485e-02
4.831793887735942e-02
5.621879772021961e-02
6.528322069607341e-02
7.564476929076293e-02
8.745650376988004e-02
1.008646479764243e-01
1.160398089743300e-01
1.331386608810645e-01
1.523329876879506e-01
1.737493884888505e-01
1.975445536269630e-01
2.238463626197789e-01
2.527274693830730e-01
2.842534665089154e-01
3.184208736885449e-01
3.551698701434863e-01
3.943715892238092e-01
4.357978982241697e-01
4.791685299223209e-01
5.240621238005864e-01
5.699855052550949e-01
6.163654508054736e-01
6.625386243655205e-01
7.077745102168987e-01
7.513347410427073e-01
7.924656477978275e-01
8.298727123235294e-01
8.648677913427856e-01
8.951673646222520e-01
9.210757753202048e-01
9.425407854164033e-01
9.597139939635155e-01
9.729180282593609e-01
9.826364018341947e-01
9.894411085986635e-01
9.939525635164421e-01
9.967630484407364e-01
9.983955352357458e-01
9.992715907258444e-01
9.997010764590688e-01
9.998908863513619e-01
9.999653403792296e-01
9.999902594240002e-01
9.999975351464166e-01
9.999994625386611e-01
9.999999004035793e-01
9.999999847237808e-01
9.999999980962971e-01
9.999999998049869e-01
9.999999999853817e-01
9.999999999989074e-01
9.999999999999997e-01
9.999999999999878e-01
1.000000000000003e+00
9.999999999999993e-01
1.000000000000000e+00
9.999999999999999e-01
1.000000000000000e+00
1.000000000000000e+00
1.000000000000000e+00
1.000000000000000e+00
1.000000000000000e+00
1.000000000000000e+00
1.000000000000000e+00
1.000000000000000e+00
1.000000000000000e+00
1.000000000000000e+00
###1.159999999999999e+01
9.158749520734027e-09
1.156984170951608e-08
1.454141283427729e-08
1.808257298407144e-08
2.242165780098534e-08
2.773594193897878e-08
3.418409160470572e-08
4.202781165707089e-08
5.158094207102056e-08
6.321365748834957e-08
7.736238237652511e-08
9.458506667537019e-08
1.155532360810325e-07
1.410693682146966e-07
1.721313450686392e-07
2.098913304533017e-07
2.558074783773178e-07
3.116332723046496e-07
3.794900250252828e-07
4.619243936645953e-07
5.622578602292450e-07
6.837114538785831e-07
8.313159040843165e-07
1.010589932261509e-06
1.227980476588940e-06
1.491687728221357e-06
1.811551724245622e-06
2.199303161735256e-06
2.669175405822557e-06
3.238427743430400e-06
3.927909895646161e-06
4.762604652686216e-06
5.773101913837091e-06
6.995193291968981e-06
8.473710114933501e-06
1.026059843673714e-05
1.242032709400640e-05
1.502933918623349e-05
1.818041570218223e-05
2.198221069682062e-05
2.657014563080994e-05
3.210306943427593e-05
3.877272725921380e-05
4.680890045478504e-05
5.648854856274978e-05
6.813711779212785e-05
8.215194046411440e-05
9.900758307460056e-05
1.192626844067605e-04
1.435906344077495e-04
1.728009263275359e-04
2.078409012838540e-04
2.498661107696666e-04
3.002138431234478e-04
3.605063311842437e-04
4.326542988370243e-04
5.189745257052537e-04
6.220616743134109e-04
7.451370849381500e-04
8.920274283193716e-04
1.067138994605665e-03
1.275736166557441e-03
1.523923672132746e-03
1.818916786493266e-03
2.169606594810837e-03
2.585644639085226e-03
3.078703161342200e-03
3.662699200446557e-03
4.353543531933810e-03
5.169200802085700e-03
6.131797293923511e-03
7.266721840516819e-03
8.602388869945823e-03
1.017036898173317e-02
1.201085489212999e-02
1.416715032833507e-02
1.668799365487135e-02
1.963161451795012e-02
2.306053984752005e-02
2.704910884723626e-02
3.167535093046511e-02
3.703132659039322e-02
4.321825395352044e-02
5.034709249309200e-02
5.853411101475685e-02
6.791697721925055e-02
7.863073401519789e-02
9.082991078801834e-02
1.046609961079960e-01
1.202948856335460e-01
1.378869218741557e-01
1.576068551243398e-01
1.795766302560915e-01
2.039478440578708e-01
2.308410331121928e-01
2.603186769577529e-01
2.924346741695960e-01
3.271710436940705e-01
3.644513099034736e-01
4.041281797757930e-01
4.459532319298637e-01
4.896258594942686e-01
5.347042267440454e-01
5.806767235873087e-01
6.269549899333756e-01
6.728654708926967e-01
7.176741166513636e-01
7.606470138636028e-01
8.010396664165284e-01
8.377054216297829e-01
8.716441157406779e-01
9.009583982397076e-01
9.258690413230035e-01
9.463750437969066e-01
9.626643669793021e-01
9.750934004925346e-01
9.841652489401899e-01
9.904597228505346e-01
9.945915434536767e-01
9.971376217101813e-01
9.985988637415363e-01
9.993727066269198e-01
9.997465527676304e-01
9.999090970213000e-01
9.999716949688440e-01
9.999922142064753e-01
9.999980728098719e-01
9.999995897031998e-01
9.999999259888106e-01
9.999999889488687e-01
9.999999986638248e-01
9.999999998673293e-01
9.999999999903975e-01
9.999999999992975e-01
1.000000000000003e+00
9.999999999999919e-01
1.000000000000002e+00
9.999999999999996e-01
1.000000000000000e+00
9.999999999999999e-01
1.000000000000000e+00
1.000000000000000e+00
1.000000000000000e+00
1.000000000000000e+00
1.000000000000000e+00
1.000000000000000e+00
1.000000000000000e+00
1.000000000000000e+00
1.000000000000000e+00
1.000000000000000e+00
###1.179999999999999e+01
9.800169856748261e-09
1.237879905702695e-08
1.555835293562950e-08
1.934635308881999e-08
2.398728276859307e-08
2.967043644886955e-08
3.656482182716303e-08
4.494985216618632e-08
5.516044653704160e-08
6.759120276050367e-08
8.270777124908001e-08
1.011049411587963e-07
1.234987641245158e-07
1.507443338869540e-07
1.839051007455286e-07
2.242080451672631e-07
2.732066239532241e-07
3.327667057726486e-07
4.051474053980793e-07
4.930585451128528e-07
6.000347856757414e-07
7.294996869268710e-07
8.868040558894317e-07
1.077816154929324e-06
1.309385563357735e-06
1.590225799915386e-06
1.930789406236873e-06
2.343530927903557e-06
2.843564662386477e-06
3.449202763422955e-06
4.182567931107685e-06
5.070156286210281e-06
6.144404115879915e-06
7.443243652539988e-06
9.014165737373553e-06
1.091224466700501e-05
1.320569867941382e-05
1.597545768362401e-05
1.931970311306213e-05
2.335334262675002e-05
2.821962179841089e-05
3.408640574859377e-05
4.115630238707078e-05
4.967200865400053e-05
5.992598155659551e-05
7.226149997387737e-05
8.709787126474146e-05
1.049354701093099e-04
1.263630990641575e-04
1.520901362396263e-04
1.829690767789998e-04
2.199969405102883e-04
2.643895155410147e-04
3.175528030366106e-04
3.811917879840195e-04
4.573134869454360e-04
5.483504562492695e-04
6.570193852315372e-04
7.867132578113356e-04
9.414286056310707e-04
1.125784650692616e-03
1.345291864968074e-03
1.606334461846006e-03
1.916455101965922e-03
2.284945458793965e-03
2.721874069574457e-03
3.239415038596224e-03
3.852074861970320e-03
4.576419987301665e-03
5.431133614546180e-03
6.439220998283783e-03
7.627050618393333e-03
9.024092951179301e-03
1.066304213054206e-02
1.258552727456213e-02
1.483632355981002e-02
1.746570961543924e-02
2.053376579004821e-02
2.410483700368274e-02
2.825542526769412e-02
3.306545772451912e-02
3.862906746518333e-02
4.505016826866188e-02
5.244182186723512e-02
6.092201614877137e-02
7.063065291964170e-02
8.170415015364130e-02
9.429837162445016e-02
1.085598939477659e-01
1.246596828072941e-01
1.427514784561238e-01
1.630026847265406e-01
1.855302148162448e-01
2.104801699907176e-01
2.379652988526751e-01
2.680374377743384e-01
3.007383283173478e-01
3.360350541652474e-01
3.738341249088534e-01
4.139695549257511e-01
4.561725673643729e-01
5.001223375685093e-01
5.453569715907762e-01
5.913471474352591e-01
6.374904192481569e-01
6.831044076039898e-01
7.274532814148550e-01
7.698094324941355e-01
8.094414749680099e-01
8.453283184227798e-01
8.782216272666377e-01
9.065458434425830e-01
9.304658533312978e-01
9.500275566605578e-01
9.654547202637870e-01
9.771345862900532e-01
9.855874813157365e-01
9.913983322050496e-01
9.951742252761587e-01
9.974752733934802e-01
9.987798220649216e-01
9.994614361048585e-01
9.997858370088387e-01
9.999245491565039e-01
9.999769793077132e-01
9.999938048302711e-01
9.999985006102224e-01
9.999996884567273e-01
9.999999453105005e-01
9.999999920558379e-01
9.999999990684053e-01
9.999999999103951e-01
9.999999999937592e-01
9.999999999995517e-01
1.000000000000004e+00
9.999999999999947e-01
1.000000000000001e+00
9.999999999999997e-01
1.000000000000000e+00
1.000000000000000e+00
1.000000000000000e+00
1.000000000000000e+00
1.000000000000000e+00
1.000000000000000e+00
1.000000000000000e+00
1.000000000000000e+00
1.000000000000000e+00
1.000000000000000e+00
1.000000000000000e+00
1.000000000000000e+00
###1.199999999999999e+01
1.048168038755307e-08
1.323838817494363e-08
1.663895503062491e-08
2.068918677973744e-08
2.565073932778569e-08
3.172564828078400e-08
3.909391786688532e-08
4.805380357674782e-08
5.896200097913626e-08
7.223965730629884e-08
8.838310846559637e-08
1.080261502164869e-07
1.319319742380569e-07
1.610113471060792e-07
1.963970950028737e-07
2.393953035568935e-07
2.916601937234168e-07
3.551764846031283e-07
4.323488766126093e-07
5.260590386877109e-07
6.400684902515669e-07
7.780128839471283e-07
9.455815883172244e-07
1.149011742955109e-06
1.395577640681852e-06
1.694534274664324e-06
2.056980042398289e-06
2.496132530792214e-06
3.028034082280215e-06
3.672106215976810e-06
4.451812084827144e-06
5.395240852796863e-06
6.536772200817155e-06
7.916589764733166e-06
9.584982854066749e-06
1.160031096397522e-05
1.403473575065052e-05
1.697389938877571e-05
2.052165452391876e-05
2.479947279060544e-05
2.995880880466739e-05
3.617698527676075e-05
4.366799833352670e-05
5.268807985994754e-05
6.354591830526411e-05
7.660346984656351e-05
9.230303320596055e-05
1.111719849596658e-04
1.338306587798247e-04
1.610260467378223e-04
1.936555585671666e-04
2.327680717289255e-04
2.796422305566080e-04
3.357556777794118e-04
4.028996440059138e-04
4.831814371080590e-04
5.791541183022143e-04
6.936616257524192e-04
8.302744560467976e-04
9.931665716460937e-04
1.187177819093031e-03
1.418073965617691e-03
1.692528888928401e-03
2.018424210233058e-03
2.405466222045885e-03
2.864154400847103e-03
3.407181063179250e-03
4.049660941638492e-03
4.808836124044090e-03
5.704129020956108e-03
6.759448895062079e-03
8.002170214822529e-03
9.462845539750091e-03
1.117531764953004e-02
1.318268498703023e-02
1.553122214115105e-02
1.827277477844909e-02
2.146930191436866e-02
2.518698724458272e-02
2.950451222673608e-02
3.450371069947352e-02
4.028080340049568e-02
4.694236009817555e-02
5.460352294317484e-02
6.338395271057576e-02
7.342570680774964e-02
8.486646428466522e-02
9.786328054150696e-02
1.125626334736126e-01
1.291353309792213e-01
1.477332299688465e-01
1.685210649013301e-01
1.916103311147311e-01
2.171412249246904e-01
2.452182577151454e-01
2.758821544556275e-01
3.091620425687254e-01
3.450096486990336e-01
3.833141339723946e-01
4.238905849810373e-01
4.664498466337261e-01
5.106510530594300e-01
5.560127328156901e-01
6.019886418226689e-01
6.479633710456182e-01
6.932471656371725e-01
7.371041880989295e-01
7.788150239888423e-01
8.176647463067129e-01
8.527400559372124e-01
8.845968207840662e-01
9.119290153736392e-01
9.348672841606268e-01
9.535010434445770e-01
9.680888614568360e-01
9.790460178524453e-01
9.869075921930313e-01
9.922609712457860e-01
9.956789631823130e-01
9.977783331252796e-01
9.989403247176506e-01
9.995389891603949e-01
9.998196356665465e-01
9.999376025232330e-01
9.999813533632654e-01
9.999950924226899e-01
9.999988391754007e-01
9.999997646868120e-01
9.999999598172113e-01
9.999999943239236e-01
9.999999993550734e-01
9.999999999398241e-01
9.999999999959862e-01
9.999999999997088e-01
1.000000000000006e+00
9.999999999999959e-01
1.000000000000001e+00
9.999999999999998e-01
1.000000000000000e+00
1.000000000000000e+00
1.000000000000000e+00
1.000000000000000e+00
1.000000000000000e+00
1.000000000000000e+00
1.000000000000000e+00
1.000000000000000e+00
1.000000000000000e+00
1.000000000000000e+00
1.000000000000000e+00
1.000000000000000e+00
###1.219999999999999e+01
1.120551745275882e-08
1.415143431459102e-08
1.778677221121905e-08
2.211548244049795e-08
2.741747497258145e-08
3.390829137273587e-08
4.177983862833639e-08
5.134949325094880e-08
6.299787266363400e-08
7.717394623761947e-08
9.440651792098434e-08
1.153706696227770e-07
1.408794825494738e-07
1.719026089799926e-07
2.096462535032763e-07
2.555001105851339e-07
3.112249041737601e-07
3.789309758038674e-07
4.611768274221340e-07
5.610256105236801e-07
6.824783711928126e-07
8.293945817002069e-07
1.007820988669170e-06
1.224383889490027e-06
1.486805389986061e-06
1.804911473926784e-06
2.190481316979381e-06
2.657536571314899e-06
3.223096946160942e-06
3.907752421946410e-06
4.736377192960465e-06
5.738736812657040e-06
6.951255653439798e-06
8.416484600973138e-06
1.018765644801963e-05
1.232657989233977e-05
1.490956237671779e-05
1.802719347438292e-05
2.178927943780099e-05
2.632417924596790e-05
3.179195761398775e-05
3.837985472819671e-05
4.631380148936362e-05
5.586420905739210e-05
6.735676114897859e-05
8.117296805448793e-05
9.777917625724749e-05
1.177310032692227e-04
1.416817337522711e-04
1.704176571647199e-04
2.048830826009739e-04
2.461810010130348e-04
2.956556249165303e-04
3.548592675595383e-04
4.256730167193226e-04
5.103086014480527e-04
6.114444729009011e-04
7.320571688811013e-04
8.759008226187916e-04
1.047334543226164e-03
1.251426747382920e-03
1.494207950050449e-03
1.782652133669509e-03
2.124991745913018e-03
2.531362076491083e-03
3.012707770985161e-03
3.582256046704446e-03
4.255749013855670e-03
5.051124698199496e-03
5.988565653510198e-03
7.092910511315110e-03
8.392566320525159e-03
9.919193874397526e-03
1.170780964550200e-02
1.380301429470648e-02
1.625260947943121e-02
1.911003392455667e-02
2.243915251891546e-02
2.630800703230440e-02
3.079747369379602e-02
3.599129915487788e-02
4.198780222753370e-02
4.889616840033016e-02
5.683359249937745e-02
6.592135509257846e-02
7.630358505379851e-02
8.811910073181103e-02
1.015259981510408e-01
1.166704596295996e-01
1.337228981037494e-01
1.528329957384832e-01
1.741624847877841e-01
1.978170482836569e-01
2.239305613920405e-01
2.525988457690198e-01
2.838510487399124e-01
3.177032339892179e-01
3.540913672934803e-01
3.928869464253161e-01
4.338859381074029e-01
4.767788296174544e-01
5.212049471332244e-01
5.666637875432102e-01
6.125930425418918e-01
6.583655286080428e-01
7.032856202862761e-01
7.466192688521039e-01
7.876571622226063e-01
8.257037206434746e-01
8.599393143745855e-01
8.907669839592878e-01
9.171077788299051e-01
9.390749302017484e-01
9.567986392469379e-01
9.705709195793001e-01
9.808323465485945e-01
9.881302431012362e-01
9.930520403473831e-01
9.961654860271550e-01
9.980499046980852e-01
9.990822730148414e-01
9.996065758965172e-01
9.998486103233104e-01
9.999485884458116e-01
9.999849581746686e-01
9.999961299385560e-01
9.999991057017389e-01
9.999998232115016e-01
9.999999706419455e-01
9.999999959696408e-01
9.999999995564738e-01
9.999999999598700e-01
9.999999999974474e-01
9.999999999998120e-01
1.000000000000006e+00
9.999999999999970e-01
1.000000000000001e+00
9.999999999999999e-01
1.000000000000000e+00
1.000000000000000e+00
1.000000000000000e+00
1.000000000000000e+00
1.000000000000000e+00
1.000000000000000e+00
1.000000000000000e+00
1.000000000000000e+00
1.000000000000000e+00
1.000000000000000e+00
1.000000000000000e+00
1.000000000000000e+00
