#./build/bin/rcbk -ic FILE ./data/ic/79/ic_208_8.dat -rc BALITSKY -alphas_scaling 6.006278339730544 -maxy 12 -fast -output ./data/bks/79/ic_208_8.dat 
# BK equation solver 20160623 (build May 19 2026 14:19:13)
# Heikki Mäntysaari <mantysaari@bnl.gov>, 2011-2016
# Running coupling: Balitsky
# Scaling factor C^2 in alpha_s: 6.00628
# Initial condition is String is not impelmented for the current IC N(r=0.0333803 1/GeV) = 0.000309379
# \alpha_s = 12 \pi / [ (33.0 - 2.0*Nf) * log(4.0*C^2/(r^2*lambdaqcd^2) ], C^2=6.00628, lambdaqcd=0.241 GeV, maxalphas=0.7 nf=3
# Using fast (and not so accurate) parameters
# Solving BK equation up to y=12
# r limits: 1e-05 - 100 points 150 multiplier 1.11424
# maxy 12 ystep 0.2
###1.000000000000000e-05
###1.114242875232510e+00
###150
###0.000000000000000e+00
###0.000000000000000e+00
0.000000000000000e+00
8.681776848448594e-11
1.066407878372581e-10
1.313515883899162e-10
1.616968867313852e-10
1.989881426063251e-10
2.449045152169061e-10
3.013837890063213e-10
3.708531018954913e-10
4.563037691526394e-10
5.613966751261940e-10
6.906361193699229e-10
8.495568898228653e-10
1.044956001523105e-09
1.285184920952374e-09
1.580500528073730e-09
1.943497587791443e-09
2.389644559879340e-09
2.937932024711270e-09
3.611671477720601e-09
4.439482849523288e-09
5.456489055746571e-09
6.705787865447014e-09
8.240270823462594e-09
1.012482107172134e-08
1.243902179477339e-08
1.528050079986101e-08
1.876896827480690e-08
2.305119348916165e-08
2.830714551957051e-08
3.475739926194222e-08
4.267226556715152e-08
5.238304816505694e-08
6.429560497422629e-08
7.890707058226266e-08
9.682645736828050e-08
1.187994456572039e-07
1.457389613376735e-07
1.787628123215088e-07
2.192389262067237e-07
2.688411689871153e-07
3.296179858886817e-07
4.040748094373106e-07
4.952757887015497e-07
6.069687690784245e-07
7.437351684416236e-07
9.111751011026430e-07
1.116134598329813e-06
1.366977803218723e-06
1.673923439453592e-06
2.049457422622690e-06
2.508826689335727e-06
3.070650260187054e-06
3.757667996910015e-06
4.597636151213414e-06
5.624437019946591e-06
6.879437828086294e-06
8.413115583397837e-06
1.028707398073039e-05
1.257651249482737e-05
1.537317963871983e-05
1.878904710727772e-05
2.296080780588685e-05
2.805526162347235e-05
3.427603436901706e-05
4.187180693205532e-05
5.114618821304109e-05
6.247007051053951e-05
7.629677407326610e-05
9.318027129199977e-05
1.137980656454746e-04
1.389792632012457e-04
1.697384849375751e-04
2.073185545763152e-04
2.532429225173586e-04
3.093792853956237e-04
3.780197862758457e-04
4.619795605252690e-04
5.647168856189671e-04
6.904845882975375e-04
8.445160853133268e-04
1.033253155466061e-03
1.264632226614561e-03
1.548435923747129e-03
1.896724751578576e-03
2.324377037537116e-03
2.849750940804280e-03
3.495498126134668e-03
4.289574038094302e-03
5.266472402038916e-03
6.468739058493047e-03
7.948830931758542e-03
9.771370473411244e-03
1.201588864968279e-02
1.478013097003557e-02
1.818399906932418e-02
2.237425678397580e-02
2.752999361380339e-02
3.386888174386513e-02
4.165430441545531e-02
5.120288247778017e-02
6.289213815759612e-02
7.716790618710327e-02
9.454927538445056e-02
1.156298110694434e-01
1.410727956939929e-01
1.715935282008577e-01
2.079261220593599e-01
2.507672818143920e-01
3.006848723724924e-01
3.579956013446364e-01
4.225947597559278e-01
4.937619906934378e-01
5.699880569215120e-01
6.487929148291013e-01
7.267895838004804e-01
7.999628369996701e-01
8.641044519290120e-01
9.159106578150288e-01
9.536556545172451e-01
9.778860516423544e-01
9.912136031545471e-01
9.971662692107075e-01
9.993431099836979e-01
9.998816435149902e-01
9.999856980052979e-01
9.999988983725477e-01
1.000000069284896e+00
9.999999888411741e-01
9.999999717779294e-01
1.000000015318788e+00
9.999999989375252e-01
9.999999966519895e-01
1.000000001774952e+00
9.999999998961110e-01
9.999999996028263e-01
1.000000000205558e+00
9.999999999902488e-01
9.999999999529158e-01
1.000000000023794e+00
9.999999999991420e-01
9.999999999944219e-01
1.000000000002753e+00
9.999999999999329e-01
9.999999999993395e-01
1.000000000000319e+00
9.999999999999960e-01
9.999999999999201e-01
1.000000000000042e+00
1.000000000000000e+00
###2.000000000000000e-01
8.931714446795077e-12
9.595129929787007e-11
1.182265393510502e-10
1.458491514923921e-10
1.797444048474024e-10
2.214727146216172e-10
2.727862220565274e-10
3.358790524663072e-10
4.134613172212391e-10
5.088717424261199e-10
6.261919506203026e-10
7.704534382782515e-10
9.478162960138764e-10
1.165881510005327e-09
1.433938537008783e-09
1.763436027149674e-09
2.168405931813136e-09
2.666103550208782e-09
3.277704791197412e-09
4.029122485675319e-09
4.952614014038152e-09
6.086433575774666e-09
7.479430803690336e-09
9.190367368253213e-09
1.129121123497407e-08
1.387107621555017e-08
1.703837717609212e-08
2.092644808149893e-08
2.569884311385821e-08
3.155592932770252e-08
3.874341032502269e-08
4.756245231187848e-08
5.838145724529545e-08
7.165222919817906e-08
8.792801632900940e-08
1.078889023593320e-07
1.323624882904297e-07
1.623657426625333e-07
1.991437457185524e-07
2.442163449441794e-07
2.994491623006369e-07
3.671203576420994e-07
4.500191467585168e-07
5.515556604283956e-07
6.758916598770997e-07
8.281479261172308e-07
1.014532252425510e-06
1.242667435157089e-06
1.521876279214234e-06
1.863554656988082e-06
2.281462658202705e-06
2.792696124241518e-06
3.417948942545956e-06
4.182482995544477e-06
5.117274552275009e-06
6.259762755443870e-06
7.656293453002208e-06
9.362835610389992e-06
1.144766998850443e-05
1.399474912984086e-05
1.710614512501014e-05
2.090616618776269e-05
2.554614917724268e-05
3.121254055889868e-05
3.813107916820433e-05
4.657794722606738e-05
5.689004320601306e-05
6.947813379774596e-05
8.484764211466386e-05
1.036063320120812e-04
1.265104243803594e-04
1.544773461693576e-04
1.886268239946584e-04
2.303262671484928e-04
2.812665231672249e-04
3.434884376903195e-04
4.195346125609995e-04
5.124714441427778e-04
6.261145099034528e-04
7.651042341669958e-04
9.351438968783181e-04
1.143256617877946e-03
1.398053074126531e-03
1.710150742715877e-03
2.092548120528174e-03
2.561308944511341e-03
3.136146899006778e-03
3.841186827682858e-03
4.706326086606221e-03
5.768202615434757e-03
7.071760627090902e-03
8.672391266490713e-03
1.063751238368448e-02
1.305023511939840e-02
1.601236353590008e-02
1.964725468945158e-02
2.410594494684159e-02
2.957120050358245e-02
3.626421719546884e-02
4.444984696586755e-02
5.444481267416967e-02
6.662530113952397e-02
8.142916010792683e-02
9.936261310959946e-02
1.210013450580029e-01
1.469784052374085e-01
1.779671076327257e-01
2.146450226257486e-01
2.576491511514756e-01
3.074636655751584e-01
3.643249756126385e-01
4.280589549729374e-01
4.979024756042139e-01
5.723572306183647e-01
6.490436433747203e-01
7.247742244132911e-01
7.958241571921518e-01
8.583523783876165e-01
9.093510833028984e-01
9.472469327729517e-01
9.724731794444119e-01
9.872746526566770e-01
9.947493942563791e-01
9.980864132417080e-01
9.993513415323133e-01
9.998014677362610e-01
9.999511152763846e-01
9.999900558309791e-01
9.999983093100190e-01
9.999997519772956e-01
9.999999843079426e-01
9.999999976180906e-01
9.999999978301457e-01
1.000000000990644e+00
9.999999999698626e-01
9.999999997704246e-01
1.000000000109844e+00
9.999999999972045e-01
9.999999999747899e-01
1.000000000011929e+00
9.999999999997492e-01
9.999999999972670e-01
1.000000000001277e+00
9.999999999999810e-01
9.999999999997058e-01
1.000000000000135e+00
9.999999999999991e-01
9.999999999999677e-01
1.000000000000016e+00
1.000000000000000e+00
###4.000000000000000e-01
1.861814058741624e-11
1.060853673346146e-10
1.310652640002249e-10
1.619034951824468e-10
1.997454309751586e-10
2.463561548394340e-10
3.036349640962179e-10
3.740369425889869e-10
4.605863510899729e-10
5.670043407356699e-10
6.978357729991665e-10
8.586944121178010e-10
1.056432144478715e-09
1.299529705815913e-09
1.598325958519592e-09
1.965557924587086e-09
2.416869778300248e-09
2.971465045698133e-09
3.652897737522156e-09
4.490038087520453e-09
5.519052688598681e-09
6.781715267315835e-09
8.333135316412546e-09
1.023857137368540e-08
1.257778592509057e-08
1.545032853209907e-08
1.897655793122312e-08
2.330467452884306e-08
2.861684499227122e-08
3.513549691748588e-08
4.313424052159453e-08
5.294790972942744e-08
6.498576645823618e-08
7.974988265321438e-08
9.785506334650139e-08
1.200591760229859e-07
1.472803843980955e-07
1.806473459749236e-07
2.215465555369549e-07
2.716634560064158e-07
3.330749207597270e-07
4.083055272932535e-07
5.004582477058942e-07
6.133240236070797e-07
7.515234457796191e-07
9.207223576562709e-07
1.127841018953634e-06
1.381330813198065e-06
1.691557786479179e-06
2.071196904676966e-06
2.535399805602303e-06
3.103265122941022e-06
3.797741274621829e-06
4.646828399127622e-06
5.684988128790061e-06
6.953525048604980e-06
8.504157710728397e-06
1.039880178116612e-05
1.271296130927039e-05
1.554002256348481e-05
1.899318835679380e-05
2.321005747162191e-05
2.835775086441027e-05
3.464378053162631e-05
4.231764752779743e-05
5.168501035512094e-05
6.311840555673669e-05
7.707127344025501e-05
9.410451467647510e-05
1.148835153071445e-04
1.402480162947586e-04
1.712092669520985e-04
2.089986282526565e-04
2.551155891172937e-04
3.114273903839719e-04
3.801583132492600e-04
4.641135671596417e-04
5.666246813002218e-04
6.918805760273684e-04
8.449274877320061e-04
1.031959023721829e-03
1.260602739628346e-03
1.540169544278895e-03
1.882139887758944e-03
2.300481513467621e-03
2.812475860280824e-03
3.439225379933296e-03
4.206364137611566e-03
5.145762001177301e-03
6.296230559658866e-03
7.705137274142764e-03
9.430811763149853e-03
1.154347728075009e-02
1.412979708643042e-02
1.729556570912460e-02
2.116753733198268e-02
2.590087027578616e-02
3.168184063300594e-02
3.873490605366763e-02
4.732615362331727e-02
5.777211338210718e-02
7.044719775190793e-02
8.578114309966864e-02
1.042672734870863e-01
1.264632826325759e-01
1.529727662705843e-01
1.844285365904665e-01
2.214545426029245e-01
2.646305956730661e-01
3.143636404052920e-01
3.708162626119743e-01
4.337518006061982e-01
5.023705825417762e-01
5.751878215649221e-01
6.499175277363587e-01
7.235557453555057e-01
7.926376355913477e-01
8.536452518227647e-01
9.038311188451343e-01
9.417529060701343e-01
9.677489270306557e-01
9.837569578414707e-01
9.925108126819527e-01
9.968578414807808e-01
9.987831851255363e-01
9.995761764962290e-01
9.998792640959929e-01
9.999708323877001e-01
9.999940445245084e-01
9.999989910809992e-01
9.999998703053664e-01
9.999999858292647e-01
9.999999975699276e-01
1.000000000498087e+00
9.999999999931778e-01
9.999999998688418e-01
1.000000000058112e+00
9.999999999999316e-01
9.999999999864996e-01
1.000000000005972e+00
9.999999999999639e-01
9.999999999986621e-01
1.000000000000592e+00
9.999999999999969e-01
9.999999999998690e-01
1.000000000000058e+00
1.000000000000000e+00
9.999999999999870e-01
1.000000000000006e+00
1.000000000000000e+00
###6.000000000000001e-01
2.912872084238906e-11
1.173063460403395e-10
1.452708997187091e-10
1.796589166274644e-10
2.218585006731255e-10
2.738695240718582e-10
3.377209713838203e-10
4.161910582943802e-10
5.126381155513667e-10
6.312046905283972e-10
7.769478994669911e-10
9.561191369803918e-10
1.176340707602663e-09
1.447041882486851e-09
1.779733434438816e-09
2.188575029345122e-09
2.690966403822823e-09
3.308266595087295e-09
4.066608465551385e-09
4.998236481337071e-09
6.143450100437643e-09
7.548048289847286e-09
9.273835525660850e-09
1.139326598350534e-08
1.399485661950649e-08
1.718912748222841e-08
2.111035892496349e-08
2.592234951463029e-08
3.182789536424643e-08
3.907374830547789e-08
4.796385963202169e-08
5.886978191999526e-08
7.224605243361684e-08
8.864956906372802e-08
1.087623031466894e-07
1.334273721944022e-07
1.636620055880950e-07
2.007168101387733e-07
2.461328185812850e-07
3.017764141480540e-07
3.699546126951990e-07
4.534639972700019e-07
5.557422555235073e-07
6.810015650391647e-07
8.343603652105014e-07
1.022080963880391e-06
1.251854607225811e-06
1.533045185101340e-06
1.877123683794789e-06
2.298173911025702e-06
2.812875689836955e-06
3.442472787701085e-06
4.212366033737754e-06
5.153523024325496e-06
6.304145533697834e-06
7.709810110715693e-06
9.427945566557458e-06
1.152692097548604e-05
1.409003930580232e-05
1.722084002714094e-05
2.104450709241687e-05
2.571293340963007e-05
3.141021926871905e-05
3.836643778818544e-05
4.685657849069105e-05
5.721784511228201e-05
6.986086871171796e-05
8.528468193588231e-05
1.041092010901282e-04
1.270613888959069e-04
1.550695360055527e-04
1.892444264445830e-04
2.309358142792724e-04
2.817829994916861e-04
3.438389840433911e-04
4.195219886422747e-04
5.119124871863064e-04
6.246212325553106e-04
7.622271111746810e-04
9.302007374038287e-04
1.135246915423682e-03
1.385621239262198e-03
1.691361189238611e-03
2.064838853963656e-03
2.521022616145757e-03
3.078444430239843e-03
3.759629026059968e-03
4.591755096742976e-03
5.608696213871715e-03
6.851466788203700e-03
8.369881527289876e-03
1.022521375195505e-02
1.249049916494183e-02
1.525592572384139e-02
1.863121322637130e-02
2.274645092985875e-02
2.776077429836729e-02
3.386380457644834e-02
4.128301092604639e-02
5.028548559757121e-02
6.118728181899968e-02
7.436063358360381e-02
9.022703979521447e-02
1.092668932451043e-01
1.320198294405812e-01
1.590607240441679e-01
1.909832871108091e-01
2.283605178989560e-01
2.717174669856096e-01
3.213896322558429e-01
3.774716016767735e-01
4.396702430232829e-01
5.071546254920317e-01
5.784552995721827e-01
6.513717200468115e-01
7.230735940199021e-01
7.903243406141695e-01
8.498926598744195e-01
8.992605898415533e-01
9.370999687693029e-01
9.636702859924247e-01
9.806524852194284e-01
9.904717419578346e-01
9.956890437923134e-01
9.982061247388686e-01
9.993273591964822e-01
9.997900778027743e-01
9.999437093943887e-01
9.999871189816464e-01
9.999975432749452e-01
9.999996215991647e-01
9.999999531421436e-01
9.999999946336224e-01
1.000000000002154e+00
9.999999999843530e-01
9.999999999257984e-01
1.000000000030266e+00
1.000000000000831e+00
9.999999999927597e-01
1.000000000002989e+00
1.000000000000026e+00
9.999999999993460e-01
1.000000000000274e+00
1.000000000000001e+00
9.999999999999416e-01
1.000000000000024e+00
1.000000000000000e+00
9.999999999999948e-01
1.000000000000002e+00
1.000000000000000e+00
###8.000000000000000e-01
4.054936588629836e-11
1.297213027196141e-10
1.609663389663320e-10
1.992672893889430e-10
2.462733400071752e-10
3.042277926658847e-10
3.753345429929517e-10
4.627033713106979e-10
5.700566767869196e-10
7.020145538683619e-10
8.641901905612462e-10
1.063539170224264e-09
1.308529624265358e-09
1.609635541482654e-09
1.979655910192843e-09
2.434311732158936e-09
2.992930326525191e-09
3.679241001935754e-09
4.522217137760708e-09
5.557788201118929e-09
6.830789165207244e-09
8.391464776890403e-09
1.030897283921680e-08
1.266359493633512e-08
1.555348849207802e-08
1.910115033919478e-08
2.345617868661512e-08
2.879953204253018e-08
3.535631068249014e-08
4.340019039882624e-08
5.326818172894813e-08
6.537103910899425e-08
8.021602463637868e-08
9.841655665414334e-08
1.207291094459629e-07
1.480900440208419e-07
1.816237990940592e-07
2.227157197337310e-07
2.730744202220657e-07
3.347637790690273e-07
4.103412176838281e-07
5.029001049134448e-07
6.162456850373125e-07
7.550384154791671e-07
9.249254755098505e-07
1.132883296535182e-06
1.387372491938901e-06
1.698768121210590e-06
2.079739630719267e-06
2.545871253874906e-06
3.115589135910515e-06
3.812368423873218e-06
4.664321035520559e-06
5.705541774145650e-06
6.978220588348143e-06
8.532925339071223e-06
1.043283632968016e-05
1.275341425624562e-05
1.558636825887545e-05
1.904615069818108e-05
2.327082215777405e-05
2.842762464438329e-05
3.471889035788048e-05
4.239882833987303e-05
5.176972284223972e-05
6.320248900837085e-05
7.714842042510532e-05
9.415518468035485e-05
1.149054191125514e-04
1.401917488639219e-04
1.710367607502519e-04
2.086552399044402e-04
2.545237901871496e-04
3.104290166352673e-04
3.786194234459997e-04
4.617179062088181e-04
5.630933681753772e-04
6.866501137855298e-04
8.373741979314462e-04
1.021179543543666e-03
1.245303435543822e-03
1.518653619745068e-03
1.852020858305240e-03
2.258698082502108e-03
2.754685869450072e-03
3.359800008647421e-03
4.098021277088235e-03
4.998107825835523e-03
6.095968648108614e-03
7.434849882292745e-03
9.067036647823198e-03
1.105675196437714e-02
1.347984829629612e-02
1.643001132942579e-02
2.002082334512907e-02
2.438564321926097e-02
2.968744365657577e-02
3.611902810981730e-02
4.391056788864859e-02
5.333014062869066e-02
6.469284100492494e-02
7.836841936614529e-02
9.477000869785147e-02
1.143650388811287e-01
1.376750532786630e-01
1.652468947053164e-01
1.976364860038824e-01
2.353683189071040e-01
2.789150084394280e-01
3.285457782041953e-01
3.842924539319869e-01
4.458107750885305e-01
5.122432569495087e-01
5.821362885253205e-01
6.533703728807946e-01
7.232720668970335e-01
7.888120566344536e-01
8.470122924013298e-01
8.955570639935824e-01
9.332199381440059e-01
9.601949820111569e-01
9.779487574490583e-01
9.886452269801385e-01
9.946033987873368e-01
9.976428342698722e-01
9.990696592096270e-01
9.996900604480892e-01
9.999105310234564e-01
9.999778002140544e-01
9.999953735262015e-01
9.999992061052205e-01
9.999998903664989e-01
9.999999874244715e-01
9.999999991997767e-01
9.999999999377914e-01
9.999999999570293e-01
1.000000000015309e+00
1.000000000000995e+00
9.999999999961026e-01
1.000000000001498e+00
1.000000000000033e+00
9.999999999996810e-01
1.000000000000126e+00
1.000000000000002e+00
9.999999999999740e-01
1.000000000000010e+00
1.000000000000000e+00
9.999999999999979e-01
1.000000000000001e+00
1.000000000000000e+00
###1.000000000000000e+00
5.295943489137268e-11
1.434300791318213e-10
1.782853527179591e-10
2.208914469246348e-10
2.731936558971103e-10
3.376989168404004e-10
4.167881606871334e-10
5.139735621643356e-10
6.333160186853634e-10
7.800151460453000e-10
9.602668144420861e-10
1.181828181422702e-09
1.454056712768254e-09
1.788620723307705e-09
2.199676606470346e-09
2.704728144289772e-09
3.325159123208628e-09
4.087309714373242e-09
5.023302386784189e-09
6.173060532570952e-09
7.586406730834507e-09
9.318473133235460e-09
1.144645614336688e-08
1.405921223234282e-08
1.726561322383026e-08
2.120081779146897e-08
2.603124490709397e-08
3.195750251007024e-08
3.922798615633940e-08
4.814643237285454e-08
5.908566236016144e-08
7.249932309219890e-08
8.895237857725204e-08
1.091196747706173e-07
1.338411724582162e-07
1.641489060868188e-07
2.012892824670566e-07
2.467947153430111e-07
3.025541480420219e-07
3.708470906041747e-07
4.544963398199557e-07
5.569395515084217e-07
6.823606113259648e-07
8.359093447743659e-07
1.023819048977266e-06
1.253828602450422e-06
1.535245502735992e-06
1.879519412319526e-06
2.300641477242046e-06
2.815794004573323e-06
3.445336131735441e-06
4.215117401464679e-06
5.156190813359360e-06
6.306025016515721e-06
7.711121159336009e-06
9.427412276710963e-06
1.152428671362381e-05
1.408483176242869e-05
1.720980233808593e-05
2.102536525507395e-05
2.568340003039814e-05
3.136760611224701e-05
3.829985983330712e-05
4.676016281292426e-05
5.707998332744950e-05
6.966621461407469e-05
8.501349607711279e-05
1.037213011076817e-04
1.265388650258725e-04
1.543286989310436e-04
1.882132260283539e-04
2.295172396682763e-04
2.798515735864491e-04
3.411583315579546e-04
4.158916382181128e-04
5.068900434594006e-04
6.178245544585466e-04
7.529076093426137e-04
9.175502133984715e-04
1.118128910827898e-03
1.362435171437624e-03
1.660053607927799e-03
2.022580025704957e-03
2.464183498730978e-03
3.002002856835336e-03
3.657147010414419e-03
4.455086660463855e-03
5.426193742208341e-03
6.608444827794633e-03
8.047346410279731e-03
9.797676370030792e-03
1.192661398901643e-02
1.451283023377706e-02
1.765348178207990e-02
2.146595254473746e-02
2.608680224262292e-02
3.168270504251543e-02
3.844948254867572e-02
4.661946526230366e-02
5.646243738906122e-02
6.829132700872145e-02
8.247335742054593e-02
9.941316820147171e-02
1.195651919745890e-01
1.434328706162292e-01
1.715356546406718e-01
2.043929097382867e-01
2.424828514643301e-01
2.862278687666782e-01
3.358353109651191e-01
3.912796289707532e-01
4.521694492144340e-01
5.176247299811988e-01
5.862084553140943e-01
6.558768743414155e-01
7.240995392666616e-01
7.880345266592043e-01
8.449288568498644e-01
8.926455050841572e-01
9.300494054277931e-01
9.572816371620598e-01
9.756301302251130e-01
9.870369498580353e-01
9.936172776124014e-01
9.971104906514179e-01
9.988149569116251e-01
9.995851291312180e-01
9.998733631277876e-01
9.999665834715387e-01
9.999925420411250e-01
9.999986154477655e-01
9.999997915404404e-01
9.999999744908188e-01
9.999999977985132e-01
9.999999998330468e-01
9.999999999706589e-01
1.000000000007186e+00
1.000000000000898e+00
9.999999999978858e-01
1.000000000000755e+00
1.000000000000025e+00
9.999999999998451e-01
1.000000000000058e+00
1.000000000000002e+00
9.999999999999885e-01
1.000000000000004e+00
1.000000000000000e+00
9.999999999999992e-01
1.000000000000000e+00
1.000000000000000e+00
###1.200000000000000e+00
6.644952345121128e-11
1.585447103139682e-10
1.973821140625378e-10
2.447098874921777e-10
3.028376852053011e-10
3.745378723779609e-10
4.624254927560509e-10
5.703951587917892e-10
7.029257234042321e-10
8.658274271340000e-10
1.065949693739982e-09
1.311913486135137e-09
1.614081247576573e-09
1.985387024785232e-09
2.441531706578244e-09
3.001900728996733e-09
3.690189064448776e-09
4.535579661624840e-09
5.573695308209512e-09
6.848724264565486e-09
8.416012003565911e-09
1.033603527173707e-08
1.269474764832856e-08
1.559043400745738e-08
1.914368845419781e-08
2.350349088982003e-08
2.885452574822443e-08
3.541902720883622e-08
4.347028220666923e-08
5.334621257835970e-08
6.545719192852000e-08
8.030472584863279e-08
9.851571489448168e-08
1.208323419370481e-07
1.481857507430579e-07
1.817125506924624e-07
2.227881804499577e-07
2.731138902194998e-07
3.347661944155608e-07
4.102612134448990e-07
5.027114375524574e-07
6.159188745545408e-07
7.545047703765859e-07
9.241098307634558e-07
1.131657036034831e-06
1.385657536707784e-06
1.696361256221457e-06
2.076380105570409e-06
2.541142416685637e-06
3.109503655481817e-06
3.804014163856690e-06
4.653006076587875e-06
5.690722999863983e-06
6.958320076938504e-06
8.506830007585033e-06
1.039805644179736e-05
1.270804247036025e-05
1.552806630992043e-05
1.896860149138932e-05
2.316837438093975e-05
2.829407433892362e-05
3.454702194077111e-05
4.217001184745108e-05
5.147057940553566e-05
6.281135224470138e-05
7.663757170085039e-05
9.349002554235323e-05
1.140232870866926e-04
1.390542108207223e-04
1.695287589321677e-04
2.066655662587452e-04
2.519091609873657e-04
3.070119002371231e-04
3.740799342797558e-04
4.557835142624342e-04
5.551880791606144e-04
6.762809271437968e-04
8.235974823761291e-04
1.002992063380671e-03
1.221323544875575e-03
1.486959714152963e-03
1.810187417416641e-03
2.203438921966742e-03
2.681776794469649e-03
3.263522667585333e-03
3.971109288273340e-03
4.831531184460827e-03
5.876807941717410e-03
7.147016237745249e-03
8.689951247500119e-03
1.056290515167529e-02
1.283602043887902e-02
1.559078587978206e-02
1.892780245273145e-02
2.296819634771552e-02
2.785165631040391e-02
3.374842549312998e-02
4.085718008735696e-02
4.941222540305724e-02
5.968472385334249e-02
7.198528773782481e-02
8.667823812250564e-02
1.041595903866157e-01
1.248707412890755e-01
1.492970381781766e-01
1.779311331212349e-01
2.112569797307727e-01
2.497085544092877e-01
2.936600964044081e-01
3.432602610579297e-01
3.984332720358836e-01
4.587418656069802e-01
5.232875148875706e-01
5.906503168254037e-01
6.588568670299715e-01
7.255079674673328e-01
7.879307846695301e-01
8.435728756348431e-01
8.904566831501199e-01
9.275291676090155e-01
9.548896861992426e-01
9.736778426189169e-01
9.856475474101277e-01
9.927413136714992e-01
9.966217634784318e-01
9.985726632239098e-01
9.994804164305230e-01
9.998342701293657e-01
9.999540894911151e-01
9.999891791715027e-01
9.999978638295941e-01
9.999996553883123e-01
9.999999549393954e-01
9.999999955479517e-01
9.999999996441546e-01
9.999999999700994e-01
1.000000000002530e+00
1.000000000000729e+00
9.999999999988370e-01
1.000000000000385e+00
1.000000000000015e+00
9.999999999999253e-01
1.000000000000026e+00
1.000000000000001e+00
9.999999999999949e-01
1.000000000000002e+00
1.000000000000000e+00
9.999999999999997e-01
1.000000000000000e+00
1.000000000000000e+00
###1.400000000000000e+00
8.111656834283066e-11
1.751998614481551e-10
2.183926674289832e-10
2.709120505135538e-10
3.354421871925668e-10
4.150435552807326e-10
5.126033879957696e-10
6.323826464670861e-10
7.794286721982618e-10
9.601141924071766e-10
1.182061334956680e-09
1.454809118788045e-09
1.789836453070435e-09
2.201454852010274e-09
2.707067086931398e-09
3.328101562802955e-09
4.090797112269945e-09
5.027450366549354e-09
6.177495220725442e-09
7.589777233200994e-09
9.325709678957470e-09
1.145157122078940e-08
1.406282228765231e-08
1.726819205115250e-08
2.120098222310594e-08
2.602556556232537e-08
3.194604903875263e-08
3.920802122372423e-08
4.811325700478259e-08
5.903489279467737e-08
7.242591445256253e-08
8.884038565997614e-08
1.089703698891874e-07
1.336318619185265e-07
1.638584333177134e-07
2.008942732191027e-07
2.462637817258701e-07
3.018438711415332e-07
3.699163675063130e-07
4.532570068627937e-07
5.552906758271934e-07
6.802124080698214e-07
8.331104465176837e-07
1.020191410213809e-06
1.249102155132624e-06
1.529154365221890e-06
1.871661113851934e-06
2.290494907185900e-06
2.802609988778407e-06
3.428686986518853e-06
4.193626994469901e-06
5.128447418750392e-06
6.270799249354013e-06
7.665888827257377e-06
9.369543484714336e-06
1.144989695704689e-05
1.399015028922140e-05
1.709035308750028e-05
2.087144788327300e-05
2.548556796788967e-05
3.111526823962257e-05
3.798071147326610e-05
4.634704917593692e-05
5.655117884971528e-05
6.898895186584162e-05
8.414643406662684e-05
1.026134872684584e-04
1.251032005368775e-04
1.525037005830212e-04
1.858510714328093e-04
2.264633741194889e-04
2.759130502946262e-04
3.361013379425287e-04
4.093072380091845e-04
4.984280283099477e-04
6.067675377648331e-04
7.386440571209164e-04
8.989311317917706e-04
1.093945337093174e-03
1.331047984516184e-03
1.619205125166357e-03
1.969433572110010e-03
2.395027259988276e-03
2.911975057637014e-03
3.539811866194773e-03
4.302330139099191e-03
5.228082381060771e-03
6.350769226399886e-03
7.712600308344250e-03
9.363687480045275e-03
1.136385794646829e-02
1.378622454630215e-02
1.671509081179617e-02
2.025447517723974e-02
2.452918784894895e-02
2.968197190183568e-02
3.588650953321564e-02
4.334416937060558e-02
5.229104658716199e-02
6.299937027356764e-02
7.577727590928501e-02
9.098583214450008e-02
1.090122929579030e-01
1.302849749564002e-01
1.552711472423186e-01
1.844372109404356e-01
2.182327692762807e-01
2.570496081925108e-01
3.012151922192571e-01
3.508239985636232e-01
4.057529582576734e-01
4.655232259924081e-01
5.292201689699638e-01
5.954411531649987e-01
6.622785291987686e-01
7.274526180708548e-01
7.884444381321667e-01
8.428805913003522e-01
8.889267028249461e-01
9.256037982124026e-01
9.529802256746202e-01
9.720718173617180e-01
9.844737314681292e-01
9.919814846016141e-01
9.961854812155658e-01
9.983498766156916e-01
9.993801798471469e-01
9.997951692700844e-01
9.999409817236012e-01
9.999854598560425e-01
9.999969836879994e-01
9.999994853238561e-01
9.999999286718541e-01
9.999999923456698e-01
9.999999993484067e-01
9.999999999562580e-01
9.999999999994116e-01
1.000000000000551e+00
9.999999999993446e-01
1.000000000000201e+00
1.000000000000008e+00
9.999999999999644e-01
1.000000000000012e+00
1.000000000000001e+00
9.999999999999977e-01
1.000000000000001e+00
1.000000000000000e+00
9.999999999999999e-01
1.000000000000000e+00
1.000000000000000e+00
###1.600000000000000e+00
9.706496619969429e-11
1.935369093681321e-10
2.414648949441089e-10
2.997018138898682e-10
3.712602630383030e-10
4.595312246788838e-10
5.677068771237536e-10
7.004407369014863e-10
8.634036283845788e-10
1.063602435219649e-09
1.309480993052637e-09
1.611593861286146e-09
1.982640410648457e-09
2.438437471510945e-09
2.998254369152024e-09
3.685744962427609e-09
4.529931800692178e-09
5.566513084066124e-09
6.839085172101716e-09
8.401511960968382e-09
1.032202341523600e-08
1.267290993362282e-08
1.556049083711582e-08
1.910444449870429e-08
2.345203246098702e-08
2.878453332032838e-08
3.532710304398104e-08
4.335071135180529e-08
5.318840968418974e-08
6.525128664414713e-08
8.003916638047741e-08
9.816286610538613e-08
1.203841551163765e-07
1.476031847765334e-07
1.809586354161808e-07
2.218189283850133e-07
2.718650873202083e-07
3.331652985091252e-07
4.082238416325664e-07
5.001007793391152e-07
6.125551381095877e-07
7.502105166730692e-07
9.186574968552314e-07
1.124722326791980e-06
1.376822309519437e-06
1.685155417353401e-06
2.062130428069940e-06
2.523077185792496e-06
3.086492176995810e-06
3.775099611666913e-06
4.616289083871029e-06
5.643985614701653e-06
6.899396115921098e-06
8.432374027296478e-06
1.030367982709910e-05
1.258823698925263e-05
1.537697001301474e-05
1.877925099425410e-05
2.292746330827318e-05
2.798785653412921e-05
3.416001989805359e-05
4.168423957265518e-05
5.084952914252862e-05
6.202406713782538e-05
7.563908538489060e-05
9.222406163382575e-05
1.124209839794372e-04
1.370050161503673e-04
1.669399727690240e-04
2.033569486571694e-04
2.476792265303663e-04
3.016144072645890e-04
3.672204390522887e-04
4.469582473601023e-04
5.439634340890571e-04
6.617899955427757e-04
8.051024343163000e-04
9.791278464191316e-04
1.190664590446446e-03
1.447596907068221e-03
1.759509158981112e-03
2.138183475638440e-03
2.597794193091329e-03
3.155291552201229e-03
3.831455019294453e-03
4.651472788277050e-03
5.645489722588083e-03
6.848920448505860e-03
8.306140662576131e-03
1.006960651905977e-02
1.220170013155214e-02
1.477851184971045e-02
1.788715462787490e-02
2.163503714118505e-02
2.615059601603857e-02
3.157955110153159e-02
3.809889552120930e-02
4.591252899370526e-02
5.525815072482718e-02
6.640875887041414e-02
7.966984024372557e-02
9.539888120894589e-02
1.139742301598345e-01
1.358110718314398e-01
1.613586175990672e-01
1.910575190840745e-01
2.253240174484058e-01
2.645102154623445e-01
3.088961452653630e-01
3.585280815671106e-01
4.132377161907970e-01
4.725083519515851e-01
5.354112661221526e-01
6.005608751673807e-01
6.661113646706612e-01
7.298915571460091e-01
7.895233366151652e-01
8.427932999572667e-01
8.879965020281025e-01
9.242219314917161e-01
9.515156676843372e-01
9.707906030523620e-01
9.835088679545991e-01
9.913400198690735e-01
9.958073149638063e-01
9.981516944302311e-01
9.992877882213763e-01
9.997577184843954e-01
9.999279026432790e-01
9.999815788892272e-01
9.999960197851607e-01
9.999992887463381e-01
9.999998964324440e-01
9.999999881654692e-01
9.999999989346098e-01
9.999999999291413e-01
9.999999999967351e-01
1.000000000000369e+00
9.999999999996174e-01
1.000000000000109e+00
1.000000000000003e+00
9.999999999999833e-01
1.000000000000005e+00
1.000000000000000e+00
9.999999999999989e-01
1.000000000000000e+00
1.000000000000000e+00
1.000000000000000e+00
1.000000000000000e+00
1.000000000000000e+00
###1.800000000000000e+00
1.144848284372413e-10
2.136527156679869e-10
2.667925093514628e-10
3.312976869126192e-10
4.105630147622149e-10
5.083370931527401e-10
6.281276378806113e-10
7.750790984948251e-10
9.554814934268822e-10
1.177059085827909e-09
1.449150660945240e-09
1.783421755430620e-09
2.193905318417456e-09
2.698062987010360e-09
3.317203932951881e-09
4.077409038389528e-09
5.010740801753395e-09
6.156609581361913e-09
7.563151554573123e-09
9.289704333169915e-09
1.141192246425577e-08
1.400873337803666e-08
1.719809564855423e-08
2.111192525110070e-08
2.591220812818436e-08
3.179905256582600e-08
3.902038393866360e-08
4.787480534929161e-08
5.872930448382586e-08
7.203631135960567e-08
8.834650904097308e-08
1.083323586908611e-07
1.328313824098449e-07
1.628349978839358e-07
1.995955691560351e-07
2.446174911455777e-07
2.997503111661098e-07
3.672653348617652e-07
4.499200109374571e-07
5.510722504066972e-07
6.748451600480959e-07
8.263248927078504e-07
1.011646009366152e-06
1.238304115650201e-06
1.515547254922272e-06
1.854532006333821e-06
2.268845857384171e-06
2.775388305595348e-06
3.394293416718088e-06
4.150615534449938e-06
5.074230884522228e-06
6.202303416266808e-06
7.579853971714503e-06
9.261571154925267e-06
1.131400812055365e-05
1.381865626952812e-05
1.687518896039471e-05
2.060282155112133e-05
2.514622824283253e-05
3.068669224072885e-05
3.744204216334439e-05
4.567392400638582e-05
5.569689481873861e-05
6.791239087018123e-05
8.278927671406843e-05
1.009031440541266e-04
1.229512901406789e-04
1.497746600300565e-04
1.824177127551392e-04
2.221109004934807e-04
2.703887680795900e-04
3.291022787775758e-04
4.004738513183937e-04
4.871556834026517e-04
5.925334024372474e-04
7.204232208867892e-04
8.758472153835259e-04
1.064414977009977e-03
1.293413567795994e-03
1.571275412956361e-03
1.908226790945858e-03
2.316841766429750e-03
2.812203655597967e-03
3.412256030589453e-03
4.139054982002701e-03
5.019220651341057e-03
6.084524839597745e-03
7.372128660637629e-03
8.928607166313631e-03
1.080878801395932e-02
1.307762722635842e-02
1.581419966078669e-02
1.910842006804698e-02
2.307105954954380e-02
2.783412380466425e-02
3.354622898648289e-02
4.038755215635705e-02
4.856436294771224e-02
5.831577747931169e-02
6.991527660635102e-02
8.366551652793970e-02
9.992008754300469e-02
1.190482805083575e-01
1.414520874271985e-01
1.675626814957566e-01
1.977954208287269e-01
2.325340947284977e-01
2.720924844758170e-01
3.167053806734793e-01
3.663734735236996e-01
4.208860062625024e-01
4.796916711733569e-01
5.418493621723492e-01
6.059903508270423e-01
6.703261261418908e-01
7.327857716082902e-01
7.911189839633118e-01
8.432567257495884e-01
8.876114767162466e-01
9.233351678692796e-01
9.504592360426446e-01
9.698121199562589e-01
9.827438194018357e-01
9.908162403611608e-01
9.954902322267311e-01
9.979814874080544e-01
9.992057574755412e-01
9.997232799556111e-01
9.999154314956882e-01
9.999777303687990e-01
9.999950230410454e-01
9.999990758521417e-01
9.999998596988059e-01
9.999999831374743e-01
9.999999984062182e-01
9.999999998891719e-01
9.999999999938661e-01
1.000000000000174e+00
9.999999999997647e-01
1.000000000000062e+00
9.999999999999998e-01
9.999999999999925e-01
1.000000000000002e+00
1.000000000000000e+00
9.999999999999994e-01
1.000000000000000e+00
1.000000000000000e+00
1.000000000000000e+00
1.000000000000000e+00
1.000000000000000e+00
###2.000000000000000e+00
1.333372161398214e-10
2.357150468807335e-10
2.945635179030158e-10
3.659342600396013e-10
4.536407268987392e-10
5.618206147816946e-10
6.943233444556149e-10
8.568433338713483e-10
1.056333789732448e-09
1.301306776844984e-09
1.602078415014333e-09
1.971527162804613e-09
2.425141287343919e-09
2.982177636546509e-09
3.666171912391942e-09
4.505848921703128e-09
5.536587106680838e-09
6.801843053064923e-09
8.354698698068253e-09
1.026045869909071e-08
1.260284553253473e-08
1.546805347113097e-08
1.898666849144708e-08
2.330395977201090e-08
2.859785545686219e-08
3.508900752085588e-08
4.305007588706918e-08
5.280968584215158e-08
6.477166844663762e-08
7.943337451345328e-08
9.740066073118318e-08
1.194128658196979e-07
1.463897369997237e-07
1.794215442092413e-07
2.198839030423916e-07
2.694285128593612e-07
3.300873209202420e-07
4.043508662028228e-07
4.952475473189428e-07
6.064636870798196e-07
7.425212247661081e-07
9.089914630056264e-07
1.112602845055862e-06
1.361573219339001e-06
1.666048807630211e-06
2.038187729162442e-06
2.492931035025324e-06
3.048749103446519e-06
3.727683697749833e-06
4.557160216449707e-06
5.569804827661106e-06
6.806251113007900e-06
8.315570355275459e-06
1.015765146130236e-05
1.240529065762278e-05
1.514702427988458e-05
1.849183760083397e-05
2.256949470952400e-05
2.753780429124839e-05
3.359440679231029e-05
4.097581398328452e-05
4.996687019794953e-05
6.090951320982271e-05
7.424038088861098e-05
9.046832063451722e-05
1.102178590458348e-04
1.342449199228670e-04
1.634600986845769e-04
1.989950552315923e-04
2.421793388211294e-04
2.946708177015239e-04
3.584693830605931e-04
4.359704546862958e-04
5.300271364193310e-04
6.442871907437907e-04
7.828413678058698e-04
9.510848533062162e-04
1.155028170663884e-03
1.402465445883706e-03
1.702399284919784e-03
2.065721942374700e-03
2.505826603696727e-03
3.038734663975506e-03
3.683415035424950e-03
4.463233194613825e-03
5.406277610947492e-03
6.545981763871890e-03
7.921285298161404e-03
9.580996023593333e-03
1.158233982263665e-02
1.399286468759281e-02
1.689463663285222e-02
2.038036227353913e-02
2.456414648424076e-02
2.958150652681504e-02
3.558387136864120e-02
4.275447547179407e-02
5.130179674160178e-02
6.146617933130095e-02
7.352130926114335e-02
8.776682051877852e-02
1.045521059026900e-01
1.242372382263849e-01
1.472109452428572e-01
1.738863762514331e-01
2.046540070888921e-01
2.398660058800142e-01
2.797990853229469e-01
3.246447790355186e-01
3.743605623265691e-01
4.286957427984769e-01
4.870672298607124e-01
5.485229801799827e-01
6.117107850914084e-01
6.748955525391670e-01
7.360984818839624e-01
7.931862207261076e-01
8.442205376623594e-01
8.877207828004704e-01
9.228981875181407e-01
9.497758988253908e-01
9.691138406211262e-01
9.821676100217143e-01
9.904068730809864e-01
9.952350684798771e-01
9.978411586845323e-01
9.991358169517116e-01
9.996929053964109e-01
9.999040531709024e-01
9.999740919775442e-01
9.999940449191159e-01
9.999988582716486e-01
9.999998204704743e-01
9.999999775063474e-01
9.999999977828640e-01
9.999999998378311e-01
9.999999999904992e-01
9.999999999999606e-01
9.999999999998443e-01
1.000000000000038e+00
9.999999999999983e-01
9.999999999999969e-01
1.000000000000001e+00
1.000000000000000e+00
9.999999999999998e-01
1.000000000000000e+00
1.000000000000000e+00
1.000000000000000e+00
1.000000000000000e+00
1.000000000000000e+00
###2.200000000000000e+00
1.538298463656564e-10
2.598673452170768e-10
3.249790469707226e-10
4.038611764185167e-10
5.008039928379429e-10
6.203669126294154e-10
7.667725193059299e-10
9.463173201180858e-10
1.166677815248579e-09
1.437225410260791e-09
1.769342341412959e-09
2.177229770393695e-09
2.677962533046777e-09
3.292754458584564e-09
4.047568672245810e-09
4.974007390493247e-09
6.111061706142930e-09
7.506593662169835e-09
9.219067166005282e-09
1.132028459175229e-08
1.390272594776345e-08
1.706052776885358e-08
2.093796909792307e-08
2.569483033115491e-08
3.152638153792746e-08
3.867556799339791e-08
4.744191692959874e-08
5.818663006620832e-08
7.135351022357212e-08
8.748863341657774e-08
1.072576620775894e-07
1.314724026682683e-07
1.611417325520265e-07
1.974628962373586e-07
2.419464320251029e-07
2.963990131849870e-07
3.630541854005569e-07
4.446387919419905e-07
5.444744818776307e-07
6.665956883287830e-07
8.159649684518498e-07
9.986715313886931e-07
1.222085262903326e-06
1.495202417650824e-06
1.829112502368121e-06
2.237121300538543e-06
2.735566260562147e-06
3.344618937755001e-06
4.088375182710005e-06
4.996747729963848e-06
6.105494482683010e-06
7.458788115761402e-06
9.110122120751768e-06
1.112493454021531e-05
1.358251845623539e-05
1.657956194231563e-05
2.023428868135688e-05
2.468807147030452e-05
3.011274978311879e-05
3.672323576124412e-05
4.477604872028426e-05
5.458090535823303e-05
6.650891768400971e-05
8.103338733191279e-05
9.870632335340544e-05
1.202039951924038e-04
1.463441772696728e-04
1.781113771292432e-04
2.167292898330498e-04
2.636319844898742e-04
3.206074566626996e-04
3.898122155202021e-04
4.738234893531174e-04
5.757052181268996e-04
6.993798231574393e-04
8.492252224582131e-04
1.031026617503944e-03
1.251211689489781e-03
1.518103113139606e-03
1.841295265275432e-03
2.232370858350886e-03
2.705569952199312e-03
3.277881625185677e-03
3.969332208932951e-03
4.804629985417034e-03
5.813368299924899e-03
7.030677174476216e-03
8.497306364315178e-03
1.026432987251539e-02
1.239139798063137e-02
1.494866770469816e-02
1.802120232961814e-02
2.170448805141447e-02
2.611593377515139e-02
3.139451025235476e-02
3.769437259057876e-02
4.520168592277070e-02
5.412697367433476e-02
6.471161688600738e-02
7.722923585497297e-02
9.197624137150766e-02
1.092975363392083e-01
1.295438057132370e-01
1.530904295430348e-01
1.803325389237724e-01
2.116360947013358e-01
2.473223986492127e-01
2.876322442364334e-01
3.327157044722561e-01
3.824891844414051e-01
4.366645405918739e-01
4.946287089966626e-01
5.554206012760540e-01
6.177038834172709e-01
6.797933811022822e-01
7.397950213784673e-01
7.956828723130226e-01
8.456378062928727e-01
8.882771551734343e-01
9.228684813272020e-01
9.494320681268937e-01
9.686731657056771e-01
9.817679026652645e-01
9.901069646388264e-01
9.950409897467203e-01
9.977313921200657e-01
9.990790083020169e-01
9.996673318418804e-01
9.998941450632289e-01
9.999708142252055e-01
9.999931326277405e-01
9.999986477474246e-01
9.999997809955371e-01
9.999999715967859e-01
9.999999970980760e-01
9.999999997778626e-01
9.999999999865813e-01
9.999999999997222e-01
9.999999999998871e-01
1.000000000000024e+00
9.999999999999978e-01
9.999999999999989e-01
1.000000000000000e+00
1.000000000000000e+00
9.999999999999999e-01
1.000000000000000e+00
1.000000000000000e+00
1.000000000000000e+00
1.000000000000000e+00
1.000000000000000e+00
###2.400000000000000e+00
1.760994539101499e-10
2.862985650558983e-10
3.582954217464992e-10
4.453459311848108e-10
5.523854177320694e-10
6.843870413732922e-10
8.459828495968725e-10
1.044125670077856e-09
1.287280748228823e-09
1.585755819947619e-09
1.952094892254812e-09
2.401939994261571e-09
2.954076508566867e-09
3.631900873751361e-09
4.463968109010264e-09
5.485026032408331e-09
6.737997084858961e-09
8.275534720116911e-09
1.016195336348446e-08
1.247612225481035e-08
1.532002025060614e-08
1.879644634371187e-08
2.306451968799172e-08
2.829977561070834e-08
3.471631884070471e-08
4.258126422973944e-08
5.222328987935109e-08
6.403890692216055e-08
7.851523230563193e-08
9.625114249447157e-08
1.179770493134179e-07
1.445832001366103e-07
1.771749810424312e-07
2.170652544989577e-07
2.659107369170570e-07
3.256848821287973e-07
3.988396684708449e-07
4.883570142700722e-07
5.978754133906866e-07
7.318036547633570e-07
8.955803464331959e-07
1.095853091553856e-06
1.340682500279075e-06
1.639902762165607e-06
2.005619755546900e-06
2.452371349927644e-06
2.997997612395801e-06
3.664498375722569e-06
4.478173639063265e-06
5.471608516585920e-06
6.683916390206165e-06
8.162958413597309e-06
9.967272329438559e-06
1.216793367577937e-05
1.485128443577991e-05
1.812265375820607e-05
2.211018454611979e-05
2.696759151222856e-05
3.288223561405176e-05
4.008590318877179e-05
4.885796256606104e-05
5.953489776540958e-05
7.251825530654667e-05
8.831793113962358e-05
1.075352069028160e-04
1.308987263000288e-04
1.592920850135393e-04
1.937806868641278e-04
2.356824817319548e-04
2.865414594669938e-04
3.482841342681182e-04
4.232311636501187e-04
5.141506825542359e-04
6.243276987733484e-04
7.579722381538823e-04
9.197623314143059e-04
1.115890604992076e-03
1.353218550199321e-03
1.640619369906387e-03
1.988301277916930e-03
2.408562350936863e-03
2.916517839743041e-03
3.530154603545052e-03
4.270588559584739e-03
5.163904827140951e-03
6.241238334267658e-03
7.539450589099928e-03
9.101132554790895e-03
1.097965781252830e-02
1.323712659501108e-02
1.594632090804478e-02
1.919530669471657e-02
2.308233502965024e-02
2.772808775366971e-02
3.327493007139001e-02
3.987965318245415e-02
4.773122532723085e-02
5.704205095461208e-02
6.805435403636503e-02
8.104142291350389e-02
9.629623492575569e-02
1.141589167889442e-01
1.349705857744751e-01
1.590931777552117e-01
1.869038000510894e-01
2.187442229640653e-01
2.549055647733751e-01
2.955937515935542e-01
3.409190210818552e-01
3.907586588379464e-01
4.447900344221097e-01
5.023694678802322e-01
5.625306679910297e-01
6.239518042281407e-01
6.849944141599753e-01
7.438425667257401e-01
7.985694354945316e-01
8.474647598903782e-01
8.892366115832113e-01
9.232060554913527e-01
9.493957632278746e-01
9.684677043544181e-01
9.815315852444196e-01
9.899101976064315e-01
9.949058028692367e-01
9.976518833797535e-01
9.990357531916498e-01
9.996470106520422e-01
9.998859735263766e-01
9.999680142717230e-01
9.999923260933490e-01
9.999984550328567e-01
9.999997435262449e-01
9.999999657689440e-01
9.999999963946113e-01
9.999999997131142e-01
9.999999999822489e-01
9.999999999994604e-01
9.999999999999100e-01
1.000000000000016e+00
9.999999999999977e-01
9.999999999999998e-01
1.000000000000000e+00
1.000000000000000e+00
9.999999999999999e-01
1.000000000000000e+00
1.000000000000000e+00
1.000000000000000e+00
1.000000000000000e+00
1.000000000000000e+00
###2.600000000000000e+00
2.002924485599514e-10
3.151924947770552e-10
3.948373360853333e-10
4.906764297470130e-10
6.087411297572637e-10
7.543215915026328e-10
9.324974069000890e-10
1.150936359665000e-09
1.418962690382706e-09
1.747903455718809e-09
2.151567267574100e-09
2.647164168480495e-09
3.255337333333999e-09
4.001866403602794e-09
4.918114320344323e-09
6.042256403752065e-09
7.421480684950676e-09
9.113648997738793e-09
1.118942902290990e-08
1.373536697435529e-08
1.686373567191365e-08
2.068676966545377e-08
2.537965260831398e-08
3.113501277975723e-08
3.818738288796217e-08
4.683005724603587e-08
5.742330656318754e-08
7.040187393320341e-08
8.629976254079019e-08
1.057730000706892e-07
1.296220300932183e-07
1.588219153116584e-07
1.945824093456788e-07
2.383412392953980e-07
2.919119806372554e-07
3.574513041501526e-07
4.376437037423457e-07
5.357474244344452e-07
6.557424095683148e-07
8.024411397654376e-07
9.817945354459970e-07
1.201051993008295e-06
1.469017181061789e-06
1.796425371585690e-06
2.196475666177195e-06
2.685029189308098e-06
3.281539346377665e-06
4.009969265005477e-06
4.898981774168969e-06
5.984029346573658e-06
7.307735236656079e-06
8.922136437488313e-06
1.089097717394510e-05
1.329139191671746e-05
1.621726825696129e-05
1.978291943742213e-05
2.412749812040823e-05
2.941768312010758e-05
3.585732722449347e-05
4.369681742732014e-05
5.323876545242321e-05
6.484847892473812e-05
7.895978255621053e-05
9.612172362487151e-05
1.169874644251579e-04
1.423390672785442e-04
1.731354563409268e-04
2.105224364443566e-04
2.559184283019311e-04
3.109833822747510e-04
3.777897676217131e-04
4.588306192071634e-04
5.570743729218556e-04
6.760376447923990e-04
8.202314391987617e-04
9.946471653636984e-04
1.205902794139193e-03
1.461310705529640e-03
1.770317107830948e-03
2.143766595290589e-03
2.594697832595009e-03
3.139098731709025e-03
3.796079257503695e-03
4.587782568529397e-03
5.541736445571862e-03
6.690654415214826e-03
8.073164425347350e-03
9.733735253348738e-03
1.172805528782216e-02
1.412071757893791e-02
1.698713789890030e-02
2.041838932187314e-02
2.451547057817916e-02
2.940230373393064e-02
3.522458804527756e-02
4.214165714781243e-02
5.034515337252473e-02
6.004919530344859e-02
7.149665251858811e-02
8.496021798330686e-02
1.007292160779218e-01
1.191387144962734e-01
1.405200723122917e-01
1.652216707819887e-01
1.936025744015780e-01
2.259806456992862e-01
2.626174341114636e-01
3.036849581325932e-01
3.492550901258603e-01
3.991677651525609e-01
4.530674770968579e-01
5.102824898646680e-01
5.698415456701169e-01
6.304370868411284e-01
6.904744620078564e-01
7.482100655568432e-01
8.018088870756650e-01
8.496610105688962e-01
8.905580929328882e-01
9.238734862899848e-01
9.496364729934692e-01
9.684754625011135e-01
9.814449799772639e-01
9.898092587795220e-01
9.948262877192278e-01
9.976015404041253e-01
9.990059824201254e-01
9.996321333814302e-01
9.998796979822944e-01
9.999657734407668e-01
9.999916560955014e-01
9.999982890826017e-01
9.999997100982068e-01
9.999999603758212e-01
9.999999957186004e-01
9.999999996481502e-01
9.999999999777588e-01
9.999999999991853e-01
9.999999999999218e-01
1.000000000000011e+00
9.999999999999980e-01
1.000000000000000e+00
1.000000000000000e+00
1.000000000000000e+00
1.000000000000000e+00
1.000000000000000e+00
1.000000000000000e+00
1.000000000000000e+00
1.000000000000000e+00
1.000000000000000e+00
###2.800000000000000e+00
2.265648926438807e-10
3.467448648805535e-10
4.345350013032836e-10
5.401589286449053e-10
6.702509313457533e-10
8.306406399395526e-10
1.026895835911580e-09
1.267462301290882e-09
1.562593333842648e-09
1.924743229210581e-09
2.369073377726506e-09
2.914509570638890e-09
3.583712631939598e-09
4.405050412898168e-09
5.412938164052285e-09
6.649271427398652e-09
8.165868938305764e-09
1.002624575727824e-08
1.230796191486056e-08
1.510589421800920e-08
1.854346297734249e-08
2.274314361881205e-08
2.789755389518229e-08
3.421779095803811e-08
4.196053733704216e-08
5.144741655780666e-08
6.307290132426132e-08
7.731308914178787e-08
9.475268421965606e-08
1.161095079618892e-07
1.422596735068137e-07
1.742698544515254e-07
2.134625425874351e-07
2.614101760132104e-07
3.200908115827596e-07
3.918731973783308e-07
4.796779685852258e-07
5.870660248861025e-07
7.183849538184629e-07
8.788834855041817e-07
1.075059123582190e-06
1.314813343603112e-06
1.607746959298870e-06
1.965563282837189e-06
2.402636005151459e-06
2.936243945948246e-06
3.587577287267953e-06
4.382698890287621e-06
5.352804210648662e-06
6.536418583901269e-06
7.979908143209932e-06
9.739810079676021e-06
1.188539784267565e-05
1.450029477646200e-05
1.768643783149797e-05
2.156772804066524e-05
2.629505033970469e-05
3.204889606490310e-05
3.905053989149429e-05
4.757046518226306e-05
5.793570641832261e-05
7.054128506707741e-05
8.585771927295352e-05
1.044737065048034e-04
1.270973259027812e-04
1.545677363795439e-04
1.879202698163115e-04
2.283933151678005e-04
2.775039028848795e-04
3.370364592700997e-04
4.092168516771634e-04
4.967191026654269e-04
6.027216510182925e-04
7.309835761230475e-04
8.863306700377785e-04
1.074081314707954e-03
1.301297259192455e-03
1.575759279833427e-03
1.907509568769689e-03
2.308052120267572e-03
2.791191671107059e-03
3.373813646215358e-03
4.076197261126130e-03
4.921530541473322e-03
5.938823187994487e-03
7.162404707172824e-03
8.632704593323642e-03
1.039612742870940e-02
1.251062469675515e-02
1.504339077156877e-02
1.807246112410292e-02
2.169191900882841e-02
2.600549099868146e-02
3.114030475033618e-02
3.724533141309878e-02
4.448234952347288e-02
5.304554442677720e-02
6.315057891944839e-02
7.504076691360806e-02
8.898794375733743e-02
1.052775518960037e-01
1.242393184171889e-01
1.461946423136053e-01
1.714782250771669e-01
2.004310541169027e-01
2.333473266511497e-01
2.704595735541886e-01
3.119067789532417e-01
3.577237798982363e-01
4.077152101306062e-01
4.614928267447732e-01
5.183604026884649e-01
5.773415178710850e-01
6.371426115026358e-01
6.962102474832803e-01
7.528680245537490e-01
8.053660994143007e-01
8.521874456424945e-01
8.922032076600560e-01
9.248356008937603e-01
9.501251736888850e-01
9.686750292978179e-01
9.814941439953375e-01
9.897961638226394e-01
9.947984746904138e-01
9.975786718252477e-01
9.989892254769445e-01
9.996226720785319e-01
9.998753797475848e-01
9.999641378318254e-01
9.999911431365697e-01
9.999981565522912e-01
9.999996823502975e-01
9.999999557268940e-01
9.999999951138623e-01
9.999999995876330e-01
9.999999999734323e-01
9.999999999989128e-01
9.999999999999279e-01
1.000000000000008e+00
9.999999999999984e-01
1.000000000000000e+00
9.999999999999999e-01
1.000000000000000e+00
1.000000000000000e+00
1.000000000000000e+00
1.000000000000000e+00
1.000000000000000e+00
1.000000000000000e+00
1.000000000000000e+00
###3.000000000000000e+00
2.550833097090215e-10
3.811645992266487e-10
4.778333966659713e-10
5.941202604849593e-10
7.373203939657321e-10
9.138460654336400e-10
1.129797247072254e-09
1.394464495673066e-09
1.719112054552222e-09
2.117428578625267e-09
2.606018130146218e-09
3.205690732349660e-09
3.941297376667499e-09
4.844011114909018e-09
5.951562193487240e-09
7.309878685999138e-09
8.975803071358491e-09
1.101897979996160e-08
1.352443884340947e-08
1.659608717408823e-08
2.036940727426665e-08
2.497790125978174e-08
3.063331006601408e-08
3.756644815540951e-08
4.605776291458765e-08
5.646040367527105e-08
6.920493285783080e-08
8.481243430956672e-08
1.039223842010089e-07
1.273193509752149e-07
1.559611290215845e-07
1.910132429937009e-07
2.339198496263834e-07
2.863984865806978e-07
3.506049951748626e-07
4.291358104844252e-07
5.251665261819880e-07
6.425836945035267e-07
7.861303987479298e-07
9.615249439156648e-07
1.175851389028505e-06
1.437713017081896e-06
1.757566321081931e-06
2.148153600777633e-06
2.625113560451050e-06
3.207231411742370e-06
3.917572390574091e-06
4.784444171875041e-06
5.841752433337130e-06
7.131312093355251e-06
8.703489059548483e-06
1.061962961187376e-05
1.295490944633359e-05
1.579988168313841e-05
1.926506288236365e-05
2.348457574829526e-05
2.862179642910909e-05
3.487191781087631e-05
4.247470790572436e-05
5.172202905284308e-05
6.296685069635435e-05
7.663570816273748e-05
9.323756564808874e-05
1.134055403947855e-04
1.378990904963578e-04
1.676271107707748e-04
2.036992061265869e-04
2.474524347385401e-04
3.005085651533515e-04
3.647826259401473e-04
4.426616078482683e-04
5.370079888830490e-04
6.512245408831639e-04
7.893196686806315e-04
9.564496413143455e-04
1.158273746038999e-03
1.402316461101466e-03
1.696844903131004e-03
2.052520744905500e-03
2.481530872495928e-03
2.998472039007127e-03
3.621158643334108e-03
4.371067405568797e-03
5.272467251770593e-03
6.355883535137971e-03
7.657299163736243e-03
9.218980290018849e-03
1.108929452477002e-02
1.332849460000171e-02
1.600639354865361e-02
1.920366133818136e-02
2.301739304970590e-02
2.755402052280827e-02
3.294384018626662e-02
3.933903075712893e-02
4.690371399653143e-02
5.583448450672880e-02
6.634837575381840e-02
7.868894014446236e-02
9.312689285917673e-02
1.099435558321825e-01
1.294630331622249e-01
1.519965500412873e-01
1.778649878101491e-01
2.073912062737131e-01
2.408459412036437e-01
2.784331961497533e-01
3.202597137009739e-01
3.663245180890451e-01
4.164002805712250e-01
4.700616493603119e-01
5.265955440759065e-01
5.850188202729214e-01
6.440515944490304e-01
7.021793487259893e-01
7.577883950707682e-01
8.092084850444282e-01
8.550090879741266e-01
8.941359922577313e-01
9.260593775229181e-01
9.508342829806741e-01
9.690456981636766e-01
9.816651496703838e-01
9.898625421942471e-01
9.948178664438938e-01
9.975811390674140e-01
9.989846954392593e-01
9.996184191409733e-01
9.998729982871717e-01
9.999631214288536e-01
9.999907976827314e-01
9.999980615978430e-01
9.999996614389334e-01
9.999999520613347e-01
9.999999946171366e-01
9.999999995357851e-01
9.999999999695941e-01
9.999999999986614e-01
9.999999999999311e-01
1.000000000000004e+00
9.999999999999989e-01
1.000000000000000e+00
9.999999999999999e-01
1.000000000000000e+00
1.000000000000000e+00
1.000000000000000e+00
1.000000000000000e+00
1.000000000000000e+00
1.000000000000000e+00
1.000000000000000e+00
###3.200000000000001e+00
2.860255973920190e-10
4.186751284407002e-10
5.250130004642540e-10
6.529098138917005e-10
8.103827859801714e-10
1.004473856093161e-09
1.241862058446461e-09
1.532755190302775e-09
1.889515714213369e-09
2.327173524550898e-09
2.863896533369204e-09
3.522535670710455e-09
4.330324584198962e-09
5.321474639929779e-09
6.537312508330110e-09
8.028133543773199e-09
9.856224955169272e-09
1.209787053794766e-08
1.484618855194290e-08
1.821486445950230e-08
2.235242241838988e-08
2.740432409530589e-08
3.360295697205463e-08
4.120047058245341e-08
5.050295406433044e-08
6.189775423815570e-08
7.585428229254982e-08
9.294223237571408e-08
1.138601920135680e-07
1.394647647769361e-07
1.708018285342353e-07
2.091434605831752e-07
2.560649960473637e-07
3.134402023466551e-07
3.836166081076761e-07
4.694352005071825e-07
5.743464110797936e-07
7.025868691351754e-07
8.593247480014439e-07
1.050782949536115e-06
1.284675388988123e-06
1.570358955792263e-06
1.919208136771206e-06
2.345079343749298e-06
2.864968269278190e-06
3.499271652960981e-06
4.273063726793450e-06
5.217055127369986e-06
6.368048784587369e-06
7.771377688871474e-06
9.481678393233495e-06
1.156543157621200e-05
1.410410804379986e-05
1.719565396928867e-05
2.095972316654850e-05
2.554132540832238e-05
3.111712476834741e-05
3.789794695661377e-05
4.614317838662814e-05
5.616740040814901e-05
6.835109873984373e-05
8.315419628579806e-05
1.011251629492797e-04
1.229464269890337e-04
1.494318249539489e-04
1.815614097289149e-04
2.205244793202316e-04
2.677612087403470e-04
3.250049255171439e-04
3.943071052641548e-04
4.782239996116060e-04
5.798091597989273e-04
7.027200010082632e-04
8.512058302800682e-04
1.030774623709656e-03
1.247440910171274e-03
1.509211363435201e-03
1.824857825893587e-03
2.205685472107847e-03
2.664588041729547e-03
3.216980708103339e-03
3.881638541377510e-03
4.681265190495541e-03
5.641245835025056e-03
6.793656002921278e-03
8.176169429327487e-03
9.832923886671735e-03
1.181427693156324e-02
1.418281941210700e-02
1.701100027087515e-02
2.038213680650468e-02
2.439633611989041e-02
2.916270979519711e-02
3.481468375784922e-02
4.150757738760370e-02
4.940774955539576e-02
5.871406707815696e-02
6.964475632457154e-02
8.244339717304572e-02
9.737932039751844e-02
1.147294789956685e-01
1.348120690890611e-01
1.579279160189408e-01
1.843839248774600e-01
2.144847600805441e-01
2.484778628886595e-01
2.865391447494424e-01
3.287438256780981e-01
3.750562284148747e-01
4.252179340382202e-01
4.787690101158985e-01
5.349799137692808e-01
5.928615899695512e-01
6.511475249439981e-01
7.083601041029991e-01
7.629444394855738e-01
8.133050779693072e-01
8.580923766124567e-01
8.963228294389608e-01
9.275138293942049e-01
9.517376411507188e-01
9.695675713347270e-01
9.819442901946385e-01
9.899998429558924e-01
9.948796398925506e-01
9.976064959684552e-01
9.989913697396327e-01
9.996190258517625e-01
9.998724624857839e-01
9.999627103153704e-01
9.999906209952723e-01
9.999980059258317e-01
9.999996480023603e-01
9.999999495335659e-01
9.999999942548904e-01
9.999999994959193e-01
9.999999999665278e-01
9.999999999984486e-01
9.999999999999332e-01
1.000000000000002e+00
9.999999999999993e-01
1.000000000000000e+00
1.000000000000000e+00
1.000000000000000e+00
1.000000000000000e+00
1.000000000000000e+00
1.000000000000000e+00
1.000000000000000e+00
1.000000000000000e+00
1.000000000000000e+00
###3.400000000000001e+00
3.195814698209770e-10
4.595148204798384e-10
5.763734251897908e-10
7.169003384049129e-10
8.899002823473830e-10
1.103095719492789e-09
1.363794751443862e-09
1.683200498964440e-09
2.074867048838493e-09
2.555280299401022e-09
3.144301612464860e-09
3.866992067182198e-09
4.753172912194365e-09
5.840344218527962e-09
7.173730434739830e-09
8.808352668969347e-09
1.081239351894682e-08
1.326932186671084e-08
1.628100577037467e-08
1.997170919826315e-08
2.450404684774126e-08
3.003643187118080e-08
3.682353061279270e-08
4.514055409193328e-08
5.532129578554213e-08
6.778996926632839e-08
8.305795935857933e-08
1.017473738243703e-07
1.246205379866810e-07
1.526117153937650e-07
1.868616853645375e-07
2.287572968408206e-07
2.800151582829971e-07
3.426771122137870e-07
4.192971385468794e-07
5.129787313509158e-07
6.274682300086557e-07
7.673782795369609e-07
9.383335298519913e-07
1.147098623563751e-06
1.402063218736330e-06
1.713392661692485e-06
2.093445380157910e-06
2.557271470007234e-06
3.123319888036997e-06
3.813712654571808e-06
4.655671876548264e-06
5.682478884855050e-06
6.934031180929580e-06
8.459405263736150e-06
1.031783986561049e-05
1.258124648361103e-05
1.533781974360289e-05
1.869338550707553e-05
2.277732098897876e-05
2.774622115720429e-05
3.379087392840810e-05
4.113871299989521e-05
5.006992363682169e-05
6.092320604983734e-05
7.410821437691410e-05
9.012021371988344e-05
1.095494433611344e-04
1.331301498164891e-04
1.617345358463125e-04
1.964167445724865e-04
2.384504925397064e-04
2.893831771714867e-04
3.510684424431742e-04
4.256985424943966e-04
5.160079730476875e-04
6.252517137741956e-04
7.573484655611690e-04
9.168079427039606e-04
1.109498696725623e-03
1.341806988517890e-03
1.622241691044994e-03
1.960098189005102e-03
2.367349712536094e-03
2.857621280517658e-03
3.447173344143698e-03
4.155773592798898e-03
5.007383118176751e-03
6.028538085703540e-03
7.252899425676347e-03
8.719869103871590e-03
1.047549126488114e-02
1.257213992490197e-02
1.507477961289169e-02
1.805851213274812e-02
2.160931289587103e-02
2.583029954233904e-02
3.083323475430838e-02
3.675463192388316e-02
4.375288120323559e-02
5.199646769396975e-02
6.168638951927288e-02
7.304188335167568e-02
8.630633973906866e-02
1.017474378547458e-01
1.196375032131429e-01
1.402885347862961e-01
1.639907192986229e-01
1.910368134490907e-01
2.217132007101867e-01
2.562441595556325e-01
2.947778921124954e-01
3.373587471844913e-01
3.839173492964326e-01
4.341650335307432e-01
4.876094932001089e-01
5.435051896041563e-01
6.008578693565205e-01
6.584141427121634e-01
7.147315515478421e-01
7.683106226662297e-01
8.176265422265117e-01
8.614057830741240e-01
8.987322276352010e-01
9.291699006899015e-01
9.528107973779738e-01
9.702216551865899e-01
9.823182034881824e-01
9.901994921690341e-01
9.949788152960747e-01
9.976521163844081e-01
9.990080671103601e-01
9.996240398573386e-01
9.998736275631404e-01
9.999628677912803e-01
9.999906064007632e-01
9.999979889843011e-01
9.999996421764713e-01
9.999999482095486e-01
9.999999940417280e-01
9.999999994701605e-01
9.999999999644354e-01
9.999999999982885e-01
9.999999999999354e-01
9.999999999999996e-01
9.999999999999998e-01
1.000000000000000e+00
1.000000000000000e+00
1.000000000000000e+00
1.000000000000000e+00
1.000000000000000e+00
1.000000000000000e+00
1.000000000000000e+00
1.000000000000000e+00
1.000000000000000e+00
###3.600000000000001e+00
3.559531726862149e-10
5.039378595352201e-10
6.322342939404442e-10
7.864892716525799e-10
9.763656323640582e-10
1.210319830851190e-09
1.496346307818699e-09
1.846723482208094e-09
2.276298485470706e-09
2.803136243360634e-09
3.448930487041713e-09
4.241133981797125e-09
5.212374803817655e-09
6.403710064191000e-09
7.864584436285399e-09
9.655128474597737e-09
1.184990214560564e-08
1.454014315551125e-08
1.783717650559531e-08
2.187669934541954e-08
2.683653886533704e-08
3.288911524146283e-08
4.031312010049731e-08
4.940866702468363e-08
6.053953576460249e-08
7.416940514790320e-08
9.085521264729652e-08
1.112754494463350e-07
1.362611009334333e-07
1.668300908471117e-07
2.042253463378838e-07
2.499572266958033e-07
3.058943548461009e-07
3.742592277181355e-07
4.578279558923619e-07
5.599856350282102e-07
6.847968535323495e-07
8.372777425182955e-07
1.023542763629030e-06
1.250937631994911e-06
1.528576357249338e-06
1.867490797218346e-06
2.281093120013422e-06
2.785711161430586e-06
3.401338400129324e-06
4.151973919259745e-06
5.067102675822625e-06
6.182764115936513e-06
7.542158330618982e-06
9.198355736595279e-06
1.121550784899134e-05
1.367130737143953e-05
1.666111077799646e-05
2.029913457618055e-05
2.472509513312238e-05
3.010790480927977e-05
3.665335192020471e-05
4.460649905439928e-05
5.426956801296580e-05
6.600684006902611e-05
8.025886356435889e-05
9.755828707989992e-05
1.185394803270018e-04
1.439913931170146e-04
1.748479313545718e-04
2.122411931920008e-04
2.575339374720855e-04
3.123863031858233e-04
3.787776394307353e-04
4.590491071926240e-04
5.561215487544485e-04
6.734619102849752e-04
8.152509374321968e-04
9.862978857972621e-04
1.192821869566063e-03
1.441604045055568e-03
1.741676109720801e-03
2.102876225067962e-03
2.537870773934938e-03
3.061040939079406e-03
3.689519751100732e-03
4.444099731270288e-03
5.350030938242795e-03
6.435034685950403e-03
7.734393155486615e-03
9.289273896224732e-03
1.114762893577198e-02
1.336397365617845e-02
1.600558160134178e-02
1.915025684749211e-02
2.288664153763014e-02
2.732086047592416e-02
3.256729548100842e-02
3.876550231835171e-02
4.607686864761312e-02
5.467188981384596e-02
6.475354992321880e-02
7.654190793705000e-02
9.027994195471523e-02
1.062334082714945e-01
1.246697362146760e-01
1.458944328340943e-01
1.701867981088903e-01
1.978259977078226e-01
2.290777773117458e-01
2.641455980667355e-01
3.031495500007602e-01
3.461036947174713e-01
3.929058686757440e-01
4.432379756694175e-01
4.965772804912113e-01
5.521627605085569e-01
6.089956257396061e-01
6.658354323066566e-01
7.212733889787964e-01
7.738625321440290e-01
8.221451112219688e-01
8.649196679474436e-01
9.013346851411342e-01
9.310003864360915e-01
9.540306104138188e-01
9.709899033758697e-01
9.827740640913988e-01
9.904530808077759e-01
9.951103774127081e-01
9.977152883579778e-01
9.990335112205597e-01
9.996329392037374e-01
9.998763100728660e-01
9.999635398999667e-01
9.999907409369999e-01
9.999980083894409e-01
9.999996436571356e-01
9.999999480728149e-01
9.999999939803718e-01
9.999999994593447e-01
9.999999999634231e-01
9.999999999981893e-01
9.999999999999384e-01
9.999999999999978e-01
1.000000000000000e+00
9.999999999999999e-01
1.000000000000000e+00
1.000000000000000e+00
1.000000000000000e+00
1.000000000000000e+00
1.000000000000000e+00
1.000000000000000e+00
1.000000000000000e+00
1.000000000000000e+00
###3.800000000000001e+00
3.953561737673836e-10
5.522151833248409e-10
6.929362151513118e-10
8.621001287749343e-10
1.070303900265720e-09
1.326796489009675e-09
1.640316764659820e-09
2.024307328068236e-09
2.495015974170261e-09
3.072218509866826e-09
3.779589797751641e-09
4.647168798054672e-09
5.710624896760233e-09
7.014859526057300e-09
8.613882432052082e-09
1.057334391793216e-08
1.297469662099784e-08
1.591757082987549e-08
1.952350403537754e-08
2.394053907187547e-08
2.936291607463438e-08
3.597818121089596e-08
4.409092222145000e-08
5.402811730122021e-08
6.618621350213352e-08
8.107036980271339e-08
9.928764224470869e-08
1.215768845628407e-07
1.488429817941097e-07
1.821938916666708e-07
2.229824066815607e-07
2.728516823485165e-07
3.338337753338611e-07
4.083451661994293e-07
4.994007685223218e-07
6.106875528269480e-07
7.466120121849270e-07
9.126229232069985e-07
1.115359854176194e-06
1.362791244712703e-06
1.664806913866063e-06
2.033366620801345e-06
2.483010104848511e-06
3.031431511531194e-06
3.700224359754142e-06
4.515548839029716e-06
5.509150503070869e-06
6.720070174522325e-06
8.195014618766755e-06
9.991330311197713e-06
1.217839404414848e-05
1.484005749306049e-05
1.807929643813794e-05
2.201925421194272e-05
2.681063286683405e-05
3.263542964709102e-05
3.971540326377600e-05
4.831415988494658e-05
5.875740830832266e-05
7.143648650942081e-05
8.682463893965294e-05
1.054940284191085e-04
1.281256167021218e-04
1.555660661513838e-04
1.888144462585143e-04
2.290848402067070e-04
2.778338333000146e-04
3.368384306928480e-04
4.082104797567135e-04
4.944535933389065e-04
5.986712903766412e-04
7.245707919656976e-04
8.765896750896762e-04
1.059853855694781e-03
1.280948330590153e-03
1.547072220713290e-03
1.867792405061506e-03
2.253512427604854e-03
2.717617460548125e-03
3.275270186518930e-03
3.944503944896970e-03
4.747168564793594e-03
5.709835520747414e-03
6.861444840944345e-03
8.238936361855437e-03
9.885279391634933e-03
1.185021485357810e-02
1.419088954548246e-02
1.697645572431493e-02
2.028758667180009e-02
2.421559928204528e-02
2.886961976279754e-02
3.436661374949699e-02
4.084913089118082e-02
4.848147933621483e-02
5.743604322963509e-02
6.791764238574408e-02
8.014696405739703e-02
9.436634389654437e-02
1.108393390076217e-01
1.298282033566425e-01
1.516316508560511e-01
1.765178373816079e-01
2.047521604142644e-01
2.365794890400952e-01
2.721826377951176e-01
3.116538661692071e-01
3.549774709883612e-01
4.020193305109978e-01
4.524327035042552e-01
5.056661575777991e-01
5.609437386359838e-01
6.172627550482488e-01
6.733956091267944e-01
7.279659327549138e-01
7.795768035934061e-01
8.268344799259321e-01
8.686061535352672e-01
9.041025684839491e-01
9.329798388031139e-01
9.553753736400823e-01
9.718552658312933e-01
9.832995238502554e-01
9.907524601273554e-01
9.952693883962707e-01
9.977932910521222e-01
9.990663827928175e-01
9.996451620767068e-01
9.998803016098917e-01
9.999646605539811e-01
9.999910070339721e-01
9.999980603229957e-01
9.999996517841935e-01
9.999999490374109e-01
9.999999940630513e-01
9.999999994630944e-01
9.999999999634974e-01
9.999999999981531e-01
9.999999999999427e-01
9.999999999999963e-01
1.000000000000001e+00
9.999999999999998e-01
1.000000000000000e+00
1.000000000000000e+00
1.000000000000000e+00
1.000000000000000e+00
1.000000000000000e+00
1.000000000000000e+00
1.000000000000000e+00
1.000000000000000e+00
###4.000000000000001e+00
4.380199423053640e-10
6.046358111049731e-10
7.588420293075201e-10
9.441840387550352e-10
1.172274297003384e-09
1.453217515086655e-09
1.796557968798228e-09
2.216998671537500e-09
2.732303136794002e-09
3.364099092970791e-09
4.138201790699724e-09
5.087444682279593e-09
6.250788992782432e-09
7.677287871662624e-09
9.425884906065612e-09
1.156818838399990e-08
1.419309423558472e-08
1.740929142615488e-08
2.134933670470182e-08
2.617459220065126e-08
3.209699279883493e-08
3.932040138499561e-08
4.817729898309168e-08
5.902362039146179e-08
7.229106872640754e-08
8.852922299819541e-08
1.083993202682618e-07
1.327050840814749e-07
1.624308688722804e-07
1.987814408857204e-07
2.432276632749442e-07
2.975553487161838e-07
3.639721064056433e-07
4.451025849831634e-07
5.442181408921819e-07
6.653291485691211e-07
8.132090547715331e-07
9.937702077247270e-07
1.214214637678464e-06
1.483177580359044e-06
1.811379126705048e-06
2.211771821982777e-06
2.700100996838979e-06
3.295520579816331e-06
4.021337120665319e-06
4.906008944825431e-06
5.983702511075955e-06
7.296657534759803e-06
8.895315566568579e-06
1.084158284312236e-05
1.321039489386880e-05
1.609215908666126e-05
1.959795135126111e-05
2.386040432441144e-05
2.904188417016422e-05
3.533827848175070e-05
4.298852778618562e-05
5.227514613813260e-05
6.354943904149820e-05
7.723114784457456e-05
9.382809179926002e-05
1.139541711910934e-04
1.383395790437238e-04
1.678919156075417e-04
2.036782903050677e-04
2.469998264614398e-04
2.994115616138477e-04
3.628108527639523e-04
4.394549716101508e-04
5.320079129591567e-04
6.437785093172274e-04
7.787142598547792e-04
9.415232083370892e-04
1.137660334089930e-03
1.374081078394886e-03
1.658459694807721e-03
2.000877620291346e-03
2.412337744201928e-03
2.906970334774297e-03
3.500745337824916e-03
4.212624560734148e-03
5.065547886882773e-03
6.087441518230223e-03
7.308497234333410e-03
8.767349391253437e-03
1.050880476966515e-02
1.258443966198359e-02
1.505402566241183e-02
1.798865841611183e-02
2.147187999058457e-02
2.559768808912758e-02
3.047820214506834e-02
3.623293258207372e-02
4.300737075630106e-02
5.096866409096205e-02
6.029095827301330e-02
7.118075301972805e-02
8.385916332158606e-02
9.856764489873200e-02
1.155671976813295e-01
1.351148368229073e-01
1.575019475758309e-01
1.829853446591823e-01
2.118163245658752e-01
2.442190519446344e-01
2.803554120648553e-01
3.202902112041739e-01
3.639784585862957e-01
4.112548343156220e-01
4.617447139026442e-01
5.148695241044695e-01
5.698389748164601e-01
6.256478322813950e-01
6.810791202877063e-01
7.347900869516073e-01
7.854310604522169e-01
8.316697143833283e-01
8.724390155577366e-01
9.070100101591995e-01
9.350845888270022e-01
9.568247384293983e-01
9.728017207057456e-01
9.838829298350106e-01
9.910898404369222e-01
9.954510743841448e-01
9.978834644848159e-01
9.991053649372336e-01
9.996601317972864e-01
9.998853821341354e-01
9.999661566412390e-01
9.999913841315322e-01
9.999981399641259e-01
9.999996656408192e-01
9.999999509644617e-01
9.999999942735819e-01
9.999999994800322e-01
9.999999999645740e-01
9.999999999981771e-01
9.999999999999483e-01
9.999999999999951e-01
1.000000000000001e+00
9.999999999999997e-01
1.000000000000000e+00
1.000000000000000e+00
1.000000000000000e+00
1.000000000000000e+00
1.000000000000000e+00
1.000000000000000e+00
1.000000000000000e+00
1.000000000000000e+00
###4.200000000000001e+00
4.841887046962038e-10
6.615088592033116e-10
8.303380410499252e-10
1.033221273375676e-09
1.282872122633548e-09
1.590318949773575e-09
1.965976529552867e-09
2.425911282353008e-09
2.989525653203319e-09
3.680450167415113e-09
4.526810806799774e-09
5.564459001292079e-09
6.835913595029967e-09
8.394710075694269e-09
1.030511886958493e-08
1.264517453990899e-08
1.551180405883027e-08
1.902346614030832e-08
2.332459751260862e-08
2.859091782345034e-08
3.505342393352880e-08
4.293356343143175e-08
5.259384071714229e-08
6.442137241979451e-08
7.888578684000007e-08
9.658448421348617e-08
1.182369199131916e-07
1.447165877833785e-07
1.770932247009937e-07
2.166756071076534e-07
2.650613827084616e-07
3.241894910412115e-07
3.964559524237974e-07
4.847086348097935e-07
5.924940218396292e-07
7.241687670555869e-07
8.848997450444021e-07
1.081095641321644e-06
1.320560498294384e-06
1.612642948618966e-06
1.968950950991667e-06
2.403498399013172e-06
2.933318620972532e-06
3.579124044824252e-06
4.366053165425616e-06
5.325007633182446e-06
6.492743075340737e-06
7.914905329296369e-06
9.645914020758802e-06
1.175253030702966e-05
1.431560031711954e-05
1.743250368782988e-05
2.122292162220406e-05
2.582956586166140e-05
3.142717826292797e-05
3.822638086699413e-05
4.648430210878211e-05
5.650352865394306e-05
6.866238569189303e-05
8.341068555731795e-05
1.012927817268763e-04
1.229666325735166e-04
1.492146913126096e-04
1.810077454896486e-04
2.194855601493211e-04
2.660404920216919e-04
3.223310858315494e-04
3.903822548147668e-04
4.726000984034687e-04
5.718202808885386e-04
6.915652497839244e-04
8.360334895297089e-04
1.010216022705708e-03
1.219908617822906e-03
1.472456665839657e-03
1.776023398049254e-03
2.141228553456964e-03
2.579694061282034e-03
3.106322175530390e-03
3.737916303412164e-03
4.494395289197982e-03
5.399822093779118e-03
6.483511756500456e-03
7.776940367913400e-03
9.320474040646920e-03
1.116079278991706e-02
1.335135231124336e-02
1.595454632662842e-02
1.904347194458200e-02
2.270454083282354e-02
2.703443459809015e-02
3.214825517241472e-02
3.816801472059295e-02
4.524209011241059e-02
5.354038219614807e-02
6.323866472800245e-02
7.454495528723448e-02
8.768058897689768e-02
1.028858932496509e-01
1.204186853385281e-01
1.405314620598470e-01
1.635069457227676e-01
1.895906523503399e-01
2.190194526299242e-01
2.519969133259286e-01
2.886637336838566e-01
3.290575859079656e-01
3.731046295792760e-01
4.206090480756108e-01
4.711690748845606e-01
5.241804114641511e-01
5.788390698612791e-01
6.341378777763291e-01
6.888706288777882e-01
7.417273146048452e-01
7.914038597762324e-01
8.366271722295601e-01
8.763935883439614e-01
9.100329998842186e-01
9.372921971652408e-01
9.583596761931275e-01
9.738142841448721e-01
9.845133436553138e-01
9.914578631277572e-01
9.956508924889731e-01
9.979832606211084e-01
9.991491774821999e-01
9.996772779849122e-01
9.998913269534894e-01
9.999679522342828e-01
9.999918502389078e-01
9.999982419532171e-01
9.999996841515643e-01
9.999999536804602e-01
9.999999945899923e-01
9.999999995080395e-01
9.999999999665019e-01
9.999999999982536e-01
9.999999999999549e-01
9.999999999999942e-01
1.000000000000001e+00
9.999999999999997e-01
1.000000000000000e+00
1.000000000000000e+00
1.000000000000000e+00
1.000000000000000e+00
1.000000000000000e+00
1.000000000000000e+00
1.000000000000000e+00
1.000000000000000e+00
###4.400000000000001e+00
5.341222275146472e-10
7.231591573422080e-10
9.078352941013430e-10
1.129722897780640e-09
1.402730740429205e-09
1.738883785839574e-09
2.149536121788299e-09
2.652229677287249e-09
3.268135702307385e-09
4.023049492175886e-09
4.947589858617368e-09
6.080864360743127e-09
7.469235554328797e-09
9.171072258782993e-09
1.125639197183493e-08
1.381015535154490e-08
1.693794758572941e-08
2.076875559779950e-08
2.545981391889872e-08
3.120230617802700e-08
3.824774931196245e-08
4.683652303356793e-08
5.736342625687807e-08
7.024912635574814e-08
8.600401525592137e-08
1.052769251346090e-07
1.288498436687933e-07
1.576712231539322e-07
1.929024706311847e-07
2.359640215458612e-07
2.885894414425125e-07
3.528822569197357e-07
4.314401927022606e-07
5.273504034077015e-07
6.444542885907418e-07
7.874790489325808e-07
9.620129793397037e-07
1.174995801502759e-06
1.434875394328544e-06
1.751763050163706e-06
2.138215460737556e-06
2.609380323618443e-06
3.183665907389094e-06
3.883447349333792e-06
4.735820206582131e-06
5.774283145906904e-06
7.038357504050915e-06
8.577313735494702e-06
1.044980540036220e-05
1.272775886321148e-05
1.549830083234871e-05
1.886622041422965e-05
2.296033444574522e-05
2.793405194589585e-05
3.397523642081698e-05
4.131012792169820e-05
5.021509761668060e-05
6.101415293601510e-05
7.411372617191946e-05
8.999584393421486e-05
1.092433024957969e-04
1.325605381130922e-04
1.607850418401002e-04
1.949541946485191e-04
2.362842684014600e-04
2.862634075334396e-04
3.466589622236593e-04
4.196296576568359e-04
5.077375675782576e-04
6.139980635106082e-04
7.421570033244039e-04
8.966749147989444e-04
1.082838614355021e-03
1.306794650058387e-03
1.576304787029734e-03
1.900029118355840e-03
2.289151894217347e-03
2.755934348437383e-03
3.316078126098529e-03
3.987246729557000e-03
4.790344997330112e-03
5.750592264375499e-03
6.898727249308099e-03
8.267542442861103e-03
9.899173248309601e-03
1.184220863043734e-02
1.415202542639619e-02
1.689364013098268e-02
2.014220327736828e-02
2.398699766419748e-02
2.852738885529260e-02
3.388144773507767e-02
4.017364091951157e-02
4.755517026203102e-02
5.619859916052483e-02
6.628118939640780e-02
7.801230775928907e-02
9.161329419898391e-02
1.073230904868945e-01
1.253960857763879e-01
1.460798071437116e-01
1.696481321374591e-01
1.963349171160745e-01
2.263622837767499e-01
2.599132510181736e-01
2.971070951769504e-01
3.379546240065390e-01
3.823535514600925e-01
4.300782174958169e-01
4.807004385114906e-01
5.335914949609701e-01
5.879343765342507e-01
6.427204689112049e-01
6.967549862266373e-01
7.487596037930986e-01
7.974746381528814e-01
8.416844282641408e-01
8.804466760776867e-01
9.131487183410371e-01
9.395820135147717e-01
9.599627218774317e-01
9.748790276545670e-01
9.851805715212468e-01
9.918496444916552e-01
9.958645823266098e-01
9.980902865935113e-01
9.991966057283316e-01
9.996960533838594e-01
9.998979186836943e-01
9.999699722124142e-01
9.999923831289874e-01
9.999983607645451e-01
9.999997061754033e-01
9.999999569948250e-01
9.999999949871528e-01
9.999999995445613e-01
9.999999999690896e-01
9.999999999983715e-01
9.999999999999624e-01
9.999999999999936e-01
1.000000000000001e+00
9.999999999999997e-01
1.000000000000000e+00
1.000000000000000e+00
1.000000000000000e+00
1.000000000000000e+00
1.000000000000000e+00
1.000000000000000e+00
1.000000000000000e+00
1.000000000000000e+00
###4.600000000000001e+00
5.880968034797193e-10
7.899344213932577e-10
9.917709938194259e-10
1.234232588429618e-09
1.532523665633193e-09
1.899744605539880e-09
2.348262470820241e-09
2.897213005497595e-09
3.569676689264837e-09
4.393786112468224e-09
5.402847586635743e-09
6.639478499505656e-09
8.154192282370561e-09
1.001056409391946e-08
1.228480741593068e-08
1.506934212600206e-08
1.847908040943950e-08
2.265434600009917e-08
2.776614933325917e-08
3.402231652847697e-08
4.169643895729236e-08
5.104925859463925e-08
6.251029015224916e-08
7.653627084115985e-08
9.368137388923937e-08
1.146496990938060e-07
1.402903588018617e-07
1.716322675579381e-07
2.099351804184273e-07
2.567393097233468e-07
3.139239284966361e-07
3.837690126416697e-07
4.690883749903413e-07
5.732253792889892e-07
7.003372958066457e-07
8.555475953634267e-07
1.044895586528455e-06
1.275888727006346e-06
1.557662967248431e-06
1.901144298387552e-06
2.319902460432078e-06
2.830295391505560e-06
3.452198079619366e-06
4.209758285325785e-06
5.132160239721571e-06
6.255662185075060e-06
7.622736308466860e-06
9.286507943346684e-06
1.131013355968601e-05
1.377103075704016e-05
1.676299564359018e-05
2.039868547339423e-05
2.481660930045509e-05
3.018152113582971e-05
3.669518780634482e-05
4.460039192996204e-05
5.419385594070845e-05
6.582292715606549e-05
7.992172485255852e-05
9.700828157029578e-05
1.177053155855830e-04
1.427662572380758e-04
1.730865224674735e-04
2.097710647204831e-04
2.541243778074642e-04
3.077274202972674e-04
3.724643813435280e-04
4.506342937077807e-04
5.449625969084731e-04
6.586526690591965e-04
7.956838916941024e-04
9.607902548412317e-04
1.159567431964618e-03
1.398515199922040e-03
1.685853846974072e-03
2.030751366630807e-03
2.444964235819838e-03
2.941422709582671e-03
3.536655777853828e-03
4.249214097100728e-03
5.101017833973035e-03
6.118476257690587e-03
7.333787278954410e-03
8.781091403426739e-03
1.050433108321699e-02
1.255403980145339e-02
1.498755509581912e-02
1.787251960664956e-02
2.128618354912374e-02
2.532070261941311e-02
3.007812324872931e-02
3.567946863948847e-02
4.225160810292772e-02
4.994850323575286e-02
5.894528374066808e-02
6.942055244105219e-02
8.158484966650177e-02
9.565929681175905e-02
1.118811844779203e-01
1.305012119380653e-01
1.517614938893480e-01
1.759268500208502e-01
2.032191122699628e-01
2.338453275451451e-01
2.679679682902538e-01
3.056846664466810e-01
3.469795933949739e-01
3.917223930289709e-01
4.396581770047765e-01
4.903330585570143e-01
5.430951158301769e-01
5.971150315400766e-01
6.513833140964774e-01
7.047172617828955e-01
7.558694686401820e-01
8.036240125576158e-01
8.468202310541632e-01
8.845764874758288e-01
9.163360335762543e-01
9.419348600025063e-01
9.616175658774179e-01
9.759830885337464e-01
9.858751888770114e-01
9.922588317535737e-01
9.960882034439024e-01
9.982023290004740e-01
9.992465162605237e-01
9.997159465457414e-01
9.999049525998934e-01
9.999721450724813e-01
9.999929614332260e-01
9.999984910005081e-01
9.999997305834574e-01
9.999999607156446e-01
9.999999954392373e-01
9.999999995868951e-01
9.999999999721286e-01
9.999999999985182e-01
9.999999999999704e-01
9.999999999999931e-01
1.000000000000002e+00
9.999999999999996e-01
1.000000000000000e+00
1.000000000000000e+00
1.000000000000000e+00
1.000000000000000e+00
1.000000000000000e+00
1.000000000000000e+00
1.000000000000000e+00
1.000000000000000e+00
###4.800000000000002e+00
6.464059963322554e-10
8.622042876543911e-10
1.082609882863892e-09
1.347327529457312e-09
1.672966776024820e-09
2.073786238324059e-09
2.563245156217717e-09
3.162199061662260e-09
3.895788203755369e-09
4.794666539694235e-09
5.895035554190363e-09
7.243294342168885e-09
8.894432445559881e-09
1.091763174255599e-08
1.339577957115470e-08
1.642932305070333e-08
2.014321491590733e-08
2.468997645777964e-08
3.025543601589868e-08
3.706531674099074e-08
4.541694044799839e-08
5.559292835944992e-08
6.806009104335272e-08
8.331391242802077e-08
1.019555538082220e-07
1.247484573395198e-07
1.526137387485506e-07
1.866666173976821e-07
2.282722816487659e-07
2.790993341309562e-07
3.411831595430791e-07
4.169926849996798e-07
5.095731302807582e-07
6.225419391938777e-07
7.603944549105299e-07
9.286776576795184e-07
1.133913143036041e-06
1.384214891502749e-06
1.689453695452854e-06
2.061425184472074e-06
2.514780061247369e-06
3.067167134355604e-06
3.740024912102550e-06
4.559389657199139e-06
5.556672680501720e-06
6.771063496115001e-06
8.248179507619340e-06
1.004524324242763e-05
1.223019674122603e-05
1.488629126600655e-05
1.811440075036034e-05
2.203553155871527e-05
2.679846878471649e-05
3.257998967147719e-05
3.959658331875253e-05
4.810854172384140e-05
5.843410042685689e-05
7.094525314824181e-05
8.610544763299804e-05
1.044705999955387e-04
1.267055856065805e-04
1.536154477809749e-04
1.861565218222451e-04
2.255045675932966e-04
2.730578765006485e-04
3.304937374305604e-04
3.998192683386692e-04
4.834805571371663e-04
5.843740504997749e-04
7.058997004293076e-04
8.522808520877439e-04
1.028536739822037e-03
1.240585263149277e-03
1.495293895499970e-03
1.801356630342481e-03
2.168473755205167e-03
2.608992420832875e-03
3.136534709569608e-03
3.768485487799337e-03
4.524310028293936e-03
5.426973521057653e-03
6.504108979668351e-03
7.789409628617392e-03
9.318395117484861e-03
1.113685285264224e-02
1.329729616120923e-02
1.585906073972889e-02
1.889242094541928e-02
2.247676755614837e-02
2.670713073170684e-02
3.168823139735456e-02
3.754402509196032e-02
4.440372732484914e-02
5.242398918282325e-02
6.178240462746926e-02
7.265876324494741e-02
8.526459572363759e-02
9.982057293171388e-02
1.165620600728823e-01
1.357357890209226e-01
1.575780252186845e-01
1.823442889791123e-01
2.102440182950802e-01
2.414688559327043e-01
2.761606873411830e-01
3.143952910642719e-01
3.561303959710380e-01
4.012079286672180e-01
4.493443587582968e-01
5.000608049746877e-01
5.526832985874399e-01
6.063709741136051e-01
6.601140997186452e-01
7.127428641619420e-01
7.630399395639639e-01
8.098327679657954e-01
8.520144506040487e-01
8.887625764376870e-01
9.195753088213094e-01
9.443329829564650e-01
9.633091778884632e-01
9.771146726046825e-01
9.865885522384887e-01
9.926794936677223e-01
9.963181714331280e-01
9.983173761970509e-01
9.992978935141281e-01
9.997364912826673e-01
9.999122414853356e-01
9.999744053434395e-01
9.999935654356102e-01
9.999986276518543e-01
9.999997563193588e-01
9.999999646617491e-01
9.999999959215762e-01
9.999999996324400e-01
9.999999999754123e-01
9.999999999986818e-01
9.999999999999784e-01
9.999999999999929e-01
1.000000000000002e+00
9.999999999999996e-01
1.000000000000000e+00
1.000000000000000e+00
1.000000000000000e+00
1.000000000000000e+00
1.000000000000000e+00
1.000000000000000e+00
1.000000000000000e+00
1.000000000000000e+00
###5.000000000000002e+00
7.093616988124510e-10
9.403615557809673e-10
1.180845802737101e-09
1.469621730215932e-09
1.824820627442133e-09
2.261948799755424e-09
2.795641369238491e-09
3.448608621954378e-09
4.248211181270564e-09
5.227820922918226e-09
6.426755975376222e-09
7.895487303404980e-09
9.693827297730248e-09
1.189699156727139e-08
1.459505055329752e-08
1.789708389913232e-08
2.193884439622003e-08
2.688596804610153e-08
3.294021006142378e-08
4.034652536912090e-08
4.942772895019330e-08
6.048993123035652e-08
7.403998457306863e-08
9.061496323299018e-08
1.108664223750995e-07
1.356214729455983e-07
1.658784140419442e-07
2.028449687350241e-07
2.479992724603637e-07
3.031474518721953e-07
3.704920296378206e-07
4.527041279099903e-07
5.530765812996672e-07
6.755198758968541e-07
8.248908646965323e-07
1.007188883353418e-06
1.229450843757034e-06
1.500438259712910e-06
1.830806149750234e-06
2.233277766816485e-06
2.723656456774293e-06
3.320966917567407e-06
4.048313218628586e-06
4.933742211708576e-06
6.011037845432375e-06
7.322502115938194e-06
8.917101510220801e-06
1.085641075910758e-05
1.321345434213650e-05
1.607767667104585e-05
1.955745832256873e-05
2.378265889064245e-05
2.891295160166732e-05
3.513784694407700e-05
4.268941353685873e-05
5.184646364522869e-05
6.294996126652685e-05
7.639791153752457e-05
9.268479700126910e-05
1.124063848079602e-04
1.362720303552331e-04
1.651411170169270e-04
2.000340181190334e-04
2.422011717930281e-04
2.931389037452075e-04
3.546260321582696e-04
4.287983966782048e-04
5.182561251906220e-04
6.260745717936300e-04
7.558591017791928e-04
9.120877994192343e-04
1.100077293781947e-03
1.326081428756845e-03
1.597350169797939e-03
1.923064876367900e-03
2.313489341739736e-03
2.781573832752157e-03
3.341657668164296e-03
4.012010665976723e-03
4.813040568970023e-03
5.768787621818528e-03
6.908142628448574e-03
8.266330792709812e-03
9.880281534171361e-03
1.179766518609411e-02
1.407300990311656e-02
1.676768495270348e-02
1.995460368648508e-02
2.371533321998271e-02
2.814777912011740e-02
3.335932701019523e-02
3.947684115161928e-02
4.663182175176234e-02
5.498353377725128e-02
6.471192720158198e-02
7.599781643707776e-02
8.905353135281502e-02
1.040990512775801e-01
1.213675325886417e-01
1.411014469509672e-01
1.635307767688202e-01
1.889014756808171e-01
2.174102098671701e-01
2.492322850691311e-01
2.844907348727367e-01
3.232374796394738e-01
3.654045651166832e-01
4.108065410396955e-01
4.591318003939678e-01
5.098771771865886e-01
5.623477673738250e-01
6.156919630007813e-01
6.689005033243705e-01
7.208172004213431e-01
7.702545493943271e-01
8.160827679433555e-01
8.572480265087362e-01
8.929857827661976e-01
9.228482961861040e-01
9.467599994686615e-01
9.650238006652651e-01
9.782628944323380e-01
9.873127970676236e-01
9.931064422045751e-01
9.965512269917405e-01
9.984336289844397e-01
9.993498246763880e-01
9.997572725873239e-01
9.999196188590855e-01
9.999766947780276e-01
9.999941776283109e-01
9.999987662691746e-01
9.999997824448374e-01
9.999999686720236e-01
9.999999964121925e-01
9.999999996788724e-01
9.999999999787565e-01
9.999999999988515e-01
9.999999999999859e-01
9.999999999999928e-01
1.000000000000002e+00
9.999999999999996e-01
1.000000000000000e+00
1.000000000000000e+00
1.000000000000000e+00
1.000000000000000e+00
1.000000000000000e+00
1.000000000000000e+00
1.000000000000000e+00
1.000000000000000e+00
###5.200000000000002e+00
7.772951080446934e-10
1.024823401354974e-09
1.287003244277646e-09
1.601767104335316e-09
1.988892900982918e-09
2.465230351902952e-09
3.046679685168756e-09
3.757949890262227e-09
4.628794284596173e-09
5.695509692901149e-09
7.000769688438936e-09
8.599425695686283e-09
1.055648235562963e-08
1.295364425342040e-08
1.588870720332679e-08
1.948002799321267e-08
2.387496782013078e-08
2.925325363231997e-08
3.583374728363124e-08
4.388205478176444e-08
5.374835956895408e-08
6.576396894378932e-08
8.047869796492461e-08
9.847423033825091e-08
1.204561303151875e-07
1.473197689684055e-07
1.801461256238667e-07
2.202420005808960e-07
2.692064404074421e-07
3.289927759867013e-07
4.019823472208941e-07
4.910624961100165e-07
5.997908050033455e-07
7.323909237388397e-07
8.941081132653115e-07
1.091418059996756e-06
1.331914391049526e-06
1.625047337351563e-06
1.982308236592664e-06
2.417409148951546e-06
2.947381666357275e-06
3.592715996673648e-06
4.378289272701138e-06
5.334287473225535e-06
6.497020322949905e-06
7.912093292405818e-06
9.632035778301625e-06
1.172304292844574e-05
1.426353332851616e-05
1.734952180896124e-05
2.109734548340790e-05
2.564624547370932e-05
3.116742453203684e-05
3.786386934717527e-05
4.598412512459567e-05
5.582658082689709e-05
6.775619959021002e-05
8.219842348896307e-05
9.968054363135751e-05
1.208402378765641e-04
1.464337555646627e-04
1.773776601267343e-04
2.147601309813377e-04
2.599087135725916e-04
3.144237777342494e-04
3.801905006279885e-04
4.594794553430239e-04
5.550520373814820e-04
6.701706728300325e-04
8.086552573134744e-04
9.752497314534701e-04
1.175580643803183e-03
1.416251855732682e-03
1.704910974475275e-03
2.051246062397932e-03
2.466100747167465e-03
2.963056540699398e-03
3.557190821973658e-03
4.267687945371693e-03
5.115926357908589e-03
6.127051701536918e-03
7.331246832711985e-03
8.765306081578127e-03
1.046759873485220e-02
1.248771601119530e-02
1.488223543272495e-02
1.771459323426368e-02
2.106035028837150e-02
2.500328093391322e-02
2.964416607474897e-02
3.509304263016395e-02
4.147965607687007e-02
4.893772454096278e-02
5.762904555560509e-02
6.773581028508660e-02
7.943968794972324e-02
9.295360802976160e-02
1.084966078508155e-01
1.262993418076594e-01
1.465997137607863e-01
1.696209902570846e-01
1.955992673003540e-01
2.247180522738004e-01
2.571359563766525e-01
2.929571436931687e-01
3.322094099336423e-01
3.747992691276403e-01
4.205142283044185e-01
4.690151567941015e-01
5.197753209021725e-01
5.720799656591555e-01
6.250675970114992e-01
6.777302114982195e-01
7.289260131845567e-01
7.774973343574410e-01
8.223567326802438e-01
8.625029448746927e-01
8.972281898341400e-01
9.261380883245838e-01
9.492008531674585e-01
9.667489467254828e-01
9.794179586780076e-01
9.880408344792208e-01
9.935349641185869e-01
9.967844912160052e-01
9.985495063601129e-01
9.994015109805908e-01
9.997779312736189e-01
9.999269408507929e-01
9.999789632214293e-01
9.999947830454835e-01
9.999989030713590e-01
9.999998081668589e-01
9.999999726110369e-01
9.999999968927175e-01
9.999999997242566e-01
9.999999999820087e-01
9.999999999990179e-01
9.999999999999928e-01
9.999999999999928e-01
1.000000000000002e+00
9.999999999999996e-01
1.000000000000000e+00
1.000000000000000e+00
1.000000000000000e+00
1.000000000000000e+00
1.000000000000000e+00
1.000000000000000e+00
1.000000000000000e+00
1.000000000000000e+00
###5.400000000000002e+00
8.505577833672327e-10
1.116032716069953e-09
1.401639021818546e-09
1.744455653543168e-09
2.166040917852094e-09
2.684690238557357e-09
3.317663913251595e-09
4.091823162297804e-09
5.039497152115759e-09
6.200130550998756e-09
7.620004639522001e-09
9.358680953945021e-09
1.148674990022786e-08
1.409288983732183e-08
1.728319933175843e-08
2.118599823230137e-08
2.596111625630753e-08
3.180340970063150e-08
3.895010151660870e-08
4.768895725469043e-08
5.839952258104003e-08
7.144011264975740e-08
8.740660997241333e-08
1.069285117546309e-07
1.307692268300171e-07
1.598972565060751e-07
1.954820903438354e-07
2.389365732796542e-07
2.919891001419109e-07
3.567504607499647e-07
4.357932167932962e-07
5.322356582913393e-07
6.499183783771758e-07
7.933994071779078e-07
9.683493606093413e-07
1.181720027678396e-06
1.441731014999937e-06
1.758556334937863e-06
2.144578547181213e-06
2.614563060575086e-06
3.186849406099838e-06
3.883487720498760e-06
4.731241401457011e-06
5.762570959867742e-06
7.016472569299671e-06
8.542056682550123e-06
1.039563979094852e-05
1.264831932446639e-05
1.538423507193603e-05
1.870636801341242e-05
2.273948367413677e-05
2.763275802274191e-05
3.356959519220955e-05
4.076723518442659e-05
4.949163805774839e-05
6.006187319525350e-05
7.286823070513931e-05
8.836507758807706e-05
1.071143573863150e-04
1.297978130250573e-04
1.572210958735418e-04
1.903609066178347e-04
2.303766981324497e-04
2.786769697575275e-04
3.369710646493555e-04
4.072559408015896e-04
4.919431380415608e-04
5.939627959422907e-04
7.167728468114744e-04
8.644171167743368e-04
1.041916867944776e-03
1.255221473163958e-03
1.511299244792754e-03
1.818210955734273e-03
2.186171150748155e-03
2.626620352655842e-03
3.153799515438146e-03
3.783545547777369e-03
4.535987409500716e-03
5.433502851612095e-03
6.502373541610694e-03
7.774108843515285e-03
9.287109779475439e-03
1.108121503889225e-02
1.320797458680125e-02
1.572604930583522e-02
1.870097378794899e-02
2.221096577751703e-02
2.634203300002592e-02
3.119783023408398e-02
3.689102851594492e-02
4.355422285035387e-02
5.132327695235323e-02
6.036243356607419e-02
7.085600326096636e-02
8.298633165019388e-02
9.696673942612392e-02
1.130150616661242e-01
1.313591475346413e-01
1.522320112147077e-01
1.758497701216115e-01
2.024383501398786e-01
2.321677086074091e-01
2.651795132354776e-01
3.015586713176202e-01
3.413089382940493e-01
3.843113245661050e-01
4.303266199276033e-01
4.789887196281373e-01
5.297480517817319e-01
5.818710826767318e-01
6.344873422514721e-01
6.865909467885620e-01
7.370553281755650e-01
7.847528435578381e-01
8.286381571952296e-01
8.677622137660067e-01
9.014730852759532e-01
9.294290715224829e-01
9.516417639690701e-01
9.684730151171355e-01
9.805710405409106e-01
9.887663331759426e-01
9.939608722206119e-01
9.970154474175792e-01
9.986636434142032e-01
9.994522698424526e-01
9.997981601435630e-01
9.999340867969386e-01
9.999811691863973e-01
9.999953694107550e-01
9.999990349885294e-01
9.999998328480476e-01
9.999999763715987e-01
9.999999973488150e-01
9.999999997671020e-01
9.999999999850532e-01
9.999999999991743e-01
9.999999999999988e-01
9.999999999999929e-01
1.000000000000002e+00
9.999999999999996e-01
1.000000000000000e+00
1.000000000000000e+00
1.000000000000000e+00
1.000000000000000e+00
1.000000000000000e+00
1.000000000000000e+00
1.000000000000000e+00
1.000000000000000e+00
###5.600000000000002e+00
9.295226965909048e-10
1.214459446883697e-09
1.525343959105452e-09
1.898421603379804e-09
2.357174252014895e-09
2.921452155318760e-09
3.609977005285397e-09
4.451925645600040e-09
5.482398268173200e-09
6.744225511503788e-09
8.287564421196303e-09
1.017703803669653e-08
1.248924144207248e-08
1.532034279002567e-08
1.878535788907631e-08
2.302329938194504e-08
2.820737919433756e-08
3.454868800401735e-08
4.230414262383508e-08
5.178527055383481e-08
6.340309746057195e-08
7.754486834546719e-08
9.485582916874068e-08
1.160166900157959e-07
1.418527713707689e-07
1.734108679965253e-07
2.119551597665140e-07
2.590119174381432e-07
3.164478177893698e-07
3.865419677966365e-07
4.720713475001986e-07
5.764005622338468e-07
7.036727436841230e-07
8.588026610056646e-07
1.047914095812124e-06
1.278468276096452e-06
1.559350284848935e-06
1.901506185265132e-06
2.318267611565629e-06
2.825521355955989e-06
3.442998863733331e-06
4.194409640985174e-06
5.108522488494369e-06
6.220214941145744e-06
7.571338371068563e-06
9.214720465522973e-06
1.121069981528863e-05
1.363557224608077e-05
1.657954187299592e-05
2.015297075240699e-05
2.448954750340225e-05
2.974896222033085e-05
3.612752393062889e-05
4.385753839303074e-05
5.322336146645824e-05
6.456589562976759e-05
7.830214486143313e-05
9.491695346820709e-05
1.150088340294166e-04
1.393058458670535e-04
1.686656479699655e-04
2.041281529328404e-04
2.469275880540353e-04
2.985576972457100e-04
3.608416295260628e-04
4.358938095700191e-04
5.262732067009277e-04
6.350864347637020e-04
7.659956416772839e-04
9.232782721673105e-04
1.112244728336110e-03
1.339180496189313e-03
1.611433138036949e-03
1.937492491790397e-03
2.328119815118314e-03
2.795376578990350e-03
3.354172679587101e-03
4.021145384723055e-03
4.817392572722156e-03
5.766320241823735e-03
6.895376969522780e-03
8.237433244544090e-03
9.832534696760346e-03
1.172201834632867e-02
1.395943057351735e-02
1.660554895032969e-02
1.972803578389222e-02
2.340777545048648e-02
2.773303060130753e-02
3.281032664617682e-02
3.875494755301095e-02
4.570230165339175e-02
5.379032002456259e-02
6.318559679953614e-02
7.407443271113048e-02
8.663966245721869e-02
1.010947801169505e-01
1.176561478824869e-01
1.365484956326085e-01
1.579996115952229e-01
1.822180281701302e-01
2.094191679324058e-01
2.397590411152327e-01
2.733621015790611e-01
3.102936273615202e-01
3.505333790070876e-01
3.939368892785419e-01
4.402385338908233e-01
4.890457381929285e-01
5.397867873824046e-01
5.917100691508721e-01
6.439371423619684e-01
6.954588335110110e-01
7.442804223982585e-01
7.919841726830327e-01
8.349024718707373e-01
8.730030376766470e-01
9.057007522410141e-01
9.327039821323923e-01
9.540683320448085e-01
9.701845176049357e-01
9.817135584001757e-01
9.894832987482954e-01
9.943802978087842e-01
9.972418224364696e-01
9.987748379221727e-01
9.995015141827616e-01
9.998177019505285e-01
9.999409571594068e-01
9.999832790670398e-01
9.999959270147002e-01
9.999991596429137e-01
9.999998560088273e-01
9.999999798744672e-01
9.999999977701435e-01
9.999999998063657e-01
9.999999999878109e-01
9.999999999993164e-01
1.000000000000004e+00
9.999999999999931e-01
1.000000000000002e+00
9.999999999999996e-01
1.000000000000000e+00
1.000000000000000e+00
1.000000000000000e+00
1.000000000000000e+00
1.000000000000000e+00
1.000000000000000e+00
1.000000000000000e+00
1.000000000000000e+00
###5.800000000000002e+00
1.014585364414463e-09
1.320602074820039e-09
1.658744691642899e-09
2.064443675566527e-09
2.563257509460806e-09
3.176707919118409e-09
3.925085266316135e-09
4.840056540224033e-09
5.959700954844919e-09
7.330488564884373e-09
9.006737686115009e-09
1.105850664574433e-08
1.356884119416720e-08
1.664194846807277e-08
2.040241448983274e-08
2.500072103492488e-08
3.062443344699648e-08
3.750205032535129e-08
4.591159834927715e-08
5.619006815751041e-08
6.878221639411685e-08
8.410624948676396e-08
1.028602810927739e-07
1.257798367026613e-07
1.537564588995038e-07
1.879207072580953e-07
2.296379997777055e-07
2.805558487459369e-07
3.426886677143386e-07
4.184953725972397e-07
5.109712927571813e-07
6.237436703939579e-07
7.612787453385949e-07
9.288716560459722e-07
1.133128770515279e-06
1.382055832718316e-06
1.685245204205148e-06
2.054465793345637e-06
2.504059387315667e-06
3.051105782230007e-06
3.716816810904762e-06
4.526666003929048e-06
5.511552886583771e-06
6.708922001315692e-06
8.163656986191481e-06
9.932526225918357e-06
1.208013669592851e-05
1.468829356044415e-05
1.785362504022127e-05
2.169430915589798e-05
2.635347598351461e-05
3.200193605931728e-05
3.884963941800781e-05
4.714480689099046e-05
5.719121521820602e-05
6.935280334356747e-05
8.407473709587879e-05
1.018739569154282e-04
1.233875365111537e-04
1.493922025439239e-04
1.808003278843549e-04
2.187182331118165e-04
2.644585620577971e-04
3.196047300192372e-04
3.860987446522071e-04
4.661783488285574e-04
5.625566383743755e-04
6.785246916116606e-04
8.179578629052806e-04
9.853771978618731e-04
1.186394417610153e-03
1.427644801760000e-03
1.716870345725798e-03
2.063006222265797e-03
2.477381282013231e-03
2.972725865005289e-03
3.564557921416309e-03
4.270426819231970e-03
5.112401213364320e-03
6.114944337317689e-03
7.306702835732337e-03
8.721943049207335e-03
1.040239342455818e-02
1.239091759049097e-02
1.474309573809919e-02
1.752185469296041e-02
2.079701178733811e-02
2.465212784506006e-02
2.917773745238529e-02
3.448323132739158e-02
4.068648098819906e-02
4.792566717376550e-02
5.634070395360593e-02
6.610043634597872e-02
7.739301827698399e-02
9.040157718697685e-02
1.053395531470133e-01
1.224215544650050e-01
1.418688670817473e-01
1.639037036303603e-01
1.887265728957803e-01
2.165420435072974e-01
2.474917779544668e-01
2.816827312525577e-01
3.191601984266890e-01
3.598799682502805e-01
4.036721390007806e-01
4.502449860968392e-01
4.991800057053712e-01
5.498840734725795e-01
6.015884588803476e-01
6.534076517070694e-01
7.043286878546566e-01
7.525629114708153e-01
7.991909014646847e-01
8.411386727223137e-01
8.782136062978767e-01
9.098983859871510e-01
9.359507535878898e-01
9.564698112481140e-01
9.718746728979160e-01
9.828387338822236e-01
9.901869478322974e-01
9.947901454420809e-01
9.974618072385988e-01
9.988821472229386e-01
9.995487849887290e-01
9.998363576430630e-01
9.999474759415952e-01
9.999852677087057e-01
9.999964486910570e-01
9.999992753465055e-01
9.999998773187316e-01
9.999999830673637e-01
9.999999981501844e-01
9.999999998414180e-01
9.999999999902380e-01
9.999999999994414e-01
1.000000000000008e+00
9.999999999999933e-01
1.000000000000002e+00
9.999999999999996e-01
1.000000000000000e+00
1.000000000000000e+00
1.000000000000000e+00
1.000000000000000e+00
1.000000000000000e+00
1.000000000000000e+00
1.000000000000000e+00
1.000000000000000e+00
###6.000000000000003e+00
1.106152116304413e-09
1.434988965506816e-09
1.802505546466834e-09
2.243347447010883e-09
2.785313248054517e-09
3.451720732852162e-09
4.264542794964589e-09
5.258122572740805e-09
6.473739705077302e-09
7.961773596146049e-09
9.781007422524577e-09
1.200733285402798e-08
1.473072031967268e-08
1.806400012713546e-08
2.214203544101543e-08
2.712756321154668e-08
3.322357287527129e-08
4.067720425325244e-08
4.978909734119573e-08
6.092351120848269e-08
7.456132413787665e-08
9.115385140010272e-08
1.114557974092448e-07
1.362613192560470e-07
1.665327477637688e-07
2.034902024807308e-07
2.486072735474859e-07
3.036609866910678e-07
3.708234939117766e-07
4.527456780483318e-07
5.526558219977830e-07
6.744614109250983e-07
8.229731664951613e-07
1.003891661299636e-06
1.224337973555270e-06
1.492896194124259e-06
1.819913228639631e-06
2.218033300103704e-06
2.702672720382583e-06
3.292179704642114e-06
4.009339620423783e-06
4.881500136998933e-06
5.941823361299371e-06
7.230478342554096e-06
8.795567021432196e-06
1.069803350272172e-05
1.300701119470996e-05
1.581014093729847e-05
1.921085217345603e-05
2.333559450975764e-05
2.833748242226518e-05
3.439908121856533e-05
4.174475198445154e-05
5.063951801551616e-05
6.140764774894808e-05
7.443737242635961e-05
9.020353083727524e-05
1.092568469182411e-04
1.322750258441330e-04
1.600859148609379e-04
1.936594110094367e-04
2.341715637491810e-04
2.830172201876145e-04
3.418740354740914e-04
4.128081515339639e-04
4.981866532571941e-04
6.008836984620565e-04
7.243830858925373e-04
8.727826538162704e-04
1.050857330057201e-03
1.264532699759421e-03
1.520807911657395e-03
1.827834958837917e-03
2.195010998177910e-03
2.634253884634771e-03
3.158980175426384e-03
3.785348446944496e-03
4.531839137667437e-03
5.421525278843669e-03
6.479956541758079e-03
7.737009010006307e-03
9.228379700363516e-03
1.099751831576874e-02
1.308884267740693e-02
1.556000382476848e-02
1.847610953467100e-02
2.190915739211500e-02
2.594539420089499e-02
3.067763903237374e-02
3.621814019219791e-02
4.268732700520058e-02
5.022610671815426e-02
5.897628566813625e-02
6.910885229115581e-02
8.081366876306402e-02
9.427394968520894e-02
1.097028439964238e-01
1.273129147295684e-01
1.473216687390262e-01
1.699453809080652e-01
1.953760948561945e-01
2.238071598035581e-01
2.553654878175632e-01
2.901402404602492e-01
3.281563965163580e-01
3.693457851201902e-01
4.135131399085031e-01
4.603409777903975e-01
5.093854683828510e-01
5.600328961243217e-01
6.114987017084957e-01
6.628918885064025e-01
7.131984207371410e-01
7.607985326658870e-01
8.063774739948879e-01
8.473408545867830e-01
8.833861523304588e-01
9.140567465763397e-01
9.391602343087047e-01
9.588378488847497e-01
9.735364753659228e-01
9.839412072229484e-01
9.908735038816971e-01
9.951879925659833e-01
9.976740098439335e-01
9.989848648261427e-01
9.995937458048189e-01
9.998539840003999e-01
9.999535899368315e-01
9.999871180551848e-01
9.999969298255770e-01
9.999993810518453e-01
9.999998965858986e-01
9.999999859220323e-01
9.999999984857977e-01
9.999999998719911e-01
9.999999999923203e-01
9.999999999995486e-01
1.000000000000011e+00
9.999999999999937e-01
1.000000000000002e+00
9.999999999999996e-01
1.000000000000000e+00
1.000000000000000e+00
1.000000000000000e+00
1.000000000000000e+00
1.000000000000000e+00
1.000000000000000e+00
1.000000000000000e+00
1.000000000000000e+00
###6.200000000000003e+00
1.204676663553137e-09
1.558180091024328e-09
1.957330713140693e-09
2.436007723730206e-09
3.024424999796838e-09
3.747828954062551e-09
4.629995817912336e-09
5.708143368709410e-09
7.026991121935944e-09
8.641102686630810e-09
1.061406111890521e-08
1.302801108512517e-08
1.598035132558057e-08
1.959315637325121e-08
2.401230711023210e-08
2.941366151299361e-08
3.601673888987622e-08
4.408863986758865e-08
5.395421317047971e-08
6.600690108852206e-08
8.076623999439624e-08
9.871892715952281e-08
1.206802067905707e-07
1.475069097398005e-07
1.802369899613850e-07
2.201862616323216e-07
2.689438271125073e-07
3.284249760470152e-07
4.009701744318676e-07
4.894351219346715e-07
5.972965171524327e-07
7.287606204043775e-07
8.890052654996068e-07
1.084162898599395e-06
1.321906262169724e-06
1.611424242941514e-06
1.963877329913247e-06
2.392837308165177e-06
2.914862796847591e-06
3.549649809721180e-06
4.321655275540481e-06
5.260216808440898e-06
6.400897708690288e-06
7.786757030246121e-06
9.469310461920139e-06
1.151392422989739e-05
1.399452916023363e-05
1.700494388220136e-05
2.065579418351262e-05
2.508227840198363e-05
3.044806385013965e-05
3.694813400633959e-05
4.482206618394553e-05
5.435261296366168e-05
6.588565261093834e-05
7.983501874336442e-05
9.670679941381920e-05
1.170872600472740e-04
1.416968885931305e-04
1.714172111432057e-04
2.072785664851126e-04
2.505301821212036e-04
3.026530431470594e-04
3.654237599524832e-04
4.410381099659602e-04
5.319987223189222e-04
6.413479948014064e-04
7.727709735348329e-04
9.305975493902999e-04
1.119867116849465e-03
1.346832040471001e-03
1.618869811026546e-03
1.944558362320407e-03
2.333773868205209e-03
2.799045038360496e-03
3.354492899984412e-03
4.016948737765061e-03
4.805844268770665e-03
5.745290384659056e-03
6.861953459276364e-03
8.186969812048365e-03
9.757502272416766e-03
1.161876039378493e-02
1.381674301682232e-02
1.641120860419099e-02
1.946947658805990e-02
2.306574787524315e-02
2.728896414156557e-02
3.223423702781393e-02
3.801666194848065e-02
4.475919167594562e-02
5.260540874029128e-02
6.169891432180189e-02
7.221272555740059e-02
8.433829497775749e-02
9.825860192833476e-02
1.141863637532481e-01
1.323317607462167e-01
1.529081742651736e-01
1.761255666937742e-01
2.021670706109240e-01
2.312144361087714e-01
2.633794189981334e-01
2.987330836709786e-01
3.372797754047240e-01
3.789273649791877e-01
4.234553079509106e-01
4.705207193297358e-01
5.196550642775108e-01
5.702248893150456e-01
6.214310803761801e-01
6.723782544118935e-01
7.220548654213719e-01
7.689795259644672e-01
8.135279144458483e-01
8.534949961035679e-01
8.885070745398025e-01
9.181634080276354e-01
9.423214080113292e-01
9.611632708803288e-01
9.751627198982595e-01
9.850157042166366e-01
9.915394058784787e-01
9.955716462631754e-01
9.978772206787093e-01
9.990824059273804e-01
9.996361321361421e-01
9.998704747986026e-01
9.999592620963018e-01
9.999888190796395e-01
9.999973677051710e-01
9.999994762161297e-01
9.999999137276976e-01
9.999999884294604e-01
9.999999987764535e-01
9.999999998980971e-01
9.999999999940657e-01
9.999999999996383e-01
1.000000000000013e+00
9.999999999999940e-01
1.000000000000002e+00
9.999999999999996e-01
1.000000000000000e+00
1.000000000000000e+00
1.000000000000000e+00
1.000000000000000e+00
1.000000000000000e+00
1.000000000000000e+00
1.000000000000000e+00
1.000000000000000e+00
###6.400000000000003e+00
1.310631970082762e-09
1.690768696009873e-09
2.123966188858264e-09
2.643351281328856e-09
3.281740470015004e-09
4.066450184059399e-09
5.023187254190727e-09
6.192257438637524e-09
7.622090077556554e-09
9.371674525023190e-09
1.150980132340052e-08
1.412529689164749e-08
1.732352345673235e-08
2.123645970403006e-08
2.602178795688419e-08
3.186941395822266e-08
3.901655217133460e-08
4.775166879859388e-08
5.842551119756720e-08
7.146273587599424e-08
8.742422681177870e-08
1.068344687815903e-07
1.305734322130779e-07
1.595649013620171e-07
1.949275710118348e-07
2.380794391459791e-07
2.907328885665191e-07
3.549507247153428e-07
4.332529038966801e-07
5.287135239714140e-07
6.450740346092480e-07
7.868590635678795e-07
9.596373370675900e-07
1.170001196239187e-06
1.426210755058787e-06
1.738097169573697e-06
2.117687131526261e-06
2.579538239526935e-06
3.141422748315287e-06
3.824468013236544e-06
4.654905630366506e-06
5.664184901660969e-06
6.890415971832836e-06
8.379721728593416e-06
1.018723639566790e-05
1.238300793290278e-05
1.504604765732542e-05
1.827671093016652e-05
2.219323375342902e-05
2.694006265563414e-05
3.269201265401625e-05
3.965717900793190e-05
4.809119676616214e-05
5.829551546387792e-05
7.063879027591523e-05
8.556182336661732e-05
1.036035956871809e-04
1.253877451033438e-04
1.516797769663824e-04
1.834175627989665e-04
2.216949112037896e-04
2.678378087950425e-04
3.234174648333811e-04
3.903143125981195e-04
4.708594950823706e-04
5.676975724350707e-04
6.840466073508929e-04
8.238016970748721e-04
9.915346503857317e-04
1.192560220635803e-03
1.433470842995944e-03
1.722037225733705e-03
2.067279571204969e-03
2.479570485961699e-03
2.972071842996334e-03
3.559628246113938e-03
4.259775534923066e-03
5.092970433005135e-03
6.084236455072254e-03
7.261547653192849e-03
8.657276784496105e-03
1.031008823927081e-02
1.226699015218694e-02
1.457558836297409e-02
1.729778477361047e-02
2.050314005769314e-02
2.426807927731197e-02
2.868424690834587e-02
3.384905076083321e-02
3.988041980835275e-02
4.690379105258612e-02
5.506536548546470e-02
6.451043469419129e-02
7.541392230099102e-02
8.796871184743393e-02
1.023573120208306e-01
1.187917602756249e-01
1.374795386943798e-01
1.586295453418691e-01
1.824450432026897e-01
2.090998033135716e-01
2.387635843208169e-01
2.715325776761442e-01
3.074594407273509e-01
3.465275844045339e-01
3.886209174248357e-01
4.334937243228941e-01
4.807780945098412e-01
5.299814368729115e-01
5.804514519673537e-01
6.313757429858017e-01
6.818556350341597e-01
7.308852712301532e-01
7.770975209974886e-01
8.206274112834111e-01
8.595878850651822e-01
8.935639378349067e-01
9.222069938845836e-01
9.454242974363666e-01
9.634379465962521e-01
9.767471392195352e-01
9.860578127131555e-01
9.921816952070308e-01
9.959393391761644e-01
9.980705004385361e-01
9.991743449271927e-01
9.996757628583277e-01
9.998857628386341e-01
9.999644713239055e-01
9.999903654427762e-01
9.999977613332173e-01
9.999995607346981e-01
9.999999287506691e-01
9.999999905960574e-01
9.999999990236784e-01
9.999999999199559e-01
9.999999999954959e-01
9.999999999997119e-01
1.000000000000014e+00
9.999999999999943e-01
1.000000000000002e+00
9.999999999999996e-01
1.000000000000000e+00
1.000000000000000e+00
1.000000000000000e+00
1.000000000000000e+00
1.000000000000000e+00
1.000000000000000e+00
1.000000000000000e+00
1.000000000000000e+00
###6.600000000000003e+00
1.424516200447541e-09
1.833383034007183e-09
2.303201818572395e-09
2.866359424438561e-09
3.558474836980693e-09
4.409085036790270e-09
5.445963402395743e-09
6.712728208932742e-09
8.261791774543788e-09
1.015687369432137e-08
1.247235657602014e-08
1.530422034410116e-08
1.876646684631262e-08
2.300135610459047e-08
2.817952722216921e-08
3.450580896483391e-08
4.223634474262924e-08
5.168246460356041e-08
6.322259719071802e-08
7.731476849918991e-08
9.456406066492289e-08
1.155352906796571e-07
1.411775908408214e-07
1.724862279461522e-07
2.106660501139860e-07
2.572441064653986e-07
3.140642715632252e-07
3.833466463698557e-07
4.678024838664152e-07
5.707386265924321e-07
6.961785200820268e-07
8.489858054078962e-07
1.035145291870332e-06
1.261738644976051e-06
1.537650023946280e-06
1.873395411159123e-06
2.281920050201243e-06
2.778829727993708e-06
3.383185266580967e-06
4.117633368905710e-06
5.010288670694604e-06
6.094840079454192e-06
7.412097581932502e-06
9.011430397101384e-06
1.095180583061388e-05
1.330822684623843e-05
1.616508096678119e-05
1.962963670761622e-05
2.382817354934319e-05
2.891490893410496e-05
3.507642787421867e-05
4.253466213675998e-05
5.156218385245241e-05
6.248014939251371e-05
7.568120854726322e-05
9.163455618048987e-05
1.109137792988623e-04
1.341817940703337e-04
1.622514448652888e-04
1.961197256448611e-04
2.369470570549501e-04
2.861399014832311e-04
3.453639335730204e-04
4.166084346693941e-04
5.023458756548727e-04
6.053693250178726e-04
7.290801867489168e-04
8.775926954436537e-04
1.055730744922856e-03
1.269095652026879e-03
1.524633594736138e-03
1.830523781404282e-03
2.196245400543649e-03
2.632685289846628e-03
3.153661266194578e-03
3.774761428281127e-03
4.514257943460501e-03
5.393662080573017e-03
6.438920551211101e-03
7.679367816898587e-03
9.148638812417832e-03
1.088693355763465e-02
1.294309756945001e-02
1.536636873865177e-02
1.822082775942495e-02
2.157830488754496e-02
2.551747827616681e-02
3.013267056478556e-02
3.552361608915559e-02
4.181105002235091e-02
4.912284926627106e-02
5.760777055451057e-02
6.741268413512458e-02
7.871428982432299e-02
9.170672686722887e-02
1.065718084590514e-01
1.235206123962793e-01
1.427576026049338e-01
1.644868251082374e-01
1.889044448718069e-01
2.161744162090642e-01
2.464541030684153e-01
2.798237232759406e-01
3.163172979985338e-01
3.558967684623038e-01
3.984223302545736e-01
4.436231438214679e-01
4.911066744844126e-01
5.403569549212071e-01
5.907037744611860e-01
6.413227383679906e-01
6.913130803604968e-01
7.396772722544998e-01
7.851437530424530e-01
8.276622040572978e-01
8.656071393281376e-01
8.985456369728234e-01
9.261771847994184e-01
9.484602174321521e-01
9.656547620507709e-01
9.782843650024066e-01
9.870636896343498e-01
9.927979775270670e-01
9.962896998086023e-01
9.982531556928756e-01
9.992603993053307e-01
9.997125309327451e-01
9.998998150138603e-01
9.999692102182945e-01
9.999917565530408e-01
9.999981111087605e-01
9.999996348504574e-01
9.999999417342580e-01
9.999999924396732e-01
9.999999992304555e-01
9.999999999379260e-01
9.999999999966444e-01
9.999999999997711e-01
1.000000000000015e+00
9.999999999999947e-01
1.000000000000001e+00
9.999999999999997e-01
1.000000000000000e+00
1.000000000000000e+00
1.000000000000000e+00
1.000000000000000e+00
1.000000000000000e+00
1.000000000000000e+00
1.000000000000000e+00
1.000000000000000e+00
###6.800000000000003e+00
1.546856583857024e-09
1.986688089720372e-09
2.495872891016398e-09
3.106070781684445e-09
3.855914188498861e-09
4.777321598790893e-09
5.900277129628780e-09
7.271949988573889e-09
8.949021169110131e-09
1.100028012408774e-08
1.350609269002250e-08
1.657009979762665e-08
2.031557112719061e-08
2.489571503295525e-08
3.049508654395339e-08
3.733445491685262e-08
4.569020398204557e-08
5.589810482291087e-08
6.836616772755714e-08
8.358806736700774e-08
1.022161036875271e-07
1.248581165951170e-07
1.525370980894188e-07
1.863245884334938e-07
2.275173120163878e-07
2.777586298219616e-07
3.390325875903251e-07
4.137269137450428e-07
5.047566244403891e-07
6.156764549285312e-07
7.508100376650172e-07
9.153818237782820e-07
1.115819264371894e-06
1.359724351153754e-06
1.656643993552203e-06
2.017823692520721e-06
2.457182488966166e-06
2.991439868837199e-06
3.641024264386993e-06
4.430194027304258e-06
5.389060809173825e-06
6.553687496200422e-06
7.967744545678456e-06
9.684039082974623e-06
1.176559646156922e-05
1.429266107350928e-05
1.735530654809341e-05
2.106810890205156e-05
2.556584441976320e-05
3.101304825331540e-05
3.760872614845790e-05
4.558940344918578e-05
5.524550776758071e-05
6.691895589817153e-05
8.102766229312112e-05
9.807069855893725e-05
1.186580426609109e-04
1.434938721865678e-04
1.734407817007712e-04
2.095577782818042e-04
2.530751542861357e-04
3.054837038056940e-04
3.685479666902604e-04
4.443712601530831e-04
5.355735810715055e-04
6.451032797971070e-04
7.765530337323084e-04
9.342655886593337e-04
1.123327396974817e-03
1.349637860196589e-03
1.620510956813867e-03
1.944550085988147e-03
2.331710527839600e-03
2.793411532166453e-03
3.344150100230664e-03
4.000276046305195e-03
4.780836695184630e-03
5.708410803819305e-03
6.809912292868252e-03
8.116058266591137e-03
9.661781683763422e-03
1.148885230800654e-02
1.364799176087893e-02
1.619009409973092e-02
1.918145338028197e-02
2.269619675680932e-02
2.681531966881436e-02
3.163568197128272e-02
3.725948454733981e-02
4.381020063963476e-02
5.141809684319396e-02
6.023441677760531e-02
7.040748999749027e-02
8.211565379791842e-02
9.555411900535858e-02
1.109037665290906e-01
1.283744253639815e-01
1.481672093465470e-01
1.704809328990692e-01
1.955042532038302e-01
2.233908482914147e-01
2.542852748928425e-01
2.882513713311342e-01
3.253045680599721e-01
3.653839801598889e-01
4.083271790321543e-01
4.538380079586942e-01
5.014997345514862e-01
5.507737336888087e-01
6.009728640717281e-01
6.512620426921758e-01
7.007397028810800e-01
7.484188589352233e-01
7.931092268664579e-01
8.346194769626823e-01
8.715404201126781e-01
9.034406345514285e-01
9.300646409511002e-01
9.514213403773145e-01
9.678075605405605e-01
9.797698730309602e-01
9.880302632198830e-01
9.933863799728500e-01
9.966217184068565e-01
9.984247506360290e-01
9.993404137764486e-01
9.997463937487453e-01
9.999126261600956e-01
9.999734827545359e-01
9.999929956809217e-01
9.999984185319321e-01
9.999996990694062e-01
9.999999528086013e-01
9.999999939859627e-01
9.999999994006861e-01
9.999999999524464e-01
9.999999999975491e-01
9.999999999998178e-01
1.000000000000015e+00
9.999999999999951e-01
1.000000000000001e+00
9.999999999999997e-01
1.000000000000000e+00
1.000000000000000e+00
1.000000000000000e+00
1.000000000000000e+00
1.000000000000000e+00
1.000000000000000e+00
1.000000000000000e+00
1.000000000000000e+00
###7.000000000000004e+00
1.678210893383402e-09
2.151387359733612e-09
2.702860777088167e-09
3.363584227056339e-09
4.175419096201698e-09
5.172839803098306e-09
6.388193969813560e-09
7.872455458996542e-09
9.686876665805131e-09
1.190567925689927e-08
1.461562432466183e-08
1.792855533185963e-08
2.197765350335350e-08
2.692784931695174e-08
3.297856464489100e-08
4.036760956600140e-08
4.939299849844806e-08
6.041661467295041e-08
7.387806280071493e-08
9.030907978560437e-08
1.104123803199834e-07
1.348416705670315e-07
1.646987765995668e-07
2.011365773238909e-07
2.455497219350196e-07
2.997055566595796e-07
3.657374685763094e-07
4.462117242603473e-07
5.442602609733143e-07
6.637016942836251e-07
8.091790433002976e-07
9.863005210208034e-07
1.201964248419107e-06
1.464325187686940e-06
1.783633811103437e-06
2.171912088447934e-06
2.644111098529231e-06
3.218132900370754e-06
3.915856637252149e-06
4.763249317059093e-06
5.792539350924352e-06
7.042304695489146e-06
8.559244859676875e-06
1.039980580516861e-05
1.263130680322046e-05
1.533953401501346e-05
1.862057160992801e-05
2.259671587738054e-05
2.741171429587125e-05
3.324099140938169e-05
4.029665397267765e-05
4.883061133094509e-05
5.915210555177096e-05
7.162491258498678e-05
8.669353571241428e-05
1.048884691599079e-04
1.268579407933235e-04
1.533494528768370e-04
1.852778520962695e-04
2.237671677748074e-04
2.701209439652184e-04
3.259183054299977e-04
3.930272193504006e-04
4.736703943550696e-04
5.706217909839159e-04
6.869920168409909e-04
8.265732151631282e-04
9.939463098781463e-04
1.194471096837603e-03
1.434356904564699e-03
1.721299960748836e-03
2.064343962658533e-03
2.473937769243856e-03
2.962051727288330e-03
3.543921641690961e-03
4.236560331371485e-03
5.059964919072656e-03
6.037732575181504e-03
7.197796242752172e-03
8.572279494903230e-03
1.019744852495003e-02
1.211667695590688e-02
1.438255647946468e-02
1.704779419448951e-02
2.018079740579622e-02
2.385806067685513e-02
2.816290556880214e-02
3.319474427322910e-02
3.905822148873465e-02
4.587952935423283e-02
5.379126825551881e-02
6.294709331586143e-02
7.349666621270098e-02
8.561981425724158e-02
9.951262656537692e-02
1.153548029751389e-01
1.333546247703789e-01
1.537095119075244e-01
1.766126568937034e-01
2.022447888496563e-01
2.307488456690807e-01
2.622561569073235e-01
2.968137774678861e-01
3.344181556808566e-01
3.749855607362286e-01
4.183307229161069e-01
4.641324467677181e-01
5.119502630699907e-01
5.612236500141401e-01
6.112495659448037e-01
6.611835832227444e-01
7.101247058678688e-01
7.570985074720156e-01
8.009848618929082e-01
8.414872967804741e-01
8.773777514345695e-01
9.082392345432740e-01
9.338609907538306e-01
9.543008206168661e-01
9.698910994751480e-01
9.811999375976562e-01
9.889551258193530e-01
9.939455115998677e-01
9.969347140445773e-01
9.985850282817048e-01
9.994143439739528e-01
9.997773636574235e-01
9.999242161849922e-01
9.999773021070444e-01
9.999940891054947e-01
9.999986859827719e-01
9.999997540842144e-01
9.999999621370880e-01
9.999999952652869e-01
9.999999995387284e-01
9.999999999639942e-01
9.999999999982474e-01
9.999999999998546e-01
1.000000000000015e+00
9.999999999999954e-01
1.000000000000001e+00
9.999999999999997e-01
1.000000000000000e+00
1.000000000000000e+00
1.000000000000000e+00
1.000000000000000e+00
1.000000000000000e+00
1.000000000000000e+00
1.000000000000000e+00
1.000000000000000e+00
###7.200000000000004e+00
1.819169047673357e-09
2.328224968988996e-09
2.925104875833390e-09
3.640061980844304e-09
4.518428439431641e-09
5.597416109711856e-09
6.911897923775375e-09
8.516921950501986e-09
1.047863339072653e-08
1.287706956019562e-08
1.580582765776028e-08
1.938552444974995e-08
2.375993719072535e-08
2.910653775439654e-08
3.564062407333300e-08
4.361821223543908e-08
5.336042013601422e-08
6.525701296863631e-08
7.978132085904928e-08
9.750569670523453e-08
1.191866567419235e-07
1.455267714155624e-07
1.777119692109860e-07
2.169818197060938e-07
2.648352867966327e-07
3.231718080605081e-07
3.942837963991959e-07
4.809275735156228e-07
5.864658798275170e-07
7.149980777769393e-07
8.715068182802530e-07
1.062008266508663e-06
1.293900746413493e-06
1.575926565604566e-06
1.919082793614902e-06
2.336217106691695e-06
2.843374062213990e-06
3.459710643048761e-06
4.208644051514796e-06
5.117951853956795e-06
6.222104977244216e-06
7.562344535108011e-06
9.188575948368143e-06
1.116109470005790e-05
1.355176111829630e-05
1.645221805397255e-05
1.996489951460755e-05
2.422025419968218e-05
2.937149703414743e-05
3.560553927262704e-05
4.314829971836204e-05
5.226789638082968e-05
6.329338703722447e-05
7.661155208948214e-05
9.269486374406118e-05
1.121068485645708e-04
1.355359195948725e-04
1.637750485652433e-04
1.977939327817355e-04
2.387847516112530e-04
2.881278055355257e-04
3.474946957754433e-04
4.188615450046800e-04
5.045759816007304e-04
6.075726109142549e-04
7.311314805849682e-04
8.792526567726306e-04
1.056765206957831e-03
1.269313371178103e-03
1.523428572312968e-03
1.827204131936579e-03
2.190140576733808e-03
2.623198218864347e-03
3.138917751605958e-03
3.753302926627627e-03
4.484035695018202e-03
5.352108429404472e-03
6.382157043989652e-03
7.603171737171874e-03
9.048707659396440e-03
1.075639886157579e-02
1.277125544755961e-02
1.514757005383532e-02
1.794051400824558e-02
2.122001316322861e-02
2.506515874597758e-02
2.956160741752422e-02
3.481133472862227e-02
4.092140360136198e-02
4.802070074975521e-02
5.624409878639096e-02
6.574758210069287e-02
7.668200923508123e-02
8.922854101910317e-02
1.035839420332924e-01
1.199264703187104e-01
1.384625503523472e-01
1.593855528402106e-01
1.828826473281103e-01
2.091262049424613e-01
2.382479554567126e-01
2.703655757623273e-01
3.055089352900090e-01
3.436551279863039e-01
3.846975446941589e-01
4.284279111078234e-01
4.745002897771212e-01
5.224509773784423e-01
5.716983633916858e-01
6.215245889553630e-01
6.710772665454734e-01
7.194574138836423e-01
7.657050193502006e-01
8.087616157636177e-01
8.482545755688187e-01
8.831093204852074e-01
9.129326755470073e-01
9.375588299808539e-01
9.570927666437099e-01
9.719010129945943e-01
9.825715873821974e-01
9.898364503807000e-01
9.944744239958642e-01
9.972283020825276e-01
9.987339107853545e-01
9.994822403367609e-01
9.998054988068432e-01
9.999346245334823e-01
9.999806886061289e-01
9.999950453283247e-01
9.999989163742838e-01
9.999998007051617e-01
9.999999699015095e-01
9.999999963100288e-01
9.999999996490646e-01
9.999999999730392e-01
9.999999999987762e-01
9.999999999998831e-01
1.000000000000014e+00
9.999999999999958e-01
1.000000000000001e+00
9.999999999999997e-01
1.000000000000000e+00
1.000000000000000e+00
1.000000000000000e+00
1.000000000000000e+00
1.000000000000000e+00
1.000000000000000e+00
1.000000000000000e+00
1.000000000000000e+00
###7.400000000000004e+00
1.970354654984001e-09
2.517987453573446e-09
3.163594417923785e-09
3.936732785422136e-09
4.886463365699036e-09
6.052928351390746e-09
7.473697327982594e-09
9.208178793769449e-09
1.132775194552203e-08
1.391867652333497e-08
1.708185331798830e-08
2.094727768390084e-08
2.567004889256593e-08
3.144104785463130e-08
3.849251862852233e-08
4.709991677621620e-08
5.760902357916107e-08
7.043935974499244e-08
8.610023593634926e-08
1.052073225868530e-07
1.285745211265971e-07
1.569564309566985e-07
1.916286564489786e-07
2.339231116964561e-07
2.854498229813201e-07
3.482488789351797e-07
4.247819416583591e-07
5.180075401154597e-07
6.315338572521611e-07
7.697587895753633e-07
9.380259582284603e-07
1.142784966295359e-06
1.391965443296242e-06
1.694933238622059e-06
2.063477342312960e-06
2.511322789821140e-06
3.055672425712256e-06
3.717014074447570e-06
4.520394770576811e-06
5.495509734233562e-06
6.679204329760503e-06
8.115538229982421e-06
9.857808242648698e-06
1.197038022081353e-05
1.452991434787164e-05
1.763424028414614e-05
2.139249671032275e-05
2.594373695204726e-05
3.145116162353023e-05
3.811379352453458e-05
4.617210572013130e-05
5.591128591623059e-05
6.768125166800647e-05
8.189298143629639e-05
9.904835458650163e-05
1.197456052042317e-04
1.447153456732091e-04
1.747982462044877e-04
2.110215517800543e-04
2.546488424438369e-04
3.071408077203449e-04
3.702658216911478e-04
4.461130604559265e-04
5.371607781401083e-04
6.465111535222110e-04
7.776210996124639e-04
9.347072409967431e-04
1.122857147721199e-03
1.348010894879476e-03
1.617034494370841e-03
1.938433604002165e-03
2.322182525221888e-03
2.779771294460446e-03
3.324330537542321e-03
3.972654568105634e-03
4.743122310808196e-03
5.657745795727135e-03
6.742227816496273e-03
8.026653428119037e-03
9.546035553428750e-03
1.133941015151143e-02
1.345345583890224e-02
1.594422181789093e-02
1.886932063191307e-02
2.230027442433256e-02
2.631877272148424e-02
3.101281463820145e-02
3.648694617428264e-02
4.285061952220317e-02
5.023538637875593e-02
5.877832401301916e-02
6.863765674611921e-02
7.996529632561009e-02
9.294357133794116e-02
1.077697091394196e-01
1.246202532711469e-01
1.436994519652864e-01
1.651962597750014e-01
1.892914119961656e-01
2.161484826899677e-01
2.458875222419985e-01
2.786121255529527e-01
3.143345785451884e-01
3.530122684073981e-01
3.945156700057459e-01
4.386133933573784e-01
4.849350806389656e-01
5.329943426705521e-01
5.821893392730478e-01
6.317885329465365e-01
6.809330069661780e-01
7.287273006617438e-01
7.742275543192291e-01
8.164305784569732e-01
8.549110185350711e-01
8.887259561357139e-01
9.175130861860419e-01
9.411516818275707e-01
9.597921925884154e-01
9.738337604629718e-01
9.838825519247212e-01
9.906729417916577e-01
9.949725663517558e-01
9.975023598387942e-01
9.988714747505626e-01
9.995442325133612e-01
9.998308943824473e-01
9.999439049811759e-01
9.999836678327778e-01
9.999958743735258e-01
9.999991129607627e-01
9.999998398033105e-01
9.999999762899968e-01
9.999999971526093e-01
9.999999997360456e-01
9.999999999800223e-01
9.999999999991689e-01
9.999999999999053e-01
1.000000000000013e+00
9.999999999999961e-01
1.000000000000001e+00
9.999999999999998e-01
1.000000000000000e+00
1.000000000000000e+00
1.000000000000000e+00
1.000000000000000e+00
1.000000000000000e+00
1.000000000000000e+00
1.000000000000000e+00
1.000000000000000e+00
###7.600000000000004e+00
2.132426776037400e-09
2.721506644191501e-09
3.419374975051015e-09
4.254895222309007e-09
5.281131391097564e-09
6.541360810377890e-09
8.076031095324280e-09
9.949214968082522e-09
1.223788767723635e-08
1.503496268974001e-08
1.844913994908537e-08
2.262043500453134e-08
2.771603894839502e-08
3.394115969568565e-08
4.154612210270896e-08
5.082712618101140e-08
6.215626795796027e-08
7.598480619659979e-08
9.286041757618528e-08
1.134449467607991e-07
1.386134705346859e-07
1.691759570473593e-07
2.065035798024094e-07
2.520265678045580e-07
3.074731323443911e-07
3.750330481735201e-07
4.573480143040850e-07
5.575915841326689e-07
6.796328152229300e-07
8.281868884246743e-07
1.008980876896109e-06
1.228924661804710e-06
1.496511931631681e-06
1.821770151453608e-06
2.217327946072048e-06
2.697841851611084e-06
3.281741499165681e-06
3.990924989996794e-06
4.852165700770119e-06
5.897188847101291e-06
7.165352739030303e-06
8.703698567003916e-06
1.056910896349520e-05
1.283025156670281e-05
1.556885733556102e-05
1.888928864008249e-05
2.290775985958924e-05
2.777240148504053e-05
3.365694206124651e-05
4.077316812270507e-05
4.937688203991703e-05
5.977123952917091e-05
7.232810658464106e-05
8.748390346417072e-05
1.057714139888934e-04
1.278253234877849e-04
1.544205386968132e-04
1.864477445062217e-04
2.249945314877983e-04
2.713992575637339e-04
3.272067652305502e-04
3.942866523333393e-04
4.748462199630721e-04
5.715002365893143e-04
6.875256347344345e-04
8.265638106064996e-04
9.930569312051978e-04
1.192361661365150e-03
1.430725652232921e-03
1.715362330245655e-03
2.055205333365619e-03
2.460720098881917e-03
2.943945054893459e-03
3.518620677894969e-03
4.202355245522778e-03
5.014252259267371e-03
5.977368713295346e-03
7.118502841464030e-03
8.468871594220315e-03
1.006497306714529e-02
1.194727795755569e-02
1.416416612585972e-02
1.677349588807448e-02
1.983530269816280e-02
2.342277508354405e-02
2.762020351025084e-02
3.251793394774247e-02
3.822308605014686e-02
4.484746855994562e-02
5.252526309649835e-02
6.139567771570455e-02
7.161907995793308e-02
8.334828243923072e-02
9.676660622180328e-02
1.120715186090689e-01
1.294375639387834e-01
1.490664843191813e-01
1.711424398584054e-01
1.958393105056304e-01
2.233114258484313e-01
2.536666831989598e-01
2.869941640527872e-01
3.232881790893049e-01
3.624860773811761e-01
4.044353818789314e-01
4.488815279065915e-01
4.954300897584745e-01
5.435725897152854e-01
5.926878717224353e-01
6.420319155530465e-01
6.907407551465391e-01
7.379240179016505e-01
7.826556591465565e-01
8.239830554880773e-01
8.614470951651636e-01
8.942192949464893e-01
9.219734644645408e-01
9.446339656039722e-01
9.623949763522238e-01
9.756865783854155e-01
9.851312127894311e-01
9.914639170660243e-01
9.954397481094311e-01
9.977569950229213e-01
9.989979287706096e-01
9.996005150906988e-01
9.998536746066751e-01
9.999521230877302e-01
9.999862689673902e-01
9.999965871865539e-01
9.999992791686176e-01
9.999998722645573e-01
9.999999814895574e-01
9.999999978240313e-01
9.999999998037057e-01
9.999999999853405e-01
9.999999999994548e-01
9.999999999999226e-01
1.000000000000012e+00
9.999999999999964e-01
1.000000000000001e+00
9.999999999999998e-01
1.000000000000000e+00
1.000000000000000e+00
1.000000000000000e+00
1.000000000000000e+00
1.000000000000000e+00
1.000000000000000e+00
1.000000000000000e+00
1.000000000000000e+00
###7.800000000000004e+00
2.306081635610018e-09
2.939661071375943e-09
3.693551184293910e-09
4.595921257421573e-09
5.704129327936960e-09
7.064809449976257e-09
8.721475103927435e-09
1.074318688732249e-08
1.321290020713779e-08
1.623063912936478e-08
1.991342808645722e-08
2.441198251163594e-08
2.990640100099535e-08
3.661719028093450e-08
4.481395749397458e-08
5.481502760306531e-08
6.702055876945791e-08
8.191564463147314e-08
1.000888501411000e-07
1.222512109681567e-07
1.493411879206615e-07
1.822330507730686e-07
2.223943644110159e-07
2.713617689865500e-07
3.309891803770542e-07
4.036255919414764e-07
4.921041186785056e-07
5.998268515811887e-07
7.309399844124333e-07
8.904957394629314e-07
1.084628319752877e-06
1.320736139929062e-06
1.607911419408368e-06
1.956883287765698e-06
2.381170210911525e-06
2.896417166539670e-06
3.522352283515576e-06
4.282367699458305e-06
5.205064220008191e-06
6.324315204371476e-06
7.682136974176986e-06
9.328723138083413e-06
1.132474591848142e-05
1.374341713470805e-05
1.667182204384209e-05
2.022121799933021e-05
2.451528265860581e-05
2.971171811617315e-05
3.599534697947505e-05
4.359140056631223e-05
5.277181949585429e-05
6.385866423808038e-05
7.724688414364203e-05
9.339963654692603e-05
1.128821685695551e-04
1.363674305286066e-04
1.646768018880364e-04
1.987533888142187e-04
2.397480285085388e-04
2.890773641272618e-04
3.483742899122331e-04
4.196142367926190e-04
5.051278799001487e-04
6.076725780911366e-04
7.307074537200255e-04
8.780662209771461e-04
1.054425868645242e-03
1.265423044352379e-03
1.517625050872173e-03
1.818605888745669e-03
2.177743224835488e-03
2.606011410652234e-03
3.116016328595144e-03
3.722128556616116e-03
4.442794493784347e-03
5.297869618012096e-03
6.311481101340695e-03
7.511554167926892e-03
8.930472019814149e-03
1.060624628646518e-02
1.258081540376975e-02
1.490429260310843e-02
1.763639536707194e-02
2.083956774097382e-02
2.458872762357183e-02
2.897076956404241e-02
3.407838770876513e-02
4.002127453816624e-02
4.691355856029675e-02
5.489201057689913e-02
6.409788898386312e-02
7.469360017111096e-02
8.683269635258146e-02
1.006993060228846e-01
1.164909032108449e-01
1.343797363815264e-01
1.545647010919920e-01
1.772247736203205e-01
2.025265481345015e-01
2.306146548753332e-01
2.615843629608592e-01
2.955098088997559e-01
3.323669449812218e-01
3.720727732940163e-01
4.144518370240694e-01
4.592263899964609e-01
5.059783275958462e-01
5.541777332192745e-01
6.031851065183325e-01
6.522451994078157e-01
7.004905270652022e-01
7.470374240003602e-01
7.909792799154612e-01
8.314106384559959e-01
8.678540187265111e-01
8.995817718331265e-01
9.263076579570401e-01
9.480009643815628e-01
9.648978168339131e-01
9.774574313922876e-01
9.863165353475688e-01
9.922090922564405e-01
9.958760970143850e-01
9.979925141232167e-01
9.991135913754223e-01
9.996513342761779e-01
9.998739854331045e-01
9.999593520844746e-01
9.999885233554123e-01
9.999971951292826e-01
9.999994184477158e-01
9.999998989544953e-01
9.999999856763425e-01
9.999999983528914e-01
9.999999998556587e-01
9.999999999893388e-01
9.999999999996585e-01
9.999999999999363e-01
1.000000000000011e+00
9.999999999999968e-01
1.000000000000001e+00
9.999999999999998e-01
1.000000000000000e+00
1.000000000000000e+00
1.000000000000000e+00
1.000000000000000e+00
1.000000000000000e+00
1.000000000000000e+00
1.000000000000000e+00
1.000000000000000e+00
###8.000000000000004e+00
2.492056007400688e-09
3.173378571299642e-09
3.987289682552396e-09
4.961259704702973e-09
6.157244953095221e-09
7.625487371000199e-09
9.412748907078629e-09
1.159342658433982e-08
1.425686315180032e-08
1.751067752603706e-08
2.148077479138681e-08
2.632929024555624e-08
3.225009375323430e-08
3.948001921793040e-08
4.830922797852572e-08
5.907962964053427e-08
7.222129261139358e-08
8.825536214239339e-08
1.078139572117690e-07
1.316604869264248e-07
1.608006141836070e-07
1.961779175697090e-07
2.393616510435006e-07
2.920019205296753e-07
3.560862846228951e-07
4.341330084612562e-07
5.291786214213647e-07
6.448679935138361e-07
7.856415832697599e-07
9.569094657666976e-07
1.165237900395175e-06
1.418543529793453e-06
1.726553491337686e-06
2.100740550234222e-06
2.555565916684423e-06
3.107722693802587e-06
3.778312945139920e-06
4.592310810839929e-06
5.580250709230310e-06
6.778277374612079e-06
8.231217942094792e-06
9.992597709445645e-06
1.212709146220465e-05
1.471270916537361e-05
1.784218699374433e-05
2.163405654812403e-05
2.621986358267268e-05
3.176739876801742e-05
3.847316978446470e-05
4.657656366675830e-05
5.636650328423723e-05
6.818493034148126e-05
8.245106026751663e-05
9.965613596863285e-05
1.203994901452668e-04
1.453942242629129e-04
1.755104553212229e-04
2.117462078998659e-04
2.553185758381922e-04
3.077261272064280e-04
3.706938452757651e-04
4.463077657875859e-04
5.370273683280447e-04
6.457588704120613e-04
7.761512804123102e-04
9.322386931730455e-04
1.118942480156476e-03
1.342190478503114e-03
1.608882050610670e-03
1.926965267472955e-03
2.306278281041706e-03
2.758322554000991e-03
3.296290878965462e-03
3.935204517973106e-03
4.694372874137892e-03
5.594430627530869e-03
6.660601981701104e-03
7.921967723454914e-03
9.412116082056107e-03
1.117059807921765e-02
1.324084443408288e-02
1.567475978814093e-02
1.853394214485891e-02
2.188324188666192e-02
2.579936262992311e-02
3.037180618862582e-02
3.569561299083238e-02
4.188304332369259e-02
4.905050432031582e-02
5.733730932565735e-02
6.688667977732103e-02
7.786294861255151e-02
9.042023719405481e-02
1.047432864160972e-01
1.210293332001836e-01
1.394480215605208e-01
1.601950494921861e-01
1.834438092769486e-01
2.093531701985098e-01
2.380576016739716e-01
2.696392692118780e-01
3.041569346004018e-01
3.415678195202644e-01
3.817682944898460e-01
4.245599090096440e-01
4.696417816471523e-01
5.165725592090979e-01
5.648015913757234e-01
6.136720654862875e-01
6.624188235193188e-01
7.101724334609262e-01
7.560576127196520e-01
7.991887768230039e-01
8.387052647785321e-01
8.741237311651077e-01
9.048066096806668e-01
9.305103425880634e-01
9.512487911765084e-01
9.672981897019199e-01
9.791449616032982e-01
9.874380032539125e-01
9.929085715234902e-01
9.962820175634748e-01
9.982093914138750e-01
9.992188699288720e-01
9.996969754268700e-01
9.998919879341663e-01
9.999656698308242e-01
9.999904632823088e-01
9.999977095693908e-01
9.999995341560836e-01
9.999999206926270e-01
9.999999890127277e-01
9.999999987648012e-01
9.999999998950551e-01
9.999999999923078e-01
9.999999999998005e-01
9.999999999999469e-01
1.000000000000010e+00
9.999999999999971e-01
1.000000000000001e+00
9.999999999999998e-01
1.000000000000000e+00
1.000000000000000e+00
1.000000000000000e+00
1.000000000000000e+00
1.000000000000000e+00
1.000000000000000e+00
1.000000000000000e+00
1.000000000000000e+00
###8.200000000000003e+00
2.691132532899842e-09
3.423638806008870e-09
4.301822269631033e-09
5.352440242817808e-09
6.642377795755116e-09
8.225730782006559e-09
1.015272298180376e-08
1.250345060313045e-08
1.537407416640326e-08
1.888032330008361e-08
2.315756955560807e-08
2.838013129644797e-08
3.475656421105172e-08
4.254111687393440e-08
5.204585096923617e-08
6.363780342287501e-08
7.777890708535450e-08
9.502870163979269e-08
1.160656764349425e-07
1.417089756667502e-07
1.730358628231346e-07
2.110634081069564e-07
2.574692466828255e-07
3.140240272422135e-07
3.828573195351430e-07
4.666672597047359e-07
5.687064371974294e-07
6.928775043395003e-07
8.439332193817802e-07
1.027663423273275e-06
1.251092664366972e-06
1.522687080673659e-06
1.852846897772325e-06
2.253832722968912e-06
2.741104120505093e-06
3.332464898662300e-06
4.050470364476237e-06
4.921768858462203e-06
5.978939902912947e-06
7.260529056001474e-06
8.814334116438710e-06
1.069739970634209e-05
1.297862658310434e-05
1.574108848458699e-05
1.908348287812917e-05
2.313201234779581e-05
2.802651354887934e-05
3.394540588930420e-05
4.109749906777655e-05
4.973707761780289e-05
6.017092702820743e-05
7.276188769569414e-05
8.795467327074404e-05
1.062700156527721e-04
1.283430208584563e-04
1.549289022144148e-04
1.869488678782565e-04
2.254584513716661e-04
2.717441258639953e-04
3.273901586010093e-04
3.942178019182316e-04
4.744286342566482e-04
5.706165554275368e-04
6.858431068293206e-04
8.239551435554851e-04
9.891954363942508e-04
1.186739586179035e-03
1.422818149547323e-03
1.704675292449036e-03
2.040646991490581e-03
2.441048749868856e-03
2.917927757949219e-03
3.485083566221800e-03
4.158209032870010e-03
4.957502141507187e-03
5.904403855198121e-03
7.025263180137573e-03
8.350345905784323e-03
9.914480805323337e-03
1.175878768624515e-02
1.392818062383804e-02
1.647658064467799e-02
1.946717704400548e-02
2.296746952438606e-02
2.705592830365827e-02
3.182466480727820e-02
3.737106057655463e-02
4.380993428699132e-02
5.125992592272746e-02
5.986283860422378e-02
6.976376239316373e-02
8.112883626784519e-02
9.411257087666658e-02
1.089001142995037e-01
1.256882116889924e-01
1.446435822614507e-01
1.659583648218181e-01
1.897999572352463e-01
2.163190565730707e-01
2.456395045960125e-01
2.778298886512885e-01
3.129331700294029e-01
3.508874809284425e-01
3.915683020053313e-01
4.347541945886119e-01
4.801212423309575e-01
5.272053198021005e-01
5.754358063411292e-01
6.241396714659276e-01
6.725432215132717e-01
7.197767095496611e-01
7.649749417900156e-01
8.072749417008012e-01
8.458593993384327e-01
8.802488939208235e-01
9.098878052188267e-01
9.345770006045815e-01
9.543743543408372e-01
9.695943030522964e-01
9.807484407948699e-01
9.884957382518854e-01
9.935628263149826e-01
9.966581537859798e-01
9.984082410815802e-01
9.993142417949233e-01
9.997377521161716e-01
9.999078525988669e-01
9.999711562444414e-01
9.999921209817654e-01
9.999981415608509e-01
9.999996294753759e-01
9.999999382352628e-01
9.999999916446372e-01
9.999999990821377e-01
9.999999999245566e-01
9.999999999944874e-01
9.999999999998969e-01
9.999999999999555e-01
1.000000000000009e+00
9.999999999999974e-01
1.000000000000001e+00
9.999999999999998e-01
1.000000000000000e+00
1.000000000000000e+00
1.000000000000000e+00
1.000000000000000e+00
1.000000000000000e+00
1.000000000000000e+00
1.000000000000000e+00
1.000000000000000e+00
###8.400000000000002e+00
2.904123041822558e-09
3.691475753336518e-09
4.638449044429549e-09
5.771077288896102e-09
7.161525696546861e-09
8.868004961036594e-09
1.094442607933697e-08
1.347696878244955e-08
1.656906822700289e-08
2.034510853328075e-08
2.495054992185512e-08
3.057270071273316e-08
3.743577032713542e-08
4.581257168946419e-08
5.603849060920334e-08
6.850732183084271e-08
8.371492754939561e-08
1.022617171146328e-07
1.248755247992120e-07
1.524347790485775e-07
1.860929837751155e-07
2.269451214358375e-07
2.767842598281829e-07
3.375090578889975e-07
4.113999153563319e-07
5.013460098542383e-07
6.108293144686635e-07
7.440260631714318e-07
9.060202963932956e-07
1.103004685475306e-06
1.342489665623883e-06
1.633523751938198e-06
1.987220367744716e-06
2.416674428153129e-06
2.938402297574681e-06
3.571384101761632e-06
4.339711726989281e-06
5.271804402205276e-06
6.402403631087461e-06
7.772591623871110e-06
9.433304218204562e-06
1.144530183546507e-05
1.388194515562310e-05
1.683164938744943e-05
2.039939840212279e-05
2.471948017116092e-05
2.994046384665542e-05
3.625196177679945e-05
4.387572946645129e-05
5.308172256406413e-05
6.419550745456179e-05
7.760188273615314e-05
9.377234356553668e-05
1.132585709336377e-04
1.367331995288499e-04
1.649955917209039e-04
1.990204921010559e-04
2.399236313395502e-04
2.890640958557343e-04
3.481157688059543e-04
4.190004965044896e-04
5.040405082404975e-04
6.059699291203289e-04
7.280122912954848e-04
8.742205263003494e-04
1.049054613393331e-03
1.257954519496592e-03
1.507465378513076e-03
1.805189243416219e-03
2.159864172602840e-03
2.582300298942860e-03
3.085109576778502e-03
3.682718551055114e-03
4.391512914869139e-03
5.232605477145270e-03
6.228270440851385e-03
7.406010063925143e-03
8.797304866435077e-03
1.043825925327345e-02
1.237156340931377e-02
1.464373428955155e-02
1.731065576210730e-02
2.043718749598589e-02
2.409341343743560e-02
2.835969029650969e-02
3.333071255686645e-02
3.910619426036649e-02
4.580349846836999e-02
5.354344732166449e-02
6.247027458955366e-02
7.273083715238687e-02
8.449295105626614e-02
9.791132673707727e-02
1.131713038785508e-01
1.304688677249901e-01
1.499674882229282e-01
1.718553653447167e-01
1.962934848086060e-01
2.234239166362891e-01
2.533594039466159e-01
2.861544835706194e-01
3.218358966242182e-01
3.603223428847426e-01
4.014681833053936e-01
4.450290206693411e-01
4.906580608169778e-01
5.378689313326304e-01
5.860718656640420e-01
6.345787739320655e-01
6.826088599129405e-01
7.292937433411044e-01
7.737800604798225e-01
8.152290115697276e-01
8.528656780630149e-01
8.862228761608884e-01
9.148201116150677e-01
9.385038952624902e-01
9.573753207240174e-01
9.717850541383675e-01
9.822677196937033e-01
9.894902147322496e-01
9.941726490585772e-01
9.970053849354273e-01
9.985897910686989e-01
9.994002371346633e-01
9.997739962130575e-01
9.999217544114072e-01
9.999758911719772e-01
9.999935278487437e-01
9.999985016041715e-01
9.999997073533554e-01
9.999999522653140e-01
9.999999937003637e-01
9.999999993240317e-01
9.999999999463844e-01
9.999999999960704e-01
9.999999999999604e-01
9.999999999999625e-01
1.000000000000008e+00
9.999999999999978e-01
1.000000000000001e+00
9.999999999999999e-01
1.000000000000000e+00
1.000000000000000e+00
1.000000000000000e+00
1.000000000000000e+00
1.000000000000000e+00
1.000000000000000e+00
1.000000000000000e+00
1.000000000000000e+00
###8.600000000000001e+00
3.131891841705661e-09
3.977980313856193e-09
4.998541721780896e-09
6.218874107078002e-09
7.716796307261915e-09
9.554910422559576e-09
1.179105279598598e-08
1.451789357909165e-08
1.784662670922298e-08
2.191086571637269e-08
2.686681811451289e-08
3.291563557974682e-08
4.029820523714574e-08
4.930711930265062e-08
6.030259339845151e-08
7.370690177172538e-08
9.005201785621105e-08
1.099818345919140e-07
1.342766714007861e-07
1.638779875868924e-07
2.000204182503313e-07
2.438825034692955e-07
2.973772413276196e-07
3.625421236529664e-07
4.418166700493318e-07
5.382928775958908e-07
6.556961345180306e-07
7.984928890267687e-07
9.721184360756614e-07
1.183192543723458e-06
1.439740553594894e-06
1.751427933353519e-06
2.130123441480793e-06
2.589805106996628e-06
3.148107510598270e-06
3.825255852695524e-06
4.646966166365226e-06
5.643529854302862e-06
6.851972978851979e-06
8.316056815619737e-06
1.009003037700695e-05
1.223857580499504e-05
1.483975820147774e-05
1.798762524331790e-05
2.179378610425966e-05
2.640104828847166e-05
3.196717403267052e-05
3.869355807806317e-05
4.681557236035030e-05
5.661965134524768e-05
6.845109865986951e-05
8.271777492678808e-05
9.991929259019383e-05
1.206398002823574e-04
1.455912862051411e-04
1.756193783258822e-04
2.117548966315898e-04
2.551765568699877e-04
3.073194093547403e-04
3.699510135333665e-04
4.450982839112952e-04
5.352093829040708e-04
6.431646592574874e-04
7.723565088422441e-04
9.270524426941744e-04
1.111938422466070e-03
1.332729211653047e-03
1.596296710993631e-03
1.910614286987916e-03
2.284836599199024e-03
2.730286101964303e-03
3.260158964942672e-03
3.889529342568684e-03
4.635497322643198e-03
5.520117429469930e-03
6.566523947637692e-03
7.803401396566782e-03
9.263475039223628e-03
1.098415868404836e-02
1.300961150775885e-02
1.538838629423350e-02
1.817795045609027e-02
2.144515331682487e-02
2.526225518604025e-02
2.971193069650965e-02
3.489133111728416e-02
4.090248930005235e-02
4.786529420274888e-02
5.590269409670887e-02
6.516128771357378e-02
7.578958928099591e-02
8.795695421219323e-02
1.018180934154258e-01
1.175583120224156e-01
1.353725585514728e-01
1.554207106380103e-01
1.778866466158822e-01
2.029245104283581e-01
2.306672838765461e-01
2.612161372196038e-01
2.946110883350876e-01
3.308622467230152e-01
3.698685553654010e-01
4.114630563518210e-01
4.553784514742918e-01
5.012452875099371e-01
5.485555196413073e-01
5.967011241722676e-01
6.449801748998519e-01
6.926062647148399e-01
7.387141027847435e-01
7.824639358287363e-01
8.230426908897489e-01
8.597173247746207e-01
8.920397430933735e-01
9.195990575158235e-01
9.422880443666733e-01
9.602500773726115e-01
9.738699794761901e-01
9.837031772363986e-01
9.904223094211899e-01
9.947391080487659e-01
9.973246880814541e-01
9.987548571781851e-01
9.994774229038105e-01
9.998060492339169e-01
9.999338686420179e-01
9.999799526527281e-01
9.999947138396359e-01
9.999987994799614e-01
9.999997692553063e-01
9.999999633876964e-01
9.999999952898799e-01
9.999999995066956e-01
9.999999999622650e-01
9.999999999972363e-01
9.999999999999910e-01
9.999999999999711e-01
1.000000000000006e+00
9.999999999999983e-01
1.000000000000000e+00
9.999999999999999e-01
1.000000000000000e+00
1.000000000000000e+00
1.000000000000000e+00
1.000000000000000e+00
1.000000000000000e+00
1.000000000000000e+00
1.000000000000000e+00
1.000000000000000e+00
###8.800000000000001e+00
3.375350510742554e-09
4.284303114119887e-09
5.383547119643185e-09
6.697627124616553e-09
8.310412387227427e-09
1.028918949141033e-08
1.269597141948504e-08
1.563034982081814e-08
1.921178967934870e-08
2.358374211917582e-08
2.891385842500304e-08
3.541803601467067e-08
4.335492259058846e-08
5.303817305250246e-08
6.485442449161805e-08
7.925624819769280e-08
9.681403320635018e-08
1.182179155530215e-07
1.443040138877513e-07
1.760807714448311e-07
2.148691093010418e-07
2.619362781891013e-07
3.193223156717732e-07
3.892126630940983e-07
4.742153703027222e-07
5.776376990587889e-07
7.034632253177451e-07
8.564661143671523e-07
1.042453923234694e-06
1.268499034933566e-06
1.543172207889129e-06
1.876792199677828e-06
2.282027349537889e-06
2.773790062770533e-06
3.370897627262188e-06
4.094892389112084e-06
4.973206424137768e-06
6.038109503979130e-06
7.329040916980637e-06
8.892589653281178e-06
1.078650152562430e-05
1.307959639770703e-05
1.585489847652916e-05
1.921239314594440e-05
2.327066864998167e-05
2.818150583044938e-05
3.411234057608842e-05
4.127696494254097e-05
4.992506764640388e-05
6.036040264076930e-05
7.294900792270952e-05
8.812295510441118e-05
1.064113640563691e-04
1.284324298730312e-04
1.549393907985470e-04
1.868263384415786e-04
2.251828037684021e-04
2.712533778646921e-04
3.265525455078621e-04
3.929457501094686e-04
4.725696015241889e-04
5.680036555872417e-04
6.822806805177865e-04
8.189690193672242e-04
9.825595437596051e-04
1.177973217379601e-03
1.411210328619851e-03
1.689482070580637e-03
2.021146895549121e-03
2.415790927614914e-03
2.885267049114292e-03
3.443375512068071e-03
4.105859072355196e-03
4.890554086624548e-03
5.820484302085976e-03
6.919670825407604e-03
8.218009996882641e-03
9.749502049620067e-03
1.155290324483823e-02
1.367389069824832e-02
1.616303618660429e-02
1.907946163387140e-02
2.249203050610835e-02
2.647519159508492e-02
3.111394440517538e-02
3.650791546290352e-02
4.276143116049812e-02
4.999688558274314e-02
5.833929160419053e-02
6.793754041756456e-02
7.894168622241160e-02
9.152247713432873e-02
1.058344152446952e-01
1.220625341886091e-01
1.404004584237500e-01
1.610041173369510e-01
1.840526763172296e-01
2.096929986593882e-01
2.380485111501822e-01
2.692083352193307e-01
3.031975067888849e-01
3.400091028984152e-01
3.795220065026779e-01
4.215477749363180e-01
4.657963027610531e-01
5.118757483256158e-01
5.592570330784562e-01
6.073148270974665e-01
6.553346560000429e-01
7.025260501638821e-01
7.479342632266179e-01
7.910178799156916e-01
8.307081643232967e-01
8.664080975493080e-01
8.976942525038356e-01
9.242208858174250e-01
9.459271935243353e-01
9.629976931442712e-01
9.758492096028211e-01
9.850555951615265e-01
9.912932525092052e-01
9.952635059552444e-01
9.976172103426476e-01
9.989043202123910e-01
9.995463888864756e-01
9.998342549244714e-01
9.999443674153681e-01
9.999834155526992e-01
9.999957070398783e-01
9.999990441391367e-01
9.999998204831780e-01
9.999999721144716e-01
9.999999965097824e-01
9.999999996422835e-01
9.999999999739932e-01
9.999999999979875e-01
1.000000000000033e+00
9.999999999999705e-01
1.000000000000007e+00
9.999999999999981e-01
1.000000000000000e+00
9.999999999999999e-01
1.000000000000000e+00
1.000000000000000e+00
1.000000000000000e+00
1.000000000000000e+00
1.000000000000000e+00
1.000000000000000e+00
1.000000000000000e+00
1.000000000000000e+00
###9.000000000000000e+00
3.635460172561975e-09
4.611657340904354e-09
5.794990729275255e-09
7.209230356424031e-09
8.944717285872717e-09
1.107373313322241e-08
1.366273233942661e-08
1.681868469304092e-08
2.066986810693223e-08
2.537021448032388e-08
3.109955496328231e-08
3.808948656888424e-08
4.661756235258690e-08
5.701985501649690e-08
6.971110496984567e-08
8.517609870804348e-08
1.040260736008493e-07
1.270003207793850e-07
1.549942540894034e-07
1.890874704751095e-07
2.306926097220970e-07
2.811708682686425e-07
3.426974656471461e-07
4.176146265707339e-07
5.087092129178306e-07
6.195167935574648e-07
7.542946787539463e-07
9.181431632624729e-07
1.117264151044333e-06
1.359209476372487e-06
1.653127369929175e-06
2.010028041883072e-06
2.443425905667659e-06
2.969221515336031e-06
3.607482581357238e-06
4.381144108029987e-06
5.319450639360887e-06
6.456761616856093e-06
7.835064154597449e-06
9.503930860082712e-06
1.152479667749456e-05
1.397084435865776e-05
1.693032502001050e-05
2.050947959404378e-05
2.483424504985328e-05
3.006585004090615e-05
3.638190515376411e-05
4.400924159049875e-05
5.321259463325627e-05
6.431391432336608e-05
7.770101104248274e-05
9.383136305136647e-05
1.132650441700734e-04
1.366559367947857e-04
1.648004996018517e-04
1.986435696889944e-04
2.393361240016469e-04
2.881916242396946e-04
3.468075833455414e-04
4.171516874419882e-04
5.014750248029415e-04
6.024941880957731e-04
7.234007615393018e-04
8.679463336979965e-04
1.040854200685714e-03
1.247289597559162e-03
1.493549367595244e-03
1.787196861541046e-03
2.136989737704118e-03
2.552960792104717e-03
3.047511857092632e-03
3.635067549629202e-03
4.332060593446589e-03
5.157085794030178e-03
6.134164219517839e-03
7.288230546133366e-03
8.650422869184137e-03
1.025604684454713e-02
1.214523418808583e-02
1.436525594992092e-02
1.696860235007911e-02
2.001620336886933e-02
2.357893171091098e-02
2.773343352124881e-02
3.256704560636233e-02
3.818187233708867e-02
4.468451343222610e-02
5.219983974916191e-02
6.085486151585415e-02
7.080068280241365e-02
8.218877223020254e-02
9.519111473423633e-02
1.099617840537462e-01
1.266852945591224e-01
1.455536479796902e-01
1.667184584547693e-01
1.903537770586263e-01
2.165987394375570e-01
2.455667454422543e-01
2.773343909709105e-01
3.119112732976426e-01
3.492730478782282e-01
3.892782562773042e-01
4.317170067088693e-01
4.762760048204878e-01
5.225418458787895e-01
5.699649308013324e-01
6.179035417592360e-01
6.656320069614731e-01
7.123557755244648e-01
7.570669245691787e-01
7.994279968273701e-01
8.382157617779549e-01
8.729305048486162e-01
9.031807294132416e-01
9.286821843272314e-01
9.494191806558968e-01
9.656175423563143e-01
9.777232259748067e-01
9.863263071413700e-01
9.921045235780458e-01
9.957473029684970e-01
9.978841694563436e-01
9.990390973484621e-01
9.996077319507092e-01
9.998589517970590e-01
9.999534165939499e-01
9.999863504905014e-01
9.999965333528212e-01
9.999992436636417e-01
9.999998612568298e-01
9.999999789237211e-01
9.999999974348948e-01
9.999999997429603e-01
9.999999999822559e-01
9.999999999985534e-01
1.000000000000048e+00
9.999999999999738e-01
1.000000000000006e+00
9.999999999999983e-01
1.000000000000000e+00
9.999999999999999e-01
1.000000000000000e+00
1.000000000000000e+00
1.000000000000000e+00
1.000000000000000e+00
1.000000000000000e+00
1.000000000000000e+00
1.000000000000000e+00
1.000000000000000e+00
###9.199999999999999e+00
3.913233762814023e-09
4.961321809264080e-09
6.234480571342322e-09
7.755680185647598e-09
9.622180839087712e-09
1.191158787129947e-08
1.469507686014919e-08
1.808747856239851e-08
2.222645704359482e-08
2.727710497030490e-08
3.343221098013490e-08
4.094007958984707e-08
5.009837889592965e-08
6.126702995932188e-08
7.489065281135011e-08
9.148827281837596e-08
1.117145429736729e-07
1.363609813641731e-07
1.663859838141158e-07
2.029446964683915e-07
2.475472003061183e-07
3.016541670460526e-07
3.675845538155685e-07
4.478466866492183e-07
5.454170544465493e-07
6.640732599311381e-07
8.083627027430464e-07
9.837311704349635e-07
1.196798124754177e-06
1.455623058036025e-06
1.769965346997748e-06
2.151566728339699e-06
2.614836499652428e-06
3.176719779840611e-06
3.858605768875515e-06
4.684901224963214e-06
5.686764306729429e-06
6.900760730526074e-06
8.371566307155056e-06
1.015190060236377e-05
1.230708885296427e-05
1.491491228120003e-05
1.806912884153275e-05
2.188256840679627e-05
2.648927269310754e-05
3.205929692116379e-05
3.878206557860838e-05
4.689774832326187e-05
5.668688646789301e-05
6.849053932632991e-05
8.271937041345417e-05
9.985750872581602e-05
1.204974861897575e-04
1.453305774611896e-04
1.751985081228343e-04
2.110992288614631e-04
2.542480006080327e-04
3.060302565054135e-04
3.681302600979874e-04
4.426224529201580e-04
5.318773448840888e-04
6.387543954499861e-04
7.666106065070109e-04
9.193883304891087e-04
1.102052638780618e-03
1.320022561303783e-03
1.579902831873619e-03
1.889622168084154e-03
2.258351905531107e-03
2.696587065464879e-03
3.217297368047136e-03
3.835552492499816e-03
4.568496868894158e-03
5.435506226791625e-03
6.461627685380356e-03
7.672755642161312e-03
9.101241411401482e-03
1.078378562858785e-02
1.276190856173045e-02
1.508447028096562e-02
1.780602004355953e-02
2.098920732294232e-02
2.470698708299086e-02
2.903821282882883e-02
3.407256210244322e-02
3.991462170407411e-02
4.667323955377876e-02
5.447572911202416e-02
6.345102472360307e-02
7.375235649608354e-02
8.553247356020041e-02
9.896443243351821e-02
1.142016486949319e-01
1.314278588905730e-01
1.508331323003611e-01
1.725643902285743e-01
1.967901588490528e-01
2.236413922802640e-01
2.532209883383154e-01
2.855925426169648e-01
3.207497673088805e-01
3.586505239641145e-01
3.991327668779327e-01
4.419657978814781e-01
4.868110765069337e-01
5.332362511366477e-01
5.806712465505963e-01
6.284590471130644e-01
6.758642033892682e-01
7.220900926365708e-01
7.661678016602949e-01
8.076930473876086e-01
8.455614250002489e-01
8.792814639030347e-01
9.084965910694414e-01
9.329806211621370e-01
9.527639250430012e-01
9.681103281366481e-01
9.794934274924766e-01
9.875169699078078e-01
9.928579891164059e-01
9.961922040193755e-01
9.981269825158408e-01
9.991601534805422e-01
9.996620578706109e-01
9.998804726930804e-01
9.999611750823155e-01
9.999888235114321e-01
9.999972164315407e-01
9.999994052423333e-01
9.999998934799017e-01
9.999999841898740e-01
9.999999981303316e-01
9.999999998168758e-01
9.999999999880392e-01
9.999999999989652e-01
1.000000000000052e+00
9.999999999999778e-01
1.000000000000006e+00
9.999999999999986e-01
1.000000000000000e+00
9.999999999999999e-01
1.000000000000000e+00
1.000000000000000e+00
1.000000000000000e+00
1.000000000000000e+00
1.000000000000000e+00
1.000000000000000e+00
1.000000000000000e+00
1.000000000000000e+00
###9.399999999999999e+00
4.209738643679828e-09
5.334644061946409e-09
6.703711098451690e-09
8.339080190405855e-09
1.034540532093799e-08
1.280596339252109e-08
1.579694613939959e-08
1.944155586954315e-08
2.388744890602973e-08
2.931159721477466e-08
3.592056823256897e-08
4.398043910965916e-08
5.381026914461274e-08
6.579534625729755e-08
8.041202356914837e-08
9.821572079167053e-08
1.199072078084163e-07
1.463334689357831e-07
1.785197686043299e-07
2.177014343330827e-07
2.654920122914228e-07
3.234574906640213e-07
3.940695493780144e-07
4.800124403674199e-07
5.844636520742368e-07
7.114572629518112e-07
8.658479610252072e-07
1.053447385136543e-06
1.281316938656747e-06
1.558053409897829e-06
1.894062682967193e-06
2.301860089796830e-06
2.796801034815850e-06
3.396934372880995e-06
4.125045350587065e-06
5.007095308273882e-06
6.076262017437284e-06
7.371439729852125e-06
8.940140322958771e-06
1.083840124019257e-05
1.313564847592336e-05
1.591450814220155e-05
1.927453751693584e-05
2.333550469553262e-05
2.824002724061215e-05
3.416728805783240e-05
4.131928390005603e-05
4.995015602164665e-05
6.035704095898795e-05
7.290105840425964e-05
8.801684985087088e-05
1.062164888865291e-04
1.281265293207358e-04
1.544774089906125e-04
1.861582451666198e-04
2.242225589157045e-04
2.699528376417248e-04
3.248096990504172e-04
3.905680077190345e-04
4.694136317936920e-04
5.638416111559735e-04
6.768602911556487e-04
8.119989026873105e-04
9.733983040488022e-04
1.166274984445491e-03
1.396311549632211e-03
1.670432268456552e-03
1.996944781512700e-03
2.385448925563305e-03
2.846917845801730e-03
3.394908502929401e-03
4.045156746132010e-03
4.815540815276802e-03
5.726240121892725e-03
6.803357207164030e-03
8.073775216533553e-03
9.571081129075353e-03
1.133340950288422e-02
1.340369879766266e-02
1.583242805561134e-02
1.867624054354366e-02
2.199952119089894e-02
2.587729948341613e-02
3.039077313215102e-02
3.563183354385280e-02
4.170759286086497e-02
4.872911799902450e-02
5.682612532726344e-02
6.612939382296977e-02
7.679418527854359e-02
8.897438680120036e-02
1.028439516552235e-01
1.185553970101189e-01
1.362914121185861e-01
1.562398129589386e-01
1.785424400477243e-01
2.033618751355886e-01
2.308204305904266e-01
2.610100246729493e-01
2.939807808189634e-01
3.297100906939851e-01
3.681376676536419e-01
4.090806632491960e-01
4.522873774431566e-01
4.973946454763792e-01
5.439512148531075e-01
5.913675247688103e-01
6.389724273870163e-01
6.860221636933704e-01
7.317202491234011e-01
7.751326825497203e-01
8.158058926498334e-01
8.527389582201428e-01
8.854564379184657e-01
9.136386425096243e-01
9.371150237060284e-01
9.559610527368383e-01
9.704769261334630e-01
9.811614644922831e-01
9.886296670668265e-01
9.935556885142811e-01
9.965999912338618e-01
9.983470093196386e-01
9.992684537643360e-01
9.997099591355825e-01
9.998991357822328e-01
9.999677917937947e-01
9.999908952475332e-01
9.999977775174553e-01
9.999995351848696e-01
9.999999187630235e-01
9.999999882278733e-01
9.999999986485072e-01
9.999999998692652e-01
9.999999999920518e-01
9.999999999992588e-01
1.000000000000050e+00
9.999999999999815e-01
1.000000000000005e+00
9.999999999999988e-01
1.000000000000000e+00
9.999999999999999e-01
1.000000000000000e+00
1.000000000000000e+00
1.000000000000000e+00
1.000000000000000e+00
1.000000000000000e+00
1.000000000000000e+00
1.000000000000000e+00
1.000000000000000e+00
###9.599999999999998e+00
4.526099164948189e-09
5.733043529479065e-09
7.204467199515790e-09
8.961650606502102e-09
1.111713265290409e-08
1.376024002392618e-08
1.697249038058213e-08
2.088599631234964e-08
2.565904697664172e-08
3.148125272070990e-08
3.857382681998318e-08
4.722174329640948e-08
5.776680144752592e-08
7.062125088270851e-08
8.629515188527036e-08
1.053825733835967e-07
1.286332565899405e-07
1.569530669185660e-07
1.914382329469363e-07
2.334091436133535e-07
2.845891539757931e-07
3.466557226386951e-07
4.222427001830456e-07
5.142206137827966e-07
6.259799065863165e-07
7.618263216500477e-07
9.269399177928184e-07
1.127520031286716e-06
1.371094254805060e-06
1.666829167263976e-06
2.025813823965715e-06
2.461381305141584e-06
2.989886852470227e-06
3.630545285093441e-06
4.407615523867282e-06
5.348700764449316e-06
6.489109356564896e-06
7.870191911264713e-06
9.542450765715774e-06
1.156541996302963e-05
1.401284627812448e-05
1.697245843875574e-05
2.054991854194965e-05
2.487229729748463e-05
3.009120471868159e-05
3.639549208898008e-05
4.400029285869142e-05
5.317445474919711e-05
6.423253144460830e-05
7.755669329285395e-05
9.360673030658418e-05
1.129240057499101e-04
1.361707206420090e-04
1.641183148253514e-04
1.977055026378716e-04
2.380439235039328e-04
2.864863415749214e-04
3.445718860450612e-04
4.141700054886407e-04
4.975828281548365e-04
5.974351998469190e-04
7.168905652366818e-04
8.596574085586137e-04
1.030083064019562e-03
1.233645377077023e-03
1.476300571861803e-03
1.765304408293989e-03
2.109357356150734e-03
2.518502931092665e-03
3.004208644958787e-03
3.580638465420603e-03
4.264215924458935e-03
5.073575525183591e-03
6.029723394604788e-03
7.159847357061561e-03
8.491844406197152e-03
1.006057158543386e-02
1.190562478139037e-02
1.407139366714043e-02
1.661001339793647e-02
1.958023256399524e-02
2.304820942022896e-02
2.709106782621027e-02
3.179237268253331e-02
3.724621214822370e-02
4.356222449495802e-02
5.085366221782348e-02
5.925259915259153e-02
6.889157292992124e-02
7.992777492657083e-02
9.251607886511096e-02
1.068311501216477e-01
1.230243566790218e-01
1.412770600941921e-01
1.617744911702457e-01
1.846530117041735e-01
2.100688310464144e-01
2.381351542736596e-01
2.689324412490850e-01
3.024968760254885e-01
3.387891070616493e-01
3.777303657781298e-01
4.191168152190973e-01
4.626756254059466e-01
5.080196176463834e-01
5.546788145548510e-01
6.020451970650328e-01
6.494347155938015e-01
6.960968355574709e-01
7.412373221112840e-01
7.839541609144215e-01
8.237591147603965e-01
8.597425553362485e-01
8.914513352330447e-01
9.186042940135504e-01
9.410843614375161e-01
9.590109013622116e-01
9.727187178456965e-01
9.827293769130802e-01
9.896667077637238e-01
9.941998303688323e-01
9.969725403618465e-01
9.985456736962035e-01
9.993649601789040e-01
9.997520123814749e-01
9.999152432212792e-01
9.999734051489456e-01
9.999926208499206e-01
9.999982354978424e-01
9.999996389688151e-01
9.999999384581119e-01
9.999999912984459e-01
9.999999990311923e-01
9.999999999084888e-01
9.999999999947977e-01
9.999999999994673e-01
1.000000000000046e+00
9.999999999999847e-01
1.000000000000004e+00
9.999999999999990e-01
1.000000000000000e+00
9.999999999999999e-01
1.000000000000000e+00
1.000000000000000e+00
1.000000000000000e+00
1.000000000000000e+00
1.000000000000000e+00
1.000000000000000e+00
1.000000000000000e+00
1.000000000000000e+00
###9.799999999999997e+00
4.863499168955547e-09
6.158015041390018e-09
7.738628575801690e-09
9.625721381840196e-09
1.194025334294852e-08
1.477797693921269e-08
1.822607888877263e-08
2.242614709201277e-08
2.754778028101480e-08
3.379402890684028e-08
4.140166699147766e-08
5.067575204907916e-08
6.198224728155749e-08
7.576204432456050e-08
9.256099755765595e-08
1.130141972685553e-07
1.379233666909335e-07
1.682568508571900e-07
2.051861570719624e-07
2.501218771741708e-07
3.049052784544692e-07
3.713274835750320e-07
4.521987305485042e-07
5.505852972720067e-07
6.701031428755301e-07
8.153456443374788e-07
9.918372431223536e-07
1.206189669665497e-06
1.466416880019286e-06
1.782294639169365e-06
2.165631916406491e-06
2.630625835616181e-06
3.194687842852034e-06
3.878264659402377e-06
4.707162099787393e-06
5.710736677503156e-06
6.926524936817608e-06
8.398473548316711e-06
1.018023688239043e-05
1.233503244574560e-05
1.494115788358693e-05
1.809171364807140e-05
2.189878586666598e-05
2.649712786678901e-05
3.204777894608319e-05
3.874981778256003e-05
4.683210797415893e-05
5.657896693355095e-05
6.832322139029462e-05
8.246912338621415e-05
9.950282869646797e-05
1.199963884771918e-04
1.446493396254502e-04
1.742760327134973e-04
2.098670674495100e-04
2.525948433133231e-04
3.038855623346978e-04
3.653603083271315e-04
4.389872331285361e-04
5.271897245390563e-04
6.327278815493216e-04
7.589266599360693e-04
9.096810385218199e-04
1.089553029630874e-03
1.304292073229767e-03
1.560138320870262e-03
1.864691292652897e-03
2.227058547131759e-03
2.657742811725620e-03
3.168722550601100e-03
3.774788916901724e-03
4.493075038323198e-03
5.342994474905970e-03
6.346403364302315e-03
7.531605140089884e-03
8.927535812062041e-03
1.057035678258708e-02
1.250115309814699e-02
1.476579800332265e-02
1.741815731225681e-02
2.051898168069459e-02
2.413635340959733e-02
2.834947843311102e-02
3.324428469151278e-02
3.891706224051177e-02
4.547996389786453e-02
5.304838945380472e-02
6.175671887688958e-02
7.173915568545365e-02
8.315471077291989e-02
9.615908407881386e-02
1.109274584873762e-01
1.276097914222410e-01
1.463858254309935e-01
1.674378633880625e-01
1.908963809367130e-01
2.169107792612403e-01
2.455846861012821e-01
2.769866243089603e-01
3.111383776972567e-01
3.479834437454009e-01
3.874242612819273e-01
4.292358521755866e-01
4.731241945836014e-01
5.186787074869487e-01
5.654109856763726e-01
6.126956222797344e-01
6.598369604532162e-01
7.060792863923283e-01
7.506326560950548e-01
7.926250597127411e-01
8.315458279842445e-01
8.665669663346990e-01
8.972626542406540e-01
9.233915961843751e-01
9.448882146249388e-01
9.619143729954954e-01
9.748375588803522e-01
9.841995672925058e-01
9.906306327993412e-01
9.947927673948027e-01
9.973117908379856e-01
9.987244103429802e-01
9.994506199454187e-01
9.997887724263916e-01
9.999290789375549e-01
9.999781424705499e-01
9.999940499582934e-01
9.999986069860916e-01
9.999997212970787e-01
9.999999536896440e-01
9.999999936144164e-01
9.999999993113281e-01
9.999999999363655e-01
9.999999999966656e-01
9.999999999996128e-01
1.000000000000041e+00
9.999999999999872e-01
1.000000000000003e+00
9.999999999999991e-01
1.000000000000000e+00
9.999999999999999e-01
1.000000000000000e+00
1.000000000000000e+00
1.000000000000000e+00
1.000000000000000e+00
1.000000000000000e+00
1.000000000000000e+00
1.000000000000000e+00
1.000000000000000e+00
###9.999999999999996e+00
5.223184935526890e-09
6.611132285131663e-09
8.308174099409803e-09
1.033374797687278e-08
1.281780018803377e-08
1.586292034851129e-08
1.956231009949281e-08
2.406763513876632e-08
2.956051854361015e-08
3.625829710287079e-08
4.441427089793129e-08
5.435483299158648e-08
6.647161286291436e-08
8.123591585439301e-08
9.923159115382719e-08
1.211372498442068e-07
1.478097696557936e-07
1.802837666256224e-07
2.198105704431580e-07
2.678963923952885e-07
3.265077598986878e-07
3.975552889611825e-07
4.840370294663615e-07
5.892261687396497e-07
7.169773736826273e-07
8.721884396278182e-07
1.060748166919129e-06
1.289704249443480e-06
1.567585254051664e-06
1.904810418963659e-06
2.313949521674403e-06
2.810112275165388e-06
3.411825432706942e-06
4.140835642159537e-06
5.024557778553413e-06
6.094268297124346e-06
7.389782371336400e-06
8.957806216055646e-06
1.085531533050697e-05
1.314938566053779e-05
1.592316743235049e-05
1.927535270547369e-05
2.332480545279175e-05
2.821435727626692e-05
3.411493500069909e-05
4.123642270231066e-05
4.982203748877568e-05
6.017235877972978e-05
7.263937822733379e-05
8.765050162959027e-05
1.057195164791902e-04
1.274506146797905e-04
1.535824229788866e-04
1.849741833947059e-04
2.226707544967041e-04
2.679080339402538e-04
3.221889365761142e-04
3.872200630622025e-04
4.650725274749675e-04
5.582961464443673e-04
6.697918944970072e-04
8.030528527046303e-04
9.621679566394953e-04
1.151922335268151e-03
1.378347567436198e-03
1.647978306210473e-03
1.968770422324321e-03
2.350253177611558e-03
2.803404400261025e-03
3.340730433817224e-03
3.977670206164825e-03
4.732088752373703e-03
5.624201819261879e-03
6.676739097345208e-03
7.919150398352767e-03
9.381435973087777e-03
1.110109583328866e-02
1.312073232559645e-02
1.548773511358739e-02
1.825791526282734e-02
2.149349362376281e-02
2.526505241771758e-02
2.965372560883042e-02
3.474779718315300e-02
4.064576030098839e-02
4.746226718507858e-02
5.531492346344451e-02
6.434005022391082e-02
7.467372410671819e-02
8.647655603122423e-02
9.990490193297233e-02
1.151342575878037e-01
1.323128977501023e-01
1.516186438694774e-01
1.732305174127564e-01
1.972726914611314e-01
2.238873160868282e-01
2.531679684138214e-01
2.851707571973720e-01
3.199026133666762e-01
3.572894929122173e-01
3.972147569583291e-01
4.394321700095990e-01
4.836265217648891e-01
5.293644528576065e-01
5.761395408352580e-01
6.233101096700779e-01
6.701702529387461e-01
7.159607311304207e-01
7.598978829954497e-01
8.011384761901502e-01
8.391596813258009e-01
8.732075061516891e-01
9.028874852118843e-01
9.279992246812162e-01
9.485267624189048e-01
9.646728978047733e-01
9.768357362638208e-01
9.855747563498389e-01
9.915241900662355e-01
9.953369611725664e-01
9.976197193149688e-01
9.988846473909296e-01
9.995263555312212e-01
9.998207676886355e-01
9.999409071517319e-01
9.999821197434905e-01
9.999952268141714e-01
9.999989064538281e-01
9.999997861654086e-01
9.999999653843443e-01
9.999999953473333e-01
9.999999995145905e-01
9.999999999560204e-01
9.999999999979176e-01
9.999999999997147e-01
1.000000000000036e+00
9.999999999999893e-01
1.000000000000003e+00
9.999999999999993e-01
1.000000000000000e+00
9.999999999999999e-01
1.000000000000000e+00
1.000000000000000e+00
1.000000000000000e+00
1.000000000000000e+00
1.000000000000000e+00
1.000000000000000e+00
1.000000000000000e+00
1.000000000000000e+00
###1.020000000000000e+01
5.606468011733110e-09
7.094051431164826e-09
8.915186379788747e-09
1.108831535880007e-08
1.375297010420303e-08
1.701901204341050e-08
2.098602202482435e-08
2.581637981436764e-08
3.170448747958120e-08
3.888286118603703e-08
4.762234508107469e-08
5.827198830859385e-08
7.125067170339182e-08
8.706198107658046e-08
1.063300807475086e-07
1.297797351098578e-07
1.583263181914922e-07
1.930747096471443e-07
2.353608448430936e-07
2.867922546963948e-07
3.494681682688257e-07
4.254256975619903e-07
5.178618413035301e-07
6.302687248612189e-07
7.667535782174359e-07
9.325362499603689e-07
1.133890877928530e-06
1.378325872693729e-06
1.674914034709531e-06
2.034754058876244e-06
2.471219422942845e-06
3.000383314002416e-06
3.641949736600822e-06
4.419036446210648e-06
5.360751537536591e-06
6.500409098574021e-06
7.880212491833231e-06
9.549779352395187e-06
1.156958308684674e-05
1.401075853879835e-05
1.696157163127719e-05
2.052658767228411e-05
2.483179990495279e-05
3.002853189357827e-05
3.629807650172048e-05
4.386172140584125e-05
5.297769205984960e-05
6.396360374068072e-05
7.719168607890496e-05
9.311346946385417e-05
1.122717368147719e-04
1.353043300968585e-04
1.629907871223485e-04
1.962372962595730e-04
2.361454356778289e-04
2.840174386644283e-04
3.414363245277526e-04
4.101978949585315e-04
4.924806282975080e-04
5.909661129483647e-04
7.087020000505498e-04
8.493563164966617e-04
1.017219641464852e-03
1.217308899221419e-03
1.455948661268347e-03
1.739978926777818e-03
2.077724828504067e-03
2.479152303773820e-03
2.955730526980792e-03
3.520510987408478e-03
4.189601384185985e-03
4.981621360754733e-03
5.917612301072551e-03
7.021201220314645e-03
8.323015494404562e-03
9.854144838888364e-03
1.165346203933162e-02
1.376511511380785e-02
1.623804262222948e-02
1.913001923064168e-02
2.250478796511159e-02
2.643542029480980e-02
3.100501725422749e-02
3.630421000982369e-02
4.243369177552291e-02
4.951059553277287e-02
5.765469006323209e-02
6.700393476613666e-02
7.769684225537869e-02
8.989484646114340e-02
1.037549915580205e-01
1.194528727339403e-01
1.371347990476406e-01
1.569763581567736e-01
1.791529261938117e-01
2.037819488343574e-01
2.309978757727348e-01
2.608837580786289e-01
2.934828164677152e-01
3.287866864523674e-01
3.667034116231436e-01
4.070970184348185e-01
4.496999374658394e-01
4.941758384512641e-01
5.400692295281287e-01
5.868561887636388e-01
6.338799416535823e-01
6.804257516627741e-01
7.257325589061534e-01
7.690249422283701e-01
8.094878211645216e-01
8.465948618493583e-01
8.796600606356502e-01
9.083235101040200e-01
9.324264627493989e-01
9.520007532761215e-01
9.672883967842980e-01
9.787159258306927e-01
9.868579397485120e-01
9.923502945392794e-01
9.958349496705589e-01
9.978983158750696e-01
9.990277913251795e-01
9.995916748503716e-01
9.998484968030233e-01
9.999509715324366e-01
9.999854416699027e-01
9.999961904838532e-01
9.999991463833013e-01
9.999998369352532e-01
9.999999742988807e-01
9.999999966338504e-01
9.999999996607760e-01
9.999999999697731e-01
9.999999999987430e-01
9.999999999997867e-01
1.000000000000031e+00
9.999999999999911e-01
1.000000000000002e+00
9.999999999999994e-01
1.000000000000000e+00
9.999999999999999e-01
1.000000000000000e+00
1.000000000000000e+00
1.000000000000000e+00
1.000000000000000e+00
1.000000000000000e+00
1.000000000000000e+00
1.000000000000000e+00
1.000000000000000e+00
###1.040000000000000e+01
6.014728271674214e-09
7.608515025352617e-09
9.561856483821914e-09
1.189214319943772e-08
1.474912637630519e-08
1.825039861887897e-08
2.250230349465547e-08
2.767860660212794e-08
3.398728545678717e-08
4.167697772517781e-08
5.103714482823374e-08
6.244088436851561e-08
7.633599987139822e-08
9.326032479684959e-08
1.138807834556919e-07
1.389710651143490e-07
1.695085600951114e-07
2.066726141092982e-07
2.518888023591547e-07
3.068719718882053e-07
3.738618832879802e-07
4.550295023631799e-07
5.537824843216722e-07
6.738445385638423e-07
8.195900062926422e-07
9.965793118368873e-07
1.211493946809601e-06
1.472324867567145e-06
1.788732679645533e-06
2.172520786165283e-06
2.637915481058501e-06
3.202006761836643e-06
3.885740785409718e-06
4.713680973071882e-06
5.716722888050306e-06
6.930322930503763e-06
8.399205727000672e-06
1.017605302967215e-05
1.232502097983345e-05
1.492151669902872e-05
1.805918435552620e-05
2.184876884146951e-05
2.642375530841611e-05
3.194439036276982e-05
3.860283336051572e-05
4.663239584162711e-05
5.630699534639496e-05
6.796212973921015e-05
8.199125981595553e-05
9.887117305350852e-05
1.191750232290728e-04
1.435758700185260e-04
1.728960527317750e-04
2.080908369568786e-04
2.503210718414743e-04
3.009582647715421e-04
3.616690511537263e-04
4.343422427696057e-04
5.212682306250702e-04
6.252658953619999e-04
7.495355481480312e-04
8.979271924406801e-04
1.074940966276396e-03
1.285834511685151e-03
1.537236560090488e-03
1.836303574262832e-03
2.191743183329707e-03
2.613973331440775e-03
3.114971140646530e-03
3.708350848600365e-03
4.410910324830911e-03
5.242046901278735e-03
6.223651353597937e-03
7.380272003524880e-03
8.743745366737398e-03
1.034627579965563e-02
1.222814287734167e-02
1.443506881610476e-02
1.701757251421880e-02
2.003541135288594e-02
2.355389800419687e-02
2.764858484016831e-02
3.240457394050618e-02
3.791483349815686e-02
4.428224922842311e-02
5.162641185585789e-02
6.006918733704854e-02
6.975010830606787e-02
8.081005310372193e-02
9.341108621966564e-02
1.077107673437639e-01
1.238845689139317e-01
1.420765404674036e-01
1.624597126632346e-01
1.852054423715105e-01
2.104240151086377e-01
2.382417255575577e-01
2.687306223052325e-01
3.019205689051396e-01
3.377874750724246e-01
3.762211229506571e-01
4.170659782880308e-01
4.600331036431280e-01
5.047651827165478e-01
5.507852668207756e-01
5.975525541838027e-01
6.443963972112894e-01
6.905947085043869e-01
7.353863594749079e-01
7.780061009931583e-01
8.176668537883754e-01
8.538460984334598e-01
8.859210899964279e-01
9.135689962981378e-01
9.366731814464324e-01
9.553114737525392e-01
9.697632435831861e-01
9.804811498284277e-01
9.880523461129457e-01
9.931119905383683e-01
9.962893168320012e-01
9.981495621221042e-01
9.991552030347444e-01
9.996505985961550e-01
9.998723961121480e-01
9.999594923122932e-01
9.999881998521131e-01
9.999969751107998e-01
9.999993372889785e-01
9.999998764195261e-01
9.999999810376684e-01
9.999999975833010e-01
9.999999997644160e-01
9.999999999794863e-01
9.999999999992311e-01
9.999999999998512e-01
1.000000000000023e+00
9.999999999999936e-01
1.000000000000002e+00
9.999999999999996e-01
1.000000000000000e+00
9.999999999999999e-01
1.000000000000000e+00
1.000000000000000e+00
1.000000000000000e+00
1.000000000000000e+00
1.000000000000000e+00
1.000000000000000e+00
1.000000000000000e+00
1.000000000000000e+00
###1.059999999999999e+01
6.449417130070884e-09
8.156355974507400e-09
1.025048846096334e-08
1.274809208943881e-08
1.580980633355365e-08
1.956144090913413e-08
2.411650573134678e-08
2.966086129939034e-08
3.641704006653019e-08
4.465037681022359e-08
5.467049910471985e-08
6.687588157690023e-08
8.174501227503855e-08
9.985204543946426e-08
1.219092369888740e-07
1.487421224360457e-07
1.813938131854630e-07
2.211225498371155e-07
2.694488211825705e-07
3.282011205586954e-07
3.997679670404319e-07
4.864619099879113e-07
5.919135640808414e-07
7.200915130265456e-07
8.756524801811523e-07
1.064516913973935e-06
1.293796752548186e-06
1.571991949347661e-06
1.909386045828666e-06
2.318524199574359e-06
2.814533459292372e-06
3.415576512200078e-06
4.143909650956128e-06
5.025620034892207e-06
6.093489214920386e-06
7.385225709156134e-06
8.948214267775185e-06
1.083836053287715e-05
1.312369651230727e-05
1.588412430611205e-05
1.921894075817818e-05
2.324538975788196e-05
2.810482669304405e-05
3.396687060689996e-05
4.103506976166150e-05
4.955540348434324e-05
5.981819562897493e-05
7.217771640476460e-05
8.704966117531799e-05
1.049372808836496e-04
1.264455198133337e-04
1.522842825408053e-04
1.833206714042841e-04
2.205612384998024e-04
2.652287478596590e-04
3.187670238415571e-04
3.829299519256002e-04
4.597032914047415e-04
5.514940439260394e-04
6.612640842915674e-04
7.923725530677216e-04
9.488586752028071e-04
1.135440294936728e-03
1.357624942052060e-03
1.622356992782719e-03
1.937120766342014e-03
2.311019947621048e-03
2.754940179533713e-03
3.281383488567699e-03
3.904544796093138e-03
4.641933939216555e-03
5.513749389096850e-03
6.542755358128268e-03
7.754445646824175e-03
9.181897848815488e-03
1.085845606511402e-02
1.282584048185960e-02
1.513137611395121e-02
1.782719259559001e-02
2.097504965443889e-02
2.464187280908589e-02
2.890568878779270e-02
3.385362981447999e-02
3.958098932722279e-02
4.619283349055115e-02
5.381118315653983e-02
6.255993203221255e-02
7.258015058945266e-02
8.401488394336643e-02
9.702674961612144e-02
1.117735996336975e-01
1.284305504709853e-01
1.471390879109193e-01
1.680693518831168e-01
1.913882964569014e-01
2.171986069834116e-01
2.456179640825320e-01
2.767069377572469e-01
3.104815717898048e-01
3.469016340014827e-01
3.858383202354581e-01
4.271163432023130e-01
4.704254085168596e-01
5.153874138063562e-01
5.615046658265840e-01
6.082201998967726e-01
6.548507770349256e-01
7.006684954453940e-01
7.449139501085262e-01
7.868339752234731e-01
8.256697128335050e-01
8.609086659021755e-01
8.919876301508013e-01
9.186227898687648e-01
9.407398182467442e-01
9.584607221714888e-01
9.721002260638297e-01
9.821347352138108e-01
9.891613968674370e-01
9.938124168049348e-01
9.967026672152557e-01
9.983754152282702e-01
9.992682270225646e-01
9.997020241697140e-01
9.998929475633922e-01
9.999666754305873e-01
9.999904809609782e-01
9.999976104035850e-01
9.999994884268287e-01
9.999999069045059e-01
9.999999861055177e-01
9.999999982762349e-01
9.999999998380030e-01
9.999999999860840e-01
9.999999999995680e-01
9.999999999998886e-01
1.000000000000019e+00
9.999999999999948e-01
1.000000000000001e+00
9.999999999999997e-01
1.000000000000000e+00
9.999999999999999e-01
1.000000000000000e+00
1.000000000000000e+00
1.000000000000000e+00
1.000000000000000e+00
1.000000000000000e+00
1.000000000000000e+00
1.000000000000000e+00
1.000000000000000e+00
###1.079999999999999e+01
6.912060724271404e-09
8.739501722987884e-09
1.098350701125408e-08
1.365917005329371e-08
1.693872938058592e-08
2.095672385614743e-08
2.583425440289614e-08
3.177002467867745e-08
3.900204058185891e-08
4.781328359762196e-08
5.853483660026155e-08
7.159206578679361e-08
8.749600032634001e-08
1.068592966699301e-07
1.304422543202184e-07
1.591253254105076e-07
1.940212420590966e-07
2.364718328625154e-07
2.880979492950528e-07
3.508486877315700e-07
4.272693249082987e-07
5.198227326329625e-07
6.323751985194929e-07
7.691541555713392e-07
9.351147229418199e-07
1.136557790776681e-06
1.381049975813548e-06
1.677628824273599e-06
2.037235080722620e-06
2.473197064789887e-06
3.001591925435446e-06
3.641713597775884e-06
4.417199685571058e-06
5.355742808162821e-06
6.492113471762774e-06
7.866387425117907e-06
9.528754419700014e-06
1.153851112311747e-05
1.396776714111756e-05
1.690115180044460e-05
2.044390172230250e-05
2.472009238969490e-05
2.987934417916853e-05
3.610111683428365e-05
4.360089375205446e-05
5.263798723812207e-05
6.351987645180546e-05
7.662052685448642e-05
9.237891251370768e-05
1.113260008429328e-04
1.341000007144769e-04
1.614493513930450e-04
1.942879514316528e-04
2.336759305874784e-04
2.809007062963636e-04
3.374815703987821e-04
4.052634162478230e-04
4.863330211309926e-04
5.832188473052724e-04
6.990316514708314e-04
8.372957623922244e-04
1.002247089472676e-03
1.198829566240587e-03
1.432810031262770e-03
1.711460312117242e-03
2.042604254769553e-03
2.435755486073620e-03
2.902283401312645e-03
3.455232242313287e-03
4.109395878009728e-03
4.883018302824501e-03
5.797122938820084e-03
6.875371755417606e-03
8.144228372585258e-03
9.638043733432772e-03
1.139132667520143e-02
1.344727159484609e-02
1.585483488720366e-02
1.866778625194197e-02
2.194990768318794e-02
2.576977666431093e-02
3.020788903930687e-02
3.535343153615569e-02
4.130400909476332e-02
4.816685167211124e-02
5.606637782782879e-02
6.512843505484411e-02
7.549558377931549e-02
8.731283891750441e-02
1.007432757143110e-01
1.159448091994572e-01
1.330919555925735e-01
1.523233223725865e-01
1.738058147210046e-01
1.977015911868894e-01
2.241052904724145e-01
2.531255166631857e-01
2.848108868240722e-01
3.191631706780937e-01
3.561255944142073e-01
3.955504694460434e-01
4.372425993317755e-01
4.808703920736596e-01
5.260349729470823e-01
5.722194165846145e-01
6.188506477660521e-01
6.652344274748063e-01
7.106386299428695e-01
7.543074006769228e-01
7.955015490995673e-01
8.334909433132988e-01
8.677783878193892e-01
8.978572910058817e-01
9.234843049642398e-01
9.446273532215453e-01
9.614507679091265e-01
9.743025071330407e-01
9.836802725002853e-01
9.901886673162016e-01
9.944547733630344e-01
9.970775991831484e-01
9.985777888429075e-01
9.993681333384773e-01
9.997467458752601e-01
9.999105410162688e-01
9.999727025339161e-01
9.999923575976524e-01
9.999981219480913e-01
9.999996073372528e-01
9.999999302907436e-01
9.999999898883134e-01
9.999999987785022e-01
9.999999998896922e-01
9.999999999905641e-01
9.999999999997873e-01
9.999999999999128e-01
1.000000000000017e+00
9.999999999999956e-01
1.000000000000001e+00
9.999999999999998e-01
1.000000000000000e+00
9.999999999999999e-01
1.000000000000000e+00
1.000000000000000e+00
1.000000000000000e+00
1.000000000000000e+00
1.000000000000000e+00
1.000000000000000e+00
1.000000000000000e+00
1.000000000000000e+00
###1.099999999999999e+01
7.404263325340861e-09
9.359978451173299e-09
1.176346014146361e-08
1.462853905985646e-08
1.813980499534941e-08
2.244106626764903e-08
2.766146147117662e-08
3.401332660581630e-08
4.175108115764245e-08
5.117643908301193e-08
6.264321141663221e-08
7.660527960841339e-08
9.360816972450672e-08
1.143053364127761e-07
1.395079784139123e-07
1.701546942809434e-07
2.074320049716129e-07
2.527700238691231e-07
3.078960167914832e-07
3.748866313881804e-07
4.564528671350370e-07
5.552165813782924e-07
6.752932577688959e-07
8.211838479953003e-07
9.981586774255629e-07
1.212920499581176e-06
1.473516028253311e-06
1.789550373209791e-06
2.172657427644959e-06
2.636992005344740e-06
3.199633142044201e-06
3.881067248859497e-06
4.706387775232558e-06
5.704978319601644e-06
6.913705927327990e-06
8.375134200890044e-06
1.014240905941572e-05
1.227839307104290e-05
1.485948366644456e-05
1.797528012193004e-05
2.173725841798295e-05
2.627667247784605e-05
3.175181920038995e-05
3.835248681153345e-05
4.630666400532864e-05
5.588768550922844e-05
6.742096801965776e-05
8.130113071410008e-05
9.799151223085641e-05
1.180520970311275e-04
1.421558903772084e-04
1.710916178172999e-04
2.058220844459100e-04
2.474633700584748e-04
2.973703822204597e-04
3.571411390795679e-04
4.287154321606419e-04
5.142852583611151e-04
6.165055463132051e-04
7.386420134172675e-04
8.843907280192687e-04
1.058191968788911e-03
1.265224380929225e-03
1.511523787238668e-03
1.804701598702405e-03
2.152933137644628e-03
2.566156187327453e-03
3.056240311311449e-03
3.636789630021049e-03
4.323215547377990e-03
5.134518791107073e-03
6.092571896121428e-03
7.221959167816062e-03
8.550138531269649e-03
1.011276685308413e-02
1.194554254697480e-02
1.409316756221462e-02
1.660625814592976e-02
1.954025229480178e-02
2.296097425392968e-02
2.693868866835500e-02
3.155635610398658e-02
3.690523751420189e-02
4.308523331734667e-02
5.020571588200655e-02
5.839346404732227e-02
6.777620018950405e-02
7.849791482554871e-02
9.070539615284859e-02
1.045620651132368e-01
1.202256635946939e-01
1.378698522762428e-01
1.576300355767493e-01
1.796695299262105e-01
2.041452968927619e-01
2.311434764357566e-01
2.607631312735980e-01
2.930404543928146e-01
3.279624972632402e-01
3.654555632558864e-01
4.053528099075875e-01
4.474390145118800e-01
4.913613895804178e-01
5.366997449339181e-01
5.829213911450908e-01
6.294353899383909e-01
6.755387563856077e-01
7.204967945808337e-01
7.635590536044826e-01
8.040021905515962e-01
8.411255170689642e-01
8.744516364852147e-01
9.035282509244166e-01
9.281535094496776e-01
9.483372827168915e-01
9.642843195324072e-01
9.763735852048645e-01
9.851215754484667e-01
9.911378498245043e-01
9.950422913073801e-01
9.974166839328074e-01
9.987585406755251e-01
9.994561325432257e-01
9.997854913366350e-01
9.999255357863046e-01
9.999777359581850e-01
9.999938934320015e-01
9.999985315721985e-01
9.999997003159465e-01
9.999999481160042e-01
9.999999926911786e-01
9.999999991400352e-01
9.999999999256297e-01
9.999999999936019e-01
9.999999999999224e-01
9.999999999999303e-01
1.000000000000014e+00
9.999999999999962e-01
1.000000000000001e+00
9.999999999999998e-01
1.000000000000000e+00
1.000000000000000e+00
1.000000000000000e+00
1.000000000000000e+00
1.000000000000000e+00
1.000000000000000e+00
1.000000000000000e+00
1.000000000000000e+00
1.000000000000000e+00
1.000000000000000e+00
###1.119999999999999e+01
7.927710904700228e-09
1.001991641885495e-08
1.259302572139096e-08
1.565952211556857e-08
1.941714149491560e-08
2.401953163003641e-08
2.960433844654710e-08
3.639836236837593e-08
4.467342760550480e-08
5.475112405323403e-08
6.700933158285797e-08
8.193215649748761e-08
1.001016816129320e-07
1.222145755196790e-07
1.491359402187721e-07
1.818659227174009e-07
2.216694707972504e-07
2.700691411482440e-07
3.289057548791705e-07
4.003905115805396e-07
4.874096791155453e-07
5.927530660453891e-07
7.207995942541882e-07
8.763391324577195e-07
1.064974846834058e-06
1.293833824030235e-06
1.571469530662851e-06
1.908086047926874e-06
2.316048096128147e-06
2.810382250238280e-06
3.409224004538633e-06
4.134316085718965e-06
5.012285654105370e-06
6.074296974371324e-06
7.359425981470758e-06
8.912850427550772e-06
1.079083029495136e-05
1.305997615466906e-05
1.580119351695475e-05
1.910930448085766e-05
2.310233703363215e-05
2.791908505566761e-05
3.372695093056074e-05
4.072655935689110e-05
4.915899914748175e-05
5.931234203753376e-05
7.153075892621435e-05
8.623051767811283e-05
1.039004504019367e-04
1.251309082160395e-04
1.506312843111358e-04
1.812324055611121e-04
2.179481727250469e-04
2.619530714045274e-04
3.146724384408046e-04
3.777863873684053e-04
4.533336320535687e-04
5.436157254473469e-04
6.514192309471149e-04
7.801710963935268e-04
9.337458785774578e-04
1.116796135862926e-03
1.334744090286913e-03
1.593904481967453e-03
1.902240766630552e-03
2.268291973412222e-03
2.702434585762115e-03
3.217055113955469e-03
3.826335570298108e-03
4.546323799060272e-03
5.396800216327075e-03
6.400510970291698e-03
7.582987522014256e-03
8.972706707226046e-03
1.060666416016796e-02
1.252177251450890e-02
1.476427432172138e-02
1.738647395160084e-02
2.044550479241512e-02
2.400925317744384e-02
2.814970231634786e-02
3.295227352237582e-02
3.851031712644303e-02
4.492601041844473e-02
5.231084194451684e-02
6.079390817966111e-02
7.050472218002948e-02
8.158863305319361e-02
9.419400507898235e-02
1.084844768626526e-01
1.246173737056292e-01
1.427652345678269e-01
1.630599260055277e-01
1.856608120453765e-01
2.107192476467613e-01
2.383124172122737e-01
2.685293760642266e-01
3.013934267797606e-01
3.368764704217294e-01
3.748875271848666e-01
4.152403626954845e-01
4.576996522463538e-01
5.018915648353882e-01
5.473749695925180e-01
5.936024045085488e-01
6.399659251343620e-01
6.857552690763591e-01
7.302348696316655e-01
7.726614206269347e-01
8.123296728579814e-01
8.485688557931955e-01
8.809253357695122e-01
9.089992518558052e-01
9.326309102273211e-01
9.518715928740048e-01
9.669644901763870e-01
9.783172555374071e-01
9.864626423935968e-01
9.920127192204186e-01
9.955782051910008e-01
9.977224462645662e-01
9.989194612091553e-01
9.995333701587066e-01
9.998189371783767e-01
9.999382599994091e-01
9.999819198127998e-01
9.999951438424035e-01
9.999988577669147e-01
9.999997725734378e-01
9.999999616151926e-01
9.999999947529082e-01
9.999999993984422e-01
9.999999999503701e-01
9.999999999956576e-01
1.000000000000001e+00
9.999999999999436e-01
1.000000000000012e+00
9.999999999999968e-01
1.000000000000001e+00
9.999999999999998e-01
1.000000000000000e+00
1.000000000000000e+00
1.000000000000000e+00
1.000000000000000e+00
1.000000000000000e+00
1.000000000000000e+00
1.000000000000000e+00
1.000000000000000e+00
1.000000000000000e+00
1.000000000000000e+00
###1.139999999999999e+01
8.484174799009085e-09
1.072155239652232e-08
1.347501733507569e-08
1.675561048415923e-08
2.077505493514141e-08
2.569743903729698e-08
3.166940973236472e-08
3.893310891811155e-08
4.777881012156856e-08
5.854918288053034e-08
7.164758774663566e-08
8.759015536138733e-08
1.069976942124200e-07
1.306126269755442e-07
1.593571229326321e-07
1.942964474245559e-07
2.367785181831494e-07
2.884237212669572e-07
3.511929187603658e-07
4.274395564388829e-07
5.202351952032954e-07
6.325470049261524e-07
7.690322929909091e-07
9.347860081822401e-07
1.135762645970361e-06
1.379537191389219e-06
1.675197808063463e-06
2.033580451038209e-06
2.467820157029572e-06
2.993862792879957e-06
3.630957013450965e-06
4.402169032004203e-06
5.335741239376407e-06
6.464712159666688e-06
7.830484036082287e-06
9.480980241815567e-06
1.147574152914104e-05
1.388531529190306e-05
1.679534439634697e-05
2.030613856528688e-05
2.454260376130023e-05
2.965145012604972e-05
3.580963290371812e-05
4.322914204501193e-05
5.216478671465538e-05
6.292011638886857e-05
7.585890819926303e-05
9.142011142693029e-05
1.101192248846245e-04
1.325783674247685e-04
1.595449703731816e-04
1.918938447679671e-04
2.306922571078298e-04
2.771756405440624e-04
3.328428020257918e-04
3.994594370112320e-04
4.791673391941759e-04
5.743820952197085e-04
6.880272344911308e-04
8.236974021754124e-04
9.854525925917521e-04
1.178165783545571e-03
1.407511885208835e-03
1.680094748805915e-03
2.004242668980168e-03
2.388870894177810e-03
2.844809481990891e-03
3.384979030024401e-03
4.024157802882180e-03
4.779049302090600e-03
5.670236958124087e-03
6.721365358402471e-03
7.958938160646188e-03
9.412475809712452e-03
1.112034578746667e-02
1.312069934390861e-02
1.546135235874480e-02
1.819632529691705e-02
2.138447284802648e-02
2.509576292062230e-02
2.940392499370090e-02
3.439683717054116e-02
4.016994976970027e-02
4.682769547567250e-02
5.448364753307464e-02
6.326910344468435e-02
7.331548395447215e-02
8.476920741388620e-02
9.778008335555381e-02
1.125118250621873e-01
1.291210900241412e-01
1.477790185656046e-01
1.686135947370504e-01
1.917798572606493e-01
2.174231373147485e-01
2.456112031788125e-01
2.764226368774054e-01
3.098673903077220e-01
3.459017971793412e-01
3.844172562600223e-01
4.252079379365297e-01
4.680183836520914e-01
5.124539296874413e-01
5.580531684570808e-01
6.042542308913551e-01
6.504339663871295e-01
6.958755985321501e-01
7.398449537289196e-01
7.816070395892473e-01
8.204781774816937e-01
8.558168431837233e-01
8.871969572474805e-01
9.142695889103545e-01
9.369175339682041e-01
9.552327302148395e-01
9.694947613745050e-01
9.801375713572960e-01
9.877076186279288e-01
9.928171002081954e-01
9.960657279194954e-01
9.979973478753035e-01
9.990622645777907e-01
9.996009229137650e-01
9.998477010657871e-01
9.999490107996132e-01
9.999853811744044e-01
9.999961566216202e-01
9.999991160864713e-01
9.999998283861357e-01
9.999999717724788e-01
9.999999962585756e-01
9.999999995818460e-01
9.999999999672355e-01
9.999999999970461e-01
1.000000000000042e+00
9.999999999999541e-01
1.000000000000010e+00
9.999999999999973e-01
1.000000000000001e+00
9.999999999999998e-01
1.000000000000000e+00
1.000000000000000e+00
1.000000000000000e+00
1.000000000000000e+00
1.000000000000000e+00
1.000000000000000e+00
1.000000000000000e+00
1.000000000000000e+00
1.000000000000000e+00
1.000000000000000e+00
###1.159999999999999e+01
9.075515556579960e-09
1.146723638473226e-08
1.441239041138090e-08
1.792047126792444e-08
2.221807890315701e-08
2.748037467344607e-08
3.386352665079255e-08
4.162598660937075e-08
5.107744390962457e-08
6.258304857170964e-08
7.657308351877191e-08
9.359759690659447e-08
1.143184055346897e-07
1.395263587216494e-07
1.702040196284010e-07
2.074855238516080e-07
2.528065352491208e-07
3.078909273566526e-07
3.748264171330821e-07
4.561166745182237e-07
5.550293645864680e-07
6.747186452004200e-07
8.201359333454728e-07
9.966982415478349e-07
1.210730770799451e-06
1.470281111383272e-06
1.785001410403503e-06
2.166393955738979e-06
2.628405473922540e-06
3.187950864966837e-06
3.865451297250787e-06
4.685366710249388e-06
5.677640072034060e-06
6.877281926510653e-06
8.328143479585965e-06
1.008103188094022e-05
1.219894066261472e-05
1.475655278839629e-05
1.784448813069045e-05
2.156881901373183e-05
2.606167024205413e-05
3.147805876150835e-05
3.800496014310713e-05
4.586627952895692e-05
5.533119285882184e-05
6.671949483500447e-05
8.041545845736462e-05
9.688178533316048e-05
1.166618585254811e-04
1.404110210424593e-04
1.689164525253479e-04
2.030989009973651e-04
2.440813486576253e-04
2.931628096241495e-04
3.519187061745621e-04
4.222039207179576e-04
5.062676228625100e-04
6.066440533020014e-04
7.263992055495297e-04
8.693020901724578e-04
1.039605291940478e-03
1.242410580993695e-03
1.483654916584815e-03
1.770241718713448e-03
2.110877251715589e-03
2.514865779250910e-03
2.993506138031155e-03
3.560270515696232e-03
4.230552133825221e-03
5.021729673241800e-03
5.955213267549133e-03
7.055571081465993e-03
8.350304211335351e-03
9.870001473956331e-03
1.165443547774487e-02
1.374301856841108e-02
1.618517517199851e-02
1.903666810413784e-02
2.235809800242520e-02
2.622153326414345e-02
3.070247367725775e-02
3.589124976926908e-02
4.188541786486279e-02
4.879164133239403e-02
5.672554103935639e-02
6.582055546785605e-02
7.620993875580009e-02
8.804106349267821e-02
1.014649876957638e-01
1.166453417184804e-01
1.337378552781815e-01
1.529119817420118e-01
1.742914672799465e-01
1.980266419514160e-01
2.242563866246550e-01
2.530385859872291e-01
2.844408789785102e-01
3.184594027923460e-01
3.550345106225741e-01
3.940396241182868e-01
4.352491124920472e-01
4.783871136785420e-01
5.230384639241853e-01
5.687173719419448e-01
6.140656647541824e-01
6.608154804357383e-01
7.058844959193831e-01
7.493128428235162e-01
7.903798769185402e-01
8.277949773361953e-01
8.628518929018681e-01
8.932591200514680e-01
9.193351225195072e-01
9.410125906323465e-01
9.584220284477430e-01
9.718780603390189e-01
9.818381853892703e-01
9.888604266680384e-01
9.935546499202496e-01
9.965079311286928e-01
9.982437249708335e-01
9.991885595780365e-01
9.996597873400638e-01
9.998723418964756e-01
9.999580540481962e-01
9.999882310450379e-01
9.999969726349948e-01
9.999993195065349e-01
9.999998712326551e-01
9.999999793657156e-01
9.999999973502458e-01
9.999999997111063e-01
9.999999999786190e-01
9.999999999979829e-01
1.000000000000061e+00
9.999999999999628e-01
1.000000000000009e+00
9.999999999999978e-01
1.000000000000000e+00
9.999999999999999e-01
1.000000000000000e+00
1.000000000000000e+00
1.000000000000000e+00
1.000000000000000e+00
1.000000000000000e+00
1.000000000000000e+00
1.000000000000000e+00
1.000000000000000e+00
1.000000000000000e+00
1.000000000000000e+00
###1.179999999999999e+01
9.703686936495852e-09
1.225943638475350e-08
1.540824861057594e-08
1.915795534875890e-08
2.375097528313660e-08
2.937420395492799e-08
3.619393404597836e-08
4.448596866833427e-08
5.458005141631218e-08
6.686576897210970e-08
8.180166644217333e-08
9.997370100829368e-08
1.220870992816361e-07
1.489839468993755e-07
1.817106988757216e-07
2.214743028115301e-07
2.698031882357038e-07
3.285306575379759e-07
3.998784384824690e-07
4.865084040817482e-07
5.918968773583455e-07
7.193938754235869e-07
8.742618469436181e-07
1.062257671821035e-06
1.290097558920876e-06
1.566327602994804e-06
1.901194617206880e-06
2.306903301746489e-06
2.798255405796451e-06
3.393186904031569e-06
4.113353589872103e-06
4.984682530445609e-06
6.038906659582569e-06
7.313110565398868e-06
8.853722536618987e-06
1.071457810022417e-05
1.296230252687700e-05
1.567592227891477e-05
1.895128403797771e-05
2.290050934500084e-05
2.766329670637392e-05
3.340337836657531e-05
4.031823520525885e-05
4.864426047801751e-05
5.866567029078248e-05
7.071930058658619e-05
8.521084610275185e-05
1.026278728740375e-04
1.235429136746356e-04
1.486460439685429e-04
1.787659671390614e-04
2.148713912439406e-04
2.581434483482098e-04
3.099474586056572e-04
3.719387129354621e-04
4.460650065374417e-04
5.346873228474439e-04
6.404633224793841e-04
7.666071311903421e-04
9.170689978350759e-04
1.096301457446115e-03
1.309643681644480e-03
1.563304291937330e-03
1.864497000647671e-03
2.222319511504756e-03
2.646478182159883e-03
3.148756163068823e-03
3.743195093780257e-03
4.445822195533066e-03
5.274711145146124e-03
6.252122817798362e-03
7.403574386894184e-03
8.757589802976543e-03
1.034585104697850e-02
1.220956926709474e-02
1.438944091168877e-02
1.693653222025060e-02
1.990837487417267e-02
2.336733878010011e-02
2.738761101233461e-02
3.204648213388950e-02
3.743673002894628e-02
4.365801854294876e-02
5.081921360722905e-02
5.903794147783674e-02
6.844972872957965e-02
7.918954316845439e-02
9.140562632195973e-02
1.052504668118695e-01
1.208862475528656e-01
1.384686927366085e-01
1.581648777700150e-01
1.800939441425294e-01
2.044011222759048e-01
2.312184103848144e-01
2.605933418095388e-01
2.925821464325535e-01
3.271666979577936e-01
3.642709730696207e-01
4.037501099469438e-01
4.453585149514284e-01
4.887998539225765e-01
5.336387277700628e-01
5.793638493644095e-01
6.247386673498515e-01
6.711095401014997e-01
7.157762346265185e-01
7.586334644428634e-01
7.989783092766647e-01
8.356641770345126e-01
8.696784809571626e-01
8.991124009799953e-01
9.241978332260562e-01
9.449188654394171e-01
9.613799135573449e-01
9.741189725710754e-01
9.834238403102097e-01
9.899255056128324e-01
9.942292642015179e-01
9.969079516448994e-01
9.984638889036052e-01
9.992998960088928e-01
9.997109005017019e-01
9.998933711613698e-01
9.999656284934735e-01
9.999905664636347e-01
9.999976267423442e-01
9.999994788095381e-01
9.999999039267792e-01
9.999999850059037e-01
9.999999981361380e-01
9.999999998015856e-01
9.999999999862245e-01
9.999999999986149e-01
1.000000000000066e+00
9.999999999999698e-01
1.000000000000007e+00
9.999999999999981e-01
1.000000000000000e+00
9.999999999999999e-01
1.000000000000000e+00
1.000000000000000e+00
1.000000000000000e+00
1.000000000000000e+00
1.000000000000000e+00
1.000000000000000e+00
1.000000000000000e+00
1.000000000000000e+00
1.000000000000000e+00
1.000000000000000e+00
###1.199999999999999e+01
1.037074011583878e-08
1.310074356779474e-08
1.646585053759736e-08
2.047210570238927e-08
2.537873914305492e-08
3.138508433684348e-08
3.866839088125025e-08
4.752206693243066e-08
5.829788419919252e-08
7.141103368213825e-08
8.734996085716773e-08
1.067386267921572e-07
1.303281920813055e-07
1.590149297934801e-07
1.939128741522642e-07
2.363059135115472e-07
2.878205209336738e-07
3.504056025930728e-07
4.264245969460519e-07
5.187062910221769e-07
6.309473514563244e-07
7.667044704391285e-07
9.315684035137605e-07
1.131654555090845e-06
1.374091393828986e-06
1.667950673963487e-06
2.024106006294728e-06
2.455502269374677e-06
2.977841605671315e-06
3.610135499066605e-06
4.375339356276717e-06
5.300924139763305e-06
6.420506037623042e-06
7.773350450087156e-06
9.408596439079404e-06
1.138325899848366e-05
1.376778190816427e-05
1.664575191842102e-05
2.011850309911704e-05
2.430450487415127e-05
2.935139938891948e-05
3.543205971119946e-05
4.275497611922681e-05
5.156962635163110e-05
6.217596917130227e-05
7.492870547673249e-05
9.025591636249819e-05
1.086711861165261e-04
1.307775113245104e-04
1.573012632722839e-04
1.891145105553056e-04
2.272360167463954e-04
2.729075844295144e-04
3.275636588803793e-04
3.929427637833597e-04
4.710894566760278e-04
5.644811179605317e-04
6.759023594843874e-04
8.087254294577190e-04
9.670847476881788e-04
1.155641754255002e-03
1.379981869347206e-03
1.646595245965984e-03
1.963016880903456e-03
2.338749729187109e-03
2.783915604731253e-03
3.310797836124337e-03
3.934025734867093e-03
4.670279898809838e-03
5.538349104884725e-03
6.561369349232474e-03
7.765832525245330e-03
9.181311009041916e-03
1.084060474194903e-02
1.278639696028334e-02
1.506069226321480e-02
1.771622896555973e-02
2.081233472142939e-02
2.441317069982826e-02
2.859505997295540e-02
3.343710083452563e-02
3.903451271457364e-02
4.548913123788364e-02
5.291179038118562e-02
6.142227684204962e-02
7.115807887479685e-02
8.225575389020821e-02
9.486431625035921e-02
1.091375046172266e-01
1.252357453114072e-01
1.433145939077836e-01
1.635384274946035e-01
1.860213886623658e-01
2.109032169918638e-01
2.383085926614457e-01
2.682742335989476e-01
3.008445043664926e-01
3.359865884870024e-01
3.736077266758221e-01
4.135445341835434e-01
4.555313772437148e-01
4.992516824922261e-01
5.442501375979618e-01
5.899929706047798e-01
6.353431073093796e-01
6.813218757971022e-01
7.255497862336630e-01
7.678060550584095e-01
8.074055547892259e-01
8.433246762338439e-01
8.763062157142014e-01
9.047610630465115e-01
9.288622270708055e-01
9.486402286265853e-01
9.642500424040804e-01
9.762207584766884e-01
9.848992271761539e-01
9.909072777652220e-01
9.948448231460868e-01
9.972688487703987e-01
9.986600603893724e-01
9.993977340014515e-01
9.997551290227513e-01
9.999112509546264e-01
9.999719459574283e-01
9.999924714242887e-01
9.999981484038650e-01
9.999996028794343e-01
9.999999287249822e-01
9.999999891688516e-01
9.999999986978874e-01
9.999999998644951e-01
9.999999999912519e-01
9.999999999990417e-01
1.000000000000064e+00
9.999999999999756e-01
1.000000000000006e+00
9.999999999999984e-01
1.000000000000000e+00
9.999999999999999e-01
1.000000000000000e+00
1.000000000000000e+00
1.000000000000000e+00
1.000000000000000e+00
1.000000000000000e+00
1.000000000000000e+00
1.000000000000000e+00
1.000000000000000e+00
1.000000000000000e+00
1.000000000000000e+00
###1.219999999999999e+01
1.107882775604663e-08
1.399387739654493e-08
1.758861613093482e-08
2.186716522799313e-08
2.710661442693771e-08
3.351947654359508e-08
4.129456929143514e-08
5.074396275656367e-08
6.224274369584394e-08
7.623320040419813e-08
9.323540018813147e-08
1.139135125091042e-07
1.390672808583205e-07
1.696502578089584e-07
2.068479725392349e-07
2.520257251466015e-07
3.069130536839634e-07
3.735815364786527e-07
4.545440730110583e-07
5.528056564246462e-07
6.722955075532683e-07
8.167883283291571e-07
9.922212931003059e-07
1.205087880821842e-06
1.462951102492791e-06
1.775436791944580e-06
2.154079011472659e-06
2.612602339305322e-06
3.167656805315617e-06
3.839386314009120e-06
4.652113838363965e-06
5.634934531277971e-06
6.823445267116435e-06
8.259204208380796e-06
9.994199495659770e-06
1.208878473986920e-05
1.461741632921404e-05
1.766846766180709e-05
2.134903181967245e-05
2.578423721113583e-05
3.113005517609457e-05
3.756894329126321e-05
4.532092341684746e-05
5.464918097209182e-05
6.587014667287802e-05
7.935724097922669e-05
9.556193551083018e-05
1.150250295964265e-04
1.383813470116064e-04
1.663951761379226e-04
1.999838591675151e-04
2.402183852044983e-04
2.884038365206902e-04
3.460466987297153e-04
4.149722038925849e-04
4.973256489183334e-04
5.957055075278780e-04
7.130217862877714e-04
8.528309168924795e-04
1.019438779315496e-03
1.217730076764900e-03
1.453545621095507e-03
1.733667216623786e-03
2.065962407711712e-03
2.460353571731702e-03
2.927391611034546e-03
3.479876230796197e-03
4.133042991104535e-03
4.904245572563163e-03
5.813008234065670e-03
6.883366802793087e-03
8.142813862970378e-03
9.621995921541360e-03
1.135485564163346e-02
1.338558199182781e-02
1.575751115988704e-02
1.852508354999634e-02
2.174944908996394e-02
2.549658077567917e-02
2.984495393090675e-02
3.487548798955090e-02
4.068583711395043e-02
4.738000841237943e-02
5.507074357979660e-02
6.387996068043535e-02
7.394703678470972e-02
8.540998937104394e-02
9.841849643888731e-02
1.131272852466822e-01
1.296949361514225e-01
1.482764371492159e-01
1.690331966164139e-01
1.920739721524553e-01
2.175326086766273e-01
2.455260286430259e-01
2.760796712009057e-01
3.092255851817043e-01
3.449158505521589e-01
3.830406350070456e-01
4.234178218227537e-01
4.657617045806196e-01
5.097357316830537e-01
5.548650985374164e-01
6.005960816425057e-01
6.458730377767937e-01
6.914432058556906e-01
7.351972606109104e-01
7.768235745833565e-01
8.156553427513518e-01
8.507750464022561e-01
8.827316926624764e-01
9.102046193238780e-01
9.333296900964972e-01
9.521806977088147e-01
9.669590399298218e-01
9.781902017508153e-01
9.862695900581568e-01
9.918103226371264e-01
9.953789346075788e-01
9.975931858634816e-01
9.988342995531474e-01
9.994833965485329e-01
9.997932606588664e-01
9.999263911818423e-01
9.999771922012778e-01
9.999940176390456e-01
9.999985623022987e-01
9.999996989567351e-01
9.999999474235144e-01
9.999999922208881e-01
9.999999990968769e-01
9.999999999078617e-01
9.999999999945635e-01
9.999999999993237e-01
1.000000000000060e+00
9.999999999999798e-01
1.000000000000005e+00
9.999999999999987e-01
1.000000000000000e+00
9.999999999999999e-01
1.000000000000000e+00
1.000000000000000e+00
1.000000000000000e+00
1.000000000000000e+00
1.000000000000000e+00
1.000000000000000e+00
1.000000000000000e+00
1.000000000000000e+00
1.000000000000000e+00
1.000000000000000e+00
