#./build/bin/rcbk -ic FILE ./data/ic/26/ic_208_26.dat -rc BALITSKY -alphas_scaling 4.209220231765647 -maxy 12 -fast -output ./data/bks/26/ic_208_26.dat 
# BK equation solver 20160623 (build May 19 2026 14:19:13)
# Heikki Mäntysaari <mantysaari@bnl.gov>, 2011-2016
# Running coupling: Balitsky
# Scaling factor C^2 in alpha_s: 4.20922
# Initial condition is String is not impelmented for the current IC N(r=0.0333803 1/GeV) = 0.000156921
# \alpha_s = 12 \pi / [ (33.0 - 2.0*Nf) * log(4.0*C^2/(r^2*lambdaqcd^2) ], C^2=4.20922, lambdaqcd=0.241 GeV, maxalphas=0.7 nf=3
# Using fast (and not so accurate) parameters
# Solving BK equation up to y=12
# r limits: 1e-05 - 100 points 150 multiplier 1.11424
# maxy 12 ystep 0.2
###1.000000000000000e-05
###1.114242875232510e+00
###150
###0.000000000000000e+00
###0.000000000000000e+00
0.000000000000000e+00
3.971316939533402e-11
4.878095987185971e-11
6.008466664266629e-11
7.396595706860989e-11
9.102479266880570e-11
1.120293089973025e-10
1.378659689172399e-10
1.696453052501213e-10
2.087359335302870e-10
2.568126648822110e-10
3.159364647228394e-10
3.886399112496755e-10
4.780331359166032e-10
5.879376418033249e-10
7.230471177982031e-10
8.891255445143198e-10
1.093252328250788e-09
1.344119459768233e-09
1.652397560986548e-09
2.031188102837714e-09
2.496571068995445e-09
3.068279853491646e-09
3.770535108346144e-09
4.633052968586944e-09
5.692287947490282e-09
6.992968295245205e-09
8.589950452138308e-09
1.055050585715459e-08
1.295714416769740e-08
1.591102084160168e-08
1.953614087537204e-08
2.398454536000031e-08
2.944256704033981e-08
3.613855160280306e-08
4.435237951740696e-08
5.442694221726000e-08
6.678231708807402e-08
8.193324123754806e-08
1.005101606009058e-07
1.232852525615382e-07
1.512044947769212e-07
1.854262854702876e-07
2.273692451961825e-07
2.787711187856067e-07
3.417597162420911e-07
4.189408513629914e-07
5.135067142128045e-07
6.293664674728776e-07
7.713084386012466e-07
9.452000777559329e-07
1.158229202893551e-06
1.419204280931916e-06
1.738924867420726e-06
2.130629367880075e-06
2.610553754879668e-06
3.198621392954197e-06
3.919278999056921e-06
4.802542326918931e-06
5.885288303020798e-06
7.212825914951637e-06
8.840865242517245e-06
1.083795208933236e-05
1.328843859605850e-05
1.629621122436013e-05
1.998930158985825e-05
2.452553362226281e-05
3.009961057593919e-05
3.695188021014370e-05
4.537910877267298e-05
5.574798568434983e-05
6.851182438791607e-05
8.423115538107483e-05
1.035994843457137e-04
1.274751486448036e-04
1.569206947765891e-04
1.932520108788907e-04
2.380991102503447e-04
2.934813879172266e-04
3.619012972790439e-04
4.464602809524055e-04
5.510024157095631e-04
6.802928311413767e-04
8.402385143061064e-04
1.038161869780552e-03
1.283139753967856e-03
1.586422701249461e-03
1.961953732930987e-03
2.427009429199099e-03
3.002990764762242e-03
3.716399230694820e-03
4.600036885350805e-03
5.694479172735300e-03
7.049883022300775e-03
8.728188151208561e-03
1.080579034700582e-02
1.337678705982728e-02
1.655685006636908e-02
2.048782498572469e-02
2.534318147926077e-02
3.133422631881463e-02
3.871710701006132e-02
4.780060973909553e-02
5.895396294559133e-02
7.261424535566061e-02
8.929266585178278e-02
1.095764919293563e-01
1.341250117488581e-01
1.636561316074737e-01
1.989145585761966e-01
2.406193650688284e-01
2.893807752788016e-01
3.455756260149511e-01
4.091929261873132e-01
4.796289824559501e-01
5.554935738261886e-01
6.344834053990189e-01
7.132884624735888e-01
7.879032778998533e-01
8.541420611616605e-01
9.083345210550274e-01
9.485411255939177e-01
9.748542445029007e-01
9.897006116492340e-01
9.966193255451351e-01
9.991257315780150e-01
9.998564838556264e-01
9.999783156957718e-01
9.999985429294681e-01
1.000000057146801e+00
9.999999294516844e-01
1.000000004693018e+00
1.000000014812739e+00
9.999999921468644e-01
1.000000000459649e+00
1.000000001757263e+00
9.999999990905235e-01
1.000000000043143e+00
1.000000000208320e+00
9.999999998947254e-01
1.000000000003796e+00
1.000000000024680e+00
9.999999999878203e-01
1.000000000000297e+00
1.000000000002922e+00
9.999999999985906e-01
1.000000000000018e+00
1.000000000000354e+00
9.999999999998127e-01
1.000000000000000e+00
###2.000000000000000e-01
4.380411738414104e-12
4.424972755298042e-11
5.453059569842800e-11
6.727979394052526e-11
8.292679376389833e-11
1.021925529524286e-10
1.258870483978892e-10
1.550251669032170e-10
1.908601349474795e-10
2.349371049769789e-10
2.891447050635439e-10
3.558114670126201e-10
4.377897305942348e-10
5.385992326454655e-10
6.625425537126790e-10
8.149259336934544e-10
1.002250392957026e-09
1.232513051509673e-09
1.515530307970462e-09
1.863332819739854e-09
2.290757162529473e-09
2.815932294856602e-09
3.461169412178884e-09
4.253887501422619e-09
5.227530333183166e-09
6.423521029274668e-09
7.892303472271941e-09
9.695909031727773e-09
1.191052600105985e-08
1.462939486967670e-08
1.796713988415468e-08
2.206415631240813e-08
2.709250706453808e-08
3.326313419856937e-08
4.083468802647273e-08
5.012535685602731e-08
6.152304019863340e-08
7.550349704570686e-08
9.265201087972930e-08
1.136823804165468e-07
1.394729465977181e-07
1.710959848793425e-07
2.098672000283926e-07
2.574009371496229e-07
3.156656317546056e-07
3.870896347353321e-07
4.746287039395233e-07
5.819148063937684e-07
7.134035603380551e-07
8.745570280217343e-07
1.071992368231658e-06
1.313956440628567e-06
1.610471047954121e-06
1.973819556667848e-06
2.419072287078288e-06
2.964776487019096e-06
3.633612793371646e-06
4.453382073012274e-06
5.458223815412288e-06
6.690222268851260e-06
8.201005503666457e-06
1.005388412532128e-05
1.232652798840376e-05
1.511535636492136e-05
1.853814610530988e-05
2.274022418547187e-05
2.790049448598824e-05
3.423913512639591e-05
4.202948216308870e-05
5.160377301640235e-05
6.337885382114744e-05
7.786601103409649e-05
9.569335001263989e-05
1.176390510001371e-04
1.446703141998811e-04
1.779674093820953e-04
2.190114575797392e-04
2.696055917997785e-04
3.320055501500935e-04
4.089909276904346e-04
5.039785840218310e-04
6.212006601905368e-04
7.659517192224972e-04
9.446614256116429e-04
1.165375220717550e-03
1.437998393729298e-03
1.774754747197060e-03
2.190711689127857e-03
2.704598879418627e-03
3.339449516602690e-03
4.123625423549263e-03
5.092244345614953e-03
6.288220140162780e-03
7.764777241194146e-03
9.587333224240267e-03
1.183566466281318e-02
1.460810736128504e-02
1.802453596230667e-02
2.223124338263350e-02
2.740603833202232e-02
3.376366584541211e-02
4.156325569413354e-02
5.111522991955655e-02
6.278479367625117e-02
7.700512023132643e-02
9.427503697324034e-02
1.151607833379100e-01
1.402915420292278e-01
1.703417138263708e-01
2.059996812479259e-01
2.479087291882340e-01
2.965942355827659e-01
3.523388869399658e-01
4.150436794007911e-01
4.840446414118777e-01
5.579500459503557e-01
6.345351061514365e-01
7.107008035967286e-01
7.827655617188110e-01
8.469446520569549e-01
8.999832661131626e-01
9.401563216330121e-01
9.675342157134108e-01
9.841522610644386e-01
9.931980626280278e-01
9.974275263746719e-01
9.991486213321725e-01
9.997429606553201e-01
9.999339209610252e-01
9.999857681187584e-01
9.999973993365621e-01
9.999996329144770e-01
9.999999656166813e-01
9.999999921513052e-01
9.999999998104558e-01
1.000000001000414e+00
9.999999995253710e-01
1.000000000009607e+00
1.000000000110248e+00
9.999999999485976e-01
1.000000000000619e+00
1.000000000012121e+00
9.999999999944144e-01
1.000000000000050e+00
1.000000000001307e+00
9.999999999994039e-01
1.000000000000002e+00
1.000000000000144e+00
9.999999999999274e-01
9.999999999999982e-01
###4.000000000000000e-01
9.185894363948534e-12
4.934494471186258e-11
6.098081076125268e-11
7.534658349199700e-11
9.297974586996224e-11
1.147064183693945e-10
1.414101947781296e-10
1.742434270188417e-10
2.146181349088411e-10
2.642758561507781e-10
3.253453599844165e-10
4.004528849975715e-10
4.928101268615618e-10
6.063929670942727e-10
7.460436637474838e-10
9.177467499588628e-10
1.128832216157707e-09
1.388321202173693e-09
1.707281838722295e-09
2.099273682431979e-09
2.581054960114518e-09
3.173053261061547e-09
3.900448033922064e-09
4.794224322022396e-09
5.891985698494639e-09
7.240686278404956e-09
8.897150389933295e-09
1.093139500917806e-08
1.342954687279501e-08
1.649683517519805e-08
2.026278946917812e-08
2.488596009212477e-08
3.056100367343290e-08
3.752577530868222e-08
4.607295116399695e-08
5.656333668700133e-08
6.943414114901949e-08
8.522371834128144e-08
1.045951961309721e-07
1.283549022640542e-07
1.574986211893509e-07
1.932389479160724e-07
2.370660424774892e-07
2.908082563252974e-07
3.567003607450529e-07
4.374767927443987e-07
5.365048031851585e-07
6.578928089351145e-07
8.066975945849260e-07
9.891247849933967e-07
1.212618246514482e-06
1.486587010542203e-06
1.822390191101176e-06
2.233932761209756e-06
2.738296903014893e-06
3.356565064212066e-06
4.114433921120407e-06
5.043373200616880e-06
6.182023821612872e-06
7.578151509987129e-06
9.290267047486257e-06
1.138995245997806e-05
1.396480406078554e-05
1.712432150223313e-05
2.100134740720136e-05
2.575992556339334e-05
3.160174029272129e-05
3.877447733238464e-05
4.758695830267649e-05
5.840968110448411e-05
7.171326455573360e-05
8.807114388367204e-05
1.081837866623063e-04
1.329198516753045e-04
1.633624175212385e-04
2.008173424770320e-04
2.469407560260581e-04
3.037197264380003e-04
3.736595213109805e-04
4.598319506359592e-04
5.659860718912921e-04
6.967619488883093e-04
8.580066578772849e-04
1.056697730068571e-03
1.301632040055153e-03
1.603574944178761e-03
1.975757211269244e-03
2.434407811081002e-03
2.999747522081243e-03
3.696480941461243e-03
4.554869918546510e-03
5.612378342293750e-03
6.914295410421505e-03
8.516920855273554e-03
1.048914776652056e-02
1.291412573075833e-02
1.589436306359402e-02
1.955385362988939e-02
2.404319231200037e-02
2.954431764903960e-02
3.627518796788499e-02
4.449757961566633e-02
5.452310648974799e-02
6.671285512473031e-02
8.149546528024425e-02
9.935730868541387e-02
1.208439153872087e-01
1.465550730715904e-01
1.771234605338870e-01
2.131838636145235e-01
2.553090637706184e-01
3.039461057052583e-01
3.592926915246372e-01
4.211722868562411e-01
4.888706103991318e-01
5.609998937683672e-01
6.354125893824373e-01
7.092013681825903e-01
7.789713443140968e-01
8.412861859959589e-01
8.932392779352916e-01
9.332822072559133e-01
9.614561926704462e-01
9.794725190635957e-01
9.901772015127028e-01
9.957989670418373e-01
9.983924552604182e-01
9.994478328198091e-01
9.998352605518167e-01
9.999579916446627e-01
9.999909200366011e-01
9.999983884185888e-01
9.999997715836150e-01
9.999999712817822e-01
9.999999976015036e-01
1.000000000422779e+00
9.999999997480760e-01
9.999999999975767e-01
1.000000000058204e+00
9.999999999750052e-01
9.999999999996834e-01
1.000000000005938e+00
9.999999999974472e-01
9.999999999999821e-01
1.000000000000585e+00
9.999999999997482e-01
9.999999999999981e-01
1.000000000000058e+00
9.999999999999719e-01
9.999999999999989e-01
###6.000000000000001e-01
1.446117390886641e-11
5.505657498976961e-11
6.820297959286247e-11
8.437429351976150e-11
1.042272329452055e-10
1.287089695578084e-10
1.587683638598343e-10
1.957298518137312e-10
2.411764665635992e-10
2.970699763152713e-10
3.658043627128760e-10
4.503406836352520e-10
5.542932779748577e-10
6.821358390193676e-10
8.393246064959851e-10
1.032596298746171e-09
1.270203899160144e-09
1.562309940911335e-09
1.921364677478852e-09
2.362675524430277e-09
2.905081198114223e-09
3.571617083088620e-09
4.390617024567627e-09
5.397052930957301e-09
6.633157697096122e-09
8.151988272437520e-09
1.001755177932833e-08
1.230872304765354e-08
1.512255857852927e-08
1.857772067615337e-08
2.282025641812028e-08
2.802885720410332e-08
3.442326518168762e-08
4.227129868737465e-08
5.190292574262435e-08
6.372659168761725e-08
7.823394612021933e-08
9.603278091039541e-08
1.178721854854605e-07
1.446609193187281e-07
1.775244050385547e-07
2.178304842171025e-07
2.672620562942556e-07
3.278829216651188e-07
4.022117564300151e-07
4.933518624079295e-07
6.050941309135500e-07
7.420790040262824e-07
9.100223650113349e-07
1.115928690567957e-06
1.368208736863708e-06
1.677490798670062e-06
2.056616915991594e-06
2.521268108861805e-06
3.090728183015774e-06
3.788849426079115e-06
4.644622580168008e-06
5.693519620495533e-06
6.979087667644471e-06
8.555274093248891e-06
1.048807143031762e-05
1.285804338416196e-05
1.576355993169667e-05
1.932827464639766e-05
2.370133467940237e-05
2.906699892774621e-05
3.565152189458232e-05
4.373223089122488e-05
5.365606327438729e-05
6.583468268926357e-05
8.079628261790966e-05
9.918081141786051e-05
1.217660818530220e-04
1.495172722807726e-04
1.836406672762467e-04
2.255758221416009e-04
2.771640829661640e-04
3.405875532184747e-04
4.186147101470609e-04
5.146251266845579e-04
6.327172435371194e-04
7.779593403700709e-04
9.567749602563466e-04
1.176714842243529e-03
1.447356469235940e-03
1.780357384255283e-03
2.189989458189091e-03
2.693680464011984e-03
3.313182630662551e-03
4.074906609842428e-03
5.011058183324435e-03
6.161477114291360e-03
7.573862582738747e-03
9.307598578364521e-03
1.143505209647045e-02
1.404273506628104e-02
1.723726552062377e-02
2.114667312561495e-02
2.592571352230681e-02
3.176025375751682e-02
3.887124529406252e-02
4.752279222036606e-02
5.802729024493283e-02
7.074159240800026e-02
8.608925420936132e-02
1.045441272177692e-01
1.266313401248924e-01
1.529219801541654e-01
1.840086679712970e-01
2.204751489573447e-01
2.628284670701680e-01
3.114432107414127e-01
3.664401575230312e-01
4.275742238325252e-01
4.940891841493634e-01
5.646049420502387e-01
6.370493533487827e-01
7.086882243585472e-01
7.763810906748987e-01
8.369943434928852e-01
8.879145046997059e-01
9.277402275768168e-01
9.564803295551830e-01
9.755807079398976e-01
9.875667275121275e-01
9.942997207180861e-01
9.976412162647333e-01
9.991239719380465e-01
9.997141613165030e-01
9.999192706154599e-01
9.999805082578386e-01
9.999960616491476e-01
9.999993478899486e-01
9.999999115147772e-01
9.999999907868216e-01
9.999999995973964e-01
9.999999998324655e-01
9.999999999931127e-01
1.000000000030602e+00
9.999999999878997e-01
9.999999999995378e-01
1.000000000002901e+00
9.999999999988376e-01
9.999999999999725e-01
1.000000000000262e+00
9.999999999998939e-01
9.999999999999981e-01
1.000000000000024e+00
9.999999999999891e-01
9.999999999999994e-01
###8.000000000000000e-01
2.025919393864931e-11
6.144638547011105e-11
7.627783403355162e-11
9.445917224213439e-11
1.167890185749133e-10
1.443409387930858e-10
1.781455266896400e-10
2.197197858729873e-10
2.708145713859240e-10
3.336624516407003e-10
4.109440340047368e-10
5.059930588968777e-10
6.228719552109845e-10
7.666087589850478e-10
9.433449621063056e-10
1.160649380314967e-09
1.427805029969875e-09
1.756242562557473e-09
2.159951806135363e-09
2.656175311846748e-09
3.266066921894582e-09
4.015574025280306e-09
4.936506460751846e-09
6.068278961073242e-09
7.458268200159107e-09
9.166225607542312e-09
1.126431751458804e-08
1.384106625867712e-08
1.700568592346233e-08
2.089173869053200e-08
2.566356936216853e-08
3.152216846792500e-08
3.871503634071631e-08
4.754318915519266e-08
5.837797753906765e-08
7.167987719353514e-08
8.800140086370449e-08
1.080269034081087e-07
1.326000452763922e-07
1.627428994751990e-07
1.997236239401996e-07
2.450813755955912e-07
3.007112546902669e-07
3.689362438330887e-07
4.525857722802622e-07
5.551739432608655e-07
6.809511386911091e-07
8.351451178201001e-07
1.024193831451000e-06
1.255974202539068e-06
1.539966318006908e-06
1.888123429061213e-06
2.314911511414709e-06
2.837954128983707e-06
3.478963460814503e-06
4.264735485913423e-06
5.227926527851773e-06
6.408340079034184e-06
7.854858876338913e-06
9.628142914583237e-06
1.180230129613733e-05
1.446763074446591e-05
1.773416887681635e-05
2.174085943634922e-05
2.665445888444736e-05
3.268101938807128e-05
4.007324803834403e-05
4.914035284293824e-05
6.027015430672903e-05
7.391850803163219e-05
9.067517572704802e-05
1.112511781414869e-04
1.365068584186061e-04
1.675102002605434e-04
2.055983411282261e-04
2.523528957668063e-04
3.098110741603363e-04
3.803614129341497e-04
4.670497807876765e-04
5.735795468360212e-04
7.044161370820864e-04
8.650767927679680e-04
1.062586343158561e-03
1.305094265180624e-03
1.602988596299487e-03
1.968849482353317e-03
2.418031092280349e-03
2.969190781006876e-03
3.645661221815764e-03
4.475576424715009e-03
5.493147033676682e-03
6.740613471329007e-03
8.268117388569005e-03
1.013813696322572e-02
1.242651204695716e-02
1.522310359512835e-02
1.863857909563307e-02
2.280492072679912e-02
2.788090720794495e-02
3.405613958208962e-02
4.155434651354364e-02
5.064165566897502e-02
6.163086319830315e-02
7.487453853803056e-02
9.079042216210526e-02
1.098400305611625e-01
1.325283024167166e-01
1.593982938580066e-01
1.910041123532715e-01
2.278808437738594e-01
2.704740863154491e-01
3.190912593839808e-01
3.737832904606000e-01
4.342441333160211e-01
4.996825808517153e-01
5.687295125969617e-01
6.393842080521798e-01
7.090693641663346e-01
7.748703500552091e-01
8.339164479959565e-01
8.838436839872601e-01
9.233734997615405e-01
9.524828186710504e-01
9.724009556561372e-01
9.853603041423646e-01
9.929657634635433e-01
9.969326517511157e-01
9.987961042679463e-01
9.995816768534345e-01
9.998730931897791e-01
9.999668350237494e-01
9.999926678660999e-01
9.999986551807860e-01
9.999997986334184e-01
9.999999761826529e-01
9.999999980108023e-01
9.999999997884007e-01
9.999999999877930e-01
1.000000000015839e+00
9.999999999941757e-01
9.999999999996224e-01
1.000000000001414e+00
9.999999999994728e-01
9.999999999999784e-01
1.000000000000117e+00
9.999999999999553e-01
9.999999999999988e-01
1.000000000000010e+00
9.999999999999958e-01
9.999999999999998e-01
###1.000000000000000e+00
2.663071116826424e-11
6.858048582291404e-11
8.528662751313063e-11
1.057056186272585e-10
1.307948589471222e-10
1.617592298544924e-10
1.997403171161863e-10
2.464556725806654e-10
3.038349813899615e-10
3.744249310622500e-10
4.612203568658256e-10
5.679707929543506e-10
6.992345605385271e-10
8.606560982503850e-10
1.059139356347620e-09
1.303174450748417e-09
1.603189314602662e-09
1.972021759234809e-09
2.425372160844131e-09
2.982622426645579e-09
3.667483450368501e-09
4.509183532021498e-09
5.543330801627008e-09
6.814278044711964e-09
8.375103594659511e-09
1.029297937752369e-08
1.264907068608346e-08
1.554260907274311e-08
1.909625324703982e-08
2.346003278886996e-08
2.881852107044752e-08
3.539711137670986e-08
4.347467721405977e-08
5.338817810846832e-08
6.555584397665556e-08
8.049260802693471e-08
9.882102834128197e-08
1.213092393161629e-07
1.489044154146843e-07
1.827533818615857e-07
2.242814725153454e-07
2.752167260773509e-07
3.376871436399926e-07
4.143003988998484e-07
5.082292610557840e-07
6.234323607266717e-07
7.646693223891787e-07
9.378106396754175e-07
1.150082957401722e-06
1.410308587682084e-06
1.729168851604697e-06
2.120030771195218e-06
2.599143029352992e-06
3.186249207312691e-06
3.905710384938050e-06
4.787513673932510e-06
5.868313541936242e-06
7.192615499385797e-06
8.815093035652388e-06
1.080368194210203e-05
1.324128006454202e-05
1.622871132252483e-05
1.988862375539627e-05
2.437645272875739e-05
2.987793754319975e-05
3.662258476181993e-05
4.489153263241812e-05
5.502821819890862e-05
6.746425423221352e-05
8.270284045717029e-05
1.013994977028796e-04
1.243410796705316e-04
1.524758539048357e-04
1.869811478060042e-04
2.293329250528744e-04
2.812634868820399e-04
3.450170002954350e-04
4.232001438826196e-04
5.191508692765871e-04
6.369128700920690e-04
7.813365872762075e-04
9.584146242428181e-04
1.175783210759997e-03
1.442234706564028e-03
1.768984653257483e-03
2.169566982504910e-03
2.660482063668612e-03
3.261622766949657e-03
3.997952331974729e-03
4.899368597678556e-03
6.002124687069556e-03
7.350894756801950e-03
8.998293492345886e-03
1.100990395283783e-02
1.346503818548635e-02
1.645689038646074e-02
2.010011927625157e-02
2.453057623677097e-02
2.991093603528553e-02
3.643432182074963e-02
4.432705039995447e-02
5.385697359185110e-02
6.533693401331768e-02
7.911542871013991e-02
9.560286199066562e-02
1.152494386495872e-01
1.385398316303190e-01
1.659898075725523e-01
1.981160554442604e-01
2.354075387466912e-01
2.782521592829775e-01
3.268949098659116e-01
3.813231120907366e-01
4.411763067913471e-01
5.056338984997337e-01
5.733397181081877e-01
6.423606407146304e-01
7.102613540542646e-01
7.743276847193808e-01
8.319183488322598e-01
8.808820579875022e-01
9.200440438025614e-01
9.493536431284800e-01
9.698624054436643e-01
9.835415352011754e-01
9.918164381218714e-01
9.962921430295233e-01
9.984830120469200e-01
9.994474201263346e-01
9.998231499417254e-01
9.999509387776976e-01
9.999883969644828e-01
9.999977039654990e-01
9.999996270824331e-01
9.999999515361013e-01
9.999999951878484e-01
9.999999995904485e-01
9.999999999748760e-01
1.000000000007566e+00
9.999999999971869e-01
9.999999999997414e-01
1.000000000000687e+00
9.999999999997620e-01
9.999999999999859e-01
1.000000000000052e+00
9.999999999999812e-01
9.999999999999993e-01
1.000000000000004e+00
9.999999999999983e-01
9.999999999999999e-01
###1.200000000000000e+00
3.363347730011544e-11
7.655402207983866e-11
9.531563918852522e-11
1.182262539964633e-10
1.463849683516695e-10
1.811421757983739e-10
2.237728294019473e-10
2.761845982795888e-10
3.405637742349247e-10
4.197587341841653e-10
5.171249857346194e-10
6.368796041863185e-10
7.841194732342082e-10
9.651894732126870e-10
1.187823752547569e-09
1.461539720846691e-09
1.798032047173902e-09
2.211696227858803e-09
2.720135242337983e-09
3.345086956825809e-09
4.113106051713902e-09
5.057021493489233e-09
6.216698995601321e-09
7.641905410862744e-09
9.392036440663579e-09
1.154247509863933e-08
1.418421772989995e-08
1.742859011626918e-08
2.141282985802466e-08
2.630528588920779e-08
3.231277171322630e-08
3.968761558403133e-08
4.874328530889144e-08
5.985634111637886e-08
7.349551649834699e-08
9.023904784132863e-08
1.107830733415847e-07
1.359894254021223e-07
1.669187199989881e-07
2.048547885247588e-07
2.513938028213594e-07
3.084767308501093e-07
3.784814320386233e-07
4.643287836014218e-07
5.695786341672068e-07
6.986482598965146e-07
8.568803498642591e-07
1.050841405031297e-06
1.288616509063278e-06
1.580062381509786e-06
1.937173270642831e-06
2.374857352121799e-06
2.911293890105869e-06
3.568547135484157e-06
4.373852813485449e-06
5.360667506113518e-06
6.569981912333626e-06
8.051408389702367e-06
9.865872574759495e-06
1.208920366601998e-05
1.481379250105613e-05
1.815182903564837e-05
2.223956542979463e-05
2.725019792687041e-05
3.338989376773435e-05
4.091336121479310e-05
5.013224804322084e-05
6.142668208199900e-05
7.527512388852069e-05
9.223140054045908e-05
1.130211862924228e-04
1.385121363742922e-04
1.697460525044195e-04
2.080164048906670e-04
2.549462915161861e-04
3.124276028557709e-04
3.829230109534715e-04
4.692693704199434e-04
5.751119364537046e-04
7.048517586857592e-04
8.637429353204402e-04
1.058299896572541e-03
1.296721765605225e-03
1.588558158521589e-03
1.945818147617074e-03
2.383063993816074e-03
2.917963699872961e-03
3.571686569243629e-03
4.370858892528797e-03
5.347190224813963e-03
6.539011179872207e-03
7.993463078290854e-03
9.765662450365599e-03
1.192430848322401e-02
1.455218495191914e-02
1.774580117109276e-02
2.162375038081308e-02
2.632566992590816e-02
3.201803165480987e-02
3.889719476839091e-02
4.719195628946481e-02
5.717157803212852e-02
6.914861493119200e-02
8.346727288570790e-02
1.005303888800200e-01
1.207766286665314e-01
1.446707192966744e-01
1.727017270416870e-01
2.053502386302151e-01
2.430611205877002e-01
2.861680463405702e-01
3.348578263718028e-01
3.890597808093832e-01
4.483642090478248e-01
5.119261777631570e-01
5.784033558868839e-01
6.459263171616443e-01
7.121880050912571e-01
7.746528735462378e-01
8.308801685649794e-01
8.789014469717636e-01
9.176300615985471e-01
9.469938543105914e-01
9.678990825315862e-01
9.820874254674817e-01
9.908587745473263e-01
9.957353753199336e-01
9.981980826041256e-01
9.993191714897706e-01
9.997728780053905e-01
9.999339901749349e-01
9.999835473050078e-01
9.999965462600172e-01
9.999994012858497e-01
9.999999162367484e-01
9.999999908296071e-01
9.999999992057788e-01
9.999999999485040e-01
1.000000000002191e+00
9.999999999985995e-01
9.999999999998370e-01
1.000000000000332e+00
9.999999999998931e-01
9.999999999999916e-01
1.000000000000023e+00
9.999999999999921e-01
9.999999999999997e-01
1.000000000000002e+00
9.999999999999993e-01
1.000000000000000e+00
###1.400000000000000e+00
4.132986990942019e-11
8.539857884726898e-11
1.064643408177665e-10
1.321434347998000e-10
1.637104157992449e-10
2.026785555689161e-10
2.504744161576239e-10
3.092015915725003e-10
3.813531328254473e-10
4.700972456802778e-10
5.791925414257297e-10
7.133727307030660e-10
8.783317099883013e-10
1.081186147912601e-09
1.330597604248288e-09
1.637217729111154e-09
2.014135834074107e-09
2.477465746336324e-09
3.046942040824797e-09
3.746872495139902e-09
4.606972852290437e-09
5.664056733985689e-09
6.962640429691106e-09
8.558525324264913e-09
1.051806037783939e-08
1.292569059051915e-08
1.588322587532128e-08
1.951535740913582e-08
2.397526070068667e-08
2.945181030387506e-08
3.617596036306207e-08
4.442984892989723e-08
5.456486639781641e-08
6.700126289136631e-08
8.226325546204084e-08
1.009985930848186e-07
1.239835597709109e-07
1.521849505692243e-07
1.867857172623503e-07
2.292207331084617e-07
2.812731089009305e-07
3.451169867780223e-07
4.234049486513302e-07
5.193957417786243e-07
6.370839484213316e-07
7.813788052597077e-07
9.582560175280262e-07
1.175052758302259e-06
1.440779153398750e-06
1.766430466697598e-06
2.165420524456136e-06
2.654339760694256e-06
3.253465437795556e-06
3.987383793537210e-06
4.886449123678494e-06
5.987882875743678e-06
7.337371313634446e-06
8.990089386807328e-06
1.101362157629781e-05
1.349242600162145e-05
1.652910432681750e-05
2.024809765736052e-05
2.480030906671214e-05
3.037803538635437e-05
3.720939132517186e-05
4.557612360058732e-05
5.582257136115852e-05
6.836813258329854e-05
8.374132229346563e-05
1.025500142314572e-04
1.255946399014076e-04
1.538288392234451e-04
1.883937802367576e-04
2.307061435665973e-04
2.825448121289706e-04
3.459704533788466e-04
4.236762544131859e-04
5.187416160685544e-04
6.351348490662944e-04
7.776319068357466e-04
9.519096977112641e-04
1.165026011546516e-03
1.425771226176073e-03
1.744476855349670e-03
2.133979471878830e-03
2.609902840646991e-03
3.191118845647989e-03
3.900123155329317e-03
4.765210372622184e-03
5.819977482246460e-03
7.104858416388032e-03
8.669495205669384e-03
1.057153338777346e-02
1.288279985868082e-02
1.568954965146060e-02
1.909158675830752e-02
2.321138327998659e-02
2.819227881585035e-02
3.420440485487705e-02
4.144719444475167e-02
5.015170051902593e-02
6.058878952504705e-02
7.306901906261713e-02
8.793346944557669e-02
1.055767523361205e-01
1.264257227764604e-01
1.509255067343732e-01
1.795389764305035e-01
2.127118808522038e-01
2.508467850698298e-01
2.942262592231564e-01
3.429827205411106e-01
3.969921826249243e-01
4.558007133584872e-01
5.185425653373786e-01
5.838897969264505e-01
6.500326910296395e-01
7.147805217205361e-01
7.757555542215767e-01
8.306948429603693e-01
8.777869648937556e-01
9.160230964433126e-01
9.453143617154642e-01
9.664496940472197e-01
9.809707425927232e-01
9.900911462129753e-01
9.952706209719030e-01
9.979502319546080e-01
9.992028140173375e-01
9.997251910533912e-01
9.999171225489683e-01
9.999784626505209e-01
9.999952612147551e-01
9.999991342537973e-01
9.999998714998396e-01
9.999999849049789e-01
9.999999986174339e-01
9.999999999044558e-01
9.999999999976423e-01
9.999999999992046e-01
9.999999999999007e-01
1.000000000000160e+00
9.999999999999523e-01
9.999999999999952e-01
1.000000000000010e+00
9.999999999999967e-01
9.999999999999998e-01
1.000000000000001e+00
9.999999999999998e-01
1.000000000000000e+00
###1.600000000000000e+00
4.978766443798811e-11
9.528904102271562e-11
1.188407881562479e-10
1.475891125033721e-10
1.829353901768359e-10
2.265713545596211e-10
2.800896443795461e-10
3.458177567566650e-10
4.265834065931622e-10
5.259075181209443e-10
6.479970998226579e-10
7.981537522003447e-10
9.827375021400524e-10
1.209708322350132e-09
1.488761501859231e-09
1.831790072180580e-09
2.253436580395142e-09
2.771717476132613e-09
3.408730465131363e-09
4.191531449158828e-09
5.153424569813309e-09
6.335578437454703e-09
7.787601533264496e-09
9.572046582754473e-09
1.176282606169264e-08
1.445440506177739e-08
1.776048009143938e-08
2.182043827937134e-08
2.680504274071336e-08
3.292561984657280e-08
4.043963222286744e-08
4.966246978419185e-08
6.098649844078044e-08
7.488023238336071e-08
9.192879786862441e-08
1.128560847631045e-07
1.385264479754377e-07
1.700212379499672e-07
2.086578281149464e-07
2.560366898601317e-07
3.141445579084873e-07
3.854085473694511e-07
4.727880975318851e-07
5.799065578253070e-07
7.112313017736090e-07
8.722106479807950e-07
1.069510276613562e-06
1.311306185145283e-06
1.607616290854524e-06
1.970682758723921e-06
2.415441056421627e-06
2.960321476204991e-06
3.627883553536027e-06
4.445443824598369e-06
5.446735185949044e-06
6.673057268719239e-06
8.175173320887241e-06
1.001426799911265e-05
1.226512026459245e-05
1.502148983728712e-05
1.839698284790039e-05
2.252922502664479e-05
2.758487241554392e-05
3.377673537748267e-05
4.135647296163932e-05
5.063479991043493e-05
6.199103583339542e-05
7.588655010667858e-05
9.290327497854700e-05
1.137066912474992e-04
1.391768073089526e-04
1.703586521327810e-04
2.084988212851234e-04
2.551445496294690e-04
3.122395061717235e-04
3.820226169722444e-04
4.674300637368480e-04
5.717965099010612e-04
6.994296082561001e-04
8.554982905565471e-04
1.046121859691313e-03
1.278923757915257e-03
1.563314175173777e-03
1.910432262522930e-03
2.333976165591020e-03
2.850665175751918e-03
3.480611848730629e-03
4.247675693017073e-03
5.181862640985764e-03
6.318695682538835e-03
7.700750165333908e-03
9.380202481374521e-03
1.141725273006468e-02
1.388686723186396e-02
1.687877159893304e-02
2.049604171575909e-02
2.486497347785325e-02
3.013252408814305e-02
3.647234934874116e-02
4.408679390562284e-02
5.320894870186820e-02
6.411105326991171e-02
7.710125146724243e-02
9.251737459324925e-02
1.107456612056065e-01
1.322006833475703e-01
1.573084820223256e-01
1.865061329526245e-01
2.202056896671433e-01
2.587690592732105e-01
3.024304986474315e-01
3.512714056840906e-01
4.051185899965656e-01
4.634781479197980e-01
5.254663673340163e-01
5.897698072860018e-01
6.546341356535664e-01
7.179741273487109e-01
7.775541404170604e-01
8.312663057593223e-01
8.774369261313485e-01
9.151264696397343e-01
9.442347004892236e-01
9.654568217231444e-01
9.801623864065716e-01
9.895060060839042e-01
9.949005321509241e-01
9.977446585103107e-01
9.991024139091951e-01
9.996823592586944e-01
9.999013220208136e-01
9.999734809781038e-01
9.999939398381232e-01
9.999988446404625e-01
9.999998200897492e-01
9.999999776670453e-01
9.999999978380075e-01
9.999999998413631e-01
9.999999999927610e-01
9.999999999993826e-01
9.999999999999368e-01
1.000000000000077e+00
9.999999999999788e-01
9.999999999999974e-01
1.000000000000005e+00
9.999999999999987e-01
9.999999999999999e-01
1.000000000000000e+00
9.999999999999999e-01
1.000000000000000e+00
###1.800000000000000e+00
5.907870285877992e-11
1.062138105329799e-10
1.325592222092798e-10
1.647056967666550e-10
2.042365508747769e-10
2.530392880515393e-10
3.128812975531317e-10
3.863673802154525e-10
4.766643873772847e-10
5.876919098223407e-10
7.241579842719824e-10
8.919789958535626e-10
1.098265181551977e-09
1.351896165438406e-09
1.663711383171599e-09
2.046971462527585e-09
2.518031844824012e-09
3.097006077699878e-09
3.808596335294841e-09
4.682880680954787e-09
5.757134006883780e-09
7.077264534512588e-09
8.698560869412116e-09
1.069084425854537e-08
1.313668665411074e-08
1.614140057812222e-08
1.983138213563194e-08
2.436258720026023e-08
2.992505424343642e-08
3.675447174512856e-08
4.513790520267279e-08
5.542681826266055e-08
6.805820347285517e-08
8.355414034332994e-08
1.025666237734190e-07
1.259015030511296e-07
1.545218370613055e-07
1.896320748654324e-07
2.326975643481316e-07
2.854995757773104e-07
3.502475994329746e-07
4.296443398321541e-07
5.269808921139532e-07
6.462881839436117e-07
7.925390696554184e-07
9.717701838295010e-07
1.191399836108239e-06
1.460518931624682e-06
1.790236953286351e-06
2.194151583787409e-06
2.688848967376651e-06
3.294755858898271e-06
4.036882953754405e-06
4.945567520903322e-06
6.058123763670120e-06
7.420309534693555e-06
9.088342960468803e-06
1.112990042560735e-05
1.362752099705017e-05
1.668497777861996e-05
2.042771891620631e-05
2.500753872678557e-05
3.060800577928496e-05
3.746393299828179e-05
4.585220102171070e-05
5.611451842581725e-05
6.866758549143563e-05
8.401757051333009e-05
1.028033468609771e-04
1.257517089234513e-04
1.538272839619829e-04
1.881721223418076e-04
2.301445442120862e-04
2.814299666081193e-04
3.441462046421210e-04
4.207202276422043e-04
5.143441695010521e-04
6.286210291375251e-04
7.682146314908929e-04
9.387054962961917e-04
1.146675349823298e-03
1.400336327841156e-03
1.709747232540461e-03
2.086881639706193e-03
2.546333489646486e-03
3.105952438873820e-03
3.787128991441414e-03
4.615124053877206e-03
5.621698247959129e-03
6.844339405412286e-03
8.327802011650747e-03
1.012683052938872e-02
1.230420357195367e-02
1.493803852110946e-02
1.812153043910562e-02
2.196100189247992e-02
2.658651757023705e-02
3.214856629302400e-02
3.882419386681913e-02
4.681849358996184e-02
5.636637779756169e-02
6.774114428585241e-02
8.124838067658503e-02
9.722220953875335e-02
1.160405267304061e-01
1.381052884524246e-01
1.638236897056335e-01
1.936073894530014e-01
2.278358577895669e-01
2.668318111447249e-01
3.107836793627621e-01
3.597248384739007e-01
4.134364749871880e-01
4.713883324885286e-01
5.326810272136742e-01
5.960154069038638e-01
6.596886515241749e-01
7.217110590028534e-01
7.799744426715252e-01
8.325083218635412e-01
8.777602721210623e-01
9.148536600744586e-01
9.436824050513042e-01
9.648674929496850e-01
9.796323552656149e-01
9.890918644769795e-01
9.946236369954651e-01
9.975835959818348e-01
9.990204382441709e-01
9.996459850839458e-01
9.998873639967589e-01
9.999688983015796e-01
9.999926710791982e-01
9.999985534698009e-01
9.999997657657365e-01
9.999999696005909e-01
9.999999969127014e-01
9.999999997612932e-01
9.999999999870620e-01
9.999999999993112e-01
9.999999999999536e-01
1.000000000000037e+00
9.999999999999906e-01
9.999999999999987e-01
1.000000000000002e+00
9.999999999999994e-01
1.000000000000000e+00
1.000000000000000e+00
1.000000000000000e+00
1.000000000000000e+00
###2.000000000000000e+00
6.928108383031077e-11
1.182712606470669e-10
1.477424967001415e-10
1.836485517196823e-10
2.278039270379233e-10
2.823168764916311e-10
3.491493123381439e-10
4.312089787050740e-10
5.320372230342880e-10
6.559942964659305e-10
8.083445817396096e-10
9.956676154740080e-10
1.225914965185862e-09
1.508974739686978e-09
1.856947113814884e-09
2.284596932192924e-09
2.810165886439258e-09
3.456075260248748e-09
4.249886362820764e-09
5.225002561696846e-09
6.423183907284859e-09
7.895182667892468e-09
9.702978506749440e-09
1.192411760071413e-08
1.465078381286210e-08
1.800007417469120e-08
2.211242303257798e-08
2.716182404974940e-08
3.335977786912250e-08
4.096834295601950e-08
5.030711959536929e-08
6.176719297016059e-08
7.583400380075860e-08
9.308869302775575e-08
1.142577855895745e-07
1.402320082695250e-07
1.720871384237513e-07
2.111600749129253e-07
2.590780772732821e-07
3.178195189747775e-07
3.898371289535481e-07
4.781334433714887e-07
5.863610362869973e-07
7.189944675825512e-07
8.815556434283579e-07
1.080722702753775e-06
1.324723799997184e-06
1.623663895000720e-06
1.989805697453474e-06
2.438255983469810e-06
2.987358370308506e-06
3.659710531398358e-06
4.482975346666505e-06
5.490757782820788e-06
6.724195090243501e-06
8.233989550900838e-06
1.008211064772309e-05
1.234327028759857e-05
1.510836492602311e-05
1.849193353777161e-05
2.263214962631629e-05
2.769601259610364e-05
3.388522292614159e-05
4.145816418791472e-05
5.071869926271595e-05
6.204165621020121e-05
7.588363125833525e-05
9.279854989722750e-05
1.134859168582897e-04
1.387376979077698e-04
1.696084101583392e-04
2.073429926252824e-04
2.534180297712075e-04
3.096650408496567e-04
3.783857144567204e-04
4.622051598761324e-04
5.645849075268978e-04
6.894097311548537e-04
8.417185156110199e-04
1.027518006243128e-03
1.253877353358487e-03
1.529619659625572e-03
1.865481424616531e-03
2.274298438889552e-03
2.771594850511276e-03
3.376386304927670e-03
4.111379004761488e-03
5.003272889237365e-03
6.085626948642607e-03
7.397932890889722e-03
8.987161655897333e-03
1.091065942252991e-02
1.323380566058622e-02
1.603788015189237e-02
1.941954558709215e-02
2.348834347166845e-02
2.837805185184475e-02
3.424260345159662e-02
4.126229992926270e-02
4.964481887009780e-02
5.962667727403326e-02
7.148192826645861e-02
8.551343905920224e-02
1.020510439984591e-01
1.214647475327162e-01
1.441431260399284e-01
1.704749545354312e-01
2.008465573746129e-01
2.356060716187102e-01
2.750382696904715e-01
3.192879634043484e-01
3.683431653759900e-01
4.219425620749456e-01
4.795226183161035e-01
5.401701178364455e-01
6.025997617496619e-01
6.651565978053773e-01
7.259375473125774e-01
7.829489756494985e-01
8.343430544235849e-01
8.786752455262279e-01
9.151269998561539e-01
9.435917755198487e-01
9.646329279912581e-01
9.793508368541965e-01
9.888347669323276e-01
9.944354598155998e-01
9.974669827490641e-01
9.989580170773674e-01
9.996170481480052e-01
9.998757985907062e-01
9.999649475339344e-01
9.999915323386638e-01
9.999982809718414e-01
9.999997126242972e-01
9.999999613304960e-01
9.999999959123634e-01
9.999999996696604e-01
9.999999999805452e-01
9.999999999990881e-01
9.999999999999570e-01
1.000000000000017e+00
9.999999999999958e-01
9.999999999999993e-01
1.000000000000001e+00
9.999999999999998e-01
1.000000000000000e+00
1.000000000000000e+00
1.000000000000000e+00
1.000000000000000e+00
###2.200000000000000e+00
8.047881932211849e-11
1.316015219401922e-10
1.645413596534158e-10
2.045784501799826e-10
2.538422712288696e-10
3.146586067005700e-10
3.892069534717471e-10
4.807285291729441e-10
5.931770244695313e-10
7.313979910572348e-10
9.012673633023921e-10
1.110097304359459e-09
1.366763878558045e-09
1.682262876447098e-09
2.070082865006485e-09
2.546637701555648e-09
3.132248805935067e-09
3.851870619078589e-09
4.736199442806120e-09
5.822303822257730e-09
7.157066880658218e-09
8.795973448255672e-09
1.080884442204416e-08
1.328170317467520e-08
1.631697012304463e-08
2.004487693631995e-08
2.462128871668936e-08
3.023974855432020e-08
3.713539291828234e-08
4.559910500548901e-08
5.598606825997460e-08
6.873125018305035e-08
8.437136415111150e-08
1.035537506539025e-07
1.270849967987263e-07
1.559507770370876e-07
1.913474949875757e-07
2.347571669981488e-07
2.879837427392854e-07
3.532195885974713e-07
4.331843248646859e-07
5.312045288873569e-07
6.513267029594174e-07
7.985075209019441e-07
9.788531346428888e-07
1.199774123769113e-06
1.470343402307223e-06
1.801772628723217e-06
2.207578298174819e-06
2.704496088008583e-06
3.312783888285319e-06
4.057373391540742e-06
4.968801307294401e-06
6.084163442193854e-06
7.448811096507075e-06
9.118690054829090e-06
1.116199535179743e-05
1.366100395586985e-05
1.671559981391690e-05
2.045188270917036e-05
2.502168253769045e-05
3.060829495315201e-05
3.743283394179583e-05
4.577890390407072e-05
5.597919721524073e-05
6.844389053320068e-05
8.367211048836662e-05
1.022686333601976e-04
1.249974572692729e-04
1.527197335258622e-04
1.865853761084250e-04
2.279483219124127e-04
2.784102092643331e-04
3.399568802234373e-04
4.150840006514119e-04
5.066252400406025e-04
6.183254648511565e-04
7.543650855761513e-04
9.201831721351045e-04
1.122210627755303e-03
1.368046690268216e-03
1.667142834587269e-03
2.030942591197181e-03
2.473172728047344e-03
3.010322233828309e-03
3.662609122176704e-03
4.454093499549927e-03
5.412952043686677e-03
6.574586074748975e-03
7.980530345528390e-03
9.680009120683043e-03
1.173300374538050e-02
1.420751525677994e-02
1.718799664715825e-02
2.077457548338116e-02
2.507998177740126e-02
3.024165059214210e-02
3.641686869302002e-02
4.378905881001521e-02
5.256831631639883e-02
6.299254515303832e-02
7.533625953077656e-02
8.989942404564788e-02
1.070072814655830e-01
1.270216010439468e-01
1.503175900115940e-01
1.772655991306159e-01
2.082270959671847e-01
2.435195179017318e-01
2.833910415231671e-01
3.279447886668026e-01
3.771257619711381e-01
4.306328715387587e-01
4.878719163143001e-01
5.479173207742867e-01
6.094970604006409e-01
6.710006179923376e-01
7.306036851404702e-01
7.864160085194323e-01
8.367000995532725e-01
8.801083452799580e-01
9.158766007352442e-01
9.439032528363623e-01
9.647080960612096e-01
9.792887933150807e-01
9.887193786012465e-01
9.943295823810071e-01
9.973930559612998e-01
9.989151934224879e-01
9.995959829876480e-01
9.998669528287951e-01
9.999617896946178e-01
9.999905834607001e-01
9.999980443542456e-01
9.999996645069893e-01
9.999999535103591e-01
9.999999949211447e-01
9.999999995742109e-01
9.999999999735718e-01
9.999999999987761e-01
9.999999999999521e-01
1.000000000000008e+00
9.999999999999981e-01
9.999999999999997e-01
1.000000000000000e+00
9.999999999999999e-01
1.000000000000000e+00
1.000000000000000e+00
1.000000000000000e+00
1.000000000000000e+00
###2.400000000000000e+00
9.276246509551168e-11
1.463183361001777e-10
1.831596795019420e-10
2.276748683576327e-10
2.825722466660482e-10
3.503379416965737e-10
4.333912886531084e-10
5.353414077968021e-10
6.605945709641781e-10
8.145302699099889e-10
1.003695846338617e-09
1.236211329318112e-09
1.521973717494463e-09
1.873182888458464e-09
2.304859047886826e-09
2.835209607130121e-09
3.486866596356472e-09
4.287576941139004e-09
5.271394405400243e-09
6.479496242344769e-09
7.964343558809908e-09
9.786614704428147e-09
1.202472946495478e-08
1.477395050850346e-08
1.814795091357516e-08
2.229130056505139e-08
2.737699743511090e-08
3.361933966619502e-08
4.127993220386257e-08
5.068079712195975e-08
6.221616290678187e-08
7.636873185023313e-08
9.373151858738035e-08
1.150237189925813e-07
1.411390538075029e-07
1.731675821368465e-07
2.124365605352995e-07
2.605848107339734e-07
3.196081740483703e-07
3.919366390780007e-07
4.805820742056082e-07
5.892069282667631e-07
7.223009166504358e-07
8.853483567733319e-07
1.085074304161326e-06
1.329673420923418e-06
1.629163730139685e-06
1.995937822534360e-06
2.444876840140320e-06
2.994468957312476e-06
3.667045600194774e-06
4.490058202551444e-06
5.497147060560756e-06
6.729160171847523e-06
8.236004089091362e-06
1.007925743034087e-05
1.233381729085935e-05
1.509007252714339e-05
1.845759740772225e-05
2.257485304082300e-05
2.760831929028181e-05
3.375873604821830e-05
4.126797707123259e-05
5.044660298139429e-05
6.165807274073420e-05
7.535024789007193e-05
9.206754324868414e-05
1.124688194262664e-04
1.373866072407920e-04
1.677554191884988e-04
2.048263161648170e-04
2.500685911525436e-04
3.052159825121880e-04
3.724171840106409e-04
4.543723276134244e-04
5.541343933741598e-04
6.757460287443628e-04
8.236975439100596e-04
1.003846478380974e-03
1.223068532217466e-03
1.489513999408528e-03
1.813288292330862e-03
2.206577527043248e-03
2.684011455958583e-03
3.263096475025303e-03
3.965284174691175e-03
4.816027206082583e-03
5.845016739802069e-03
7.089540633782557e-03
8.593215899328431e-03
1.040755649889789e-02
1.259521181517405e-02
1.522676218694768e-02
1.839002893775507e-02
2.218841588181137e-02
2.673786903299451e-02
3.217942313512940e-02
3.867362648343693e-02
4.640688670679452e-02
5.559154758589251e-02
6.646668029342154e-02
7.930697171355551e-02
9.440928514815436e-02
1.120939530825489e-01
1.327142266713704e-01
1.566318674392218e-01
1.841987998776075e-01
2.157520077619854e-01
2.515788765034906e-01
2.918912477176800e-01
3.367548752131213e-01
3.860712588513519e-01
4.395027503361661e-01
4.964267170654396e-01
5.559064058341953e-01
6.166825056769597e-01
6.771854692101481e-01
7.356631552098849e-01
7.903189919273793e-01
8.395154926006830e-01
8.819930361448197e-01
9.170394383045002e-01
9.445628002867641e-01
9.650515258678246e-01
9.794183834370713e-01
9.887297641016896e-01
9.942983055433787e-01
9.973588435566059e-01
9.988911979902525e-01
9.995827746481457e-01
9.998609551881859e-01
9.999595144533622e-01
9.999898637032897e-01
9.999978563451821e-01
9.999996245526346e-01
9.999999467296071e-01
9.999999940226123e-01
9.999999994836150e-01
9.999999999667061e-01
9.999999999984291e-01
9.999999999999425e-01
1.000000000000003e+00
9.999999999999991e-01
9.999999999999999e-01
1.000000000000000e+00
1.000000000000000e+00
1.000000000000000e+00
1.000000000000000e+00
1.000000000000000e+00
1.000000000000000e+00
###2.600000000000000e+00
1.062290972863854e-10
1.625435476069657e-10
2.035716356869233e-10
2.531284555432157e-10
3.142305896918600e-10
3.896481604647269e-10
4.820635758638749e-10
5.954935917520603e-10
7.348381990409943e-10
9.060645584134207e-10
1.116456057329026e-09
1.375023355441606e-09
1.692775666772398e-09
2.083241253287497e-09
2.563118100343796e-09
3.152597497274518e-09
3.876791409702840e-09
4.766558409947191e-09
5.859605273968547e-09
7.201628142604780e-09
8.851172327749256e-09
1.087461525597554e-08
1.335984750502530e-08
1.641201728191267e-08
2.015731999017595e-08
2.475590362816345e-08
3.039951161742601e-08
3.732514295948663e-08
4.582349638670256e-08
5.624975458773176e-08
6.904158840130307e-08
8.473335568457172e-08
1.039797389440031e-07
1.275780910146326e-07
1.565167165206331e-07
1.919993393008023e-07
2.354976188967835e-07
2.888144528244802e-07
3.541620903867778e-07
4.342249624051073e-07
5.323328004932211e-07
6.525128619591537e-07
7.997328005243787e-07
9.800524820784519e-07
1.200862370487934e-06
1.471213672656723e-06
1.802143766746962e-06
2.207307791557456e-06
2.703098303280836e-06
3.309859339525384e-06
4.052173971730560e-06
4.960210489308128e-06
6.070956119202205e-06
7.429293676771554e-06
9.090029346273746e-06
1.112080287864184e-05
1.360371084356639e-05
1.663777688715137e-05
2.034317117002277e-05
2.487139587212148e-05
3.040468079047301e-05
3.716241760095838e-05
4.540865320556259e-05
5.548272832168999e-05
6.778089875032537e-05
8.279115821474176e-05
1.011060950677417e-04
1.234420325308375e-04
1.507042563429784e-04
1.839049825114892e-04
2.244024191580421e-04
2.737878297178098e-04
3.339343623605365e-04
4.071624077995503e-04
4.963874471421947e-04
6.048928583551431e-04
7.370340311299046e-04
8.976258253569659e-04
1.092963185644255e-03
1.330387646092032e-03
1.618622192269942e-03
1.968452563633566e-03
2.392865321514239e-03
2.907339411884600e-03
3.530517910400768e-03
4.285096292917200e-03
5.197958515226220e-03
6.300348061952600e-03
7.631483711164651e-03
9.237103909837152e-03
1.117104811828208e-02
1.349866580715608e-02
1.629312564365308e-02
1.964565398986893e-02
2.366289879128854e-02
2.846399272779408e-02
3.419351154871266e-02
4.101516949291775e-02
4.911822053835294e-02
5.871708405462247e-02
7.005177567099723e-02
8.339686978678204e-02
9.904591371830276e-02
1.173140124941902e-01
1.385456137023767e-01
1.630889297185195e-01
1.912774334216474e-01
2.234239287378884e-01
2.597863304587611e-01
3.005411264823187e-01
3.457182620277122e-01
3.951775786121227e-01
4.485469125511130e-01
5.051771192337494e-01
5.641212268988079e-01
6.241322612253210e-01
6.836778251157745e-01
7.410728540370244e-01
7.946059605160611e-01
8.427313460644130e-01
8.842689461683343e-01
9.185585306814908e-01
9.455214231577069e-01
9.656251329576333e-01
9.797132858893683e-01
9.888499479777179e-01
9.943332198185058e-01
9.973605722624399e-01
9.988846495704522e-01
9.995770564837152e-01
9.998577679529008e-01
9.999581473713721e-01
9.999893922736433e-01
9.999977246524283e-01
9.999995949368274e-01
9.999999414421280e-01
9.999999932876552e-01
9.999999994059533e-01
9.999999999605732e-01
9.999999999980939e-01
9.999999999999311e-01
1.000000000000001e+00
9.999999999999996e-01
1.000000000000000e+00
1.000000000000000e+00
1.000000000000000e+00
1.000000000000000e+00
1.000000000000000e+00
1.000000000000000e+00
1.000000000000000e+00
###2.800000000000000e+00
1.209821280018974e-10
1.804093603051639e-10
2.260416677712829e-10
2.811440417749881e-10
3.490716494950871e-10
4.329046278390011e-10
5.356136472871112e-10
6.616644648358189e-10
8.164966841821379e-10
1.006724015066618e-09
1.240434335938593e-09
1.527624482463548e-09
1.880499285138924e-09
2.314064635003406e-09
2.846849268630171e-09
3.501218631879985e-09
4.305013148318386e-09
5.292435996047175e-09
6.505258014603932e-09
7.994100246660229e-09
9.824142188420087e-09
1.206800669139115e-08
1.482390447972380e-08
1.820782268511433e-08
2.235962761996461e-08
2.745637246466210e-08
3.371036064587370e-08
4.138335659905343e-08
5.079764065567545e-08
6.234480933638934e-08
7.650955331004787e-08
9.388237465326815e-08
1.151855838360093e-07
1.413018757941572e-07
1.733213746637519e-07
2.125704745415785e-07
2.606796593287737e-07
3.196301373926488e-07
3.918694889128279e-07
4.803535334130599e-07
5.887609547647794e-07
7.215205341394010e-07
8.840987997662647e-07
1.083194170011833e-06
1.326914563508712e-06
1.625232482936998e-06
1.990298986876502e-06
2.437118973996996e-06
2.983720622033779e-06
3.652442177252324e-06
4.470314965163351e-06
5.470413594431414e-06
6.693336306988671e-06
8.188300192736897e-06
1.001541253805549e-05
1.224871445644785e-05
1.497813902074693e-05
1.831191085022264e-05
2.238159614289022e-05
2.735260846184448e-05
3.342401343189227e-05
4.083518270921527e-05
4.987376048807612e-05
6.090980288261893e-05
7.437448933652039e-05
9.079850792854426e-05
1.108256379113552e-04
1.352331928290809e-04
1.650036242902229e-04
2.012313659754893e-04
2.453880311610463e-04
2.991937314331259e-04
3.646686050503290e-04
4.443139092119563e-04
5.412717602174712e-04
6.590673662069771e-04
8.023843453427256e-04
9.763771525799448e-04
1.187797725899840e-03
1.444474880903320e-03
1.755726593574365e-03
2.133046016357995e-03
2.590249173564244e-03
3.143698696385787e-03
3.813206387851428e-03
4.622751933834282e-03
5.600689651398814e-03
6.779853169097065e-03
8.201436716590559e-03
9.913339259579206e-03
1.197176090395269e-02
1.444478274166578e-02
1.740818068583191e-02
2.095658596067846e-02
2.519989230122363e-02
3.026037481639479e-02
3.628608904989429e-02
4.344381635131292e-02
5.192551466916154e-02
6.194750257166960e-02
7.375051308686775e-02
8.760872395191863e-02
1.038121360953643e-01
1.226704674273167e-01
1.445185949238394e-01
1.696915279828752e-01
1.985040789754874e-01
2.312451170609567e-01
2.681435919736093e-01
3.093416599421649e-01
3.548343651978508e-01
4.044419875087592e-01
4.577594898874564e-01
5.141128646486927e-01
5.725457131742652e-01
6.318227107685825e-01
6.904460757787990e-01
7.467925573426161e-01
7.992290224859769e-01
8.462940938205568e-01
8.868814733380790e-01
9.203823230417685e-01
9.467347493671378e-01
9.663941418988132e-01
9.801488547763773e-01
9.890643978302225e-01
9.944256387026673e-01
9.973939966460136e-01
9.988937627307972e-01
9.995782059211937e-01
9.998572229409867e-01
9.999576600575273e-01
9.999891703198269e-01
9.999976520836800e-01
9.999995767853603e-01
9.999999379298591e-01
9.999999927660872e-01
9.999999993475508e-01
9.999999999557210e-01
9.999999999978114e-01
9.999999999999203e-01
9.999999999999996e-01
9.999999999999997e-01
1.000000000000000e+00
1.000000000000000e+00
1.000000000000000e+00
1.000000000000000e+00
1.000000000000000e+00
1.000000000000000e+00
1.000000000000000e+00
###3.000000000000000e+00
1.371340376439894e-10
2.000555131521318e-10
2.507467056132425e-10
3.119417838604125e-10
3.873689197334750e-10
4.804470011662868e-10
5.944590101647247e-10
7.343700951640842e-10
9.062017537514505e-10
1.117293864657143e-09
1.376583607497581e-09
1.695172230118976e-09
2.086569627503224e-09
2.567396031058739e-09
3.158183420384231e-09
3.883673185419175e-09
4.774693758165779e-09
5.869090534498259e-09
7.213048257468576e-09
8.862698007817106e-09
1.089029859423209e-08
1.337537388730639e-08
1.642735880828315e-08
2.017407551503883e-08
2.477047996080072e-08
3.041154900165867e-08
3.733251971627731e-08
4.582192794387851e-08
5.623635247890621e-08
6.900756879262545e-08
8.467063223451712e-08
1.038767801167077e-07
1.274232700540398e-07
1.562843709132362e-07
1.916608768405991e-07
2.350147761690432e-07
2.881431240128477e-07
3.532262329708869e-07
4.329646392577138e-07
5.306076196352128e-07
6.502118505126485e-07
7.966417111323886e-07
9.759112771145910e-07
1.195384053217144e-06
1.463964994823281e-06
1.792625491975031e-06
2.194704261096721e-06
2.686667858126614e-06
3.288306615622283e-06
4.024106705247187e-06
4.923735404384517e-06
6.023376680465246e-06
7.367581604904746e-06
9.010120565196797e-06
1.101685927404035e-05
1.346866929452407e-05
1.646390792616537e-05
2.012064110189976e-05
2.458262888044861e-05
3.003023729998860e-05
3.668018226961055e-05
4.479366570168425e-05
5.468312987957285e-05
6.675144694480187e-05
8.146694761105180e-05
9.940569522228255e-05
1.212658137606710e-04
1.478892891761318e-04
1.803403444912827e-04
2.198003222342424e-04
2.678607638624031e-04
3.263777774196644e-04
3.975263488750381e-04
4.839981037451375e-04
5.891734913853096e-04
7.168313347578884e-04
8.719995009378844e-04
1.060187487767865e-03
1.288624469842920e-03
1.565648413428491e-03
1.901195241584568e-03
2.307493203731152e-03
2.799217537150478e-03
3.393649105562987e-03
4.111801596871284e-03
4.978979490967732e-03
6.025046937785619e-03
7.284465490587587e-03
8.800449471191961e-03
1.062309726389639e-02
1.281100403135171e-02
1.543501335711991e-02
1.857352462494317e-02
2.232457400575186e-02
2.680129877413381e-02
3.212906954779556e-02
3.845935743207449e-02
4.596190767560510e-02
5.483123728363561e-02
6.528538137722381e-02
7.756555911152030e-02
9.194526627471254e-02
1.087107177173659e-01
1.281666000333947e-01
1.506358584837957e-01
1.764421935979976e-01
2.058810179690239e-01
2.392174448746054e-01
2.766518948981189e-01
3.182930785020051e-01
3.641019712046296e-01
4.138611109380884e-01
4.671340512697129e-01
5.232233504993711e-01
5.811638529539432e-01
6.397311808509990e-01
6.974601610376838e-01
7.527846250620164e-01
8.041439191462517e-01
8.501550226610527e-01
8.897812315245692e-01
9.224640400913228e-01
9.481623144165154e-01
9.673266037603936e-01
9.807022228595418e-01
9.893582734515108e-01
9.945669286637684e-01
9.974546538910546e-01
9.989165117402460e-01
9.995854302916607e-01
9.998590584939657e-01
9.999579830237523e-01
9.999891841954451e-01
9.999976371525515e-01
9.999995702305333e-01
9.999999362956618e-01
9.999999924831066e-01
9.999999993122476e-01
9.999999999525330e-01
9.999999999976115e-01
9.999999999999118e-01
9.999999999999989e-01
9.999999999999998e-01
1.000000000000000e+00
1.000000000000000e+00
1.000000000000000e+00
1.000000000000000e+00
1.000000000000000e+00
1.000000000000000e+00
1.000000000000000e+00
###3.200000000000001e+00
1.548050526017651e-10
2.216327427460417e-10
2.778765599507197e-10
3.457575864810956e-10
4.294165452557333e-10
5.326363823912969e-10
6.590473425006150e-10
8.141587797678302e-10
1.004630619000147e-09
1.238597592772491e-09
1.525920429181755e-09
1.878913885083197e-09
2.312512869044568e-09
2.845101645917586e-09
3.499401432329732e-09
4.302747061686041e-09
5.289230218184810e-09
6.500672386345335e-09
7.988073072837179e-09
9.813612611632977e-09
1.205716979398154e-08
1.480587592188364e-08
1.818137810928037e-08
2.232442991059683e-08
2.740630073744775e-08
3.364142477159654e-08
4.129048828679393e-08
5.067089006434039e-08
6.217584979812615e-08
7.628164768863658e-08
9.357779138657260e-08
1.147814961200660e-07
1.407721789697969e-07
1.726210114076369e-07
2.116513617852330e-07
2.594716034031515e-07
3.180584779498759e-07
3.898092373252255e-07
4.776972882802819e-07
5.852899066361524e-07
7.170517459070262e-07
8.783193651381462e-07
1.075699389573845e-06
1.317269059328989e-06
1.612799644625349e-06
1.974335500301607e-06
2.416514640617471e-06
2.957325523422661e-06
3.618508176928549e-06
4.426843443860179e-06
5.414827346977496e-06
6.621994829329891e-06
8.097205291975663e-06
9.898909999745341e-06
1.209934827917053e-05
1.478660986860510e-05
1.806814846106670e-05
2.207248734533648e-05
2.695652799132595e-05
3.291648588841257e-05
4.018792578123200e-05
4.905524483942741e-05
5.985775810748761e-05
7.303242199714285e-05
8.908779820698660e-05
1.086476305413728e-04
1.324678797517697e-04
1.614594556480770e-04
1.967716138649389e-04
2.396805139331337e-04
2.919016081200812e-04
3.554353648690232e-04
4.326197597415175e-04
5.263466286978835e-04
6.402468728486407e-04
7.783650743221667e-04
9.460899130142331e-04
1.149301787672871e-03
1.395728010786627e-03
1.694238005469677e-03
2.055409248460005e-03
2.492233373103780e-03
3.020275293217535e-03
3.657768745390208e-03
4.426963498212735e-03
5.354529675288561e-03
6.471881098629728e-03
7.815144937625002e-03
9.429600292385997e-03
1.136758358629821e-02
1.369011861402799e-02
1.647084148092397e-02
1.979078852703554e-02
2.375140074210378e-02
2.846905270337724e-02
3.407216050941207e-02
4.071554309025815e-02
4.857180186004755e-02
5.783786344438469e-02
6.873329103770752e-02
8.149955267868096e-02
9.640917409866537e-02
1.137443295790992e-01
1.338041945179485e-01
1.568998968011483e-01
1.833432092718864e-01
2.134102099470402e-01
2.473423817465087e-01
2.853119851127418e-01
3.273950508936794e-01
3.735192457777614e-01
4.234309518189878e-01
4.766636253400120e-01
5.324976456069181e-01
5.899596890737131e-01
6.478357276821080e-01
7.046914412908839e-01
7.590137600526382e-01
8.093096711548680e-01
8.542695513725533e-01
8.929230522662553e-01
9.247612875572296e-01
9.497675070675310e-01
9.683934183308480e-01
9.813523351708410e-01
9.897176156495149e-01
9.947487324649787e-01
9.975380623479858e-01
9.989507601020636e-01
9.995978369365149e-01
9.998629526845751e-01
9.999590179643580e-01
9.999894091743068e-01
9.999976749803478e-01
9.999995745724352e-01
9.999999364812816e-01
9.999999924400006e-01
9.999999993012118e-01
9.999999999511839e-01
9.999999999975103e-01
9.999999999999071e-01
9.999999999999984e-01
9.999999999999998e-01
1.000000000000000e+00
1.000000000000000e+00
1.000000000000000e+00
1.000000000000000e+00
1.000000000000000e+00
1.000000000000000e+00
1.000000000000000e+00
###3.400000000000001e+00
1.741238803479814e-10
2.453029023888780e-10
3.076336045144514e-10
3.828435195531176e-10
4.755272170276763e-10
5.898615629832844e-10
7.298587941070280e-10
9.016209050170767e-10
1.112511998822478e-09
1.371518362767317e-09
1.689529858603726e-09
2.080184516968721e-09
2.559951949341093e-09
3.149175500923900e-09
3.872939748056954e-09
4.761419430269901e-09
5.852258609494081e-09
7.191617517882268e-09
8.835750127911442e-09
1.085340926554823e-08
1.333279501914341e-08
1.636931593144140e-08
2.009786025319276e-08
2.467349271117162e-08
3.028474237626534e-08
3.716767117725449e-08
4.561032692374422e-08
5.596177363316208e-08
6.865469981303606e-08
8.421389348942125e-08
1.032879142530205e-07
1.266648342510814e-07
1.553153245983990e-07
1.904134421336151e-07
2.334162812834937e-07
2.860900286502808e-07
3.506066891557367e-07
4.295986438316510e-07
5.263322407906112e-07
6.447213654787751e-07
7.896688490037114e-07
9.670227778060111e-07
1.184028679151638e-06
1.449533967010997e-06
1.774245048144727e-06
2.171359719103225e-06
2.656916859771792e-06
3.250540899209120e-06
3.976098155942025e-06
4.862752244448353e-06
5.946109068437421e-06
7.269307452960213e-06
8.885779984904740e-06
1.085906322233657e-05
1.326812828811032e-05
1.620885738493425e-05
1.979826349740784e-05
2.417622016585053e-05
2.951400363336374e-05
3.602421161906722e-05
4.396260550715782e-05
5.363828121137078e-05
6.542022366473786e-05
7.977868169285889e-05
9.726818776769945e-05
1.185606799224221e-04
1.444742501637423e-04
1.759949776972533e-04
2.143544474993585e-04
2.609435289196458e-04
3.175950064173120e-04
3.864658994610364e-04
4.700656468273984e-04
5.714964792000585e-04
6.946523020067993e-04
8.438559654014300e-04
1.024874082705894e-03
1.243974226333476e-03
1.509403410394124e-03
1.830585270526471e-03
2.218763086434051e-03
2.687720768831388e-03
3.253944064905959e-03
3.936654350574614e-03
4.759372637127054e-03
5.750175811599756e-03
6.942067519263953e-03
8.372878106765550e-03
1.008999610984226e-02
1.214803423278248e-02
1.461047753092320e-02
1.755378363962525e-02
2.106163652868605e-02
2.523888121037911e-02
3.020511922783866e-02
3.609175859423865e-02
4.305689435083737e-02
5.127587126476899e-02
6.094787087912771e-02
7.229378934913686e-02
8.555509931502334e-02
1.010030638176397e-01
1.189155440563366e-01
1.395857427125426e-01
1.633130063235764e-01
1.903966073903909e-01
2.210933020856343e-01
2.556223035733074e-01
2.941241492470503e-01
3.366467052287255e-01
3.830837631815491e-01
4.331469237557734e-01
4.863407120527964e-01
5.419245162194929e-01
5.989173209482576e-01
6.561149960940050e-01
7.121125833063201e-01
7.654468011812620e-01
8.146885584493642e-01
8.585967489052363e-01
8.962657236295927e-01
9.272356158014938e-01
9.515172015229267e-01
9.695686674453310e-01
9.820799350064230e-01
9.901294768008887e-01
9.949631520877065e-01
9.976398756816571e-01
9.989943728138486e-01
9.996144952647668e-01
9.998685518347211e-01
9.999606493137133e-01
9.999898133671387e-01
9.999977582986550e-01
9.999995884844012e-01
9.999999383004058e-01
9.999999926176963e-01
9.999999993132012e-01
9.999999999516404e-01
9.999999999975105e-01
9.999999999999063e-01
9.999999999999983e-01
9.999999999999998e-01
1.000000000000000e+00
1.000000000000000e+00
1.000000000000000e+00
1.000000000000000e+00
1.000000000000000e+00
1.000000000000000e+00
1.000000000000000e+00
###3.600000000000001e+00
1.952283541288418e-10
2.712394260631035e-10
3.402367623078407e-10
4.234722022327045e-10
5.260374219729475e-10
6.525390941414166e-10
8.074087786175138e-10
9.973886388994051e-10
1.230619581947884e-09
1.517013219232276e-09
1.868585691739110e-09
2.300410757598341e-09
2.830642475861113e-09
3.481742437338755e-09
4.281393715601105e-09
5.262874036164303e-09
6.467663736099469e-09
7.946657548254473e-09
9.761855763623977e-09
1.198913753705961e-08
1.472575305128753e-08
1.807619915256762e-08
2.218944004584867e-08
2.723663900906930e-08
3.342461882333611e-08
4.101316233956095e-08
5.031965666630613e-08
6.172831938536861e-08
7.571387058663019e-08
9.285414976493566e-08
1.138615043796744e-07
1.396008519501971e-07
1.711417629662782e-07
2.097696477949747e-07
2.570862818945827e-07
3.150286289718890e-07
3.859793401928568e-07
4.728281951527672e-07
5.791494298183968e-07
7.092421815239834e-07
8.684687502048597e-07
1.063248936915860e-06
1.301499401202484e-06
1.592901082114252e-06
1.949175463003456e-06
2.384750656610176e-06
2.917177950546109e-06
3.567866894452632e-06
4.362894350404954e-06
5.334049348790657e-06
6.520246549205068e-06
7.968515181556684e-06
9.737149462818868e-06
1.189525802456386e-05
1.452872675020674e-05
1.774203882418251e-05
2.166233812359389e-05
2.644161563660146e-05
3.226643238314704e-05
3.936692992274267e-05
4.802034032480244e-05
5.856191004856319e-05
7.139239696641860e-05
8.701740431198324e-05
1.060399413580513e-04
1.291834110157941e-04
1.573310780118227e-04
1.915494760730530e-04
2.331567948957678e-04
2.836641135346443e-04
3.450290303197757e-04
4.195722851438640e-04
5.099856546148227e-04
6.195902145409955e-04
7.525565636008258e-04
9.134987016475168e-04
1.108578858967717e-03
1.344468476036324e-03
1.629956498058222e-03
1.975043975486823e-03
2.391660666241740e-03
2.894424958412460e-03
3.500762585655640e-03
4.230921661137217e-03
5.109730528313297e-03
6.166714214124646e-03
7.436506604923674e-03
8.958678600285968e-03
1.078277273367715e-02
1.296571574802404e-02
1.557348555532932e-02
1.868538911370517e-02
2.238776631414335e-02
2.678898990986473e-02
3.201149447449492e-02
3.819000100452607e-02
4.548569357720699e-02
5.407649975013541e-02
6.416373662978164e-02
7.596941724087276e-02
8.973476656467291e-02
1.057294862517371e-01
1.242268344198813e-01
1.455135918727845e-01
1.698772911555499e-01
1.976041667474580e-01
2.289316196272664e-01
2.640566035586556e-01
3.030882036263677e-01
3.460466344376610e-01
3.927925214938036e-01
4.430038727777831e-01
4.961572796813402e-01
5.514924426278066e-01
6.080209030138843e-01
6.645481799199945e-01
7.196974574026785e-01
7.720525377561006e-01
8.202449490000594e-01
8.630989838136742e-01
8.997719935306216e-01
9.298521631001410e-01
9.533814530461352e-01
9.708286266499073e-01
9.828675844023915e-01
9.905820005806548e-01
9.952028543862621e-01
9.977559874224381e-01
9.990452907363840e-01
9.996344844576488e-01
9.998754947310089e-01
9.999627537976420e-01
9.999903610839427e-01
9.999978784408641e-01
9.999996102420267e-01
9.999999414791766e-01
9.999999929824587e-01
9.999999993451167e-01
9.999999999536920e-01
9.999999999976042e-01
9.999999999999092e-01
9.999999999999983e-01
9.999999999999998e-01
1.000000000000000e+00
1.000000000000000e+00
1.000000000000000e+00
1.000000000000000e+00
1.000000000000000e+00
1.000000000000000e+00
1.000000000000000e+00
###3.800000000000001e+00
2.182660386027731e-10
2.996279987323343e-10
3.759196795067518e-10
4.679340331384302e-10
5.813073866758901e-10
7.211144017993946e-10
8.922449058865235e-10
1.102138415631827e-09
1.359783485744877e-09
1.676102174609825e-09
2.064335898561419e-09
2.541113354684959e-09
3.126453774872991e-09
3.845097398921634e-09
4.727566434453911e-09
5.810507259780788e-09
7.139593529636785e-09
8.770825418020368e-09
1.077255390821556e-08
1.322829477494117e-08
1.624519249509239e-08
1.993741547529203e-08
2.446976553972892e-08
3.003024842810885e-08
3.684596948633142e-08
4.520225612574919e-08
5.544832946669065e-08
6.800648368090156e-08
8.339673549637615e-08
1.022554180693256e-07
1.253628810966840e-07
1.536677173709249e-07
1.883460991485310e-07
2.308031198368180e-07
2.828002893554839e-07
3.464556512804276e-07
4.243783455775519e-07
5.197425540298444e-07
6.364516026831157e-07
7.792177895810825e-07
9.538919902086152e-07
1.167522426001606e-06
1.428746639871492e-06
1.748128055655146e-06
2.138515077046749e-06
2.615639765965704e-06
3.198640141200888e-06
3.910899685506168e-06
4.780835260197111e-06
5.843079485929357e-06
7.140057207700410e-06
8.722990835069608e-06
1.065536187305453e-05
1.301225520732134e-05
1.588698230983924e-05
1.939311686530495e-05
2.366870167155754e-05
2.887862847385261e-05
3.522571620646235e-05
4.295882542852376e-05
5.237803659685609e-05
6.384638551990357e-05
7.779807337195839e-05
9.477703582026528e-05
1.154367002039874e-04
1.405558490541537e-04
1.710861186106082e-04
2.081789850390068e-04
2.532447910332546e-04
3.079202595641120e-04
3.742954582403676e-04
4.548597207218264e-04
5.525063529320222e-04
6.707760976530891e-04
8.141329912857154e-04
9.874954750822204e-04
1.197439645240021e-03
1.451057935254855e-03
1.757704118830536e-03
2.127980313103156e-03
2.574527649586143e-03
3.112831132208647e-03
3.761286990387294e-03
4.541205703049265e-03
5.478759914165554e-03
6.604964404146800e-03
7.956123935994767e-03
9.573587087509279e-03
1.150909478351120e-02
1.382192496219054e-02
1.658057884276542e-02
1.986723909799799e-02
2.377090750336388e-02
2.840349209948385e-02
3.389020256588635e-02
4.036904806150197e-02
4.800421241726199e-02
5.697607763026259e-02
6.748793089808543e-02
7.976269126730803e-02
9.404107492318398e-02
1.105909159236422e-01
1.296805620787095e-01
1.515899303132055e-01
1.765946452686825e-01
2.049673913588760e-01
2.369261290369123e-01
2.726452933932251e-01
3.122034452578736e-01
3.555928873990378e-01
4.026419341508234e-01
4.529960819219181e-01
5.061050162062994e-01
5.611896297584307e-01
6.172546354607538e-01
6.731149802604206e-01
7.274210410774298e-01
7.788015416030908e-01
8.259459328909950e-01
8.677416087138347e-01
9.034072145381750e-01
9.325793264627104e-01
9.553332404389540e-01
9.721520053222124e-01
9.836995745015434e-01
9.910644495030484e-01
9.954611358180646e-01
9.978826041632827e-01
9.991015750647000e-01
9.996569270824140e-01
9.998834301962165e-01
9.999652093353969e-01
9.999910157684792e-01
9.999980262156534e-01
9.999996379355891e-01
9.999999456966457e-01
9.999999934918662e-01
9.999999993926538e-01
9.999999999570165e-01
9.999999999977737e-01
9.999999999999152e-01
9.999999999999984e-01
9.999999999999998e-01
1.000000000000000e+00
1.000000000000000e+00
1.000000000000000e+00
1.000000000000000e+00
1.000000000000000e+00
1.000000000000000e+00
1.000000000000000e+00
###4.000000000000001e+00
2.433947991624795e-10
3.306673057610865e-10
4.149321292070541e-10
5.165397098857796e-10
6.417225024225864e-10
7.960627117622324e-10
9.849552669306058e-10
1.216595978669516e-09
1.500892019239856e-09
1.849874490537610e-09
2.278114320142767e-09
2.803932928519774e-09
3.449380603593522e-09
4.241677097626641e-09
5.214432880930523e-09
6.407933135697043e-09
7.872449008341483e-09
9.669549702735854e-09
1.187441848843480e-08
1.457882170553652e-08
1.790086454259697e-08
2.196496116294686e-08
2.695326418963760e-08
3.307159942232625e-08
4.056997230423282e-08
4.976087591898612e-08
6.102783836273265e-08
7.483444585596158e-08
9.175011556837106e-08
1.124739411311402e-07
1.378597895282744e-07
1.689482938364590e-07
2.070287843875955e-07
2.536365707127892e-07
3.107057029245185e-07
3.805491719593069e-07
4.660220837244687e-07
5.706031237344516e-07
6.985515883808517e-07
8.550239302537703e-07
1.046400789922721e-06
1.280394396442459e-06
1.566440261750343e-06
1.916036989618780e-06
2.343241629197325e-06
2.865190373284268e-06
3.502720595873630e-06
4.281339987245037e-06
5.231972012277279e-06
6.392334657182563e-06
7.808501806276587e-06
9.536287712826059e-06
1.164467957272638e-05
1.421516397544636e-05
1.734909753915230e-05
2.116941306616234e-05
2.582610723761480e-05
3.149771443704422e-05
3.840433548138715e-05
4.681485249160228e-05
5.705342371360132e-05
6.951280620574291e-05
8.466245717253817e-05
1.030886695880190e-04
1.254939505473803e-04
1.527198486993951e-04
1.857888888345001e-04
2.259420326774661e-04
2.746900878415958e-04
3.337938752054555e-04
4.054899631942275e-04
4.924437703560341e-04
5.977594855473203e-04
7.252083091102449e-04
8.795616952903584e-04
1.066056215896693e-03
1.291700657699006e-03
1.564026007929435e-03
1.892974436539440e-03
2.289773263680822e-03
2.767801317647393e-03
3.343440507431048e-03
4.036091153057882e-03
4.868161094059814e-03
5.867205018853472e-03
7.065769295428482e-03
8.501870349708986e-03
1.021867124255235e-02
1.227015541557855e-02
1.471798842652192e-02
1.763322390432760e-02
2.110094503770683e-02
2.521281801990920e-02
3.008426769936364e-02
3.584328957201176e-02
4.263107834084541e-02
5.061474386706594e-02
5.997701368762278e-02
7.092291087086218e-02
8.367609683203296e-02
9.847649053581158e-02
1.155897435352599e-01
1.352789690111091e-01
1.578167811714143e-01
1.834667484775827e-01
2.124875113803474e-01
2.450774581128125e-01
2.813882578057110e-01
3.214687005294028e-01
3.652829854964166e-01
4.126278663603761e-01
4.631173086687616e-01
5.161750529598353e-01
5.710040647288509e-01
6.266027787571343e-01
6.817955893661138e-01
7.352593544539159e-01
7.856660443387404e-01
8.317609274298354e-01
8.724927226435191e-01
9.071400666632322e-01
9.353884860309973e-01
9.573482468910487e-01
9.735197854888938e-01
9.845618671047252e-01
9.915672055258673e-01
9.957319637496692e-01
9.980162925784942e-01
9.991614631839743e-01
9.996810147346555e-01
9.998920308311408e-01
9.999679002540427e-01
9.999917422974658e-01
9.999981925979122e-01
9.999996696454581e-01
9.999999506211193e-01
9.999999941004724e-01
9.999999994510037e-01
9.999999999612325e-01
9.999999999979968e-01
9.999999999999234e-01
9.999999999999987e-01
9.999999999999998e-01
1.000000000000000e+00
1.000000000000000e+00
1.000000000000000e+00
1.000000000000000e+00
1.000000000000000e+00
1.000000000000000e+00
1.000000000000000e+00
###4.200000000000001e+00
2.707834796282686e-10
3.645689443394171e-10
4.575412108666789e-10
5.696215897092986e-10
7.076943254872305e-10
8.778961409167780e-10
1.086167953381575e-09
1.341526853544334e-09
1.654894414868919e-09
2.039493910269054e-09
2.511345709694014e-09
3.090611815123050e-09
3.801552696633307e-09
4.674082483479043e-09
5.745167784897815e-09
7.059045154169764e-09
8.670972984200673e-09
1.064858348874748e-08
1.307445719068737e-08
1.604930535449220e-08
1.970315812929586e-08
2.417150302304330e-08
2.965529922919563e-08
3.637975636484207e-08
4.461945746667695e-08
5.471659518412042e-08
6.709166844470334e-08
8.225261179130427e-08
1.008233370746531e-07
1.235692083278830e-07
1.514253051048438e-07
1.855305335892304e-07
2.272954658080727e-07
2.783993270766041e-07
3.409585152553807e-07
4.174969235670324e-07
5.111393532580562e-07
6.256864766761224e-07
7.657837827647245e-07
9.370652733472627e-07
1.146482867663148e-06
1.402460994236174e-06
1.715283394073066e-06
2.097483896289339e-06
2.564389893308153e-06
3.134641595314086e-06
3.830909974349861e-06
4.680986457856442e-06
5.718466877370356e-06
6.984375135963069e-06
8.528698693271491e-06
1.041214645847008e-05
1.270949983543342e-05
1.550935734284431e-05
1.892138736551706e-05
2.307862031882245e-05
2.814374832733438e-05
3.430985015220930e-05
4.181538727716573e-05
5.095081870166529e-05
6.206508749648148e-05
7.558327370730913e-05
9.201152774137046e-05
1.119823470622820e-04
1.362486974324033e-04
1.657191566287464e-04
2.014911108785929e-04
2.448997184384703e-04
2.975625910498576e-04
3.613693351956560e-04
4.387122203345673e-04
5.324405825372159e-04
6.458821053816465e-04
7.830471150154152e-04
9.490297511892829e-04
1.149398803421000e-03
1.391615157011867e-03
1.683666353715994e-03
2.036107200378493e-03
2.460814847626972e-03
2.971932709333296e-03
3.586770591248364e-03
4.325767007051780e-03
5.212462374334376e-03
6.275831884952544e-03
7.549995521681568e-03
9.074722247386830e-03
1.089502601674165e-02
1.306717655109555e-02
1.565526259018377e-02
1.873291777877486e-02
2.238814882599288e-02
2.671528528985815e-02
3.183325006715487e-02
3.787282515791012e-02
4.497828841109364e-02
5.331959451804807e-02
6.308176142224402e-02
7.447111911692343e-02
8.771208432128602e-02
1.030434200665055e-01
1.207282696242231e-01
1.410241705540368e-01
1.641959951151776e-01
1.904950589928394e-01
2.201654769624438e-01
2.533858929951869e-01
2.902850074640058e-01
3.308823317399144e-01
3.751139395368526e-01
4.227456529065861e-01
4.733608077952047e-01
5.263581155184904e-01
5.809235706639372e-01
6.360496661675022e-01
6.905706747813203e-01
7.431894026652618e-01
7.926198271416951e-01
8.376614423166039e-01
8.773229588527712e-01
9.109420773608665e-01
9.382537859054514e-01
9.594046607971791e-01
9.749147656341235e-01
9.854420015740137e-01
9.920817474709587e-01
9.960099646478827e-01
9.981540033166005e-01
9.992233841134951e-01
9.997060244359330e-01
9.999010022570121e-01
9.999707218035363e-01
9.999925085850151e-01
9.999983692721180e-01
9.999997035796576e-01
9.999999559383563e-01
9.999999947645319e-01
9.999999995154369e-01
9.999999999659558e-01
9.999999999982505e-01
9.999999999999332e-01
9.999999999999989e-01
9.999999999999998e-01
1.000000000000000e+00
1.000000000000000e+00
1.000000000000000e+00
1.000000000000000e+00
1.000000000000000e+00
1.000000000000000e+00
1.000000000000000e+00
###4.400000000000001e+00
3.006124139825447e-10
4.015607173334814e-10
5.040323905564514e-10
6.275346067027418e-10
7.796611143770462e-10
9.671594457425231e-10
1.196552406922294e-09
1.477761092625529e-09
1.822804367590122e-09
2.246202989040281e-09
2.765551004002041e-09
3.403009790780003e-09
4.185242568003719e-09
5.145088229227902e-09
6.323157156313144e-09
7.767972446749279e-09
9.540203391008744e-09
1.171405802282253e-08
1.438013635596682e-08
1.764884684339478e-08
2.166313638918243e-08
2.657051499021068e-08
3.259222158425340e-08
3.997475254029060e-08
4.901859840089868e-08
6.009873003940423e-08
7.367540876449504e-08
9.030452542882880e-08
1.106687901696242e-07
1.356052277430814e-07
1.661365616201923e-07
2.035077493090918e-07
2.492599847368183e-07
3.052282225850587e-07
3.737232257924249e-07
4.575011923614528e-07
5.599724181888624e-07
6.852817080068570e-07
8.385019847111098e-07
1.025769093709830e-06
1.254653915271369e-06
1.534344309080152e-06
1.876035630683445e-06
2.293372707113038e-06
2.803045082051101e-06
3.425300321642515e-06
4.184767681896069e-06
5.111706486077257e-06
6.242562331788717e-06
7.621936172063192e-06
9.303941947101975e-06
1.135450251654373e-05
1.385461617445329e-05
1.690045968992835e-05
2.061060936525265e-05
2.512881646778628e-05
3.063127421081264e-05
3.732655067594498e-05
4.547260333810178e-05
5.538285240252267e-05
6.743293050719209e-05
8.208092436132098e-05
9.987313366070835e-05
1.214900809497772e-04
1.477395375609764e-04
1.795994482783160e-04
2.182467550913987e-04
2.651157415195995e-04
3.219368422836842e-04
3.907348502466195e-04
4.740659804856021e-04
5.749729848843197e-04
6.970166974688111e-04
8.444590105329747e-04
1.022731364641585e-03
1.237749248379433e-03
1.497445651932658e-03
1.810283110972897e-03
2.187453987269867e-03
2.641510382380730e-03
3.187387746036799e-03
3.843347179038715e-03
4.630924826819728e-03
5.574804281199671e-03
6.705428637466402e-03
8.058533680146092e-03
9.675681925395483e-03
1.160380663247185e-02
1.390140907721179e-02
1.663513358790358e-02
1.988118753050290e-02
2.373052192630965e-02
2.828012493964393e-02
3.365239776729641e-02
3.998089995601899e-02
4.741288916943247e-02
5.612107555996348e-02
6.629261281400881e-02
7.813497420600676e-02
9.187306078332395e-02
1.077442016305678e-01
1.260086950057708e-01
1.469181452049654e-01
1.707292402594704e-01
1.976808033848151e-01
2.280019495614452e-01
2.618513713186349e-01
2.993345620665162e-01
3.404422383045946e-01
3.850822576379783e-01
4.329901126972834e-01
4.837192123106058e-01
5.366445434768184e-01
5.909355397061854e-01
6.455797049305076e-01
6.994213628725524e-01
7.511891235756569e-01
7.996381230218867e-01
8.436209336922676e-01
8.822052948302165e-01
9.147873322979367e-01
9.411519244093660e-01
9.614829988692896e-01
9.763217971974895e-01
9.863290189235111e-01
9.926006142190559e-01
9.962905131357994e-01
9.982930806383074e-01
9.992859725328741e-01
9.997313277639944e-01
9.999100885920736e-01
9.999735829054754e-01
9.999932866970247e-01
9.999985489778966e-01
9.999997381682306e-01
9.999999613718147e-01
9.999999954452483e-01
9.999999995817329e-01
9.999999999708393e-01
9.999999999985142e-01
9.999999999999434e-01
9.999999999999992e-01
9.999999999999998e-01
1.000000000000000e+00
1.000000000000000e+00
1.000000000000000e+00
1.000000000000000e+00
1.000000000000000e+00
1.000000000000000e+00
1.000000000000000e+00
###4.600000000000001e+00
3.330739637412414e-10
4.418853619182934e-10
5.547106040680970e-10
6.906578586632269e-10
8.580959211351702e-10
1.064434426053598e-09
1.316828497523852e-09
1.626181540167663e-09
2.005699786262860e-09
2.471327774964471e-09
3.042352994092428e-09
3.743110478267027e-09
4.602873808138806e-09
5.657652754420580e-09
6.952010334685095e-09
8.539115410053813e-09
1.048550216185301e-08
1.287250392705591e-08
1.579940656913600e-08
1.938714206538076e-08
2.379257384048247e-08
2.917640880374246e-08
3.578142316884820e-08
4.387756880520340e-08
5.379305719008029e-08
6.593844034402894e-08
8.081686641783978e-08
9.903603061181004e-08
1.213420957596546e-07
1.486494246334459e-07
1.820752640698906e-07
2.229789096439760e-07
2.730423702118096e-07
3.342682971891208e-07
4.091768406525539e-07
5.007741692606054e-07
6.127777679911343e-07
7.497026261284029e-07
9.170772083345640e-07
1.121585113556690e-06
1.371458993554592e-06
1.676701644825205e-06
2.049489189444794e-06
2.504657750886438e-06
3.060362625938111e-06
3.738535275697279e-06
4.565979298401699e-06
5.575522218990028e-06
6.806688559149913e-06
8.307889084863849e-06
1.013773142927260e-05
1.236755289688049e-05
1.508500558896282e-05
1.839432187234635e-05
2.242383239046233e-05
2.732848231436482e-05
3.329881023099534e-05
4.055989290753733e-05
4.939037629177530e-05
6.012802178687983e-05
7.317694676024823e-05
8.902997458042918e-05
1.082760081576118e-04
1.316463512261953e-04
1.600067983261160e-04
1.944084148367408e-04
2.361121384843296e-04
2.866565265989196e-04
3.478910649307516e-04
4.219823987568206e-04
5.116592226123979e-04
6.201675152176797e-04
7.513113427442755e-04
9.096168945669825e-04
1.100868054160200e-03
1.331341883309868e-03
1.609462376555029e-03
1.944191077245268e-03
2.347378346681266e-03
2.832278569637229e-03
3.414646969321576e-03
4.113689451752143e-03
4.952192689294995e-03
5.955901618470209e-03
7.156805362354550e-03
8.592298217984769e-03
1.030577733392688e-02
1.234613449877384e-02
1.477413233120966e-02
1.765901665716147e-02
2.107958942820568e-02
2.512976425899296e-02
2.990917929025522e-02
3.554369262281897e-02
4.216962303597618e-02
4.993710265524191e-02
5.902149902922595e-02
6.961194006701371e-02
8.191686529025329e-02
9.616138318661720e-02
1.125810970170011e-01
1.314331120640508e-01
1.529627251281948e-01
1.774179925762359e-01
2.050249668688686e-01
2.359972932313554e-01
2.704734748110051e-01
3.085355533429208e-01
3.501458555014806e-01
3.951839491560895e-01
4.433555515881448e-01
4.941843777587264e-01
5.470242926362325e-01
6.010273176505230e-01
6.551773816318984e-01
7.083292253984268e-01
7.592376054180391e-01
8.066975327738322e-01
8.496146774775762e-01
8.871148893756677e-01
9.186522845475074e-01
9.440619918602876e-01
9.635659383309877e-01
9.777275326728493e-01
9.872133677657640e-01
9.931173537560608e-01
9.965696056461126e-01
9.984312589361637e-01
9.993480689348491e-01
9.997563940361007e-01
9.999190748641711e-01
9.999764074190240e-01
9.999940533990567e-01
9.999987257026995e-01
9.999997721163698e-01
9.999999666942964e-01
9.999999961108273e-01
9.999999996464403e-01
9.999999999755995e-01
9.999999999987708e-01
9.999999999999534e-01
9.999999999999994e-01
9.999999999999998e-01
1.000000000000000e+00
1.000000000000000e+00
1.000000000000000e+00
1.000000000000000e+00
1.000000000000000e+00
1.000000000000000e+00
1.000000000000000e+00
###4.800000000000002e+00
3.683728114819212e-10
4.858018353357954e-10
6.099013783107957e-10
7.593963021283985e-10
9.435015616942969e-10
1.170341965915516e-09
1.447761419002430e-09
1.787728836843493e-09
2.204738401880610e-09
2.716282509031468e-09
3.343482065633345e-09
4.113029328689939e-09
5.057029535252488e-09
6.214928481754756e-09
7.635572390377400e-09
9.377160631913095e-09
1.151257848047526e-08
1.413087285075589e-08
1.734072867166774e-08
2.127446500425079e-08
2.610399291891898e-08
3.200427695299914e-08
3.924138912782820e-08
4.811060628980361e-08
5.897009344812114e-08
7.226880364741931e-08
8.855617938455667e-08
1.084958059751189e-07
1.329022666666833e-07
1.627733126492700e-07
1.993280405288203e-07
2.440489151740156e-07
2.987695986667958e-07
3.656731758000019e-07
4.475051541788276e-07
5.475404533311522e-07
6.698267912446410e-07
8.192769813965387e-07
1.001907462078965e-06
1.224990057677393e-06
1.497473906759726e-06
1.830227119258988e-06
2.236480330986537e-06
2.732345935558248e-06
3.337522998358835e-06
4.075822692669928e-06
4.976296717220898e-06
6.074544101432348e-06
7.413379248947847e-06
9.045231404505611e-06
1.103364138371306e-05
1.345560297514769e-05
1.640588033956372e-05
1.999729476622242e-05
2.436840288405205e-05
2.968665677235235e-05
3.615715268880539e-05
4.402258384499914e-05
5.358378641625046e-05
6.520418284813815e-05
7.931837816855826e-05
9.645575206894019e-05
1.172501926652935e-04
1.424867527709922e-04
1.730925963436875e-04
2.101961175034724e-04
2.551460028816737e-04
3.095911094171022e-04
3.755067458559915e-04
4.552077319907297e-04
5.516042776174583e-04
6.681557169897350e-04
8.089185115668033e-04
9.787002351088520e-04
1.183648839102304e-03
1.430419517599221e-03
1.727940392873720e-03
2.085715909046892e-03
2.516256173817234e-03
3.033551990084314e-03
3.654206630725698e-03
4.398406343180548e-03
5.290217968404579e-03
6.356489981003372e-03
7.630794664321826e-03
9.152227736586508e-03
1.096606186108587e-02
1.312317967738609e-02
1.568665323292150e-02
1.872835553359641e-02
2.232970814537088e-02
2.658760316951668e-02
3.160431596962416e-02
3.750913794763787e-02
4.444111962108106e-02
5.255315925544313e-02
6.202317479037162e-02
7.304208371813414e-02
8.581914791688210e-02
1.005793527086216e-01
1.175562851095098e-01
1.370034974688702e-01
1.591595885143700e-01
1.842636337711586e-01
2.125282869088910e-01
2.441515704892643e-01
2.792518107702973e-01
3.178862097990972e-01
3.599901734217477e-01
4.054153223295052e-01
4.538358209699090e-01
5.047489145387440e-01
5.574870150764500e-01
6.111861119441249e-01
6.648273089647576e-01
7.172763167940137e-01
7.673153647325005e-01
8.137760145420619e-01
8.556196923800020e-01
8.920289609774158e-01
9.225156130966385e-01
9.469653352820052e-01
9.656381823960534e-01
9.791206729889393e-01
9.880868432789280e-01
9.936264712720508e-01
9.968438596850303e-01
9.985666490816973e-01
9.994087149287373e-01
9.997807890531308e-01
9.999277870558886e-01
9.999791343824311e-01
9.999947902897031e-01
9.999988947459794e-01
9.999998044235647e-01
9.999999717322734e-01
9.999999967373063e-01
9.999999997069878e-01
9.999999999800278e-01
9.999999999990078e-01
9.999999999999626e-01
9.999999999999997e-01
9.999999999999998e-01
1.000000000000000e+00
1.000000000000000e+00
1.000000000000000e+00
1.000000000000000e+00
1.000000000000000e+00
1.000000000000000e+00
1.000000000000000e+00
###5.000000000000002e+00
4.067292225230972e-10
5.335864207411621e-10
6.699520339990178e-10
8.341818413032782e-10
1.036412561776201e-09
1.285544408574092e-09
1.590167290198828e-09
1.963406060926983e-09
2.421151761850894e-09
2.982574751543687e-09
3.670782398090614e-09
4.515019971294135e-09
5.550461501530490e-09
6.820272839448162e-09
8.377937446910980e-09
1.028709698000938e-08
1.262750821056122e-08
1.549656095062138e-08
1.901310192632274e-08
2.332174573879758e-08
2.861070557277969e-08
3.507028855117444e-08
4.299175858926836e-08
5.269771350132166e-08
6.457865210069597e-08
7.912493649248667e-08
9.693594117999917e-08
1.187354920606104e-07
1.454118864538576e-07
1.780527081215495e-07
2.179867053709431e-07
2.668289029717541e-07
3.265761531202328e-07
3.996055092859663e-07
4.889048086507432e-07
5.980376733202101e-07
7.314065223018380e-07
8.943525192913343e-07
1.093412096838773e-06
1.336490898060213e-06
1.633306738810169e-06
1.995653451537387e-06
2.437891461399022e-06
2.977499241338675e-06
3.635823380640717e-06
4.438698499870664e-06
5.417565568076341e-06
6.610988382238335e-06
8.065293772236016e-06
9.837199097830608e-06
1.199548232760447e-05
1.462321814328552e-05
1.782271690243753e-05
2.171592622734665e-05
2.645229194869795e-05
3.221255728015418e-05
3.921728851736592e-05
4.772806401595020e-05
5.806868777366888e-05
7.062978992884284e-05
8.587942981497304e-05
1.043847454795591e-04
1.268270892702663e-04
1.540484727966632e-04
1.870409157334856e-04
2.270155538438448e-04
2.754099753245326e-04
3.339908555987787e-04
4.048687442628691e-04
4.905105070721330e-04
5.940179808795652e-04
7.190743169851564e-04
8.699991953209755e-04
1.051895309330468e-03
1.271290517337669e-03
1.535233848560925e-03
1.853179824188712e-03
2.235194656764800e-03
2.694476122720692e-03
3.245777519673131e-03
3.906579057289217e-03
4.698083048969282e-03
5.645667679602766e-03
6.777326168073610e-03
8.128252088256717e-03
9.739285428717907e-03
1.165761500166775e-02
1.393614626416833e-02
1.664030695846631e-02
1.984462256032962e-02
2.363315659292456e-02
2.810579290374429e-02
3.336742699295847e-02
3.955075718615370e-02
4.679752915273443e-02
5.526329511495343e-02
6.512840665128684e-02
7.658532395080223e-02
8.984413858756936e-02
1.051292102578892e-01
1.226718581138013e-01
1.427217100820890e-01
1.655102643649134e-01
1.912676122681978e-01
2.201912722625314e-01
2.524645767193933e-01
2.881865450775313e-01
3.273844103565918e-01
3.699717683656719e-01
4.157707234457498e-01
4.644243426208274e-01
5.154042895165736e-01
5.680220869429632e-01
6.213990201812458e-01
6.745142395512760e-01
7.262451407795515e-01
7.754015796143485e-01
8.208527414034383e-01
8.616146133636660e-01
8.969266380476749e-01
9.263580547940352e-01
9.498451344800953e-01
9.676863005749869e-01
9.804912248737782e-01
9.889424855634924e-01
9.941233619742803e-01
9.971104808070964e-01
9.986976992438146e-01
9.994671416009088e-01
9.998041702160636e-01
9.999360902169638e-01
9.999817174086721e-01
9.999954836306233e-01
9.999990526705198e-01
9.999998343757892e-01
9.999999763649073e-01
9.999999973084198e-01
9.999999997616764e-01
9.999999999839904e-01
9.999999999992174e-01
9.999999999999707e-01
9.999999999999998e-01
9.999999999999999e-01
1.000000000000000e+00
1.000000000000000e+00
1.000000000000000e+00
1.000000000000000e+00
1.000000000000000e+00
1.000000000000000e+00
1.000000000000000e+00
###5.200000000000002e+00
4.483770032673474e-10
5.855337544643798e-10
7.352329433092319e-10
9.154750191152272e-10
1.137399888610119e-09
1.410747924819294e-09
1.744916068513976e-09
2.154282309528274e-09
2.656249564628448e-09
3.271810754149929e-09
4.026218425719083e-09
4.951482478579371e-09
6.086099611135348e-09
7.477259774448708e-09
9.183462639543221e-09
1.127423251324445e-08
1.383675430118728e-08
1.697743353491779e-08
2.082609391464189e-08
2.554062931986687e-08
3.132685415661808e-08
3.839161951093848e-08
4.705338757494472e-08
5.766420909324611e-08
7.064945324726123e-08
8.654409932111829e-08
1.060013299610612e-07
1.298098459742028e-07
1.589372948159032e-07
1.945679517082707e-07
2.381485189731217e-07
2.914365657977730e-07
3.566044012163624e-07
4.362374241469756e-07
5.335845422584407e-07
6.525171328041952e-07
7.978204292471491e-07
9.752945476101267e-07
1.192038072884652e-06
1.456620855242720e-06
1.779599420235979e-06
2.173753828593963e-06
2.654653363417240e-06
3.241237577747134e-06
3.956625971493554e-06
4.828781052243169e-06
5.891729410182992e-06
7.187187835302510e-06
8.765230150412793e-06
1.068714561926335e-05
1.302722887301816e-05
1.587519216565793e-05
1.934126634269379e-05
2.355708949931486e-05
2.868370705751883e-05
3.491594870540835e-05
4.249085677274123e-05
5.169000497374346e-05
6.286183373518948e-05
7.642496757714576e-05
9.288303101534665e-05
1.128451955151678e-04
1.370395127769877e-04
1.663703472711498e-04
2.018976610021960e-04
2.449194531251099e-04
2.969692656331672e-04
3.599340378368037e-04
4.360653292729774e-04
5.279944286918444e-04
6.390218262724521e-04
7.730654032318576e-04
9.347195749497891e-04
1.129395415348879e-03
1.364014708456363e-03
1.646045666012400e-03
1.985482533986188e-03
2.392975965303618e-03
2.882439800601591e-03
3.469416491078481e-03
4.172292619661941e-03
5.013322508530722e-03
6.019228265998404e-03
7.219188158928282e-03
8.650056055167511e-03
1.035445895880677e-02
1.238154213479159e-02
1.478626531256324e-02
1.763645635648944e-02
2.100931781488856e-02
2.499157469500956e-02
2.968611294678947e-02
3.520042657892519e-02
4.167059108900797e-02
4.924099344480878e-02
5.806974776261349e-02
6.833948805404917e-02
8.024404898132975e-02
9.399410815097370e-02
1.098131255785683e-01
1.279298069527695e-01
1.485894714343331e-01
1.720160990717905e-01
1.984302426456923e-01
2.280141449232322e-01
2.609357567048678e-01
2.972741866471009e-01
3.370275621684350e-01
3.800867307154781e-01
4.262446113806050e-01
4.751140356472880e-01
5.261415556040202e-01
5.786185804169625e-01
6.316530178101901e-01
6.842230548492446e-01
7.352186396839466e-01
7.834776797014246e-01
8.279080609241407e-01
8.675795609358763e-01
9.017888448977260e-01
9.301622736440109e-01
9.526866255172026e-01
9.696985928278742e-01
9.818306538424537e-01
9.897743981951724e-01
9.946042385127818e-01
9.973672152245937e-01
9.988231925391869e-01
9.995227550331400e-01
9.998262792582640e-01
9.999438855261604e-01
9.999841234976026e-01
9.999961240400916e-01
9.999991972027952e-01
9.999998615195861e-01
9.999999805190444e-01
9.999999978148176e-01
9.999999998095893e-01
9.999999999874190e-01
9.999999999993964e-01
9.999999999999776e-01
9.999999999999999e-01
9.999999999999999e-01
1.000000000000000e+00
1.000000000000000e+00
1.000000000000000e+00
1.000000000000000e+00
1.000000000000000e+00
1.000000000000000e+00
1.000000000000000e+00
###5.400000000000002e+00
4.935652693368094e-10
6.419578510361691e-10
8.061388582745038e-10
1.003766647290736e-09
1.247071969081020e-09
1.546704848084001e-09
1.912934573453502e-09
2.361496345638545e-09
2.911419832545077e-09
3.585700816440442e-09
4.411881497320433e-09
5.424971448826583e-09
6.667061737015361e-09
8.189691668171748e-09
1.005678249966042e-08
1.234421185171665e-08
1.514718776039506e-08
1.858185036170164e-08
2.278987101350796e-08
2.794347305659595e-08
3.426745839935747e-08
4.198650550501642e-08
5.144841261150452e-08
6.303695846308315e-08
7.721508407766332e-08
9.456580527706093e-08
1.158002406678678e-07
1.417768997021878e-07
1.735487765194642e-07
2.124041353444453e-07
2.599164599314668e-07
3.179964775424671e-07
3.890049908375850e-07
4.757510070086854e-07
5.817671731191665e-07
7.112444881286840e-07
8.693891331978583e-07
1.062489679435034e-06
1.298247868120112e-06
1.585942156675896e-06
1.937029200733917e-06
2.365343664265134e-06
2.887747265822984e-06
3.524741099005626e-06
4.301340762704045e-06
5.247774356915896e-06
6.400833761934246e-06
7.805596553452974e-06
9.516130612938352e-06
1.159859587151299e-05
1.413315993778616e-05
1.721652040742882e-05
2.096756432684716e-05
2.552799509370486e-05
3.107125353409131e-05
3.780691905359342e-05
4.598986479238502e-05
5.592268639929286e-05
6.798024239269109e-05
8.261028204199609e-05
1.003541786695495e-04
1.218655540077300e-04
1.479217350826957e-04
1.794929096845251e-04
2.177109362320388e-04
2.639639529923786e-04
3.198885740953414e-04
3.874973031964836e-04
4.691880552762592e-04
5.677671776688420e-04
6.867411938474264e-04
8.302765007703398e-04
1.003251770980127e-03
1.211400850656012e-03
1.462042200407275e-03
1.763143895255567e-03
2.125160873111179e-03
2.559420184217567e-03
3.080561948343994e-03
3.704944879178472e-03
4.451891926777290e-03
5.344745590620799e-03
6.411605769457937e-03
7.682875247729889e-03
9.197107941964308e-03
1.099876046365295e-02
1.313897441017832e-02
1.567479457735639e-02
1.867649148525685e-02
2.222396839987254e-02
2.640662834742288e-02
3.133036656899773e-02
3.710524913792894e-02
4.387069481248753e-02
5.177363980679628e-02
6.097475151411701e-02
7.165869706912419e-02
8.402053475589603e-02
9.827127519570562e-02
1.146331902149132e-01
1.333320137529652e-01
1.546083580699794e-01
1.786782504419595e-01
2.057521555644247e-01
2.359968388923772e-01
2.695642105222714e-01
3.065129052347948e-01
3.468126245648387e-01
3.903306915600157e-01
4.368311442085808e-01
4.858973843408304e-01
5.369513924615757e-01
5.892653070984024e-01
6.419349991983901e-01
6.939388002005058e-01
7.441799873231703e-01
7.915258918203917e-01
8.349234877994645e-01
8.734960803177659e-01
9.065982128778498e-01
9.339127523933198e-01
9.554768241631367e-01
9.716649752607428e-01
9.831317761245359e-01
9.905777813567720e-01
9.950660640217681e-01
9.976123025759690e-01
9.989422061997176e-01
9.995751197770782e-01
9.998469337726289e-01
9.999511063484382e-01
9.999863315271256e-01
9.999967058419457e-01
9.999993270767707e-01
9.999998856252303e-01
9.999999841618874e-01
9.999999982528978e-01
9.999999998504505e-01
9.999999999902973e-01
9.999999999995446e-01
9.999999999999831e-01
1.000000000000000e+00
9.999999999999999e-01
1.000000000000000e+00
1.000000000000000e+00
1.000000000000000e+00
1.000000000000000e+00
1.000000000000000e+00
1.000000000000000e+00
1.000000000000000e+00
###5.600000000000002e+00
5.425593666117238e-10
7.031931209834638e-10
8.830902453854068e-10
1.099578953770300e-09
1.366076811614484e-09
1.694216405770987e-09
2.095209678829951e-09
2.586260559546233e-09
3.188158704651819e-09
3.926065154064617e-09
4.829996907108771e-09
5.938204514580415e-09
7.296664014518362e-09
8.961611735177260e-09
1.100282393164217e-08
1.350303416781319e-08
1.656610942404780e-08
2.031869184841234e-08
2.491522993329775e-08
3.054339688875709e-08
3.744846231194171e-08
4.587429684166149e-08
5.620031874799716e-08
6.884445263340440e-08
8.431009339023712e-08
1.032319333650139e-07
1.263834203912450e-07
1.546981218699382e-07
1.893207551561757e-07
2.316513323180824e-07
2.833995099646376e-07
3.466404154129566e-07
4.239371930595672e-07
5.183387326388056e-07
6.336817405489812e-07
7.745003536410039e-07
9.464512042055873e-07
1.156346247229629e-06
1.412532715915848e-06
1.725047825671105e-06
2.106310192878956e-06
2.571282443379340e-06
3.138207032829341e-06
3.829252711147356e-06
4.671459029831508e-06
5.697471592037761e-06
6.947030441945485e-06
8.468795108079375e-06
1.032108775738632e-05
1.257525349764965e-05
1.531770314913042e-05
1.865257700326187e-05
2.270794387441423e-05
2.763620434043807e-05
3.362395057750983e-05
4.089637234249688e-05
4.972730679193421e-05
6.044158150676796e-05
7.344167210641602e-05
8.920723262407788e-05
1.083183772900978e-04
1.314757907812568e-04
1.595095242455836e-04
1.934587337425500e-04
2.345314830948703e-04
2.842065865724838e-04
3.442367094012075e-04
4.167588198700594e-04
5.043331019497165e-04
6.099402953987559e-04
7.373079708608442e-04
8.908607616834614e-04
1.075774364682207e-03
1.298119367439794e-03
1.565630010527215e-03
1.886792201411619e-03
2.272538007370959e-03
2.734899694143706e-03
3.289265318940009e-03
3.952853546002225e-03
4.745938062795568e-03
5.692991270362133e-03
6.823525927511252e-03
8.169207970444715e-03
9.770331774766295e-03
1.167322521749214e-02
1.393087855091577e-02
1.660301618389920e-02
1.976182829902953e-02
2.349012704528516e-02
2.788000796506717e-02
3.304037917733910e-02
3.908384739814304e-02
4.615313628499207e-02
5.439767235703859e-02
6.398053947073851e-02
7.508829215810403e-02
8.791702034219401e-02
1.026777999466899e-01
1.195914115819051e-01
1.388802459896490e-01
1.607797964397582e-01
1.854976865888631e-01
2.132337456889235e-01
2.441390081281617e-01
2.783487117780896e-01
3.159004897003330e-01
3.567361480312429e-01
4.006988484242588e-01
4.475240393458441e-01
4.967664633823080e-01
5.478241405755468e-01
5.999508543536013e-01
6.522318093767374e-01
7.036466963329108e-01
7.531123309440433e-01
7.995292018199277e-01
8.418816616307150e-01
8.793473918305464e-01
9.113389986563479e-01
9.375956829192442e-01
9.582044107543393e-01
9.735768617176890e-01
9.843886486852659e-01
9.913487875282615e-01
9.955064837378550e-01
9.978444311739394e-01
9.990540807794234e-01
9.996239407879737e-01
9.998660186813578e-01
9.999577133337971e-01
9.999883304900169e-01
9.999972265310623e-01
9.999994418586766e-01
9.999999066438485e-01
9.999999872925137e-01
9.999999986235519e-01
9.999999998844573e-01
9.999999999926499e-01
9.999999999996637e-01
9.999999999999873e-01
1.000000000000000e+00
9.999999999999999e-01
1.000000000000000e+00
1.000000000000000e+00
1.000000000000000e+00
1.000000000000000e+00
1.000000000000000e+00
1.000000000000000e+00
1.000000000000000e+00
###5.800000000000002e+00
5.956417581973521e-10
7.695956615021059e-10
9.665348110827512e-10
1.203468910959945e-09
1.495104258684230e-09
1.854135380354097e-09
2.292791722115851e-09
2.829865098947873e-09
3.488047864158606e-09
4.294840055913575e-09
5.282931373346488e-09
6.494071402359144e-09
7.978431776917584e-09
9.797317310086280e-09
1.202682229005630e-08
1.475707282661438e-08
1.810127337924142e-08
2.219738734737190e-08
2.721363175714253e-08
3.335432439228639e-08
4.088678272532220e-08
5.007551781937295e-08
6.133401533787520e-08
7.511689398639495e-08
9.197109441641881e-08
1.125868517996966e-07
1.378046162540351e-07
1.686385949656409e-07
2.063320051409851e-07
2.524048513104452e-07
3.087129287287205e-07
3.775077251793046e-07
4.615694122558149e-07
5.642039860042201e-07
6.895738158434757e-07
8.425810446853523e-07
1.029364054566369e-06
1.257295148482104e-06
1.535411874443697e-06
1.874563206885061e-06
2.288195182427927e-06
2.792475819656391e-06
3.407121647844180e-06
4.156081042196273e-06
5.068552545099927e-06
6.179758403914096e-06
7.532582360483826e-06
9.179496191145834e-06
1.118335115735352e-05
1.362100837781447e-05
1.658549411810859e-05
2.018892376385305e-05
2.456904839437850e-05
2.988964543936049e-05
3.635125183849248e-05
4.419560703537533e-05
5.371663345097087e-05
6.526268522459989e-05
7.926536712946697e-05
9.623828961439853e-05
1.168022639214846e-04
1.417069300008561e-04
1.718403336906391e-04
2.083113170861448e-04
2.524098587711437e-04
3.057104785889677e-04
3.700840932715375e-04
4.478056301338179e-04
5.415998438866923e-04
6.546309426412018e-04
7.908584741140278e-04
9.549782518096058e-04
1.152472507242016e-03
1.389766236496177e-03
1.675027772609768e-03
2.017275950414346e-03
2.427947673685718e-03
2.919798930682937e-03
3.508996463897218e-03
4.213648353476857e-03
5.055008695449521e-03
6.058716739535911e-03
7.255734271842273e-03
8.679028196859470e-03
1.037067428948085e-02
1.237891204085447e-02
1.475859758134155e-02
1.757223706794766e-02
2.089390823675907e-02
2.480937142114978e-02
2.941342740904051e-02
3.481799684715375e-02
4.113819049453564e-02
4.851999383831460e-02
5.711528067272648e-02
6.708934629276943e-02
7.863050800668006e-02
9.193570262876753e-02
1.072157780679183e-01
1.246897058975905e-01
1.445761486548174e-01
1.671050546002566e-01
1.924751773880708e-01
2.208751639566699e-01
2.524400195348733e-01
2.872877025603263e-01
3.254343476552899e-01
3.667942765521391e-01
4.111859735412745e-01
4.583165893294930e-01
5.077129603736964e-01
5.587498308807625e-01
6.106636238228229e-01
6.625302871282694e-01
7.133322051155858e-01
7.620013172762441e-01
8.074714345712446e-01
8.487663531927606e-01
8.851179720048227e-01
9.159970221662550e-01
9.411988825912361e-01
9.608596291937055e-01
9.754270583918055e-01
9.855964726313621e-01
9.920844365989910e-01
9.959237569114339e-01
9.980626832195226e-01
9.991583885203212e-01
9.996690449779694e-01
9.998834750551204e-01
9.999636909680477e-01
9.999901177541025e-01
9.999976861136071e-01
9.999995417679659e-01
9.999999246653222e-01
9.999999899335805e-01
9.999999989308442e-01
9.999999999121320e-01
9.999999999945269e-01
9.999999999997569e-01
9.999999999999907e-01
1.000000000000000e+00
9.999999999999999e-01
1.000000000000000e+00
1.000000000000000e+00
1.000000000000000e+00
1.000000000000000e+00
1.000000000000000e+00
1.000000000000000e+00
1.000000000000000e+00
###6.000000000000003e+00
6.531130159685253e-10
8.415444589140424e-10
1.056949007179048e-09
1.316028904159240e-09
1.634888356656984e-09
2.027369248385910e-09
2.506798090690912e-09
3.093682240050085e-09
3.812772236052330e-09
4.694084398790566e-09
5.773200965759529e-09
7.095643584165302e-09
8.716111262825826e-09
1.070137398596145e-08
1.313433849504482e-08
1.611309601371001e-08
1.976091191281756e-08
2.422794518289792e-08
2.969723821640896e-08
3.639102647401989e-08
4.460035933773512e-08
5.461193014306332e-08
6.687588635317427e-08
8.188628770048222e-08
1.002368747986595e-07
1.226775500703986e-07
1.501207339448134e-07
1.836672055261786e-07
2.246658797832986e-07
2.747655097257366e-07
3.359786061237662e-07
4.107457134912972e-07
5.020796040893597e-07
6.135616388366448e-07
7.497027441122386e-07
9.157993915977817e-07
1.118504885565054e-06
1.365790981866868e-06
1.667432969675230e-06
2.035147573297992e-06
2.483477491597812e-06
3.029877883258295e-06
3.695637905838983e-06
4.506603759436154e-06
5.494275235006008e-06
6.696615526682464e-06
8.159868837465738e-06
9.940550923989613e-06
1.210633484393890e-05
1.473994564270223e-05
1.794143937526635e-05
2.183139673957439e-05
2.655784570726749e-05
3.229663010880567e-05
3.926306387004523e-05
4.771641989493168e-05
5.797187993671735e-05
7.040267877474876e-05
8.547120731519143e-05
1.037269494073725e-04
1.258336775953894e-04
1.525926639133823e-04
1.849536463610427e-04
2.240978336760496e-04
2.713992521473563e-04
3.285394748062197e-04
3.975081759197627e-04
4.807279557805837e-04
5.810917053062987e-04
7.019601684795986e-04
8.475341829383595e-04
1.022798172027640e-03
1.233538331673304e-03
1.486564610091897e-03
1.790494073522551e-03
2.154894457457766e-03
2.591735154658258e-03
3.114548792458095e-03
3.740212633807484e-03
4.487851117561952e-03
5.379699012517585e-03
6.442598407317458e-03
7.708997262047578e-03
9.213200548143622e-03
1.099910677241906e-02
1.311690730995843e-02
1.562337681425369e-02
1.858379455067640e-02
2.207420087039743e-02
2.618330614985888e-02
3.100862516599836e-02
3.666508684148706e-02
4.327030917380473e-02
5.097335641293280e-02
5.992860372186715e-02
7.030335730539210e-02
8.228755122278870e-02
9.607873161894460e-02
1.118872352104938e-01
1.299298919233177e-01
1.504212374223862e-01
1.735852348964334e-01
1.996112871309147e-01
2.286763109168219e-01
2.608989471966283e-01
2.963792895337199e-01
3.351115061027573e-01
3.769827511977550e-01
4.217864229473618e-01
4.692014617389532e-01
5.187281977469195e-01
5.697182120383821e-01
6.213918553764427e-01
6.728172960602169e-01
7.229810495499274e-01
7.708318176684535e-01
8.153372376413610e-01
8.555624339151617e-01
8.907935834780840e-01
9.205595864380636e-01
9.447116977737009e-01
9.634341813355478e-01
9.772096569124946e-01
9.867514908624488e-01
9.927825308285383e-01
9.963166894107568e-01
9.982664892610005e-01
9.992549053862023e-01
9.997103629459684e-01
9.998992922402427e-01
9.999690429465492e-01
9.999916973259034e-01
9.999980865926064e-01
9.999996275098760e-01
9.999999398779997e-01
9.999999921236586e-01
9.999999991808498e-01
9.999999999341904e-01
9.999999999959917e-01
9.999999999998278e-01
9.999999999999931e-01
1.000000000000000e+00
9.999999999999999e-01
1.000000000000000e+00
1.000000000000000e+00
1.000000000000000e+00
1.000000000000000e+00
1.000000000000000e+00
1.000000000000000e+00
1.000000000000000e+00
###6.200000000000003e+00
7.152928195453814e-10
9.194426284757050e-10
1.154839628288374e-09
1.437888907349139e-09
1.786209812077130e-09
2.214883032541578e-09
2.738416933524061e-09
3.379171042335497e-09
4.164131343701264e-09
5.125986396435968e-09
6.303479253587420e-09
7.746184084488360e-09
9.513681507800258e-09
1.167862998749041e-08
1.433127630295557e-08
1.757828705336312e-08
2.155376070042024e-08
2.642098304131067e-08
3.237894820746316e-08
3.966916525358083e-08
4.860820929503289e-08
5.950659601856152e-08
7.285389597030905e-08
8.918653284580754e-08
1.091485057304072e-07
1.335537696282501e-07
1.633919940985984e-07
1.998568311404064e-07
2.444105346812233e-07
2.988399005194718e-07
3.653253764413081e-07
4.465100273363128e-07
5.456557331083180e-07
6.666385559839279e-07
8.143422842781659e-07
9.944855003512479e-07
1.214271584927327e-06
1.482313120143277e-06
1.809173266286398e-06
2.207495631114461e-06
2.692992776216894e-06
3.284493268274223e-06
4.004962892401731e-06
4.882270396014976e-06
5.950376626460201e-06
7.250133882243329e-06
8.831390410636951e-06
1.075495440817005e-05
1.309362378384588e-05
1.593635320853904e-05
1.939066377198251e-05
2.358611635858978e-05
2.868163978015247e-05
3.486586708555260e-05
4.236976163722231e-05
5.147115967595554e-05
6.250773109061149e-05
7.587900710682580e-05
9.207989724439454e-05
1.116977595445284e-04
1.354416899685014e-04
1.641673812647630e-04
1.988884912226196e-04
2.408652312007803e-04
2.915576556601878e-04
3.527600805688923e-04
4.265871295861452e-04
5.156163315122857e-04
6.229161785527071e-04
7.520536840971731e-04
9.074818667427273e-04
1.094478730645835e-03
1.319170860912889e-03
1.588745564820248e-03
1.912297182421473e-03
2.299957227382897e-03
2.764257298818670e-03
3.319531464662304e-03
3.983384403570944e-03
4.775999540919403e-03
5.720621660129301e-03
6.845331759989442e-03
8.184102016788817e-03
9.772611853055885e-03
1.165662413056659e-02
1.388832221727015e-02
1.652644880773844e-02
1.963905203333231e-02
2.330420167094644e-02
2.761356082000379e-02
3.266736279385973e-02
3.858353795053893e-02
4.548236983656466e-02
5.351532687141319e-02
6.283979731856884e-02
7.362476416595537e-02
8.606159587475130e-02
1.003482048980737e-01
1.166941204974794e-01
1.353136835700411e-01
1.564168904378873e-01
1.802212652672490e-01
2.069063655124628e-01
2.366368282917906e-01
2.695145644103163e-01
3.056212372625627e-01
3.449286075998335e-01
3.872969069592402e-01
4.324941265248495e-01
4.801704161341734e-01
5.298031204567825e-01
5.807187612121629e-01
6.321236540909519e-01
6.830797447476749e-01
7.325792228900702e-01
7.795892477944769e-01
8.231120557604661e-01
8.622558424390422e-01
8.963612697774326e-01
9.250154038362186e-01
9.481249133481015e-01
9.659211287704150e-01
9.789199334838680e-01
9.878508919520232e-01
9.934415726387968e-01
9.966845687516350e-01
9.984555815807665e-01
9.993435703118925e-01
9.997479114395645e-01
9.999134976850690e-01
9.999737879417535e-01
9.999930782491868e-01
9.999984314004435e-01
9.999997001241436e-01
9.999999525334761e-01
9.999999939107936e-01
9.999999993806908e-01
9.999999999514347e-01
9.999999999971109e-01
9.999999999998804e-01
9.999999999999950e-01
1.000000000000000e+00
9.999999999999999e-01
1.000000000000000e+00
1.000000000000000e+00
1.000000000000000e+00
1.000000000000000e+00
1.000000000000000e+00
1.000000000000000e+00
1.000000000000000e+00
###6.400000000000003e+00
7.825209907052865e-10
1.003718735165456e-09
1.260745470724464e-09
1.569718635978286e-09
1.949898501041009e-09
2.417702416040821e-09
2.988910940593776e-09
3.687881819715081e-09
4.544011592074043e-09
5.592870391296287e-09
6.876605609959633e-09
8.449157593450161e-09
1.037536657554247e-08
1.273423097434067e-08
1.562390021066955e-08
1.916026669644159e-08
2.348908482323017e-08
2.878775927559231e-08
3.527243545816773e-08
4.320533936485351e-08
5.293048286044422e-08
6.478394354760165e-08
7.929765640989237e-08
9.705351621400726e-08
1.187494542440524e-07
1.452681382237951e-07
1.776820928990225e-07
2.172845323252314e-07
2.656591568135731e-07
3.247406654077968e-07
3.968893419455678e-07
4.849650414730208e-07
5.924962458183670e-07
7.236739924060905e-07
8.837812603562301e-07
1.078987526835018e-06
1.317083675415954e-06
1.607366799706730e-06
1.961240965200991e-06
2.392342921717196e-06
2.917620834948764e-06
3.557379267247318e-06
4.336366456026970e-06
5.284605312079823e-06
6.438677593884399e-06
7.842505731809338e-06
9.549773515667635e-06
1.162585125636394e-05
1.414898023144838e-05
1.721472908182761e-05
2.093854090702914e-05
2.545949719903859e-05
3.094808214983719e-05
3.760647527209871e-05
4.568220352773570e-05
5.547274411870310e-05
6.733954081039309e-05
8.170990057376084e-05
9.911306206379147e-05
1.201763446506889e-04
1.456566302014918e-04
1.764669333055817e-04
2.136879773608930e-04
2.586624251343972e-04
3.129438749204094e-04
3.784414813901212e-04
4.574022067803321e-04
5.525640946779175e-04
6.671848467803980e-04
8.050419214751738e-04
9.708536724521918e-04
1.170203458411298e-03
1.409576107259251e-03
1.696546481963724e-03
2.040716366407503e-03
2.452781925447447e-03
2.945882108019543e-03
3.535163254080122e-03
4.238996097444549e-03
5.078646920083038e-03
6.078406475508448e-03
7.267631111661711e-03
8.681827741327412e-03
1.035817077834814e-02
1.234424439544638e-02
1.469429204773354e-02
1.746907101822104e-02
2.073939764257321e-02
2.458543024602062e-02
2.910178743824127e-02
3.439142132635694e-02
4.057525271100842e-02
4.777615163946843e-02
5.614799323523624e-02
6.585101257994147e-02
7.705573492035221e-02
8.995477588477176e-02
1.047461594206894e-01
1.216382978363611e-01
1.408426808055770e-01
1.625643390148713e-01
1.870138900896164e-01
2.143605390991591e-01
2.447560920940812e-01
2.782853390566143e-01
3.150109675604849e-01
3.548819169783766e-01
3.977316878813827e-01
4.433026322429738e-01
4.912166867592168e-01
5.409283817472298e-01
5.917407417320943e-01
6.428470436602242e-01
6.933046380263165e-01
7.421130330429732e-01
7.882595961420835e-01
8.307821462588163e-01
8.688335747357512e-01
9.018093200573150e-01
9.293545371896282e-01
9.514306737897252e-01
9.683147961616135e-01
9.805542505677100e-01
9.888927200005065e-01
9.940606862649171e-01
9.970271027177521e-01
9.986299499238606e-01
9.994244687489604e-01
9.997817768705098e-01
9.999261488960770e-01
9.999779557578343e-01
9.999942731624878e-01
9.999987249197410e-01
9.999997608550563e-01
9.999999629173777e-01
9.999999953471479e-01
9.999999995378007e-01
9.999999999646705e-01
9.999999999979496e-01
9.999999999999185e-01
9.999999999999963e-01
1.000000000000000e+00
9.999999999999999e-01
1.000000000000000e+00
1.000000000000000e+00
1.000000000000000e+00
1.000000000000000e+00
1.000000000000000e+00
1.000000000000000e+00
1.000000000000000e+00
###6.600000000000003e+00
8.551586224517698e-10
1.094828176077200e-09
1.375239092793690e-09
1.712229735743458e-09
2.126836185098959e-09
2.636917101235751e-09
3.259621441848160e-09
4.021461189506390e-09
4.954430439344383e-09
6.097204278913212e-09
7.495594244935931e-09
9.208241399631853e-09
1.130564878688359e-08
1.387363601200637e-08
1.701885481816184e-08
2.086711618771737e-08
2.557670687291663e-08
3.134020675856275e-08
3.839218930530423e-08
4.701713299107707e-08
5.758852053142238e-08
7.046983755702259e-08
8.623851297379018e-08
1.055252143629328e-07
1.290857055892722e-07
1.578763165600046e-07
1.930583777122260e-07
2.360317627322774e-07
2.885102159552535e-07
3.525867954059714e-07
4.308142330280659e-07
5.262842868147900e-07
6.428105725481135e-07
7.849207214498422e-07
9.583242881772497e-07
1.169672541266532e-06
1.427383308582416e-06
1.741484354361615e-06
2.124276654401018e-06
2.590456770642705e-06
3.158287644449643e-06
3.849648241407473e-06
4.691184150614347e-06
5.715210987090284e-06
6.961097910935176e-06
8.476033927353795e-06
1.031777603257485e-05
1.255654213036068e-05
1.527635154836475e-05
1.857979062667708e-05
2.259070402202025e-05
2.745826093332589e-05
3.336518703912592e-05
4.052800153413332e-05
4.921175230006498e-05
5.973468476047095e-05
7.248336108838591e-05
8.791440925248005e-05
1.065932882458337e-04
1.291894554789305e-04
1.565101449571694e-04
1.895287153046304e-04
2.293964151403318e-04
2.775426100589811e-04
3.356191408903237e-04
4.056556617953012e-04
4.900378892827426e-04
5.916725008686957e-04
7.140135790130392e-04
8.610602436290225e-04
1.037807442453466e-03
1.250157529418228e-03
1.504972638888222e-03
1.810216272299523e-03
2.176034270722894e-03
2.613691025448877e-03
3.136989127651371e-03
3.761880150903226e-03
4.507546343138140e-03
5.396362196536342e-03
6.453700244360148e-03
7.710228057667454e-03
9.202895023999968e-03
1.097080518034863e-02
1.306300745928366e-02
1.553597495735439e-02
1.845252462415100e-02
2.188624297222799e-02
2.591942889616173e-02
3.064965875569635e-02
3.618259928314507e-02
4.264214540856136e-02
5.015367183210485e-02
5.887344706570408e-02
6.896438384696461e-02
8.059840918554337e-02
9.396917930950319e-02
1.092745650037350e-01
1.267215386091232e-01
1.465183616988574e-01
1.688646591529054e-01
1.939636615796811e-01
2.219737029896609e-01
2.530332053595679e-01
2.872094277837783e-01
3.245455560600806e-01
3.649673222046398e-01
4.082816514029460e-01
4.542051121385461e-01
5.023320017146932e-01
5.520943571818892e-01
6.027732300849676e-01
6.535499984106469e-01
7.034791107755567e-01
7.515691330479506e-01
7.968294429162941e-01
8.383345864823434e-01
8.752836691335520e-01
9.071272292104955e-01
9.335680996674074e-01
9.546223979900045e-01
9.706106839133245e-01
9.821099639010604e-01
9.898757863595303e-01
9.946395431684678e-01
9.973443591836945e-01
9.987897999925721e-01
9.994978008517391e-01
9.998121004460285e-01
9.999373260048281e-01
9.999815840400131e-01
9.999952970403709e-01
9.999989721063125e-01
9.999998110454508e-01
9.999999713264508e-01
9.999999964850261e-01
9.999999996593855e-01
9.999999999746535e-01
9.999999999985670e-01
9.999999999999455e-01
9.999999999999974e-01
1.000000000000000e+00
9.999999999999999e-01
1.000000000000000e+00
1.000000000000000e+00
1.000000000000000e+00
1.000000000000000e+00
1.000000000000000e+00
1.000000000000000e+00
1.000000000000000e+00
###6.800000000000003e+00
9.335892086815244e-10
1.193254679230338e-09
1.498928691619525e-09
1.866178067612888e-09
2.317959365093113e-09
2.873684314152103e-09
3.551972704807501e-09
4.381657334715610e-09
5.397529418175623e-09
6.641607298647077e-09
8.163643682085920e-09
1.002733679433142e-08
1.230928251574359e-08
1.510263426856709e-08
1.852318492268870e-08
2.270740153925671e-08
2.782703621156349e-08
3.409096812946909e-08
4.175355710443447e-08
5.112316685129158e-08
6.260491470885693e-08
7.659165317100487e-08
9.370963232911772e-08
1.146417994990711e-07
1.402058901124813e-07
1.714371502298538e-07
2.095920289858174e-07
2.561845867581979e-07
3.130677248335951e-07
3.825039443607101e-07
4.672517763600634e-07
5.706509146666637e-07
6.968196599747855e-07
8.506452060541954e-07
1.038292524709230e-06
1.266927416359587e-06
1.545636313227442e-06
1.885226421935722e-06
2.298954760997952e-06
2.802647211002718e-06
3.415967414455323e-06
4.162470096914276e-06
5.070820078686771e-06
6.175771562262611e-06
7.519656463557445e-06
9.153136830956656e-06
1.113829301824456e-05
1.355049045695508e-05
1.647987797826083e-05
2.003644734019852e-05
2.435305670525697e-05
2.958944896936522e-05
3.594134629596049e-05
4.364043815276805e-05
5.297029554567786e-05
6.427111075149476e-05
7.795596982565627e-05
9.451243525827253e-05
1.145441610461712e-04
1.387650119847660e-04
1.680352478138588e-04
2.033917183427091e-04
2.460597969889411e-04
2.975599718279717e-04
3.596472038408382e-04
4.344775218297444e-04
5.245820661116863e-04
6.330479937350093e-04
7.635227651422950e-04
9.202491272275932e-04
1.108506853315661e-03
1.334531261978709e-03
1.605568459504593e-03
1.930011126133676e-03
2.318546504836223e-03
2.783035542223341e-03
3.337966754722052e-03
4.000130808317588e-03
4.789548863721231e-03
5.729730989750619e-03
6.847168089931474e-03
8.173874857073165e-03
9.748293752039729e-03
1.161146694056623e-02
1.381397730918586e-02
1.641455385397649e-02
1.947811586488210e-02
2.308102414170808e-02
2.730776334332693e-02
3.225886875651646e-02
3.804271292712821e-02
4.478614306063964e-02
5.261695302576009e-02
6.169377629505645e-02
7.218203452183937e-02
8.425489570158827e-02
9.810684484316785e-02
1.139353198119377e-01
1.319455163396186e-01
1.523420762646881e-01
1.753187649441945e-01
2.010709329162194e-01
2.297455141570839e-01
2.614669924730796e-01
2.962846716514736e-01
3.342217301248655e-01
3.751803357968173e-01
4.189409726806798e-01
4.651943648783126e-01
5.135077567778799e-01
5.632911512356550e-01
6.138051392082134e-01
6.642204719830130e-01
7.135904591270051e-01
7.609345492861832e-01
8.052859778261722e-01
8.457572800442766e-01
8.815951918783527e-01
9.123056634731240e-01
9.376489419731580e-01
9.576945250719311e-01
9.728054050063547e-01
9.835853322913144e-01
9.907995871512721e-01
9.951782818909414e-01
9.976367128794396e-01
9.989355152058483e-01
9.995638588768532e-01
9.998390646203091e-01
9.999471251254028e-01
9.999847164250460e-01
9.999961661584832e-01
9.999991781318074e-01
9.999998520546567e-01
9.999999780513465e-01
9.999999973741202e-01
9.999999997520606e-01
9.999999999820601e-01
9.999999999990132e-01
9.999999999999640e-01
9.999999999999982e-01
1.000000000000000e+00
9.999999999999999e-01
1.000000000000000e+00
1.000000000000000e+00
1.000000000000000e+00
1.000000000000000e+00
1.000000000000000e+00
1.000000000000000e+00
1.000000000000000e+00
###7.000000000000004e+00
1.018219884262092e-09
1.299511811721655e-09
1.632460019863262e-09
2.032366136048290e-09
2.524262209046727e-09
3.129232442787102e-09
3.867476371447337e-09
4.770325406253500e-09
5.875580753008919e-09
7.228858051700286e-09
8.884146225915991e-09
1.091058084296566e-08
1.339130818490857e-08
1.642736220092875e-08
2.014435637763211e-08
2.469019853607274e-08
3.025109910401014e-08
3.705343205711599e-08
4.537278866841900e-08
5.554315058818870e-08
6.800357322363006e-08
8.317828078980576e-08
1.017460929442119e-07
1.244457478232892e-07
1.521614129418137e-07
1.860128248929043e-07
2.273582457080318e-07
2.778339010899450e-07
3.394415036460211e-07
4.146247368186828e-07
5.063620692923830e-07
6.182580917602586e-07
7.547565050460731e-07
9.211283101540757e-07
1.124024420378966e-06
1.371159722525635e-06
1.672333304090209e-06
2.039183246708715e-06
2.485985065608041e-06
3.029767236060821e-06
3.691684691084584e-06
4.497074745484978e-06
5.476749806654610e-06
6.668056239166244e-06
8.116473289026585e-06
9.876352985695977e-06
1.201436218684522e-05
1.461132885464079e-05
1.776390016606198e-05
2.158991124489517e-05
2.623178309827073e-05
3.186043427418130e-05
3.868534307797009e-05
4.695423869661853e-05
5.697026391850047e-05
6.909678980049310e-05
8.377489480502059e-05
1.015247600583534e-04
1.229902954391512e-04
1.489321381015240e-04
1.802663578213048e-04
2.180965713967605e-04
2.637260203878383e-04
3.187709078539785e-04
3.850943750851597e-04
4.649849202002598e-04
5.611260183498057e-04
6.767927317861073e-04
8.158328730072399e-04
9.827542006743751e-04
1.183121500961594e-03
1.423521727756173e-03
1.711600207522767e-03
2.056195582459148e-03
2.468558551789331e-03
2.961167359721816e-03
3.549222259876070e-03
4.250375271830660e-03
5.085532600288256e-03
6.079355743943316e-03
7.259493594389553e-03
8.659344352483934e-03
1.031889304308842e-02
1.228113165019222e-02
1.459824187061557e-02
1.733123611214244e-02
2.054717560119717e-02
2.432520116045852e-02
2.875202182366426e-02
3.393113142082167e-02
3.997359463482882e-02
4.700918330591755e-02
5.516802058795408e-02
6.461106198704185e-02
7.550606652254717e-02
8.802726771374125e-02
1.023697563734993e-01
1.187302441689935e-01
1.373117997976956e-01
1.583150390308150e-01
1.819274008049919e-01
2.083358505580909e-01
2.376753843000965e-01
2.700558033127768e-01
3.055085922591794e-01
3.440358679707080e-01
3.855160986153207e-01
4.297034529847925e-01
4.762628305774015e-01
5.247350358253970e-01
5.745086255360213e-01
6.248252516968051e-01
6.748464341913865e-01
7.236261773303224e-01
7.701967141913953e-01
8.136170160030922e-01
8.530389655240034e-01
8.877582256533222e-01
9.173364312097435e-01
9.415908654924406e-01
9.606430358187066e-01
9.748966143587379e-01
9.849794424412340e-01
9.916642246729247e-01
9.956774415821922e-01
9.979047928945377e-01
9.990676215236545e-01
9.996230036586099e-01
9.998628811860709e-01
9.999556526209463e-01
9.999873986324226e-01
9.999968972685935e-01
9.999993481455396e-01
9.999998851961130e-01
9.999999833647885e-01
9.999999980597045e-01
9.999999998216814e-01
9.999999999874706e-01
9.999999999993299e-01
9.999999999999768e-01
9.999999999999988e-01
1.000000000000000e+00
9.999999999999999e-01
1.000000000000000e+00
1.000000000000000e+00
1.000000000000000e+00
1.000000000000000e+00
1.000000000000000e+00
1.000000000000000e+00
1.000000000000000e+00
###7.200000000000004e+00
1.109482686555115e-09
1.414144613712897e-09
1.776518330163648e-09
2.211645534986589e-09
2.746799647764973e-09
3.404864878877348e-09
4.207735974063372e-09
5.189433232550197e-09
6.390994291390448e-09
7.861903128713856e-09
9.660698469783444e-09
1.186235875791524e-08
1.455706792632531e-08
1.785432162481584e-08
2.189027778457737e-08
2.682511890222256e-08
3.286057028930556e-08
4.024177117041883e-08
4.926707931469907e-08
6.029793718807224e-08
7.380978410271773e-08
9.026006096947038e-08
1.103849772956314e-07
1.349819526422307e-07
1.650065900578358e-07
2.016690296600205e-07
2.464364412047934e-07
3.010756690372992e-07
3.677474604551954e-07
4.490891088934542e-07
5.483139697389858e-07
6.693095142741280e-07
8.168667169979173e-07
9.966660122705818e-07
1.215876523258073e-06
1.482798683939698e-06
1.807990779850441e-06
2.203976017160135e-06
2.686114301386096e-06
3.272713934404702e-06
3.986516603857029e-06
4.854754757282067e-06
5.910523508092885e-06
7.193922984356417e-06
8.753773948281889e-06
1.064834627748489e-05
1.294917001014732e-05
1.574286633810942e-05
1.913296789378531e-05
2.324561984952719e-05
2.823335988100368e-05
3.427893489555125e-05
4.160636752418069e-05
5.048033615804420e-05
6.122465219244418e-05
7.422715257818019e-05
8.995844194516048e-05
1.089730771465930e-04
1.319573738569511e-04
1.597212052723615e-04
1.932393496577751e-04
2.336855990906512e-04
2.824449543663550e-04
3.412341037817103e-04
4.120296159147344e-04
4.972587783602538e-04
5.997645493753203e-04
7.230182381414462e-04
8.710810180036752e-04
1.048728752266698e-03
1.261825966989049e-03
1.517332999471021e-03
1.823304424369667e-03
2.189043180421498e-03
2.626384478823770e-03
3.148449687813541e-03
3.771173162327745e-03
4.513095437231708e-03
5.396041962078732e-03
6.445855797243433e-03
7.691378701712564e-03
9.167429152905748e-03
1.091558321748719e-02
1.298079711912615e-02
1.541691221235278e-02
1.828725270565606e-02
2.166105835642987e-02
2.562025678393603e-02
3.025381366899924e-02
3.566817895338574e-02
4.197709069403804e-02
4.931321166620711e-02
5.780884111952005e-02
6.762737425084822e-02
7.893855672414790e-02
9.191755719489748e-02
1.067598362517746e-01
1.236610728003432e-01
1.428218440974429e-01
1.644383189379542e-01
1.886911296798840e-01
2.157583404855466e-01
2.457624563516638e-01
2.787972176849883e-01
3.148783609748263e-01
3.539839849166152e-01
3.959693728184370e-01
4.405627342542993e-01
4.874025989618868e-01
5.360046260878594e-01
5.857364225543952e-01
6.358222490748054e-01
6.854159043883776e-01
7.335739913636186e-01
7.793434952270014e-01
8.218110149182949e-01
8.601692208899298e-01
8.937638540482378e-01
9.222124363361639e-01
9.453887410466509e-01
9.634647835638137e-01
9.768827273812172e-01
9.862921134923502e-01
9.924703308860119e-01
9.961379741209335e-01
9.981494383282515e-01
9.991867539138362e-01
9.996756499465297e-01
9.998837810633900e-01
9.999630203082788e-01
9.999896773191751e-01
9.999975069298349e-01
9.999994870937483e-01
9.999999116968843e-01
9.999999875143059e-01
9.999999985816669e-01
9.999999998732524e-01
9.999999999913645e-01
9.999999999995505e-01
9.999999999999856e-01
9.999999999999991e-01
1.000000000000000e+00
1.000000000000000e+00
1.000000000000000e+00
1.000000000000000e+00
1.000000000000000e+00
1.000000000000000e+00
1.000000000000000e+00
1.000000000000000e+00
1.000000000000000e+00
###7.400000000000004e+00
1.207835874615061e-09
1.537731161729023e-09
1.931830593314639e-09
2.404919613938865e-09
2.986690632859371e-09
3.701963822138434e-09
4.574451621084432e-09
5.641067317454093e-09
6.946324818019249e-09
8.543866429080998e-09
1.049711198364328e-08
1.288731696210567e-08
1.581222077225512e-08
1.939039880809398e-08
2.376932364631385e-08
2.912233852850978e-08
3.566780653731490e-08
4.367098249728968e-08
5.345462082034201e-08
6.540958188330299e-08
8.005028609316712e-08
9.786970710336334e-08
1.196654765541074e-07
1.462978458184846e-07
1.787987927762731e-07
2.184751290707641e-07
2.669104482044673e-07
3.260111650591370e-07
3.981078812172718e-07
4.860446547905723e-07
5.932855603509067e-07
7.240198996112408e-07
8.834091078558298e-07
1.077570102971796e-06
1.314224306471148e-06
1.602296160178661e-06
1.953152293604105e-06
2.380258243711020e-06
2.900127786865887e-06
3.532430421583694e-06
4.301595147424833e-06
5.236868053957295e-06
6.373769138472629e-06
7.755322267273767e-06
9.433893916642342e-06
1.147191109322519e-05
1.394605775873869e-05
1.694909539067816e-05
2.059184814319617e-05
2.500926038403725e-05
3.036456727799675e-05
3.685302714368284e-05
4.471403216884789e-05
5.423016094260974e-05
6.574704018219533e-05
7.967831698895787e-05
9.652572340779759e-05
1.168800244910223e-04
1.414721835837013e-04
1.711638754515287e-04
2.069916030880843e-04
2.502028781899807e-04
3.022685040665851e-04
3.650107493327802e-04
4.405246216230063e-04
5.313831775770483e-04
6.405960930362443e-04
7.718344418192109e-04
9.293991627943569e-04
1.118324073392778e-03
1.344803257419311e-03
1.616176262360926e-03
1.940925696713549e-03
2.328836480405157e-03
2.792344310695210e-03
3.345257067258121e-03
4.004249000416073e-03
4.788782645701197e-03
5.721636917068031e-03
6.829867466320167e-03
8.143536549737190e-03
9.698941637306436e-03
1.153927571182931e-02
1.371148319111118e-02
1.627112220491112e-02
1.928385766664955e-02
2.282114149513340e-02
2.696769535212072e-02
3.181476766444014e-02
3.747175942621835e-02
4.405505799789361e-02
5.170017498188858e-02
6.054122116008112e-02
7.074476225644147e-02
8.248155053370868e-02
9.592774786616125e-02
1.112789385498286e-01
1.287294482119136e-01
1.484769845864357e-01
1.707128342951158e-01
1.956103306475495e-01
2.233381100374205e-01
2.540056263774259e-01
2.876901664028607e-01
3.243908463646842e-01
3.640617606045237e-01
4.065345805167260e-01
4.515124432622487e-01
4.986054638636894e-01
5.473070627718535e-01
5.969640137904122e-01
6.467847606029695e-01
6.959170006540750e-01
7.434219049903936e-01
7.883632343404289e-01
8.298571389780982e-01
8.671384749709585e-01
8.996041508173570e-01
9.269276514502349e-01
9.490385100963868e-01
9.661575670558099e-01
9.787630934181963e-01
9.875238188519074e-01
9.932189957668496e-01
9.965610688810049e-01
9.983716531617624e-01
9.992936307529368e-01
9.997222437013918e-01
9.999020055258071e-01
9.999693414847602e-01
9.999915979669999e-01
9.999980110052086e-01
9.999995995942222e-01
9.999999326703271e-01
9.999999907184268e-01
9.999999989741668e-01
9.999999999109405e-01
9.999999999941258e-01
9.999999999997018e-01
9.999999999999913e-01
9.999999999999993e-01
1.000000000000000e+00
1.000000000000000e+00
1.000000000000000e+00
1.000000000000000e+00
1.000000000000000e+00
1.000000000000000e+00
1.000000000000000e+00
1.000000000000000e+00
1.000000000000000e+00
###7.600000000000004e+00
1.313765359269650e-09
1.670884660478638e-09
2.099167670081625e-09
2.613146209544365e-09
3.245121523105075e-09
4.021994677507716e-09
4.969426637554170e-09
6.127439072860060e-09
7.544279632132618e-09
9.278055934048994e-09
1.139742447907676e-08
1.399037660797757e-08
1.716275910539493e-08
2.104288419979669e-08
2.579035785846814e-08
3.159262566226987e-08
3.868588118311484e-08
4.735692900190996e-08
5.795465098700461e-08
7.090140240651563e-08
8.675334059318867e-08
1.060414268600563e-07
1.296289938194963e-07
1.584435214672511e-07
1.935985957381353e-07
2.365043400248267e-07
2.888687302357901e-07
3.527472271695667e-07
4.306517327835773e-07
5.256469853007873e-07
6.414645179853791e-07
7.826154815507643e-07
9.546562974719768e-07
1.164168898751010e-06
1.419463023980873e-06
1.730127661181402e-06
2.108389659959689e-06
2.568717185006354e-06
3.128851113365123e-06
3.809907835425018e-06
4.638109538586795e-06
5.644840690377733e-06
6.868195714622341e-06
8.354300922106313e-06
1.015928315113603e-05
1.234997765966378e-05
1.500852776178987e-05
1.823419925757499e-05
2.214553369416796e-05
2.688678703932108e-05
3.263250080564960e-05
3.959115932991957e-05
4.801838798298654e-05
5.821565967103934e-05
7.055161475401620e-05
8.546711556783398e-05
1.034973067489737e-04
1.252692210241077e-04
1.515626552102006e-04
1.832931444270794e-04
2.215620514199845e-04
2.676942926393498e-04
3.232506762681498e-04
3.901648729863753e-04
4.706538999403953e-04
5.674454313772179e-04
6.837227859040707e-04
8.233655024570289e-04
9.909256769272071e-04
1.191704607969849e-03
1.432241916794233e-03
1.720269955152017e-03
2.064716830815029e-03
2.475867351797879e-03
2.966782772808794e-03
3.551975742038059e-03
4.248892276969575e-03
5.077942537103941e-03
6.062899001138950e-03
7.232043936764885e-03
8.616679196512310e-03
1.025475005253350e-02
1.219090337019746e-02
1.447422828302481e-02
1.716202414252092e-02
2.032232839996448e-02
2.402887203627947e-02
2.836904320703482e-02
3.343653219101682e-02
3.934363717293315e-02
4.620936488269414e-02
5.417202661734507e-02
6.336748272708549e-02
7.396526237411902e-02
8.613706304243436e-02
1.000597749055489e-01
1.159288469555458e-01
1.339369174082719e-01
1.542784324643643e-01
1.771393475956597e-01
2.026851930407340e-01
2.310746416748256e-01
2.624035347909920e-01
2.967322899790195e-01
3.340426040296803e-01
3.742645344534771e-01
4.172057890968529e-01
4.625446140409658e-01
5.098629037021781e-01
5.586330704546764e-01
6.081807186118662e-01
6.577013906297998e-01
7.063379712874023e-01
7.531582316817174e-01
7.972447751107187e-01
8.377452299736695e-01
8.739380098574893e-01
9.052721632423593e-01
9.314770793831284e-01
9.525371281447710e-01
9.687201075919110e-01
9.805378567670959e-01
9.886756131827217e-01
9.939117002684541e-01
9.969481530768747e-01
9.985725673070034e-01
9.993890271779305e-01
9.997632494400946e-01
9.999177988166396e-01
9.999747277777269e-01
9.999932046772954e-01
9.999984243288268e-01
9.999996898504921e-01
9.999999491033441e-01
9.999999931654906e-01
9.999999992657767e-01
9.999999999381264e-01
9.999999999960557e-01
9.999999999998042e-01
9.999999999999951e-01
9.999999999999994e-01
1.000000000000000e+00
1.000000000000000e+00
1.000000000000000e+00
1.000000000000000e+00
1.000000000000000e+00
1.000000000000000e+00
1.000000000000000e+00
1.000000000000000e+00
1.000000000000000e+00
###7.800000000000004e+00
1.427786150140532e-09
1.814255007980073e-09
2.279346675895464e-09
2.837340562695023e-09
3.523349684061599e-09
4.366510432405044e-09
5.394571196079577e-09
6.650891374655044e-09
8.187726607974179e-09
1.006797629369819e-08
1.236591168670301e-08
1.517674794362815e-08
1.861502596150003e-08
2.281949344285407e-08
2.796275934904703e-08
3.424737164571242e-08
4.192862089233215e-08
5.131638384338002e-08
6.278750655086371e-08
7.679804291930172e-08
9.394880837461470e-08
1.148113550135963e-07
1.403192532934410e-07
1.714718681183073e-07
2.094699357458956e-07
2.558339218976729e-07
3.124046092420017e-07
3.813965292304928e-07
4.655149875916725e-07
5.680601165006803e-07
6.930485961918824e-07
8.453346064053751e-07
1.030895373090186e-06
1.256808033977254e-06
1.532008640943595e-06
1.866793460254476e-06
2.274304279356828e-06
2.770075431999987e-06
3.373152012109770e-06
4.106187549568099e-06
4.997308844265632e-06
6.080169962674264e-06
7.395596993522970e-06
8.993006499118709e-06
1.093251120555774e-05
1.328561811593358e-05
1.614025057700203e-05
1.960256043226676e-05
2.379925306966069e-05
2.888443268477636e-05
3.504458504089560e-05
4.250216796766694e-05
5.152994340502878e-05
6.244931748937229e-05
7.565319599568666e-05
9.161112561691245e-05
1.108935148623243e-04
1.341653080419483e-04
1.622579121845053e-04
1.961434001251914e-04
2.369912502778306e-04
2.862076166010648e-04
3.454485158697632e-04
4.167617989706598e-04
5.024949023806002e-04
6.055362629408088e-04
7.292507460514935e-04
8.777383473845112e-04
1.055804995098045e-03
1.269039036170050e-03
1.524337024950849e-03
1.829840165485173e-03
2.194939316247934e-03
2.630444885306338e-03
3.150051214075448e-03
3.769014573743228e-03
4.505559219352661e-03
5.381096055875114e-03
6.420441822686537e-03
7.653037378980764e-03
9.111601756013415e-03
1.083567754692776e-02
1.287150691933573e-02
1.527008479781567e-02
1.809078182551843e-02
2.140396552167586e-02
2.528563273670345e-02
2.982584810606686e-02
3.512077445439576e-02
4.128559158069092e-02
4.844188942933372e-02
5.673072363528529e-02
6.628961841517696e-02
7.729089360281902e-02
8.990707462345807e-02
1.043155197598730e-01
1.207112689433608e-01
1.392849252794909e-01
1.602272675165998e-01
1.837184575935372e-01
2.099157078531219e-01
2.389671838345288e-01
2.709545523183515e-01
3.059209303041176e-01
3.438298613792268e-01
3.845873026608652e-01
4.279767147722222e-01
4.736514816004118e-01
5.211661250508354e-01
5.699741683927760e-01
6.193757936899162e-01
6.685607777896284e-01
7.166672513408189e-01
7.627716428473132e-01
8.059775013908180e-01
8.454658404244458e-01
8.805599675989445e-01
9.107618981589408e-01
9.358567175599971e-01
9.558825100211508e-01
9.711519806169716e-01
9.822078198834511e-01
9.897490802202946e-01
9.945502523291901e-01
9.973008407369884e-01
9.987534013778832e-01
9.994737492044127e-01
9.997991384044393e-01
9.999314019112081e-01
9.999792867203436e-01
9.999945388671522e-01
9.999987604899530e-01
9.999997616160464e-01
9.999999618530196e-01
9.999999950144185e-01
9.999999994798906e-01
9.999999999574883e-01
9.999999999973853e-01
9.999999999998725e-01
9.999999999999976e-01
9.999999999999996e-01
1.000000000000000e+00
1.000000000000000e+00
1.000000000000000e+00
1.000000000000000e+00
1.000000000000000e+00
1.000000000000000e+00
1.000000000000000e+00
1.000000000000000e+00
1.000000000000000e+00
###8.000000000000004e+00
1.550443850999840e-09
1.968530733737752e-09
2.473233333451279e-09
3.078578267513317e-09
3.822707118061857e-09
4.737156070548592e-09
5.851908438855729e-09
7.213905124766885e-09
8.879702356494629e-09
1.091733773258020e-08
1.340709933267454e-08
1.645194482884692e-08
2.017573288534731e-08
2.472838843660303e-08
3.029644746013783e-08
3.709862144727110e-08
4.541063807017897e-08
5.556707443401828e-08
6.797467612433227e-08
8.312553609855804e-08
1.016682264623117e-07
1.242176444246013e-07
1.517824090677907e-07
1.854386987175962e-07
2.264802674871524e-07
2.765453616693965e-07
3.376164862329955e-07
4.120778437336202e-07
5.028409363336554e-07
6.134568414118219e-07
7.482460662970810e-07
9.124281880431939e-07
1.112428510284842e-06
1.355851195451981e-06
1.652298701560954e-06
2.012819621765514e-06
2.451528343203368e-06
2.985092346152712e-06
3.633942036602622e-06
4.422363151879850e-06
5.380504292878238e-06
6.544427129155999e-06
7.957854655218850e-06
9.673690991249418e-06
1.175627157078033e-05
1.428205155892014e-05
1.734507084503315e-05
2.105876743114296e-05
2.555847833844025e-05
3.100871779137144e-05
3.760858390440330e-05
4.559528931260377e-05
5.525967729793260e-05
6.694417226009723e-05
8.106725254018060e-05
9.812868129330472e-05
1.187359378374875e-04
1.435939630610429e-04
1.735882942620072e-04
2.097504496459167e-04
2.533214082594328e-04
3.057925467819147e-04
3.689197572333238e-04
4.448701351617527e-04
5.361280526191592e-04
6.457498218597347e-04
7.772900191792779e-04
9.350787787327960e-04
1.124186697334451e-03
1.350501235879256e-03
1.621290344996272e-03
1.945120546058323e-03
2.331863149837256e-03
2.792863993674637e-03
3.342502310070903e-03
3.996775426107726e-03
4.774719130483598e-03
5.698778237778732e-03
6.794842290485511e-03
8.093462265469527e-03
9.629079383473887e-03
1.144259003934353e-02
1.358198850644362e-02
1.610015825470832e-02
1.905862054953130e-02
2.253009106215708e-02
2.659285822183454e-02
3.133967596190076e-02
3.686917740231901e-02
4.329941346166179e-02
5.075451513755629e-02
5.937822024737054e-02
6.930961717911548e-02
8.072364833616046e-02
9.379352324128161e-02
1.086968019860984e-01
1.256278272949782e-01
1.447748056259564e-01
1.663244288200880e-01
1.904505898617602e-01
2.173016584434088e-01
2.470147422382926e-01
2.796567726464610e-01
3.152531245582463e-01
3.537485148337734e-01
3.950247184827425e-01
4.388407309583077e-01
4.848251722700300e-01
5.325060384193993e-01
5.813179860356340e-01
6.305383528837586e-01
6.793515853899119e-01
7.268934629478615e-01
7.722511779519813e-01
8.145513461928839e-01
8.530102410173951e-01
8.869973400870909e-01
9.160682953542933e-01
9.400635138884584e-01
9.590734697340128e-01
9.734535434782416e-01
9.837743757684672e-01
9.907462718398843e-01
9.951367294232419e-01
9.976208876234867e-01
9.989154354586957e-01
9.995486209016455e-01
9.998303784520169e-01
9.999430484056082e-01
9.999831199706108e-01
9.999956387372200e-01
9.999990317159442e-01
9.999998181810374e-01
9.999999716501918e-01
9.999999963967511e-01
9.999999996353054e-01
9.999999999711087e-01
9.999999999982888e-01
9.999999999999177e-01
9.999999999999990e-01
9.999999999999996e-01
1.000000000000000e+00
1.000000000000000e+00
1.000000000000000e+00
1.000000000000000e+00
1.000000000000000e+00
1.000000000000000e+00
1.000000000000000e+00
1.000000000000000e+00
1.000000000000000e+00
###8.200000000000003e+00
1.682316283166544e-09
2.134441045974700e-09
2.681744525704413e-09
3.337998413918971e-09
4.144604357724913e-09
5.135673485871659e-09
6.343580329823864e-09
7.819107148852397e-09
9.623420910273204e-09
1.183006660220252e-08
1.452577592546484e-08
1.782180023023616e-08
2.185197828813911e-08
2.677819990155954e-08
3.280190904512371e-08
4.015910640315985e-08
4.914738209693503e-08
6.012772979331439e-08
7.353885705843177e-08
8.991137252367524e-08
1.099448905271811e-07
1.343005641122536e-07
1.640671625578255e-07
2.004028911549304e-07
2.447007284856370e-07
2.987245747023037e-07
3.646080810555666e-07
4.449163279246678e-07
5.427805291505719e-07
6.620191365409855e-07
8.072762144699154e-07
9.841603246939191e-07
1.199573657594791e-06
1.461680935212426e-06
1.780793324658104e-06
2.168759146649201e-06
2.640726201091516e-06
3.214565567400868e-06
3.912178463690051e-06
4.759582691822041e-06
5.789071937049409e-06
7.039260541402825e-06
8.556941993467996e-06
1.039871519983102e-05
1.263338673451521e-05
1.534265006045995e-05
1.862701428558476e-05
2.260762301847454e-05
2.742893477595262e-05
3.326646176884040e-05
4.033261381325595e-05
4.888017488997083e-05
5.921905713065101e-05
7.171383599151763e-05
8.680992684194189e-05
1.050389064318141e-04
1.270472127139964e-04
1.535819435105076e-04
1.855854011545621e-04
2.241515673669853e-04
2.705964396538424e-04
3.265007545467781e-04
3.937249509858207e-04
4.745611336110993e-04
5.716368337437635e-04
6.881837800647222e-04
8.279546884273295e-04
9.955198296135537e-04
1.196225643941263e-03
1.436271110398589e-03
1.723310472036326e-03
2.066352466992187e-03
2.475766945186420e-03
2.963452779610595e-03
3.544504678914087e-03
4.235681380646365e-03
5.056854660502211e-03
6.031538843881384e-03
7.186724473218677e-03
8.554122794509757e-03
1.016990676577272e-02
1.207638001261997e-02
1.432332740036398e-02
1.696555580359830e-02
2.006676354224830e-02
2.370204831400429e-02
2.795201284443952e-02
3.291211076317930e-02
3.868343883333251e-02
4.538690383036262e-02
5.314914901617541e-02
6.211646575000796e-02
7.242945479317170e-02
8.426548900616723e-02
9.779830012551638e-02
1.132053742890937e-01
1.306800543756503e-01
1.504077750020029e-01
1.725707080970635e-01
1.973359900834847e-01
2.248426141342571e-01
2.552160743159320e-01
2.885080084204232e-01
3.247256032141698e-01
3.637941316690947e-01
4.055710984081762e-01
4.497908810128570e-01
4.960575050749786e-01
5.438732934232288e-01
5.926542957689940e-01
6.416574237538751e-01
6.900625455447555e-01
7.370054590402405e-01
7.815862825214654e-01
8.229568210996039e-01
8.603704363412396e-01
8.932439682251457e-01
9.211872072640952e-01
9.440953291725249e-01
9.621096643327823e-01
9.756258708845235e-01
9.852396337552271e-01
9.916694561210954e-01
9.956734205459917e-01
9.979101500319147e-01
9.990599817490217e-01
9.996144653235961e-01
9.998574257872953e-01
9.999529608279966e-01
9.999863220907679e-01
9.999965389668616e-01
9.999992488335108e-01
9.999998623825263e-01
9.999999791077512e-01
9.999999974196534e-01
9.999999997468511e-01
9.999999999805741e-01
9.999999999988947e-01
9.999999999999470e-01
9.999999999999998e-01
9.999999999999997e-01
1.000000000000000e+00
1.000000000000000e+00
1.000000000000000e+00
1.000000000000000e+00
1.000000000000000e+00
1.000000000000000e+00
1.000000000000000e+00
1.000000000000000e+00
1.000000000000000e+00
###8.400000000000002e+00
1.824015095334429e-09
2.312757960161386e-09
2.905850961465417e-09
3.616806897877686e-09
4.490534552410717e-09
5.563906333394235e-09
6.871853816633671e-09
8.469276849197566e-09
1.042228286312456e-08
1.281031649566412e-08
1.572700622518753e-08
1.929248231606111e-08
2.365126721346650e-08
2.897805114596905e-08
3.549022717367997e-08
4.344227875989001e-08
5.315517088360837e-08
6.501813052947222e-08
7.950401543299352e-08
9.718457270653340e-08
1.188139404694285e-07
1.451026027463668e-07
1.772248864480072e-07
2.164265366255093e-07
2.642063201129466e-07
3.224621168391458e-07
3.934886857562248e-07
4.800438261511828e-07
5.854927364433998e-07
7.139385920409126e-07
8.703698405662821e-07
1.060808907555274e-06
1.292665256569763e-06
1.574699533106890e-06
1.917976193520006e-06
2.335193188605883e-06
2.842595798681656e-06
3.459332841224784e-06
4.208866311366592e-06
5.119051075531868e-06
6.224455483462170e-06
7.566398988254645e-06
9.194927861296097e-06
1.117055326206602e-05
1.356681355764328e-05
1.647094502450897e-05
1.999029529773973e-05
2.425415312746605e-05
2.941661132344677e-05
3.566479521437498e-05
4.322515806488917e-05
5.236690827156195e-05
6.342005858451631e-05
7.677251773655276e-05
9.289806187963297e-05
1.123617457391992e-04
1.358509369505485e-04
1.641571289132451e-04
1.982821416848904e-04
2.393855524204394e-04
2.888620316422888e-04
3.483859689738891e-04
4.199272008477199e-04
5.059088021905142e-04
6.091079085597148e-04
7.329394697670827e-04
8.813630405585292e-04
1.059199348932300e-03
1.272082197641868e-03
1.526534832316278e-03
1.830613124961230e-03
2.193785368811582e-03
2.626938489877516e-03
3.142544478484946e-03
3.756438477784554e-03
4.486164710158300e-03
5.352462535855843e-03
6.379943120287399e-03
7.596729672967833e-03
9.035763695477537e-03
1.073489874646138e-02
1.273796061447342e-02
1.509654180276958e-02
1.786740653519352e-02
2.111645602666361e-02
2.492120195734288e-02
2.936458099015120e-02
3.454475414143592e-02
4.056527055425389e-02
4.754987257290117e-02
5.562766162141911e-02
6.494740211404533e-02
7.565108821744365e-02
8.791834452494683e-02
1.019232455550567e-01
1.178429176397134e-01
1.358693866944577e-01
1.561849267193535e-01
1.789667435683238e-01
2.043747179484812e-01
2.325379246430467e-01
2.635696847356985e-01
2.975057887154995e-01
3.343347899384767e-01
3.739619537806458e-01
4.162204312666622e-01
4.608198943505323e-01
5.073400170796256e-01
5.552583243501693e-01
6.039727288819142e-01
6.527220219414320e-01
7.006825143060875e-01
7.469923751376893e-01
7.907668515303531e-01
8.311850488939757e-01
8.675391821788728e-01
8.992945414433261e-01
9.261153783409584e-01
9.479508912272567e-01
9.649915379951574e-01
9.776706884849982e-01
9.866060911358245e-01
9.925213345056142e-01
9.961627785370262e-01
9.981705482895320e-01
9.991883631975983e-01
9.996720913672881e-01
9.998807186988981e-01
9.999613480558990e-01
9.999889798020093e-01
9.999972705981143e-01
9.999994212915750e-01
9.999998966286283e-01
9.999999847317753e-01
9.999999981689439e-01
9.999999998260291e-01
9.999999999870748e-01
9.999999999992955e-01
9.999999999999660e-01
1.000000000000000e+00
9.999999999999997e-01
1.000000000000000e+00
1.000000000000000e+00
1.000000000000000e+00
1.000000000000000e+00
1.000000000000000e+00
1.000000000000000e+00
1.000000000000000e+00
1.000000000000000e+00
1.000000000000000e+00
###8.600000000000001e+00
1.976187578578105e-09
2.504298474997765e-09
3.146579943624934e-09
3.916279853474623e-09
4.862076557647039e-09
6.023805361484936e-09
7.439127214527512e-09
9.167354296988397e-09
1.127988485420743e-08
1.386247974978539e-08
1.701614517618805e-08
2.087051149029633e-08
2.558153173212372e-08
3.133758261068746e-08
3.837311071616158e-08
4.696234726333435e-08
5.745123529169413e-08
7.025916020910115e-08
8.589544778407827e-08
1.049757608457629e-07
1.283124496918799e-07
1.566685749334578e-07
1.913097518810416e-07
2.335750917422261e-07
2.850760880795193e-07
3.478534014304770e-07
4.243734235459299e-07
5.175991789705583e-07
6.311449167712456e-07
7.694168496919689e-07
9.377697802928849e-07
1.142666235704179e-06
1.392054993522313e-06
1.695329870254421e-06
2.064355606015955e-06
2.512732281227373e-06
3.057870131484251e-06
3.720273700737950e-06
4.525060355934881e-06
5.502032462197471e-06
6.688169118489094e-06
8.127655025776943e-06
9.873980590372512e-06
1.199179739889420e-05
1.455964924011398e-05
1.767063363325716e-05
2.143932451112353e-05
2.600363527247660e-05
3.152777079698721e-05
3.821117174266382e-05
4.629508087127122e-05
5.606602102996983e-05
6.787518404262016e-05
8.213504491029373e-05
9.934922585626369e-05
1.201179932586701e-04
1.451717011660672e-04
1.753485581623959e-04
2.117127767392292e-04
2.554927777048468e-04
3.081657000350378e-04
3.715040401293145e-04
4.475920650580939e-04
5.389899848640267e-04
6.486312091020108e-04
7.801219829628399e-04
9.376376757810233e-04
1.126260121570242e-03
1.351922353281792e-03
1.621484980502315e-03
1.943421284516365e-03
2.327676894963008e-03
2.785674805746750e-03
3.330480565097011e-03
3.978684930400755e-03
4.748672925335857e-03
5.662053727215790e-03
6.744572086211311e-03
8.025517142675504e-03
9.539207338557254e-03
1.132489124578355e-02
1.342826581119780e-02
1.590263138581294e-02
1.880686111227618e-02
2.220896485320546e-02
2.618893746980800e-02
3.083206622590714e-02
3.623922417284625e-02
4.251639675940850e-02
4.979013615450278e-02
5.819193717539480e-02
6.787296044708344e-02
7.897645171436356e-02
9.168410584299731e-02
1.061701437782071e-01
1.226110355971931e-01
1.411971586584281e-01
1.621072242261885e-01
1.855130130845682e-01
2.115666397603366e-01
2.403867138810461e-01
2.720738202589206e-01
3.066473558545114e-01
3.440768007484143e-01
3.842469001588177e-01
4.269663856003682e-01
4.719201991320952e-01
5.186639826214043e-01
5.666513741575842e-01
6.152628077338277e-01
6.637211851578082e-01
7.112005090298567e-01
7.568436659365698e-01
7.997832613754994e-01
8.392277863241367e-01
8.745099945181787e-01
9.051445900840575e-01
9.308504188260313e-01
9.516297569188581e-01
9.677202640479033e-01
9.795903065754545e-01
9.878766313050786e-01
9.933048577265421e-01
9.966073747368612e-01
9.984040342919382e-01
9.993018907662163e-01
9.997222830173595e-01
9.999006726372286e-01
9.999684036388802e-01
9.999911716169917e-01
9.999978610577217e-01
9.999995572277238e-01
9.999999229391885e-01
9.999999889342702e-01
9.999999987123517e-01
9.999999998816234e-01
9.999999999914879e-01
9.999999999995567e-01
9.999999999999781e-01
1.000000000000000e+00
9.999999999999998e-01
1.000000000000000e+00
1.000000000000000e+00
1.000000000000000e+00
1.000000000000000e+00
1.000000000000000e+00
1.000000000000000e+00
1.000000000000000e+00
1.000000000000000e+00
1.000000000000000e+00
###8.800000000000001e+00
2.139519781242710e-09
2.709926878594202e-09
3.405018231050331e-09
4.237767193689584e-09
5.260896904487274e-09
6.517433770617416e-09
8.047936806880035e-09
9.916448284697584e-09
1.220002855189019e-08
1.499119934438192e-08
1.839885232019793e-08
2.256277785214430e-08
2.765115206960148e-08
3.386697722600620e-08
4.146292486301466e-08
5.073431388492162e-08
6.205376411809307e-08
7.587285840306410e-08
9.273984471154305e-08
1.133172410927695e-07
1.384795158930340e-07
1.690457304603147e-07
2.063788590847684e-07
2.519175345954282e-07
3.073933087251681e-07
3.749989215435459e-07
4.573835136603776e-07
5.577285383321302e-07
6.799131922343016e-07
8.286660492412351e-07
1.009731437613155e-06
1.230039645572429e-06
1.498112532607217e-06
1.824016328961078e-06
2.220465511815104e-06
2.702017549960609e-06
3.287318707003245e-06
3.998311189133205e-06
4.861867212368457e-06
5.909852659803881e-06
7.181800325085550e-06
8.724928285472573e-06
1.059637187162272e-05
1.286516242822158e-05
1.561513618530090e-05
1.894558504012932e-05
2.297871601209895e-05
2.786155198509218e-05
3.376895969327317e-05
4.091337929580811e-05
4.955163963801750e-05
5.998850781026347e-05
7.259747991636059e-05
8.781688343863227e-05
1.061817348643699e-04
1.283293181113987e-04
1.550351182471611e-04
1.871864637631239e-04
2.259129555244861e-04
2.725152296331223e-04
3.285568312092965e-04
3.959129823848759e-04
4.767875803363875e-04
5.738774902632075e-04
6.902999566925932e-04
8.298402298782299e-04
9.969055753914957e-04
1.196849945490891e-03
1.435917819880059e-03
1.721320625187222e-03
2.061965278095819e-03
2.468292969894829e-03
2.952282205336301e-03
3.527612869554247e-03
4.211656025044180e-03
5.023666839903825e-03
5.986153157398809e-03
7.126021924207402e-03
8.473761982656799e-03
1.006510721581656e-02
1.194073797215243e-02
1.414824891961328e-02
1.674269107629171e-02
1.978509058465060e-02
2.334557712235588e-02
2.750665963673090e-02
3.235598960402573e-02
3.799715344106239e-02
4.453855180315099e-02
5.210951517916287e-02
6.084386023562301e-02
7.089505771605444e-02
8.240745271899153e-02
9.556462118559779e-02
1.105407176137007e-01
1.275112482527646e-01
1.466645960302005e-01
1.681754941467997e-01
1.922098270369295e-01
2.189114206014587e-01
2.483878737387215e-01
2.807264649589131e-01
3.159296625958661e-01
3.539474438806630e-01
3.946435752822937e-01
4.378023181194081e-01
4.830839360627511e-01
5.300204334348682e-01
5.780425196107208e-01
6.265139784021837e-01
6.746440076443405e-01
7.216057454634973e-01
7.665491408425902e-01
8.086264000832724e-01
8.470774443997450e-01
8.812771556808341e-01
9.107904747355509e-01
9.353907759513163e-01
9.551322652983489e-01
9.702976869507332e-01
9.813875558437005e-01
9.890544943570141e-01
9.940231718948396e-01
9.970098571351110e-01
9.986125633989774e-01
9.994018474118009e-01
9.997657909648076e-01
9.999176763838575e-01
9.999743048248361e-01
9.999929677843391e-01
9.999983342804385e-01
9.999996635638275e-01
9.999999429857059e-01
9.999999920461554e-01
9.999999991025815e-01
9.999999999202416e-01
9.999999999944501e-01
9.999999999997253e-01
9.999999999999859e-01
1.000000000000001e+00
9.999999999999998e-01
1.000000000000000e+00
1.000000000000000e+00
1.000000000000000e+00
1.000000000000000e+00
1.000000000000000e+00
1.000000000000000e+00
1.000000000000000e+00
1.000000000000000e+00
1.000000000000000e+00
###9.000000000000000e+00
2.314741261982262e-09
2.930557132702066e-09
3.682315053876708e-09
4.582696354955850e-09
5.688768166830617e-09
7.046972880682300e-09
8.700963726964564e-09
1.071984475643724e-08
1.318673313929763e-08
1.620138130878084e-08
1.988110680079317e-08
2.437655922731209e-08
2.986897800919061e-08
3.657698668841758e-08
4.477272274382245e-08
5.477401176921456e-08
6.698194950628935e-08
8.188247484481372e-08
1.000653552264964e-07
1.222430710987927e-07
1.493545224639925e-07
1.822838601593757e-07
2.224923706463653e-07
2.715265255693632e-07
3.312456825464544e-07
4.040044817836873e-07
4.926465485850670e-07
6.005856986079611e-07
7.319828433547476e-07
8.919092982659712e-07
1.086523344046621e-06
1.323252175744993e-06
1.611226307541033e-06
1.961225702496602e-06
2.386866633631269e-06
2.903721974730905e-06
3.531749099315176e-06
4.294413697991343e-06
5.220447443862334e-06
6.343901674180124e-06
7.707012898470750e-06
9.360209022094792e-06
1.136448092186421e-05
1.379349063057001e-05
1.673666755806877e-05
2.029984702627726e-05
2.461329502657959e-05
2.983362896356759e-05
3.614701848868978e-05
4.377955258504268e-05
5.300450020209485e-05
6.414584333333809e-05
7.760055643228689e-05
9.383416044092201e-05
1.134146794907721e-04
1.370182952479617e-04
1.654678586958364e-04
1.997027427195708e-04
2.409197625394680e-04
2.904965620248817e-04
3.500867441868659e-04
4.216730454156494e-04
5.075843504168820e-04
6.106596719872620e-04
7.342107771654648e-04
8.822070557322829e-04
1.059298232718270e-03
1.271121777119117e-03
1.524246183367902e-03
1.826247510196744e-03
2.186482984904037e-03
2.615908034941932e-03
3.127076564116689e-03
3.734303974687017e-03
4.455768912964207e-03
5.311620451822935e-03
6.325303746520956e-03
7.524904346836132e-03
8.942155609987243e-03
1.061424175971283e-02
1.258331099530282e-02
1.489888336603413e-02
1.761780915908765e-02
2.080328719952421e-02
2.452760024692574e-02
2.887579241241038e-02
3.393792240068532e-02
3.982015018599135e-02
4.663347825928220e-02
5.450983153782064e-02
6.358530580868695e-02
7.401516995377019e-02
8.594596307226843e-02
9.956168953159497e-02
1.150366216414453e-01
1.325449853582799e-01
1.522728088505064e-01
1.743904191798990e-01
1.990573215478324e-01
2.264085253286288e-01
2.565400592564868e-01
2.895253373703284e-01
3.253493728167445e-01
3.639422251209289e-01
4.051462826131160e-01
4.487227544834358e-01
4.943029981753883e-01
5.414001910080665e-01
5.894217068003528e-01
6.377156503473057e-01
6.853742307844115e-01
7.318876785435093e-01
7.760990018580027e-01
8.172876980596122e-01
8.547271079539777e-01
8.878357188597189e-01
9.162293734971372e-01
9.397357032404415e-01
9.584594905510738e-01
9.727262644317622e-01
9.830657250018067e-01
9.901432167542032e-01
9.946795690476316e-01
9.973729124381883e-01
9.987980701457531e-01
9.994894745025185e-01
9.998033257453082e-01
9.999320904300983e-01
9.999792122126085e-01
9.999944304797056e-01
9.999987109344814e-01
9.999997461194079e-01
9.999999581342092e-01
9.999999943298595e-01
9.999999993800979e-01
9.999999999467850e-01
9.999999999964164e-01
9.999999999998325e-01
9.999999999999908e-01
1.000000000000001e+00
9.999999999999998e-01
1.000000000000000e+00
1.000000000000000e+00
1.000000000000000e+00
1.000000000000000e+00
1.000000000000000e+00
1.000000000000000e+00
1.000000000000000e+00
1.000000000000000e+00
1.000000000000000e+00
###9.199999999999999e+00
2.502610935468320e-09
3.167155396969186e-09
3.979685306549148e-09
4.952576243261709e-09
6.147558108929395e-09
7.614728137621089e-09
9.401041418271698e-09
1.158101577808457e-08
1.424424439039144e-08
1.749820796920897e-08
2.146922340611442e-08
2.631954059072394e-08
3.224435280807571e-08
3.947895975259140e-08
4.831627948463741e-08
5.909814619895703e-08
7.225603623387595e-08
8.831252864655940e-08
1.079016578555555e-07
1.317891477268326e-07
1.609822812120315e-07
1.964354190282442e-07
2.397136580314211e-07
2.924785828727135e-07
3.567255440152513e-07
4.349814490102185e-07
5.302967934372670e-07
6.463324538873742e-07
7.875487344389411e-07
9.593811803322341e-07
1.168427763236565e-06
1.422643286451797e-06
1.731804378348926e-06
2.107448200485637e-06
2.564147671961944e-06
3.118552133012170e-06
3.792008655224808e-06
4.609597064940474e-06
5.602018117671691e-06
6.805636539618581e-06
8.265550251281068e-06
1.003558206375493e-05
1.218079915254945e-05
1.477975727226279e-05
1.792779409523770e-05
2.173765372000650e-05
2.634810668410800e-05
3.192590560617665e-05
3.866909460611768e-05
4.681818790317564e-05
5.666375409505511e-05
6.855000281517015e-05
8.289861177205556e-05
1.002036929439609e-04
1.210679596409888e-04
1.462084477576542e-04
1.764977129395049e-04
2.129318357410963e-04
2.567718045040524e-04
3.094821761133075e-04
3.728087842730477e-04
4.488468248481953e-04
5.400557295655450e-04
6.494237031472357e-04
7.804639409044957e-04
9.373394069339797e-04
1.124951814780348e-03
1.349233884298819e-03
1.617091056162239e-03
1.936478196807450e-03
2.317219971071508e-03
2.770805168228446e-03
3.310383420091466e-03
3.950927230928638e-03
4.711450574761856e-03
5.613021140229247e-03
6.680072642316507e-03
7.941851636641906e-03
9.431406355605111e-03
1.118740734447869e-02
1.325350121516559e-02
1.568116195341821e-02
1.852908527327064e-02
2.186266246111232e-02
2.575635978233283e-02
3.029777587629321e-02
3.557938657656953e-02
4.170973029649004e-02
4.880291875923103e-02
5.699290137398773e-02
6.641813245034763e-02
7.723554024298790e-02
8.959380989865523e-02
1.036770475018292e-01
1.196594262053507e-01
1.377135666569713e-01
1.580227674097070e-01
1.807525086693241e-01
2.060554221797720e-01
2.340571644455267e-01
2.648416314847242e-01
2.984678168715778e-01
3.349027641861639e-01
3.740562150714414e-01
4.157488337085251e-01
4.597187450004658e-01
5.055685990729791e-01
5.527931362746614e-01
6.007775291480085e-01
6.488534774895690e-01
6.960383631253432e-01
7.420292991474146e-01
7.854808173150416e-01
8.257567755450224e-01
8.621689620560009e-01
8.941808739138249e-01
9.214584601596335e-01
9.438846641701477e-01
9.616128373249440e-01
9.750087919359061e-01
9.846283516019235e-01
9.911465676331138e-01
9.952773474974678e-01
9.976992081242456e-01
9.989624364124627e-01
9.995659569651730e-01
9.998355525546092e-01
9.999442451226959e-01
9.999832697390370e-01
9.999956141268753e-01
9.999990086687820e-01
9.999998097322601e-01
9.999999694880423e-01
9.999999959909344e-01
9.999999995755667e-01
9.999999999648389e-01
9.999999999977077e-01
9.999999999998996e-01
9.999999999999939e-01
1.000000000000000e+00
9.999999999999999e-01
1.000000000000000e+00
1.000000000000000e+00
1.000000000000000e+00
1.000000000000000e+00
1.000000000000000e+00
1.000000000000000e+00
1.000000000000000e+00
1.000000000000000e+00
1.000000000000000e+00
###9.399999999999999e+00
2.703937608825593e-09
3.420742726280656e-09
4.298412898440365e-09
5.349001434242799e-09
6.639240401112373e-09
8.223135499661905e-09
1.015116337161371e-08
1.250362909473646e-08
1.537704638957061e-08
1.888715209646376e-08
2.316986973211559e-08
2.839983480848464e-08
3.478713816416180e-08
4.258487264828522e-08
5.210812902781471e-08
6.372433918287013e-08
7.789737573185266e-08
9.518887416621906e-08
1.162800416281087e-07
1.419933139016338e-07
1.734089039272238e-07
2.115556780115635e-07
2.581094648689862e-07
3.148542728873884e-07
3.839300845502824e-07
4.680470154985312e-07
5.704754976796813e-07
6.951389674266815e-07
8.468157522211222e-07
1.031328274152440e-06
1.255741308109010e-06
1.528569546475011e-06
1.860275296750610e-06
2.263198515681332e-06
2.752926518210761e-06
3.347249275826506e-06
4.068986178113240e-06
4.944926347206423e-06
6.007855077102947e-06
7.296584147076279e-06
8.859238615180055e-06
1.075323065695569e-05
1.304793468675685e-05
1.582707590003674e-05
1.919223022622711e-05
2.326343283213556e-05
2.818842507409821e-05
3.414465099360227e-05
4.134265373781420e-05
5.003815630390527e-05
6.053993372575156e-05
7.321347944013681e-05
8.850645188357138e-05
1.069430101051400e-04
1.291623080301702e-04
1.559242715194098e-04
1.881536002971779e-04
2.269056949401104e-04
2.735092167746853e-04
3.295192624829437e-04
3.967783738342396e-04
4.774993231639041e-04
5.742778538639283e-04
6.902585846629892e-04
8.291634094273909e-04
9.953584657559585e-04
1.194007337599365e-03
1.431350071069333e-03
1.714642353339608e-03
2.052232398896667e-03
2.454429892358736e-03
2.933276564950100e-03
3.502538547696470e-03
4.177867425946596e-03
4.979140725487251e-03
5.928370015179904e-03
7.051010086976499e-03
8.377524741472287e-03
9.942240732733181e-03
1.178541975808558e-02
1.395226441735129e-02
1.649610973839937e-02
1.947764100119148e-02
2.296444995772519e-02
2.703320305423455e-02
3.177407068378634e-02
3.728194503986506e-02
4.366775637753442e-02
5.104862999915176e-02
5.956054812328385e-02
6.934420221512722e-02
8.055811199583773e-02
9.335280550652543e-02
1.079123974383341e-01
1.244106506739597e-01
1.430182423339699e-01
1.639153533929250e-01
1.872621645132242e-01
2.132039302527488e-01
2.418564120546608e-01
2.732908112697731e-01
3.075511528077203e-01
3.445860157645479e-01
3.842844523256969e-01
4.264451135963634e-01
4.707828093291666e-01
5.168725839920749e-01
5.641905566652649e-01
6.121011572629892e-01
6.599213435899276e-01
7.066965357829587e-01
7.520287311021524e-01
7.946892375976768e-01
8.340290024107050e-01
8.693993216204587e-01
9.003093898717835e-01
9.264774304811521e-01
9.478390747991751e-01
9.645950976539247e-01
9.771490077666766e-01
9.860796355856559e-01
9.920684283214409e-01
9.958201252257054e-01
9.979914420959837e-01
9.991075090033615e-01
9.996324274389440e-01
9.998630922840570e-01
9.999544417936763e-01
9.999866055975908e-01
9.999965660326570e-01
9.999992424230922e-01
9.999998583856791e-01
9.999999779291402e-01
9.999999971884863e-01
9.999999997119431e-01
9.999999999769924e-01
9.999999999985468e-01
9.999999999999410e-01
9.999999999999959e-01
1.000000000000000e+00
9.999999999999999e-01
1.000000000000000e+00
1.000000000000000e+00
1.000000000000000e+00
1.000000000000000e+00
1.000000000000000e+00
1.000000000000000e+00
1.000000000000000e+00
1.000000000000000e+00
1.000000000000000e+00
###9.599999999999998e+00
2.919575627135604e-09
3.692397717797931e-09
4.639854117935954e-09
5.773656301286798e-09
7.165899711862953e-09
8.874767694638403e-09
1.095449080106083e-08
1.349155744229425e-08
1.658987325779403e-08
2.037399059651406e-08
2.499008272009200e-08
3.062600262076259e-08
3.750773824148151e-08
4.590735792755088e-08
5.616359848964729e-08
6.867117076463916e-08
8.392847531549171e-08
1.025387594620916e-07
1.252334744568941e-07
1.528954340603925e-07
1.866825818263893e-07
2.277028324877847e-07
2.777500487085782e-07
3.387383821285716e-07
4.129615601126361e-07
5.033244482747002e-07
6.133311923121409e-07
7.471841259179251e-07
9.099992272927476e-07
1.108009654407520e-06
1.348775534704974e-06
1.641405457455078e-06
1.997088939013059e-06
2.429016789163647e-06
2.953851415886622e-06
3.590590823839205e-06
4.363613547344267e-06
5.301517908828239e-06
6.439294839962755e-06
7.818343782642038e-06
9.489990513804956e-06
1.151544003241428e-05
1.396861651277696e-05
1.693870290207230e-05
2.053385968939736e-05
2.488181216469455e-05
3.013976052411746e-05
3.649641589454345e-05
4.417548981813855e-05
5.344871497823537e-05
6.464402546341749e-05
7.814929926001534e-05
9.443950737925753e-05
1.140703722828381e-04
1.377193117482928e-04
1.661912591357497e-04
2.004655947088896e-04
2.416597628596839e-04
2.911736966334051e-04
3.506568347610021e-04
4.220530479137228e-04
5.076979861452399e-04
6.103296766523851e-04
7.332565614510423e-04
8.804168649353913e-04
1.056389674593745e-03
1.266610679621417e-03
1.517639674748906e-03
1.817096265585969e-03
2.173736921813826e-03
2.598374386476638e-03
3.103623366122238e-03
3.703887699697692e-03
4.415520413854860e-03
5.259291284482485e-03
6.258181634376782e-03
7.438699996454738e-03
8.832559792865379e-03
1.047540223883899e-02
1.240911313463324e-02
1.468049132683078e-02
1.734479970416576e-02
2.046461853477071e-02
2.410990285177576e-02
2.835949577234329e-02
3.330615376299322e-02
3.904718115297042e-02
4.569590552062088e-02
5.337237188908103e-02
6.221458879169270e-02
7.236535964999732e-02
8.398471048436582e-02
9.722471423113653e-02
1.122693735280900e-01
1.292917226606211e-01
1.484601434820627e-01
1.699512983594021e-01
1.939196039502176e-01
2.205024247132983e-01
2.498050796331462e-01
2.818855146107194e-01
3.167722461203611e-01
3.543949132530607e-01
3.946215349760122e-01
4.372285115692967e-01
4.819072088856419e-01
5.282061070157408e-01
5.755827590793521e-01
6.233823183981496e-01
6.709089663987703e-01
7.172311506201102e-01
7.618768122579993e-01
8.037159319002389e-01
8.420976635556022e-01
8.764133963020779e-01
9.062193012592968e-01
9.312857983680497e-01
9.516003925234258e-01
9.674092779724985e-01
9.791508917728610e-01
9.874238781042649e-01
9.929130024915646e-01
9.963113025368396e-01
9.982522331188174e-01
9.992350479687533e-01
9.996899471034324e-01
9.998865150866808e-01
9.999629514520463e-01
9.999893325554025e-01
9.999973267985754e-01
9.999994211771310e-01
9.999998953222700e-01
9.999999841542745e-01
9.999999980443336e-01
9.999999998061935e-01
9.999999999850907e-01
9.999999999990865e-01
9.999999999999662e-01
9.999999999999971e-01
1.000000000000000e+00
9.999999999999999e-01
1.000000000000000e+00
1.000000000000000e+00
1.000000000000000e+00
1.000000000000000e+00
1.000000000000000e+00
1.000000000000000e+00
1.000000000000000e+00
1.000000000000000e+00
1.000000000000000e+00
###9.799999999999997e+00
3.150427137914168e-09
3.983259381818022e-09
5.005441240310715e-09
6.228319484037068e-09
7.729737223302049e-09
9.572341004085295e-09
1.181436098805084e-08
1.454888866606565e-08
1.788772136980094e-08
2.196481943124131e-08
2.693728671383554e-08
3.300707445425690e-08
4.041712599601026e-08
4.945973614621999e-08
6.049884680035840e-08
7.395822485062624e-08
9.037305334409920e-08
1.103908923454578e-07
1.347966826001558e-07
1.645374890313595e-07
2.008540520118843e-07
2.449383454763764e-07
2.987092866207101e-07
3.642201111825317e-07
4.439275228851548e-07
5.409433649172165e-07
6.590200192317536e-07
8.026559317386061e-07
9.773254012088092e-07
1.189697446788223e-06
1.447857595829500e-06
1.761544134367523e-06
2.142717435058008e-06
2.605469711048661e-06
3.167602270337407e-06
3.849391909584715e-06
4.676867544952950e-06
5.680541535578859e-06
6.897737469801115e-06
8.372590125099044e-06
1.015980777678793e-05
1.232460164204606e-05
1.494569936325183e-05
1.811804399934378e-05
2.195674224765066e-05
2.659762747493361e-05
3.220786875586519e-05
3.898804590635106e-05
4.717573753913063e-05
5.705952235422964e-05
6.898748678923519e-05
8.337104120939667e-05
1.007138569051994e-04
1.216047983401768e-04
1.467614444789451e-04
1.770359379141924e-04
2.134649760063675e-04
2.572308838974297e-04
3.098085705538040e-04
3.729457949151455e-04
4.486925263912553e-04
5.395127822246234e-04
6.482930568492851e-04
7.785132202734324e-04
9.343358190317547e-04
1.120562855894188e-03
1.342912713452062e-03
1.608277709658091e-03
1.924655414978482e-03
2.301225830359787e-03
2.749323252325013e-03
3.282155846871987e-03
3.914786797896198e-03
4.664293304092412e-03
5.552366550987740e-03
6.602984058639309e-03
7.843740775137099e-03
9.307632524777315e-03
1.103165013801817e-02
1.305919766341807e-02
1.543912070407497e-02
1.822822857314867e-02
2.149117780444371e-02
2.530029208259900e-02
2.973662032783743e-02
3.489551666587749e-02
4.087668957831472e-02
4.779586172415168e-02
5.577590460814925e-02
6.495683246013581e-02
7.548343068821378e-02
8.751712994951327e-02
1.012112529673847e-01
1.167495439533904e-01
1.343039821117341e-01
1.540402889938296e-01
1.761311946072681e-01
2.007248759415707e-01
2.279502862850820e-01
2.579017509651956e-01
2.906234027099958e-01
3.261277206257225e-01
3.643249505309784e-01
4.050617659631544e-01
4.480921324890397e-01
4.930839398244279e-01
5.395601097834793e-01
5.869598876910268e-01
6.346106417743953e-01
6.818056897244688e-01
7.276329767596060e-01
7.715638372374684e-01
8.125528737687845e-01
8.499564251115664e-01
8.832070382630488e-01
9.119086723722057e-01
9.358837936443759e-01
9.551707197616772e-01
9.700588891676921e-01
9.810187729136458e-01
9.886656090247835e-01
9.936844717077842e-01
9.967543367069848e-01
9.984841285490101e-01
9.993467298007719e-01
9.997395057092190e-01
9.999063419319058e-01
9.999700163717472e-01
9.999915490921248e-01
9.999979310098318e-01
9.999995637959087e-01
9.999999231111562e-01
9.999999887114176e-01
9.999999986487468e-01
9.999999998712070e-01
9.999999999902879e-01
9.999999999994713e-01
9.999999999999696e-01
1.000000000000001e+00
9.999999999999994e-01
1.000000000000000e+00
1.000000000000000e+00
1.000000000000000e+00
1.000000000000000e+00
1.000000000000000e+00
1.000000000000000e+00
1.000000000000000e+00
1.000000000000000e+00
1.000000000000000e+00
1.000000000000000e+00
###9.999999999999996e+00
3.397444470926413e-09
4.294530139670899e-09
5.396686291054552e-09
6.714868567373329e-09
8.333076406521067e-09
1.031872239145342e-08
1.273429579023913e-08
1.567993631676835e-08
1.927586210949215e-08
2.366606924744735e-08
2.901931237817313e-08
3.555257327548303e-08
4.352687074230786e-08
5.325604910903302e-08
6.513090440700948e-08
7.960613752966305e-08
9.725609722337939e-08
1.187755101505804e-07
1.450062347458099e-07
1.769636773305558e-07
2.159767192347339e-07
2.633275097704537e-07
3.210650117184107e-07
3.913932803061493e-07
4.769410647130238e-07
5.810400220850881e-07
7.077060737479440e-07
8.617519096893150e-07
1.049031910179532e-06
1.276677401080210e-06
1.553330928984213e-06
1.889398137634458e-06
2.297656123042194e-06
2.793151650666850e-06
3.394891968392626e-06
4.124506957695045e-06
5.009771730188249e-06
6.083222611763026e-06
7.384649408001401e-06
8.961076576119709e-06
1.087078537486591e-05
1.318321754981496e-05
1.598216867290598e-05
1.936865940049431e-05
2.346512048848047e-05
2.841593042396504e-05
3.439876019615134e-05
4.162668043943077e-05
5.035188519622956e-05
6.088065224102863e-05
7.358226324939092e-05
8.889285672622848e-05
1.073462498174981e-04
1.295660918042114e-04
1.563120966521931e-04
1.884859044685614e-04
2.271842695667947e-04
2.736573500333791e-04
3.294588459164971e-04
3.964389922444607e-04
4.767587804729501e-04
5.730162779845595e-04
6.882528441035604e-04
8.261275851494147e-04
9.910357196462603e-04
1.188012331120961e-03
1.423069437742494e-03
1.703445012673346e-03
2.037529014934165e-03
2.434940623430510e-03
2.907554639855249e-03
3.469193622008213e-03
4.135602156041611e-03
4.924604702788596e-03
5.858843470165563e-03
6.963319137460346e-03
8.266745733954471e-03
9.803434602425540e-03
1.161176029227450e-02
1.373666168326771e-02
1.622911817137808e-02
1.914746720762177e-02
2.255850458829379e-02
2.653690631529589e-02
3.116598951788007e-02
3.654366485276082e-02
4.277207520556870e-02
4.996931437851997e-02
5.826098666846308e-02
6.778907782774017e-02
7.870021966641041e-02
9.115704343746116e-02
1.053140870189478e-01
1.213544061205808e-01
1.394486760539362e-01
1.597595799203559e-01
1.824554893334099e-01
2.076778554292155e-01
2.355466922295279e-01
2.661447779374010e-01
2.995018794982207e-01
3.356139231268060e-01
3.743713334241210e-01
4.155991617865057e-01
4.590288120567415e-01
5.043047594125997e-01
5.509253595430785e-01
5.983119899156440e-01
6.457757678994565e-01
6.926010367163170e-01
7.378928923019644e-01
7.810806062722320e-01
8.211925778916750e-01
8.575994587753605e-01
8.897768061696308e-01
9.173763020746382e-01
9.402723433478177e-01
9.585527693730425e-01
9.725479219551255e-01
9.827573070529257e-01
9.898095320061999e-01
9.943870629833820e-01
9.971526392108840e-01
9.986895868906508e-01
9.994441386594015e-01
9.997820197938159e-01
9.999230451286315e-01
9.999758509919816e-01
9.999932982710448e-01
9.999984072319531e-01
9.999996732616386e-01
9.999999438929673e-01
9.999999920232768e-01
9.999999990721458e-01
9.999999999156632e-01
9.999999999935787e-01
9.999999999997439e-01
9.999999999999628e-01
1.000000000000006e+00
9.999999999999982e-01
1.000000000000000e+00
9.999999999999999e-01
1.000000000000000e+00
1.000000000000000e+00
1.000000000000000e+00
1.000000000000000e+00
1.000000000000000e+00
1.000000000000000e+00
1.000000000000000e+00
1.000000000000000e+00
###1.020000000000000e+01
3.661632653601574e-09
4.627478922907591e-09
5.815184944750775e-09
7.235284909033628e-09
8.978368978785854e-09
1.111693687781617e-08
1.371801080446042e-08
1.688925056313819e-08
2.075985537984524e-08
2.548452144522887e-08
3.124441612762489e-08
3.827253803775634e-08
4.684916642072748e-08
5.731109387590939e-08
7.007771418376759e-08
8.563664604586354e-08
1.046039220521670e-07
1.277244498778744e-07
1.559006253993013e-07
1.902205146275054e-07
2.321067758426790e-07
2.829371266318211e-07
3.448990388274899e-07
4.203565333466869e-07
5.121210623015633e-07
6.237576102084039e-07
7.595617568772272e-07
9.246795275247400e-07
1.125368281431705e-06
1.369249487580064e-06
1.665555962276306e-06
2.025400297608273e-06
2.462424548819207e-06
2.992685840712749e-06
3.636467795724765e-06
4.416831343769184e-06
5.363398344217957e-06
6.510844494837974e-06
7.901565598900417e-06
9.585634592843708e-06
1.162511514757373e-05
1.409390386528830e-05
1.708114580166407e-05
2.069427004117754e-05
2.506342699693052e-05
3.034199695932195e-05
3.671870955030136e-05
4.441975027710077e-05
5.371278724344315e-05
6.492260962289562e-05
7.844080670714858e-05
9.472949104351236e-05
1.143541309463899e-04
1.379748696159731e-04
1.663956084906985e-04
2.005698632640342e-04
2.416572908291108e-04
2.909789523615834e-04
3.501712700851207e-04
4.211912908839476e-04
5.063161109212275e-04
6.082837273306696e-04
7.302969807534898e-04
8.762022334686028e-04
1.050636083540829e-03
1.258877071547794e-03
1.507242149006099e-03
1.803328439208156e-03
2.155933093681283e-03
2.575130488147212e-03
3.073355338973020e-03
3.665065978206413e-03
4.366710870105126e-03
5.196885177174563e-03
6.179212189104211e-03
7.339743197285961e-03
8.708344024323175e-03
1.032067491121424e-02
1.221652806359222e-02
1.444243687421925e-02
1.705147137175820e-02
2.010360765112404e-02
2.366782684059823e-02
2.782111725811124e-02
3.264907108050512e-02
3.825210491382215e-02
4.473495362366976e-02
5.221795777933060e-02
6.082937321392142e-02
7.071311003814702e-02
8.201750139678025e-02
9.490585426530165e-02
1.095348173238772e-01
1.260853784675805e-01
1.447269504400589e-01
1.656187918440864e-01
1.889244771696947e-01
2.147782363588023e-01
2.432906101136653e-01
2.745322755196378e-01
3.085180884621538e-01
3.452269227189644e-01
3.845289823322478e-01
4.262274590639175e-01
4.700313217302919e-01
5.155612034568715e-01
5.622924709935839e-01
6.096290464686926e-01
6.568673801713945e-01
7.032847309638289e-01
7.480019431548945e-01
7.904184365604771e-01
8.296281333095300e-01
8.650222088424917e-01
8.961199844939844e-01
9.226217141599692e-01
9.444530457773408e-01
9.617498235787755e-01
9.748807973123540e-01
9.843714247213768e-01
9.908604765087190e-01
9.950250099919500e-01
9.975095498353038e-01
9.988709634683265e-01
9.995287607999199e-01
9.998183319246525e-01
9.999370497573858e-01
9.999806449003942e-01
9.999947542140140e-01
9.999987809702043e-01
9.999997567381501e-01
9.999999593465106e-01
9.999999944040314e-01
9.999999993683732e-01
9.999999999451493e-01
9.999999999958248e-01
9.999999999998793e-01
9.999999999999686e-01
1.000000000000006e+00
9.999999999999983e-01
1.000000000000000e+00
9.999999999999999e-01
1.000000000000000e+00
1.000000000000000e+00
1.000000000000000e+00
1.000000000000000e+00
1.000000000000000e+00
1.000000000000000e+00
1.000000000000000e+00
1.000000000000000e+00
###1.040000000000000e+01
3.944051775243620e-09
4.983444400532032e-09
6.262620586944714e-09
7.791659501249538e-09
9.668201114088038e-09
1.197017488317790e-08
1.476942463262779e-08
1.818162956915698e-08
2.234556323561192e-08
2.742732493202950e-08
3.362130038643396e-08
4.117754813815992e-08
5.039686108296576e-08
6.164045972308942e-08
7.535817412148871e-08
9.207264001395430e-08
1.124442321965630e-07
1.372712219471320e-07
1.675203631195416e-07
2.043569377965240e-07
2.493033270888540e-07
3.038385056194262e-07
3.702973678382717e-07
4.512135518988668e-07
5.495924327985499e-07
6.692465578308482e-07
8.147681363340221e-07
9.916566264667894e-07
1.206596450007405e-06
1.467728503760362e-06
1.784910833539141e-06
2.170004588480073e-06
2.637567471743079e-06
3.204725567824645e-06
3.893112839456985e-06
4.727303049686575e-06
5.738870319485733e-06
6.964750739569159e-06
8.450092495418948e-06
1.024817123118840e-05
1.242508940663154e-05
1.505939629029161e-05
1.824589317920283e-05
2.209876418855571e-05
2.675629147617585e-05
3.238133566604200e-05
3.917426603595980e-05
4.737506872428911e-05
5.726767831988977e-05
6.919634588772359e-05
8.357609287338930e-05
1.008963032869524e-04
1.217556636745767e-04
1.468525885762019e-04
1.770373005702952e-04
2.133176611049056e-04
2.569191845106078e-04
3.092370255701474e-04
3.719943805851030e-04
4.472596266788405e-04
5.374312111510528e-04
6.453931419352573e-04
7.745165799260827e-04
9.288433818266771e-04
1.113260590290778e-03
1.333300799974177e-03
1.595597550495197e-03
1.908120978031700e-03
2.280090613121201e-03
2.722052420031902e-03
3.247020897052830e-03
3.870111982384442e-03
4.608500907833492e-03
5.481577314008601e-03
6.513976067920603e-03
7.732826985560071e-03
9.169180453442803e-03
1.086007918781320e-02
1.284676728372963e-02
1.517747897504573e-02
1.790718806842755e-02
2.109776106356652e-02
2.482032348099036e-02
2.915419408842014e-02
3.418722416877949e-02
4.002231572072163e-02
4.676694724864189e-02
5.454348835884968e-02
6.348281416261473e-02
7.373069992904083e-02
8.543702716303130e-02
9.876568061402777e-02
1.138749916601425e-01
1.309438022214666e-01
1.501398506665466e-01
1.716185737581040e-01
1.955382985566210e-01
2.220255299883476e-01
2.511807966715963e-01
2.830621219829102e-01
3.176689150764220e-01
3.549625169313337e-01
3.947925434830583e-01
4.369401400158986e-01
4.810926522152666e-01
5.268446328376102e-01
5.736519424901988e-01
6.209010102820870e-01
6.678752443625744e-01
7.138467291171937e-01
7.579514203195511e-01
7.995691774953118e-01
8.378532302114925e-01
8.722204018643445e-01
9.022345760944853e-01
9.276451370538169e-01
9.484281362908397e-01
9.647656884981212e-01
9.770623148084994e-01
9.858662794063257e-01
9.918233521224109e-01
9.956025177180562e-01
9.978283139782497e-01
9.990304988161769e-01
9.996019811045744e-01
9.998492112871700e-01
9.999487356872171e-01
9.999845631065690e-01
9.999959145288654e-01
9.999990726553213e-01
9.999998199991139e-01
9.999999707578369e-01
9.999999961016610e-01
9.999999995740756e-01
9.999999999644783e-01
9.999999999973541e-01
9.999999999999374e-01
9.999999999999790e-01
1.000000000000004e+00
9.999999999999989e-01
1.000000000000000e+00
9.999999999999999e-01
1.000000000000000e+00
1.000000000000000e+00
1.000000000000000e+00
1.000000000000000e+00
1.000000000000000e+00
1.000000000000000e+00
1.000000000000000e+00
1.000000000000000e+00
###1.059999999999999e+01
4.245819833634707e-09
5.363838378346213e-09
6.740768592699499e-09
8.386199200292480e-09
1.040529998460512e-08
1.288180059957090e-08
1.589266870645332e-08
1.956213146206154e-08
2.403916446993318e-08
2.950201374796117e-08
3.615913490732693e-08
4.427874928005907e-08
5.418348797860493e-08
6.626056831699984e-08
8.099218233695024e-08
9.893821547758360e-08
1.208061859899901e-07
1.474510878449413e-07
1.799080639401458e-07
2.194244184590027e-07
2.676285235607360e-07
3.261066139678217e-07
3.973503882096614e-07
4.840732827417835e-07
5.894864039966882e-07
7.176648525496722e-07
8.735153311864612e-07
1.062911874385358e-06
1.292991294927623e-06
1.572444712939269e-06
1.911792148014199e-06
2.323687022828173e-06
2.823655932900076e-06
3.429956282728021e-06
4.165647480732901e-06
5.056904427443025e-06
6.137363334323706e-06
7.446347566632346e-06
9.031911045060861e-06
1.095071010646813e-05
1.327310513623460e-05
1.608255438778576e-05
1.947981975548130e-05
2.358620239096418e-05
2.854854810047745e-05
3.453969631268625e-05
4.177226306236552e-05
5.050075055951132e-05
6.102618655800173e-05
7.371327418900499e-05
8.900163912647707e-05
1.074092869426698e-04
1.295697534463330e-04
1.562215722945921e-04
1.882635045057220e-04
2.267603222419444e-04
2.730064646597839e-04
3.284744931268178e-04
3.949785560134269e-04
4.747030644505244e-04
5.701732311451246e-04
6.844253622783516e-04
8.210060040796709e-04
9.841609720126650e-04
1.179037175921890e-03
1.411432091259970e-03
1.688307858596981e-03
2.018021861714928e-03
2.410231581279487e-03
2.875971335227001e-03
3.428855727766931e-03
4.084680579608580e-03
4.861371185756691e-03
5.779135761122546e-03
6.863651737658073e-03
8.143176702703198e-03
9.649915249737831e-03
1.142238934983466e-02
1.350330799955739e-02
1.594259797137253e-02
1.879729251942516e-02
2.213105581957842e-02
2.601723208060507e-02
3.053746553888580e-02
3.578189465699472e-02
4.185591511651916e-02
4.886968551514960e-02
5.694760463116274e-02
6.622332499873429e-02
7.684360385296175e-02
8.896052142425444e-02
1.027381537880218e-01
1.183360990835981e-01
1.359309363056899e-01
1.556883159321767e-01
1.777594421153466e-01
2.022969336283424e-01
2.294190587825133e-01
2.592157920981091e-01
2.917319537591402e-01
3.269509825005444e-01
3.648162277704637e-01
4.051563849488263e-01
4.477304134601977e-01
4.922038952307762e-01
5.381462051064609e-01
5.849941591997466e-01
6.321178178720982e-01
6.787892281176244e-01
7.242772383803870e-01
7.677328876104279e-01
8.085252173160942e-01
8.458621625153951e-01
8.791904471607471e-01
9.081192851189244e-01
9.324474763448511e-01
9.522004477591275e-01
9.676046456693395e-01
9.790976000093580e-01
9.872471960600876e-01
9.927031055255071e-01
9.961237305974455e-01
9.981120635004148e-01
9.991703102123950e-01
9.996650815416088e-01
9.998753554106466e-01
9.999584400336272e-01
9.999877487583572e-01
9.999968345436919e-01
9.999992987785746e-01
9.999998676374127e-01
9.999999791163813e-01
9.999999973037507e-01
9.999999997153373e-01
9.999999999771257e-01
9.999999999983561e-01
9.999999999999640e-01
9.999999999999876e-01
1.000000000000002e+00
9.999999999999993e-01
1.000000000000000e+00
1.000000000000000e+00
1.000000000000000e+00
1.000000000000000e+00
1.000000000000000e+00
1.000000000000000e+00
1.000000000000000e+00
1.000000000000000e+00
1.000000000000000e+00
1.000000000000000e+00
###1.079999999999999e+01
4.568115487454044e-09
5.770149310788128e-09
7.251500741301014e-09
9.021225505170254e-09
1.119254578442941e-08
1.385536018168760e-08
1.709209744513535e-08
2.103608670198223e-08
2.584716963340332e-08
3.171652526751502e-08
3.886757877270204e-08
4.758788023494292e-08
5.822329742962707e-08
7.118869543864547e-08
8.700068328541482e-08
1.062587304876873e-07
1.297204625205529e-07
1.583011401193787e-07
1.931085469453963e-07
2.354770766932567e-07
2.871476988011152e-07
3.498202396147794e-07
4.261530733986167e-07
5.190501695562191e-07
6.319407901917008e-07
7.691783691236019e-07
9.360028989956168e-07
1.138685228567961e-06
1.384841187741999e-06
1.683744493451904e-06
2.046615741680078e-06
2.486946551346134e-06
3.021288312583216e-06
3.669094412357257e-06
4.454903629125232e-06
5.406663849183194e-06
6.560107855267204e-06
7.957106347146355e-06
9.648779575734199e-06
1.169535084015982e-05
1.417166796348692e-05
1.716636634394691e-05
2.078648659758026e-05
2.516082520845430e-05
3.044524317520184e-05
3.682307879425278e-05
4.451982860328628e-05
5.380525726497843e-05
6.499834746249065e-05
7.848528585637593e-05
9.473152328960198e-05
1.142850919446389e-04
1.378160733097365e-04
1.661050406328583e-04
2.001015968329043e-04
2.409300872788206e-04
2.899570595521495e-04
3.487359182338387e-04
4.191760740621704e-04
5.035828631051462e-04
6.046138522166582e-04
7.254641421029266e-04
8.698629601468392e-04
1.042268777597543e-03
1.248098152218781e-03
1.493424505125917e-03
1.785550950209822e-03
2.133236729579845e-03
2.546593231573376e-03
3.037160266147213e-03
3.619173323353795e-03
4.309130823066941e-03
5.125731818080079e-03
6.090027498182921e-03
7.228769363098666e-03
8.571374167520381e-03
1.015122442590198e-02
1.200836401821391e-02
1.418699770263486e-02
1.673878076670974e-02
1.972282728211201e-02
2.320463871279694e-02
2.725981476576162e-02
3.197228990973669e-02
3.743454265845706e-02
4.375446622280908e-02
5.104480408588028e-02
5.943200509016357e-02
6.905238968907833e-02
8.005355916967485e-02
9.258967548496505e-02
1.068249593016850e-01
1.229195606795453e-01
1.410479505758198e-01
1.613731724706970e-01
1.840417743952530e-01
2.092001961308583e-01
2.369579509238280e-01
2.673939155634303e-01
3.005391626231787e-01
3.363606510705212e-01
3.747833043573663e-01
4.156146033484808e-01
4.585912292275826e-01
5.033569636600053e-01
5.494569028377987e-01
5.963094202670042e-01
6.432694203542755e-01
6.895993338094056e-01
7.345667450973636e-01
7.773382312425104e-01
8.172794971448024e-01
8.536498454743561e-01
8.859294392578042e-01
9.137735059086562e-01
9.370302885863147e-01
9.557733719433569e-01
9.702714046233885e-01
9.809920539422176e-01
9.885196248256448e-01
9.935046812211601e-01
9.965927046786229e-01
9.983638010894121e-01
9.992923859139332e-01
9.997192413457509e-01
9.998973928016686e-01
9.999664599924213e-01
9.999903251810499e-01
9.999975601912381e-01
9.999994729307135e-01
9.999999032794367e-01
9.999999851908874e-01
9.999999981487179e-01
9.999999998093463e-01
9.999999999853487e-01
9.999999999989980e-01
9.999999999999767e-01
9.999999999999934e-01
1.000000000000001e+00
9.999999999999997e-01
1.000000000000000e+00
1.000000000000000e+00
1.000000000000000e+00
1.000000000000000e+00
1.000000000000000e+00
1.000000000000000e+00
1.000000000000000e+00
1.000000000000000e+00
1.000000000000000e+00
1.000000000000000e+00
###1.099999999999999e+01
4.912180928022126e-09
6.203945949192547e-09
7.796789803586785e-09
9.699186727420326e-09
1.203296422090061e-08
1.489459037430757e-08
1.837229880051944e-08
2.260911093266725e-08
2.777643664120934e-08
3.407921911086557e-08
4.175680325204134e-08
5.111729910504300e-08
6.253129001934348e-08
7.644303031347401e-08
9.340571582416857e-08
1.140608627094265e-07
1.392193306577094e-07
1.698603851837092e-07
2.071689333679408e-07
2.525717997168085e-07
3.079298168660251e-07
3.750621601012036e-07
4.568051824129687e-07
5.562643928634538e-07
6.771002777836479e-07
8.239612091444953e-07
1.002440239932016e-06
1.219228415017960e-06
1.482448561062062e-06
1.801991012452058e-06
2.189817488869454e-06
2.660306006464044e-06
3.231091440159741e-06
3.922890712991526e-06
4.761802220117010e-06
5.777657560802353e-06
7.008391448781855e-06
8.498566130998401e-06
1.030253672810680e-05
1.248428826096064e-05
1.512339643755245e-05
1.831395374927247e-05
2.216961258696495e-05
2.682705960500310e-05
3.245164283061683e-05
3.923774209297077e-05
4.742439580444771e-05
5.729740904494200e-05
6.919461791267490e-05
8.352476670511992e-05
1.007804026534220e-04
1.215410461908268e-04
1.465150886144641e-04
1.765271380138438e-04
2.125800313489691e-04
2.558604499979715e-04
3.078103514686359e-04
3.700675511590624e-04
4.446411648412927e-04
5.339625364764583e-04
6.408273538955065e-04
7.685962227552833e-04
9.211885816959952e-04
1.103284493959706e-03
1.320580304865011e-03
1.579436691918823e-03
1.887510475450282e-03
2.253977745934378e-03
2.689420143905241e-03
3.205900481607292e-03
3.818296366243167e-03
4.543831968458326e-03
5.402004172602940e-03
6.414731837043444e-03
7.609872398541971e-03
9.018029430558596e-03
1.067379936298819e-02
1.261877836095932e-02
1.489870141551218e-02
1.756698746656740e-02
2.068485326136820e-02
2.431967422180691e-02
2.854932384757448e-02
3.346004040805015e-02
3.914664093579891e-02
4.571956828918954e-02
5.329394207074886e-02
6.199846261419954e-02
7.197163644709692e-02
8.336227432739626e-02
9.632614546751304e-02
1.110279082631367e-01
1.276267311444475e-01
1.462959224240730e-01
1.671951295946235e-01
1.904658045030044e-01
2.162477287909073e-01
2.446411362623358e-01
2.757132622724220e-01
3.094808944964030e-01
3.458940196575377e-01
3.848587281577245e-01
4.261610337706696e-01
4.695152987487912e-01
5.145435680619477e-01
5.607675709416454e-01
6.075879712976830e-01
6.543458186206932e-01
7.002957340625394e-01
7.447060458453626e-01
7.867597047177179e-01
8.258255264895075e-01
8.612118284751316e-01
8.924351549765905e-01
9.191973089702653e-01
9.413957525926215e-01
9.591508193095127e-01
9.727710551765846e-01
9.827513037624694e-01
9.896890954342253e-01
9.942329857062010e-01
9.970133834817601e-01
9.985863878411477e-01
9.993985816900139e-01
9.997655386380773e-01
9.999158861895769e-01
9.999730558508586e-01
9.999923978823958e-01
9.999981294503762e-01
9.999996061933889e-01
9.999999297712781e-01
9.999999895720811e-01
9.999999987382046e-01
9.999999998749454e-01
9.999999999906815e-01
9.999999999993981e-01
9.999999999999842e-01
9.999999999999969e-01
1.000000000000000e+00
9.999999999999999e-01
1.000000000000000e+00
1.000000000000000e+00
1.000000000000000e+00
1.000000000000000e+00
1.000000000000000e+00
1.000000000000000e+00
1.000000000000000e+00
1.000000000000000e+00
1.000000000000000e+00
1.000000000000000e+00
###1.119999999999999e+01
5.279324986419830e-09
6.666881267524129e-09
8.378714503439965e-09
1.042266338359081e-08
1.292974628996238e-08
1.600342778333496e-08
1.973810561895370e-08
2.428711883040682e-08
2.983418759286375e-08
3.659889757989354e-08
4.483751654177099e-08
5.488001475476983e-08
6.712325282989541e-08
8.204271231137732e-08
1.002304656641648e-07
1.223726726502586e-07
1.493367252141398e-07
1.821698350671123e-07
2.221387577170594e-07
2.707683807781574e-07
3.300482604287684e-07
4.019193406744010e-07
4.894114851037025e-07
5.958421371082345e-07
7.251167416099775e-07
8.821960769982751e-07
1.073047044212832e-06
1.304805968316650e-06
1.586130541696137e-06
1.927564983092481e-06
2.341854198849135e-06
2.844313193769547e-06
3.453721914501346e-06
4.192131682102943e-06
5.087290142429259e-06
6.171012103390451e-06
7.483561124416823e-06
9.072336554457757e-06
1.099510480556352e-05
1.331981630025414e-05
1.613102631681826e-05
1.952857701246222e-05
2.363308072408654e-05
2.858952604711044e-05
3.457324140307420e-05
4.179021392667828e-05
5.049371417500347e-05
6.098639805215806e-05
7.362589152292607e-05
8.884461462651215e-05
1.071635343950193e-04
1.291951792694325e-04
1.556880843899069e-04
1.875129649352562e-04
2.257283753305377e-04
2.715861989015578e-04
3.266072266180352e-04
3.925173835427169e-04
4.714300726791190e-04
5.659079232044294e-04
6.788906934650966e-04
8.139114229867480e-04
9.750875300068720e-04
1.167329851515064e-03
1.396625019877872e-03
1.669632533643798e-03
1.994376014314885e-03
2.380463773759588e-03
2.838964436985464e-03
3.382481698800110e-03
4.026556964492947e-03
4.789163737440733e-03
5.690621178023588e-03
6.753740782248443e-03
8.007518140685604e-03
9.483771792933625e-03
1.121834754865361e-02
1.325442470276418e-02
1.563930289668652e-02
1.842839053441800e-02
2.168445117334544e-02
2.547734499871896e-02
2.988704569214401e-02
3.500210493136485e-02
4.091967367986037e-02
4.775273818307191e-02
5.561874002035626e-02
6.464858837550523e-02
7.498283015302566e-02
8.677143136795579e-02
1.001715448303434e-01
1.153481465255475e-01
1.324588849274500e-01
1.516758291873665e-01
1.731547722562403e-01
1.970316162352053e-01
2.234389973556540e-01
2.524673412761226e-01
2.841716997168957e-01
3.185540475942774e-01
3.555469263946490e-01
3.950372168052194e-01
4.367892576493137e-01
4.804951070831178e-01
5.257552344439540e-01
5.720689386811666e-01
6.188200308581610e-01
6.653370930727547e-01
7.108688031431099e-01
7.546862752414649e-01
7.959899660179277e-01
8.341573962482883e-01
8.685443032510342e-01
8.987060488759664e-01
9.243914227069007e-01
9.455466377168570e-01
9.623371768180291e-01
9.751090193625627e-01
9.843811546280180e-01
9.907611747735541e-01
9.948928550267765e-01
9.973895774081206e-01
9.987825338456620e-01
9.994906195263807e-01
9.998049532459988e-01
9.999313363271198e-01
9.999784541096245e-01
9.999940565093027e-01
9.999985735719537e-01
9.999997075170969e-01
9.999999493316183e-01
9.999999927083377e-01
9.999999991463193e-01
9.999999999186111e-01
9.999999999941196e-01
9.999999999996430e-01
9.999999999999892e-01
9.999999999999987e-01
1.000000000000000e+00
1.000000000000000e+00
1.000000000000000e+00
1.000000000000000e+00
1.000000000000000e+00
1.000000000000000e+00
1.000000000000000e+00
1.000000000000000e+00
1.000000000000000e+00
1.000000000000000e+00
1.000000000000000e+00
1.000000000000000e+00
###1.139999999999999e+01
5.670926234123665e-09
7.160696387666712e-09
8.999463474727853e-09
1.119437348850443e-08
1.388625386589675e-08
1.718601814610868e-08
2.119460695292468e-08
2.607633786474844e-08
3.202802557148672e-08
3.928482584590373e-08
4.812098812674669e-08
5.888971552573538e-08
7.201579468471720e-08
8.800787326945593e-08
1.074993160042823e-07
1.312236642486862e-07
1.601083191116661e-07
1.952725931814328e-07
2.380700685278064e-07
2.901296305509922e-07
3.535773226620367e-07
4.304830939256289e-07
5.240819694496800e-07
6.379158409995643e-07
7.761495474616293e-07
9.440746423948470e-07
1.148053735401157e-06
1.395696731127737e-06
1.696219570901507e-06
2.060865380225505e-06
2.503204456813707e-06
3.039541869770802e-06
3.689867240294804e-06
4.477640597510992e-06
5.432352665097481e-06
6.587905996207464e-06
7.987025610509264e-06
9.680100482998304e-06
1.172849291054582e-05
1.420433171264290e-05
1.719741506960508e-05
2.081364036674963e-05
2.518094335884419e-05
3.045304556569796e-05
3.681576968306719e-05
4.448730015162880e-05
5.373586071293205e-05
6.488180133422619e-05
7.830351366701102e-05
9.445825725666299e-05
1.138967957217037e-04
1.372662456694771e-04
1.653571920242264e-04
1.990886086044062e-04
2.395773445260315e-04
2.881434571205675e-04
3.463901196624133e-04
4.161351998501647e-04
4.996011141993741e-04
5.994872520610484e-04
7.188835791237451e-04
8.615027204958616e-04
1.031668084503482e-03
1.234530715226329e-03
1.476378392187124e-03
1.764181262150741e-03
2.106343203634114e-03
2.512920509452866e-03
2.995485909446367e-03
3.567202229081707e-03
4.244296798967886e-03
5.045516461807517e-03
5.992027458094794e-03
7.107559146448950e-03
8.422277818765036e-03
9.969245556040854e-03
1.178559253366869e-02
1.391611237493139e-02
1.640970402035544e-02
1.932382136024543e-02
2.272272039498511e-02
2.667885110793869e-02
3.127428253137819e-02
3.659988478928896e-02
4.275513471613093e-02
4.985555016352553e-02
5.802085195786476e-02
6.738404294792852e-02
7.808765664900522e-02
9.028267952470055e-02
1.041274355607657e-01
1.197869833961771e-01
1.374172048165211e-01
1.571885386437466e-01
1.792525519247878e-01
2.037391346839193e-01
2.307732826868680e-01
2.604350821865323e-01
2.927668623219054e-01
3.277552691371812e-01
3.653149481348440e-01
4.053132270021058e-01
4.474926097823572e-01
4.915229244236811e-01
5.369833213478040e-01
5.833516412056385e-01
6.299958162278818e-01
6.762334325727621e-01
7.213091468760295e-01
7.644989323569724e-01
8.050221102693016e-01
8.422697898605107e-01
8.756441084676673e-01
9.047412444037461e-01
9.293572117838955e-01
9.494862694254096e-01
9.653372643184288e-01
9.772910034831398e-01
9.858875432241946e-01
9.917414272801960e-01
9.954890258159026e-01
9.977249465992840e-01
9.989547915727260e-01
9.995700882598970e-01
9.998383704981393e-01
9.999441861367609e-01
9.999828506251838e-01
9.999953767215325e-01
9.999989181316318e-01
9.999997840682782e-01
9.999999636777412e-01
9.999999949367947e-01
9.999999994266908e-01
9.999999999474399e-01
9.999999999963183e-01
9.999999999997908e-01
9.999999999999927e-01
9.999999999999996e-01
1.000000000000000e+00
1.000000000000000e+00
1.000000000000000e+00
1.000000000000000e+00
1.000000000000000e+00
1.000000000000000e+00
1.000000000000000e+00
1.000000000000000e+00
1.000000000000000e+00
1.000000000000000e+00
1.000000000000000e+00
1.000000000000000e+00
###1.159999999999999e+01
6.088436221487243e-09
7.687224676220783e-09
9.661342995988458e-09
1.201717894367369e-08
1.490602655788446e-08
1.844672601237637e-08
2.274715988927492e-08
2.798332269388193e-08
3.436597988004329e-08
4.214675309556648e-08
5.161907431540265e-08
6.316080023825001e-08
7.722638318726360e-08
9.435968325248085e-08
1.152379011320723e-07
1.406448487443124e-07
1.715716002204032e-07
2.092139535521793e-07
2.550175377831456e-07
3.107215078101868e-07
3.785965615559573e-07
4.608492650692980e-07
5.609320612486092e-07
6.826244580743814e-07
8.303658585242670e-07
1.009797901640451e-06
1.227701871098520e-06
1.492184078898491e-06
1.813063985522660e-06
2.202310159612717e-06
2.674369484544258e-06
3.246592767089930e-06
3.940247046042224e-06
4.780278956907077e-06
5.798020498914085e-06
7.029571741733830e-06
8.520257717024462e-06
1.032361678341927e-05
1.250480018469410e-05
1.514033790091748e-05
1.832554631637927e-05
2.217269715509994e-05
2.681742925164441e-05
3.242264688208906e-05
3.918520320815659e-05
4.733609568299963e-05
5.715925117326522e-05
6.899359357628567e-05
8.323929630151102e-05
1.003796688555997e-04
1.209967035173877e-04
1.457737472857644e-04
1.755454149703788e-04
2.112811722471163e-04
2.541588363686805e-04
3.055697199609027e-04
3.672030559819457e-04
4.409726247495740e-04
5.292147310875027e-04
6.347712004257833e-04
7.608885343347764e-04
9.114663221852015e-04
1.091042218803026e-03
1.305017165862637e-03
1.559991314131071e-03
1.863257618453234e-03
2.223613825932667e-03
2.651580567639086e-03
3.159252116248490e-03
3.760369040523010e-03
4.471867164415419e-03
5.313291088098610e-03
6.306679274563329e-03
7.476704402976665e-03
8.854736322609507e-03
1.047510956374386e-02
1.237627311828996e-02
1.460466639849121e-02
1.721082123155385e-02
2.025425465573731e-02
2.380077362819684e-02
2.792540719401328e-02
3.271234991521689e-02
3.825479258170556e-02
4.465452584879612e-02
5.202958243896987e-02
6.050197004897851e-02
7.020649388937546e-02
8.128779800899413e-02
9.389763385161704e-02
1.081953299837763e-01
1.243457638114569e-01
1.425027857337519e-01
1.628348080575742e-01
1.854887849741680e-01
2.105881239330666e-01
2.382496786118177e-01
2.685426633420168e-01
3.014961510432374e-01
3.370809567931570e-01
3.751934044065252e-01
4.156809617685099e-01
4.582641894376079e-01
5.025908215319002e-01
5.482190403390154e-01
5.946062442069759e-01
6.411055716231935e-01
6.870251651007482e-01
7.316076334734876e-01
7.741359076068064e-01
8.138496998227368e-01
8.501579936896044e-01
8.825087318460312e-01
9.105405224382573e-01
9.340966528072749e-01
9.532184929957543e-01
9.681562902661135e-01
9.793229508348760e-01
9.872764933694240e-01
9.926353784426833e-01
9.960261098623470e-01
9.980229871249282e-01
9.991055518350797e-01
9.996384456711190e-01
9.998665857777320e-01
9.999548250617937e-01
9.999864133303957e-01
9.999963600496486e-01
9.999991830352111e-01
9.999998415810106e-01
9.999999740875842e-01
9.999999965176822e-01
9.999999996147882e-01
9.999999999671860e-01
9.999999999974595e-01
9.999999999999516e-01
9.999999999999745e-01
1.000000000000006e+00
9.999999999999983e-01
1.000000000000000e+00
9.999999999999999e-01
1.000000000000000e+00
1.000000000000000e+00
1.000000000000000e+00
1.000000000000000e+00
1.000000000000000e+00
1.000000000000000e+00
1.000000000000000e+00
1.000000000000000e+00
1.000000000000000e+00
###1.179999999999999e+01
6.533382969994496e-09
8.248396161432601e-09
1.036678036427432e-08
1.289409243553683e-08
1.599279023508416e-08
1.979014526808376e-08
2.440140245938464e-08
3.001497109395776e-08
3.685658248690282e-08
4.519493592379321e-08
5.534424607314897e-08
6.770841111683947e-08
8.277338444760082e-08
1.011203948894780e-07
1.234731638605991e-07
1.506688139067137e-07
1.837659547333174e-07
2.240415157741549e-07
2.730385803263261e-07
3.326132649286811e-07
4.051894886260055e-07
4.931184386320596e-07
6.000828648954257e-07
7.301137422054955e-07
8.879409745360037e-07
1.079576579474315e-06
1.312244622352979e-06
1.594575433167671e-06
1.937028673461032e-06
2.352337040745248e-06
2.855874079763447e-06
3.466094705516068e-06
4.205614396480035e-06
5.100948027994348e-06
6.185371627366256e-06
7.497297979758377e-06
9.084796869421375e-06
1.100472331362957e-05
1.332621945869370e-05
1.613044903002067e-05
1.951853465889358e-05
2.360945548030071e-05
2.854694986606438e-05
3.450357410155514e-05
4.168777061089519e-05
5.034399343370137e-05
6.077265223268421e-05
7.333216183353073e-05
8.844553468111074e-05
1.066233894272495e-04
1.284804363479050e-04
1.547379588244700e-04
1.862766579863000e-04
2.241188084050855e-04
2.695059685296136e-04
3.239038990316683e-04
3.890917020697646e-04
4.670831805434360e-04
5.603335553226018e-04
6.718329682245626e-04
8.049909813771818e-04
9.639017582781150e-04
1.153325706397604e-03
1.378923618145149e-03
1.647619604231660e-03
1.967041798865331e-03
2.346395971990543e-03
2.796683661378724e-03
3.330538567460507e-03
3.962297975504212e-03
4.709629206075721e-03
5.592899436986675e-03
6.635044818377033e-03
7.861707017566954e-03
9.305492582628579e-03
1.100203767042647e-02
1.299114399722058e-02
1.532092837970256e-02
1.804358800293111e-02
2.122072162561179e-02
2.491974031497870e-02
2.921824367540766e-02
3.420257742205368e-02
3.996825221937775e-02
4.661935630486664e-02
5.427641505044078e-02
6.306364253123319e-02
7.311759553944433e-02
8.458495812942095e-02
9.761789907619076e-02
1.123766882862469e-01
1.290257618739835e-01
1.477166311857503e-01
1.686152800985465e-01
1.918636484234405e-01
2.175781829654704e-01
2.458670882940010e-01
2.767881745872193e-01
3.103567322104286e-01
3.465272596597535e-01
3.851773612049305e-01
4.261343776958886e-01
4.690968716892800e-01
5.136906854576525e-01
5.594534767907752e-01
6.058232687231154e-01
6.521395963818780e-01
6.977027878274211e-01
7.417554233038006e-01
7.835895081767752e-01
8.224667905792047e-01
8.578179051972058e-01
8.891363089195955e-01
9.161043065874866e-01
9.386123071088447e-01
9.567476353415892e-01
9.707998067965334e-01
9.812109953932416e-01
9.885540738413440e-01
9.934484814516997e-01
9.965085721373025e-01
9.982870203037038e-01
9.992370420968897e-01
9.996970221304400e-01
9.998903097126222e-01
9.999635935345312e-01
9.999892864764861e-01
9.999972067600887e-01
9.999993864210451e-01
9.999998844600351e-01
9.999999816309538e-01
9.999999976213357e-01
9.999999997430619e-01
9.999999999796993e-01
9.999999999982724e-01
1.000000000000019e+00
9.999999999999722e-01
1.000000000000007e+00
9.999999999999981e-01
1.000000000000000e+00
9.999999999999999e-01
1.000000000000000e+00
1.000000000000000e+00
1.000000000000000e+00
1.000000000000000e+00
1.000000000000000e+00
1.000000000000000e+00
1.000000000000000e+00
1.000000000000000e+00
1.000000000000000e+00
###1.199999999999999e+01
7.007374498246473e-09
8.846241989329279e-09
1.111832997431200e-08
1.382828435605244e-08
1.715046553546469e-08
2.122110952238656e-08
2.616326626398817e-08
3.217853901465701e-08
3.950855355760972e-08
4.844016052423216e-08
5.930961649339589e-08
7.254846761731871e-08
8.867610412355482e-08
1.083133955707122e-07
1.322334146115908e-07
1.613297952709779e-07
1.967327504322589e-07
2.398051954830543e-07
2.921934770005772e-07
3.558778066766366e-07
4.334437444768191e-07
5.273961479026069e-07
6.416614136581047e-07
7.805365480075984e-07
9.490586923744059e-07
1.153631562319452e-06
1.401947321408385e-06
1.703190176615557e-06
2.068495847851611e-06
2.511404386987251e-06
3.048267610368861e-06
3.698705754577935e-06
4.486757158193142e-06
5.440590451358609e-06
6.595533192340828e-06
7.992431704337508e-06
9.682251704576922e-06
1.172533997363112e-05
1.419504066249542e-05
1.717739410620085e-05
2.077963058014819e-05
2.512778393118822e-05
3.037410592172887e-05
3.670129452112031e-05
4.432996447957151e-05
5.351869534867390e-05
6.458519370385677e-05
7.790831919567223e-05
9.393502344210125e-05
1.132045438411442e-04
1.363658561971173e-04
1.641799529243554e-04
1.975757557516377e-04
2.376307519670796e-04
2.856531162266567e-04
3.431863648677825e-04
4.121034136122188e-04
4.945223414931718e-04
5.930224702795705e-04
7.107483464121491e-04
8.512793177363397e-04
1.018911967089209e-03
1.218638214177216e-03
1.456388923127299e-03
1.739424119187336e-03
2.075719749623833e-03
2.474904168499206e-03
2.948476737887647e-03
3.509628869567354e-03
4.173313894982683e-03
4.957954063182056e-03
5.884764341049494e-03
6.977604335280761e-03
8.263110553450661e-03
9.775159643388162e-03
1.155071877800926e-02
1.363097573946097e-02
1.606575641485285e-02
1.890895467707793e-02
2.222427019275028e-02
2.608076621272297e-02
3.055860604898629e-02
3.574630770618337e-02
4.174169765555992e-02
4.865114107656816e-02
5.659762781098435e-02
6.570749360167775e-02
7.611898455755627e-02
8.798065683160686e-02
1.014449884440591e-01
1.166729129009173e-01
1.338281751314987e-01
1.530596474706611e-01
1.745304769779045e-01
1.983771741741218e-01
2.247087402639672e-01
2.536242195514728e-01
2.851694877562425e-01
3.193455357490057e-01
3.560900788293102e-01
3.952616345680949e-01
4.366671921925553e-01
4.799833188522810e-01
5.248142354739115e-01
5.706776107441336e-01
6.169932159324674e-01
6.630882728049378e-01
7.082569964607961e-01
7.517439972932890e-01
7.926542009039053e-01
8.308679539490831e-01
8.652460386562105e-01
8.955256184220316e-01
9.214336453326996e-01
9.429072908172099e-01
9.600784652125471e-01
9.732736645628151e-01
9.829614166284232e-01
9.897263586577910e-01
9.941860870877712e-01
9.969407122072250e-01
9.985201849618133e-01
9.993513268501969e-01
9.997470281145840e-01
9.999101736738659e-01
9.999707874190279e-01
9.999915921396850e-01
9.999978660448416e-01
9.999995419523127e-01
9.999999162270947e-01
9.999999870713021e-01
9.999999983845411e-01
9.999999998304382e-01
9.999999999874065e-01
9.999999999988816e-01
1.000000000000030e+00
9.999999999999791e-01
1.000000000000005e+00
9.999999999999987e-01
1.000000000000000e+00
9.999999999999999e-01
1.000000000000000e+00
1.000000000000000e+00
1.000000000000000e+00
1.000000000000000e+00
1.000000000000000e+00
1.000000000000000e+00
1.000000000000000e+00
1.000000000000000e+00
1.000000000000000e+00
###1.219999999999999e+01
7.512102509432279e-09
9.482899087781067e-09
1.191867923997818e-08
1.482309006976472e-08
1.838317682671475e-08
2.274470311647227e-08
2.803898992237992e-08
3.448165694867194e-08
4.233120462285863e-08
5.189376673153003e-08
6.352896982124740e-08
7.769770137783568e-08
9.495482932082031e-08
1.159632574599276e-07
1.415483920563943e-07
1.726637483855126e-07
2.105154254537621e-07
2.565574348553484e-07
3.125454986471672e-07
3.805912500113979e-07
4.634512753259023e-07
5.637930874481874e-07
6.858009180510422e-07
8.340531273137615e-07
1.013911657252178e-06
1.232194312988634e-06
1.497087934911998e-06
1.818361929776974e-06
2.207865713971709e-06
2.679992002800937e-06
3.252124993767758e-06
3.945114397779243e-06
4.784499378196441e-06
5.800191872685769e-06
7.029683416798264e-06
8.516380528519833e-06
1.031430277191976e-05
1.248747188089813e-05
1.511365466821822e-05
1.828402161139215e-05
2.211222551853066e-05
2.673171748915807e-05
3.230369444170462e-05
3.902150667236297e-05
4.711854918446676e-05
5.686822354242810e-05
6.860638116243300e-05
8.273331943914184e-05
9.972107354756562e-05
1.201388606471780e-04
1.446715309193707e-04
1.741216260300969e-04
2.094685025002832e-04
2.518473540226752e-04
3.026359509218575e-04
3.634589913154460e-04
4.362872853947391e-04
5.233464969501211e-04
6.273486742642893e-04
7.515957882727531e-04
8.998449957669973e-04
1.076603383609931e-03
1.287103400456047e-03
1.537556475925387e-03
1.835570872032056e-03
2.189483263797409e-03
2.609359515547457e-03
3.107214123802352e-03
3.696814877636644e-03
4.393750835379297e-03
5.217223027628925e-03
6.189319801106771e-03
7.334850274284424e-03
8.681471804694698e-03
1.026436477083673e-02
1.212185680585728e-02
1.429655467995967e-02
1.684002488287022e-02
1.980788812874129e-02
2.326596450938095e-02
2.728501269087031e-02
3.194775395320729e-02
3.734489526264502e-02
4.357657131685293e-02
5.075139896317996e-02
5.899479820257094e-02
6.843513696540002e-02
7.921227683338986e-02
9.147647436827633e-02
1.053803856779864e-01
1.210853411839842e-01
1.387541163820247e-01
1.585326340247072e-01
1.805807893328298e-01
2.050292361188658e-01
2.319790388634405e-01
2.615195674116138e-01
2.936842360629477e-01
3.284592303260703e-01
3.657650365380760e-01
4.054407507366888e-01
4.472728296812207e-01
4.909159040941454e-01
5.359529093372747e-01
5.818821364733077e-01
6.281062735540323e-01
6.739414994435784e-01
7.186776994359001e-01
7.615616502123780e-01
8.017513770660548e-01
8.390419635236437e-01
8.724371073965831e-01
9.016742610584226e-01
9.265291157953259e-01
9.469845077373302e-01
9.632156877492082e-01
9.755836746636690e-01
9.845804192108903e-01
9.907992872680234e-01
9.948533606876389e-01
9.973266199273697e-01
9.987254184484646e-01
9.994503035197912e-01
9.997895473212707e-01
9.999267347212490e-01
9.999766621271512e-01
9.999934330472224e-01
9.999983772504313e-01
9.999996600766653e-01
9.999999396209007e-01
9.999999909634023e-01
9.999999989095881e-01
9.999999998891624e-01
9.999999999921890e-01
9.999999999992994e-01
1.000000000000025e+00
9.999999999999862e-01
1.000000000000003e+00
9.999999999999992e-01
1.000000000000000e+00
9.999999999999999e-01
1.000000000000000e+00
1.000000000000000e+00
1.000000000000000e+00
1.000000000000000e+00
1.000000000000000e+00
1.000000000000000e+00
1.000000000000000e+00
1.000000000000000e+00
1.000000000000000e+00
