#./build/bin/rcbk -ic FILE ./data/ic/97/ic_208_30.dat -rc BALITSKY -alphas_scaling 5.369405227375678 -maxy 12 -fast -output ./data/bks/97/ic_208_30.dat 
# BK equation solver 20160623 (build May 19 2026 14:19:13)
# Heikki Mäntysaari <mantysaari@bnl.gov>, 2011-2016
# Running coupling: Balitsky
# Scaling factor C^2 in alpha_s: 5.36941
# Initial condition is String is not impelmented for the current IC N(r=0.0333803 1/GeV) = 0.000103591
# \alpha_s = 12 \pi / [ (33.0 - 2.0*Nf) * log(4.0*C^2/(r^2*lambdaqcd^2) ], C^2=5.36941, lambdaqcd=0.241 GeV, maxalphas=0.7 nf=3
# Using fast (and not so accurate) parameters
# Solving BK equation up to y=12
# r limits: 1e-05 - 100 points 150 multiplier 1.11424
# maxy 12 ystep 0.2
###1.000000000000000e-05
###1.114242875232510e+00
###150
###0.000000000000000e+00
###0.000000000000000e+00
0.000000000000000e+00
2.628382606581532e-11
3.228526599116664e-11
3.976654704417004e-11
4.895372406640311e-11
6.024393372258861e-11
7.414561492589323e-11
9.124542045192011e-11
1.122782550474623e-10
1.381499316734419e-10
1.699690645032927e-10
2.090995654824767e-10
2.572175138365631e-10
3.163814604481409e-10
3.891205337128931e-10
4.785410809393025e-10
5.884579480539765e-10
7.235565540873550e-10
8.895895007172638e-10
1.093618807624669e-09
1.344315404879000e-09
1.652321440583948e-09
2.030696805537170e-09
2.495471095839498e-09
3.066310885067925e-09
3.767342257323230e-09
4.628166636242326e-09
5.685088040224247e-09
6.982626450833133e-09
8.575386128372948e-09
1.053031027336003e-08
1.292946246837024e-08
1.587345885317347e-08
1.948560704521650e-08
2.391701469581616e-08
2.935288944883243e-08
3.602013125897121e-08
4.419670976503454e-08
5.422322370099739e-08
6.651682417399172e-08
8.158842672352404e-08
1.000639214749070e-07
1.227097135718358e-07
1.504643329717532e-07
1.844773813040064e-07
2.261564327138470e-07
2.772251663286845e-07
3.397949985302009e-07
4.164513900881880e-07
5.103610206121216e-07
6.254038997614784e-07
7.663327213121703e-07
9.389711853762069e-07
1.150458619715423e-06
1.409545579679766e-06
1.726962645464250e-06
2.115875688210795e-06
2.592437407771405e-06
3.176477157897236e-06
3.892353225919745e-06
4.769988620750297e-06
5.846169305265206e-06
7.166149223421657e-06
8.785607995199891e-06
1.077310780755799e-05
1.321313190920288e-05
1.620980483191254e-05
1.989156177268782e-05
2.441692343647990e-05
2.998159241053456e-05
3.682735013889615e-05
4.525305938444988e-05
5.562822813452532e-05
6.840998048333791e-05
8.416404566752512e-05
1.035906997660468e-04
1.275571448228055e-04
1.571375689630896e-04
1.936627466207682e-04
2.387818040465294e-04
2.945386739640784e-04
3.634668472349972e-04
4.487071296257099e-04
5.541534440387647e-04
6.846335579886894e-04
8.461332826932271e-04
1.046073980683119e-03
1.293656337233438e-03
1.600285905116464e-03
1.980099107127399e-03
2.450613759094919e-03
3.033531603888127e-03
3.755727107205374e-03
4.650466114305034e-03
5.758899848997715e-03
7.131893442098815e-03
8.832263846027198e-03
1.093748921569585e-02
1.354298009348929e-02
1.676602508394785e-02
2.075044233524550e-02
2.567203270934826e-02
3.174494285648875e-02
3.922870251486568e-02
4.843588263528756e-02
5.974022079264237e-02
7.358384835900367e-02
9.048291589921328e-02
1.110302263126886e-01
1.358899975331096e-01
1.657826572946361e-01
2.014543217043591e-01
2.436196003851930e-01
2.928773450733983e-01
3.495854190215434e-01
4.136940525398206e-01
4.845626956962605e-01
5.607362927332036e-01
6.398221388819941e-01
7.185094553574669e-01
7.926936907743106e-01
8.582019537234770e-01
9.115306482555784e-01
9.507297029413050e-01
9.762265380739691e-01
9.903416383847339e-01
9.968965558100522e-01
9.992354453188780e-01
9.998580281471983e-01
9.999855882997930e-01
9.999984163782479e-01
9.999999538983162e-01
1.000000000318896e+00
9.999999988815101e-01
1.000000000064128e+00
1.000000000245204e+00
9.999999998730937e-01
1.000000000006020e+00
1.000000000029069e+00
9.999999999853102e-01
1.000000000000530e+00
1.000000000003444e+00
9.999999999983005e-01
1.000000000000042e+00
1.000000000000408e+00
9.999999999998034e-01
1.000000000000002e+00
1.000000000000049e+00
9.999999999999739e-01
1.000000000000000e+00
###2.000000000000000e-01
2.902623259060861e-12
2.929530209762558e-11
3.610124797599329e-11
4.454154859153577e-11
5.490046868070049e-11
6.765545871328599e-11
8.334248674281718e-11
1.026338081520922e-10
1.263592937378371e-10
1.555418279472818e-10
1.914320036635412e-10
2.355729356237990e-10
2.898514674490883e-10
3.565997675385417e-10
4.386664864289273e-10
5.395648774298768e-10
6.636011962740402e-10
8.160689604889210e-10
1.003474641276575e-09
1.233794377583472e-09
1.516820905741025e-09
1.864612448662911e-09
2.291904652542262e-09
2.816872163355024e-09
3.461667831438859e-09
4.253685834561988e-09
5.226416333838521e-09
6.420982435859650e-09
7.887711754525223e-09
9.688488946473024e-09
1.189918909608202e-08
1.461268858329441e-08
1.794345548621214e-08
2.203075480673699e-08
2.704611704100693e-08
3.320035247038356e-08
4.075001013263315e-08
5.001172320569975e-08
6.137189297387501e-08
7.530395944337199e-08
9.238865483547695e-08
1.133396323908591e-07
1.390269258736663e-07
1.705175714695205e-07
2.091277968110129e-07
2.564460784422000e-07
3.144474211993068e-07
3.855340653231647e-07
4.726586196945213e-07
5.794406452726816e-07
7.102655187795833e-07
8.705978767288380e-07
1.067078827577662e-06
1.307848005412451e-06
1.602891518710254e-06
1.964498638205502e-06
2.407699114925914e-06
2.950926027878003e-06
3.616755408929183e-06
4.433110509911685e-06
5.434125224025243e-06
6.661902330712390e-06
8.167729782970745e-06
1.001543121475729e-05
1.228324760292499e-05
1.506716814460918e-05
1.848586560803343e-05
2.268510005595717e-05
2.784588543900892e-05
3.418826808606978e-05
4.198829561745432e-05
5.158458359176599e-05
6.339314750324786e-05
7.792941696029307e-05
9.583403442091724e-05
1.178889321701782e-04
1.450753311338517e-04
1.785881191153087e-04
2.199221684033322e-04
2.709159290427542e-04
3.338417341414830e-04
4.115170032280598e-04
5.074150974059339e-04
6.258400560570396e-04
7.721206768626296e-04
9.528355206548845e-04
1.176107513956363e-03
1.451955672484365e-03
1.792842090381873e-03
2.214106395064381e-03
2.734660532288909e-03
3.377945964994215e-03
4.172667277027435e-03
5.154395755242884e-03
6.367135538822418e-03
7.864489307043249e-03
9.712834237081313e-03
1.199340917259077e-02
1.480590923770363e-02
1.827177748398242e-02
2.253929119881442e-02
2.778918603315489e-02
3.423902310117825e-02
4.214948497328323e-02
5.183705478411902e-02
6.367231212994300e-02
7.809062327085446e-02
9.559955759888805e-02
1.167589858167409e-01
1.422143602994431e-01
1.726351044922132e-01
2.087081765526211e-01
2.510712848117618e-01
3.002340958054259e-01
3.564576762064786e-01
4.196031268021790e-01
4.889659378691394e-01
5.630908445246001e-01
6.396775843697537e-01
7.156225882251316e-01
7.871766176065946e-01
8.505847066616160e-01
9.027480948476666e-01
9.419727110302081e-01
9.686010779353218e-01
9.848388998024903e-01
9.936311373176497e-01
9.976197081489641e-01
9.992011960477085e-01
9.997656079440896e-01
9.999395080786339e-01
9.999870304457161e-01
9.999977131208663e-01
9.999996700379062e-01
9.999999629485493e-01
9.999999967995075e-01
9.999999997564657e-01
9.999999999819673e-01
1.000000000018683e+00
9.999999999916958e-01
1.000000000000348e+00
1.000000000001670e+00
9.999999999992234e-01
9.999999999999949e-01
1.000000000000194e+00
9.999999999999127e-01
1.000000000000000e+00
1.000000000000021e+00
9.999999999999895e-01
9.999999999999997e-01
###4.000000000000000e-01
6.091449733408628e-12
3.268235559354181e-11
4.038814180936550e-11
4.990241188505562e-11
6.158120203711440e-11
7.597190740753574e-11
9.365924435044122e-11
1.154068830985915e-10
1.421508381570698e-10
1.750446837019720e-10
2.154974822184676e-10
2.652544328670507e-10
3.264377307639048e-10
4.016847818002366e-10
4.942029935101906e-10
6.079603414279292e-10
7.478137470175876e-10
9.197407032883703e-10
1.131083708268574e-09
1.390842519554350e-09
1.710071304156608e-09
2.102402151237955e-09
2.584450371440407e-09
3.176783559971562e-09
3.904337230394111e-09
4.798154348527502e-09
5.896064456693781e-09
7.244560162094992e-09
8.900429214136596e-09
1.093375267202459e-08
1.343037165687276e-08
1.649516638164710e-08
2.025798287172525e-08
2.487600484417542e-08
3.054342996690993e-08
3.749952639684943e-08
4.603399912560553e-08
5.650636913473573e-08
6.935398750287917e-08
8.511289321696164e-08
1.044414845301045e-07
1.281497414519990e-07
1.572251346728832e-07
1.928754800415790e-07
2.366017177547643e-07
2.901933512374589e-07
3.559031898717958e-07
4.364555047052628e-07
5.352086809007695e-07
6.562821604066629e-07
8.046208558972788e-07
9.864730764405073e-07
1.209379364768448e-06
1.482587094151754e-06
1.817436209466738e-06
2.227930131668628e-06
2.731145772634511e-06
3.348017658869949e-06
4.104134288732343e-06
5.031317675637232e-06
6.168315882955604e-06
7.563010678513956e-06
9.273432984895588e-06
1.137189208855145e-05
1.394745676596812e-05
1.710869019490713e-05
2.098986182040606e-05
2.575557628161676e-05
3.161114411089586e-05
3.880297542217814e-05
4.764401396856226e-05
5.851567721478747e-05
7.188400224663924e-05
8.832700198025444e-05
1.085654385458657e-04
1.334687524305852e-04
1.641395383897175e-04
2.019015341340108e-04
2.484237493148543e-04
3.057459705464674e-04
3.763813016967610e-04
4.634471479606377e-04
5.707672582871950e-04
7.030764408053602e-04
8.662281637823640e-04
1.067420172221370e-03
1.315506114737360e-03
1.621356072956342e-03
1.998524443377847e-03
2.463592390130622e-03
3.036906438793277e-03
3.743686193755242e-03
4.614508073740595e-03
5.687311377113436e-03
7.008895638487217e-03
8.635707976981313e-03
1.063765162841738e-02
1.309970578028801e-02
1.612578289988735e-02
1.984139488801968e-02
2.439913419262939e-02
2.998441894261057e-02
3.681797076906281e-02
4.516154938976041e-02
5.533472735649344e-02
6.770474493638504e-02
8.269993915131921e-02
1.008183887600029e-01
1.225894059323339e-01
1.486381817923907e-01
1.795861815727302e-01
2.160642554852389e-01
2.586386472233274e-01
3.077372154216923e-01
3.635341038985987e-01
4.258124537980412e-01
4.938149303466709e-01
5.660940167385485e-01
6.404369265314133e-01
7.139313399040101e-01
7.831395918049038e-01
8.446665368357550e-01
8.957517909768390e-01
9.349040007108264e-01
9.623876968137973e-01
9.802205740494946e-01
9.907254540131859e-01
9.960603654067173e-01
9.984893862066805e-01
9.994875532135484e-01
9.998478319742208e-01
9.999614374667255e-01
9.999917757293301e-01
9.999985457896503e-01
9.999997926411388e-01
9.999999766054680e-01
9.999999979724316e-01
9.999999998614633e-01
1.000000000005165e+00
9.999999999954202e-01
1.000000000000132e+00
1.000000000000832e+00
9.999999999996405e-01
9.999999999999878e-01
1.000000000000091e+00
9.999999999999615e-01
9.999999999999994e-01
1.000000000000009e+00
9.999999999999957e-01
9.999999999999998e-01
###6.000000000000001e-01
9.597185817974149e-12
3.648442861423290e-11
4.519481532288117e-11
5.591046606822671e-11
6.906635275330929e-11
8.528981616679724e-11
1.052120543517807e-10
1.297074779930110e-10
1.598294395101630e-10
1.968754653709825e-10
2.424337127365199e-10
2.984733597582813e-10
3.673806620161522e-10
4.521317747407959e-10
5.563402541049730e-10
6.844767620929002e-10
8.420152087529315e-10
1.035695616411102e-09
1.273794111653972e-09
1.566447249605338e-09
1.926133993857319e-09
2.368221814654966e-09
2.911422964727115e-09
3.578992164439274e-09
4.398962083540226e-09
5.406428498427462e-09
6.644058125325428e-09
8.164320646132591e-09
1.003120737582717e-08
1.232391724569763e-08
1.513932764323739e-08
1.859584866166922e-08
2.284011267780234e-08
2.804962239592249e-08
3.444345311940260e-08
4.229235920842983e-08
5.192351450439476e-08
6.374329116393869e-08
7.824588372356036e-08
9.603670769862753e-08
1.178603188314138e-07
1.446331909159663e-07
1.774717412503208e-07
2.177429654364805e-07
2.671466708126989e-07
3.277010430000147e-07
4.019580992480530e-07
4.930095815389194e-07
6.046439626721558e-07
7.415450866787905e-07
9.092699534179478e-07
1.114928482183817e-06
1.367041481343517e-06
1.676098046546489e-06
2.054904440289835e-06
2.519344282068866e-06
3.088739833056134e-06
3.786762784570018e-06
4.642265598885813e-06
5.691419672241983e-06
6.977920748595803e-06
8.555885373805546e-06
1.049087980932821e-05
1.286434471707288e-05
1.577702316190157e-05
1.935119774917904e-05
2.373798809720195e-05
2.912239470538113e-05
3.573593029997355e-05
4.385348119957963e-05
5.382766112436292e-05
6.608588770052367e-05
8.114789148406971e-05
9.965873828428419e-05
1.224247659144820e-04
1.504089847414881e-04
1.848430671749738e-04
2.271880065140683e-04
2.792967651929047e-04
3.434247921482070e-04
4.223368373350089e-04
5.194674781680759e-04
6.390091636514625e-04
7.861502274218050e-04
9.672883979871618e-04
1.190272271911039e-03
1.464714361885838e-03
1.802368876938351e-03
2.217919058046136e-03
2.729226313937487e-03
3.358112253714927e-03
4.131613779766079e-03
5.082220068043829e-03
6.250278334891129e-03
7.685394404221184e-03
9.446896630310788e-03
1.160820442560042e-02
1.425801593257316e-02
1.750439628455995e-02
2.147684023792165e-02
2.633211455737755e-02
3.226008145605415e-02
3.948437886949742e-02
4.826774409270631e-02
5.893210544138260e-02
7.184117406081043e-02
8.741600954488829e-02
1.061444572741766e-01
1.285272840550908e-01
1.551683098994348e-01
1.866437394595507e-01
2.235311710331578e-01
2.663302916521922e-01
3.153937483369403e-01
3.708173968043371e-01
4.323164147054658e-01
4.990888210391363e-01
5.696996032644644e-01
6.420219681053063e-01
7.133158399084490e-01
7.804175171720422e-01
8.402423052098010e-01
8.903137682344633e-01
9.293013487514501e-01
9.574003615027211e-01
9.764099578465697e-01
9.882087023174683e-01
9.946230577707084e-01
9.977785807146978e-01
9.991817931740344e-01
9.997346150105225e-01
9.999255243819200e-01
9.999821793916918e-01
9.999964249944586e-01
9.999994120166747e-01
9.999999224053590e-01
9.999999920003666e-01
9.999999993676829e-01
9.999999999699228e-01
9.999999999963266e-01
9.999999999999677e-01
1.000000000000424e+00
9.999999999998312e-01
9.999999999999905e-01
1.000000000000043e+00
9.999999999999831e-01
9.999999999999994e-01
1.000000000000004e+00
9.999999999999982e-01
9.999999999999999e-01
###8.000000000000000e-01
1.345598421744061e-11
4.074392818811962e-11
5.057654966560663e-11
6.263153522240659e-11
7.743807006867819e-11
9.570778119836445e-11
1.181269277674880e-10
1.456980680739959e-10
1.795868086135315e-10
2.212706672372072e-10
2.725310024216678e-10
3.355850550807406e-10
4.131191231853897e-10
5.084796454482330e-10
6.257386872884244e-10
7.699235316637549e-10
9.471973807750262e-10
1.165149169117630e-09
1.433095187138863e-09
1.762438139200976e-09
2.167242523216520e-09
2.664807695656269e-09
3.276178509665117e-09
4.027592850455531e-09
4.950551422146335e-09
6.084635072914942e-09
7.477888446037015e-09
9.189387048880010e-09
1.129124516686930e-08
1.387266388961274e-08
1.704281754414634e-08
2.093512543623259e-08
2.571484389081318e-08
3.158186584074892e-08
3.878324654886567e-08
4.762426940159231e-08
5.847367738493311e-08
7.178968339545539e-08
8.812946676092489e-08
1.081751486267767e-07
1.327666181998573e-07
1.629378303571977e-07
1.999476960260551e-07
2.453388283013403e-07
3.010226450674902e-07
3.692925176342750e-07
4.530072289481159e-07
5.556711859192997e-07
6.815407098545451e-07
8.359199034336091e-07
1.025064961185188e-06
1.256996941051325e-06
1.541326406462535e-06
1.889886615299784e-06
2.317128994676180e-06
2.840957656447672e-06
3.483160225919204e-06
4.270379955175987e-06
5.235081358410697e-06
6.418120585341660e-06
7.868613647843006e-06
9.647418419574465e-06
1.182833363116855e-05
1.450267040685266e-05
1.778382703008517e-05
2.180893279780935e-05
2.674731678141340e-05
3.280599644812235e-05
4.024469786971026e-05
4.936899248209870e-05
6.057408649023206e-05
7.433675045292508e-05
9.123424374657308e-05
1.119833531339780e-04
1.374817045076300e-04
1.687921584099119e-04
2.072835247717137e-04
2.545627252912623e-04
3.126778044167972e-04
3.841119373658531e-04
4.718954986886545e-04
5.797970376627839e-04
7.123965582447133e-04
8.753651330100229e-04
1.075647031445678e-03
1.321791813354154e-03
1.624193735902411e-03
1.995524471242124e-03
2.451633426097986e-03
3.011701339817992e-03
3.699065482195675e-03
4.542619890077232e-03
5.576806522458073e-03
6.844415310630360e-03
8.397885714272605e-03
1.029944632979107e-02
1.262602894003186e-02
1.547002853251083e-02
1.894360028470552e-02
2.318013540487327e-02
2.834043680155875e-02
3.461858443255660e-02
4.224089640730979e-02
5.147096807549965e-02
6.263242556374778e-02
7.608525394363101e-02
9.224300006936666e-02
1.115826666928006e-01
1.345781832275267e-01
1.618111919640906e-01
1.938150281592614e-01
2.311166933877931e-01
2.741537385059485e-01
3.232094811100338e-01
3.783090252530328e-01
4.391076955827287e-01
5.047666659452384e-01
5.738664205667369e-01
6.443613503566159e-01
7.136683387355248e-01
7.788644280945791e-01
8.371326468778446e-01
8.862362229369538e-01
9.249737953835120e-01
9.534798755200962e-01
9.733313972061364e-01
9.860862861229694e-01
9.933477694218056e-01
9.971084273647347e-01
9.988728109087092e-01
9.996107338167441e-01
9.998826600745399e-01
9.999695680371119e-01
9.999933243646948e-01
9.999987860827592e-01
9.999998209231883e-01
9.999999790834352e-01
9.999999981132985e-01
9.999999998761122e-01
9.999999999927547e-01
9.999999999997464e-01
1.000000000000215e+00
9.999999999999198e-01
9.999999999999941e-01
1.000000000000020e+00
9.999999999999927e-01
9.999999999999997e-01
1.000000000000002e+00
9.999999999999993e-01
1.000000000000000e+00
###1.000000000000000e+00
1.770251303528801e-11
4.550628321973124e-11
5.658931717251563e-11
7.013744190249718e-11
8.678549041801111e-11
1.073328484933963e-10
1.325408702059489e-10
1.635429237480325e-10
2.016303211192074e-10
2.484860384678967e-10
3.061034420774551e-10
3.769769535940941e-10
4.641263289005849e-10
5.713102182410034e-10
7.031117545011888e-10
8.651755442190701e-10
1.064432442478422e-09
1.309415015636938e-09
1.610595829979743e-09
1.980784716221594e-09
2.435808519992618e-09
2.995108970443457e-09
3.682329620499756e-09
4.527011376584801e-09
5.564488882641625e-09
6.839375089549404e-09
8.405623461804209e-09
1.032964570701920e-08
1.269258446732322e-08
1.559469976903291e-08
1.915879592749175e-08
2.353491179032371e-08
2.890891841499711e-08
3.550546186031939e-08
4.360309359625530e-08
5.354376146252157e-08
6.574360138319603e-08
8.071725275623079e-08
9.909238225132043e-08
1.216348828223215e-07
1.492903848168276e-07
1.832218334178048e-07
2.248453748457814e-07
2.758969344488090e-07
3.385209626603765e-07
4.153130424327524e-07
5.094703340057002e-07
6.249486084443194e-07
7.665202596999608e-07
9.401627630959124e-07
1.152913031380370e-06
1.413777411303883e-06
1.733564597128700e-06
2.125575186215282e-06
2.606056526917358e-06
3.195119341613646e-06
3.917248652097849e-06
4.802305345384278e-06
5.886724153272862e-06
7.216413764149550e-06
8.846398207961190e-06
1.084484783383364e-05
1.329427751578468e-05
1.629730184949728e-05
1.998039123669967e-05
2.449691167057909e-05
3.003583560393093e-05
3.682790315164356e-05
4.516317425817063e-05
5.538021496235000e-05
6.791990014259891e-05
8.331186605556903e-05
1.021949054644475e-04
1.253623994069617e-04
1.538092376300576e-04
1.887046389406194e-04
2.315629737192625e-04
2.841460482721898e-04
3.487086998394734e-04
4.279738401968806e-04
5.252523530622816e-04
6.446639354548538e-04
7.911955152577051e-04
9.710231088341666e-04
1.191663093915001e-03
1.462394014933681e-03
1.794422920557986e-03
2.201372628898926e-03
2.700298025117601e-03
3.311734954122134e-03
4.060580718470876e-03
4.977625710570455e-03
6.099303871747190e-03
7.470882836688317e-03
9.147663347287371e-03
1.119479161439246e-02
1.369270845608079e-02
1.673748283670745e-02
2.044529895395788e-02
2.495335750776173e-02
3.042636154068001e-02
3.706239267091339e-02
4.509021954975955e-02
5.477415920390588e-02
6.643894140256762e-02
8.044062181414545e-02
9.718500884111919e-02
1.171377590754703e-01
1.407474126711250e-01
1.685728631471813e-01
2.011066960176463e-01
2.388277683037999e-01
2.821154662060090e-01
3.311890093041627e-01
3.860093113919411e-01
4.461786605468271e-01
5.108279223974543e-01
5.785547088538704e-01
6.473895573090710e-01
7.148917893635702e-01
7.783503006552125e-01
8.351802700253216e-01
8.833473603275243e-01
9.217562822661756e-01
9.504889367574635e-01
9.709108112857848e-01
9.843478878444563e-01
9.922559038025713e-01
9.965053790533346e-01
9.985792193676705e-01
9.994856934234100e-01
9.998364571137641e-01
9.999549529324744e-01
9.999894308740007e-01
9.999979274088658e-01
9.999996673460728e-01
9.999999573003669e-01
9.999999957260279e-01
9.999999996775168e-01
9.999999999814712e-01
9.999999999992349e-01
1.000000000000096e+00
9.999999999999614e-01
9.999999999999967e-01
1.000000000000009e+00
9.999999999999968e-01
9.999999999999998e-01
1.000000000000001e+00
9.999999999999998e-01
1.000000000000000e+00
###1.200000000000000e+00
2.237671405344979e-11
5.083596905258208e-11
6.329384520942599e-11
7.850585421792362e-11
9.720509697743688e-11
1.202876957564823e-10
1.486046823983435e-10
1.834230042756156e-10
2.261853535987698e-10
2.787981405537313e-10
3.434910752163862e-10
4.230667463296169e-10
5.209142426609506e-10
6.412526451566860e-10
7.892299481469420e-10
9.711780063948131e-10
1.194878257244265e-09
1.469911315210251e-09
1.808025460013671e-09
2.223612314817808e-09
2.734432352662648e-09
3.362297290416882e-09
4.133766087565538e-09
5.082004667626030e-09
6.246602612559293e-09
7.677753690428185e-09
9.435943684819301e-09
1.159570605834849e-08
1.424817175998107e-08
1.750582936971755e-08
2.150655009325152e-08
2.641873832368369e-08
3.245103693275182e-08
3.985543179763932e-08
4.894442384248611e-08
6.010282062461934e-08
7.379661703884445e-08
9.060340099762774e-08
1.112282202357854e-07
1.365296218640222e-07
1.675706383146917e-07
2.056542725405742e-07
2.523703130380788e-07
3.096670610219658e-07
3.799506089124349e-07
4.661309927502476e-07
5.717944294309545e-07
7.013841338436250e-07
8.602400397883208e-07
1.055066046512800e-06
1.293779247331087e-06
1.586436741211816e-06
1.945169808212449e-06
2.384873341328016e-06
2.923752978800009e-06
3.584311132087315e-06
4.394017267547116e-06
5.386180522767575e-06
6.601572910981218e-06
8.091574876502194e-06
9.917622108674081e-06
1.215581032344621e-05
1.489803604228781e-05
1.825924671172022e-05
2.237992063549231e-05
2.743095770136687e-05
3.362248585984823e-05
4.121076143838677e-05
5.051841212326836e-05
6.191941273671186e-05
7.590354184211142e-05
9.305697974134897e-05
1.140842321585045e-04
1.398603598286783e-04
1.714837627047791e-04
2.102367623612493e-04
2.577880832533898e-04
3.160636661401630e-04
3.875372761181483e-04
4.751840296351938e-04
5.826106169414396e-04
7.143056133012021e-04
8.756827400304382e-04
1.073445822352390e-03
1.315709359335822e-03
1.612509705702696e-03
1.975898218214576e-03
2.420482988781486e-03
2.964569008463880e-03
3.630069463865000e-03
4.443500041241913e-03
5.437582766371902e-03
6.650781926513515e-03
8.130877979987136e-03
9.936060775745839e-03
1.213440993097953e-02
1.480987220215184e-02
1.806216679907580e-02
2.201144705506137e-02
2.679863542623513e-02
3.259220067800906e-02
3.959401854910317e-02
4.803508358879661e-02
5.818028355391403e-02
7.035491114606379e-02
8.491088306504868e-02
1.022460499580640e-01
1.228143011502492e-01
1.470400132121291e-01
1.754589400681356e-01
2.085247949711390e-01
2.466705412671246e-01
2.902209601086497e-01
3.393359264609416e-01
3.939175241454755e-01
4.535211316825253e-01
5.172524280956459e-01
5.837269729555251e-01
6.510462675635355e-01
7.168987285337629e-01
7.787598512512344e-01
8.342466122137361e-01
8.814970651569366e-01
9.195042751395724e-01
9.483073326583471e-01
9.690776105114115e-01
9.829730974392696e-01
9.913550456811622e-01
9.959855473628386e-01
9.983142648109420e-01
9.993671411517729e-01
9.997902669292686e-01
9.999394722890963e-01
9.999850356166978e-01
9.999968876163103e-01
9.999994664099194e-01
9.999999262580453e-01
9.999999919853179e-01
9.999999993343284e-01
9.999999999586132e-01
9.999999999981343e-01
1.000000000000002e+00
9.999999999999809e-01
9.999999999999980e-01
1.000000000000004e+00
9.999999999999986e-01
9.999999999999999e-01
1.000000000000000e+00
9.999999999999999e-01
1.000000000000000e+00
###1.400000000000000e+00
2.752156019935744e-11
5.675680657333866e-11
7.075609641802069e-11
8.782088830856177e-11
1.088013773487844e-10
1.347024160132883e-10
1.664764630993004e-10
2.055264745464137e-10
2.534948223932358e-10
3.125060010363755e-10
3.850614215961283e-10
4.743055354871743e-10
5.840336009361057e-10
7.189853460253590e-10
8.849259999205420e-10
1.088950648327094e-09
1.339783882857165e-09
1.648167220122940e-09
2.027261781095782e-09
2.493211529188120e-09
3.065913516072723e-09
3.769808905838521e-09
4.634676069444704e-09
5.697691187134393e-09
7.003151138382109e-09
8.607377540262548e-09
1.057818140723927e-08
1.299896211412948e-08
1.597191382462096e-08
1.962302145274043e-08
2.410678097266178e-08
2.961185115939105e-08
3.637198174143330e-08
4.466928882632062e-08
5.485368289551199e-08
6.735712573735906e-08
8.270052679480623e-08
1.015307295266329e-07
1.246378359140161e-07
1.529823199099937e-07
1.877559388781410e-07
2.304157328095737e-07
2.827419341148120e-07
3.469157329191216e-07
4.256286706466708e-07
5.221387217078622e-07
6.404557477219117e-07
7.855514968857422e-07
9.633997260614319e-07
1.181485250575010e-06
1.448688307562326e-06
1.776210470414057e-06
2.177643223111143e-06
2.669595440364355e-06
3.272417207774851e-06
4.011197059056166e-06
4.916656984552989e-06
6.025762423453760e-06
7.384260680608558e-06
9.049181369680174e-06
1.108899394010853e-05
1.358838579765450e-05
1.664932762292283e-05
2.040011741828717e-05
2.499633378646652e-05
3.062773756128169e-05
3.752720400353820e-05
4.597839078803797e-05
5.633884446074761e-05
6.902047168409363e-05
8.456535384437538e-05
1.036200648980834e-04
1.269591839878504e-04
1.555447559497605e-04
1.905852153501214e-04
2.334829755439614e-04
2.860702881423102e-04
3.504467811081995e-04
4.293177189180091e-04
5.259233535914678e-04
6.441819063180953e-04
7.889691234509738e-04
9.661459006295923e-04
1.182967400833807e-03
1.448172691433193e-03
1.772576732741491e-03
2.169133821394829e-03
2.653445288535273e-03
3.245114252452026e-03
3.967472140918994e-03
4.848693232795667e-03
5.923473085801395e-03
7.232343939439179e-03
8.825634244316474e-03
1.076445083942165e-02
1.311982097516655e-02
1.597919424477295e-02
1.944591536861722e-02
2.364404759683774e-02
2.871814635384965e-02
3.484031270720173e-02
4.221601588940205e-02
5.107825524048014e-02
6.169232540249923e-02
7.438358568954481e-02
8.949959781973374e-02
1.074300386014329e-01
1.286166720086100e-01
1.534607450168655e-01
1.824746162578809e-01
2.160747870324986e-01
2.546503810975959e-01
2.984747566769162e-01
3.476525461590142e-01
4.020319557381888e-01
4.611263447850663e-01
5.240203743853091e-01
5.893477560129775e-01
6.552757928833618e-01
7.196097696582436e-01
7.799899352491957e-01
8.342092706109328e-01
8.805541960194923e-01
9.180930729875533e-01
9.468298748586014e-01
9.677654152159059e-01
9.819355072542971e-01
9.906435205417984e-01
9.955571796815780e-01
9.980865685325540e-01
9.992607675764347e-01
9.997469024178354e-01
9.999242173674211e-01
9.999804698083993e-01
9.999957435110679e-01
9.999992308638909e-01
9.999998872465129e-01
9.999999869084205e-01
9.999999988283336e-01
9.999999999212428e-01
9.999999999961542e-01
9.999999999998965e-01
9.999999999999893e-01
9.999999999999987e-01
1.000000000000002e+00
9.999999999999993e-01
1.000000000000000e+00
1.000000000000000e+00
1.000000000000000e+00
1.000000000000000e+00
###1.600000000000000e+00
3.318378958117157e-11
6.338587685564608e-11
7.905173339462861e-11
9.817346460137007e-11
1.216872970538089e-10
1.507170906311500e-10
1.863284529518784e-10
2.300756030919008e-10
2.838214685950646e-10
3.499325927922487e-10
4.312101860263360e-10
5.311803095046916e-10
6.540850039873128e-10
8.052411402325023e-10
9.910977464094151e-10
1.219592949651101e-09
1.500495878678518e-09
1.845831065095965e-09
2.270323055397756e-09
2.792049010819350e-09
3.433261528537659e-09
4.221331518240106e-09
5.189566454913878e-09
6.379576600895905e-09
7.840856394573903e-09
9.636486758817393e-09
1.184235866152518e-08
1.455164738783930e-08
1.787873620019159e-08
2.196448177148016e-08
2.698168969901776e-08
3.314128736866921e-08
4.070473531772122e-08
4.998720249081361e-08
6.137980816377233e-08
7.536626499379211e-08
9.252785948223385e-08
1.135874851391309e-07
1.394285696508441e-07
1.711237027945947e-07
2.100049059390555e-07
2.576989237695437e-07
3.161942723075952e-07
3.879270479338926e-07
4.759008752713031e-07
5.837527785486640e-07
7.159612007233142e-07
8.780681771312625e-07
1.076743359967799e-06
1.320318694448249e-06
1.618725420083446e-06
1.984424605470151e-06
2.432577808540699e-06
2.981665648061335e-06
3.654367993168463e-06
4.478578905832279e-06
5.488497211088714e-06
6.725192568004161e-06
8.239685920281398e-06
1.009512693603414e-05
1.236759829595099e-05
1.515106235886992e-05
1.855836115740217e-05
2.273215406469702e-05
2.784429189378467e-05
3.410479543868328e-05
4.177096187458638e-05
5.115583049410320e-05
6.265433923189802e-05
7.671896274599853e-05
9.394765398096232e-05
1.150514072301312e-04
1.408794223355279e-04
1.724862586069074e-04
2.111971953263585e-04
2.585419794340851e-04
3.165259507150333e-04
3.874322894318882e-04
4.742107793992387e-04
5.803802072096883e-04
7.101864899217555e-04
8.689114078749133e-04
1.062883933920277e-03
1.299934764118391e-03
1.589454416338983e-03
1.943065462104960e-03
2.374662233119419e-03
2.900869772574819e-03
3.542630613190866e-03
4.324735604175308e-03
5.277058102524840e-03
6.436309448540516e-03
7.845126731698394e-03
9.556421521002903e-03
1.163424545631834e-02
1.415258606352145e-02
1.720239241579197e-02
2.089060882389720e-02
2.534514942346046e-02
3.071411243623220e-02
3.717309815263650e-02
4.493097403887712e-02
5.422252524308332e-02
6.531327772827003e-02
7.852819752909888e-02
9.421026839497164e-02
1.127407773968431e-01
1.345490518689349e-01
1.600140769970200e-01
1.896246587196486e-01
2.237615513144978e-01
2.627719024902651e-01
3.068804837440828e-01
3.561402860797445e-01
4.103499876392625e-01
4.689849994337967e-01
5.311122762294667e-01
5.953834332966287e-01
6.600265575314040e-01
7.229526872658329e-01
7.819480919224840e-01
8.349596847002257e-01
8.804031312972874e-01
9.174119433514980e-01
9.459641280825556e-01
9.669124163466125e-01
9.812051024193968e-01
9.901132340281371e-01
9.952225345613945e-01
9.979009446515400e-01
9.991704173283361e-01
9.997085121951004e-01
9.999101223160024e-01
9.999760536394066e-01
9.999945813824532e-01
9.999989784967801e-01
9.999998429409052e-01
9.999999807626438e-01
9.999999981714663e-01
9.999999998687492e-01
9.999999999931096e-01
9.999999999997569e-01
9.999999999999905e-01
9.999999999999991e-01
1.000000000000001e+00
9.999999999999997e-01
1.000000000000000e+00
1.000000000000000e+00
1.000000000000000e+00
1.000000000000000e+00
###1.800000000000000e+00
3.941321286756057e-11
7.071895198910251e-11
8.825968958033889e-11
1.096617965077872e-10
1.359848629116044e-10
1.684828993908429e-10
2.083408189201073e-10
2.573006865411503e-10
3.174487753256373e-10
3.914265020952634e-10
4.823663576072799e-10
5.942164873025702e-10
7.317128567413247e-10
9.008098560292280e-10
1.108712921414027e-09
1.364290100197977e-09
1.678464650165449e-09
2.064677484472560e-09
2.539379903655575e-09
3.122778766983521e-09
3.839728012404923e-09
4.720833715114842e-09
5.803280649433328e-09
7.133577653163179e-09
8.766941402863710e-09
1.077390383418402e-08
1.323922662256957e-08
1.626688728024327e-08
1.998464591406032e-08
2.454972846249620e-08
3.015506575506980e-08
3.703593701117082e-08
4.548461502519998e-08
5.585219161927484e-08
6.857515673036174e-08
8.419396426809771e-08
1.033561460583801e-07
1.268679604925434e-07
1.557150659698634e-07
1.910928363976963e-07
2.344865967640902e-07
2.877093895519493e-07
3.529768369164220e-07
4.330037599705782e-07
5.311355735640920e-07
6.514203087061510e-07
7.988501967567215e-07
9.795882658727190e-07
1.201061851271415e-06
1.472525722486885e-06
1.805054281709696e-06
2.212477839763163e-06
2.711663219280534e-06
3.323123735067974e-06
4.072065035553503e-06
4.989423683520109e-06
6.113187955847707e-06
7.488873685615027e-06
9.173027781916446e-06
1.123563767732597e-05
1.376091434031229e-05
1.685281716259754e-05
2.063590000283704e-05
2.526825311143605e-05
3.093923218698945e-05
3.788059181428825e-05
4.637581170744722e-05
5.676939183686495e-05
6.949625979004416e-05
8.505221177054401e-05
1.040948162734927e-04
1.274036976848002e-04
1.559074166851180e-04
1.907588106606814e-04
2.334071073204573e-04
2.855168902227461e-04
3.492761524570697e-04
4.271629922957842e-04
5.223840155320038e-04
6.387508122537371e-04
7.808536132647735e-04
9.543997264860392e-04
1.166222092153632e-03
1.424708198678822e-03
1.739970943416307e-03
2.124457615091542e-03
2.593034996426194e-03
3.163387828164838e-03
3.857838416559294e-03
4.702678407052690e-03
5.729520978291137e-03
6.977135787030072e-03
8.490300960409031e-03
1.032454617226373e-02
1.254689546194687e-02
1.523430763362247e-02
1.848122737097120e-02
2.239817124922780e-02
2.711684496698721e-02
3.278879760802252e-02
3.959299527606654e-02
4.774151229692603e-02
5.747070140869823e-02
6.904620331073502e-02
8.279195052010237e-02
9.904632790189463e-02
1.181819442999632e-01
1.406154124313647e-01
1.667041784071456e-01
1.969134069278396e-01
2.315893931451697e-01
2.710389902206445e-01
3.154409039897442e-01
3.647996583229574e-01
4.188681599777079e-01
4.770873084568724e-01
5.385089494139580e-01
6.018020357624624e-01
6.652510386275200e-01
7.268615782915092e-01
7.845505381803919e-01
8.364011520404854e-01
8.809416013138859e-01
9.173637318703157e-01
9.456280711318500e-01
9.664614505758877e-01
9.807506592352677e-01
9.897517921481219e-01
9.949795481336744e-01
9.977591802352682e-01
9.990982762990740e-01
9.996765634213235e-01
9.998979016942687e-01
9.999720617559922e-01
9.999934657058587e-01
9.999987288220327e-01
9.999997968479800e-01
9.999999740109902e-01
9.999999974057960e-01
9.999999998034040e-01
9.999999999890358e-01
9.999999999995691e-01
9.999999999999871e-01
9.999999999999992e-01
1.000000000000000e+00
9.999999999999999e-01
1.000000000000000e+00
1.000000000000000e+00
1.000000000000000e+00
1.000000000000000e+00
###2.000000000000000e+00
4.626374435706997e-11
7.882467094556993e-11
9.846478868536689e-11
1.223928543920761e-10
1.518255935693468e-10
1.881628751819022e-10
2.327211448502386e-10
2.874490230614390e-10
3.546823603084521e-10
4.373634226666017e-10
5.389914308551375e-10
6.639801801763584e-10
8.176118503356946e-10
1.006539762128899e-09
1.238811108080742e-09
1.524317409068292e-09
1.875250721477419e-09
2.306609848911152e-09
2.836766481616015e-09
3.488253998474361e-09
4.288801819426772e-09
5.272587051434848e-09
6.481020356510392e-09
7.966045430096632e-09
9.789158164711802e-09
1.202908742307832e-08
1.478029107026090e-08
1.815875184701479e-08
2.230673287083885e-08
2.739966885556968e-08
3.365237305193563e-08
4.132696382685805e-08
5.074940858677363e-08
6.231025688491525e-08
7.649569784065953e-08
9.390832020333176e-08
1.152681182370802e-07
1.414728303083778e-07
1.736196725137396e-07
2.130383332828370e-07
2.613807145531862e-07
3.206661812290850e-07
3.933554141112558e-07
4.824662775671728e-07
5.917208548682014e-07
7.256149383783895e-07
8.896962727761654e-07
1.090806083952457e-06
1.337195304776838e-06
1.639119782210631e-06
2.008902875528661e-06
2.461853569044851e-06
3.016690440501530e-06
3.696130633557956e-06
4.528114066981509e-06
5.546871423047657e-06
6.794486819589598e-06
8.321294419597977e-06
1.018975771165291e-05
1.247728670467007e-05
1.527683310814486e-05
1.870311572810161e-05
2.289328590273749e-05
2.802199524874016e-05
3.429740037725769e-05
4.197454119611248e-05
5.136492990020541e-05
6.284670871189309e-05
7.689752331527946e-05
9.405936669655535e-05
1.150533479591781e-04
1.407321203751754e-04
1.721085445191928e-04
2.104397391957974e-04
2.573062863184714e-04
3.145153665499321e-04
3.844456114242272e-04
4.697877517922813e-04
5.740119894534255e-04
7.012394387903209e-04
8.564217461694381e-04
1.045711904792288e-03
1.276471173174423e-03
1.557661627225176e-03
1.900154028554600e-03
2.317250389975686e-03
2.824823010091547e-03
3.441663137514045e-03
4.191481936051144e-03
5.102145449348744e-03
6.207037080692275e-03
7.547027497398042e-03
9.169071329644523e-03
1.113135109830162e-02
1.350389047942645e-02
1.636662884382629e-02
1.981750184096411e-02
2.397056934641465e-02
2.896126854545911e-02
3.494450529634280e-02
4.210247725685289e-02
5.065027670239466e-02
6.082560796895591e-02
7.289433835667833e-02
8.717802026049656e-02
1.040111346762446e-01
1.237570858851429e-01
1.468195115664469e-01
1.735349146925270e-01
2.043447748198369e-01
2.395620554700881e-01
2.794548240153752e-01
3.241579553711510e-01
3.736302987856477e-01
4.275822316026811e-01
4.854230402537167e-01
5.461914865492087e-01
6.085730842694944e-01
6.709041684744539e-01
7.312761536772848e-01
7.877219655818369e-01
8.384472249533629e-01
8.820787644223774e-01
9.178624803055615e-01
9.457488096449568e-01
9.663599348648345e-01
9.805408702851282e-01
9.895442410676110e-01
9.948231270607656e-01
9.976607530989564e-01
9.990452095912740e-01
9.996518935144363e-01
9.998880423265224e-01
9.999687025314048e-01
9.999924964842046e-01
9.999984996760842e-01
9.999997526216965e-01
9.999999672046544e-01
9.999999965948099e-01
9.999999997298920e-01
9.999999999841906e-01
9.999999999993455e-01
9.999999999999736e-01
1.000000000000002e+00
9.999999999999990e-01
1.000000000000000e+00
9.999999999999999e-01
1.000000000000000e+00
1.000000000000000e+00
1.000000000000000e+00
###2.200000000000000e+00
5.379355840707790e-11
8.779830578306396e-11
1.097714890504122e-10
1.364787275996097e-10
1.693513050535858e-10
2.099328258793496e-10
2.596865789910003e-10
3.207888225392474e-10
3.958515645519035e-10
4.881481026408438e-10
6.015823558029876e-10
7.410809676886018e-10
9.125318917734014e-10
1.123348012446962e-09
1.382514929412536e-09
1.701042876310176e-09
2.092530939879102e-09
2.573684466476872e-09
3.164977221256429e-09
3.891539268579358e-09
4.784226689735061e-09
5.881152795383121e-09
7.228363458754289e-09
8.883792438445537e-09
1.091581786049480e-08
1.341217535416318e-08
1.647795805724174e-08
2.024231170925823e-08
2.486342025886065e-08
3.053667968671385e-08
3.750088948882640e-08
4.604755403751543e-08
5.653951161908413e-08
6.941055049702421e-08
8.520121885358573e-08
1.045820382260312e-07
1.283518489472048e-07
1.575094892217321e-07
1.932728495275531e-07
2.371185980291982e-07
2.908805531834954e-07
3.568013184194489e-07
4.376128797556472e-07
5.366591777355523e-07
6.580645999011668e-07
8.068398910351922e-07
9.891087144107996e-07
1.212459837602267e-06
1.486035336012341e-06
1.821180877322056e-06
2.231573154438710e-06
2.734123731869272e-06
3.349556343067752e-06
4.102973782714511e-06
5.025271793235442e-06
6.154242082009653e-06
7.536389729427248e-06
9.227244806124907e-06
1.129565026880754e-05
1.382700810783553e-05
1.692367420514834e-05
2.071193176962927e-05
2.534246230632872e-05
3.100767270017974e-05
3.793588252411560e-05
4.640704915009037e-05
5.676265991556270e-05
6.941678716678962e-05
8.489265783901067e-05
1.037814629323067e-04
1.268719642075703e-04
1.550944376422984e-04
1.895511877433721e-04
2.316098644039858e-04
2.829901198286019e-04
3.456497503000583e-04
4.221666074950866e-04
5.154623864528491e-04
6.292764356042611e-04
7.680585696073250e-04
9.371387324109269e-04
1.143136337368841e-03
1.393963108487323e-03
1.699182520862380e-03
2.070450894955290e-03
2.521958395266723e-03
3.070616689611170e-03
3.736361418775191e-03
4.544329528218104e-03
5.524008102834822e-03
6.710590572750747e-03
8.147091375944630e-03
9.882676353996455e-03
1.197821525741851e-02
1.450675810961295e-02
1.755123231699852e-02
2.121305877852960e-02
2.560980979926665e-02
3.088059269155735e-02
3.718357339546222e-02
4.470404515306713e-02
5.365993044729882e-02
6.429006791457137e-02
7.686029522101200e-02
9.168952654145515e-02
1.091079528267625e-01
1.294695985713173e-01
1.531648782119974e-01
1.805098348361043e-01
2.119222450596885e-01
2.476827224781514e-01
2.880218950189843e-01
3.330327824572720e-01
3.826310120056223e-01
4.364872288220581e-01
4.939815512096433e-01
5.541412296030609e-01
6.156674373569215e-01
6.769441378586389e-01
7.361409933895521e-01
7.913945957152237e-01
8.410203500434175e-01
8.837338948425676e-01
9.188318163353557e-01
9.462613550485297e-01
9.665596590930653e-01
9.805451935915457e-01
9.894742414986407e-01
9.947462406165822e-01
9.976034658773646e-01
9.990110095966435e-01
9.996348000201288e-01
9.998808068980021e-01
9.999661121982403e-01
9.999917295517916e-01
9.999983063650445e-01
9.999997136967226e-01
9.999999609275935e-01
9.999999958156094e-01
9.999999996540659e-01
9.999999999794495e-01
9.999999999989374e-01
1.000000000000011e+00
9.999999999999882e-01
1.000000000000003e+00
9.999999999999992e-01
1.000000000000000e+00
9.999999999999999e-01
1.000000000000000e+00
1.000000000000000e+00
###2.400000000000000e+00
6.206523679443103e-11
9.771869338692146e-11
1.222655250679475e-10
1.520438838852282e-10
1.887147507823223e-10
2.339822701289892e-10
2.894711315086404e-10
3.576081311163998e-10
4.413110430083042e-10
5.442161096930430e-10
6.706734678362442e-10
8.261729409157468e-10
1.017273663365918e-09
1.252219296154194e-09
1.541029655065316e-09
1.895943512924225e-09
2.332104460686387e-09
2.868105978179409e-09
3.526716391010984e-09
4.335923955623644e-09
5.330019602191089e-09
6.551430859668319e-09
8.051280931536751e-09
9.894102575027907e-09
1.215582632089583e-08
1.493396220011646e-08
1.834546543904895e-08
2.253369941004345e-08
2.767437415987537e-08
3.398461392999224e-08
4.172964222328379e-08
5.123317648969963e-08
6.289808623225067e-08
7.720552886601783e-08
9.475554602923692e-08
1.162926446959745e-07
1.427020316743411e-07
1.750924480400760e-07
2.148136423185075e-07
2.635023864691175e-07
3.231908424708141e-07
3.963641669210636e-07
4.860498924297554e-07
5.959475329297815e-07
7.306175020381919e-07
8.956298683242213e-07
1.097734554353865e-06
1.345331343255389e-06
1.648527865731436e-06
2.019852328399983e-06
2.474444953104059e-06
3.030953405673501e-06
3.712269125628776e-06
4.546073577488020e-06
5.566453571124236e-06
6.815044759475598e-06
8.343117903156779e-06
1.021179858864737e-05
1.249679864677073e-05
1.529209700599861e-05
1.871020604107598e-05
2.288977072876249e-05
2.799600180647678e-05
3.424032123840670e-05
4.187264232758684e-05
5.119955574785885e-05
6.259456285508073e-05
7.651006421769268e-05
9.351787062554566e-05
1.142615027964431e-04
1.396016804321743e-04
1.705510975290930e-04
2.083068580992967e-04
2.543536477425976e-04
3.105582241808749e-04
3.790373003159726e-04
4.625794888011664e-04
5.643501008352916e-04
6.883666098749901e-04
8.394292477424781e-04
1.023262172636377e-03
1.246972506308986e-03
1.519045291613545e-03
1.849672533086518e-03
2.251324714520165e-03
2.739114098160369e-03
3.331026270636271e-03
4.048177309985055e-03
4.917173785349531e-03
5.969164472045614e-03
7.241194771282503e-03
8.778465754639036e-03
1.063238835867715e-02
1.286655347234797e-02
1.555706347725981e-02
1.878983933241019e-02
2.266978010009396e-02
2.731793743595100e-02
3.287702561617207e-02
3.950837086988661e-02
4.740022353431474e-02
5.677314843046502e-02
6.786689726028192e-02
8.094701988519054e-02
9.632952589469920e-02
1.143399424755550e-01
1.353227186249431e-01
1.596548041938780e-01
1.876321651384290e-01
2.196488687773753e-01
2.559540279370945e-01
2.967420257844763e-01
3.420657696727583e-01
3.917998164018793e-01
4.455774942871860e-01
5.027518198021597e-01
5.623397533434713e-01
6.230571748703868e-01
6.833318428726372e-01
7.414053018146661e-01
7.955064675335274e-01
8.440508559747487e-01
8.858350517462071e-01
9.202036516979269e-01
9.471076924038517e-01
9.670166992750078e-01
9.807344399768909e-01
9.895249726564871e-01
9.947406022753330e-01
9.975839692562040e-01
9.989946685893504e-01
9.996251445669359e-01
9.998762651327545e-01
9.999643569172857e-01
9.999911754320097e-01
9.999981597987344e-01
9.999996826367269e-01
9.999999556967147e-01
9.999999951292259e-01
9.999999995859290e-01
9.999999999743887e-01
9.999999999986871e-01
9.999999999999968e-01
9.999999999999895e-01
1.000000000000003e+00
9.999999999999993e-01
1.000000000000000e+00
9.999999999999999e-01
1.000000000000000e+00
1.000000000000000e+00
###2.600000000000000e+00
7.114545640179340e-11
1.086706387239260e-10
1.360416744825273e-10
1.692206694015823e-10
2.100807085749588e-10
2.605148603546788e-10
3.223264493776181e-10
3.982175879492441e-10
4.914421396210171e-10
6.060352256886892e-10
7.468378965037861e-10
9.199623492396414e-10
1.132700723064194e-09
1.394210941485212e-09
1.715649268259385e-09
2.110602713799874e-09
2.595910784566822e-09
3.192239044238060e-09
3.924875563168434e-09
4.824938286371458e-09
5.930465897938950e-09
7.288631449124463e-09
8.956202876692725e-09
1.100472209927223e-08
1.351873156483068e-08
1.660612678185227e-08
2.039697663073521e-08
2.505015879069165e-08
3.076060633594595e-08
3.776912357928769e-08
4.636985436159922e-08
5.692165969162254e-08
6.987104046897622e-08
8.575107400223025e-08
1.052271120871035e-07
1.291226214951526e-07
1.584191510958501e-07
1.943437155627706e-07
2.383901359076357e-07
2.923693512588385e-07
3.585294435743133e-07
4.396190644046679e-07
5.389852559966229e-07
6.607188944797304e-07
8.098486901897628e-07
9.925526057466686e-07
1.216259624653086e-06
1.490250438545067e-06
1.825675701307242e-06
2.236344994683273e-06
2.738979616934845e-06
3.354105082712045e-06
4.106938195857252e-06
5.027989331833893e-06
6.154740505716690e-06
7.532986048230153e-06
9.219127639585099e-06
1.128030901289037e-05
1.379962753815846e-05
1.688019061705053e-05
2.064566334976410e-05
2.524769111386122e-05
3.086713112206228e-05
3.773574934424195e-05
4.612655500255752e-05
5.637457475261606e-05
6.888746261009275e-05
8.415845965402147e-05
1.028111073538793e-04
1.255445227189706e-04
1.532958880987573e-04
1.871653185079606e-04
2.284502904576050e-04
2.787592921891349e-04
3.401145464393273e-04
4.148002824912522e-04
5.058277675009333e-04
6.166103495932449e-04
7.514792769741207e-04
9.155812169872494e-04
1.115059608157830e-03
1.357531217402144e-03
1.652077946759899e-03
2.009547814642860e-03
2.443254956903746e-03
2.969268212373724e-03
3.606682306363414e-03
4.377830120392785e-03
5.310832099794352e-03
6.438539806427333e-03
7.799892490034901e-03
9.442320736460917e-03
1.141951357987045e-02
1.379781634177462e-02
1.665640890319796e-02
2.008420917755156e-02
2.418958564157939e-02
2.909703368995882e-02
3.495280909332884e-02
4.192129498081732e-02
5.019355705941710e-02
5.999261325973315e-02
7.155890224075093e-02
8.515742439928245e-02
1.011010094398226e-01
1.197101548065703e-01
1.413195206934194e-01
1.662929140168509e-01
1.949048154937796e-01
2.275272718400139e-01
2.643780684805240e-01
3.056163930847822e-01
3.512565752633025e-01
4.011339877951672e-01
4.548467316231062e-01
5.117224756320000e-01
5.707688452101467e-01
6.307154806814481e-01
6.900305101671611e-01
7.470213115877344e-01
8.000009788838949e-01
8.474757894237128e-01
8.883173735941842e-01
9.219171776754075e-01
9.482359134487330e-01
9.676911527747513e-01
9.810811729341236e-01
9.896797643438154e-01
9.947973366255765e-01
9.975981839768437e-01
9.989946191462274e-01
9.996224566734362e-01
9.998743293879303e-01
9.999634413704418e-01
9.999908478511620e-01
9.999980652094785e-01
9.999996610998929e-01
9.999999518504765e-01
9.999999945947763e-01
9.999999995305453e-01
9.999999999699407e-01
9.999999999984890e-01
9.999999999999755e-01
9.999999999999928e-01
1.000000000000002e+00
9.999999999999997e-01
1.000000000000000e+00
1.000000000000000e+00
1.000000000000000e+00
1.000000000000000e+00
###2.800000000000000e+00
8.110781756173443e-11
1.207451737612808e-10
1.512269073552034e-10
1.881513395092517e-10
2.336262207052574e-10
2.897493335032810e-10
3.585231827529517e-10
4.429506255833684e-10
5.466551376963719e-10
6.741099928101869e-10
8.306957269943154e-10
1.023206772044801e-09
1.259739855374594e-09
1.550457358014064e-09
1.907761673169316e-09
2.346718900115101e-09
2.886025738092716e-09
3.548619757859350e-09
4.362551936096267e-09
5.362348202529713e-09
6.590197908008019e-09
8.098427782944836e-09
9.949995131804777e-09
1.222413034778844e-08
1.501479450649109e-08
1.844111651312362e-08
2.264762124692091e-08
2.781009434916955e-08
3.414457126478710e-08
4.191755185740157e-08
5.145479190084728e-08
6.315324205254928e-08
7.750767765242757e-08
9.510713688600063e-08
1.166897486667996e-07
1.431604895142936e-07
1.756102605493301e-07
2.153932181920292e-07
2.641599545421229e-07
3.239105219676529e-07
3.971280524191677e-07
4.868467479977070e-07
5.967606200517006e-07
7.313848803421720e-07
8.962561872436950e-07
1.098210502489655e-06
1.345409182418821e-06
1.648096998091462e-06
2.018540155345147e-06
2.471941270121475e-06
3.026724066772240e-06
3.705443503436821e-06
4.535823609908638e-06
5.551426073155760e-06
6.793377659747361e-06
8.311979532553229e-06
1.016912159454740e-05
1.243842220247315e-05
1.521090968900408e-05
1.859949115529174e-05
2.273977003290312e-05
2.779732980556922e-05
3.396976042472250e-05
4.151057216751508e-05
5.071744670701864e-05
6.195573938526819e-05
7.566949895894194e-05
9.239543758409008e-05
1.128115846712463e-04
1.376776757188100e-04
1.680104501090729e-04
2.050031998184400e-04
2.500595707508125e-04
3.049188905546227e-04
3.717675403851714e-04
4.530672700113998e-04
5.520609798064683e-04
6.724251374036705e-04
8.188191429630442e-04
9.967532665654884e-04
1.212808882912063e-03
1.475134972186771e-03
1.793434522347149e-03
2.179239425939599e-03
2.646737821618439e-03
3.212990145411986e-03
3.898236128012505e-03
4.726062127865321e-03
5.726147114625094e-03
6.933086917831323e-03
8.387756403590161e-03
1.013985848304699e-02
1.224539233363627e-02
1.477349025381880e-02
1.780643370993509e-02
2.143613868830999e-02
2.577443237282585e-02
3.094921543735518e-02
3.711021690608566e-02
4.442476935629024e-02
5.308660849838796e-02
6.332101355642673e-02
7.536888336750527e-02
8.949546365734025e-02
1.060069115248786e-01
1.252215306712383e-01
1.474629123525559e-01
1.730814782987722e-01
2.023303724375335e-01
2.355596574089076e-01
2.729564135160522e-01
3.146455480189513e-01
3.606041621506196e-01
4.106300994202360e-01
4.642880472421733e-01
5.208818276034746e-01
5.794104909378209e-01
6.386165455919713e-01
6.970054711340281e-01
7.529452712108414e-01
8.048263538153867e-01
8.512381606210320e-01
8.911227252745046e-01
9.239175179821538e-01
9.495995064435453e-01
9.685468740569160e-01
9.815598895980813e-01
9.899225293445972e-01
9.949074109169529e-01
9.976416408294349e-01
9.990089381912459e-01
9.996260381001224e-01
9.998747939311361e-01
9.999633209193857e-01
9.999907430094045e-01
9.999980234622111e-01
9.999996497527925e-01
9.999999495738066e-01
9.999999942485073e-01
9.999999994920965e-01
9.999999999666319e-01
9.999999999983346e-01
9.999999999999585e-01
9.999999999999952e-01
1.000000000000001e+00
9.999999999999998e-01
1.000000000000000e+00
1.000000000000000e+00
1.000000000000000e+00
1.000000000000000e+00
###3.000000000000000e+00
9.203115744928578e-11
1.340403135006182e-10
1.679441376669665e-10
2.089896903591043e-10
2.595415753487141e-10
3.219220314464416e-10
3.983522540846046e-10
4.921654754122994e-10
6.073914269233256e-10
7.489812478432099e-10
9.229106344337276e-10
1.136719037829676e-09
1.399383637026932e-09
1.722173097050637e-09
2.118852386669143e-09
2.606113236276122e-09
3.204674569068927e-09
3.939963845660336e-09
4.843063828907623e-09
5.952219870279534e-09
7.314245710890691e-09
8.986886777734361e-09
1.103999888270300e-08
1.356135457157963e-08
1.665486477647267e-08
2.045222214905121e-08
2.511352075486518e-08
3.083326234035036e-08
3.785024414198332e-08
4.645906688040839e-08
5.701992925961356e-08
6.997131359848018e-08
8.586044873478083e-08
1.053373981473698e-07
1.292182872464412e-07
1.585001469287443e-07
1.943893187897291e-07
2.383792060298989e-07
2.922907576623703e-07
3.583286630787376e-07
4.392309772835931e-07
5.383454611767267e-07
6.597370600942806e-07
8.083816761377593e-07
9.903830986226518e-07
1.213242481721922e-06
1.485959211611640e-06
1.819803234484501e-06
2.228241767317996e-06
2.727998473129969e-06
3.339314842140660e-06
4.086940527157213e-06
5.001302877259447e-06
6.119221684329840e-06
7.485762017630180e-06
9.156154414449575e-06
1.119805937778891e-05
1.369208966117582e-05
1.673778057280295e-05
2.045854671114866e-05
2.500275916649925e-05
3.055092534276022e-05
3.731851024314390e-05
4.558224241388353e-05
5.566612972506169e-05
6.796784132146789e-05
8.297017037525216e-05
1.012560379804143e-04
1.235588031975593e-04
1.507102711628337e-04
1.838037784690842e-04
2.241338179947179e-04
2.732162570680419e-04
3.329285730457386e-04
4.056303780470886e-04
4.939754239984739e-04
6.014349805248605e-04
7.319767727183137e-04
8.905991428693206e-04
1.083193523996120e-03
1.316798453747758e-03
1.600114733583851e-03
1.943502036517440e-03
2.359193696878765e-03
2.862286607676081e-03
3.470868371163444e-03
4.206360209445067e-03
5.093638922592829e-03
6.163987023378135e-03
7.453786414727693e-03
9.005889179407213e-03
1.087231320530610e-02
1.311139880637266e-02
1.579509690963456e-02
1.900881339271152e-02
2.284746096174130e-02
2.742631252307434e-02
3.287663237101910e-02
3.935155127265840e-02
4.702123921232616e-02
5.608195227370995e-02
6.676103551269967e-02
7.929962018026999e-02
9.396292003876958e-02
1.110500851820347e-01
1.308768815631459e-01
1.537556076719081e-01
1.800229361702822e-01
2.099110689551232e-01
2.437477907832436e-01
2.816900990636046e-01
3.238294212910108e-01
3.701068146425887e-01
4.202840483365247e-01
4.738939795155292e-01
5.302178819467139e-01
5.882468565458340e-01
6.467354784868105e-01
7.042239646966928e-01
7.591365145603827e-01
8.099351465567078e-01
8.552862635561360e-01
8.941988167713484e-01
9.261565075847042e-01
9.511568379867600e-01
9.695512128972681e-01
9.821471492668907e-01
9.902380666274696e-01
9.950619642957566e-01
9.977097366617834e-01
9.990355139628747e-01
9.996350468574536e-01
9.998773723065469e-01
9.999639150333223e-01
9.999908436785060e-01
9.999980317031191e-01
9.999996483797489e-01
9.999999488948773e-01
9.999999941037312e-01
9.999999994728113e-01
9.999999999647318e-01
9.999999999982370e-01
9.999999999999476e-01
9.999999999999967e-01
1.000000000000000e+00
9.999999999999999e-01
1.000000000000000e+00
1.000000000000000e+00
1.000000000000000e+00
1.000000000000000e+00
###3.200000000000001e+00
1.039980471859052e-10
1.486613600410781e-10
1.863261065158960e-10
2.319004264785565e-10
2.880311716645542e-10
3.572860821959729e-10
4.421254258348889e-10
5.462467676965341e-10
6.741229176556856e-10
8.312325718693209e-10
1.024196322704241e-09
1.261370558211822e-09
1.552703188771959e-09
1.910668668388110e-09
2.350524126048093e-09
2.890736061501022e-09
3.554241402763073e-09
4.369174199721270e-09
5.369964867235595e-09
6.598887549831545e-09
8.108243222456166e-09
9.960421310168860e-09
1.223404654504125e-08
1.502588541702916e-08
1.845060365635142e-08
2.265364171792838e-08
2.781204350554719e-08
3.414069448180097e-08
4.190308302692267e-08
5.142478299609792e-08
6.310309356194442e-08
7.742184522134244e-08
9.498520717303649e-08
1.165096842358298e-07
1.428960833799065e-07
1.752415245160579e-07
2.148767773463247e-07
2.634478332451238e-07
3.229587360543710e-07
3.958400967262186e-07
4.851014443125240e-07
5.944318532489051e-07
7.282977638595705e-07
8.921699219016295e-07
1.092778206122590e-06
1.338325806470560e-06
1.638727523008366e-06
2.006355029828863e-06
2.455977922174618e-06
3.005952607717613e-06
3.678482465744701e-06
4.500680230648140e-06
5.505884226085695e-06
6.734409940386378e-06
8.235566908990988e-06
1.006986622734501e-05
1.231116937207952e-05
1.504758199679343e-05
1.838775408115255e-05
2.246635371279159e-05
2.744539440637846e-05
3.352134344895633e-05
4.092874147065667e-05
4.996908577641575e-05
6.099444442493569e-05
7.443688176191422e-05
9.082039608765566e-05
1.107769760768466e-04
1.350989435104582e-04
1.646939075907629e-04
2.007369340775370e-04
2.446293273491167e-04
2.980054737527605e-04
3.628885945974341e-04
4.418209638959333e-04
5.376556626459679e-04
6.541118851472625e-04
7.954547932080947e-04
9.670404703207267e-04
1.175159523095397e-03
1.427327332082355e-03
1.732803450152463e-03
2.102680943966478e-03
2.549872282622701e-03
3.090431788732714e-03
3.743510518182097e-03
4.531748237587437e-03
5.481349433556249e-03
6.625245522888028e-03
8.001646539903238e-03
9.655423155244177e-03
1.164095061518966e-02
1.401894020562749e-02
1.686419206575857e-02
2.026525783536433e-02
2.432004287297640e-02
2.914725019158916e-02
3.488146241693773e-02
4.167913667458222e-02
4.971316306992070e-02
5.918216282429462e-02
7.031534667396974e-02
8.335383952333450e-02
9.856234179405164e-02
1.162332539961241e-01
1.366788598473661e-01
1.602001074513832e-01
1.871195666852275e-01
2.176487817886620e-01
2.520929936293032e-01
2.905796287460025e-01
3.331673322303025e-01
3.797621568641039e-01
4.300910816936814e-01
4.836565265708342e-01
5.397183589350038e-01
5.972602720548277e-01
6.550482240354021e-01
7.116546425838549e-01
7.655571415814157e-01
8.152836900530150e-01
8.595730816318207e-01
8.974984949761796e-01
9.285903778961760e-01
9.528707581763496e-01
9.706748059658934e-01
9.828215638373716e-01
9.906122604540366e-01
9.952525851712852e-01
9.977979406073608e-01
9.990721818918323e-01
9.996485698163277e-01
9.998817309236061e-01
9.999651197513042e-01
9.999911232512391e-01
9.999980842762159e-01
9.999996560641875e-01
9.999999497078589e-01
9.999999941533948e-01
9.999999994727795e-01
9.999999999643002e-01
9.999999999982075e-01
9.999999999999423e-01
9.999999999999973e-01
1.000000000000000e+00
1.000000000000000e+00
1.000000000000000e+00
1.000000000000000e+00
1.000000000000000e+00
1.000000000000000e+00
###3.400000000000001e+00
1.170972760656849e-10
1.647213355563489e-10
2.065148873176159e-10
2.570603154060461e-10
3.193143667363877e-10
3.961129019921033e-10
4.901783519345402e-10
6.056071091564774e-10
7.473567356790821e-10
9.214848197059569e-10
1.135314431728662e-09
1.398093780635491e-09
1.720842360651657e-09
2.117343162691962e-09
2.604487260494330e-09
3.202671711690302e-09
3.937278106584833e-09
4.839377114945282e-09
5.947056273674731e-09
7.306985250316930e-09
8.977437108483879e-09
1.102590709556204e-08
1.354056778170511e-08
1.662791694371714e-08
2.041445201248725e-08
2.506053113446425e-08
3.076163256171350e-08
3.775482648179658e-08
4.633048188795876e-08
5.684786832274596e-08
6.974455208974307e-08
8.555380754162912e-08
1.049414280334981e-07
1.286958019916766e-07
1.578107610654688e-07
1.934909168089933e-07
2.372022114919087e-07
2.907561308584946e-07
3.563548245706219e-07
4.366735235981157e-07
5.350174767860606e-07
6.554394974627800e-07
8.028491412694221e-07
9.832449897648835e-07
1.204030929570126e-06
1.474177312625388e-06
1.804579942252130e-06
2.208792082433931e-06
2.703008447684964e-06
3.307322094875156e-06
4.046055912345965e-06
4.948864257530241e-06
6.052216241239333e-06
7.400178889622205e-06
9.046617341779418e-06
1.105770726166967e-05
1.351396098325283e-05
1.651150326404448e-05
2.016873932361958e-05
2.463237658630108e-05
3.007899296791216e-05
3.672210386104275e-05
4.481658662185682e-05
5.469033731112474e-05
6.672530150741926e-05
8.139012035101186e-05
9.925257267762501e-05
1.209967061411343e-04
1.474775810575594e-04
1.796825565279999e-04
2.188737251594590e-04
2.665650710316876e-04
3.245160369779367e-04
3.949034587064748e-04
4.804567427166571e-04
5.842539046557361e-04
7.102603026546282e-04
8.630562292645484e-04
1.048372903438096e-03
1.272918601160990e-03
1.544705755472450e-03
1.873577888560700e-03
2.271386044901436e-03
2.751752794285836e-03
3.331721635452446e-03
4.031543962635940e-03
4.875115698053335e-03
5.890006500186078e-03
7.110842361881199e-03
8.577703684679713e-03
1.033752079877575e-02
1.244706830957572e-02
1.496945703872828e-02
1.798236568054858e-02
2.157751128760680e-02
2.585578486284701e-02
3.093930092251929e-02
3.696591112873649e-02
4.409531916349540e-02
5.250301216991689e-02
6.238981496746095e-02
7.398659806088879e-02
8.753422969249781e-02
1.032964401678047e-01
1.215590380469747e-01
1.426299675611725e-01
1.667987063508817e-01
1.943733717936845e-01
2.255450384565433e-01
2.605961538787002e-01
2.996249890472249e-01
3.426580112149625e-01
3.895671831069422e-01
4.400458334135073e-01
4.935671836513616e-01
5.493707199703110e-01
6.064335294243663e-01
6.635315064048634e-01
7.192683887470451e-01
7.721717662000102e-01
8.208317924658706e-01
8.640558368502366e-01
9.009791773598623e-01
9.311798554041469e-01
9.547077993082170e-01
9.718913407199654e-01
9.835638221476520e-01
9.910321817493704e-01
9.954713840964714e-01
9.979019285211740e-01
9.991168170709751e-01
9.996656811880266e-01
9.998875166638345e-01
9.999668189052212e-01
9.999915495795303e-01
9.999981737018636e-01
9.999996714045258e-01
9.999999518068969e-01
9.999999943744644e-01
9.999999994902109e-01
9.999999999652313e-01
9.999999999982473e-01
9.999999999999414e-01
9.999999999999978e-01
1.000000000000000e+00
1.000000000000000e+00
1.000000000000000e+00
1.000000000000000e+00
1.000000000000000e+00
1.000000000000000e+00
###3.600000000000001e+00
1.314264448846912e-10
1.823411907609324e-10
2.286628707794422e-10
2.846589508144066e-10
3.536264214901110e-10
4.386932012875060e-10
5.428704965753241e-10
6.706885884437778e-10
8.276364219928914e-10
1.020404498187913e-09
1.257084778569086e-09
1.547892661940239e-09
1.905026073157397e-09
2.343694374062623e-09
2.882572373386523e-09
3.544163222589291e-09
4.356505764613293e-09
5.353903681497991e-09
6.578401503576132e-09
8.081468790148504e-09
9.927869390313620e-09
1.219063975305122e-08
1.496852499580563e-08
1.837823519234786e-08
2.255965551795659e-08
2.768905824170688e-08
3.398195685246150e-08
4.169957832290599e-08
5.116154478931727e-08
6.276350028672386e-08
7.698708220036012e-08
9.441933779769660e-08
1.157924111817284e-07
1.419729120376790e-07
1.740557442691697e-07
2.133612127270769e-07
2.615027806518811e-07
3.204705405647046e-07
3.926804930911947e-07
4.810732082343652e-07
5.892736633241469e-07
7.217268666346193e-07
8.838214371941706e-07
1.082127592723281e-06
1.324772201787281e-06
1.621554967096046e-06
1.984432811879286e-06
2.428226317201017e-06
2.970665467930669e-06
3.633710765661238e-06
4.443967280994024e-06
5.433817248026684e-06
6.643094132745306e-06
8.119887333021379e-06
9.922988053820592e-06
1.212451688596388e-05
1.481223680159388e-05
1.809080523771884e-05
2.208905732970021e-05
2.696656724950694e-05
3.291544833337373e-05
4.016740670206354e-05
4.899898036583121e-05
5.976617664491463e-05
7.288272241444518e-05
8.885612087915093e-05
1.083006255985719e-04
1.319554713110914e-04
1.607423815333005e-04
1.957326253111416e-04
2.382807878225603e-04
2.900174480042814e-04
3.528402744915807e-04
4.290820775001403e-04
5.216699606850246e-04
6.339204824530548e-04
7.700556284509092e-04
9.349858644649768e-04
1.134835079805281e-03
1.376748187439488e-03
1.669255476870361e-03
2.022810105486031e-03
2.450046797674040e-03
2.965329150307497e-03
3.586722573497398e-03
4.335616187496215e-03
5.237200221506855e-03
6.320447190610918e-03
7.621723608753272e-03
9.183022581071424e-03
1.105337478892659e-02
1.329199570204583e-02
1.596442283867399e-02
1.915124137398050e-02
2.294735148477232e-02
2.745661962778850e-02
3.280454986865581e-02
3.913220921184699e-02
4.660246313818277e-02
5.539326638943179e-02
6.570747886458615e-02
7.777741813751801e-02
9.184343381075084e-02
1.081679157660776e-01
1.270299459149071e-01
1.487325473726833e-01
1.735534840762267e-01
2.017860695352052e-01
2.336010125056294e-01
2.692577258952591e-01
3.088256561109844e-01
3.522996150197812e-01
3.995182826344548e-01
4.501423582972861e-01
5.036169827774311e-01
5.591622176745874e-01
6.157502404142977e-01
6.721628372844217e-01
7.270372943045794e-01
7.789473262662473e-01
8.265424093926055e-01
8.686956279781275e-01
9.046024063885868e-01
9.338897165427341e-01
9.566381838853139e-01
9.731773386135367e-01
9.843566257926019e-01
9.914861233005371e-01
9.957111658898309e-01
9.980176887278344e-01
9.991674108639971e-01
9.996854863047443e-01
9.998943793172150e-01
9.999688935488728e-01
9.999920882689954e-01
9.999982916066309e-01
9.999996927290818e-01
9.999999549253056e-01
9.999999947334567e-01
9.999999995219816e-01
9.999999999672978e-01
9.999999999983485e-01
9.999999999999437e-01
9.999999999999980e-01
1.000000000000000e+00
1.000000000000000e+00
1.000000000000000e+00
1.000000000000000e+00
1.000000000000000e+00
1.000000000000000e+00
###3.800000000000001e+00
1.470890075524700e-10
2.016511506828294e-10
2.529334303426568e-10
3.148995968209038e-10
3.912195096171140e-10
4.853399137131335e-10
6.005869328114774e-10
7.419642135202991e-10
9.155442479666952e-10
1.128707880992052e-09
1.390391593257252e-09
1.711838930077985e-09
2.106565357520560e-09
2.591324994850496e-09
3.186737752805348e-09
3.917601829218500e-09
4.814850272279092e-09
5.916314578694180e-09
7.268410664660850e-09
8.927612305234673e-09
1.096599305232238e-08
1.346255358568697e-08
1.652748460114559e-08
2.028864289198383e-08
2.490044007464070e-08
3.055652966090417e-08
3.749398161575584e-08
4.600032748995546e-08
5.642724553322214e-08
6.920944617485331e-08
8.487659278589757e-08
1.040739157623501e-07
1.276051768406398e-07
1.564227802078759e-07
1.917298377072914e-07
2.349721397622211e-07
2.879239945249543e-07
3.527670799329958e-07
4.321510196942713e-07
5.292974206125000e-07
6.481824201480388e-07
7.936721965297662e-07
9.716688625003632e-07
1.189369196990769e-06
1.455662365966084e-06
1.781264513295914e-06
2.179253874717529e-06
2.665826235818823e-06
3.260356807331473e-06
3.986815289356329e-06
4.874256491561316e-06
5.957992337952050e-06
7.281436658975809e-06
8.897076416816978e-06
1.086889867425090e-05
1.327539228094127e-05
1.621210526726430e-05
1.979280225374913e-05
2.415745859448075e-05
2.947945424712512e-05
3.596714511139573e-05
4.387215941045402e-05
5.349369134774831e-05
6.521776488902227e-05
7.949188209810910e-05
9.686480071160738e-05
1.180000659985904e-04
1.436953687830293e-04
1.749431752375839e-04
2.129030414363481e-04
2.590276801659818e-04
3.150690263087126e-04
3.830736597069780e-04
4.655379470321035e-04
5.655930115825266e-04
6.868114119372955e-04
8.336802318134401e-04
1.011456451926775e-03
1.226674715335329e-03
1.486936025859332e-03
1.801309922909390e-03
2.180885334762770e-03
2.639107441657312e-03
3.191111801061787e-03
3.856019413482144e-03
4.656395010966963e-03
5.618761786096567e-03
6.773532955782694e-03
8.158861729563663e-03
9.818696267069271e-03
1.180420782747072e-02
1.417709362400657e-02
1.700534349192713e-02
2.037247539726397e-02
2.437658817051666e-02
2.912451007701607e-02
3.474510906234207e-02
4.138260896297700e-02
4.920287814597474e-02
5.838640861751054e-02
6.913771329679252e-02
8.169040498797914e-02
9.628404347780842e-02
1.131795529125220e-01
1.326483669364749e-01
1.549887674112091e-01
1.804662863472354e-01
2.093590713784838e-01
2.418174958364820e-01
2.780776976506260e-01
3.181805552567214e-01
3.620896737477748e-01
4.096111642892192e-01
4.603740145178492e-01
5.137962992244738e-01
5.690795322303320e-01
6.251910940950020e-01
6.809192937988335e-01
7.349327865321995e-01
7.858459755382110e-01
8.319105411207318e-01
8.734404947605725e-01
9.083265959752725e-01
9.366831794573753e-01
9.586322923803590e-01
9.745099777199532e-01
9.851835329489261e-01
9.919631151500922e-01
9.959652104828048e-01
9.981414807382245e-01
9.992220823152392e-01
9.997071416370410e-01
9.999019838408980e-01
9.999712280202344e-01
9.999927051110510e-01
9.999984294472374e-01
9.999997182777266e-01
9.999999587699240e-01
9.999999951918086e-01
9.999999995642206e-01
9.999999999702061e-01
9.999999999984963e-01
9.999999999999485e-01
9.999999999999982e-01
1.000000000000000e+00
1.000000000000000e+00
1.000000000000000e+00
1.000000000000000e+00
1.000000000000000e+00
1.000000000000000e+00
###4.000000000000001e+00
1.641954565477086e-10
2.227905240187873e-10
2.795015965696734e-10
3.479999956260000e-10
4.323637594640591e-10
5.363873875909503e-10
6.637398694701795e-10
8.199426100227264e-10
1.011703577131823e-09
1.247166714181064e-09
1.536160029198254e-09
1.891079391529654e-09
2.326862498641221e-09
2.861948864400543e-09
3.519076979578550e-09
4.325543345098398e-09
5.315431970081098e-09
6.530413615430466e-09
8.021662989199586e-09
9.851083242040154e-09
1.209869517191861e-08
1.485003177531540e-08
1.822765179115497e-08
2.237159103978015e-08
2.745191538806700e-08
3.368157266404430e-08
4.132004375953781e-08
5.068432092170008e-08
6.216055875934808e-08
7.622578469279330e-08
9.346170024179444e-08
1.145765421416123e-07
1.404515808288260e-07
1.721322008532678e-07
2.109375690170829e-07
2.584516081451626e-07
3.166203108264411e-07
3.878326967523816e-07
4.749908941084745e-07
5.816200058880884e-07
7.120748677460932e-07
8.716756896994152e-07
1.066878108431570e-06
1.305553589332769e-06
1.597414675576221e-06
1.954155854715057e-06
2.390062028683321e-06
2.922826542387886e-06
3.573567009793171e-06
4.368425578152807e-06
5.339075752525634e-06
6.523964843572451e-06
7.970377980519102e-06
9.735477272443254e-06
1.188881735577926e-05
1.451569896492327e-05
1.771999361963247e-05
2.162513732032502e-05
2.638314113336532e-05
3.218197974521135e-05
3.924729766856614e-05
4.785198917552429e-05
5.831935602455017e-05
7.106728403562154e-05
8.657915482261977e-05
1.054474840274087e-04
1.283880527138102e-04
1.562604221480787e-04
1.901320424536762e-04
2.312553542818933e-04
2.811870216984718e-04
3.418069314186353e-04
4.153183860285251e-04
5.043889611534617e-04
6.123661580906742e-04
7.430889507369512e-04
9.013236363619525e-04
1.092688915975821e-03
1.324148829058098e-03
1.603780418178673e-03
1.941214453808758e-03
2.348202258405999e-03
2.839027277469441e-03
3.429628007978483e-03
4.140215619904170e-03
4.994568831472805e-03
6.020582919887317e-03
7.250149766558724e-03
8.723255625767611e-03
1.048584598693655e-02
1.259127234645424e-02
1.510375377288445e-02
1.809375633404560e-02
2.164775525019330e-02
2.586706106793351e-02
3.086144631534389e-02
3.676311307116543e-02
4.371937565951642e-02
5.189870046785475e-02
6.148491082738962e-02
7.268305469158384e-02
8.572811410377300e-02
1.008585801453275e-01
1.183334409178831e-01
1.384165468494420e-01
1.614006078331150e-01
1.875387156468890e-01
2.170934801662059e-01
2.501949049832432e-01
2.870556098831735e-01
3.276880980023141e-01
3.720251531413297e-01
4.198409539912900e-01
4.707336131620786e-01
5.240950721355372e-01
5.791079298919481e-01
6.347386059394478e-01
6.897788197588097e-01
7.429280507919556e-01
7.928355547849735e-01
8.373743080071655e-01
8.782522421593253e-01
9.121162162671279e-01
9.395290488003957e-01
9.606644698817121e-01
9.758694532542056e-01
9.860300780265221e-01
9.924534397214443e-01
9.962275305978460e-01
9.982699476750415e-01
9.992791330185254e-01
9.997298790357985e-01
9.999100233727820e-01
9.999737152861404e-01
9.999933681279707e-01
9.999985791185361e-01
9.999997463468732e-01
9.999999630517562e-01
9.999999957105411e-01
9.999999996128955e-01
9.999999999736368e-01
9.999999999986739e-01
9.999999999999548e-01
9.999999999999984e-01
1.000000000000000e+00
1.000000000000000e+00
1.000000000000000e+00
1.000000000000000e+00
1.000000000000000e+00
1.000000000000000e+00
###4.200000000000001e+00
1.828636845885400e-10
2.459083988321790e-10
3.085566539250735e-10
3.841956995594472e-10
4.773473286850921e-10
5.921934938246272e-10
7.327699223533689e-10
9.051667400723086e-10
1.116780982326389e-09
1.376589584779173e-09
1.695391896758467e-09
2.086839750390673e-09
2.567434074689362e-09
3.157397496431884e-09
3.881826773532770e-09
4.770717613991871e-09
5.861580867280203e-09
7.200261150038982e-09
8.843093765669719e-09
1.085791860628592e-08
1.333332220811479e-08
1.636202923261666e-08
2.007994033221148e-08
2.464044469864305e-08
3.023017880161377e-08
3.708341321112954e-08
4.548392442610392e-08
5.578046475127139e-08
6.839657073709930e-08
8.385511143897666e-08
1.027941027366181e-07
1.259912015401085e-07
1.544077455515604e-07
1.891933714859448e-07
2.317913264306575e-07
2.839350791116768e-07
3.477555949166626e-07
4.258641626160708e-07
5.214379498113409e-07
6.383311315479703e-07
7.813017687139154e-07
9.561611408133946e-07
1.169960956941433e-06
1.431298509648876e-06
1.750771545707011e-06
2.141127573849724e-06
2.617948045729362e-06
3.200529451535554e-06
3.911856859034827e-06
4.780430183983552e-06
5.840694975999457e-06
7.134473479665571e-06
8.713199702604130e-06
1.063901256343990e-05
1.298745626763556e-05
1.585105069458922e-05
1.934250061469565e-05
2.359568968321034e-05
2.877576637788121e-05
3.508567143491254e-05
4.276969727640945e-05
5.212324711134507e-05
6.349647005606984e-05
7.733798793478843e-05
9.417256549686894e-05
1.146368861612709e-04
1.395032313229156e-04
1.696966592874186e-04
2.063634019671569e-04
2.508538360092345e-04
3.048346047303614e-04
3.703206544088885e-04
4.496793639083382e-04
5.457570368154365e-04
6.621340100731407e-04
8.029218469768028e-04
9.731827783771077e-04
1.178912641924204e-03
1.427524065848668e-03
1.727590584257883e-03
2.089326765288955e-03
2.525173452438903e-03
3.050281163651940e-03
3.681422392803081e-03
4.439933918567682e-03
5.350847298321847e-03
6.443469441644915e-03
7.751208932232653e-03
9.315931541825430e-03
1.118562220310734e-02
1.341585164886199e-02
1.607340001800160e-02
1.923123168010016e-02
2.297880154059255e-02
2.742064222810693e-02
3.266944893158370e-02
3.886072364010373e-02
4.614479860019154e-02
5.469267660373758e-02
6.469125197973105e-02
7.634602815417953e-02
8.989307014106843e-02
1.055695088076985e-01
1.236319381148582e-01
1.443366098224287e-01
1.679698886178660e-01
1.947721692783732e-01
2.249901432855417e-01
2.587333551117521e-01
2.961906602206330e-01
3.373463336619639e-01
3.821026607757277e-01
4.302024868119608e-01
4.812136068331596e-01
5.345034208796944e-01
5.892358693258567e-01
6.443769031721260e-01
6.987227155208540e-01
7.510023638841478e-01
7.999011064640923e-01
8.435926117291737e-01
8.831297926110400e-01
9.159555481872023e-01
9.424116367303624e-01
9.627197057882003e-01
9.772432669398637e-01
9.868863007624677e-01
9.929500691292421e-01
9.964936095825638e-01
9.984004736048302e-01
9.993372076003381e-01
9.997530739061662e-01
9.999182442248714e-01
9.999762656628373e-01
9.999940501408304e-01
9.999987336570995e-01
9.999997754584306e-01
9.999999675159335e-01
9.999999962547828e-01
9.999999996643328e-01
9.999999999772963e-01
9.999999999988649e-01
9.999999999999617e-01
9.999999999999986e-01
1.000000000000000e+00
1.000000000000000e+00
1.000000000000000e+00
1.000000000000000e+00
1.000000000000000e+00
1.000000000000000e+00
###4.400000000000001e+00
2.032207576670110e-10
2.711643041283232e-10
3.402975616910622e-10
4.237340921979306e-10
5.264809303900044e-10
6.531410549827156e-10
8.081500850757898e-10
9.982172604854738e-10
1.231488422260650e-09
1.517850848546723e-09
1.869157924468751e-09
2.300432737650691e-09
2.829866511887692e-09
3.479649322039317e-09
4.277403376510045e-09
5.256038971213953e-09
6.456851007123181e-09
7.930189521048798e-09
9.737982246036707e-09
1.195455822011680e-08
1.467770618344102e-08
1.800813723315530e-08
2.209603931001012e-08
2.710914934134747e-08
3.325236923330799e-08
4.078288156668324e-08
5.001133962649434e-08
6.131949104018685e-08
7.517259297218745e-08
9.214271228066543e-08
1.129287425565651e-07
1.383834262013448e-07
1.695544516736346e-07
2.077041718871228e-07
2.544097820866528e-07
3.115661222855648e-07
3.815036148371988e-07
4.670730105442557e-07
5.717483103935533e-07
6.997381718757896e-07
8.562365117284556e-07
1.047577086918613e-06
1.281458848335933e-06
1.567261168092570e-06
1.916520778183000e-06
2.343127917768103e-06
2.864055558498151e-06
3.500304586755292e-06
4.276895516640331e-06
5.224821250137305e-06
6.381509939856629e-06
7.792395724313220e-06
9.513351903185620e-06
1.161179157350237e-05
1.416977369997121e-05
1.728741215179319e-05
2.108685897331799e-05
2.571315278425929e-05
3.134541586320391e-05
3.820264326566815e-05
4.654879031642439e-05
5.670323228242137e-05
6.904476263320188e-05
8.405423586184301e-05
1.023007125472964e-04
1.244670177722287e-04
1.513852411633955e-04
1.840521575482130e-04
2.236940745296046e-04
2.717655548339728e-04
3.300494707597348e-04
4.007031932161426e-04
4.862658677130059e-04
5.897720753384535e-04
7.150465862634048e-04
8.664854751169112e-04
1.049462173478464e-03
1.270365654772726e-03
1.537076887856518e-03
1.858686861262388e-03
2.246017090866971e-03
2.712225583982226e-03
3.273359701249676e-03
3.947057094170050e-03
4.755816408793387e-03
5.725961356322440e-03
6.888250408373937e-03
8.277646913371239e-03
9.937942693196202e-03
1.191920397949240e-02
1.427925896825562e-02
1.708748704178463e-02
2.041937092431126e-02
2.436736539216814e-02
2.903923256181980e-02
3.455056439404424e-02
4.104012368542043e-02
4.866118269655331e-02
5.758720526705659e-02
6.800790447573830e-02
8.012913215733032e-02
9.418774815267568e-02
1.104192166493243e-01
1.290772870020401e-01
1.504105260490967e-01
1.746982253477013e-01
2.021677831885332e-01
2.330495813704095e-01
2.674325677070108e-01
3.054815824733719e-01
3.471527717046835e-01
3.923182212278439e-01
4.406899759400963e-01
4.918053288495156e-01
5.450109065920478e-01
5.994503276939430e-01
6.540897903391768e-01
7.077318329531608e-01
7.591341741116128e-01
8.070216299705641e-01
8.498001241436649e-01
8.880559545045996e-01
9.198241882164354e-01
9.453122140041584e-01
9.647820514604584e-01
9.786188802156200e-01
9.877429464002305e-01
9.934465837096684e-01
9.967594268985209e-01
9.985307708630458e-01
9.993951361750751e-01
9.997761920459248e-01
9.999264310473190e-01
9.999788034063205e-01
9.999947282878680e-01
9.999988872195791e-01
9.999998043732690e-01
9.999999719489553e-01
9.999999967952877e-01
9.999999997154417e-01
9.999999999809360e-01
9.999999999990553e-01
9.999999999999686e-01
9.999999999999988e-01
1.000000000000000e+00
1.000000000000000e+00
1.000000000000000e+00
1.000000000000000e+00
1.000000000000000e+00
1.000000000000000e+00
###4.600000000000001e+00
2.254026012617557e-10
2.987288256219776e-10
3.749383679519294e-10
4.668813016186590e-10
5.800950217069764e-10
7.196401100197801e-10
8.903849540570408e-10
1.099714765553778e-09
1.356589269404065e-09
1.671884679512880e-09
2.058601872217971e-09
2.533268102448375e-09
3.115866137292406e-09
3.830773858863756e-09
4.708332390945617e-09
5.784616907963219e-09
7.105033486061144e-09
8.724872968973715e-09
1.071195660746281e-08
1.314784256380791e-08
1.614019199675343e-08
1.979847546270950e-08
2.428818480010695e-08
2.979267082849639e-08
3.653672584478669e-08
4.480214059145696e-08
5.492885045270366e-08
6.733407968496854e-08
8.252892941762769e-08
1.011367170699615e-07
1.239239712180473e-07
1.518237029689331e-07
1.859774337835341e-07
2.277688722231117e-07
2.789187157628374e-07
3.414969940604725e-07
4.180525257872581e-07
5.116823599290572e-07
6.261903832153968e-07
7.661664361893269e-07
9.372797541494337e-07
1.146398205035103e-06
1.401944528088389e-06
1.714143336389289e-06
2.095494965735546e-06
2.561155177770701e-06
3.129592027115501e-06
3.823615054795867e-06
4.670430518052675e-06
5.703684366539232e-06
6.964034588387179e-06
8.500760240353860e-06
1.037446764966462e-05
1.265820869916151e-05
1.544097677175185e-05
1.883103382355933e-05
2.296056775730972e-05
2.798650384730233e-05
3.410280233239791e-05
4.154560467097050e-05
5.059972364198472e-05
6.160983948643993e-05
7.498531189984990e-05
9.124151229688845e-05
1.109937690070395e-04
1.349741343476914e-04
1.640773022502754e-04
1.993771318147169e-04
2.421833698990614e-04
2.940605747516385e-04
3.569140179521228e-04
4.330514340685544e-04
5.251916679925560e-04
6.365674082747725e-04
7.712598607982129e-04
9.339620208951792e-04
1.130374119197924e-03
1.367294839747551e-03
1.653093811768797e-03
1.997400956444331e-03
2.411668466972637e-03
2.909799683644779e-03
3.508769509225389e-03
4.227112035068968e-03
5.088524812302526e-03
6.120663459417999e-03
7.355778274422076e-03
8.830425398517533e-03
1.059036922780797e-02
1.268779878406906e-02
1.518283705969298e-02
1.814749965112347e-02
2.165980548721921e-02
2.581522691769565e-02
3.072475970273483e-02
3.650686206382557e-02
4.330351322662046e-02
5.127084159484983e-02
6.058468341031935e-02
7.143732337683054e-02
8.403482917226317e-02
9.861456326006472e-02
1.154100017638453e-01
1.346716024148153e-01
1.566400984509989e-01
1.815870155380604e-01
2.097264182092251e-01
2.412719753605203e-01
2.762918588077421e-01
3.149266348857026e-01
3.571039072956621e-01
4.026672734292869e-01
4.512970417810953e-01
5.025014629817736e-01
5.556065735240939e-01
6.097375612735525e-01
6.638606865501968e-01
7.167865146395430e-01
7.673010024659664e-01
8.141707314535632e-01
8.559842609119146e-01
8.929998091300259e-01
9.236972289965223e-01
9.482092578574683e-01
9.668345246871383e-01
9.799836107137095e-01
9.885910218489127e-01
9.939370503337037e-01
9.970213804656924e-01
9.986588454097551e-01
9.994519167741852e-01
9.997987834692575e-01
9.999344050491115e-01
9.999812660864063e-01
9.999953473145291e-01
9.999990342586965e-01
9.999998321226177e-01
9.999999761456964e-01
9.999999973173862e-01
9.999999997610873e-01
9.999999999851802e-01
9.999999999989898e-01
1.000000000000047e+00
9.999999999999780e-01
1.000000000000006e+00
9.999999999999983e-01
1.000000000000000e+00
9.999999999999999e-01
1.000000000000000e+00
1.000000000000000e+00
###4.800000000000002e+00
2.495554893441788e-10
3.287842860755475e-10
4.127082426358738e-10
5.139224337451833e-10
6.385430735768021e-10
7.921308540790244e-10
9.800136121777031e-10
1.210333741358798e-09
1.492897225179681e-09
1.839688493987105e-09
2.264944655545070e-09
2.786824511229477e-09
3.427257294677392e-09
4.212994164369028e-09
5.177326723236506e-09
6.359801403921478e-09
7.810180858105735e-09
9.589188755605767e-09
1.177101337382164e-08
1.444513976524936e-08
1.772966574603476e-08
2.174379913527311e-08
2.666947743486674e-08
3.270701180266084e-08
4.010269939252996e-08
4.916475542885036e-08
6.026498080297838e-08
7.385905647362766e-08
9.050715403935978e-08
1.108882077015018e-07
1.358419446231907e-07
1.663871157031656e-07
2.037676625751980e-07
2.494991710008842e-07
3.054514871572513e-07
3.738890685480967e-07
4.575940960356027e-07
5.599281800877433e-07
6.850505881651183e-07
8.379589254789235e-07
1.024837178137304e-06
1.253138584046884e-06
1.532023389345087e-06
1.872662197521664e-06
2.288562324389545e-06
2.796274405793653e-06
3.415831694955501e-06
4.171993630598310e-06
5.094304415234268e-06
6.219246308555608e-06
7.590934260792874e-06
9.262756050280559e-06
1.130037076905986e-05
1.378284514581659e-05
1.680651510940722e-05
2.048847784594242e-05
2.497147177167329e-05
3.042511204010236e-05
3.705912097710671e-05
4.512786284417543e-05
5.493837643582520e-05
6.686208807343361e-05
8.134073433213568e-05
9.892675581386384e-05
1.202833222765160e-04
1.461957302651116e-04
1.776242935385419e-04
2.157240299485271e-04
2.618931895506502e-04
3.178122607059083e-04
3.855141282552680e-04
4.674662866778418e-04
5.665751746949411e-04
6.862817048980119e-04
8.309359360153920e-04
1.005540681187692e-03
1.216138916579256e-03
1.469956186246444e-03
1.775871675108549e-03
2.144076234437554e-03
2.586677040779676e-03
3.118351469550206e-03
3.757033563442757e-03
4.522185268917674e-03
5.438740819391081e-03
6.535727906217854e-03
7.846929202534115e-03
9.410531574137985e-03
1.127431843118641e-02
1.349264260404231e-02
1.612795819155861e-02
1.925495260855922e-02
2.295419644199201e-02
2.732419459063962e-02
3.247917707148969e-02
3.854043289869842e-02
4.565310767696409e-02
5.397609554047541e-02
6.368750352378583e-02
7.498194339073619e-02
8.806554221071468e-02
1.031758670032476e-01
1.205440695241952e-01
1.404168689114656e-01
1.630269609385392e-01
1.886374395781215e-01
2.174486650867747e-01
2.496571781827431e-01
2.853101599320862e-01
3.245236371104148e-01
3.671967032814951e-01
4.131447541866119e-01
4.620168210379787e-01
5.132930313045247e-01
5.662791775815031e-01
6.200837494108669e-01
6.736732125493812e-01
7.258677292558430e-01
7.754814756230551e-01
8.213242077542284e-01
8.621312438090351e-01
8.979346670402441e-01
9.275525540744887e-01
9.510839642373449e-01
9.688627102124308e-01
9.813266116330199e-01
9.894229048128421e-01
9.944164974831766e-01
9.972764873847212e-01
9.987830637479964e-01
9.995067419573048e-01
9.998204910787500e-01
9.999420266761802e-01
9.999836067602721e-01
9.999959823065326e-01
9.999991726895109e-01
9.999998579507567e-01
9.999999800497343e-01
9.999999977903342e-01
9.999999998046771e-01
9.999999999883702e-01
9.999999999991304e-01
1.000000000000056e+00
9.999999999999779e-01
1.000000000000006e+00
9.999999999999983e-01
1.000000000000000e+00
9.999999999999999e-01
1.000000000000000e+00
1.000000000000000e+00
###5.000000000000002e+00
2.758321060628028e-10
3.615257415267684e-10
4.538519718441538e-10
5.651619118957768e-10
7.022025843731860e-10
8.710764805155211e-10
1.077612605722466e-09
1.330772799189696e-09
1.641280903603193e-09
2.022326724511857e-09
2.489488948108190e-09
3.062694619499100e-09
3.765985652496417e-09
4.628685453602713e-09
5.687284495130463e-09
6.985096505993798e-09
8.576630132729501e-09
1.052837077542697e-08
1.292153828184660e-08
1.585415966041227e-08
1.945558481230600e-08
2.385559318127137e-08
2.925389046255054e-08
3.586917635999607e-08
4.397111730024775e-08
5.389576422952742e-08
6.605012913973443e-08
8.093168603659137e-08
9.915187424332748e-08
1.214522339561640e-07
1.487491829551490e-07
1.821533152609728e-07
2.230219187449248e-07
2.730097487138278e-07
3.341493937117021e-07
4.089138924289002e-07
5.003341792720294e-07
6.120610286909761e-07
7.486306214680192e-07
9.154816865338475e-07
1.119348555216921e-06
1.368318067124375e-06
1.672350334467450e-06
2.043584508891658e-06
2.496660021459701e-06
3.049602796151669e-06
3.724118718122129e-06
4.547056535224275e-06
5.550459370550587e-06
6.773842466679025e-06
8.265009958400232e-06
1.008174013101818e-05
1.229511529623408e-05
1.499051907144794e-05
1.827220430375378e-05
2.226663920961745e-05
2.712780941881730e-05
3.303881179871954e-05
4.022610212218108e-05
4.896330669150882e-05
5.958139240297652e-05
7.247980338781558e-05
8.813437825756667e-05
1.071389201850123e-04
1.302022613527876e-04
1.581709984492291e-04
1.920725649814657e-04
2.331476173520070e-04
2.828907754004869e-04
3.430961969717412e-04
4.159392786483541e-04
5.040528161115080e-04
6.105395837384760e-04
7.390591359701509e-04
8.942432234925822e-04
1.081417865423086e-03
1.306985089696569e-03
1.578615026550254e-03
1.905717893065562e-03
2.299067991315389e-03
2.771452358422678e-03
3.338351645349425e-03
4.018691500198036e-03
4.832893278787401e-03
5.807166374053648e-03
6.971951095766152e-03
8.362603273331739e-03
1.001897826260376e-02
1.199092476526419e-02
1.433499984814594e-02
1.711602386845556e-02
2.041139012337911e-02
2.430423370620632e-02
2.889610407785223e-02
3.430446226347254e-02
4.065338730829037e-02
4.809113506929578e-02
5.677926790220970e-02
6.689804926393889e-02
7.864417370780809e-02
9.222364869920928e-02
1.078739403095924e-01
1.258235246666849e-01
1.463149325955443e-01
1.695725695967265e-01
1.958504524446250e-01
2.253348374656340e-01
2.582047106176524e-01
2.944860180973088e-01
3.342699807197190e-01
3.774272827178876e-01
4.237451265530486e-01
4.728419853204511e-01
5.241706643466871e-01
5.770171991467627e-01
6.304750134410948e-01
6.835112044465861e-01
7.349570561977224e-01
7.836552784286298e-01
8.284597748298766e-01
8.682267772716348e-01
9.028373905604096e-01
9.313706034898452e-01
9.539199770358493e-01
9.708540000462386e-01
9.826387175042741e-01
9.902322443514134e-01
9.948808481218515e-01
9.975223430441780e-01
9.989021342456896e-01
9.995589862375117e-01
9.998410444463013e-01
9.999491924692486e-01
9.999857911905135e-01
9.999965645520701e-01
9.999993001534921e-01
9.999998814266813e-01
9.999999835814133e-01
9.999999982079820e-01
9.999999998442431e-01
9.999999999908135e-01
9.999999999993472e-01
1.000000000000036e+00
9.999999999999855e-01
1.000000000000004e+00
9.999999999999990e-01
1.000000000000000e+00
9.999999999999999e-01
1.000000000000000e+00
1.000000000000000e+00
###5.200000000000002e+00
3.043974381306476e-10
3.971622975873464e-10
4.986308571681953e-10
6.209246774853843e-10
7.714761985981837e-10
9.569754026663180e-10
1.183799729966179e-09
1.461777619732460e-09
1.802674203247200e-09
2.220934636692235e-09
2.733623781796507e-09
3.362576307088331e-09
4.134124953989340e-09
5.080378666339358e-09
6.241292977632283e-09
7.664258419854510e-09
9.408918836513781e-09
1.154800210410417e-08
1.417032695204313e-08
1.738315567648808e-08
2.132800792213124e-08
2.614608129936796e-08
3.205627809001762e-08
3.929722262089549e-08
4.816361894438934e-08
5.902176612880827e-08
7.231657299809979e-08
8.859059885301268e-08
1.085105687143365e-07
1.328856426442467e-07
1.627143543228928e-07
1.992067542697505e-07
2.438436689261324e-07
2.984243439768444e-07
3.651626286352081e-07
4.467548669152359e-07
5.464915625559427e-07
6.683485731717045e-07
8.172496179758822e-07
9.991198902550186e-07
1.221278619873018e-06
1.492494616510596e-06
1.823587429267166e-06
2.227724026773758e-06
2.720771333011188e-06
3.322319116841563e-06
4.055908623396057e-06
4.950517333144540e-06
6.040953995426308e-06
7.369929165929900e-06
8.989201953919750e-06
1.096124573009443e-05
1.336304779579390e-05
1.628629711404146e-05
1.984410320671917e-05
2.417275938121597e-05
2.943822828247756e-05
3.583792063668345e-05
4.361604616341919e-05
5.306671249321751e-05
6.454606953537556e-05
7.848370768754724e-05
9.539099916928041e-05
1.159058556452695e-04
1.407854954206879e-04
1.709408781410431e-04
2.074705036330659e-04
2.517050374783021e-04
3.052413233045644e-04
3.699916790144321e-04
4.482826407236298e-04
5.429203531856472e-04
6.572129968886888e-04
7.950495008175740e-04
9.613565354886954e-04
1.161784713431948e-03
1.403149475063589e-03
1.693546210767336e-03
2.042950659581306e-03
2.462743682824543e-03
2.966417612766549e-03
3.570286161375042e-03
4.294299886232081e-03
5.159871246231877e-03
6.194523931063322e-03
7.430151759272356e-03
8.903724673173281e-03
1.065680404486392e-02
1.274134989799449e-02
1.521616324920220e-02
1.814846456888134e-02
2.161838537603488e-02
2.571163531816752e-02
3.053281717625057e-02
3.620261560200714e-02
4.284785326224253e-02
5.061983366635629e-02
5.968268227399379e-02
7.021869196061345e-02
8.242639417835786e-02
9.651147642049493e-02
1.127109900316909e-01
1.312503691510904e-01
1.523675101361083e-01
1.762799787204916e-01
2.032268040983334e-01
2.333849772516179e-01
2.669137659209103e-01
3.038175992310900e-01
3.441626295546322e-01
3.877912053013651e-01
4.344623826235024e-01
4.837647586333459e-01
5.351246235400559e-01
5.878088722800509e-01
6.408974413885447e-01
6.933587330216731e-01
7.440366790098578e-01
7.918031169594140e-01
8.355568645914704e-01
8.742565421162911e-01
9.076878976013862e-01
9.351341683855389e-01
9.567031568283975e-01
9.727976823391014e-01
9.839123010520531e-01
9.910138573212766e-01
9.953268506885113e-01
9.977570731919736e-01
9.990150766086920e-01
9.996081895403374e-01
9.998602515188123e-01
9.999558325073147e-01
9.999877968923128e-01
9.999970908528631e-01
9.999994149366206e-01
9.999999023074455e-01
9.999999866881494e-01
9.999999985695923e-01
9.999999998782478e-01
9.999999999928355e-01
9.999999999995353e-01
1.000000000000019e+00
9.999999999999918e-01
1.000000000000002e+00
9.999999999999994e-01
1.000000000000000e+00
1.000000000000000e+00
1.000000000000000e+00
1.000000000000000e+00
###5.400000000000002e+00
3.354274779948592e-10
4.359141314260164e-10
5.473236895130215e-10
6.815573934760311e-10
8.467966561734233e-10
1.050359237685121e-09
1.299225254893432e-09
1.604158556323212e-09
1.978058543834380e-09
2.436722352033393e-09
2.998829516423767e-09
3.688278705434541e-09
4.533884338454200e-09
5.570769377193272e-09
6.842639475673176e-09
8.401293233184419e-09
1.031192879396563e-08
1.265402306146307e-08
1.552460806452107e-08
1.904092454058810e-08
2.335762942476468e-08
2.862828289700911e-08
3.509242515651192e-08
4.301054495580676e-08
5.270347567910251e-08
6.457099785972460e-08
7.909856576981439e-08
9.687735757622434e-08
1.186335856372053e-07
1.452492755420253e-07
1.778113553970742e-07
2.176369092048123e-07
2.663395438249120e-07
3.258739888768988e-07
3.986515694697249e-07
4.876002419943269e-07
5.962976798552867e-07
7.290665320659580e-07
8.912463138983718e-07
1.089282661199715e-06
1.331118277293867e-06
1.626259973035668e-06
1.986444471873433e-06
2.425939352623877e-06
2.961935902641356e-06
3.615696853668460e-06
4.412662848311841e-06
5.384208460373548e-06
6.567989994887086e-06
8.010092520857298e-06
9.766617289860896e-06
1.190498280667065e-05
1.450845881834784e-05
1.767553964149463e-05
2.152857373194529e-05
2.621443842877778e-05
3.191179988459899e-05
3.883325650425547e-05
4.724184375025216e-05
5.745342442176337e-05
6.985077684481993e-05
8.489548085668923e-05
1.031362349063180e-04
1.252576632011084e-04
1.520691481167099e-04
1.845481021555227e-04
2.238685846973778e-04
2.714558459598753e-04
3.290144770230570e-04
3.985812413591518e-04
4.826400644517450e-04
5.841825890867480e-04
7.067285433513897e-04
8.544083684989663e-04
1.032457264391530e-03
1.246862881624818e-03
1.504877450989312e-03
1.815034326895578e-03
2.187899184504614e-03
2.635483173059351e-03
3.172009903012382e-03
3.814656479622390e-03
4.584432483117259e-03
5.503773305607160e-03
6.601556686626957e-03
7.911171152553281e-03
9.471241825819258e-03
1.132508000474847e-02
1.352678263065600e-02
1.613745363429110e-02
1.922673930915595e-02
2.287753982020145e-02
2.717814639604550e-02
3.223622037995488e-02
3.817565821318515e-02
4.512597377377454e-02
5.324144875113988e-02
6.268865847441966e-02
7.365178562815969e-02
8.633094932946593e-02
1.009312963096690e-01
1.176891400837746e-01
1.368264915218274e-01
1.585761690954094e-01
1.831485631388882e-01
2.107670111159282e-01
2.415988410881427e-01
2.757831993030612e-01
3.133026827208087e-01
3.541981191820631e-01
3.982835781819407e-01
4.452900561875299e-01
4.947769411313895e-01
5.461448267211432e-01
5.986422157482387e-01
6.513371153989360e-01
7.032001254124673e-01
7.530893844438569e-01
7.999066876423268e-01
8.425964680963132e-01
8.802065361298991e-01
9.124679866771623e-01
9.388281737689343e-01
9.594213740347136e-01
9.746847715365604e-01
9.851411324514699e-01
9.917636203083812e-01
9.957520031685914e-01
9.979792818186276e-01
9.991211892571422e-01
9.996540386227041e-01
9.998779891331654e-01
9.999619049263649e-01
9.999896117300202e-01
9.999975599688119e-01
9.999995163630901e-01
9.999999205160728e-01
9.999999893582154e-01
9.999999988759468e-01
9.999999999064842e-01
9.999999999945208e-01
9.999999999996765e-01
1.000000000000008e+00
9.999999999999957e-01
1.000000000000001e+00
9.999999999999997e-01
1.000000000000000e+00
1.000000000000000e+00
1.000000000000000e+00
1.000000000000000e+00
###5.600000000000002e+00
3.691098700515939e-10
4.780177410989008e-10
6.002277474488085e-10
7.474296948004117e-10
9.286193484424353e-10
1.151794687055530e-09
1.424587414841235e-09
1.758775043570881e-09
2.168485052087384e-09
2.670979159836636e-09
3.286683071370560e-09
4.041728558782011e-09
4.967616064276253e-09
6.102727140874217e-09
7.494822680940720e-09
9.200463630326663e-09
1.129085068612003e-08
1.385275135417357e-08
1.699206767177694e-08
2.083683027857284e-08
2.555581415456266e-08
3.131611075382475e-08
3.837909661159366e-08
4.702922828793495e-08
5.761538824854896e-08
7.057342274367465e-08
8.643244454208175e-08
1.058359934976741e-07
1.295743031917872e-07
1.586077907822965e-07
1.941184787629697e-07
2.375385432808067e-07
2.906242069427558e-07
3.554973578159081e-07
4.347812368020454e-07
5.316526046987674e-07
6.499972411464888e-07
7.945095261871865e-07
9.709823169474058e-07
1.186408067665338e-06
1.449385987308442e-06
1.770238759485288e-06
2.161673715563277e-06
2.639136000975783e-06
3.221238559340899e-06
3.931019405516134e-06
4.795947833497898e-06
5.849969878134927e-06
7.133772995675595e-06
8.697128458217952e-06
1.060051818935971e-05
1.291683835933920e-05
1.573602410191750e-05
1.916398124989663e-05
2.333253335371252e-05
2.839964170262470e-05
3.455802538114310e-05
4.203614361722747e-05
5.111700314541689e-05
6.213951455866486e-05
7.551464630191876e-05
9.173780834973355e-05
1.113971828024695e-04
1.352266611617847e-04
1.640909527144508e-04
1.990372802950387e-04
2.413194697603005e-04
2.924621395671610e-04
3.542833571893164e-04
4.289508324205946e-04
5.191134290623555e-04
6.279577702956815e-04
7.592246037884879e-04
9.172973448195428e-04
1.107736347835871e-03
1.336874008696989e-03
1.612423487104448e-03
1.943374105442291e-03
2.340904092162439e-03
2.817679118559395e-03
3.388680615224290e-03
4.071979946651065e-03
4.889680611340182e-03
5.865272891559156e-03
7.029028914211869e-03
8.415873372755359e-03
1.006612790514180e-02
1.202492155858105e-02
1.434843931137960e-02
1.710021971322702e-02
2.035233505680847e-02
2.419048212167996e-02
2.870553752076764e-02
3.400822257963713e-02
4.022562888067044e-02
4.748990271699189e-02
5.595822715361089e-02
6.579950544774828e-02
7.719965780502185e-02
9.036013660116196e-02
1.054853069849963e-01
1.228104102931841e-01
1.425536349367653e-01
1.649416608085536e-01
1.901788338683763e-01
2.184712752341243e-01
2.499758495945777e-01
2.848114853725921e-01
3.229386284143428e-01
3.643725320947057e-01
4.088990397758028e-01
4.562212164593894e-01
5.058699030623691e-01
5.572208582897620e-01
6.095050502045857e-01
6.617800985694314e-01
7.130199777793179e-01
7.620985578091359e-01
8.079486476543637e-01
8.495610129485776e-01
8.860633235937150e-01
9.171620557117945e-01
9.424395005518431e-01
9.620643303936400e-01
9.765078551169540e-01
9.863202493334059e-01
9.924783651909280e-01
9.961544340376673e-01
9.981879959399591e-01
9.992200188760525e-01
9.996963475523704e-01
9.998941930180600e-01
9.999673917512911e-01
9.999912320861239e-01
9.999979725237645e-01
9.999996044994534e-01
9.999999361093345e-01
9.999999916066764e-01
9.999999991299905e-01
9.999999999293325e-01
9.999999999958972e-01
9.999999999997772e-01
1.000000000000003e+00
9.999999999999978e-01
1.000000000000001e+00
9.999999999999999e-01
1.000000000000000e+00
1.000000000000000e+00
1.000000000000000e+00
1.000000000000000e+00
###5.800000000000002e+00
4.056445700260869e-10
5.237251750973634e-10
6.576598847614607e-10
8.189355234806151e-10
1.017432596650235e-09
1.261885590372757e-09
1.560630076921561e-09
1.926541103228973e-09
2.375074766086838e-09
2.925077944895161e-09
3.598863284743471e-09
4.424976717348712e-09
5.437823367304561e-09
6.679305003706686e-09
8.201564138266417e-09
1.006630272285046e-08
1.235120312086486e-08
1.515090210147798e-08
1.858087312369730e-08
2.278077781913543e-08
2.793463262965233e-08
3.422409066251055e-08
4.193408675370408e-08
5.137487135976280e-08
6.292555990247192e-08
7.706081866416074e-08
9.435673563495302e-08
1.155131916814093e-07
1.413892814190385e-07
1.730296794732106e-07
2.117186338793347e-07
2.590119726706337e-07
3.168189837626830e-07
3.874411455517653e-07
4.737289162591580e-07
5.791261095885880e-07
7.078488108181700e-07
8.649896442489541e-07
1.056826686609646e-06
1.290936565925754e-06
1.576628795289339e-06
1.925089885531694e-06
2.350068418465579e-06
2.868268494104699e-06
3.499838207073772e-06
4.269660219902621e-06
5.207420632948269e-06
6.349790825968485e-06
7.740689835146351e-06
9.433832137648941e-06
1.149433260381413e-05
1.400094057115851e-05
1.705065392630848e-05
2.075729409148008e-05
2.526278580813137e-05
3.073669173768486e-05
3.738682537301373e-05
4.545840097730260e-05
5.525565440400359e-05
6.714252346077032e-05
8.155767360660552e-05
9.903441932401950e-05
1.202019737803253e-04
1.458462138988946e-04
1.768903145826815e-04
2.144547976139070e-04
2.598779326112163e-04
3.147886475476729e-04
3.811241397476570e-04
4.611899466508468e-04
5.578079450378955e-04
6.743688752863249e-04
8.148449946251039e-04
9.838843519994437e-04
1.187399102378487e-03
1.432045449887633e-03
1.726051249074390e-03
2.078870646092811e-03
2.502317653765121e-03
3.009737220046600e-03
3.616895676756168e-03
4.342790042590047e-03
5.210653379332334e-03
6.245062927248243e-03
7.477726066733189e-03
8.945145332931647e-03
1.068938025289686e-02
1.275741122117735e-02
1.520756267870896e-02
1.810583742129605e-02
2.152676597898362e-02
2.555886729382301e-02
3.029560367107599e-02
3.585075373867420e-02
4.235458242568233e-02
4.994180288369120e-02
5.877241499388911e-02
6.901751879810347e-02
8.086460690777690e-02
9.451620400265315e-02
1.101756333150616e-01
1.280767175042454e-01
1.484334048495466e-01
1.714657396280104e-01
1.973714610237231e-01
2.263395340440204e-01
2.585151111463911e-01
2.939967398565338e-01
3.327223962518900e-01
3.746815195448927e-01
4.196317846614189e-01
4.672484981443532e-01
5.170346286586348e-01
5.683420080853011e-01
6.203850406725168e-01
6.722125639932156e-01
7.228031881436529e-01
7.710481970654853e-01
8.159126033838493e-01
8.564342776705833e-01
8.918142177643243e-01
9.217564370350037e-01
9.459568450058545e-01
9.646234050307093e-01
9.782609548934208e-01
9.874458343855619e-01
9.931557896733516e-01
9.965328895518356e-01
9.983826135802277e-01
9.993113209187533e-01
9.997350384734569e-01
9.999088478848508e-01
9.999722945795217e-01
9.999926610517180e-01
9.999983307063416e-01
9.999996799328177e-01
9.999999492412818e-01
9.999999934654846e-01
9.999999993364220e-01
9.999999999474209e-01
9.999999999969909e-01
9.999999999998476e-01
1.000000000000001e+00
9.999999999999989e-01
1.000000000000000e+00
1.000000000000000e+00
1.000000000000000e+00
1.000000000000000e+00
1.000000000000000e+00
1.000000000000000e+00
###6.000000000000003e+00
4.452442753838437e-10
5.733049272483090e-10
7.199576046788113e-10
8.964944714663343e-10
1.113756758022786e-09
1.381274975606835e-09
1.708145344689801e-09
2.108429843992232e-09
2.599021019388193e-09
3.200479861990938e-09
3.937156590358803e-09
4.840205009395136e-09
5.947168778933886e-09
7.303749590915655e-09
8.966820457750394e-09
1.100362885081096e-08
1.349885042290156e-08
1.655560928870012e-08
2.029969888524680e-08
2.488329857051288e-08
3.050689928946338e-08
3.736777642501166e-08
4.577627420554502e-08
5.607038319695172e-08
6.866177568725834e-08
8.406687215102901e-08
1.029122673034317e-07
1.259584170333649e-07
1.541384235579215e-07
1.885874586287838e-07
2.306995806224305e-07
2.821633426187671e-07
3.450522345166109e-07
4.218604678832695e-07
5.156820063039477e-07
6.302470474854942e-07
7.701255190317281e-07
9.408366738363782e-07
1.149177312775825e-06
1.403349318710634e-06
1.713423672810502e-06
2.091508093592199e-06
2.552464673284295e-06
3.114342529564873e-06
3.798927425927867e-06
4.633071748268039e-06
5.648825052477767e-06
6.885763818860418e-06
8.391249811078050e-06
1.022319549750316e-05
1.245175593865422e-05
1.516159870585329e-05
1.845750175529129e-05
2.246163581988968e-05
2.732663458571833e-05
3.323441975875383e-05
4.040872938621811e-05
4.911256905169847e-05
5.967255527971079e-05
7.247943281209512e-05
8.800095509147990e-05
1.068100871270423e-04
1.295799972913660e-04
1.571511087434754e-04
1.905083546909116e-04
2.308493588962984e-04
2.796013554654539e-04
3.385017653281894e-04
4.096161196312811e-04
4.953916899108717e-04
5.988327593818300e-04
7.235436716819153e-04
8.737390226739953e-04
1.054343539976864e-03
1.271635628483603e-03
1.532612635348917e-03
1.846033647612125e-03
2.221839507452912e-03
2.672503923730112e-03
3.212076384021292e-03
3.857135738099347e-03
4.627636573202194e-03
5.547977878495794e-03
6.643856009810958e-03
7.948454941800239e-03
9.499896889516543e-03
1.134202048911481e-02
1.352369091997142e-02
1.610542179724465e-02
1.915570963577048e-02
2.275157295690780e-02
2.698437596672752e-02
3.195016319329688e-02
3.776576351978316e-02
4.456458793577876e-02
5.248384377893444e-02
6.168625501496849e-02
7.234497769541529e-02
8.464889879025932e-02
9.880134660937845e-02
1.150043234434975e-01
1.334898739850883e-01
1.544672752456923e-01
1.781495382627230e-01
2.047269043013193e-01
2.343714686980517e-01
2.672154284395428e-01
3.033367274974610e-01
3.426505577074757e-01
3.851203230292368e-01
4.304764438936844e-01
4.783641416982434e-01
5.282617519731224e-01
5.794973125819648e-01
6.312697402241937e-01
6.826208117070890e-01
7.325349911762639e-01
7.799229299938868e-01
8.237831031052468e-01
8.632013258376241e-01
8.974474047531054e-01
9.262392086221226e-01
9.493705790460440e-01
9.670915111957489e-01
9.799393958092316e-01
9.885150982636358e-01
9.937943450764190e-01
9.968866313391090e-01
9.985628526351200e-01
9.993950297095119e-01
9.997701228244387e-01
9.999219779512946e-01
9.999766303468938e-01
9.999939068070706e-01
9.999986378991880e-01
9.999997435904189e-01
9.999999601301532e-01
9.999999949762066e-01
9.999999995009918e-01
9.999999999614627e-01
9.999999999978357e-01
9.999999999998964e-01
9.999999999999998e-01
9.999999999999993e-01
1.000000000000000e+00
1.000000000000000e+00
1.000000000000000e+00
1.000000000000000e+00
1.000000000000000e+00
1.000000000000000e+00
###6.200000000000003e+00
4.881345658817866e-10
6.270428726311453e-10
7.874802610064298e-10
9.805532818246418e-10
1.218146610358119e-09
1.510647452003628e-09
1.867976295868248e-09
2.305476907512434e-09
2.841593147565131e-09
3.498739355204321e-09
4.303463118167179e-09
5.289733661146608e-09
6.498483124604428e-09
7.979511983173612e-09
9.794796460904700e-09
1.201756132421381e-08
1.474002186994132e-08
1.807444901122593e-08
2.215775471713985e-08
2.715559616812416e-08
3.328621264373741e-08
4.076366872833107e-08
4.992568130500865e-08
6.114005392552745e-08
7.485348741960946e-08
9.162728030631388e-08
1.121422920415179e-07
1.372240560487032e-07
1.678851519587364e-07
2.053578820127163e-07
2.511541624253264e-07
3.071049302261481e-07
3.754596784754702e-07
4.589192988467117e-07
5.608385406116699e-07
6.852544734460353e-07
8.371158150719317e-07
1.022399555187740e-06
1.248454693340452e-06
1.524152148156144e-06
1.860379091101677e-06
2.270225762380834e-06
2.769743529410027e-06
3.378417441383848e-06
4.119790343448392e-06
5.022782742268461e-06
6.121995825139575e-06
7.460089613843453e-06
9.088090965522114e-06
1.106837913935173e-05
1.347648826097174e-05
1.640336205676574e-05
1.996197617852883e-05
2.428346602571022e-05
2.953178885337876e-05
3.590201665435497e-05
4.363468797515769e-05
5.301168176697776e-05
6.438327466953520e-05
7.816852067830502e-05
9.486685332165281e-05
1.150906198851881e-04
1.395619448453130e-04
1.691776560577961e-04
2.049879711535980e-04
2.482716208742845e-04
3.005494178166672e-04
3.636729414224409e-04
4.398418086230218e-04
5.316519273834490e-04
6.423013030193726e-04
7.756148540334143e-04
9.360616394597517e-04
1.128855467709757e-03
1.360656033184800e-03
1.638819290028879e-03
1.972653058971016e-03
2.372606941955266e-03
2.851838986039080e-03
3.425128978286114e-03
4.109896433058146e-03
4.927085928486493e-03
5.902299433047691e-03
7.062384641318338e-03
8.442043887217279e-03
1.008106100976837e-02
1.202509474762155e-02
1.432492819245484e-02
1.704331212184535e-02
2.025126580930956e-02
2.402832291864535e-02
2.846871333633321e-02
3.367105630526739e-02
3.975521925188676e-02
4.685772609033610e-02
5.511819819536060e-02
6.470198228188931e-02
7.578413953911090e-02
8.855476016146706e-02
1.032176986027906e-01
1.199733389376041e-01
1.390515752407916e-01
1.606565687208172e-01
1.849938712671303e-01
2.122453862245850e-01
2.425670082096945e-01
2.760752837088486e-01
3.128288512356569e-01
3.527192890920523e-01
3.956837682268374e-01
4.414255378436011e-01
4.895599955037848e-01
5.395415750115669e-01
5.906755806165069e-01
6.421466244622231e-01
6.929913407130180e-01
7.422009914700350e-01
7.887080294247232e-01
8.315456302698284e-01
8.698483729300913e-01
9.029520249418131e-01
9.305999613477196e-01
9.526726176792483e-01
9.694629666427970e-01
9.815396817838753e-01
9.895261690102030e-01
9.943931516799839e-01
9.972153664194933e-01
9.987287018276925e-01
9.994712275142872e-01
9.998016856092999e-01
9.999336382241564e-01
9.999804269207611e-01
9.999949811365039e-01
9.999988983050740e-01
9.999997966063326e-01
9.999999690269645e-01
9.999999961845758e-01
9.999999996298581e-01
9.999999999721647e-01
9.999999999984718e-01
9.999999999999303e-01
9.999999999999997e-01
9.999999999999996e-01
1.000000000000000e+00
1.000000000000000e+00
1.000000000000000e+00
1.000000000000000e+00
1.000000000000000e+00
1.000000000000000e+00
###6.400000000000003e+00
5.345580279279103e-10
6.852432339330293e-10
8.606103019708153e-10
1.071587377532782e-09
1.331190105506541e-09
1.650731391439926e-09
2.041019857647965e-09
2.518783896325198e-09
3.104141890029395e-09
3.821509361904489e-09
4.699803016955151e-09
5.776028961790345e-09
7.094774814158442e-09
8.710258961776093e-09
1.068995884093966e-08
1.311353699536951e-08
1.608133152417714e-08
1.971546337962884e-08
2.416481449844898e-08
2.960954327905384e-08
3.628699487568954e-08
4.442926523826961e-08
5.440353451384988e-08
6.660962736538549e-08
8.153190083965030e-08
9.977985538721431e-08
1.220926120105365e-07
1.493655671563392e-07
1.826965881127212e-07
2.234221557384599e-07
2.731805870643657e-07
3.339554528646003e-07
4.081847733473024e-07
4.987909137813776e-07
6.094085128485728e-07
7.444008341158765e-07
9.091241988976650e-07
1.110044145877693e-06
1.355105775854616e-06
1.653877939360140e-06
2.018136504575715e-06
2.462014687598695e-06
3.002833101372293e-06
3.661608754583411e-06
4.463758124431629e-06
5.440401810289167e-06
6.628862718731110e-06
8.075081971331866e-06
9.833985698487578e-06
1.197270276248882e-05
1.457248313586498e-05
1.773107069681231e-05
2.156975281122322e-05
2.622955923602378e-05
3.188632998270583e-05
3.874917354223453e-05
4.707624598540072e-05
5.716947872621853e-05
6.940405231141433e-05
8.422905508828472e-05
1.021776362122910e-04
1.239032572318626e-04
1.501798647020486e-04
1.819637496645584e-04
2.203737348028491e-04
2.667748798222314e-04
3.227842899770198e-04
3.903770788555970e-04
4.718871020568402e-04
5.700722148994153e-04
6.883314593908805e-04
8.307202282095339e-04
1.001973649665586e-03
1.207607379764298e-03
1.454678029138258e-03
1.750917781929121e-03
2.106201625510735e-03
2.531510205933100e-03
3.040711268183629e-03
3.649341153423091e-03
4.375688702985826e-03
5.241721404927245e-03
6.274281912082611e-03
7.501401520311641e-03
8.959343057085470e-03
1.068959397544110e-02
1.273967380442352e-02
1.516231621618347e-02
1.802255539188105e-02
2.139396170085722e-02
2.535860835407511e-02
3.001360841915202e-02
3.546014404747608e-02
4.182110452452154e-02
4.923608737582227e-02
5.784703998047630e-02
6.782182151515148e-02
7.933723690477203e-02
9.258437522338374e-02
1.077673298919107e-01
1.250845517921168e-01
1.447633982340548e-01
1.670024577326689e-01
1.919993718546081e-01
2.199269281590175e-01
2.509270662339230e-01
2.850929066717323e-01
3.224701831152894e-01
3.629243981189632e-01
4.063662779255227e-01
4.524718669268555e-01
5.008275203123872e-01
5.508640903561893e-01
6.018654212731906e-01
6.530031194516156e-01
7.033104467745163e-01
7.517871774989130e-01
7.973894214564172e-01
8.391865870793271e-01
8.763626590448329e-01
9.083182024107612e-01
9.348296016158272e-01
9.558562852727093e-01
9.717333652928318e-01
9.830593741412363e-01
9.904779853953205e-01
9.949519096842906e-01
9.975191808524925e-01
9.988803745564170e-01
9.995401157477416e-01
9.998298638287739e-01
9.999439065112934e-01
9.999837205760009e-01
9.999958981556291e-01
9.999991165982107e-01
9.999998402114234e-01
9.999999761968266e-01
9.999999971365910e-01
9.999999997290775e-01
9.999999999801782e-01
9.999999999989400e-01
9.999999999999534e-01
9.999999999999998e-01
9.999999999999997e-01
1.000000000000000e+00
1.000000000000000e+00
1.000000000000000e+00
1.000000000000000e+00
1.000000000000000e+00
1.000000000000000e+00
###6.600000000000003e+00
5.847712967954419e-10
7.482296377747390e-10
9.397545621600689e-10
1.170102344683602e-09
1.453513940281184e-09
1.802301433324159e-09
2.228229814886486e-09
2.749522077904312e-09
3.388102934604006e-09
4.170546769661352e-09
5.128323078681953e-09
6.301711287696356e-09
7.739239562321371e-09
9.499884781614323e-09
1.165705029709285e-08
1.429732742229520e-08
1.752979896144128e-08
2.148718553629635e-08
2.633124632363294e-08
3.225773121028542e-08
3.952453776357722e-08
4.838311313417211e-08
5.923232750044359e-08
7.250637682913791e-08
8.873006660845897e-08
1.085646339933517e-07
1.328117099964750e-07
1.624416377235466e-07
1.986437409849763e-07
2.428661637144741e-07
2.968826885951078e-07
3.628403925020044e-07
4.433791105270047e-07
5.416583483783712e-07
6.616160356102689e-07
8.079526457746434e-07
9.864720119103465e-07
1.204157734372737e-06
1.469591587524302e-06
1.793088403607867e-06
2.187371856591926e-06
2.667687870922192e-06
3.252710679932162e-06
3.965090636693329e-06
4.832238510485616e-06
5.887620874501999e-06
7.171454771565467e-06
8.733172800596971e-06
1.063184676573072e-05
1.293965271786269e-05
1.574391095507145e-05
1.914958332284215e-05
2.328678471528377e-05
2.830701948127277e-05
3.439873104610370e-05
4.178621104849701e-05
5.074570518853393e-05
6.160060334614910e-05
7.475243619377142e-05
9.068118198054574e-05
1.099570039460191e-04
1.332765014969585e-04
1.614672127522553e-04
1.955489267853520e-04
2.367124793549449e-04
2.864160657935888e-04
3.463713865597300e-04
4.186883239269831e-04
5.058405516542760e-04
6.107574207262776e-04
7.370456977929533e-04
8.890028519000876e-04
1.071641866480739e-03
1.290793375783421e-03
1.553927119086681e-03
1.869169320527381e-03
2.246981466487139e-03
2.698897779712059e-03
3.239521766365476e-03
3.885173068031006e-03
4.655039014140235e-03
5.572143404391583e-03
6.664607897440983e-03
7.961679660295687e-03
9.501224459367057e-03
1.132647533071748e-02
1.348685289127632e-02
1.603707344878900e-02
1.904449903836618e-02
2.258527848577254e-02
2.674404606311771e-02
3.162081234136696e-02
3.731930600643714e-02
4.396541621829043e-02
5.170176825544663e-02
6.067253921290218e-02
7.104798103978470e-02
8.300647001893739e-02
9.673987631014640e-02
1.124522345366169e-01
1.303397298497337e-01
1.506267827620273e-01
1.735059387248343e-01
1.991664555306125e-01
2.277712628970016e-01
2.594477565797905e-01
2.942667295341657e-01
3.322574009033060e-01
3.732612762296419e-01
4.171618538897141e-01
4.636080074977622e-01
5.121578100774121e-01
5.622189981738742e-01
6.130552677064378e-01
6.638266298362492e-01
7.135647685549535e-01
7.612799472569067e-01
8.059537000794770e-01
8.466933009798444e-01
8.827332269780757e-01
9.135371111861557e-01
9.389210972473513e-01
9.589162480181770e-01
9.738994785843332e-01
9.844969919791430e-01
9.913702024726780e-01
9.954708217292844e-01
9.977984797334496e-01
9.990182673313358e-01
9.996019891322275e-01
9.998548382041675e-01
9.999528765266973e-01
9.999865526296886e-01
9.999966731959431e-01
9.999992976360207e-01
9.999998756512970e-01
9.999999818987649e-01
9.999999978759123e-01
9.999999998042544e-01
9.999999999860784e-01
9.999999999992774e-01
9.999999999999690e-01
9.999999999999999e-01
9.999999999999998e-01
1.000000000000000e+00
1.000000000000000e+00
1.000000000000000e+00
1.000000000000000e+00
1.000000000000000e+00
1.000000000000000e+00
###6.800000000000003e+00
6.390471884439733e-10
8.163461669796126e-10
1.025345604782816e-09
1.276635448649854e-09
1.585784339274348e-09
1.966181000861663e-09
2.430619884838492e-09
2.998936150537312e-09
3.695001638764148e-09
4.547717992951429e-09
5.591303582361173e-09
6.869563316241161e-09
8.435270314317268e-09
1.035252314833000e-08
1.270110397086311e-08
1.557505630358858e-08
1.909287031138927e-08
2.339866497476695e-08
2.866804297237065e-08
3.511350653411360e-08
4.301504492043695e-08
5.264486190330178e-08
6.443588444101145e-08
7.885918097801016e-08
9.648297112751696e-08
1.180239857193149e-07
1.443508792352648e-07
1.765143390277161e-07
2.158016915871868e-07
2.637806875654291e-07
3.223701889031488e-07
3.938923032399313e-07
4.812027721679688e-07
5.877148380080850e-07
7.176903812762368e-07
8.761910675375007e-07
1.069498147627828e-06
1.305148637388146e-06
1.592403844558210e-06
1.942375333214219e-06
2.368797066151823e-06
2.888101285250797e-06
3.520404896334221e-06
4.290098417546420e-06
5.226714321351476e-06
6.366218602471567e-06
7.751904246326333e-06
9.436916687608693e-06
1.148473259255071e-05
1.397288810226520e-05
1.699512347919532e-05
2.066412640028919e-05
2.511931129185170e-05
3.052328966486068e-05
3.707786395342426e-05
4.502338192634100e-05
5.465524617950747e-05
6.631951223450043e-05
8.044566439301900e-05
9.754595533252757e-05
1.182299092305941e-04
1.432407105276387e-04
1.734588763239550e-04
2.099744235557515e-04
2.540533064431626e-04
3.072498230579997e-04
3.713804949889751e-04
4.486858669177337e-04
5.417956939026365e-04
6.538163050151202e-04
7.885711905223510e-04
9.506111758399308e-04
1.145239269358334e-03
1.378614585703824e-03
1.658636789377023e-03
1.993844163397222e-03
2.395304902978264e-03
2.875129605720076e-03
3.448684296011011e-03
4.133099145842656e-03
4.948489617977213e-03
5.918969687028862e-03
7.073978922946510e-03
8.444012598480388e-03
1.006858212120877e-02
1.199270798164395e-02
1.426775170526044e-02
1.695044352222928e-02
2.011051592046121e-02
2.382672230357740e-02
2.818627646313554e-02
3.329209736283001e-02
3.925043900084520e-02
4.619016281016904e-02
5.425686905196200e-02
6.359685962644428e-02
7.438264975597757e-02
8.679400333176916e-02
1.010233401527853e-01
1.172743269982837e-01
1.357405334802509e-01
1.566430293371037e-01
1.801678328270952e-01
2.064953261280719e-01
2.357778580023021e-01
2.681277244571991e-01
3.035962412611594e-01
3.421868817814158e-01
3.837249515037858e-01
4.280641272775747e-01
4.748261712710070e-01
5.235416422163771e-01
5.735957581776649e-01
6.242334312387138e-01
6.746045955429030e-01
7.237412389450062e-01
7.706661559760137e-01
8.143881560379679e-01
8.540540288256262e-01
8.889498006869300e-01
9.186009802583289e-01
9.428682283104548e-01
9.618484038512393e-01
9.759591463230831e-01
9.858519067531774e-01
9.922031008757436e-01
9.959505160768953e-01
9.980539378558428e-01
9.991429213799211e-01
9.996572125113367e-01
9.998768189533559e-01
9.999606520065834e-01
9.999889670366486e-01
9.999973220823812e-01
9.999994462318689e-01
9.999999041272788e-01
9.999999863763366e-01
9.999999984421820e-01
9.999999998603518e-01
9.999999999903528e-01
9.999999999995156e-01
9.999999999999795e-01
1.000000000000000e+00
9.999999999999999e-01
1.000000000000000e+00
1.000000000000000e+00
1.000000000000000e+00
1.000000000000000e+00
1.000000000000000e+00
1.000000000000000e+00
###7.000000000000004e+00
6.976756043846317e-10
8.899584488785279e-10
1.117843118617651e-09
1.391758363383979e-09
1.728709211510656e-09
2.143244952611514e-09
2.649266992083820e-09
3.268348213970904e-09
4.026457959115899e-09
4.955004851879228e-09
6.091165220030761e-09
7.482538659523576e-09
9.186467702091901e-09
1.127255986996721e-08
1.382745882974497e-08
1.695321791489347e-08
2.077844044374578e-08
2.545949425009590e-08
3.118685406841502e-08
3.819100973094414e-08
4.677568019216215e-08
5.723531908794052e-08
7.003942964212283e-08
8.569860402692815e-08
1.048276326309799e-07
1.282027281705099e-07
1.567643610795830e-07
1.916492908913582e-07
2.342497897741062e-07
2.862616435630544e-07
3.497589783435525e-07
4.272511628528583e-07
5.218247321921969e-07
6.371642712781238e-07
7.778774958913762e-07
9.494125751730494e-07
1.158559860579069e-06
1.413447131226153e-06
1.724060558686852e-06
2.102361955560092e-06
2.563161607410685e-06
3.124155727017611e-06
3.806997826893897e-06
4.637931156940566e-06
5.648744271556976e-06
6.878062993627369e-06
8.372450799091065e-06
1.018899578587435e-05
1.239585301298154e-05
1.507624748204599e-05
1.833072638734477e-05
2.228017788253256e-05
2.707386924621562e-05
3.288616346765396e-05
3.993301315740165e-05
4.847173735975964e-05
5.881801109619186e-05
7.134181882915215e-05
8.650215148848385e-05
1.048453508798615e-04
1.270223867759270e-04
1.538255302535550e-04
1.861911322028008e-04
2.252830456935485e-04
2.724480393215953e-04
3.293358323440942e-04
3.978784308547412e-04
4.804519657600600e-04
5.798492714258361e-04
6.993618283902531e-04
8.430399304250899e-04
1.015699175750286e-03
1.222945150570144e-03
1.471279331105273e-03
1.769048686418170e-03
2.125221804004492e-03
2.551494657746930e-03
3.060577297395251e-03
3.668625705575228e-03
4.393608288507727e-03
5.256598754705261e-03
6.282835555618130e-03
7.503115624936781e-03
8.949214496545553e-03
1.066233211575520e-02
1.268931812372213e-02
1.508347180284293e-02
1.790369486322934e-02
2.122200371814635e-02
2.511982337004060e-02
2.968696234971031e-02
3.502925520763488e-02
4.125545489268765e-02
4.849736156167170e-02
5.690349040383906e-02
6.662215421131402e-02
7.782799175531313e-02
9.070195901090317e-02
1.054367800935062e-01
1.222354329349826e-01
1.412885047731618e-01
1.628132864177210e-01
1.869887712614962e-01
2.139859565081291e-01
2.439459033958334e-01
2.769652622109123e-01
3.130754667657684e-01
3.522545643870284e-01
3.943100366472345e-01
4.390663188474719e-01
4.861181868826712e-01
5.349694704298258e-01
5.849835952002701e-01
6.353881161800279e-01
6.853245135076408e-01
7.338270446805339e-01
7.799331360514027e-01
8.226807855142465e-01
8.612579451997265e-01
8.950031987896961e-01
9.235030757726881e-01
9.466659837285454e-01
9.646498307502529e-01
9.779111743115281e-01
9.871242439471785e-01
9.929774996036832e-01
9.963919763537704e-01
9.982864238857820e-01
9.992549880548419e-01
9.997062003001295e-01
9.998960340396964e-01
9.999673417664824e-01
9.999910083884851e-01
9.999978604152689e-01
9.999995669847568e-01
9.999999267562789e-01
9.999999898499319e-01
9.999999988701745e-01
9.999999999016013e-01
9.999999999934018e-01
9.999999999996808e-01
9.999999999999863e-01
1.000000000000000e+00
9.999999999999999e-01
1.000000000000000e+00
1.000000000000000e+00
1.000000000000000e+00
1.000000000000000e+00
1.000000000000000e+00
1.000000000000000e+00
###7.200000000000004e+00
7.609644785651448e-10
9.694549347593237e-10
1.217735423334965e-09
1.516078079279324e-09
1.883040444355433e-09
2.334422411474438e-09
2.885314706840129e-09
3.559161987768267e-09
4.384191601568327e-09
5.394510860069828e-09
6.630476879568610e-09
8.143771082071356e-09
9.996651219050568e-09
1.226464635084989e-08
1.504177593032552e-08
1.843869678108731e-08
2.259487670423730e-08
2.767983759140238e-08
3.390002044473829e-08
4.150521665208571e-08
5.082461772201382e-08
6.217651026337286e-08
7.606966507671427e-08
9.305698216293211e-08
1.138032047241753e-07
1.391482510849074e-07
1.701094936742063e-07
2.079158397206140e-07
2.540718673935834e-07
3.104103319939449e-07
3.791714188079567e-07
4.630646964141049e-07
5.654232932613740e-07
6.902217258981249e-07
8.424367384463946e-07
1.027929712913475e-06
1.254033631602308e-06
1.529506518766096e-06
1.865107268560085e-06
2.273704390397906e-06
2.771254230927721e-06
3.376798864913884e-06
4.113627433247655e-06
5.009954510134852e-06
6.099966336517907e-06
7.425113383863001e-06
9.035446186542221e-06
1.099222544923934e-05
1.336857594056446e-05
1.625375696321015e-05
1.975553357810933e-05
2.400347851727466e-05
2.915730569107309e-05
3.540380101192714e-05
4.297389519521930e-05
5.214283741130670e-05
6.324774071117512e-05
7.668383972655375e-05
9.294125551611216e-05
1.126023103501854e-04
1.363615978524815e-04
1.650630841503488e-04
1.997023667104764e-04
2.415200567245365e-04
2.919480625166791e-04
3.527361760307343e-04
4.259381332821335e-04
5.140723151268930e-04
6.201015374716813e-04
7.475112513620257e-04
9.005888466326771e-04
1.084428355627635e-03
1.304945249472944e-03
1.569003266071041e-03
1.885412761733593e-03
2.263591117558691e-03
2.715883994153444e-03
3.255624262665904e-03
3.899785971609831e-03
4.667203924889805e-03
5.579940629292559e-03
6.664393717893459e-03
7.952757431458584e-03
9.478119509783752e-03
1.128341147916158e-02
1.341735216560123e-02
1.593502106151469e-02
1.889811580655951e-02
2.238038215297311e-02
2.646613320032969e-02
3.124778617280831e-02
3.683409410938767e-02
4.333627731450285e-02
5.088903480851369e-02
5.964372902863924e-02
6.975056036227226e-02
8.138614079427076e-02
9.473241070163350e-02
1.099821390940806e-01
1.273372816016042e-01
1.469850593728388e-01
1.691385420592905e-01
1.939691871410461e-01
2.216380814485198e-01
2.522743064496600e-01
2.859583180275165e-01
3.227012631529408e-01
3.624559737670688e-01
4.050107414180545e-01
4.501612561514201e-01
4.974755215504852e-01
5.464314520861180e-01
5.963715325508538e-01
6.465074576588996e-01
6.959739777240354e-01
7.438096648391036e-01
7.890687283186407e-01
8.308203086486871e-01
8.682951455342706e-01
9.008853089295339e-01
9.282376919533306e-01
9.503104891875480e-01
9.673187344612292e-01
9.797552510027706e-01
9.883147949719009e-01
9.936946783093591e-01
9.967964780246014e-01
9.984969810744575e-01
9.993551983703195e-01
9.997493984184690e-01
9.999124636204558e-01
9.999730552368695e-01
9.999927199770113e-01
9.999983030747732e-01
9.999996641166965e-01
9.999999445544826e-01
9.999999925089270e-01
9.999999991907073e-01
9.999999999310901e-01
9.999999999956809e-01
9.999999999997491e-01
1.000000000000005e+00
9.999999999999960e-01
1.000000000000001e+00
9.999999999999997e-01
1.000000000000000e+00
1.000000000000000e+00
1.000000000000000e+00
1.000000000000000e+00
1.000000000000000e+00
###7.400000000000004e+00
8.292407288733486e-10
1.055248033361846e-09
1.325541007411574e-09
1.650238966510429e-09
2.049576324076248e-09
2.540699796161538e-09
3.139976906741089e-09
3.872867292551690e-09
4.770027466609005e-09
5.868468509810115e-09
7.211963662291534e-09
8.856584259250546e-09
1.086987079694951e-08
1.333371387483321e-08
1.635005574087359e-08
2.003878848862515e-08
2.455104403010429e-08
3.007046117321314e-08
3.682061085271677e-08
4.507198237951490e-08
5.518109227580440e-08
6.749174235575769e-08
8.255481402345862e-08
1.009685148945864e-07
1.234510861577295e-07
1.509106480009020e-07
1.844468698015123e-07
2.253872476021784e-07
2.753564648533941e-07
3.363337128032873e-07
4.107366664099229e-07
5.014887980320549e-07
6.121865499784242e-07
7.471140207608060e-07
9.116415401905063e-07
1.112071879661072e-06
1.356316139454395e-06
1.653804241370269e-06
2.016118369168679e-06
2.457093232309708e-06
2.993904848893404e-06
3.647027479467312e-06
4.441490233712215e-06
5.407603925129790e-06
6.582112487707584e-06
8.009436849141424e-06
9.743359575253598e-06
1.184956041681433e-05
1.440643464240270e-05
1.750963864084128e-05
2.127458649554491e-05
2.584004360986566e-05
3.137679224890573e-05
3.808474553038901e-05
4.621067843977377e-05
5.604877440112153e-05
6.795880214642218e-05
8.236262771278698e-05
9.978319881446344e-05
1.208407894404294e-04
1.462758920958785e-04
1.769868934897573e-04
2.140331735978626e-04
2.587334160428596e-04
3.126079082423324e-04
3.775154603771648e-04
4.556354750385557e-04
5.496358733890480e-04
6.626566584146315e-04
7.983863405065573e-04
9.613600985787154e-04
1.156971153438696e-03
1.391432139982063e-03
1.672009706935442e-03
2.007987622826931e-03
2.409250734609576e-03
2.888817123975406e-03
3.460666152765962e-03
4.142618698936399e-03
4.954404576949185e-03
5.919106063932216e-03
7.064315064902894e-03
8.423663523567059e-03
1.003158312929011e-02
1.193278007566535e-02
1.417788166676890e-02
1.682380327733827e-02
1.993502175223615e-02
2.358709598430640e-02
2.786722695433016e-02
3.287045146405450e-02
3.870843963671012e-02
4.549484185845289e-02
5.336720952257983e-02
6.247967663111305e-02
7.298419811291196e-02
8.505919784375934e-02
9.888738041730721e-02
1.146612860689150e-01
1.325815017374700e-01
1.528314823394807e-01
1.756196200739711e-01
2.011093129220238e-01
2.294511978343192e-01
2.607616972689892e-01
2.951045239462503e-01
3.324701358126945e-01
3.727862764538295e-01
4.158209050638254e-01
4.613414082008342e-01
5.088893177257113e-01
5.579174885278344e-01
6.077484364385976e-01
6.575795688803158e-01
7.065407269129286e-01
7.536769152350372e-01
7.980613174945419e-01
8.387961908538107e-01
8.751566389454225e-01
9.065890618651605e-01
9.327998807769212e-01
9.537989256524342e-01
9.698538571613026e-01
9.814918373592384e-01
9.894249279830866e-01
9.943563001319667e-01
9.971655292775798e-01
9.986867783871292e-01
9.994443369964577e-01
9.997872685995075e-01
9.999269618374163e-01
9.999778955925057e-01
9.999941446933569e-01
9.999986636418693e-01
9.999997416262121e-01
9.999999583748325e-01
9.999999945335251e-01
9.999999994240114e-01
9.999999999530969e-01
9.999999999969699e-01
9.999999999998841e-01
9.999999999999897e-01
1.000000000000001e+00
9.999999999999996e-01
1.000000000000000e+00
9.999999999999999e-01
1.000000000000000e+00
1.000000000000000e+00
1.000000000000000e+00
1.000000000000000e+00
###7.600000000000004e+00
9.028513360960689e-10
1.147775366468762e-09
1.441810188580060e-09
1.794924889324894e-09
2.229164008568160e-09
2.763123694708416e-09
3.414541507711440e-09
4.211044598943829e-09
5.185901191567455e-09
6.379244082906667e-09
7.838515040452824e-09
9.624501668999842e-09
1.181041936595304e-08
1.448498804323257e-08
1.775865548154159e-08
2.176122072228268e-08
2.665633026823351e-08
3.264276355473569e-08
3.996245885688918e-08
4.890808519966872e-08
5.986545408126959e-08
7.320566694809617e-08
8.952473434844125e-08
1.094693559329293e-07
1.338150295793044e-07
1.635428463095181e-07
1.998404923170759e-07
2.441408779332711e-07
2.981970517499508e-07
3.641446688501655e-07
4.445909784603869e-07
5.426878953372643e-07
6.623128309864742e-07
8.080802452794706e-07
9.857800335490455e-07
1.202186075080544e-06
1.465825115534371e-06
1.786842923407001e-06
2.177698349158195e-06
2.653255013080973e-06
3.231986260386806e-06
3.935889496156928e-06
4.791843695551536e-06
5.832387447279434e-06
7.096981572566668e-06
8.633198206209326e-06
1.049878205706293e-05
1.276410009198342e-05
1.551313389123959e-05
1.884831775157004e-05
2.289316696392363e-05
2.779617260732683e-05
3.373983609942982e-05
4.093793604831902e-05
4.965399758135119e-05
6.020218934611627e-05
7.296620738004593e-05
8.839599230645140e-05
1.070490904192391e-04
1.295857810590687e-04
1.567948301448794e-04
1.896318857438889e-04
2.292233372231249e-04
2.769699315918508e-04
3.344847408178160e-04
4.037408624830006e-04
4.870492908859725e-04
5.872319229612150e-04
7.076227351995764e-04
8.521134019124381e-04
1.025501007785924e-03
1.233489420796939e-03
1.482607439232089e-03
1.780529677395130e-03
2.137040608914614e-03
2.562509149431010e-03
3.070649337016479e-03
3.676111006969040e-03
4.397591273911554e-03
5.255744012914358e-03
6.274702642461737e-03
7.483288791638469e-03
8.916612918466101e-03
1.061048219056242e-02
1.261142051687172e-02
1.497200286305268e-02
1.775103259192208e-02
2.101575418317830e-02
2.484361424257924e-02
2.932470240062955e-02
3.455668152203680e-02
4.065413298888863e-02
4.773309391144059e-02
5.593391461286903e-02
6.541341658799328e-02
7.632516614508078e-02
8.884922636236914e-02
1.031688330680519e-01
1.194760096492745e-01
1.379696146666007e-01
1.588289206837306e-01
1.822571723172088e-01
2.084091727396982e-01
2.374245574089937e-01
2.694064227831861e-01
3.044011923487313e-01
3.423782387464075e-01
3.832402825156765e-01
4.267340045351072e-01
4.725988997133951e-01
5.203504146262898e-01
5.694172533339898e-01
6.191031062794377e-01
6.685925803609053e-01
7.170126848569287e-01
7.634169863141493e-01
8.068998620939519e-01
8.465986595397723e-01
8.818343555356938e-01
9.121084098588049e-01
9.371862111122803e-01
9.571294722840834e-01
9.722551196472143e-01
9.831220920807496e-01
9.904565087856269e-01
9.949643443284594e-01
9.975008183117559e-01
9.988570592703034e-01
9.995232189087320e-01
9.998202824767513e-01
9.999393704379170e-01
9.999819758215768e-01
9.999953214180948e-01
9.999989553230100e-01
9.999998028189079e-01
9.999999690333338e-01
9.999999960475979e-01
9.999999995950418e-01
9.999999999682679e-01
9.999999999979580e-01
9.999999999999408e-01
9.999999999999896e-01
1.000000000000002e+00
9.999999999999994e-01
1.000000000000000e+00
9.999999999999999e-01
1.000000000000000e+00
1.000000000000000e+00
1.000000000000000e+00
1.000000000000000e+00
###7.800000000000004e+00
9.821643771015462e-10
1.247501457500714e-09
1.567126815814920e-09
1.950861332149296e-09
2.422702140555156e-09
3.002804263358514e-09
3.710373865234956e-09
4.575369849246056e-09
5.633865039382323e-09
6.929346478818347e-09
8.513193516845611e-09
1.045125708648868e-08
1.282284504739537e-08
1.572400412777438e-08
1.927430767175582e-08
2.361417558348966e-08
2.892067305737735e-08
3.540880806218093e-08
4.334019990568518e-08
5.303127341080735e-08
6.489922499405157e-08
7.934434780505654e-08
9.701098623977754e-08
1.185977102569578e-07
1.449412577506101e-07
1.771007463486291e-07
2.163579405416613e-07
2.642583943444270e-07
3.226922653485843e-07
3.939622893311841e-07
4.808780924349860e-07
5.868353558079166e-07
7.160111830933206e-07
8.733721073311722e-07
1.065155731851143e-06
1.298637708307299e-06
1.583000309028066e-06
1.929151511982247e-06
2.350483143558385e-06
2.862953800857149e-06
3.486416042373294e-06
4.244486213637373e-06
5.166008857589214e-06
6.285888734759772e-06
7.646468907671007e-06
9.298669146046127e-06
1.130443172549875e-05
1.373909457037082e-05
1.669255707111018e-05
2.027443103687709e-05
2.461680702089101e-05
2.987846063601717e-05
3.625429349670377e-05
4.397272319938780e-05
5.331497210969776e-05
6.461629353517481e-05
7.828563839590531e-05
9.480252907933200e-05
1.147609602221323e-04
1.388633551685082e-04
1.679492299102159e-04
2.030344501125881e-04
2.453157725430974e-04
2.962801546507693e-04
3.576380236712786e-04
4.314822363347744e-04
5.202615310228899e-04
6.269628992059949e-04
7.551120132112648e-04
9.088234719717113e-04
1.093164284352733e-03
1.314160981696737e-03
1.578685954913932e-03
1.894802297928012e-03
2.272848081401328e-03
2.723684999814897e-03
3.261747263635870e-03
3.902379501181627e-03
4.665185090853180e-03
5.571771440681877e-03
6.647354852263072e-03
7.922022461327024e-03
9.432404416995954e-03
1.121571461750930e-02
1.332033762338597e-02
1.580083498103739e-02
1.871794678146293e-02
2.214167782408213e-02
2.615142843747941e-02
3.084017796426816e-02
3.630821731144162e-02
4.267302855331806e-02
5.005298579652053e-02
5.859117755299960e-02
6.844701998525862e-02
7.977553716378311e-02
9.275824698677357e-02
1.075786704108116e-01
1.244280114136311e-01
1.435030269792911e-01
1.649783755512300e-01
1.890516706829589e-01
2.158685745630062e-01
2.455571595423932e-01
2.782065410158722e-01
3.138453127646510e-01
3.524213752937858e-01
3.938124485583386e-01
4.377431636216707e-01
4.839255263546974e-01
5.318493706149535e-01
5.809202206578798e-01
6.304241425901543e-01
6.795346779485445e-01
7.273780000322684e-01
7.730184797431168e-01
8.155739228723639e-01
8.542187192654633e-01
8.883211424004814e-01
9.174383042185097e-01
9.413939687863098e-01
9.603012494212015e-01
9.745232419316154e-01
9.846477989042046e-01
9.914118304071953e-01
9.955210469915005e-01
9.978041669513961e-01
9.990091293022266e-01
9.995926699182094e-01
9.998489009623980e-01
9.999499308612074e-01
9.999853905089843e-01
9.999962860463004e-01
9.999991892718767e-01
9.999998507063373e-01
9.999999771668581e-01
9.999999971689544e-01
9.999999997184952e-01
9.999999999787151e-01
9.999999999986587e-01
9.999999999999674e-01
9.999999999999925e-01
1.000000000000002e+00
9.999999999999996e-01
1.000000000000000e+00
1.000000000000000e+00
1.000000000000000e+00
1.000000000000000e+00
1.000000000000000e+00
1.000000000000000e+00
###8.000000000000004e+00
1.067570158350740e-09
1.354918784599140e-09
1.702110044131171e-09
2.118817619573101e-09
2.631143596402478e-09
3.260918546564700e-09
4.028922417916328e-09
4.967619512672398e-09
6.116094031802932e-09
7.521434378621024e-09
9.239243700216980e-09
1.134080555600424e-08
1.391196442208021e-08
1.705662312307563e-08
2.090413967420713e-08
2.560631291776569e-08
3.135458795448238e-08
3.838135662638414e-08
4.696931418457018e-08
5.746031420440072e-08
7.030515645646270e-08
8.593533133833617e-08
1.050469166987417e-07
1.283939353689656e-07
1.568785849791689e-07
1.916433665120467e-07
2.340705437883201e-07
2.858259680968263e-07
3.489461580571269e-07
4.259121654033731e-07
5.197495315930052e-07
6.341138938727400e-07
7.735018704911202e-07
9.432551519954392e-07
1.150088238164385e-06
1.401811440050317e-06
1.708304492012109e-06
2.081286466077618e-06
2.535141539796602e-06
3.086993911346794e-06
3.758158525365776e-06
4.573974643944299e-06
5.565373100376446e-06
6.769770382782170e-06
8.232565796394840e-06
1.000823284302072e-05
1.216315898737524e-05
1.477795082379562e-05
1.794877345445741e-05
2.179282698416980e-05
2.645129886779092e-05
3.209381012656418e-05
3.892838332495318e-05
4.719888501546891e-05
5.720522468372692e-05
6.930488988073510e-05
8.393347198447387e-05
1.016016484523689e-04
1.229417924406072e-04
1.487006979031017e-04
1.797712127668928e-04
2.172324955275438e-04
2.623551634237814e-04
3.167166921734087e-04
3.821296058719888e-04
4.608121992607692e-04
5.553573575709724e-04
6.689289249350386e-04
8.052412111064841e-04
9.686524149295013e-04
1.164508140564611e-03
1.399169849772092e-03
1.679869124614752e-03
2.015074525072360e-03
2.415670309244274e-03
2.893106939993157e-03
3.462488910807437e-03
4.139905009040173e-03
4.945895639129218e-03
5.903051598243465e-03
7.037704166279360e-03
8.381242062940690e-03
9.971856619459709e-03
1.184819937619307e-02
1.406055828806523e-02
1.666551999324027e-02
1.972580682916474e-02
2.331418005285070e-02
2.751205170200184e-02
3.241529158198354e-02
3.812681594734758e-02
4.476699196896815e-02
5.245647433379638e-02
6.134102137538985e-02
7.158254198091156e-02
8.333735357117864e-02
9.678823246258766e-02
1.121187252669874e-01
1.295188994202770e-01
1.491830234410336e-01
1.712806947689621e-01
1.960033995122920e-01
2.234871029241383e-01
2.538477446812523e-01
2.871598162083314e-01
3.234335496515465e-01
3.625949998727476e-01
4.044968822240499e-01
4.488411634768287e-01
4.953127713792967e-01
5.433764867351109e-01
5.924156942334418e-01
6.417001373295549e-01
6.903941398979505e-01
7.376250840348806e-01
7.824704431779376e-01
8.240736884840776e-01
8.616481633643490e-01
8.946107563510702e-01
9.225746638556448e-01
9.454213033358327e-01
9.633142445114772e-01
9.766596662492519e-01
9.860712877675241e-01
9.922935409533867e-01
9.960288427265983e-01
9.980774877209412e-01
9.991443191845750e-01
9.996535108787277e-01
9.998735717623751e-01
9.999588670771902e-01
9.999882283661656e-01
9.999970709625796e-01
9.999993753605760e-01
9.999998878535941e-01
9.999999833110661e-01
9.999999979911681e-01
9.999999998064079e-01
9.999999999858655e-01
9.999999999991345e-01
9.999999999999813e-01
9.999999999999950e-01
1.000000000000001e+00
9.999999999999997e-01
1.000000000000000e+00
1.000000000000000e+00
1.000000000000000e+00
1.000000000000000e+00
1.000000000000000e+00
1.000000000000000e+00
###8.200000000000003e+00
1.159482407305938e-09
1.470549398617190e-09
1.847416214554212e-09
2.299609235692524e-09
2.855498351594980e-09
3.538714005797205e-09
4.371721749278017e-09
5.389675812403369e-09
6.634892399321065e-09
8.158323930997887e-09
1.002010176831837e-08
1.229733486326138e-08
1.508287670000071e-08
1.848904845391883e-08
2.265569339284484e-08
2.774679465426690e-08
3.396919772381146e-08
4.157390498513117e-08
5.086616818765795e-08
6.221504457077845e-08
7.610729098192166e-08
9.300771984151121e-08
1.136677473250001e-07
1.389006464654920e-07
1.696785434055944e-07
2.072329938357204e-07
2.530535614028254e-07
3.089344931921318e-07
3.770684545008074e-07
4.601266966216621e-07
5.613649865261492e-07
6.847160561175374e-07
8.350168951752344e-07
1.018008848754397e-06
1.240913971837977e-06
1.512112054934864e-06
1.842224489834167e-06
2.243833006988829e-06
2.732376662978989e-06
3.326223696792102e-06
4.048226863037532e-06
4.925569912716674e-06
5.991392966798858e-06
7.285777235081278e-06
8.857361275468985e-06
1.076438851127887e-05
1.307795189218210e-05
1.588423896879202e-05
1.928604526122311e-05
2.340855820596618e-05
2.840270446410700e-05
3.444944242054883e-05
4.177070068733772e-05
5.062664281036293e-05
6.133689961280433e-05
7.428239437307045e-05
8.992680457940953e-05
1.088136043764966e-04
1.316155586536839e-04
1.591261495071672e-04
1.922942469500964e-04
2.322655001819668e-04
2.803880188271124e-04
3.383342701856776e-04
4.080237921743013e-04
4.918062092873709e-04
5.924252069665378e-04
7.132300339370090e-04
8.581326792461803e-04
1.031750063709307e-03
1.239698006374702e-03
1.488706427489100e-03
1.786377689056478e-03
2.141601415619810e-03
2.565822765911335e-03
3.071113925829130e-03
3.673263895453304e-03
4.389133834965930e-03
5.240232724386253e-03
6.250164960609209e-03
7.446409225762144e-03
8.861692156353662e-03
1.053580801779187e-02
1.250887649271082e-02
1.483313139460060e-02
1.756722241225162e-02
2.077589653030036e-02
2.453467032426906e-02
2.892701794643197e-02
3.405169954334276e-02
4.001424916239869e-02
4.693789815005113e-02
5.494551835966614e-02
6.418546160940909e-02
7.482201810283269e-02
8.701262307796000e-02
1.009411025460249e-01
1.167907557114835e-01
1.347501817227306e-01
1.550107600038700e-01
1.777365655194665e-01
2.031124482732100e-01
2.312641120092525e-01
2.622947883554982e-01
2.962637145687124e-01
3.331622410789440e-01
3.728942207462703e-01
4.152873482060156e-01
4.600204547205423e-01
5.067518240455088e-01
5.549218320243292e-01
6.038928388509596e-01
6.529195850088434e-01
7.011593765321276e-01
7.477426509241553e-01
7.917624049743966e-01
8.323900006986799e-01
8.688795842483689e-01
9.006978490701635e-01
9.275143460330033e-01
9.492672488992445e-01
9.661692478151570e-01
9.786664861290728e-01
9.873953615353975e-01
9.931045791681219e-01
9.964903115884898e-01
9.983227463988120e-01
9.992639616912994e-01
9.997065444236080e-01
9.998947228951327e-01
9.999663853752057e-01
9.999905708788996e-01
9.999977049828903e-01
9.999995221810651e-01
9.999999164189064e-01
9.999999879072112e-01
9.999999985879509e-01
9.999999998682406e-01
9.999999999907155e-01
9.999999999994486e-01
9.999999999999896e-01
9.999999999999968e-01
1.000000000000001e+00
9.999999999999998e-01
1.000000000000000e+00
1.000000000000000e+00
1.000000000000000e+00
1.000000000000000e+00
1.000000000000000e+00
1.000000000000000e+00
###8.400000000000002e+00
1.258339470408234e-09
1.594946487719427e-09
2.003740824692230e-09
2.494100270052172e-09
3.096836501458327e-09
3.837512235357390e-09
4.740397343642377e-09
5.843532181537353e-09
7.192700336902569e-09
8.842996986438939e-09
1.085940545429771e-08
1.332527763408888e-08
1.634097811108167e-08
2.002784363805531e-08
2.453694699963288e-08
3.004531050162474e-08
3.677626255023847e-08
4.500071999426341e-08
5.504805951019872e-08
6.731642554418242e-08
8.233102809820524e-08
1.005922490057630e-07
1.229106672318887e-07
1.501628277691478e-07
1.833955140118887e-07
2.239353435104907e-07
2.733863735309915e-07
3.336798143622220e-07
4.071748234280554e-07
4.967454158309063e-07
6.058926983394785e-07
7.388446052570932e-07
9.008005457416910e-07
1.097927333062258e-06
1.337986972604997e-06
1.629965384802891e-06
1.985272280357107e-06
2.417406363781065e-06
2.942927470512330e-06
3.581525036496869e-06
4.357685139691952e-06
5.300547824233382e-06
6.445597211745670e-06
7.835740015715112e-06
9.523046411391388e-06
1.156975650035834e-05
1.405194217078886e-05
1.706169938681314e-05
2.070883642432543e-05
2.512698887988326e-05
3.047736773294106e-05
3.695291135666363e-05
4.479023271035173e-05
5.426667953126016e-05
6.572268424594078e-05
7.956386098424708e-05
9.628348124467216e-05
1.164595280434582e-04
1.408072569819084e-04
1.701692498183723e-04
2.055532002901316e-04
2.481745726544780e-04
2.994627435092630e-04
3.611898155126772e-04
4.353874366208894e-04
5.245426730889644e-04
6.315568982617821e-04
7.599717744599222e-04
9.139136326850274e-04
1.098254052972754e-03
1.318909323953490e-03
1.582967976020460e-03
1.898440096466019e-03
2.274646907873288e-03
2.723614772443785e-03
3.258056135724269e-03
3.894474044567726e-03
4.650525772347500e-03
5.548720967578221e-03
6.613708201782996e-03
7.874146258604499e-03
9.364136238024087e-03
1.112511729655557e-02
1.319870726660350e-02
1.563912792319994e-02
1.850712925626862e-02
2.186952226779048e-02
2.580457973924650e-02
3.039788116175222e-02
3.575107545510967e-02
4.197230189102985e-02
4.918762941015827e-02
5.752207633231095e-02
6.712650330314067e-02
7.816746062275194e-02
9.080331439774260e-02
1.052187189859243e-01
1.215964393797771e-01
1.401232600522220e-01
1.609872570251196e-01
1.843465072953652e-01
2.103787046108806e-01
2.391987192582387e-01
2.708964958769838e-01
3.055154010707543e-01
3.430273984447386e-01
3.833138039082331e-01
4.261772757740002e-01
4.712731710624606e-01
5.182335996253974e-01
5.664752703405490e-01
6.153407137300200e-01
6.640711876338151e-01
7.118189715364623e-01
7.577197562764105e-01
8.008844077526673e-01
8.405143771751272e-01
8.759063813345218e-01
9.065779653676747e-01
9.322551157573570e-01
9.529316806857191e-01
9.688677897820441e-01
9.805463749736687e-01
9.886232253290121e-01
9.938481141299405e-01
9.969081328938509e-01
9.985419295003976e-01
9.993693708619354e-01
9.997525444505705e-01
9.999127579937508e-01
9.999726741727853e-01
9.999924916709176e-01
9.999982134161656e-01
9.999996371005534e-01
9.999999381954678e-01
9.999999913126416e-01
9.999999990167238e-01
9.999999999112258e-01
9.999999999939707e-01
9.999999999996518e-01
9.999999999999946e-01
9.999999999999979e-01
1.000000000000000e+00
9.999999999999999e-01
1.000000000000000e+00
1.000000000000000e+00
1.000000000000000e+00
1.000000000000000e+00
1.000000000000000e+00
1.000000000000000e+00
###8.600000000000001e+00
1.364605628207563e-09
1.728695975863267e-09
2.171820543498758e-09
2.703205913693313e-09
3.356291343442935e-09
4.158712770917107e-09
5.136670331105283e-09
6.331299537909324e-09
7.792100893555246e-09
9.578609463678730e-09
1.176100418052272e-08
1.442932361596567e-08
1.769197671923637e-08
2.167995014366680e-08
2.655633633663836e-08
3.251210380672828e-08
3.978820963730043e-08
4.867687693152714e-08
5.953326170683943e-08
7.278659465268431e-08
8.900318685350041e-08
1.087213651234845e-07
1.328149254108860e-07
1.622279429535627e-07
1.980868611630040e-07
2.418197162872157e-07
2.951526688333514e-07
3.601629507506075e-07
4.393871441257598e-07
5.359153059565370e-07
6.535098539960222e-07
7.967130150376247e-07
9.711099265098290e-07
1.183320078775265e-06
1.441679618812387e-06
1.755819188832633e-06
2.137986032559741e-06
2.602653015511533e-06
3.167570199612007e-06
3.853829359388524e-06
4.687650372522258e-06
5.700247209591746e-06
6.929589554438725e-06
8.421578564488503e-06
1.023191802017518e-05
1.242708269699247e-05
1.508841029368642e-05
1.831424865237025e-05
2.222181943096931e-05
2.695368888012748e-05
3.268192356252208e-05
3.961211373722991e-05
4.799637051194291e-05
5.813015342425223e-05
7.037582442429933e-05
8.516499908685195e-05
1.030221151782236e-04
1.245614495470234e-04
1.505429359125759e-04
1.818607641296231e-04
2.195843678881141e-04
2.650024807551826e-04
3.196296688237316e-04
3.853431782748955e-04
4.642899647905060e-04
5.591029499474173e-04
6.728476011467155e-04
8.092617758631742e-04
9.727097502705305e-04
1.168311004522585e-03
1.402309904806415e-03
1.682158285937111e-03
2.016292284174954e-03
2.414483466369753e-03
2.889365388262273e-03
3.454294529155176e-03
4.126533204563077e-03
4.924553939367717e-03
5.871899668022702e-03
6.994294050043016e-03
8.321608909462333e-03
9.889356522278401e-03
1.174066304060510e-02
1.391867387423276e-02
1.647964041381563e-02
1.948644933466716e-02
2.300801204444644e-02
2.712535980569700e-02
3.192621379656094e-02
3.751510818510928e-02
4.400276966534588e-02
5.151807221839116e-02
6.018810231829245e-02
7.016613611684569e-02
8.162085262353193e-02
9.471135011687205e-02
1.096228770488756e-01
1.265373634864509e-01
1.456394181261615e-01
1.671133856818586e-01
1.911108561977723e-01
2.178018362134148e-01
2.472897843856773e-01
2.796507777500841e-01
3.149117102547083e-01
3.530246709451931e-01
3.938481279985925e-01
4.371596971045619e-01
4.825910420009757e-01
5.297486083050611e-01
5.780262480894646e-01
6.267479210848412e-01
6.751428876741584e-01
7.223604296708693e-01
7.675411244247431e-01
8.093495919054953e-01
8.484296449875315e-01
8.827191701922371e-01
9.122447991863970e-01
9.367940131872836e-01
9.564141843410052e-01
9.714114117365044e-01
9.823021089675860e-01
9.897581840538677e-01
9.945273584586123e-01
9.972849798359509e-01
9.987369894324739e-01
9.994618160830800e-01
9.997922445630132e-01
9.999280520149874e-01
9.999779037351688e-01
9.999940562654762e-01
9.999986182015543e-01
9.999997263367361e-01
9.999999546542394e-01
9.999999938122072e-01
9.999999993216759e-01
9.999999999407743e-01
9.999999999961309e-01
9.999999999997814e-01
9.999999999999977e-01
9.999999999999986e-01
1.000000000000000e+00
9.999999999999999e-01
1.000000000000000e+00
1.000000000000000e+00
1.000000000000000e+00
1.000000000000000e+00
1.000000000000000e+00
1.000000000000000e+00
###8.800000000000001e+00
1.478772443774777e-09
1.872418257205051e-09
2.352435388444972e-09
2.927895152468311e-09
3.635058643161458e-09
4.503797166091198e-09
5.562362501834608e-09
6.855211721889189e-09
8.435827483236627e-09
1.036850043500566e-08
1.272897007771075e-08
1.561443282923886e-08
1.914190860408153e-08
2.345270688455069e-08
2.872277845389969e-08
3.515799993520332e-08
4.301817604549592e-08
5.261830066104725e-08
6.434107374558232e-08
7.864892661840976e-08
9.615207774647824e-08
1.174293107295723e-07
1.434219334362551e-07
1.751460582626687e-07
2.138130791492699e-07
2.609591750422785e-07
3.184406557580950e-07
3.884903484893435e-07
4.738338084010196e-07
5.777911607324208e-07
7.044029955658123e-07
8.585459791084264e-07
1.046215568637906e-06
1.274512628397176e-06
1.552383505032573e-06
1.890144189382318e-06
2.300931339504840e-06
2.800252184718997e-06
3.407120119080346e-06
4.144114617094323e-06
5.039294984815959e-06
6.126072835235977e-06
7.445052119272851e-06
9.045305803291380e-06
1.098638339405183e-05
1.333924409974510e-05
1.619079221678266e-05
1.964598744224813e-05
2.382988452788431e-05
2.889448544311489e-05
3.502331066957957e-05
4.243530466620189e-05
5.139892731884449e-05
6.222871926309735e-05
7.531014971557877e-05
9.110220321655583e-05
1.101622604013545e-04
1.331423392050059e-04
1.608497432544589e-04
1.942327411361947e-04
2.344255408847619e-04
2.827937335324088e-04
3.409413254159702e-04
4.108552925063213e-04
4.948035227435464e-04
5.955715412663827e-04
7.163961428010629e-04
8.612227105256378e-04
1.034655569849487e-03
1.242080964778785e-03
1.490081601814484e-03
1.786488204624169e-03
2.140178333429225e-03
2.561416036045896e-03
3.063418127499931e-03
3.660201745866244e-03
4.369867895212936e-03
5.211705390975483e-03
6.210323370055329e-03
7.392551827185192e-03
8.789508746173891e-03
1.043815441429020e-02
1.238334415901471e-02
1.466977974002541e-02
1.735578325742284e-02
2.050641345686223e-02
2.419271555960749e-02
2.849848241060479e-02
3.351360656142030e-02
3.934550148959021e-02
4.610745806443194e-02
5.393111646025004e-02
6.294554510291279e-02
7.330633332011578e-02
8.518414698157466e-02
9.873860583427273e-02
1.141553050795688e-01
1.316150251296053e-01
1.512998233518758e-01
1.733898718332020e-01
1.980297720698015e-01
2.253813028036531e-01
2.555359283596975e-01
2.885552786396983e-01
3.244491895482076e-01
3.631494094649791e-01
4.044912779580110e-01
4.482273832965207e-01
4.939655948811676e-01
5.412872595996360e-01
5.895642785087615e-01
6.381033824367098e-01
6.861234597468165e-01
7.327728325101799e-01
7.771977360878324e-01
8.181926231767400e-01
8.561314629296032e-01
8.893132673059455e-01
9.176959528727096e-01
9.411305544367837e-01
9.597162073575922e-01
9.738029304866175e-01
9.839373151879308e-01
9.908040466566679e-01
9.951457756640638e-01
9.976236059451327e-01
9.989098703683010e-01
9.995425271527935e-01
9.998263384380153e-01
9.999409513675236e-01
9.999822270600638e-01
9.999953224026384e-01
9.999989381699715e-01
9.999997950892565e-01
9.999999669880748e-01
9.999999956297203e-01
9.999999995363864e-01
9.999999999608669e-01
9.999999999975475e-01
9.999999999998631e-01
9.999999999999996e-01
9.999999999999989e-01
1.000000000000000e+00
9.999999999999999e-01
1.000000000000000e+00
1.000000000000000e+00
1.000000000000000e+00
1.000000000000000e+00
1.000000000000000e+00
1.000000000000000e+00
###9.000000000000000e+00
1.601361174675696e-09
2.026769981633154e-09
2.546410954521580e-09
3.169193554785364e-09
3.934411234213135e-09
4.874333240473277e-09
6.019401553335770e-09
7.417632073409634e-09
9.126771603443802e-09
1.121620148496263e-08
1.376760932613644e-08
1.688584955314156e-08
2.069715458078950e-08
2.535387021460092e-08
3.104569573249741e-08
3.799443534496421e-08
4.648003372758202e-08
5.684180764174158e-08
6.949187049402932e-08
8.492809368771832e-08
1.038075740945245e-07
1.267521049038223e-07
1.547753697932647e-07
1.889699673897360e-07
2.306379415395904e-07
2.814307232824661e-07
3.433432757539819e-07
4.187741354477934e-07
5.106500241231021e-07
6.225359464816913e-07
7.587684587136974e-07
9.245799203229783e-07
1.126402050880602e-06
1.371847320167395e-06
1.670510305346743e-06
2.033435093631802e-06
2.474702429590129e-06
3.010917262075842e-06
3.662433211811422e-06
4.453407292058279e-06
5.413849178682572e-06
6.579498203898429e-06
7.993748739557210e-06
9.709031757790501e-06
1.178896532589293e-05
1.430925433209904e-05
1.736268572681598e-05
2.106120794908577e-05
2.553814847575860e-05
3.095547337852277e-05
3.750878379732187e-05
4.543111158893500e-05
5.500815494783301e-05
6.657454827856426e-05
8.054009656337189e-05
9.739258392859893e-05
1.177247058325339e-04
1.422261487043313e-04
1.717559666156649e-04
2.073185581181847e-04
2.501160564066675e-04
3.015946414987633e-04
3.634528275469870e-04
4.377899434097444e-04
5.270030396245947e-04
6.340361655850446e-04
7.623050608739518e-04
9.159717142883858e-04
1.099890521553076e-03
1.319726049226255e-03
1.582412611761320e-03
1.896175753750255e-03
2.270350465465680e-03
2.715713069859509e-03
3.246081109409912e-03
3.876161589776079e-03
4.624917218100663e-03
5.512481080944899e-03
6.564561890964506e-03
7.809127496546668e-03
9.278575317648318e-03
1.101135055731813e-02
1.305407990889987e-02
1.545304951451723e-02
1.826869261374679e-02
2.156827426640979e-02
2.542500392098230e-02
2.992543940705391e-02
3.516166785375717e-02
4.124397326512913e-02
4.828818175559956e-02
5.642865428271339e-02
6.579634682417340e-02
7.654905026912796e-02
8.885926474910641e-02
1.028869085709631e-01
1.188176631303382e-01
1.368308304593748e-01
1.571055269113797e-01
1.798172976505798e-01
2.051032424869708e-01
2.331163635080904e-01
2.639355457576715e-01
2.976073965101385e-01
3.341241278404265e-01
3.733967078920300e-01
4.152371034175756e-01
4.593729247930881e-01
5.053882657587249e-01
5.528400150858932e-01
6.010791503430425e-01
6.493966351674176e-01
6.970029091402749e-01
7.430474570764524e-01
7.866864598460818e-01
8.268220924472981e-01
8.636263549023907e-01
8.956898537038842e-01
9.229335373800968e-01
9.452674533791919e-01
9.628415116266136e-01
9.760467586969406e-01
9.854566532574643e-01
9.917652193758710e-01
9.957071157531395e-01
9.979268569758247e-01
9.990625119380313e-01
9.996126946296673e-01
9.998554796979675e-01
9.999517742034787e-01
9.999857808798522e-01
9.999963405179085e-01
9.999991893312828e-01
9.999998476554754e-01
9.999999761537240e-01
9.999999969392720e-01
9.999999996860650e-01
9.999999999743862e-01
9.999999999984654e-01
9.999999999999142e-01
1.000000000000001e+00
9.999999999999991e-01
1.000000000000000e+00
9.999999999999999e-01
1.000000000000000e+00
1.000000000000000e+00
1.000000000000000e+00
1.000000000000000e+00
1.000000000000000e+00
1.000000000000000e+00
###9.199999999999999e+00
1.732926342414688e-09
2.192445884388350e-09
2.754620734800231e-09
3.428186125902029e-09
4.255693172917630e-09
5.271979406624788e-09
6.509826301281846e-09
8.021059860083627e-09
9.867989841065457e-09
1.212544617274025e-08
1.488147360236552e-08
1.824911602426014e-08
2.236445646630278e-08
2.739163402139918e-08
3.353504001081077e-08
4.103348655369931e-08
5.018842779937742e-08
6.136514757116476e-08
7.500715243991330e-08
9.165012466568125e-08
1.120011855975964e-07
1.367274121060302e-07
1.669212784167898e-07
2.037553130270641e-07
2.486286470758867e-07
3.033154799189207e-07
3.699584119588428e-07
4.511323698293669e-07
5.499781114597437e-07
6.703211542800270e-07
8.168127910407699e-07
9.950634869677401e-07
1.211968575345301e-06
1.475683987725026e-06
1.796492588467302e-06
2.186211544333127e-06
2.659923312571663e-06
3.235397152913921e-06
3.934407805906376e-06
4.782784261545596e-06
5.812603121847043e-06
7.062068114687038e-06
8.577527948951283e-06
1.041496699090651e-05
1.264230580910790e-05
1.534026831284790e-05
1.860785590439543e-05
2.256440019698985e-05
2.735196175282180e-05
3.314302335738606e-05
4.014592250835285e-05
4.860854492819861e-05
5.883475568064364e-05
7.118034065187863e-05
8.608072195618695e-05
1.040539765170168e-04
1.257298770360907e-04
1.518378214928078e-04
1.832910536769128e-04
2.211529440421587e-04
2.666968237895166e-04
3.214533371443822e-04
3.872198627954771e-04
4.662134948962113e-04
5.609662644652229e-04
6.745877868731828e-04
8.106806106952730e-04
9.736327057135589e-04
1.168558889611071e-03
1.401413907336653e-03
1.679497388978133e-03
2.011446000547852e-03
2.407068599604886e-03
2.877663388280577e-03
3.437698662482620e-03
4.102568821159349e-03
4.892132629512282e-03
5.827395661078247e-03
6.935200092756505e-03
8.244683389744097e-03
9.789555804469427e-03
1.160978437470521e-02
1.375380929009008e-02
1.626952827401915e-02
1.921952535907294e-02
2.267330486502193e-02
2.670626785576009e-02
3.140774032585002e-02
3.687202083923594e-02
4.321225184309890e-02
5.054675984824191e-02
5.901257428032902e-02
6.874243576347280e-02
7.989621550204876e-02
9.264808420456698e-02
1.071580233676282e-01
1.236115265950322e-01
1.421860747915981e-01
1.630574394495716e-01
1.863960719209579e-01
2.123310463914067e-01
2.410060320679693e-01
2.724867488282688e-01
3.068042119467391e-01
3.439324646086986e-01
3.837612838287363e-01
4.260790580228111e-01
4.705885076440284e-01
5.168500786414520e-01
5.643969123004744e-01
6.125601823871814e-01
6.606166346029940e-01
7.077702382421718e-01
7.531738532519576e-01
7.959972843592825e-01
8.352338153713972e-01
8.709069497204845e-01
9.018451822567203e-01
9.279561442658776e-01
9.492056062046094e-01
9.657927499033288e-01
9.781467131815809e-01
9.868644287500515e-01
9.926458768643853e-01
9.962149433022384e-01
9.981974299919061e-01
9.991967398586103e-01
9.996734258563569e-01
9.998802667301357e-01
9.999608063721981e-01
9.999886852186007e-01
9.999971539529233e-01
9.999993850989998e-01
9.999998875431642e-01
9.999999829080265e-01
9.999999978743122e-01
9.999999997893823e-01
9.999999999833884e-01
9.999999999990531e-01
9.999999999999458e-01
1.000000000000001e+00
9.999999999999993e-01
1.000000000000000e+00
9.999999999999999e-01
1.000000000000000e+00
1.000000000000000e+00
1.000000000000000e+00
1.000000000000000e+00
1.000000000000000e+00
1.000000000000000e+00
###9.399999999999999e+00
1.874045276747687e-09
2.370180727896308e-09
2.977988563310839e-09
3.706020343301587e-09
4.600324973290284e-09
5.698489286399260e-09
7.035792371241007e-09
8.668137197432891e-09
1.066271423865101e-08
1.310018026927022e-08
1.607537248679356e-08
1.971008745609434e-08
2.415093556863531e-08
2.957465158492973e-08
3.620131898673928e-08
4.428790193193089e-08
5.415881472619211e-08
6.620704923375307e-08
8.090960068248483e-08
9.884246882725425e-08
1.207646671514413e-07
1.473963684485628e-07
1.799081902094762e-07
2.195607253193068e-07
2.678559846262052e-07
3.266988753295293e-07
3.983891229497298e-07
4.856893188036463e-07
5.919678349302210e-07
7.213271953865909e-07
8.787532228471083e-07
1.070258112915916e-06
1.303229637868338e-06
1.586400732074405e-06
1.930784766260211e-06
2.349019193512734e-06
2.857249102743046e-06
3.474477845073305e-06
4.223986409147273e-06
5.133374989341373e-06
6.236909544379021e-06
7.575401730486751e-06
9.198326601497548e-06
1.116542687557156e-05
1.354917094177587e-05
1.643558817473481e-05
1.993024217231957e-05
2.416026021228332e-05
2.927691815633918e-05
3.546379315786509e-05
4.294264490322197e-05
5.197701349641166e-05
6.288990028106896e-05
7.605934662520849e-05
9.194772796853390e-05
1.111049699722476e-04
1.341997623623527e-04
1.620033305306193e-04
1.954856572263450e-04
2.357720319009600e-04
2.842103852892733e-04
3.424198459299853e-04
4.123011813907491e-04
4.961948467314718e-04
5.967738774930334e-04
7.173207446887066e-04
8.616329255438904e-04
1.034334046885994e-03
1.240810034705228e-03
1.487317972594849e-03
1.781536955226817e-03
2.132531447451040e-03
2.550601048958048e-03
3.047582483670227e-03
3.638625649088197e-03
4.339829908194441e-03
5.171978530285413e-03
6.156978010485642e-03
7.322838367975392e-03
8.699898656143694e-03
1.032321542863720e-02
1.223431443273248e-02
1.448349134932712e-02
1.712028174723738e-02
2.020945922404854e-02
2.382279884244892e-02
2.803791759102117e-02
3.294691211415338e-02
3.864630299924911e-02
4.525207534323617e-02
5.288501503324981e-02
6.168476043446160e-02
7.178572510609739e-02
8.334972938306609e-02
9.655243949379000e-02
1.115536521003359e-01
1.285383854765962e-01
1.476819426641621e-01
1.691563326340738e-01
1.931264338914221e-01
2.197127612700281e-01
2.490490888942544e-01
2.811873866652257e-01
3.161425169378788e-01
3.538698323899171e-01
3.942375402058200e-01
4.370102879782681e-01
4.818660398886996e-01
5.283418287005682e-01
5.759478343315377e-01
6.239966394338160e-01
6.717524071866157e-01
7.184146724345988e-01
7.631419508008298e-01
8.051209060869062e-01
8.434235544218411e-01
8.779670758184069e-01
9.077763548861465e-01
9.327632182153026e-01
9.529466402077308e-01
9.685731759313863e-01
9.801070449089860e-01
9.881652107893421e-01
9.934503028756783e-01
9.966728180660223e-01
9.984379554804637e-01
9.993142978829641e-01
9.997257566294541e-01
9.999012475303743e-01
9.999683039617264e-01
9.999910449865016e-01
9.999977997042421e-01
9.999995366233803e-01
9.999999175745589e-01
9.999999878441002e-01
9.999999985359691e-01
9.999999998600013e-01
9.999999999893219e-01
9.999999999994246e-01
9.999999999999654e-01
1.000000000000001e+00
9.999999999999994e-01
1.000000000000000e+00
9.999999999999999e-01
1.000000000000000e+00
1.000000000000000e+00
1.000000000000000e+00
1.000000000000000e+00
1.000000000000000e+00
1.000000000000000e+00
###9.599999999999998e+00
2.025333385465951e-09
2.560751337483745e-09
3.217491169711682e-09
4.003909326941234e-09
4.969808306165141e-09
6.155716529545764e-09
7.599578094897758e-09
9.361656241876673e-09
1.151435951537019e-08
1.414457237735172e-08
1.735438632264589e-08
2.127494759534607e-08
2.606411137941957e-08
3.191205826140282e-08
3.905562347865167e-08
4.777113448353952e-08
5.840750178417335e-08
7.138726781875249e-08
8.722313369018433e-08
1.065340642001140e-07
1.301341487759986e-07
1.588010842406607e-07
1.937872385389602e-07
2.364479617980232e-07
2.883945006501359e-07
3.516708516806717e-07
4.287438819987114e-07
5.225757440489495e-07
6.367767433753151e-07
7.757438068957694e-07
9.448181500090166e-07
1.150438591902743e-06
1.400515710746298e-06
1.704394764326000e-06
2.073864053560125e-06
2.522431091184236e-06
3.067367371979666e-06
3.728984022138361e-06
4.532157632357756e-06
5.506363758735193e-06
6.688186346430818e-06
8.121195687033898e-06
9.858173534125761e-06
1.196283590563174e-05
1.451245622233645e-05
1.759866921636449e-05
2.133396481536743e-05
2.585369821172841e-05
3.131886439829579e-05
3.792473889027089e-05
4.590722065338564e-05
5.554633983737895e-05
6.718524592092520e-05
8.122538756169993e-05
9.815748643351744e-05
1.185649376587568e-04
1.431572683224702e-04
1.727497199836554e-04
2.083716789674626e-04
2.512134086187476e-04
3.027009728172781e-04
3.645461535253079e-04
4.387578028806971e-04
5.278055211844033e-04
6.345095830632964e-04
7.623328641937373e-04
9.152761320931113e-04
1.098208672069640e-03
1.316798537366926e-03
1.577617622088718e-03
1.888739079262006e-03
2.259672234164969e-03
2.701224782897309e-03
3.225791124827156e-03
3.849227779150446e-03
4.588363284710853e-03
5.464932513258682e-03
6.501771463419606e-03
7.728092843892240e-03
9.175469431995608e-03
1.088033757407950e-02
1.288581849444706e-02
1.524410514537221e-02
1.800639617001772e-02
2.123969249602694e-02
2.501806979702050e-02
2.942138213686463e-02
3.454449815509217e-02
4.048616481608437e-02
4.736518997412548e-02
5.530477143636322e-02
6.444708946431527e-02
7.492810973496344e-02
8.691146029828996e-02
1.005741162028643e-01
1.160754284406970e-01
1.335996387799628e-01
1.533195017795133e-01
1.754028327943712e-01
2.000084468819946e-01
2.272477571339960e-01
2.572440758716213e-01
2.900350413117450e-01
3.256188133104171e-01
3.639315578995123e-01
4.048195708092613e-01
4.480236424784874e-01
4.931971670998324e-01
5.398541037775134e-01
5.874825379217963e-01
6.353777647439002e-01
6.827930865574833e-01
7.289256955497598e-01
7.729420936335328e-01
8.140487138079029e-01
8.513871840924701e-01
8.848016560899324e-01
9.134813101646256e-01
9.373550168214801e-01
9.564928713901013e-01
9.711865903945992e-01
9.819323818915719e-01
9.893637772739929e-01
9.941828448884626e-01
9.970842624556083e-01
9.986509780417087e-01
9.994168380303150e-01
9.997706482355980e-01
9.999189199596862e-01
9.999744944630768e-01
9.999929511334830e-01
9.999983090667649e-01
9.999996530851825e-01
9.999999400141026e-01
9.999999914215913e-01
9.999999990000144e-01
9.999999999078014e-01
9.999999999931941e-01
9.999999999996564e-01
9.999999999999775e-01
1.000000000000001e+00
9.999999999999996e-01
1.000000000000000e+00
9.999999999999999e-01
1.000000000000000e+00
1.000000000000000e+00
1.000000000000000e+00
1.000000000000000e+00
1.000000000000000e+00
1.000000000000000e+00
###9.799999999999997e+00
2.187441079669824e-09
2.764978765049431e-09
3.474160904990363e-09
4.323135212763634e-09
5.365730165080686e-09
6.645619939897253e-09
8.203590786006343e-09
1.010456685038871e-08
1.242653263211906e-08
1.526302526022206e-08
1.872387995367200e-08
2.295022532258172e-08
2.811192167011565e-08
3.441349576504350e-08
4.210965683407778e-08
5.149737744320654e-08
6.295169009283065e-08
7.692663732582175e-08
9.397297137154258e-08
1.147554218924973e-07
1.401468187594805e-07
1.709859048698989e-07
2.086122847351786e-07
2.544820581786035e-07
3.103226769654573e-07
3.783260740282883e-07
4.611368276338120e-07
5.619291993901661e-07
6.845705240021272e-07
8.337704715467313e-07
1.015247632964521e-06
1.235893634125139e-06
1.504173943940714e-06
1.830083192575857e-06
2.226231452672466e-06
2.707048563046703e-06
3.290999520687833e-06
3.999780719135057e-06
4.859958236126112e-06
5.902991979313564e-06
7.167919236473424e-06
8.701227231186340e-06
1.055919325801128e-05
1.280973202783361e-05
1.553519157062515e-05
1.883312585140973e-05
2.282333247361360e-05
2.764984672858693e-05
3.348390958150270e-05
4.053312600292838e-05
4.904828378285819e-05
5.932677511142517e-05
7.173295342158824e-05
8.669287587712037e-05
1.047270618554941e-04
1.264540637800203e-04
1.526262487128588e-04
1.841051400202941e-04
2.219823092569423e-04
2.675161603166401e-04
3.222145592569930e-04
3.878862637991774e-04
4.666530814208238e-04
5.611197361469560e-04
6.742601912141556e-04
8.097255520602353e-04
9.717284493807651e-04
1.165394194848051e-03
1.396684312601426e-03
1.672498296480143e-03
2.001318397159629e-03
2.393116251245322e-03
2.859225483197776e-03
3.412617684006797e-03
4.069871088749388e-03
4.848599370818724e-03
5.771485441302775e-03
6.862333890985903e-03
8.151595454196834e-03
9.672108883926332e-03
1.146172378461696e-02
1.356519345142558e-02
1.603664959055320e-02
1.892897800626250e-02
2.231144358981394e-02
2.626045071722640e-02
3.085810842567645e-02
3.620205713256261e-02
4.239326829748236e-02
4.955334816296228e-02
5.780785229561879e-02
6.730142799537087e-02
7.817146282438567e-02
9.058324067316852e-02
1.047148467815761e-01
1.207249126704916e-01
1.387965887945311e-01
1.590996968892634e-01
1.817974145720234e-01
2.070419920046564e-01
2.349351906998097e-01
2.655892915282287e-01
2.990270246084898e-01
3.352293118475248e-01
3.741126638386934e-01
4.155011667972701e-01
4.591116852643065e-01
5.045732891013284e-01
5.513773071069229e-01
5.989906828009071e-01
6.466928132113022e-01
6.937279496635024e-01
7.392930852068751e-01
7.825650722725184e-01
8.227727808795168e-01
8.591208220493820e-01
8.914066252256303e-01
9.189588046967044e-01
9.417325689174109e-01
9.598472587034531e-01
9.736372858871615e-01
9.836276726088933e-01
9.904650625704821e-01
9.948478728153621e-01
9.974527325719119e-01
9.988389400516156e-01
9.995059139467719e-01
9.998089861817974e-01
9.999337328804960e-01
9.999795783941816e-01
9.999944818775279e-01
9.999987082827373e-01
9.999997419741604e-01
9.999999566542848e-01
9.999999939930846e-01
9.999999993225942e-01
9.999999999398433e-01
9.999999999956968e-01
9.999999999997990e-01
9.999999999999850e-01
1.000000000000001e+00
9.999999999999996e-01
1.000000000000000e+00
9.999999999999999e-01
1.000000000000000e+00
1.000000000000000e+00
1.000000000000000e+00
1.000000000000000e+00
1.000000000000000e+00
1.000000000000000e+00
###9.999999999999996e+00
2.361055502905469e-09
2.983730471942980e-09
3.749088482687111e-09
4.665052554616305e-09
5.789767064488007e-09
7.170268637780483e-09
8.850373070682987e-09
1.089998427525461e-08
1.340304217627056e-08
1.646018717654945e-08
2.018951643198991e-08
2.474281123603005e-08
3.030274244357298e-08
3.708913619981272e-08
4.537576373773967e-08
5.548159876800239e-08
6.780951581631668e-08
8.284711958336266e-08
1.011856929051185e-07
1.235386900880958e-07
1.508415512241465e-07
1.839977918046079e-07
2.244400299668639e-07
2.737314744574310e-07
3.337231072570787e-07
4.067641420593691e-07
4.956880172281560e-07
6.038943338207579e-07
7.355233637106477e-07
8.956168483852442e-07
1.090293909408297e-06
1.326926572242534e-06
1.614568889177022e-06
1.963903921526546e-06
2.388412771556059e-06
2.903502518584723e-06
3.528902212224920e-06
4.287774843916606e-06
5.208474600680619e-06
6.324560481705094e-06
7.677664730024322e-06
9.317357481818306e-06
1.130360978896796e-05
1.370877092428911e-05
1.662054660774030e-05
2.014273779487381e-05
2.440284919380750e-05
2.955406906839928e-05
3.577843506377004e-05
4.329654071762267e-05
5.237484603175234e-05
6.332901461256775e-05
7.654570523958791e-05
9.247683584724741e-05
1.116742355334879e-04
1.347933710529815e-04
1.626315366630163e-04
1.960988832979870e-04
2.363520688578888e-04
2.847209198495801e-04
3.427989126442911e-04
4.124962602416497e-04
4.960527751792324e-04
5.962129857337588e-04
7.161157050057523e-04
8.596038445955450e-04
1.031112296948774e-03
1.236033027790814e-03
1.480632741251269e-03
1.772151643117476e-03
2.119496566849104e-03
2.533119305985201e-03
3.024897717674716e-03
3.608400440806965e-03
4.300951998263337e-03
5.120980783442438e-03
6.092141628721842e-03
7.239237865847598e-03
8.593994075235095e-03
1.019054730594300e-02
1.206819380530296e-02
1.427335528982531e-02
1.686214331733371e-02
1.988915368681729e-02
2.342595062493495e-02
2.755129335988625e-02
3.234956043829860e-02
3.792116187132661e-02
4.436928546533644e-02
5.181830664059027e-02
6.039607758631119e-02
7.024962966902901e-02
8.151763243985344e-02
9.436686294174432e-02
1.089763058867902e-01
1.255035864748154e-01
1.441304353913526e-01
1.650233437189872e-01
1.883403947136841e-01
2.142267621265673e-01
2.427739999410674e-01
2.740827867155409e-01
3.081603756602829e-01
3.449699323214288e-01
3.844078766645984e-01
4.262758244840001e-01
4.702667074325463e-01
5.159855780807974e-01
5.629016810903887e-01
6.104618529527120e-01
6.579310847518670e-01
7.045464526348849e-01
7.495069469967599e-01
7.920021543973064e-01
8.312858627167516e-01
8.666209326389465e-01
8.977788633045450e-01
9.242083895376354e-01
9.458976318990527e-01
9.630133556692254e-01
9.759299913998898e-01
9.851981305001368e-01
9.914741079390916e-01
9.954497395435954e-01
9.977815932257738e-01
9.990041686046028e-01
9.995829763692223e-01
9.998415803499037e-01
9.999460880202190e-01
9.999837311515186e-01
9.999957039610743e-01
9.999990191724190e-01
9.999998093458128e-01
9.999999689008259e-01
9.999999958263055e-01
9.999999995448676e-01
9.999999999611154e-01
9.999999999972990e-01
9.999999999998856e-01
9.999999999999897e-01
1.000000000000001e+00
9.999999999999997e-01
1.000000000000000e+00
1.000000000000000e+00
1.000000000000000e+00
1.000000000000000e+00
1.000000000000000e+00
1.000000000000000e+00
1.000000000000000e+00
1.000000000000000e+00
###1.020000000000000e+01
2.546902361633102e-09
3.217922630942847e-09
4.043425876229777e-09
5.031091913691120e-09
6.243689470199282e-09
7.731847509491623e-09
9.542609565053228e-09
1.175119729225199e-08
1.444790838870204e-08
1.774096386704578e-08
2.175727152526464e-08
2.665997516674365e-08
3.264540907471048e-08
3.994970749853057e-08
4.886696076137265e-08
5.973957795336061e-08
7.300009451962412e-08
8.917185740415191e-08
1.088893007131032e-07
1.329177305474713e-07
1.622592849950068e-07
1.978861863585772e-07
2.413301294577369e-07
2.942682508118406e-07
3.586826831396636e-07
4.370898116217520e-07
5.325236909193209e-07
6.486232055689498e-07
7.898183228758733e-07
9.615032165681730e-07
1.170221916654238e-06
1.423855904396677e-06
1.732083241281126e-06
2.106316515204228e-06
2.560959666424244e-06
3.112454677181769e-06
3.781868817404811e-06
4.593917070430497e-06
5.578845277446897e-06
6.772431860989687e-06
8.219052687253508e-06
9.971534766967585e-06
1.209375047965051e-05
1.466273110697994e-05
1.777183590115224e-05
2.153145618479857e-05
2.607722154571119e-05
3.157196760813015e-05
3.820910408913384e-05
4.622290151675069e-05
5.589630975042238e-05
6.756421262599100e-05
8.163672253633038e-05
9.859292314852941e-05
1.190175278912736e-04
1.436047459553889e-04
1.731989731725418e-04
2.087614166443364e-04
2.515168436950577e-04
3.028699042260931e-04
3.645036333687422e-04
4.384343410104959e-04
5.270250374184094e-04
6.331592785243754e-04
7.601692971326854e-04
9.120765092327713e-04
1.093554365461647e-03
1.310272476897312e-03
1.568814783779775e-03
1.876775650244498e-03
2.243502424561572e-03
2.679945307286294e-03
3.198545157558928e-03
3.813487920364614e-03
4.542871499370088e-03
5.405962749352867e-03
6.427419114956655e-03
7.633070903604552e-03
9.055952719886134e-03
1.073153230875164e-02
1.270058566011793e-02
1.501123908223999e-02
1.772162456320904e-02
2.088806935735507e-02
2.458447100234114e-02
2.889196761862763e-02
3.389721831091069e-02
3.970339814670520e-02
4.641589680774007e-02
5.416182447748570e-02
6.307126159070918e-02
7.329353219218381e-02
8.496843798511645e-02
9.826407541929745e-02
1.133601057131870e-01
1.304128477221974e-01
1.496022703448790e-01
1.710911229977328e-01
1.950319260228666e-01
2.215622560925369e-01
2.507628990178481e-01
2.827223608073091e-01
3.174318589765331e-01
3.548363043338805e-01
3.948116255526293e-01
4.371367541819129e-01
4.814807414402811e-01
5.274249978976682e-01
5.744173322819447e-01
6.218855968587970e-01
6.690819582601483e-01
7.152382664339940e-01
7.595577482199779e-01
8.012451134639921e-01
8.395813976164682e-01
8.738844078645194e-01
9.039161410363634e-01
9.292303826374521e-01
9.498526502070429e-01
9.659952602243063e-01
9.780698168126301e-01
9.866491800538399e-01
9.923960150204199e-01
9.959927472012007e-01
9.980740968098725e-01
9.991488667750401e-01
9.996493707567495e-01
9.998691663694990e-01
9.999563423701487e-01
9.999871050267284e-01
9.999966738982328e-01
9.999992597294765e-01
9.999998600531869e-01
9.999999778459117e-01
9.999999971225288e-01
9.999999996966900e-01
9.999999999751027e-01
9.999999999983156e-01
9.999999999999373e-01
9.999999999999927e-01
1.000000000000001e+00
9.999999999999997e-01
1.000000000000000e+00
1.000000000000000e+00
1.000000000000000e+00
1.000000000000000e+00
1.000000000000000e+00
1.000000000000000e+00
1.000000000000000e+00
1.000000000000000e+00
###1.040000000000000e+01
2.745747873110638e-09
3.468522562831506e-09
4.358389382381797e-09
5.422763655754385e-09
6.729366486824241e-09
8.332662993321275e-09
1.028313383526460e-08
1.266167680532807e-08
1.556537353235794e-08
1.911053125185744e-08
2.343344908958591e-08
2.870938475774114e-08
3.514923875023299e-08
4.300652048206769e-08
5.259696930201663e-08
6.428794533893978e-08
7.854356826747802e-08
9.592523113478868e-08
1.171132879076446e-07
1.429281999866098e-07
1.744431180103843e-07
2.127031267267671e-07
2.593454368626023e-07
3.161681748787628e-07
3.852927934529555e-07
4.694132329932411e-07
5.717765551496772e-07
6.962756200500857e-07
8.476477384919411e-07
1.031660954462746e-06
1.255309867803420e-06
1.527015992698866e-06
1.857118641620894e-06
2.257803152344006e-06
2.744450761484583e-06
3.334598911784074e-06
4.050731026680032e-06
4.919203647465086e-06
5.972263079178567e-06
7.248033410456790e-06
8.793789502359500e-06
1.066579842696580e-05
1.293205034505100e-05
1.567451848801771e-05
1.899252495410173e-05
2.300341062017907e-05
2.785136693109319e-05
3.370939347200912e-05
4.078287320740231e-05
4.932047209388763e-05
5.962248351909245e-05
7.204400071388951e-05
8.701978657978666e-05
1.050574499077536e-04
1.267762275385303e-04
1.529109731188669e-04
1.843554475555959e-04
2.221244287769992e-04
2.675139417106873e-04
3.220069829734164e-04
3.873802400150361e-04
4.657609272130454e-04
5.596406170494804e-04
6.720487847302112e-04
8.065175829135983e-04
9.672562182227848e-04
1.159185796965123e-03
1.388264916064729e-03
1.661407158241371e-03
1.986574827777564e-03
2.373572167955976e-03
2.833866445147915e-03
3.380480749111636e-03
4.028238985645358e-03
4.796039928108767e-03
5.704013147763361e-03
6.777849796113747e-03
8.044435589632732e-03
9.538151652651591e-03
1.129582894428651e-02
1.335975568756437e-02
1.577979895832876e-02
1.861615105462355e-02
2.192689066931956e-02
2.578828108469793e-02
3.028386131318879e-02
3.550264264749958e-02
4.155036416684039e-02
4.853479000137999e-02
5.658566135378922e-02
6.583521065003471e-02
7.643495457539212e-02
8.852566691695612e-02
1.022765787102361e-01
1.178678354240729e-01
1.354540059306532e-01
1.552130720704021e-01
1.773035749049914e-01
2.018719917692031e-01
2.290477734679585e-01
2.589003738366672e-01
2.915055586457458e-01
3.268379635124132e-01
3.648237691879155e-01
4.053180500689811e-01
4.480768903071968e-01
4.927455764198871e-01
5.388823247010754e-01
5.859142574517675e-01
6.332514544298007e-01
6.801349246398821e-01
7.257933120627047e-01
7.694363478726193e-01
8.102862552168527e-01
8.476535093621355e-01
8.809086297843105e-01
9.098170730160167e-01
9.340258378477879e-01
9.536007068544240e-01
9.687975631548502e-01
9.800621978573449e-01
9.879864048804117e-01
9.932359026073133e-01
9.964811161354277e-01
9.983333660061205e-01
9.992751047196707e-01
9.997063368208740e-01
9.998924079668520e-01
9.999648110003440e-01
9.999898312919446e-01
9.999974391815160e-01
9.999994446728575e-01
9.999998979522039e-01
9.999999843303832e-01
9.999999980315674e-01
9.999999997994935e-01
9.999999999842120e-01
9.999999999989549e-01
9.999999999999676e-01
9.999999999999947e-01
1.000000000000001e+00
9.999999999999998e-01
1.000000000000000e+00
1.000000000000000e+00
1.000000000000000e+00
1.000000000000000e+00
1.000000000000000e+00
1.000000000000000e+00
1.000000000000000e+00
1.000000000000000e+00
###1.059999999999999e+01
2.958400629193134e-09
3.736551244284800e-09
4.695262777171642e-09
5.841661862396479e-09
7.248770684861818e-09
8.975149056751138e-09
1.107493575539424e-08
1.363508469620420e-08
1.675991269528132e-08
2.057434847318818e-08
2.522469684914439e-08
3.089912452368023e-08
3.782405346273892e-08
4.627149651377540e-08
5.658024853214467e-08
6.914422208425442e-08
8.446115364547229e-08
1.031329163159888e-07
1.258887077479569e-07
1.536076328725284e-07
1.874384075039280e-07
2.285033662270884e-07
2.785520241682952e-07
3.395109503722205e-07
4.136495253529693e-07
5.038501899266738e-07
6.135860679709436e-07
7.470194693041781e-07
9.092136238572325e-07
1.106333018908365e-06
1.345849818111867e-06
1.636757723544564e-06
1.990096478528442e-06
2.418869572125648e-06
2.939492779169608e-06
3.570662570110934e-06
4.336360352534515e-06
5.264678285139711e-06
6.389977268361278e-06
7.752859056338560e-06
9.403661076050078e-06
1.140228150544763e-05
1.382105616913948e-05
1.674717127732398e-05
2.028623582808246e-05
2.456291572358836e-05
2.973042111766231e-05
3.597245534449390e-05
4.350700263434871e-05
5.259787345399989e-05
6.356359597475670e-05
7.678050366668714e-05
9.270925710130572e-05
1.118874057709902e-04
1.349704156295193e-04
1.627357628381517e-04
1.961289287314106e-04
2.362213669954198e-04
2.843821328018655e-04
3.421777229587657e-04
4.114822193659812e-04
4.945387180593221e-04
5.939729146525865e-04
7.129672583068767e-04
8.552606849173753e-04
1.025259619008479e-03
1.228142265556770e-03
1.470167871198457e-03
1.758592425080937e-03
2.101760289707924e-03
2.509949431935380e-03
2.995163253879937e-03
3.571026756885754e-03
4.253022849093912e-03
5.060879060084253e-03
6.015612579628781e-03
7.143979458673421e-03
8.473949556973502e-03
1.004128729006920e-02
1.188421913524891e-02
1.404657820173314e-02
1.658000759140638e-02
1.954679926674622e-02
2.300680174432743e-02
2.703867479187973e-02
3.172837819003555e-02
3.716728578078646e-02
4.346366723405560e-02
5.072765595595045e-02
5.909157259687967e-02
6.868971698292539e-02
7.967568944724565e-02
9.219106524109180e-02
1.064060138342735e-01
1.225009199818505e-01
1.406282643540900e-01
1.609636838519545e-01
1.836610722058226e-01
2.088603723194228e-01
2.366823726243897e-01
2.671846286033053e-01
3.004296010255330e-01
3.363748099665443e-01
3.749272522290235e-01
4.159208183051285e-01
4.590886171218395e-01
5.040523334512265e-01
5.503473685281277e-01
5.973810392336600e-01
6.445445080329432e-01
6.907137919865268e-01
7.361937177896118e-01
7.791307937217873e-01
8.191158986386908e-01
8.554953911149994e-01
8.876903368371598e-01
9.154801322728657e-01
9.385959526572345e-01
9.571451069320007e-01
9.714250830207219e-01
9.819127148657966e-01
9.892154171915249e-01
9.939988057521573e-01
9.969189332965388e-01
9.985623674829183e-01
9.993848138794359e-01
9.997550078506335e-01
9.999118995475242e-01
9.999717698984865e-01
9.999920222548788e-01
9.999980394142891e-01
9.999995859445150e-01
9.999999260801725e-01
9.999999889955796e-01
9.999999986638721e-01
9.999999998685010e-01
9.999999999900872e-01
9.999999999993540e-01
9.999999999999849e-01
9.999999999999960e-01
1.000000000000001e+00
9.999999999999998e-01
1.000000000000000e+00
1.000000000000000e+00
1.000000000000000e+00
1.000000000000000e+00
1.000000000000000e+00
1.000000000000000e+00
1.000000000000000e+00
1.000000000000000e+00
###1.079999999999999e+01
3.185713832906276e-09
4.023085962741122e-09
5.055400654490826e-09
6.289468468963228e-09
7.803983207917787e-09
9.661873242141122e-09
1.192116918064513e-08
1.467528319507433e-08
1.803624514322584e-08
2.213817171607544e-08
2.713802312457526e-08
3.323771605844624e-08
4.068020438587440e-08
4.975719809296778e-08
6.083203090700600e-08
7.432686270855057e-08
9.077519295040335e-08
1.108219451164159e-07
1.352482471754119e-07
1.649955298265265e-07
2.012928734469033e-07
2.453444996307957e-07
2.990193759973298e-07
3.643803775399727e-07
4.438538799397581e-07
5.405223571758234e-07
6.580987459316606e-07
8.010310977282468e-07
9.747281085067780e-07
1.185774463468391e-06
1.442148281226722e-06
1.753449257724910e-06
2.131458756282014e-06
2.590046240439255e-06
3.146721761011921e-06
3.821407922440799e-06
4.639669888804323e-06
5.631434131182248e-06
6.833295633316889e-06
8.288459621024804e-06
1.005053611103898e-05
1.218321564307446e-05
1.476343116882794e-05
1.788386561923277e-05
2.165675364013514e-05
2.621447879492980e-05
3.171974745602637e-05
3.836753046980360e-05
4.638906837259989e-05
5.606409856574505e-05
6.773031313105581e-05
8.178635978172803e-05
9.872009623060250e-05
1.191004862317094e-04
1.436209999225398e-04
1.731037921431170e-04
2.085485245213377e-04
2.510879740716634e-04
3.021617286381117e-04
3.634294596903399e-04
4.368651028464879e-04
5.248327719778498e-04
6.300980488241886e-04
7.560035820682117e-04
9.065023141474382e-04
1.086207469433265e-03
1.300564139996814e-03
1.556144215837908e-03
1.860559217296429e-03
2.222550024015663e-03
2.652885603970171e-03
3.164124980730142e-03
3.770515194549886e-03
4.488219578881594e-03
5.337822707753118e-03
6.341254662603431e-03
7.526368103717272e-03
8.922245836493359e-03
1.056607257725244e-02
1.249750246018756e-02
1.476194592222010e-02
1.741285665291290e-02
2.051466490125831e-02
2.412900564383996e-02
2.833696404813979e-02
3.322693779885467e-02
3.889265726115354e-02
4.544492365062854e-02
5.299619016135777e-02
6.168131138090222e-02
7.163656206844060e-02
8.301750790695157e-02
9.596634436216916e-02
1.106539714298633e-01
1.272607471832670e-01
1.459367381574069e-01
1.668548402481494e-01
1.901638572074940e-01
2.159966966972392e-01
2.444649425966189e-01
2.756136862141222e-01
3.094915258826354e-01
3.460383512549116e-01
3.851415524868322e-01
4.266135531742252e-01
4.701644260987025e-01
5.153924919607510e-01
5.618108868873841e-01
6.088080295394075e-01
6.557568551142010e-01
7.015970013364455e-01
7.464347577096260e-01
7.886341521557574e-01
8.277285774499646e-01
8.631031160765924e-01
8.942282321801787e-01
9.209060469802942e-01
9.429433128834044e-01
9.604901760089968e-01
9.738832448493094e-01
9.836272888807892e-01
9.903419836440600e-01
9.946898045632118e-01
9.973101856287738e-01
9.987639286320578e-01
9.994797926319717e-01
9.997964171200909e-01
9.999281711876846e-01
9.999774249904760e-01
9.999937733398905e-01
9.999985073630946e-01
9.999996931611650e-01
9.999999468074321e-01
9.999999923272932e-01
9.999999990998086e-01
9.999999999145336e-01
9.999999999938053e-01
9.999999999996123e-01
9.999999999999909e-01
9.999999999999980e-01
1.000000000000000e+00
9.999999999999999e-01
1.000000000000000e+00
1.000000000000000e+00
1.000000000000000e+00
1.000000000000000e+00
1.000000000000000e+00
1.000000000000000e+00
1.000000000000000e+00
1.000000000000000e+00
###1.099999999999999e+01
3.428587413273841e-09
4.329263052777393e-09
5.440231868600444e-09
6.767958245186926e-09
8.397199036889006e-09
1.039554341048614e-08
1.282515985289825e-08
1.578634452701815e-08
1.939934606027787e-08
2.380806841959395e-08
2.918081402338590e-08
3.573413880457466e-08
4.372859693704213e-08
5.347686123637434e-08
6.536835844030749e-08
7.985529864931455e-08
9.750920632837513e-08
1.190207687843286e-07
1.452263017936791e-07
1.771334463668594e-07
2.160567076229757e-07
2.632870913802695e-07
3.208205426465482e-07
3.908645358428880e-07
4.760119900051502e-07
5.795575598373530e-07
7.054684717422492e-07
8.584956691585291e-07
1.044413872825829e-06
1.270252956341406e-06
1.544526843810302e-06
1.877476756185433e-06
2.281668961198240e-06
2.771889635823099e-06
3.366804277006311e-06
4.087633584566450e-06
4.961615971641520e-06
6.020615737983317e-06
7.303587157254965e-06
8.856481832088335e-06
1.073636933008240e-05
1.301093449041389e-05
1.576195938566342e-05
1.908792088060946e-05
2.310803254191842e-05
2.796280676693151e-05
3.382494480287584e-05
4.090127352271198e-05
4.943697344784809e-05
5.972852478351062e-05
7.213375241792130e-05
8.707473717522222e-05
1.050678869539619e-04
1.267151133245993e-04
1.527497371208470e-04
1.840407287194031e-04
2.216444955394936e-04
2.667583459366547e-04
3.208945971503908e-04
3.858113367984327e-04
4.635865138993717e-04
5.567105638797583e-04
6.680949221762991e-04
8.012498424664235e-04
9.603498540698201e-04
1.150224730679821e-03
1.376596585425677e-03
1.646362281100160e-03
1.967502357678659e-03
2.349169015272046e-03
2.802639949994142e-03
3.341049710553675e-03
3.979287943491202e-03
4.734220202687599e-03
5.627316793609745e-03
6.681446260864294e-03
7.925590163518759e-03
9.389973059012796e-03
1.111323716737259e-02
1.313649624487477e-02
1.550677007274643e-02
1.827935685206752e-02
2.152086285426006e-02
2.529472427683702e-02
2.968447862599234e-02
3.478097571239875e-02
4.068029312399653e-02
4.749575882445613e-02
5.534209168059251e-02
6.435662720499774e-02
7.467751451260383e-02
8.646215681250977e-02
9.985317775142073e-02
1.150219881000173e-01
1.321486413558407e-01
1.513804493703790e-01
1.728871604157823e-01
1.968120337504953e-01
2.232804328838215e-01
2.523941911355670e-01
2.841853729678472e-01
3.186881675974695e-01
3.558243427031860e-01
3.954612962948890e-01
4.373897567257336e-01
4.812967780333232e-01
5.267576486166973e-01
5.732639910351763e-01
6.201863398657239e-01
6.668821160825654e-01
7.123423977257097e-01
7.565142431138220e-01
7.979417442680451e-01
8.361207238235125e-01
8.704744747650919e-01
9.005228098195962e-01
9.260963768909911e-01
9.470715423198806e-01
9.636410171110358e-01
9.761780905947653e-01
9.852121971391670e-01
9.913719797979474e-01
9.953138805874002e-01
9.976587297007338e-01
9.989407245021277e-01
9.995617045165598e-01
9.998315009292190e-01
9.999414663607868e-01
9.999820667903511e-01
9.999951648171377e-01
9.999988700904543e-01
9.999997739820140e-01
9.999999619845206e-01
9.999999946859733e-01
9.999999993989573e-01
9.999999999446555e-01
9.999999999962378e-01
9.999999999997469e-01
1.000000000000001e+00
9.999999999999971e-01
1.000000000000001e+00
9.999999999999998e-01
1.000000000000000e+00
1.000000000000000e+00
1.000000000000000e+00
1.000000000000000e+00
1.000000000000000e+00
1.000000000000000e+00
1.000000000000000e+00
1.000000000000000e+00
###1.119999999999999e+01
3.687970266752039e-09
4.656280719810235e-09
5.851263090584483e-09
7.279004692216121e-09
9.030733306845114e-09
1.117901431730589e-08
1.379041355451375e-08
1.697256083804398e-08
2.085445859174578e-08
2.559043187538851e-08
3.136085108221557e-08
3.839785179092593e-08
4.698071633959087e-08
5.744441289372078e-08
7.020611974352865e-08
8.574998280021999e-08
1.046879452852074e-07
1.277593217625501e-07
1.558590524339132e-07
1.900650854528999e-07
2.317826848282249e-07
2.823948061600209e-07
3.440322957541415e-07
4.190559694438223e-07
5.102353408326467e-07
6.210900359658456e-07
7.558568091413593e-07
9.196075374465538e-07
1.118504587608382e-06
1.360049301264028e-06
1.653322779154448e-06
2.009245107573359e-06
2.441212918698302e-06
2.964981675308575e-06
3.600434020650786e-06
4.370175938565361e-06
5.303199833534849e-06
6.433421070347466e-06
7.802284324384951e-06
9.458639902735516e-06
1.146320473985825e-05
1.388787741707267e-05
1.681954998287310e-05
2.036280362965353e-05
2.464420145376690e-05
2.981281282801379e-05
3.605185506838776e-05
4.358062557715982e-05
5.265895780635930e-05
6.360092532634998e-05
7.678549590736696e-05
9.265934845938237e-05
1.117688495144259e-04
1.347504537499381e-04
1.623792522650038e-04
1.955732511498657e-04
2.354482669554158e-04
2.832689600917869e-04
3.406241768638220e-04
4.093743348284122e-04
4.917062029515210e-04
5.902420257395207e-04
7.080452662660315e-04
8.488013778329172e-04
1.016914411411674e-03
1.217440618724432e-03
1.456389613378380e-03
1.740995901230148e-03
2.079622895919273e-03
2.481849267678721e-03
2.959479616676712e-03
3.526244337640916e-03
4.197696683077578e-03
4.991426581071213e-03
5.929819151813577e-03
7.036707394511145e-03
8.342234341564224e-03
9.877795192737737e-03
1.168352702568312e-02
1.380203494462054e-02
1.628197958713785e-02
1.918053685448562e-02
2.256652577153181e-02
2.650519649942421e-02
3.108256367494531e-02
3.639194036066146e-02
4.253173850238395e-02
4.961780214144010e-02
5.776705665160522e-02
6.711925774164325e-02
7.781431986432828e-02
9.001134610485333e-02
1.038531852057960e-01
1.195115269041075e-01
1.371658300355200e-01
1.569602968500045e-01
1.790611106649278e-01
2.036055203462046e-01
2.307108287350992e-01
2.604685694643315e-01
2.928972215191125e-01
3.280160297387686e-01
3.657281718348246e-01
4.058807037520604e-01
4.482424806131729e-01
4.924776180425613e-01
5.381387802806992e-01
5.846968952614651e-01
6.315057440380156e-01
6.779096834018670e-01
7.229418830116476e-01
7.664225764402295e-01
8.070461322073339e-01
8.442868340401858e-01
8.776062933232605e-01
9.065737370851954e-01
9.310527011671936e-01
9.509842590357714e-01
9.666027859029828e-01
9.783156517775369e-01
9.866736491267355e-01
9.923111565295042e-01
9.958758594162929e-01
9.979682270693631e-01
9.990952484975810e-01
9.996320726703449e-01
9.998610972554611e-01
9.999525659169899e-01
9.999858167601838e-01
9.999962648671591e-01
9.999991492926181e-01
9.999998345547485e-01
9.999999730002860e-01
9.999999963480930e-01
9.999999996011411e-01
9.999999999645949e-01
9.999999999977024e-01
9.999999999998443e-01
1.000000000000003e+00
9.999999999999976e-01
1.000000000000001e+00
9.999999999999998e-01
1.000000000000000e+00
1.000000000000000e+00
1.000000000000000e+00
1.000000000000000e+00
1.000000000000000e+00
1.000000000000000e+00
1.000000000000000e+00
1.000000000000000e+00
###1.139999999999999e+01
3.964862600774432e-09
5.005402015666975e-09
6.290082558590820e-09
7.824576111215099e-09
9.707028855049882e-09
1.201529465259884e-08
1.482062470826319e-08
1.823845467532645e-08
2.240710655954544e-08
2.749199665665745e-08
3.368632992334901e-08
4.123881487971083e-08
5.044865475057432e-08
6.167451911177537e-08
7.536308933060104e-08
9.203243665419367e-08
1.123374491541533e-07
1.370690895042123e-07
1.671845463859128e-07
2.038363944572785e-07
2.485262780165704e-07
3.027345475993482e-07
3.687352937708864e-07
4.490518844695240e-07
5.466410050953383e-07
6.652607160096642e-07
8.094333325853301e-07
9.845710364959440e-07
1.197245380897091e-06
1.455457989290962e-06
1.768889705838045e-06
2.149178688496308e-06
2.610599680562875e-06
3.169932504637017e-06
3.848323993127858e-06
4.669910448443977e-06
5.665469476179464e-06
6.871103598666476e-06
8.330885565675191e-06
1.009672373614296e-05
1.223317923216656e-05
1.481659368987753e-05
1.793924221835568e-05
2.171213466515987e-05
2.626957100260531e-05
3.176962459044143e-05
3.840657312961351e-05
4.641282543149829e-05
5.606361150941800e-05
6.769148480772890e-05
8.169760847236727e-05
9.855447209414601e-05
1.188398665296534e-04
1.432264484652870e-04
1.725330741498628e-04
2.077290913490796e-04
2.499924899705124e-04
3.006582196191830e-04
3.613955575573067e-04
4.341713463370207e-04
5.212861291546177e-04
6.254996361947130e-04
7.500337416603769e-04
8.987568900796029e-04
1.076310941616988e-03
1.287988744909084e-03
1.540098239367108e-03
1.840224590033441e-03
2.197128305940127e-03
2.620830025395497e-03
3.123679877047562e-03
3.720024839395697e-03
4.426103194666624e-03
5.260251746429468e-03
6.245799902549541e-03
7.407571494023306e-03
8.776903869365067e-03
1.038639180176147e-02
1.227770468287866e-02
1.449497038638013e-02
1.708852133397879e-02
2.011744348266230e-02
2.365280421940799e-02
2.776167825145377e-02
3.253257982485728e-02
3.806129310579607e-02
4.444854769437976e-02
5.181268704793702e-02
6.027277844850722e-02
6.997092916072332e-02
8.104870123728149e-02
9.366674992482589e-02
1.079679347507498e-01
1.241239804545852e-01
1.423134488397163e-01
1.626770637212205e-01
1.853770155781110e-01
2.105440665138309e-01
2.382869356270416e-01
2.686863061846010e-01
3.017465191411483e-01
3.374713536192288e-01
3.757449558194202e-01
4.163937286773447e-01
4.591645295881363e-01
5.036986823671913e-01
5.495267137986567e-01
5.960997488620783e-01
6.427560530103746e-01
6.888291882080957e-01
7.333873531273114e-01
7.761507547167226e-01
8.159404241265376e-01
8.522220544611343e-01
8.844960922860029e-01
9.123813661018298e-01
9.357772573519088e-01
9.546856248803292e-01
9.693810348027662e-01
9.803021917405399e-01
9.880179252542446e-01
9.931652048081818e-01
9.963804212858310e-01
9.982421596493757e-01
9.992298242823416e-01
9.996922873371777e-01
9.998859593727938e-01
9.999618874054045e-01
9.999888352292092e-01
9.999971300412442e-01
9.999993630968463e-01
9.999998796670665e-01
9.999999809443503e-01
9.999999975108255e-01
9.999999997365430e-01
9.999999999777792e-01
9.999999999985338e-01
9.999999999999276e-01
9.999999999999966e-01
1.000000000000000e+00
1.000000000000000e+00
1.000000000000000e+00
1.000000000000000e+00
1.000000000000000e+00
1.000000000000000e+00
1.000000000000000e+00
1.000000000000000e+00
1.000000000000000e+00
1.000000000000000e+00
1.000000000000000e+00
###1.159999999999999e+01
4.260318429878119e-09
5.377957996572388e-09
6.758364007316415e-09
8.406750334522019e-09
1.042865173259770e-08
1.290755451024722e-08
1.591968553320237e-08
1.958879015237671e-08
2.406310812756189e-08
2.951985509989968e-08
3.616588020790080e-08
4.426751396121704e-08
5.414514047877078e-08
6.618261470210779e-08
8.085796989944113e-08
9.872530120252304e-08
1.204851064656947e-07
1.469831821900692e-07
1.792427862574990e-07
2.184956740695522e-07
2.663470407249991e-07
3.243766141958154e-07
3.950142641652271e-07
4.809543658266739e-07
5.853519016304591e-07
7.122175322849992e-07
8.663760053734780e-07
1.053601692236551e-06
1.280893373284064e-06
1.556787823772129e-06
1.891598325498249e-06
2.297722259865199e-06
2.790362606773411e-06
3.387381290335834e-06
4.111262411979311e-06
4.987753675776212e-06
6.049521593266095e-06
7.334974679288807e-06
8.890957999009786e-06
1.077260468353255e-05
1.304852619081304e-05
1.579974690012423e-05
1.912421054281346e-05
2.313969449647000e-05
2.798864038297430e-05
3.383859208147676e-05
4.089545582153921e-05
4.940542029352406e-05
5.965988730004963e-05
7.201081382698850e-05
8.688265456378757e-05
1.047749717726806e-04
1.262985053332770e-04
1.521638383976299e-04
1.832356648580563e-04
2.205370683958483e-04
2.653110805103675e-04
3.189659952902368e-04
3.832555307011004e-04
4.602572321899236e-04
5.523905241766640e-04
6.625584921523814e-04
7.941480180905606e-04
9.512185337651815e-04
1.138658346873549e-03
1.362007224702589e-03
1.627882601842842e-03
1.944233669970081e-03
2.320232624764919e-03
2.766357920792311e-03
3.295524285710557e-03
3.922716436720955e-03
4.664879524079314e-03
5.541120062739889e-03
6.575741603976125e-03
7.794585537692700e-03
9.230216619136663e-03
1.091645812136420e-02
1.289654925840226e-02
1.521617172192288e-02
1.792735997774132e-02
2.109114145929911e-02
2.478079385220215e-02
2.906544196875299e-02
3.403590237624485e-02
3.979050716381120e-02
4.643228277834090e-02
5.408204927840513e-02
6.286094552688910e-02
7.291335352084820e-02
8.438235621289751e-02
9.743000300549166e-02
1.121989385230404e-01
1.288606663201795e-01
1.475925365014393e-01
1.685314121046645e-01
1.918350527336509e-01
2.176272476536474e-01
2.460076039406104e-01
2.770454038186361e-01
3.107303059192947e-01
3.470501188355228e-01
3.858695450524852e-01
4.269940659242883e-01
4.701484732261287e-01
5.149515149457369e-01
5.609121476423060e-01
6.074626616489123e-01
6.539271447389239e-01
6.996305146628710e-01
7.436707809640293e-01
7.856903596635167e-01
8.246182961263125e-01
8.599221880608590e-01
8.911420787878094e-01
9.179463911384546e-01
9.402728973492233e-01
9.581802997421199e-01
9.719816620057737e-01
9.821441537786112e-01
9.892513326057401e-01
9.939397218061157e-01
9.968320799094421e-01
9.984838205841371e-01
9.993466053244933e-01
9.997436100446015e-01
9.999067555448964e-01
9.999695046162571e-01
9.999912556448497e-01
9.999978065375660e-01
9.999995259911523e-01
9.999999130122053e-01
9.999999866458108e-01
9.999999983143202e-01
9.999999998276556e-01
9.999999999860713e-01
9.999999999991005e-01
9.999999999999618e-01
9.999999999999970e-01
1.000000000000000e+00
9.999999999999999e-01
1.000000000000000e+00
1.000000000000000e+00
1.000000000000000e+00
1.000000000000000e+00
1.000000000000000e+00
1.000000000000000e+00
1.000000000000000e+00
1.000000000000000e+00
1.000000000000000e+00
###1.179999999999999e+01
4.575448130322067e-09
5.775350942980043e-09
7.257870604403968e-09
9.027716290309338e-09
1.119830951007924e-08
1.385913299158631e-08
1.709169533793037e-08
2.102858426335948e-08
2.582858944533070e-08
3.168147394393712e-08
3.880858574328545e-08
4.749498506481589e-08
5.808356715173026e-08
7.098493833520066e-08
8.671043454942899e-08
1.058523876933699e-07
1.291597155044998e-07
1.575364073435982e-07
1.920758168615459e-07
2.340936817600282e-07
2.853052635017363e-07
3.473948465032099e-07
4.229581787205271e-07
5.148705860501870e-07
6.264970427395254e-07
7.621157113392009e-07
9.268715133776149e-07
1.126921953139978e-06
1.369718146713840e-06
1.664362503459592e-06
2.021837119541190e-06
2.455341795411631e-06
2.981060347439170e-06
3.617997375737632e-06
4.390050775261464e-06
5.324664891908228e-06
6.456503536020687e-06
7.826405802956584e-06
9.484140074677146e-06
1.148823864968200e-05
1.391157912645096e-05
1.684011911584880e-05
2.037776970921839e-05
2.464942916914659e-05
2.980610415250349e-05
3.602529519105931e-05
4.352513122007314e-05
5.256627649651112e-05
6.345711292361588e-05
7.656996309223472e-05
9.235371462762898e-05
1.113363153036110e-04
1.341630396344760e-04
1.615841892494117e-04
1.945124480117593e-04
2.340271206450005e-04
2.814392554507342e-04
3.382336666126170e-04
4.062526354758438e-04
4.876888729948752e-04
5.850859493379796e-04
7.014963718716029e-04
8.404788436609448e-04
1.006291991206956e-03
1.204079559553944e-03
1.439638764077429e-03
1.719908052838592e-03
2.053214365126213e-03
2.449156544583396e-03
2.918687059935205e-03
3.475304752427181e-03
4.134653647592159e-03
4.914408007908272e-03
5.834467214889431e-03
6.920139184827150e-03
8.198309879217883e-03
9.702804799944034e-03
1.146870455925214e-02
1.354085567881804e-02
1.596652413139337e-02
1.879947597382385e-02
2.210270819152770e-02
2.595140619546725e-02
3.041776864768968e-02
3.559391688716273e-02
4.158106333564659e-02
4.848450961987315e-02
5.642752279810096e-02
6.553323710024582e-02
7.594822413796677e-02
8.781695184068468e-02
1.013026952610777e-01
1.165476469502323e-01
1.337228208288185e-01
1.530040283221001e-01
1.745238764829274e-01
1.984352459894863e-01
2.248544588519577e-01
2.538714775171152e-01
2.855434972975077e-01
3.198453723661180e-01
3.567480432627289e-01
3.960965266032969e-01
4.376751587350577e-01
4.811866578792950e-01
5.262274842590905e-01
5.722856737411920e-01
6.187757295374741e-01
6.650089936362357e-01
7.103038169937633e-01
7.537842886815559e-01
7.950335535157892e-01
8.330740110163456e-01
8.673836993539257e-01
8.975431408603062e-01
9.232702924900575e-01
9.445430529929059e-01
9.614733977688240e-01
9.744108630065786e-01
9.838481151336829e-01
9.903801641229436e-01
9.946401809220307e-01
9.972351650478071e-01
9.986963082331884e-01
9.994475769886255e-01
9.997871796868214e-01
9.999240747802515e-01
9.999757037115815e-01
9.999931856186706e-01
9.999983325495857e-01
9.999996493063198e-01
9.999999375051096e-01
9.999999907064909e-01
9.999999988660603e-01
9.999999998882835e-01
9.999999999912914e-01
9.999999999994659e-01
9.999999999999766e-01
9.999999999999988e-01
1.000000000000000e+00
1.000000000000000e+00
1.000000000000000e+00
1.000000000000000e+00
1.000000000000000e+00
1.000000000000000e+00
1.000000000000000e+00
1.000000000000000e+00
1.000000000000000e+00
1.000000000000000e+00
1.000000000000000e+00
###1.199999999999999e+01
4.911421059167852e-09
6.199057675838267e-09
7.790458756500219e-09
9.689779173397016e-09
1.201885338648967e-08
1.487354604068719e-08
1.834097008855783e-08
2.256311852643545e-08
2.770999880366580e-08
3.398471142510436e-08
4.162400512033086e-08
5.093283896830956e-08
6.227802360569807e-08
7.609856836173952e-08
9.294116973024925e-08
1.134387289558123e-07
1.383915459341993e-07
1.687653427354233e-07
2.057278109534556e-07
2.506837274446644e-07
3.054650252910528e-07
3.718667641087991e-07
4.526604295687878e-07
5.509130173878010e-07
6.702117887727447e-07
8.151180774524580e-07
9.911156196793945e-07
1.204763650672688e-06
1.464002260324528e-06
1.778521231831619e-06
2.160013073556408e-06
2.622525336892917e-06
3.183277851682451e-06
3.862481419366371e-06
4.685527845152798e-06
5.681647672795683e-06
6.887615294642999e-06
8.346830948753066e-06
1.011214432414317e-05
1.224566939744129e-05
1.482477558864719e-05
1.794061550292895e-05
2.170337948764709e-05
2.624545657960382e-05
3.172685962371607e-05
3.833555358606390e-05
4.630250876061800e-05
5.590359125185661e-05
6.746500483608801e-05
8.138043943298452e-05
9.812440367494175e-05
1.182545961543628e-04
1.424524744728072e-04
1.715099204213360e-04
2.063898421033818e-04
2.482303441584189e-04
2.984135768565166e-04
3.585041727219319e-04
4.304372171142744e-04
5.165252359529436e-04
6.194413720340043e-04
7.423938221227532e-04
8.891201440651157e-04
1.064086584881195e-03
1.272701667497523e-03
1.521030802906945e-03
1.816345319264128e-03
2.167363982730164e-03
2.584127618010018e-03
3.078079256574033e-03
3.663321810190715e-03
4.356180593956570e-03
5.175081620740409e-03
6.140740598428084e-03
7.279500388442470e-03
8.619318799199140e-03
1.019531563143046e-02
1.204385755708560e-02
1.421143582169417e-02
1.674693057551010e-02
1.970586815756983e-02
2.315324135496160e-02
2.716620594869839e-02
3.181995893534525e-02
3.720802362986064e-02
4.343445351107973e-02
5.060680003851604e-02
5.885074111344699e-02
6.829132370277939e-02
7.907721539762588e-02
9.135412369780317e-02
1.052863700993380e-01
1.210154463014591e-01
1.387115958581171e-01
1.585487522834798e-01
1.806548589567011e-01
2.051774599053388e-01
2.322249080366046e-01
2.618769807146557e-01
2.941776356677580e-01
3.290882429352591e-01
3.665605784497836e-01
4.064202238221841e-01
4.484302039780579e-01
4.922712171017146e-01
5.375177992217700e-01
5.836377985589321e-01
6.300290597674741e-01
6.759916989789685e-01
7.208395380922673e-01
7.637202104597118e-01
8.041730786896477e-01
8.413024333897501e-01
8.746037164393377e-01
9.036988385279028e-01
9.283551418428210e-01
9.485917007979469e-01
9.645704429411665e-01
9.766750827567808e-01
9.854207409651481e-01
9.914106608006733e-01
9.952719053636128e-01
9.975938085157049e-01
9.988825228453507e-01
9.995345602434799e-01
9.998240190308968e-01
9.999384350795396e-01
9.999807271372180e-01
9.999947162089851e-01
9.999987392489480e-01
9.999997420710057e-01
9.999999553808374e-01
9.999999935770251e-01
9.999999992347827e-01
9.999999999281530e-01
9.999999999945829e-01
9.999999999996894e-01
9.999999999999847e-01
9.999999999999999e-01
1.000000000000000e+00
1.000000000000000e+00
1.000000000000000e+00
1.000000000000000e+00
1.000000000000000e+00
1.000000000000000e+00
1.000000000000000e+00
1.000000000000000e+00
1.000000000000000e+00
1.000000000000000e+00
1.000000000000000e+00
###1.219999999999999e+01
5.269468361931344e-09
6.650633107757837e-09
8.358084518768119e-09
1.039536597931193e-08
1.289328501439026e-08
1.595449483393093e-08
1.967205266595029e-08
2.419795147796275e-08
2.971414574901148e-08
3.643783567254652e-08
4.462219395868305e-08
5.459328819947978e-08
6.674332614817057e-08
8.154146193938357e-08
9.957192237524168e-08
1.215106356495065e-07
1.482124065125537e-07
1.807084246252294e-07
2.202451679876586e-07
2.683217962176322e-07
3.268938623677275e-07
3.978737402447269e-07
4.842190289664921e-07
5.891996681383869e-07
7.166381283495625e-07
8.713953852162008e-07
1.059313565057290e-06
1.287376087395300e-06
1.564041797552986e-06
1.899619370897526e-06
2.306552452003092e-06
2.799783908677185e-06
3.397627447844864e-06
4.121566668491138e-06
4.998571152868245e-06
6.059751671686849e-06
7.344111586297802e-06
8.897749045419257e-06
1.077676038517868e-05
1.304703193468156e-05
1.579066114231814e-05
1.910426898263653e-05
2.310465091777065e-05
2.793207282775348e-05
3.375601419080531e-05
4.077543429291367e-05
4.923478931162661e-05
5.942590428409801e-05
7.169368171992662e-05
8.645422152882431e-05
1.042088894485000e-04
1.255465544173829e-04
1.511865703365546e-04
1.819643323447703e-04
2.188952922382220e-04
2.631790289890019e-04
3.162719933381243e-04
3.798220594258070e-04
4.558614801424156e-04
5.468274350028642e-04
6.555282333879828e-04
7.853342339855553e-04
9.401691071692570e-04
1.124715371148651e-03
1.344656017962812e-03
1.606335628550817e-03
1.917370626622177e-03
2.286886046739166e-03
2.725380400869864e-03
3.244804182758345e-03
3.859884771723690e-03
4.587651161388992e-03
5.447304134790045e-03
6.460399474956070e-03
7.654345917141735e-03
9.058200637021858e-03
1.070841144580255e-02
1.264265964708755e-02
1.490911850922820e-02
1.755831168359732e-02
2.064755351052899e-02
2.424385808767164e-02
2.842640838864403e-02
3.327333169340729e-02
3.887963660779795e-02
4.535217943924634e-02
5.280073037188420e-02
6.135333553332845e-02
7.113686510801470e-02
8.230198031616918e-02
9.499547309855084e-02
1.093825213137688e-01
1.256036553538304e-01
1.438280554366518e-01
1.642274258655136e-01
1.869246267565206e-01
2.120613989884374e-01
2.397376180155074e-01
2.700223336716355e-01
3.029458297940107e-01
3.384552063291457e-01
3.764829259732047e-01
4.168347141744445e-01
4.592521711010542e-01
5.033940937687972e-01
5.488135347837211e-01
5.949589722849503e-01
6.412128025585905e-01
6.868655183417416e-01
7.312284337966007e-01
7.734711510572522e-01
8.131022627839872e-01
8.492990434326574e-01
8.815800315384293e-01
9.096093916800886e-01
9.332035849171739e-01
9.524233230016286e-01
9.674773235231073e-01
9.787809681422199e-01
9.868687405411759e-01
9.923489768873008e-01
9.958400452168050e-01
9.979119334596119e-01
9.990451654226008e-01
9.996092167906584e-01
9.998550417151267e-01
9.999502893732016e-01
9.999847798505896e-01
9.999959235674827e-01
9.999990519173987e-01
9.999998114175439e-01
9.999999683427117e-01
9.999999955913994e-01
9.999999994878531e-01
9.999999999541439e-01
9.999999999966490e-01
9.999999999998230e-01
9.999999999999896e-01
1.000000000000000e+00
9.999999999999999e-01
1.000000000000000e+00
1.000000000000000e+00
1.000000000000000e+00
1.000000000000000e+00
1.000000000000000e+00
1.000000000000000e+00
1.000000000000000e+00
1.000000000000000e+00
1.000000000000000e+00
1.000000000000000e+00
