#./build/bin/rcbk -ic FILE ./data/ic/4/ic_208_28.dat -rc BALITSKY -alphas_scaling 4.0880558006189345 -maxy 12 -fast -output ./data/bks/4/ic_208_28.dat 
# BK equation solver 20160623 (build May 19 2026 14:19:13)
# Heikki Mäntysaari <mantysaari@bnl.gov>, 2011-2016
# Running coupling: Balitsky
# Scaling factor C^2 in alpha_s: 4.08806
# Initial condition is String is not impelmented for the current IC N(r=0.0333803 1/GeV) = 0.000136524
# \alpha_s = 12 \pi / [ (33.0 - 2.0*Nf) * log(4.0*C^2/(r^2*lambdaqcd^2) ], C^2=4.08806, lambdaqcd=0.241 GeV, maxalphas=0.7 nf=3
# Using fast (and not so accurate) parameters
# Solving BK equation up to y=12
# r limits: 1e-05 - 100 points 150 multiplier 1.11424
# maxy 12 ystep 0.2
###1.000000000000000e-05
###1.114242875232510e+00
###150
###0.000000000000000e+00
###0.000000000000000e+00
0.000000000000000e+00
3.571897290971279e-11
4.387471963781785e-11
5.404146859679520e-11
6.652646431594210e-11
8.186932835646225e-11
1.007609434189205e-10
1.239985710282635e-10
1.525809484235691e-10
1.877389561870378e-10
2.309789082270044e-10
2.841542163219127e-10
3.495424336592568e-10
4.299406441489825e-10
5.287855197209819e-10
6.502979579646639e-10
7.996612397792959e-10
9.832414452233786e-10
1.208854554671183e-09
1.486095451056336e-09
1.826744343260614e-09
2.245259024871082e-09
2.759381414694103e-09
3.390886745415141e-09
4.166489385734152e-09
5.118959343324226e-09
6.288501260059081e-09
7.724419673941452e-09
9.487172167912456e-09
1.165090377771506e-08
1.430650466701458e-08
1.756538124372166e-08
2.156410812515409e-08
2.647003607460517e-08
3.248821128506917e-08
3.986990484111110e-08
4.892288683880038e-08
6.002410989245528e-08
7.363533483180652e-08
9.032193824186771e-08
1.107761470269532e-07
1.358456484459569e-07
1.665680050207175e-07
2.042132095802640e-07
2.503360653369002e-07
3.068391717935513e-07
3.760509029283193e-07
4.608213691479814e-07
5.646378114034308e-07
6.917676848868616e-07
8.474347475362491e-07
1.038030916606730e-06
1.271379475466755e-06
1.557059098777500e-06
1.906794146412028e-06
2.334940693660551e-06
2.859085238433685e-06
3.500767224086593e-06
4.286381144879075e-06
5.248288722678776e-06
6.426164681884870e-06
7.868681422871837e-06
9.635587863454794e-06
1.180023340244885e-05
1.445273446475158e-05
1.770388481058742e-05
2.168992143168371e-05
2.657851165037900e-05
3.257614955367370e-05
3.993720707322403e-05
4.897530470697586e-05
6.007736036219967e-05
7.372084710504119e-05
9.049544553437902e-05
1.111297959697193e-04
1.365244706746354e-04
1.677932462427602e-04
2.063141040837017e-04
2.537922499105541e-04
3.123387767726437e-04
3.845679011588240e-04
4.737173090688909e-04
5.837979544196977e-04
7.197792739672957e-04
8.878185582536823e-04
1.095545675778737e-03
1.352415001886152e-03
1.670141016524900e-03
2.063237341161607e-03
2.549681939819608e-03
3.151738825691220e-03
3.896970227197561e-03
4.819480678769594e-03
5.961447071193782e-03
7.374987835813421e-03
9.124440919399917e-03
1.128914002200332e-02
1.396675069911206e-02
1.727726385587737e-02
2.136776899241637e-02
2.641798684509643e-02
3.264662946898100e-02
4.031865336666810e-02
4.975291177130111e-02
6.132998847547824e-02
7.549979024382987e-02
9.278662394077866e-02
1.137905759207108e-01
1.391828165637673e-01
1.696877150284726e-01
2.060493231834105e-01
2.489743539422183e-01
2.990393173256939e-01
3.565663125335837e-01
4.214497685503205e-01
4.929596483590911e-01
5.695651972816065e-01
6.487507351033914e-01
7.270862314054196e-01
8.005089443703933e-01
8.647733314996331e-01
9.165700920090128e-01
9.541943553521218e-01
9.782541083614802e-01
9.914157053944442e-01
9.972537115619882e-01
9.993716221921479e-01
9.998874773608550e-01
9.999867726919922e-01
9.999989766805446e-01
1.000000064626729e+00
9.999999911160563e-01
9.999999735537276e-01
1.000000014011337e+00
9.999999991799058e-01
9.999999968647318e-01
1.000000001622666e+00
9.999999999230242e-01
9.999999996283194e-01
1.000000000187828e+00
9.999999999932270e-01
9.999999999559672e-01
1.000000000021731e+00
9.999999999994703e-01
9.999999999947862e-01
1.000000000002515e+00
9.999999999999688e-01
9.999999999993686e-01
1.000000000000334e+00
1.000000000000000e+00
###2.000000000000000e-01
3.899776831758466e-12
3.974835377642274e-11
4.898247474439522e-11
6.043343077976050e-11
7.448663367930552e-11
9.179013857831786e-11
1.130701846291094e-10
1.392382065543044e-10
1.714199831717500e-10
2.110020632757750e-10
2.596797917588029e-10
3.195446635073027e-10
3.931557400333772e-10
4.836729014349125e-10
5.949572426227674e-10
7.317706479857653e-10
8.999471970848261e-10
1.106666178517909e-09
1.360735250577192e-09
1.672961270963081e-09
2.056617639584119e-09
2.528026301019864e-09
3.107154197303643e-09
3.818611582434761e-09
4.692393561550712e-09
5.765599826099471e-09
7.083548682266132e-09
8.701893669828025e-09
1.068875669755559e-08
1.312789071827906e-08
1.612190972896332e-08
1.979647807458987e-08
2.430627675592456e-08
2.983968754437261e-08
3.662851343583492e-08
4.495761619955186e-08
5.517362926321537e-08
6.770385152142742e-08
8.307017711867707e-08
1.019113582046816e-07
1.250109917295601e-07
1.533304688989937e-07
1.880428489138937e-07
2.305853385564605e-07
2.827211900402737e-07
3.466109980223338e-07
4.248861572677678e-07
5.207809284092739e-07
6.382579530754930e-07
7.821705244805182e-07
9.583919266503207e-07
1.174235035841379e-06
1.438575438792769e-06
1.762278001927714e-06
2.158704987054736e-06
2.644062545154195e-06
3.238478690324027e-06
3.966361083323737e-06
4.857611527869035e-06
5.949154302101801e-06
7.286107590644076e-06
8.923708987745915e-06
1.092958333648948e-05
1.338751382464507e-05
1.639960793535333e-05
2.009159529954498e-05
2.461791663429679e-05
3.016823707957406e-05
3.697756361248518e-05
4.533088466218347e-05
5.558515134113279e-05
6.817739486260162e-05
8.364353692714204e-05
1.026465472451363e-04
1.260093418684722e-04
1.547345403094379e-04
1.900791910186956e-04
2.335716648844021e-04
2.871225072456106e-04
3.530839078996968e-04
4.343452117272485e-04
5.344986436756270e-04
6.579698068133136e-04
8.102429560378969e-04
9.980677083630330e-04
1.229821610614490e-03
1.515832588368699e-03
1.868789381968691e-03
2.304504594457182e-03
2.842396558915619e-03
3.506408905740768e-03
4.326213636690608e-03
5.338064955030600e-03
6.586911129296455e-03
8.128066954641482e-03
1.002909766595957e-02
1.237335939546276e-02
1.526262790601852e-02
1.882159627724773e-02
2.320148019553475e-02
2.858662051477578e-02
3.519930933340713e-02
4.330738991416739e-02
5.322950827414623e-02
6.534666823669190e-02
8.009822589853216e-02
9.799691252292282e-02
1.196207672678917e-01
1.456061918533025e-01
1.766336052803277e-01
2.133817392058598e-01
2.564800468840561e-01
3.064145827223215e-01
3.634086958718584e-01
4.272686283388332e-01
4.972086259856142e-01
5.716990351596828e-01
6.483325775217856e-01
7.239081642304516e-01
7.947095649283659e-01
8.569434248402367e-01
9.076833431932171e-01
9.454515992357833e-01
9.707579423324326e-01
9.861796284821958e-01
9.942289534978052e-01
9.978884655137887e-01
9.992992257984723e-01
9.997952372664146e-01
9.999485189146498e-01
9.999892189222059e-01
9.999981263568647e-01
9.999997212281394e-01
9.999999786988855e-01
9.999999972955042e-01
9.999999980993931e-01
1.000000000818750e+00
9.999999999900784e-01
9.999999998009740e-01
1.000000000092011e+00
9.999999999990550e-01
9.999999999782279e-01
1.000000000009986e+00
9.999999999999409e-01
9.999999999976393e-01
1.000000000001072e+00
9.999999999999991e-01
9.999999999997404e-01
1.000000000000131e+00
1.000000000000004e+00
###4.000000000000000e-01
8.173593432216511e-12
4.426990958722428e-11
5.470734285459573e-11
6.759343607560518e-11
8.340887248586713e-11
1.028963809647724e-10
1.268460114396247e-10
1.562902647979326e-10
1.924975288741891e-10
2.370271971649409e-10
2.917847220780856e-10
3.591299908387214e-10
4.419347614591908e-10
5.437630894843178e-10
6.689522421745919e-10
8.228660104353130e-10
1.012068671230608e-09
1.244643165069565e-09
1.530503953212381e-09
1.881808786424221e-09
2.313503459015466e-09
2.843979713827351e-09
3.495691164978584e-09
4.296404107937015e-09
5.279776223612771e-09
6.487727093638045e-09
7.971269888641774e-09
9.793115305668916e-09
1.202990197841226e-08
1.477614404009426e-08
1.814745832439392e-08
2.228545132648172e-08
2.736474045910252e-08
3.359726825055465e-08
4.124448972079451e-08
5.062851731529853e-08
6.213930330221220e-08
7.625989749803668e-08
9.357891448775539e-08
1.148165227715872e-07
1.408576783169959e-07
1.727886459649317e-07
2.119348977837929e-07
2.599172334039194e-07
3.187364461839803e-07
3.908164746687455e-07
4.791460623714657e-07
5.873768718833499e-07
7.199934936702764e-07
8.824968415077470e-07
1.081477438231633e-06
1.325259600022107e-06
1.623875210614891e-06
1.989609375438967e-06
2.437614992436511e-06
2.986134737867038e-06
3.658076362870782e-06
4.480991196603211e-06
5.488621074934552e-06
6.722870794117291e-06
8.234799928648661e-06
1.008680420260580e-05
1.235509487878107e-05
1.513478490550322e-05
1.854101532411513e-05
2.271571321168755e-05
2.783303437849683e-05
3.410645138171879e-05
4.180170711879068e-05
5.123690205531679e-05
6.281554938713243e-05
7.702853485979741e-05
9.447453217360894e-05
1.158950244633630e-04
1.422135291142183e-04
1.745418391496205e-04
2.142891402491927e-04
2.631440541403808e-04
3.232351197364940e-04
3.971676734615013e-04
4.881236093641081e-04
6.000674825586268e-04
7.378627149484069e-04
9.075261012985651e-04
1.116432867215331e-03
1.373736434662443e-03
1.690671177998282e-03
2.080936689861697e-03
2.561683030175138e-03
3.153809586457462e-03
3.882982835422544e-03
4.781017675311997e-03
5.886359370647855e-03
7.246751497603371e-03
8.920720414406868e-03
1.097906451420100e-02
1.350909592526481e-02
1.661674030464090e-02
2.043117408193364e-02
2.510764687459281e-02
3.083485664669220e-02
3.783847489663823e-02
4.638880437805576e-02
5.680406306581250e-02
6.946485787003963e-02
8.480020542510291e-02
1.033108671631947e-01
1.255531248301520e-01
1.521298266712518e-01
1.836790054750698e-01
2.208181179039227e-01
2.641047725259719e-01
3.139422278696006e-01
3.704655659740551e-01
4.334043755726421e-01
5.019278069247159e-01
5.745147681569328e-01
6.488612608869858e-01
7.219742002487747e-01
7.904432094323294e-01
8.508598775936935e-01
9.006171536488681e-01
9.384146281377579e-01
9.646705095608289e-01
9.817616057020264e-01
9.915128689768086e-01
9.964450703824976e-01
9.986527194188811e-01
9.995478426395840e-01
9.998681642178995e-01
9.999671952381839e-01
9.999931296235520e-01
9.999988022586908e-01
9.999998376394799e-01
9.999999817936204e-01
9.999999975037236e-01
1.000000000322450e+00
1.000000000006392e+00
9.999999998940385e-01
1.000000000044748e+00
1.000000000000757e+00
9.999999999892608e-01
1.000000000004571e+00
1.000000000000061e+00
9.999999999989319e-01
1.000000000000456e+00
1.000000000000005e+00
9.999999999998933e-01
1.000000000000051e+00
1.000000000000002e+00
###6.000000000000001e-01
1.286094972563588e-11
4.933450569380591e-11
6.111232265604279e-11
7.559973704011136e-11
9.338343013080099e-11
1.153135131074601e-10
1.422381244703906e-10
1.753399945391128e-10
2.160415207601911e-10
2.660938706480374e-10
3.276390633156015e-10
4.033324992282954e-10
4.964006838339326e-10
6.108482559608044e-10
7.515545114664377e-10
9.245464812900617e-10
1.137203356118743e-09
1.398614871341708e-09
1.719917506254993e-09
2.114798834077376e-09
2.600051688484465e-09
3.196356451023672e-09
3.928951258730644e-09
4.829108210842386e-09
5.934577262902587e-09
7.292604567303725e-09
8.960543620100980e-09
1.100893557449403e-08
1.352392142030288e-08
1.661190883961674e-08
2.040298810549410e-08
2.505645990603905e-08
3.076891552845221e-08
3.777874395132935e-08
4.638004200713999e-08
5.693600282927370e-08
6.988524641861615e-08
8.577182187379160e-08
1.052585056762191e-07
1.291555259457168e-07
1.584599928697267e-07
1.943959983906255e-07
2.384563486286698e-07
2.924678832159540e-07
3.586817875995902e-07
4.398382580946997e-07
5.392930362775204e-07
6.611767561656923e-07
8.105285847436479e-07
9.935744087000482e-07
1.217698523490146e-06
1.492325068027340e-06
1.828749762429324e-06
2.240842397510260e-06
2.745688942933292e-06
3.363773972960812e-06
4.121039986002061e-06
5.048475077002556e-06
6.184014814331301e-06
7.574989745083051e-06
9.278929791282471e-06
1.136601768418818e-05
1.392180258369919e-05
1.705367834186213e-05
2.089092027775306e-05
2.559298523585454e-05
3.135533785956686e-05
3.841716148511716e-05
4.707728105691146e-05
5.768951342668612e-05
7.070733817558245e-05
8.667941379289699e-05
1.062716545371343e-04
1.303095062437879e-04
1.598237083891994e-04
1.960425918021973e-04
2.405367555846229e-04
2.951652362555413e-04
3.622899936796771e-04
4.447750531572708e-04
5.461196339599557e-04
6.706767950399107e-04
8.237793414343935e-04
1.011970896762466e-03
1.243310028427947e-03
1.527747128829256e-03
1.877456406494739e-03
2.307184954678473e-03
2.835459643592291e-03
3.484701752126618e-03
4.282343544552820e-03
5.262377052483383e-03
6.465478227942363e-03
7.942210444014164e-03
9.754327180601843e-03
1.197586347506902e-02
1.469805723680720e-02
1.803092034202181e-02
2.210800231298971e-02
2.708845836222889e-02
3.316509550608850e-02
4.056676383943486e-02
4.956582864705218e-02
6.047985240876547e-02
7.368832625889551e-02
8.961008107969508e-02
1.087335902717443e-01
1.315936704524445e-01
1.587607452751416e-01
1.908319792517785e-01
2.283672196833407e-01
2.718571459808000e-01
3.216290512788543e-01
3.777388704301433e-01
4.398493379011802e-01
5.070931376547899e-01
5.779630291289837e-01
6.502524048892449e-01
7.211564647123934e-01
7.875346621360926e-01
8.463063810870377e-01
8.951332216654605e-01
9.328527340827031e-01
9.598010811400768e-01
9.781031790834085e-01
9.891453808703471e-01
9.951071911634649e-01
9.980016987846827e-01
9.992726534829524e-01
9.997677466553857e-01
9.999358889404085e-01
9.999849293203583e-01
9.999970318266963e-01
9.999995252637092e-01
9.999999387353771e-01
9.999999933166008e-01
9.999999997425475e-01
9.999999999876167e-01
9.999999999430290e-01
1.000000000021582e+00
1.000000000000987e+00
9.999999999947181e-01
1.000000000002084e+00
1.000000000000069e+00
9.999999999995172e-01
1.000000000000194e+00
1.000000000000004e+00
9.999999999999561e-01
1.000000000000020e+00
1.000000000000001e+00
###8.000000000000000e-01
1.800867421486820e-11
5.499675398365428e-11
6.826866609147350e-11
8.453756408602586e-11
1.045160779522600e-10
1.291663155583240e-10
1.594087497256328e-10
1.965959130584088e-10
2.422981476143583e-10
2.985061480763377e-10
3.676159696221401e-10
4.526113492037504e-10
5.571148416817583e-10
6.856202325528185e-10
8.436116797854314e-10
1.037850252767301e-09
1.276623741504428e-09
1.570140003445637e-09
1.930893218592149e-09
2.374273799573480e-09
2.919123081194826e-09
3.588674237852882e-09
4.411225974486501e-09
5.421944411319642e-09
6.663205819732311e-09
8.188048601471782e-09
1.006093633814427e-08
1.236101642122794e-08
1.518508949899197e-08
1.865262250002706e-08
2.290979017785064e-08
2.813547424408566e-08
3.455059365835017e-08
4.242267585993963e-08
5.208247059878550e-08
6.393772896589795e-08
7.848146576190585e-08
9.632491345778381e-08
1.182128238934831e-07
1.450548182204532e-07
1.779718175436038e-07
2.183397216178070e-07
2.678358589246024e-07
3.285139512173086e-07
4.028989684810386e-07
4.940846612898428e-07
6.058249743132092e-07
7.427784502283056e-07
9.105900240877127e-07
1.116275088101212e-06
1.368127117948567e-06
1.676729727180797e-06
2.054780521246683e-06
2.517866069371188e-06
3.085163026451785e-06
3.779756850541463e-06
4.630722725805532e-06
5.672858857704320e-06
6.948670470370600e-06
8.511387602949249e-06
1.042557196170021e-05
1.276985971517122e-05
1.563993225075241e-05
1.915647292238471e-05
2.346405279069500e-05
2.874106440518845e-05
3.520596062514239e-05
4.312563648435683e-05
5.283447237156044e-05
6.472471948368860e-05
7.930340634421164e-05
9.718106551438534e-05
1.190955319573375e-04
1.459618959346760e-04
1.789250420853299e-04
2.193374511219916e-04
2.689408297827752e-04
3.297750972212552e-04
4.044486569545313e-04
4.960988804080490e-04
6.085588594679035e-04
7.465898446208809e-04
9.160159563611135e-04
1.123932894838256e-03
1.379110443850980e-03
1.692327948083109e-03
2.076733393940642e-03
2.548158113606619e-03
3.126545992873319e-03
3.835881207364756e-03
4.705404518367595e-03
5.771320308924511e-03
7.076573249326621e-03
8.674571448537909e-03
1.063031130643615e-02
1.302106591772968e-02
1.594196971129623e-02
1.950705782241607e-02
2.385414599189738e-02
2.914616601823317e-02
3.557979844048798e-02
4.338687129893550e-02
5.284144103216384e-02
6.426018221108305e-02
7.802083322038224e-02
9.453214341777352e-02
1.142700390606266e-01
1.377481583521265e-01
1.655055432800665e-01
1.980999439321907e-01
2.360369124113733e-01
2.797446456261288e-01
3.294805460189034e-01
3.852293195447760e-01
4.465951474577433e-01
5.126812086121547e-01
5.819976118987882e-01
6.524290395624955e-01
7.213403817669106e-01
7.858293662681696e-01
8.430956988406747e-01
8.910265685818520e-01
9.285694623985713e-01
9.559874485568205e-01
9.751403108798512e-01
9.871403723603791e-01
9.939156904761903e-01
9.973846368905974e-01
9.989926268136672e-01
9.996570631316535e-01
9.998969897591679e-01
9.999740064237305e-01
9.999944074119861e-01
9.999990045205628e-01
9.999998570239128e-01
9.999999832984756e-01
9.999999987136774e-01
9.999999999074493e-01
9.999999999696415e-01
1.000000000009126e+00
1.000000000001116e+00
9.999999999973118e-01
1.000000000000974e+00
1.000000000000043e+00
9.999999999997844e-01
1.000000000000081e+00
1.000000000000003e+00
9.999999999999819e-01
1.000000000000008e+00
1.000000000000000e+00
###1.000000000000000e+00
2.366152330120311e-11
6.131509094288875e-11
7.624830721124175e-11
9.449933380174643e-11
1.169215225647364e-10
1.445934936279456e-10
1.785334486346747e-10
2.202691355364281e-10
2.715347600237397e-10
3.345927622277423e-10
4.121189612726188e-10
5.074627966641716e-10
6.246860868793582e-10
7.688258139018783e-10
9.460391162114989e-10
1.163899460640495e-09
1.431704329587452e-09
1.760901961604910e-09
2.165492208582203e-09
2.662755549832074e-09
3.273783557917033e-09
4.024695707722764e-09
4.947133835544283e-09
6.080617976952755e-09
7.472536991509762e-09
9.182438656964180e-09
1.128274369728984e-08
1.386196520903317e-08
1.702875747501833e-08
2.091702712955887e-08
2.569072982590834e-08
3.155038950523595e-08
3.874379480011925e-08
4.757066371048958e-08
5.840301856337928e-08
7.169529877598473e-08
8.800299101447263e-08
1.080104691779899e-07
1.325530804440170e-07
1.626495605236280e-07
1.995577468292975e-07
2.448199501287445e-07
3.003166811400888e-07
3.683509779236686e-07
4.517486685207573e-07
5.539913949348164e-07
6.792710283799368e-07
8.328231456273973e-07
1.020958989100542e-06
1.251545501399420e-06
1.533903592469884e-06
1.879853904119309e-06
2.303637154763993e-06
2.822709138417353e-06
3.458522973150609e-06
4.237027918979013e-06
5.190678588397385e-06
6.358428346176824e-06
7.787751442400851e-06
9.538280945028800e-06
1.168220576482529e-05
1.430732114425041e-05
1.752027981427178e-05
2.145612304219975e-05
2.627594243188637e-05
3.217854874650507e-05
3.940715144315658e-05
4.825845960938921e-05
5.910501406233728e-05
7.238033673544332e-05
8.864877150988331e-05
1.085870157110497e-04
1.330097031823243e-04
1.629274903488256e-04
1.996066397984026e-04
2.445316515920893e-04
2.996254597381343e-04
3.671196407488105e-04
4.498825866063401e-04
5.513400867975546e-04
6.756761596565333e-04
8.280804889290071e-04
1.014891084157445e-03
1.243781365774345e-03
1.524260980574397e-03
1.867970792339956e-03
2.289067120301052e-03
2.804502392163065e-03
3.435678538313341e-03
4.208183813441398e-03
5.153109993009956e-03
6.308909881777229e-03
7.720833434926282e-03
9.445158759987892e-03
1.155014108454346e-02
1.411629100086152e-02
1.724261085498335e-02
2.104709654377649e-02
2.567172586527344e-02
3.128307747677302e-02
3.808148040877030e-02
4.630154013335327e-02
5.621865421472706e-02
6.814837285080551e-02
8.246611250461555e-02
9.957060204574662e-02
1.199250060063742e-01
1.440220584087448e-01
1.723703770681287e-01
2.054896740030178e-01
2.438341949601392e-01
2.877736632713724e-01
3.375009789199781e-01
3.929364803685009e-01
4.536328071512071e-01
5.186692040035010e-01
5.865752868258943e-01
6.553205620391428e-01
7.224230798492228e-01
7.851906578363536e-01
8.410640210034241e-01
8.881195523117332e-01
9.253953498717035e-01
9.530902652662850e-01
9.728073712196835e-01
9.854936966105408e-01
9.928930361541957e-01
9.968275369306761e-01
9.987253974847299e-01
9.995448342909307e-01
9.998566384138571e-01
9.999612963641313e-01
9.999910886794144e-01
9.999982868061934e-01
9.999997318773370e-01
9.999999661111898e-01
9.999999968249796e-01
9.999999997557348e-01
9.999999999754399e-01
1.000000000003305e+00
1.000000000000857e+00
9.999999999986388e-01
1.000000000000454e+00
1.000000000000025e+00
9.999999999999039e-01
1.000000000000034e+00
1.000000000000002e+00
9.999999999999926e-01
1.000000000000003e+00
1.000000000000000e+00
###1.200000000000000e+00
2.987060255867222e-11
6.835340562761593e-11
8.512751735275068e-11
1.055844091272384e-10
1.307237730229881e-10
1.617527808144818e-10
1.998071722708837e-10
2.465923200199519e-10
3.040403558889623e-10
3.747088471989540e-10
4.615824376528691e-10
5.684229183455668e-10
6.997711783544479e-10
8.612719586397645e-10
1.059825074907064e-09
1.303905409240411e-09
1.603928427314648e-09
1.972716869765984e-09
2.425939552193993e-09
2.982963061921422e-09
3.667376264611845e-09
4.508474837432992e-09
5.541644750472937e-09
6.811174014193500e-09
8.370000884298071e-09
1.028490428598712e-08
1.263703541324437e-08
1.552529627358907e-08
1.907141899559069e-08
2.342524679198432e-08
2.877035247927453e-08
3.533089308935449e-08
4.338500523465822e-08
5.326717735973921e-08
6.539468159105441e-08
8.027469392854644e-08
9.853015221285879e-08
1.209260205872945e-07
1.483978427324940e-07
1.820838207041111e-07
2.233936805312486e-07
2.740504698008356e-07
3.361585363037261e-07
4.122943788369476e-07
5.056212430907523e-07
6.200229978314852e-07
7.601945058286173e-07
9.319929236403312e-07
1.142462727348725e-06
1.400395300530476e-06
1.716240445735907e-06
2.103164385787520e-06
2.577092999827086e-06
3.157516677973260e-06
3.868367838093017e-06
4.738709264734541e-06
5.804672831609814e-06
7.109721088367755e-06
8.706720798277735e-06
1.066224280436447e-05
1.305672196191509e-05
1.598789564274209e-05
1.957423730870100e-05
2.396628898155466e-05
2.934295360585705e-05
3.592502229219864e-05
4.398232193023205e-05
5.384358342410745e-05
6.592224909116071e-05
8.069607126049416e-05
9.879066531232229e-05
1.209533797445267e-04
1.480807301086296e-04
1.812851084455702e-04
2.219617056454856e-04
2.717351778228768e-04
3.327202392968380e-04
4.073512180251964e-04
4.987705688064005e-04
6.107079997520518e-04
7.477160246533812e-04
9.154335685783847e-04
1.120735748931591e-03
1.371899769616194e-03
1.679204553987050e-03
2.055185648697594e-03
2.515042866816856e-03
3.076886735225902e-03
3.763619048092600e-03
4.602473499522236e-03
5.626435228058594e-03
6.876242258048581e-03
8.399485027980902e-03
1.025533709682490e-02
1.251532839451099e-02
1.526320452080472e-02
1.860180748892521e-02
2.265303162452403e-02
2.756291466548762e-02
3.350155150171820e-02
4.067270322859479e-02
4.931355212735471e-02
5.970050435056830e-02
7.214774559908362e-02
8.702785679786325e-02
1.047295689479823e-01
1.257031025030022e-01
1.504205430322206e-01
1.793609571445269e-01
2.130073080464013e-01
2.517652231846585e-01
2.959495543704905e-01
3.456934663309201e-01
4.008588640010632e-01
4.609527504080466e-01
5.250348562795941e-01
5.916553882500182e-01
6.588623297447940e-01
7.243118810000593e-01
7.854971901410036e-01
8.400663534679123e-01
8.862575947471070e-01
9.231834126829184e-01
9.509888511071326e-01
9.710396585716670e-01
9.841895185045240e-01
9.920483262318586e-01
9.963465548718106e-01
9.984836245970782e-01
9.994381461123113e-01
9.998159875605751e-01
9.999478084402650e-01
9.999873288449679e-01
9.999974155120784e-01
9.999995672006737e-01
9.999999414253520e-01
9.999999938855003e-01
9.999999994987585e-01
9.999999999649369e-01
1.000000000000289e+00
1.000000000000516e+00
9.999999999993234e-01
1.000000000000208e+00
1.000000000000015e+00
9.999999999999569e-01
1.000000000000014e+00
1.000000000000001e+00
9.999999999999970e-01
1.000000000000001e+00
1.000000000000000e+00
###1.400000000000000e+00
3.669114685583529e-11
7.618069803421788e-11
9.499454946317885e-11
1.179012434612448e-10
1.460570765803119e-10
1.808113530876654e-10
2.234350603032733e-10
2.758055482713208e-10
3.401268554603950e-10
4.192381686057375e-10
5.164797889822029e-10
6.360703277586399e-10
7.830762012373000e-10
9.638272899680978e-10
1.186034725030943e-09
1.459174137848202e-09
1.794895075502633e-09
2.207539321279799e-09
2.714629421362215e-09
3.337825147975640e-09
4.103485307795052e-09
5.044405766853006e-09
6.200106276305154e-09
7.620145722118002e-09
9.363585634926124e-09
1.150518691891688e-08
1.413562565807529e-08
1.736552169414929e-08
2.133075250201698e-08
2.619887155082018e-08
3.217498176302961e-08
3.950928088068359e-08
4.851332449021311e-08
5.955983958798609e-08
7.311471964265500e-08
8.974651933971850e-08
1.101487286467110e-07
1.351764392852688e-07
1.658745947139953e-07
2.035129463577994e-07
2.496655935730114e-07
3.062594542423992e-07
3.756385010361299e-07
4.606797341756922e-07
5.649165881326982e-07
6.926740297415214e-07
8.491951272560328e-07
1.041012183659686e-06
1.275981080399499e-06
1.563891371828861e-06
1.916425850419510e-06
2.348211037298438e-06
2.877029796718102e-06
3.524560996595673e-06
4.317439627183444e-06
5.288107972888848e-06
6.476691281351782e-06
7.931505947718255e-06
9.711354393520778e-06
1.189021797138884e-05
1.455742040513838e-05
1.782160092116599e-05
2.181381839121288e-05
2.670136688103271e-05
3.268232067528846e-05
4.000109605372761e-05
4.895609421931587e-05
5.991038511987048e-05
7.332119437706429e-05
8.971359252151597e-05
1.097786183485723e-04
1.343389601326690e-04
1.643783092810572e-04
2.011172184191514e-04
2.460876827139989e-04
3.010629279914396e-04
3.683604436150716e-04
4.506287343944497e-04
5.512989296886852e-04
6.744205987076773e-04
8.249328433720015e-04
1.008945216062959e-03
1.233893810011858e-03
1.508686115575470e-03
1.844400508320502e-03
2.254500987523226e-03
2.755266620352738e-03
3.366003205053092e-03
4.111154974295787e-03
5.019642593367248e-03
6.126386755611414e-03
7.474448106178247e-03
9.113791463251386e-03
1.110651876999118e-02
1.352742805235170e-02
1.646351778257656e-02
2.002143399292585e-02
2.432690693390062e-02
2.952993353748271e-02
3.580399311506769e-02
4.335606923308653e-02
5.242571981202414e-02
6.329004105031361e-02
7.626161029889279e-02
9.170970429024290e-02
1.100130439974668e-01
1.316087451334242e-01
1.569484770712523e-01
1.864825447938652e-01
2.206583587547467e-01
2.598353378348450e-01
3.042766887015402e-01
3.540600480358838e-01
4.089940099031992e-01
4.685449013260915e-01
5.317565146637665e-01
5.971997157734521e-01
6.629953835972761e-01
7.269231202334246e-01
7.866407351238733e-01
8.399759249775796e-01
8.853057471336651e-01
9.218060297713478e-01
9.495781665188469e-01
9.697745209648353e-01
9.832047968934382e-01
9.913811532019325e-01
9.959499733313838e-01
9.982756487522145e-01
9.993422990220063e-01
9.997776676509934e-01
9.999344975959686e-01
9.999834147231499e-01
9.999964545772648e-01
9.999993735695102e-01
9.999999102336687e-01
9.999999899046660e-01
9.999999991179107e-01
9.999999999403950e-01
9.999999999979653e-01
1.000000000000233e+00
9.999999999996677e-01
1.000000000000093e+00
1.000000000000009e+00
9.999999999999807e-01
1.000000000000006e+00
1.000000000000000e+00
9.999999999999988e-01
1.000000000000000e+00
1.000000000000000e+00
###1.600000000000000e+00
4.418312080199912e-11
8.487154393427180e-11
1.059443938752407e-10
1.315666507944444e-10
1.630662765876064e-10
2.019489346729056e-10
2.496329318908718e-10
3.081949927111077e-10
3.801311616071947e-10
4.685948465289031e-10
5.773201193062951e-10
7.110284993119083e-10
8.753722006210610e-10
1.077426967755428e-09
1.325814242802308e-09
1.631106024971945e-09
2.006325028890075e-09
2.467468965576556e-09
3.034139674679056e-09
3.730493182303183e-09
4.585962643723583e-09
5.637212660644233e-09
6.928262338335560e-09
8.514553616736189e-09
1.046185996457503e-08
1.285374657769916e-08
1.579134437649691e-08
1.939821158187586e-08
2.382565031867608e-08
2.926104941167904e-08
3.593283220225266e-08
4.411997694757242e-08
5.417062563509594e-08
6.649963022779884e-08
8.162624665298961e-08
1.001862843133750e-07
1.229500028070129e-07
1.508734261372354e-07
1.851192058324468e-07
2.271020057313181e-07
2.785755071894836e-07
3.416897477315622e-07
4.190518820630498e-07
5.138624819077828e-07
6.300697422330634e-07
7.724700664020340e-07
9.469108610680963e-07
1.160655939690592e-06
1.422449091602889e-06
1.743163309284843e-06
2.135826101256596e-06
2.616652845632667e-06
3.205443023085742e-06
3.926250456500642e-06
4.808660498084646e-06
5.888706319741809e-06
7.210950726319072e-06
8.828870626409390e-06
1.080774785636031e-05
1.322954638394104e-05
1.619317071028537e-05
1.981900332733755e-05
2.425168594696036e-05
2.967652069220876e-05
3.631218430446721e-05
4.442826430414253e-05
5.435434967275514e-05
6.648972396156289e-05
8.133860732370713e-05
9.947661017912371e-05
1.216645485564455e-04
1.488053479667769e-04
1.819753878944546e-04
2.225100698850356e-04
2.720864033336295e-04
3.326348836992013e-04
4.066872208280927e-04
4.971178643719715e-04
6.076617757700757e-04
7.427047822554709e-04
9.075911986342281e-04
1.108923179396350e-03
1.354722314726078e-03
1.654553341835971e-03
2.020325021676467e-03
2.466464188548923e-03
3.010365515443631e-03
3.672569953381103e-03
4.479099894376696e-03
5.460612243045304e-03
6.654002770646110e-03
8.104692623716986e-03
9.865053903264793e-03
1.200017714454539e-02
1.458803807902580e-02
1.771898693577395e-02
2.150341097247570e-02
2.607081289164999e-02
3.157504883782930e-02
3.819284913374611e-02
4.613421538938996e-02
5.564087886439605e-02
6.699031806979650e-02
8.049325402707265e-02
9.651522637357006e-02
1.154249018520640e-01
1.376461435166109e-01
1.636104092860712e-01
1.937399501592817e-01
2.284477229286820e-01
2.680490913800461e-01
3.127584972736754e-01
3.626017538744183e-01
4.173385591430822e-01
4.763987252619465e-01
5.388132102303845e-01
6.031717842008505e-01
6.676637720507956e-01
7.301807798605540e-01
7.885246564935025e-01
8.406802671574972e-01
8.851455422743755e-01
9.211514211721767e-01
9.487650418392947e-01
9.689531098548108e-01
9.825123565915981e-01
9.908846015287772e-01
9.956403960224464e-01
9.981061732730412e-01
9.992608926399648e-01
9.997436931484547e-01
9.999221923042033e-01
9.999796262489998e-01
9.999954772366738e-01
9.999991658058132e-01
9.999998747017020e-01
9.999999850872611e-01
9.999999986211879e-01
9.999999999031556e-01
9.999999999954383e-01
1.000000000000001e+00
9.999999999998370e-01
1.000000000000041e+00
1.000000000000005e+00
9.999999999999913e-01
1.000000000000002e+00
1.000000000000000e+00
9.999999999999994e-01
1.000000000000000e+00
1.000000000000000e+00
###1.800000000000000e+00
5.241044266010191e-11
9.453638546773034e-11
1.180787144518164e-10
1.467068813391181e-10
1.819074705098817e-10
2.253594581562910e-10
2.786348983248333e-10
3.440550846512454e-10
4.244167211713674e-10
5.232253032901016e-10
6.446519266290271e-10
7.939687088876586e-10
9.774835818715464e-10
1.203086229938325e-09
1.480406547281094e-09
1.821222346151103e-09
2.240066032759709e-09
2.754784347894306e-09
3.387274722181966e-09
4.164356121912319e-09
5.118948886626433e-09
6.291934412921194e-09
7.732263417091512e-09
9.501938737322354e-09
1.167402540562752e-08
1.434180916998793e-08
1.761790103536371e-08
2.164006189105168e-08
2.657659184743743e-08
3.263655079756091e-08
4.007392599173443e-08
4.919978067873141e-08
6.040171664605501e-08
7.414099162637510e-08
9.099561452202907e-08
1.116747008240465e-07
1.370328998114638e-07
1.681362655251191e-07
2.062766233780278e-07
2.530273639578935e-07
3.103375114627738e-07
3.805989268424375e-07
4.667127027922279e-07
5.722279992629318e-07
7.015438899017091e-07
8.599722055131951e-07
1.054020080758828e-06
1.291746028540780e-06
1.582859967621036e-06
1.939413580546089e-06
2.375887646629833e-06
2.910243619411365e-06
3.564447713234635e-06
4.365136251259048e-06
5.345093631622157e-06
6.544225093478794e-06
8.011910300913687e-06
9.807194061577107e-06
1.200231919153071e-05
1.468798940492092e-05
1.797326326722336e-05
2.199124211620727e-05
2.690118049896217e-05
3.290771524465601e-05
4.025163018057947e-05
4.922948733206069e-05
6.020428095385195e-05
7.361400096870670e-05
9.001305462227343e-05
1.100309531414125e-04
1.345028518779178e-04
1.644170266676180e-04
2.009482821329800e-04
2.455538284165649e-04
3.000642415615957e-04
3.665762821251727e-04
4.478477856307648e-04
5.469912681298612e-04
6.680612350593994e-04
8.157966350389643e-04
9.959661608290090e-04
1.215687142882591e-03
1.483591846786647e-03
1.809929690280578e-03
2.207471509851539e-03
2.691641971900941e-03
3.280988374909576e-03
3.997336197850606e-03
4.868294061905230e-03
5.926332729756406e-03
7.210353256513147e-03
8.768175395588905e-03
1.065461028165963e-02
1.293776026180424e-02
1.569879758312222e-02
1.903141116574414e-02
2.304970292136907e-02
2.788688347908839e-02
3.370056825320687e-02
4.067060315038734e-02
4.900980698161476e-02
5.896188023840904e-02
7.080438388919241e-02
8.484592990654598e-02
1.014479156709114e-01
1.209688794914049e-01
1.438192890279443e-01
1.704105646635411e-01
2.011375311097527e-01
2.363796919798703e-01
2.764102736033272e-01
3.213975159088714e-01
3.713186636657455e-01
4.258883462544987e-01
4.845032594176727e-01
5.461835601309216e-01
6.095376919917482e-01
6.728176206483121e-01
7.340156915970510e-01
7.910621934658836e-01
8.420797955631786e-01
8.856725203726683e-01
9.211212279547241e-01
9.484677746888334e-01
9.685203456164226e-01
9.820830046001807e-01
9.905472776424308e-01
9.954162188342411e-01
9.979770189062134e-01
9.991960161629333e-01
9.997154315103245e-01
9.999115346060625e-01
9.999762037527917e-01
9.999945544641736e-01
9.999989602357954e-01
9.999998376931136e-01
9.999999797970716e-01
9.999999980406626e-01
9.999999998557388e-01
9.999999999924011e-01
9.999999999997944e-01
9.999999999999173e-01
1.000000000000018e+00
1.000000000000003e+00
9.999999999999961e-01
1.000000000000001e+00
1.000000000000000e+00
9.999999999999998e-01
1.000000000000000e+00
1.000000000000000e+00
###2.000000000000000e+00
6.144212622659902e-11
1.052014534854479e-10
1.315066783439408e-10
1.634597622101865e-10
2.027499603233792e-10
2.512518325789068e-10
3.107067215718113e-10
3.837052101684190e-10
4.733751396422287e-10
5.836094475580332e-10
7.190668504868975e-10
8.856173812164076e-10
1.090298189030230e-09
1.341892994890942e-09
1.651143676300225e-09
2.031154439586975e-09
2.498120440782698e-09
3.071923382489719e-09
3.776987210854772e-09
4.643055269159867e-09
5.706891037581129e-09
7.013943729712936e-09
8.618771163122390e-09
1.059027949654348e-08
1.300995925475923e-08
1.598156457883650e-08
1.962997088735057e-08
2.410893941364632e-08
2.960537319887802e-08
3.635180623790591e-08
4.463076186670468e-08
5.478805141216296e-08
6.725444362621659e-08
8.254194866653316e-08
1.012937013098805e-07
1.242973635399870e-07
1.525021744303977e-07
1.870922386533511e-07
2.295014347600495e-07
2.814762998635512e-07
3.451793310464234e-07
4.232656754284333e-07
5.189536743803072e-07
6.361822433239362e-07
7.798319117523290e-07
9.557764978463221e-07
1.171242098464162e-06
1.435154410455078e-06
1.758267955645483e-06
2.153916438139267e-06
2.638155336864529e-06
3.230840249764697e-06
3.956255451572278e-06
4.843918773856923e-06
5.929989142576977e-06
7.258584807251085e-06
8.884265264363496e-06
1.087199621293988e-05
1.330191168686440e-05
1.627370143539116e-05
1.990749253087572e-05
2.434994051359590e-05
2.977680570504337e-05
3.641175252957469e-05
4.452074099684349e-05
5.442875685945403e-05
6.653428286905366e-05
8.131720821054796e-05
9.938274223353167e-05
1.214246315012799e-04
1.483504865103214e-04
1.812414701707984e-04
2.213767913187558e-04
2.703427060630231e-04
3.301322616578395e-04
4.030177833201368e-04
4.919956072016184e-04
6.004288008160196e-04
7.327076888651594e-04
8.939416820962851e-04
1.090343564353540e-03
1.329569023245706e-03
1.620886838468881e-03
1.975259027363811e-03
2.406350938484976e-03
2.930620685467666e-03
3.567805803451120e-03
4.341053318918567e-03
5.279604301842851e-03
6.417783549026355e-03
7.796539999473661e-03
9.466130317951897e-03
1.148383510173918e-02
1.392079172706781e-02
1.686138600864744e-02
2.040263139476399e-02
2.466231632975419e-02
2.977729358643192e-02
3.590883723984629e-02
4.323977084688450e-02
5.198553167815267e-02
6.239158276451751e-02
7.473527290042867e-02
8.932284674090774e-02
1.065111750593649e-01
1.266485649857294e-01
1.501319450127388e-01
1.773528384944549e-01
2.086791937818889e-01
2.444579635543453e-01
2.849219378817600e-01
3.301954289699340e-01
3.802099685636157e-01
4.346384978581188e-01
4.928471627017539e-01
5.538471456585967e-01
6.162649630907524e-01
6.784097113885010e-01
7.383647200982197e-01
7.941756273871345e-01
8.440855986659350e-01
8.867943330744521e-01
9.216287157909421e-01
9.486139797069406e-01
9.684252188381894e-01
9.818870778510745e-01
9.903551961379867e-01
9.952728415227825e-01
9.978877895437296e-01
9.991484932518023e-01
9.996936729533165e-01
9.999029600145956e-01
9.999733303682509e-01
9.999937462292005e-01
9.999987721962142e-01
9.999998022511521e-01
9.999999744838854e-01
9.999999974256629e-01
9.999999998022574e-01
9.999999999888984e-01
9.999999999995932e-01
9.999999999999526e-01
1.000000000000007e+00
1.000000000000002e+00
9.999999999999982e-01
1.000000000000000e+00
1.000000000000000e+00
9.999999999999999e-01
1.000000000000000e+00
1.000000000000000e+00
###2.200000000000000e+00
7.135291580973506e-11
1.169907346392984e-10
1.463458440094499e-10
1.819674215758162e-10
2.257755231892096e-10
2.798504924224700e-10
3.461265537093386e-10
4.274881133801001e-10
5.274280792910713e-10
6.502671177140733e-10
8.012049120487163e-10
9.867548142779817e-10
1.214771408711053e-09
1.495017226319936e-09
1.839457710370997e-09
2.262654229247761e-09
2.782630497886327e-09
3.421504598723462e-09
4.206470318539630e-09
5.170484681424246e-09
6.354610574148018e-09
7.809118484240461e-09
9.594892884449428e-09
1.178835098959313e-08
1.448027312938930e-08
1.778577467948762e-08
2.184326928092053e-08
2.682393555102147e-08
3.293531739328183e-08
4.043537815143465e-08
4.963795405988579e-08
6.092698570731751e-08
7.477976096035894e-08
9.176513691806581e-08
1.125977211624202e-07
1.381467828761023e-07
1.694695677861682e-07
2.078770558578266e-07
2.549583937528855e-07
3.126486246051308e-07
3.833434620112092e-07
4.699840072736121e-07
5.761342161531372e-07
7.061568854210630e-07
8.654553330375207e-07
1.060515673175252e-06
1.299336617082514e-06
1.591806351174748e-06
1.949788895837604e-06
2.388022384699180e-06
2.924259347002083e-06
3.580409145505079e-06
4.383262170463899e-06
5.365454458522387e-06
6.566786465452688e-06
8.035923277038951e-06
9.832925298323017e-06
1.202937110413327e-05
1.471370125846397e-05
1.799528683081548e-05
2.200617739223374e-05
2.690755589648935e-05
3.289299051127468e-05
4.020630296820183e-05
4.914066110442023e-05
6.005122205695489e-05
7.337369511487381e-05
8.963497919102387e-05
1.094917928715716e-04
1.337079167172972e-04
1.632670626752253e-04
1.993487831002667e-04
2.433443167720119e-04
2.969750970460630e-04
3.624063721789049e-04
4.420956444049093e-04
5.392906049420928e-04
6.576177313312258e-04
8.018200149307204e-04
9.773951572212610e-04
1.191019829987591e-03
1.450913288515729e-03
1.767005913450099e-03
2.151001207610709e-03
2.617492203548120e-03
3.184006695015562e-03
3.871510595515319e-03
4.704509834912406e-03
5.713924379404343e-03
6.935973699263390e-03
8.413696796083218e-03
1.019982568942306e-02
1.235413950938901e-02
1.495083365236098e-02
1.807752270926117e-02
2.183452909687706e-02
2.634329782726322e-02
3.174425630699578e-02
3.820223532427221e-02
4.590289508085187e-02
5.506409325312090e-02
6.593284527952971e-02
7.878599591788242e-02
9.392715772677036e-02
1.117083052394204e-01
1.324673841209930e-01
1.565876331162841e-01
1.844407837991368e-01
2.163683745304008e-01
2.526840830950965e-01
2.935863913395076e-01
3.391530895136018e-01
3.892740032164523e-01
4.435831785647567e-01
5.014187304150297e-01
5.617839005569411e-01
6.233225868630599e-01
6.843960428186833e-01
7.431700918698997e-01
7.977938594124041e-01
8.466178762422677e-01
8.884289430110870e-01
9.225970218090490e-01
9.491392287813325e-01
9.686208262181879e-01
9.818953663321902e-01
9.902929508967834e-01
9.952036947886250e-01
9.978365046663465e-01
9.991181468005240e-01
9.996787030831494e-01
9.998967050408812e-01
9.999711259165078e-01
9.999930967074323e-01
9.999986142275181e-01
9.999997711206718e-01
9.999999696025932e-01
9.999999968328295e-01
9.999999997479235e-01
9.999999999851934e-01
9.999999999993934e-01
9.999999999999657e-01
1.000000000000003e+00
1.000000000000001e+00
9.999999999999992e-01
1.000000000000000e+00
1.000000000000000e+00
1.000000000000000e+00
1.000000000000000e+00
1.000000000000000e+00
###2.400000000000000e+00
8.222325084531271e-11
1.300054582626641e-10
1.627940123910256e-10
2.023910343365315e-10
2.511801051911482e-10
3.113991306992513e-10
3.851937974921218e-10
4.757728449783535e-10
5.870297567714594e-10
7.237558169796492e-10
8.917446646510319e-10
1.098219549337606e-09
1.351932116034720e-09
1.663718581884904e-09
2.046890157354525e-09
2.517603733453436e-09
3.095896841461166e-09
3.806339341663100e-09
4.679158329195185e-09
5.750849751379981e-09
7.067407814458708e-09
8.683747820041647e-09
1.066824850332743e-08
1.310553645255991e-08
1.609625955240597e-08
1.976821355738975e-08
2.427465486637483e-08
2.980560044899421e-08
3.659136903483198e-08
4.491763137398659e-08
5.513245578016901e-08
6.766199232083185e-08
8.303265920385102e-08
1.018770104489055e-07
1.249861167660406e-07
1.533211826800373e-07
1.880542132464469e-07
2.306353347336684e-07
2.828229910329252e-07
3.467567473252761e-07
4.250879783544177e-07
5.210666988955610e-07
6.386332300170830e-07
7.826107241287607e-07
9.589694788718049e-07
1.174861462996357e-06
1.439123458017434e-06
1.762683323088860e-06
2.158599514273059e-06
2.643157571525443e-06
3.235926333299430e-06
3.961032242680715e-06
4.847982309431281e-06
5.932728560793393e-06
7.259121062473239e-06
8.880612307989230e-06
1.086322677079742e-05
1.328565566749246e-05
1.624525721612198e-05
1.986182010991627e-05
2.428018720875660e-05
2.967711847705151e-05
3.626510559866280e-05
4.430993894735538e-05
5.413350858379651e-05
6.612329490040109e-05
8.075475972331864e-05
9.860470508319202e-05
1.203850428615966e-04
1.469334764244584e-04
1.793149433783095e-04
2.188109640363914e-04
2.669379704221999e-04
3.255537224718922e-04
3.970074895858636e-04
4.839519054419808e-04
5.898993554968006e-04
7.187529704926322e-04
8.756258366228247e-04
1.066422257939807e-03
1.298301388542369e-03
1.580077250093864e-03
1.922362229471207e-03
2.337632440854517e-03
2.841442525791108e-03
3.452426796113790e-03
4.192818207291463e-03
5.088519250321890e-03
6.172175460615860e-03
7.481941993811599e-03
9.062989649901420e-03
1.097056424679462e-02
1.326697110961776e-02
1.602948619154460e-02
1.934896610279563e-02
2.332902497283990e-02
2.809473224481299e-02
3.379002024898065e-02
4.058317251605558e-02
4.866254122577966e-02
5.824820574543235e-02
6.958851947004549e-02
8.295953177558767e-02
9.866195083310987e-02
1.170424947645551e-01
1.384285906930762e-01
1.631896258342729e-01
1.916776084532623e-01
2.242080525311209e-01
2.610620824423423e-01
3.024052405215607e-01
3.482705624659770e-01
3.985082998678887e-01
4.527160256376180e-01
5.102059273308164e-01
5.699740852250479e-01
6.306809488314928e-01
6.907354913227494e-01
7.483788618346061e-01
8.018527809982268e-01
8.496053625348677e-01
8.905032403513186e-01
9.239579017482085e-01
9.499860649155398e-01
9.690642789533621e-01
9.820798171768635e-01
9.903445268939262e-01
9.952009863747697e-01
9.978200522551821e-01
9.991040518265601e-01
9.996704018492618e-01
9.998928317338787e-01
9.999696475233503e-01
9.999926325837792e-01
9.999984950241476e-01
9.999997464273671e-01
9.999999655434832e-01
9.999999963159041e-01
9.999999996981773e-01
9.999999999816469e-01
9.999999999992031e-01
9.999999999999682e-01
1.000000000000001e+00
1.000000000000000e+00
9.999999999999997e-01
1.000000000000000e+00
1.000000000000000e+00
1.000000000000000e+00
1.000000000000000e+00
1.000000000000000e+00
###2.600000000000000e+00
9.413952452809857e-11
1.443540913476902e-10
1.808447417966092e-10
2.248991765258565e-10
2.791743540548840e-10
3.461586817769955e-10
4.282299740303973e-10
5.289561768089857e-10
6.526680148993746e-10
8.046747270363268e-10
9.914211347677685e-10
1.220912486790020e-09
1.502890147168440e-09
1.849353606986893e-09
2.275103217162429e-09
2.798022919426971e-09
3.440387982102886e-09
4.229448359634331e-09
5.198733883524780e-09
6.388646404093625e-09
7.850606689231117e-09
9.644488864777242e-09
1.184701407274540e-08
1.455170304224955e-08
1.787004149383075e-08
2.194365150482054e-08
2.694226476246608e-08
3.307585712896868e-08
4.060024787940855e-08
4.983100391908245e-08
6.115372639385586e-08
7.504043467875547e-08
9.207146098930440e-08
1.129484428253144e-07
1.385458580531684e-07
1.699251085783105e-07
2.083830198352081e-07
2.555197772200476e-07
3.132794680883441e-07
3.840273815373441e-07
4.706919284382700e-07
5.768462841713354e-07
7.068533572364318e-07
8.660329329740419e-07
1.060963539943518e-06
1.299526729109105e-06
1.591464084832124e-06
1.948824061397398e-06
2.385968104287429e-06
2.920841483495698e-06
3.574984081226185e-06
4.374912293035062e-06
5.353068563849674e-06
6.548965592463397e-06
8.010833239407704e-06
9.797267907391695e-06
1.198071370458211e-05
1.464750288047665e-05
1.790455782895919e-05
2.188286041644274e-05
2.674096501331676e-05
3.267231326811518e-05
3.990953594175682e-05
4.874231199867280e-05
5.952255849203755e-05
7.267269943789513e-05
8.871045795688487e-05
1.082655845411036e-04
1.321092792896849e-04
1.611567164369432e-04
1.965593778413190e-04
2.397074283177508e-04
2.922487628178015e-04
3.561858023508169e-04
4.340617279771388e-04
5.287345963204345e-04
6.439953231916838e-04
7.840373284843811e-04
9.543618112673597e-04
1.161298492176874e-03
1.412510492792894e-03
1.717431486107722e-03
2.087383886125118e-03
2.535645718258879e-03
3.078767886807430e-03
3.736528659550266e-03
4.532467198670510e-03
5.493920485148600e-03
6.655306504869045e-03
8.056757398452940e-03
9.745617017352045e-03
1.177968328373532e-02
1.422381390340321e-02
1.715838723498795e-02
2.067751305140175e-02
2.488807456845752e-02
2.991874108883634e-02
3.591686739663200e-02
4.305402276098856e-02
5.152129352288371e-02
6.154058899052502e-02
7.336144458004892e-02
8.725882146032957e-02
1.035302426677766e-01
1.225168148383220e-01
1.445352634680614e-01
1.699409486926722e-01
1.990661866039503e-01
2.322007885396035e-01
2.695942312047284e-01
3.113794780101778e-01
3.575471977654517e-01
4.079096676308550e-01
4.620300722816327e-01
5.191964407514843e-01
5.783982827600738e-01
6.383117171971155e-01
6.973895202787534e-01
7.539415960359074e-01
8.062941717858250e-01
8.529841708891325e-01
8.929519081128876e-01
9.256506595749140e-01
9.511033196920623e-01
9.697165610782977e-01
9.824139807302271e-01
9.904940134640505e-01
9.952563351551093e-01
9.978346164224423e-01
9.991047610371486e-01
9.996683422035835e-01
9.998912590541326e-01
9.999688983742737e-01
9.999923637416137e-01
9.999984191588125e-01
9.999997295083237e-01
9.999999625849765e-01
9.999999959175382e-01
9.999999996577699e-01
9.999999999786234e-01
9.999999999990367e-01
9.999999999999665e-01
9.999999999999997e-01
1.000000000000000e+00
9.999999999999999e-01
1.000000000000000e+00
1.000000000000000e+00
1.000000000000000e+00
1.000000000000000e+00
1.000000000000000e+00
###2.800000000000000e+00
1.071945135374572e-10
1.601533725636624e-10
2.007163978254595e-10
2.496741132058149e-10
3.099845973774655e-10
3.844094887812231e-10
4.755817384909549e-10
5.874643161415364e-10
7.248669300686035e-10
8.936673245599223e-10
1.101023514176828e-09
1.355807295656708e-09
1.668821127744070e-09
2.053364717333454e-09
2.525855683871497e-09
3.106081213981703e-09
3.818750431760682e-09
4.694083351361560e-09
5.769142781388204e-09
7.088691899221273e-09
8.710041714402680e-09
1.069850494456392e-08
1.313998199965219e-08
1.613749296452091e-08
1.981458362473334e-08
2.432787875075125e-08
2.986512344013175e-08
3.665810676177284e-08
4.499066109896942e-08
5.521012890773357e-08
6.774387621489942e-08
8.311350202768591e-08
1.019583703664151e-07
1.250549920249797e-07
1.533686998586188e-07
1.880699338606314e-07
2.305929591812229e-07
2.826954492621668e-07
3.465286024373544e-07
4.247002411917932e-07
5.204431306724605e-07
6.376772938346872e-07
7.812222948620635e-07
9.569478228651992e-07
1.172061656078329e-06
1.435266587816137e-06
1.757271731594735e-06
2.151324241594179e-06
2.633225121184953e-06
3.222679693236401e-06
3.943366644483737e-06
4.824378907299295e-06
5.901325208473448e-06
7.217546310995325e-06
8.825978441183615e-06
1.079076165865875e-05
1.319123384759810e-05
1.612192629550231e-05
1.970000902937383e-05
2.406847362001400e-05
2.940055378287077e-05
3.590753422861058e-05
4.384333576372015e-05
5.352445888964488e-05
6.533225480287488e-05
7.972852700046550e-05
9.727537586425966e-05
1.186587037792435e-04
1.447142955062626e-04
1.764351349010498e-04
2.150686112078101e-04
2.621187616569391e-04
3.193716029142321e-04
3.889832086470953e-04
4.737005689860338e-04
5.765979261316145e-04
7.017590684469621e-04
8.536817430779256e-04
1.038273878187234e-03
1.262309943520422e-03
1.533979061919577e-03
1.863360137412358e-03
2.262514234408411e-03
2.745551124127207e-03
3.330053334041665e-03
4.036981114292820e-03
4.891219476085620e-03
5.921578051068706e-03
7.164294339095857e-03
8.661518959195582e-03
1.046280952666628e-02
1.262855408308731e-02
1.522618731776369e-02
1.833921089352973e-02
2.206499647429447e-02
2.651365987651742e-02
3.181747752388160e-02
3.812710407863603e-02
4.561701313967851e-02
5.448174056460472e-02
6.494395695997263e-02
7.725443469236525e-02
9.168675447106148e-02
1.085349633787525e-01
1.281342030787228e-01
1.507902887808052e-01
1.768443614976450e-01
2.066090388150848e-01
2.403486901712039e-01
2.782819086658621e-01
3.205094408971521e-01
3.669816275202712e-01
4.174742029722586e-01
4.715177647302617e-01
5.283776836115859e-01
5.870373596856371e-01
6.461877138633562e-01
7.043219114107647e-01
7.598129988064364e-01
8.110649592014080e-01
8.566962905215579e-01
8.957164905359581e-01
9.276210931010449e-01
9.524447585511556e-01
9.705423165328637e-01
9.828732541313330e-01
9.907260313971830e-01
9.953611973021470e-01
9.978760085505178e-01
9.991184921786258e-01
9.996718840016916e-01
9.998917999223534e-01
9.999688380528905e-01
9.999922855775033e-01
9.999983873192527e-01
9.999997208860067e-01
9.999999608735590e-01
9.999999956644146e-01
9.999999996300747e-01
9.999999999764129e-01
9.999999999989093e-01
9.999999999999636e-01
9.999999999999992e-01
1.000000000000000e+00
1.000000000000000e+00
1.000000000000000e+00
1.000000000000000e+00
1.000000000000000e+00
1.000000000000000e+00
1.000000000000000e+00
###3.000000000000000e+00
1.214865204220129e-10
1.775296422557392e-10
2.225665001593642e-10
2.769118782380008e-10
3.438541287104348e-10
4.264531700269686e-10
5.276211125436848e-10
6.517550317198050e-10
8.041892168722506e-10
9.914264337100957e-10
1.221399269610525e-09
1.503935969633363e-09
1.850995183867749e-09
2.277303548395463e-09
2.801047396259807e-09
3.444112658827096e-09
4.233823804621688e-09
5.203679695781714e-09
6.394609934589706e-09
7.856141635610845e-09
9.652000965508150e-09
1.185346021657503e-08
1.455640892000943e-08
1.787427784892976e-08
2.194376631526516e-08
2.693776411071737e-08
3.306376290534814e-08
4.057733124895790e-08
4.979267838098878e-08
6.109195423418785e-08
7.494791482946635e-08
9.193577152594191e-08
1.127596839622098e-07
1.382780924413037e-07
1.695534157190257e-07
2.078742297713093e-07
2.548262426423642e-07
3.123373044818288e-07
3.827825546984433e-07
4.690328522775856e-07
5.746506519030129e-07
7.039393074923780e-07
8.621939758196806e-07
1.055894780684354e-06
1.292928101674613e-06
1.582878826718655e-06
1.937513863349995e-06
2.371361065455872e-06
2.901778718124272e-06
3.550361854848566e-06
4.343118933982643e-06
5.311894017498787e-06
6.495714304995698e-06
7.942031915877369e-06
9.708790719582749e-06
1.186623126160897e-05
1.450104114985093e-05
1.771631481727140e-05
2.164046109005344e-05
2.642925151247689e-05
3.227161803798347e-05
3.939790974846538e-05
4.808476760871519e-05
5.867702164912667e-05
7.158823439481612e-05
8.732127472618261e-05
1.064857477175228e-04
1.298270730134303e-04
1.582496416558486e-04
1.928290143474205e-04
2.349139475899688e-04
2.861291053762447e-04
3.484051687591098e-04
4.240625844942583e-04
5.160610096503171e-04
6.277024538725251e-04
7.633776044521773e-04
9.279055009037044e-04
1.127617505878556e-03
1.369753535726114e-03
1.663051304241668e-03
2.018261220703643e-03
2.448212229575042e-03
2.967876214302615e-03
3.595903380593118e-03
4.354474562729430e-03
5.269860713717770e-03
6.372382469293459e-03
7.700144056312009e-03
9.297356168212388e-03
1.121583029268472e-02
1.351858217057425e-02
1.627564639543135e-02
1.957366765136861e-02
2.351328572719935e-02
2.820782730067690e-02
3.379312760327716e-02
4.042306703769852e-02
4.827494370110388e-02
5.754648395418577e-02
6.846101718362739e-02
8.127027504791211e-02
9.624616121853331e-02
1.136789404268617e-01
1.338965269510308e-01
1.571963354794590e-01
1.839023435449451e-01
2.143083212938562e-01
2.486534067481659e-01
2.871259469061965e-01
3.297948230326497e-01
3.765717904832028e-01
4.271973228912505e-01
4.811709965875769e-01
5.377368136384341e-01
5.958724450059961e-01
6.542828131610292e-01
7.114985426909635e-01
7.659510820310776e-01
8.161165176888791e-01
8.606892330647411e-01
8.987443677686111e-01
9.298208333605936e-01
9.539698730146088e-01
9.715096560671193e-01
9.834350000823187e-01
9.910260741413095e-01
9.955071911630428e-01
9.979399241622521e-01
9.991432910819628e-01
9.996802573014903e-01
9.998941948674770e-01
9.999693942310292e-01
9.999923822030744e-01
9.999983969891411e-01
9.999997203525669e-01
9.999999604270527e-01
9.999999955659010e-01
9.999999996167441e-01
9.999999999751894e-01
9.999999999988315e-01
9.999999999999611e-01
9.999999999999990e-01
1.000000000000000e+00
1.000000000000000e+00
1.000000000000000e+00
1.000000000000000e+00
1.000000000000000e+00
1.000000000000000e+00
1.000000000000000e+00
###3.200000000000001e+00
1.371236527508298e-10
1.966162046203065e-10
2.465641940755908e-10
3.068229355038330e-10
3.810441107406861e-10
4.726144694118810e-10
5.847471187712450e-10
7.223222331712370e-10
8.912386047601971e-10
1.098701511303945e-09
1.353459266827928e-09
1.666409541373822e-09
2.050773617767547e-09
2.522834967318788e-09
3.102713518734555e-09
3.814586707583106e-09
4.688659595673518e-09
5.761942752914629e-09
7.079647879079957e-09
8.696518569683750e-09
1.068320873601679e-08
1.311754827797501e-08
1.610627440159058e-08
1.977418383188327e-08
2.427248234028270e-08
2.979131861198434e-08
3.656009715781442e-08
4.486018440717579e-08
5.503871144060696e-08
6.751625402298824e-08
8.281407814884125e-08
1.015653906876887e-07
1.245460101310760e-07
1.527026407068558e-07
1.872029518110906e-07
2.294644208053221e-07
2.812354108756955e-07
3.446302630812447e-07
4.222672667327946e-07
5.172970586795972e-07
6.336435594005789e-07
7.760244078456540e-07
9.502512707740207e-07
1.163455684096390e-06
1.424263167570308e-06
1.743217248457465e-06
2.133214854581872e-06
2.610170172010500e-06
3.193118454832302e-06
3.905690164894708e-06
4.776401904309473e-06
5.840053302179732e-06
7.139377299664268e-06
8.726179969840236e-06
1.066382239455764e-05
1.302909214349727e-05
1.591655923237992e-05
1.943844832471707e-05
2.373522646250458e-05
2.897619054637687e-05
3.536728942979904e-05
4.315933073914982e-05
5.265278379517748e-05
6.422290223602636e-05
7.831737469289102e-05
9.548289876485500e-05
1.163795171624334e-04
1.418156949525873e-04
1.727683410214949e-04
2.104013028915556e-04
2.561693095070937e-04
3.118262812605797e-04
3.794535896081709e-04
4.615455052836220e-04
5.612857261110467e-04
6.822152382697627e-04
8.290430232778841e-04
1.006936405626731e-03
1.222657925627060e-03
1.483937295227376e-03
1.800084009751343e-03
2.182542095856435e-03
2.644952770565923e-03
3.203166371886187e-03
3.876942370405072e-03
4.689721345336195e-03
5.669200704758783e-03
6.847250591099928e-03
8.263889281152317e-03
9.965429147173901e-03
1.200597497856081e-02
1.445120721238208e-02
1.737378146611703e-02
2.086350374773920e-02
2.502428557391514e-02
2.997263934741008e-02
3.584790814520616e-02
4.280711905280825e-02
5.103030520213350e-02
6.071813307627033e-02
7.209446612025987e-02
8.541171750517638e-02
1.009398093152805e-01
1.189649032414221e-01
1.398074609474949e-01
1.637558696984469e-01
1.911170971420725e-01
2.221658310841768e-01
2.571161375810817e-01
2.961266428069967e-01
3.392348779868711e-01
3.863149631668149e-01
4.370738028110237e-01
4.909811466017197e-01
5.472607565609771e-01
6.048849166958810e-01
6.625718572714040e-01
7.188871956398801e-01
7.723168324671520e-01
8.214043118424611e-01
8.649158023966080e-01
9.019882989466796e-01
9.322063617421578e-01
9.556422031309246e-01
9.725899404597254e-01
9.840785977711431e-01
9.913806549648511e-01
9.956863489714808e-01
9.980221188577680e-01
9.991771519535807e-01
9.996926278784979e-01
9.998981428055381e-01
9.999704743871407e-01
9.999926299403018e-01
9.999984432691338e-01
9.999997271227329e-01
9.999999611545620e-01
9.999999956156294e-01
9.999999996177341e-01
9.999999999749938e-01
9.999999999988074e-01
9.999999999999601e-01
9.999999999999989e-01
1.000000000000000e+00
1.000000000000000e+00
1.000000000000000e+00
1.000000000000000e+00
1.000000000000000e+00
1.000000000000000e+00
1.000000000000000e+00
###3.400000000000001e+00
1.542214089827108e-10
2.175573960046195e-10
2.728909375602147e-10
3.396330517904935e-10
4.218346843210612e-10
5.232383976287583e-10
6.473876639588887e-10
7.996903366875260e-10
9.866622672762102e-10
1.216277135867772e-09
1.498173530089258e-09
1.844419656144140e-09
2.269614430668026e-09
2.791741606498178e-09
3.433032597030743e-09
4.220164037813864e-09
5.186484620809114e-09
6.372835493519232e-09
7.829059483299319e-09
9.615734072990877e-09
1.181085084502227e-08
1.449950963549948e-08
1.780023634181653e-08
2.185020856940630e-08
2.681639741967877e-08
3.290756529096032e-08
4.037749959413558e-08
4.953531747894344e-08
6.076330732821229e-08
7.452467733352478e-08
9.139285571569189e-08
1.120642707051539e-07
1.373932385665180e-07
1.684196214128922e-07
2.064269324408307e-07
2.529757158647466e-07
3.099829815435673e-07
3.797711900429200e-07
4.652194248674360e-07
5.697814213060960e-07
6.977710023510428e-07
8.543548768971862e-07
1.045910088270563e-06
1.280247241939758e-06
1.566814510220605e-06
1.917180583661653e-06
2.345462538615909e-06
2.869058707876910e-06
3.508819406357007e-06
4.290563057348984e-06
5.245496132126154e-06
6.411585325578826e-06
7.835668030181875e-06
9.573954787652279e-06
1.169584011218254e-05
1.428503847388487e-05
1.744460895373247e-05
2.129649567036067e-05
2.599410047547384e-05
3.172112510264237e-05
3.870171039998940e-05
4.720848517546761e-05
5.756742554491349e-05
7.018574109947803e-05
8.554785396210399e-05
1.042468776665926e-04
1.269964097524898e-04
1.546714900369004e-04
1.883265223066659e-04
2.292175171705306e-04
2.789129385023633e-04
3.393019250415834e-04
4.126247095647801e-04
5.015586473207342e-04
6.095232668962272e-04
7.403100994234294e-04
8.989624987959779e-04
1.091011093782853e-03
1.323669638485895e-03
1.605180563212262e-03
1.945446567127112e-03
2.356610805791018e-03
2.853226584862965e-03
3.451984950639948e-03
4.173814648803031e-03
5.043455937640373e-03
6.090073546283523e-03
7.347125746672639e-03
8.856592250560494e-03
1.066692862185242e-02
1.283457161735013e-02
1.542790262413124e-02
1.852221746521219e-02
2.221050010366852e-02
2.659992804270444e-02
3.181019003172873e-02
3.798406340375849e-02
4.528164416063105e-02
5.388560091848010e-02
6.399929633977748e-02
7.584698237641181e-02
8.968147392660357e-02
1.057703978608791e-01
1.243954825680406e-01
1.458694803522053e-01
1.704711615855680e-01
1.984905500618192e-01
2.301830120928202e-01
2.657376440912311e-01
3.052837846534544e-01
3.488286875548311e-01
3.962078190436679e-01
4.470978271714554e-01
5.009391270924727e-01
5.569362384919346e-01
6.140563998212603e-01
6.710305906754920e-01
7.264573948561760e-01
7.788739304179074e-01
8.268874458188173e-01
8.693323367798562e-01
9.054057443982574e-01
9.347388947888474e-01
9.574291549077788e-01
9.737576250292120e-01
9.847854381763710e-01
9.917774302725800e-01
9.958912417666054e-01
9.981185734195345e-01
9.992181145553045e-01
9.997081535830795e-01
9.999033263145701e-01
9.999719756663767e-01
9.999930005711501e-01
9.999985197462516e-01
9.999997400186300e-01
9.999999628857681e-01
9.999999957950890e-01
9.999999996315851e-01
9.999999999757508e-01
9.999999999988343e-01
9.999999999999609e-01
9.999999999999989e-01
1.000000000000000e+00
1.000000000000000e+00
1.000000000000000e+00
1.000000000000000e+00
1.000000000000000e+00
1.000000000000000e+00
1.000000000000000e+00
###3.600000000000001e+00
1.729022202426562e-10
2.405079841696159e-10
3.017410450861938e-10
3.755839693214837e-10
4.665275200733993e-10
5.786967060322585e-10
7.160017260341823e-10
8.844231066962455e-10
1.091153472456122e-09
1.344998550531649e-09
1.656579026509253e-09
2.039242066955710e-09
2.509076032506703e-09
3.085931044706179e-09
3.794335220494272e-09
4.663690240052539e-09
5.730771585166078e-09
7.040594099415160e-09
8.648051799778100e-09
1.062005244735141e-08
1.304260194648301e-08
1.600868765514162e-08
1.964967085039562e-08
2.411636065005002e-08
2.959235812211351e-08
3.630715993328442e-08
4.454088492887654e-08
5.463282667228474e-08
6.700326350655796e-08
8.216184295167435e-08
1.007385217698811e-07
1.234981377063870e-07
1.513806602949028e-07
1.855259912931801e-07
2.273447958749546e-07
2.785490427782228e-07
3.412415612384104e-07
4.179694513036171e-07
5.118915671337102e-07
6.267920598486982e-07
7.674032297848767e-07
9.393783092566360e-07
1.149703657536351e-06
1.406922616126605e-06
1.721371435475092e-06
2.105720035509940e-06
2.575417481625130e-06
3.149408829373256e-06
3.850551848255130e-06
4.706983905641065e-06
5.752803945107890e-06
7.029411166650930e-06
8.587993125266297e-06
1.048953471475427e-05
1.280985560172894e-05
1.564003438934951e-05
1.909219696407445e-05
2.329900002057365e-05
2.842735921105108e-05
3.467639046842504e-05
4.228960744638273e-05
5.156289317700782e-05
6.284944632078402e-05
7.659035376839072e-05
9.330919416404939e-05
1.136477026689131e-04
1.383779898350516e-04
1.684431827188357e-04
2.049824288080858e-04
2.493469701943915e-04
3.032261105401997e-04
3.686516339043661e-04
4.480309488055829e-04
5.442339674542788e-04
6.609282607778679e-04
8.021678524001930e-04
9.733470560986468e-04
1.180375347232177e-03
1.430938931420933e-03
1.733814461913515e-03
2.099521786740973e-03
2.540932826026742e-03
3.073541326611954e-03
3.714913950411748e-03
4.487185181865601e-03
5.416435475680749e-03
6.533338090066721e-03
7.872978097202712e-03
9.479344037808972e-03
1.140307597665861e-02
1.370298043865159e-02
1.645017508724271e-02
1.972261303909279e-02
2.361647067325227e-02
2.824215985806258e-02
3.372260170081359e-02
4.020386145317965e-02
4.784904292097156e-02
5.684334080713004e-02
6.739257399622829e-02
7.972121768533090e-02
9.408220470642037e-02
1.107405430780704e-01
1.299731865231555e-01
1.520848919701002e-01
1.773442510314983e-01
2.060243328410888e-01
2.383609340589462e-01
2.745182317466043e-01
3.145966317734473e-01
3.585732039794485e-01
4.062463898151494e-01
4.572629867816553e-01
5.110353863803372e-01
5.667497835010765e-01
6.233687391994273e-01
6.796355819918830e-01
7.341802517797213e-01
7.855884312509477e-01
8.325282874403587e-01
8.738994593722210e-01
9.089583564400564e-01
9.373837255164993e-01
9.593017098339413e-01
9.749898074219655e-01
9.855388632082492e-01
9.922052421157829e-01
9.961150878322955e-01
9.982255385868867e-01
9.992643314458411e-01
9.997260227601847e-01
9.999094324964176e-01
9.999737932951620e-01
9.999934642533159e-01
9.999986192928964e-01
9.999997576491212e-01
9.999999654032419e-01
9.999999960777579e-01
9.999999996558558e-01
9.999999999772955e-01
9.999999999989021e-01
9.999999999999633e-01
9.999999999999990e-01
1.000000000000000e+00
1.000000000000000e+00
1.000000000000000e+00
1.000000000000000e+00
1.000000000000000e+00
1.000000000000000e+00
1.000000000000000e+00
###3.800000000000001e+00
1.932978634780942e-10
2.656337817745847e-10
3.333220784994803e-10
4.149339226946019e-10
5.154431675654875e-10
6.393876198491562e-10
7.910820992154736e-10
9.771248088442793e-10
1.205457825905591e-09
1.485780686096443e-09
1.829797864256872e-09
2.252240045625039e-09
2.770819516244527e-09
3.407430140003425e-09
4.189096772771549e-09
5.148206835210795e-09
6.325231363314727e-09
7.769744146926359e-09
9.542141562781532e-09
1.171620885360053e-08
1.438665380769708e-08
1.765513158984680e-08
2.166661535618513e-08
2.658728349240799e-08
3.261832520722810e-08
4.001197804725439e-08
4.907674652000764e-08
6.018490432095630e-08
7.379775609635170e-08
9.047532053490077e-08
1.109088101390910e-07
1.359364690113548e-07
1.665930989006682e-07
2.041247882934203e-07
2.500806574367857e-07
3.063357073034519e-07
3.751943867758617e-07
4.594481221305253e-07
5.625501664344971e-07
6.886535430325036e-07
8.429326598635555e-07
1.031568886739366e-06
1.262204713271113e-06
1.544173195962121e-06
1.888768134309448e-06
2.309841633045260e-06
2.824273505989989e-06
3.452703701336871e-06
4.220095805460392e-06
5.157068202154698e-06
6.300871511066501e-06
7.696586520116399e-06
9.400022606481018e-06
1.147741060265537e-05
1.401114784218954e-05
1.710046321762155e-05
2.086704961188740e-05
2.545511029667999e-05
3.104574055859878e-05
3.785491117595943e-05
4.614640035190054e-05
5.624071039614403e-05
6.852070020542389e-05
8.346276988230067e-05
1.016323147131612e-04
1.237225670616918e-04
1.505670342120138e-04
1.831835210359352e-04
2.227969290492059e-04
2.708615119443976e-04
3.291935181432025e-04
3.999750891896879e-04
4.857894464976647e-04
5.897088361497243e-04
7.156536686335483e-04
8.679861279761060e-04
1.052415995755914e-03
1.275284332123057e-03
1.544762241855221e-03
1.870182202871177e-03
2.262706196499226e-03
2.735964832931210e-03
3.306421885629069e-03
3.992554371802804e-03
4.817739908419841e-03
5.809440099087276e-03
6.999878255936420e-03
8.425804901277723e-03
1.013326474324392e-02
1.217512117201323e-02
1.461259382136100e-02
1.751956435148028e-02
2.097666015419610e-02
2.508326223641623e-02
2.995301490157878e-02
3.571202427990518e-02
4.250959203865558e-02
5.051172932691399e-02
5.990603737574784e-02
7.090055303008046e-02
8.371979064474494e-02
9.861651145515828e-02
1.158527699347459e-01
1.357003915529657e-01
1.584558244149329e-01
1.843769390469666e-01
2.137197715718265e-01
2.467002886080118e-01
2.834577511928482e-01
3.240642739983539e-01
3.684657584732700e-01
4.164260969440290e-01
4.675623098269017e-01
5.212599400934494e-01
5.766877341713400e-01
6.328039943037886e-01
6.883641710666116e-01
7.420283385980694e-01
7.924284934227084e-01
8.382921569846499e-01
8.785814050780864e-01
9.126115714679287e-01
9.401098283039722e-01
9.612340986377315e-01
9.762662661905720e-01
9.863240872444953e-01
9.926541365252456e-01
9.963518032219899e-01
9.983396324862583e-01
9.993141130315795e-01
9.997454834758321e-01
9.999161664703637e-01
9.999758268232524e-01
9.999939917271938e-01
9.999987347598639e-01
9.999997785698719e-01
9.999999684720684e-01
9.999999964335834e-01
9.999999996876102e-01
9.999999999794135e-01
9.999999999990057e-01
9.999999999999667e-01
9.999999999999991e-01
1.000000000000000e+00
1.000000000000000e+00
1.000000000000000e+00
1.000000000000000e+00
1.000000000000000e+00
1.000000000000000e+00
1.000000000000000e+00
###4.000000000000001e+00
2.155493962387061e-10
2.931123308272857e-10
3.678583644260519e-10
4.579619773584658e-10
5.689257619403090e-10
7.057369467131364e-10
8.731522226266188e-10
1.078442121730014e-09
1.330366664961638e-09
1.639598590089034e-09
2.019022848362483e-09
2.484866772112287e-09
3.056639999335399e-09
3.758430043169176e-09
4.619993373504143e-09
5.676962734542398e-09
6.973826804290505e-09
8.565085265877577e-09
1.051721686205611e-08
1.291136648199648e-08
1.585174467763095e-08
1.944937893445508e-08
2.386409070042288e-08
2.927863971582125e-08
3.591343253343508e-08
4.404527456421513e-08
5.401315647681632e-08
6.622587574817222e-08
8.118808681607019e-08
9.951571826222400e-08
1.219651134591454e-07
1.494545133139880e-07
1.831208559175273e-07
2.243252129146869e-07
2.747668762637146e-07
3.364962985431216e-07
4.120353969854620e-07
5.044406148429466e-07
6.174849612775381e-07
7.557109637322298e-07
9.247692571530386e-07
1.131428720354876e-06
1.384019457167019e-06
1.692719153504394e-06
2.069886883334004e-06
2.530623128858178e-06
3.093312126965694e-06
3.780466578974024e-06
4.619278267921233e-06
5.643048393660160e-06
6.892388554363975e-06
8.416333405889408e-06
1.027562457103716e-05
1.254214341432836e-05
1.530527591341214e-05
1.867298114581705e-05
2.277716910131444e-05
2.777434748454559e-05
3.386073775790400e-05
4.127026063511813e-05
5.028827225581517e-05
6.126141430752065e-05
7.460412670036733e-05
9.083001348328892e-05
1.105495013600617e-04
1.345099798713397e-04
1.636096583623628e-04
1.989457507469571e-04
2.418335947605348e-04
2.938361316187912e-04
3.569034934925499e-04
4.333761826380072e-04
5.260221993771538e-04
6.381255168754631e-04
7.738733262664546e-04
9.379523528900990e-04
1.136397074006253e-03
1.376002807929534e-03
1.665446737372740e-03
2.014639295367551e-03
2.435410162972542e-03
2.942179027603182e-03
3.552410445741594e-03
4.285526408366575e-03
5.166185930987732e-03
6.223273130520532e-03
7.490603161090961e-03
9.006630561621723e-03
1.081950334460412e-02
1.298433913055341e-02
1.556483573734392e-02
1.863764255497781e-02
2.228608311346828e-02
2.661275297263061e-02
3.173452262970926e-02
3.778063270039694e-02
4.490356337709351e-02
5.327212673354336e-02
6.307620050399626e-02
7.452580069479332e-02
8.784527862608535e-02
1.032869242019272e-01
1.211088904812487e-01
1.415793253169026e-01
1.649842168615746e-01
1.915707800001061e-01
2.215778859239265e-01
2.552013961328956e-01
2.925556328972880e-01
3.336861495342294e-01
3.785031735338746e-01
4.267418203806053e-01
4.779883230173401e-01
5.316024264678662e-01
5.867362943070094e-01
6.423444568703246e-01
6.971944435363151e-01
7.499756071727272e-01
7.993648543076743e-01
8.441470968569211e-01
8.833456148432303e-01
9.163342663581859e-01
9.428895215873985e-01
9.632035177069647e-01
9.775692088679093e-01
9.871281304899754e-01
9.931154549494211e-01
9.965960270665757e-01
9.984578663717010e-01
9.993659570560390e-01
9.997658628595567e-01
9.999232623197425e-01
9.999779848032950e-01
9.999945197985615e-01
9.999988562587477e-01
9.999998014067251e-01
9.999999718644464e-01
9.999999968327040e-01
9.999999997238445e-01
9.999999999818788e-01
9.999999999991285e-01
9.999999999999709e-01
9.999999999999992e-01
1.000000000000000e+00
1.000000000000000e+00
1.000000000000000e+00
1.000000000000000e+00
1.000000000000000e+00
1.000000000000000e+00
1.000000000000000e+00
###4.200000000000001e+00
2.398077278573816e-10
3.231336261626392e-10
4.055887282271571e-10
5.049653191955813e-10
6.273437898590229e-10
7.781989877335798e-10
9.627743446536061e-10
1.189067142490562e-09
1.466728492753647e-09
1.807493494381177e-09
2.225528926180636e-09
2.738690347964670e-09
3.368443906323656e-09
4.141262061838877e-09
5.089871228859324e-09
6.253405962087097e-09
7.680787161865554e-09
9.431799649225393e-09
1.157955794669950e-08
1.421315767104073e-08
1.744718903604592e-08
2.140260805097284e-08
2.625589689238597e-08
3.220703313836342e-08
3.949802012036711e-08
4.843180328174245e-08
5.938043791384919e-08
7.279225481710708e-08
8.921890731066092e-08
1.093368026753923e-07
1.339725511505796e-07
1.641313737867513e-07
2.010598092634279e-07
2.462425235956979e-07
3.015441507495947e-07
3.692011503352692e-07
4.519689377159363e-07
5.531962887817151e-07
6.769949578013513e-07
8.283325371344742e-07
1.013358162365151e-06
1.239481980630178e-06
1.515789130755422e-06
1.853343904941615e-06
2.265661237681167e-06
2.769175806962963e-06
3.383886608979133e-06
4.134321442428448e-06
5.050058219014734e-06
6.167314333252689e-06
7.530185250977364e-06
9.192046987690875e-06
1.121887240775895e-05
1.368859829893551e-05
1.669819923737202e-05
2.036458890733234e-05
2.483092735081624e-05
3.026671514282450e-05
3.688429402370672e-05
4.493668502873786e-05
5.473219956494717e-05
6.664526059365806e-05
8.112371342263407e-05
9.872091935824083e-05
1.200942888691916e-04
1.460500932973699e-04
1.775535443372448e-04
2.157860788125150e-04
2.621587878418743e-04
3.183490616719484e-04
3.864481273650152e-04
4.689631556351379e-04
5.688562213197057e-04
6.896333975879459e-04
8.357626948427859e-04
1.012267608274968e-03
1.225526424694567e-03
1.482805336469972e-03
1.793310696961676e-03
2.167553804512307e-03
2.618058168142252e-03
3.160063424730560e-03
3.812066782716237e-03
4.594469741099626e-03
5.533251797506526e-03
6.658761330060386e-03
8.006447337635026e-03
9.616506782987609e-03
1.153923790490466e-02
1.383205418076069e-02
1.656116169799639e-02
1.980601363361494e-02
2.365263754861347e-02
2.820685077767840e-02
3.358873926736385e-02
3.993062378771834e-02
4.738809846657096e-02
5.613266327509091e-02
6.635633177450231e-02
7.827085788790231e-02
9.210021000361683e-02
1.080958949824342e-01
1.265118022519812e-01
1.476120597922543e-01
1.716718054477814e-01
1.989270661592690e-01
2.295993691596216e-01
2.638641806400759e-01
3.018108261289034e-01
3.434580743342548e-01
3.886816663673359e-01
4.371878649606341e-01
4.885330319982665e-01
5.420520992474848e-01
5.968815204281736e-01
6.519726286089974e-01
7.061051768362553e-01
7.579972838237605e-01
8.063698013808573e-01
8.500636363190164e-01
8.881624443602643e-01
9.200984359307246e-01
9.456981627330813e-01
9.651898684459800e-01
9.788830660482251e-01
9.879396769187967e-01
9.935816125783755e-01
9.968431138355388e-01
9.985776513226799e-01
9.994185619612638e-01
9.997865774693592e-01
9.999304890368822e-01
9.999801870268811e-01
9.999951127890404e-01
9.999989849163430e-01
9.999998248786782e-01
9.999999753454952e-01
9.999999972518758e-01
9.999999997601722e-01
9.999999999849351e-01
9.999999999991225e-01
1.000000000000016e+00
9.999999999999878e-01
1.000000000000003e+00
9.999999999999991e-01
1.000000000000000e+00
9.999999999999999e-01
1.000000000000000e+00
1.000000000000000e+00
1.000000000000000e+00
###4.400000000000001e+00
2.662343116316470e-10
3.559008484975102e-10
4.467686058694880e-10
5.562615632232456e-10
6.910912974002994e-10
8.572635251022051e-10
1.060549011942926e-09
1.309741439228159e-09
1.615450859932528e-09
1.990577973466729e-09
2.450678120410088e-09
3.015376426340909e-09
3.708266935562097e-09
4.558412131588321e-09
5.601764467903754e-09
6.881254641320496e-09
8.450598369205330e-09
1.037539110463926e-08
1.273586038739592e-08
1.562968193681278e-08
1.918291159167914e-08
2.352705860683119e-08
2.885670836707564e-08
3.539032885409730e-08
4.339364813603632e-08
5.319790152746193e-08
6.521057302929564e-08
7.992254061746574e-08
9.793740536864746e-08
1.199952444141420e-07
1.469999594566922e-07
1.800510443806893e-07
2.205115510116738e-07
2.700012314981690e-07
3.305617423107490e-07
4.046305112177526e-07
4.952159426867840e-07
6.059795293327466e-07
7.413989037015887e-07
9.068969123628570e-07
1.109166349925247e-06
1.356297154232310e-06
1.658190089089910e-06
2.026867531817490e-06
2.477080023064928e-06
3.026683703645123e-06
3.697425628218865e-06
4.515987027821594e-06
5.514502225182613e-06
6.732317823075689e-06
8.217242781057127e-06
1.002730402012358e-05
1.223403714087795e-05
1.492191506720334e-05
1.819597333471022e-05
2.218264781817755e-05
2.703712286210728e-05
3.294272124387893e-05
4.012894941090792e-05
4.886948216645183e-05
5.949598850307866e-05
7.241343136399880e-05
8.810418811224728e-05
1.071655890499590e-04
1.303026130226734e-04
1.583849014283272e-04
1.924483708414367e-04
2.337632067932310e-04
2.838417686255641e-04
3.444818958802634e-04
4.179233943582835e-04
5.068464819759323e-04
6.144237047827620e-04
7.443873535627033e-04
9.015025083314784e-04
1.091142736572191e-03
1.320048777291162e-03
1.595993640821826e-03
1.928684000041511e-03
2.329306760193702e-03
2.811089227333246e-03
3.390122269086540e-03
4.085968687126848e-03
4.920043958332346e-03
5.919687911477396e-03
7.116755282608411e-03
8.548371080174632e-03
1.025651286057686e-02
1.229367575237990e-02
1.471960980993176e-02
1.760305864850919e-02
2.102631305908082e-02
2.507810990902543e-02
2.986749247663869e-02
3.551774667320418e-02
4.216421476856456e-02
4.996553321459724e-02
5.909576968967818e-02
6.974892208439147e-02
8.213823720986776e-02
9.648706326930138e-02
1.130458042984972e-01
1.320638220822003e-01
1.538005254473942e-01
1.785201274240998e-01
2.064468314624312e-01
2.377845922309536e-01
2.726881766417804e-01
3.112218169863496e-01
3.533773047767819e-01
3.989968882585008e-01
4.477579922452157e-01
4.991879577026085e-01
5.525978630131189e-01
6.071093499766558e-01
6.616709679202990e-01
7.150758170684797e-01
7.660697966052286e-01
8.134173939881723e-01
8.560145938163584e-01
8.930049253041829e-01
9.238789268728013e-01
9.485138794789887e-01
9.671755248589518e-01
9.801943164254109e-01
9.887489751547879e-01
9.940461161725410e-01
9.970891102353607e-01
9.986967934115710e-01
9.994708320720095e-01
9.998071373673364e-01
9.999376534473795e-01
9.999823680399693e-01
9.999956928959696e-01
9.999991099315247e-01
9.999998481037704e-01
9.999999788027365e-01
9.999999976618611e-01
9.999999997972223e-01
9.999999999875945e-01
9.999999999992213e-01
1.000000000000029e+00
9.999999999999852e-01
1.000000000000004e+00
9.999999999999989e-01
1.000000000000000e+00
9.999999999999999e-01
1.000000000000000e+00
1.000000000000000e+00
1.000000000000000e+00
###4.600000000000001e+00
2.950015724824753e-10
3.916303045639899e-10
4.916710067326781e-10
6.121901347876389e-10
7.605867778678961e-10
9.434515349943694e-10
1.167116300285913e-09
1.441245590061685e-09
1.777503138699820e-09
2.190040069153476e-09
2.695924555028442e-09
3.316702752251284e-09
4.078281500490477e-09
5.012532535516131e-09
6.158909513249681e-09
7.564459361242140e-09
9.288092050809933e-09
1.140171886623082e-08
1.399325890184165e-08
1.716969123895239e-08
2.106948300377103e-08
2.583557984832533e-08
3.168214566139210e-08
3.884773613726654e-08
4.762353939151189e-08
5.837157813768063e-08
7.153755795931881e-08
8.765827376648313e-08
1.073936235047690e-07
1.315521410286291e-07
1.611215245582614e-07
1.973026570481160e-07
2.415833308189997e-07
2.957320563379147e-07
3.619775588284455e-07
4.429743629078291e-07
5.420078642892693e-07
6.630700316986664e-07
8.110348231163561e-07
9.918142076168388e-07
1.212686502281087e-06
1.482470076265394e-06
1.811932133781871e-06
2.214153782439738e-06
2.705178336880469e-06
3.304399502451702e-06
4.035413897484108e-06
4.927269866481743e-06
6.014781025079001e-06
7.340667343074709e-06
8.956712013577213e-06
1.092586881491661e-05
1.332556340880003e-05
1.624749731986906e-05
1.980504297740572e-05
2.413489096339573e-05
2.940499539411927e-05
3.581339559098367e-05
4.360786079011045e-05
5.308402075112633e-05
6.459839146693643e-05
7.858811336069807e-05
9.557237315934927e-05
1.161944759812554e-04
1.412115404621337e-04
1.715582904547860e-04
2.083460227590540e-04
2.529384058277954e-04
3.069547839475094e-04
3.723196913746137e-04
4.514292732056998e-04
5.471455485275060e-04
6.628621703759566e-04
8.025482474393790e-04
9.712803883851805e-04
1.174796621232527e-03
1.420219431285664e-03
1.715848911002003e-03
2.071908343157379e-03
2.500292426525795e-03
3.014957168243062e-03
3.632876320453770e-03
4.374697318542743e-03
5.262928821119599e-03
6.326266764681288e-03
7.598129577463994e-03
9.117360542296843e-03
1.092775565987554e-02
1.308405325563156e-02
1.564837966625857e-02
1.869204424428123e-02
2.230020685944017e-02
2.656431607423459e-02
3.159664193050406e-02
3.752364980269267e-02
4.448363995267683e-02
5.263821216061894e-02
6.216387384190705e-02
7.325644470339780e-02
8.613041403927003e-02
1.010082555991095e-01
1.181389414616662e-01
1.377670097227338e-01
1.601464830564030e-01
1.855305027691415e-01
2.141308362045270e-01
2.461335934772035e-01
2.816725251512340e-01
3.207866424272011e-01
3.634405921523232e-01
4.094439683274607e-01
4.584454513568348e-01
5.099441693229053e-01
5.632283017093552e-01
6.174056077987301e-01
6.714215929171918e-01
7.240864167321578e-01
7.741706968019509e-01
8.204833379272581e-01
8.619749054679993e-01
8.978485486079270e-01
9.276533366164882e-01
9.513173409750243e-01
9.691451258300111e-01
9.814912954947822e-01
9.895477219992739e-01
9.945034923070126e-01
9.973307192523141e-01
9.988134775506036e-01
9.995218675342162e-01
9.998271446962137e-01
9.999446001250720e-01
9.999844747497368e-01
9.999962474187319e-01
9.999992326102077e-01
9.999998702082887e-01
9.999999820990116e-01
9.999999980450844e-01
9.999999998334386e-01
9.999999999896536e-01
9.999999999994469e-01
1.000000000000001e+00
9.999999999999951e-01
1.000000000000001e+00
9.999999999999997e-01
1.000000000000000e+00
1.000000000000000e+00
1.000000000000000e+00
1.000000000000000e+00
1.000000000000000e+00
###4.800000000000002e+00
3.262936820871377e-10
4.305546892144642e-10
5.405875750357095e-10
6.731138486565377e-10
8.362820831706217e-10
1.037319387086739e-09
1.283164750537504e-09
1.584427777166896e-09
1.953919951840279e-09
2.407147749804536e-09
2.962819895267106e-09
3.644566608635963e-09
4.480804740969431e-09
5.506451627570641e-09
6.764756833634453e-09
8.307226599468464e-09
1.019839880345019e-08
1.251702509120184e-08
1.535935244520566e-08
1.884243181805700e-08
2.311815620961063e-08
2.834187279375104e-08
3.474882851832029e-08
4.259967110034168e-08
5.221221613761852e-08
6.398259675187655e-08
7.839751769017562e-08
9.604336867862584e-08
1.176407053534442e-07
1.440720108960044e-07
1.764153071690956e-07
2.159807655170071e-07
2.643906246889544e-07
3.235735560259534e-07
3.959581052479684e-07
4.844373736363398e-07
5.925897508536362e-07
7.247600559078516e-07
8.862596836989993e-07
1.083515729052288e-06
1.324439516339205e-06
1.618628918606401e-06
1.977781979159823e-06
2.416114818602979e-06
2.951062639715536e-06
3.603641143902767e-06
4.399460336599333e-06
5.370058495423558e-06
6.553168998627534e-06
7.995118175701767e-06
9.751942692671256e-06
1.189171528642561e-05
1.449829102583706e-05
1.767100410565601e-05
2.153220486635816e-05
2.622944078415704e-05
3.194424485396938e-05
3.889031120341025e-05
4.733482382321892e-05
5.759666388139599e-05
7.005929174237913e-05
8.519254358187493e-05
1.035559050370629e-04
1.258407845562033e-04
1.528598120123502e-04
1.856161020664980e-04
2.253006630505098e-04
2.733755962664909e-04
3.315731565211355e-04
4.019510683975194e-04
4.870698744360834e-04
5.899829191662525e-04
7.143146091945115e-04
8.642831720203048e-04
1.045290656871604e-03
1.263451850631354e-03
1.526301893583375e-03
1.842673323117304e-03
2.223336885602032e-03
2.680918093705909e-03
3.230130333030882e-03
3.888861946451430e-03
4.678810045039656e-03
5.623822860462017e-03
6.753782302620278e-03
8.103782221301007e-03
9.714427206495983e-03
1.163136904163346e-02
1.391163515855064e-02
1.661976674080501e-02
1.982966582865146e-02
2.362939031300906e-02
2.811309969698797e-02
3.339628793747036e-02
3.960857406896156e-02
4.689114746621496e-02
5.540848445833892e-02
6.533939592141443e-02
7.688134945481488e-02
9.024981981120163e-02
1.056661350746774e-01
1.233774956656891e-01
1.436232904552717e-01
1.666515134818090e-01
1.927040244446280e-01
2.219795585512365e-01
2.546460721726074e-01
2.908159706232467e-01
3.305028916884674e-01
3.736439926704889e-01
4.200175305983370e-01
4.692430036853062e-01
5.207923184153619e-01
5.739317210988653e-01
6.277560757722453e-01
6.812090800883154e-01
7.331177145231826e-01
7.822786521269451e-01
8.275449246511670e-01
8.679215033914696e-01
9.026711012461447e-01
9.314013825709322e-01
9.540915523125125e-01
9.710853946425103e-01
9.827640290669568e-01
9.903289432023816e-01
9.949492074047211e-01
9.975652255405335e-01
9.989262422852444e-01
9.995709543482939e-01
9.998462892126079e-01
9.999512097940236e-01
9.999864671646893e-01
9.999967665840461e-01
9.999993466058386e-01
9.999998907254903e-01
9.999999851270811e-01
9.999999983961692e-01
9.999999998656803e-01
9.999999999916638e-01
9.999999999995939e-01
9.999999999999925e-01
9.999999999999986e-01
1.000000000000000e+00
9.999999999999999e-01
1.000000000000000e+00
1.000000000000000e+00
1.000000000000000e+00
1.000000000000000e+00
1.000000000000000e+00
###5.000000000000002e+00
3.603072525611253e-10
4.729219128847851e-10
5.938297014977680e-10
7.394199454945100e-10
9.186578787531479e-10
1.139461016417393e-09
1.409426273714347e-09
1.740189015944480e-09
2.145801050652155e-09
2.643253581453256e-09
3.253018995515054e-09
4.000990619629372e-09
4.918306796988735e-09
6.043183817207850e-09
7.422982999978031e-09
9.114037351543522e-09
1.118697714709434e-08
1.372795595280206e-08
1.684222973053180e-08
2.065776589281988e-08
2.534090173300088e-08
3.106059027279059e-08
3.807442779813274e-08
4.666732808674720e-08
5.718573479045435e-08
7.006257719015003e-08
8.582881525096998e-08
1.051243231912958e-07
1.287350520360531e-07
1.576232019267441e-07
1.929641036994166e-07
2.361856244347633e-07
2.890547881716972e-07
3.536725522961082e-07
4.326825023028683e-07
5.292342023002892e-07
6.472209851808732e-07
7.913668611884258e-07
9.674491886345278e-07
1.182456415888572e-06
1.444975876560064e-06
1.765437324360188e-06
2.156539233933140e-06
2.633713578180378e-06
3.215880686326947e-06
3.925788960771097e-06
4.791245133676758e-06
5.846395942479277e-06
7.132106642336035e-06
8.698526652975274e-06
1.060635378942059e-05
1.292905446642041e-05
1.575721027627122e-05
1.919832126028470e-05
2.338445763831463e-05
2.847482436626170e-05
3.466505016031288e-05
4.218560668578272e-05
5.132430109442921e-05
6.242463032483642e-05
7.589869755954002e-05
9.225104233661895e-05
1.120836390220801e-04
1.361388348724580e-04
1.652879182875135e-04
2.006062133683392e-04
2.433688249098730e-04
2.951414525281542e-04
3.577754044139718e-04
4.334683463826480e-04
5.249535818647124e-04
6.354856139122898e-04
7.689290828155845e-04
9.297657145081642e-04
1.123736359350854e-03
1.357348293197283e-03
1.638569276539402e-03
1.976783339135374e-03
2.383335088877778e-03
2.871604908063774e-03
3.457092598319258e-03
4.158633187951409e-03
4.999014105569212e-03
6.003446233471537e-03
7.203051433868022e-03
8.634635981690723e-03
1.034057843629893e-02
1.236854935572256e-02
1.477771551137449e-02
1.763520381263713e-02
2.101750053873320e-02
2.501558763970367e-02
2.972633142194100e-02
3.526844285919751e-02
4.177466326633713e-02
4.938899631582951e-02
5.827869988234363e-02
6.862474311820199e-02
8.062605459350917e-02
9.449860979329534e-02
1.104629685972684e-01
1.287635451759884e-01
1.496344432296615e-01
1.733170059137666e-01
2.000415467046413e-01
2.299931826381854e-01
2.633213768229699e-01
3.001168498865843e-01
3.403676874984295e-01
3.839825942450272e-01
4.307116734236501e-01
4.801429224391015e-01
5.317226379263992e-01
5.846950706144273e-01
6.381464766847242e-01
6.910168175159254e-01
7.421513573962484e-01
7.903733900127364e-01
8.345809376897452e-01
8.738331904499924e-01
9.074525000261009e-01
9.351051512852214e-01
9.568216661606034e-01
9.729849709903550e-01
9.840043264185636e-01
9.910868881102324e-01
9.953795903756734e-01
9.977904884893859e-01
9.990339509856130e-01
9.996175513796098e-01
9.998643412276973e-01
9.999573963851339e-01
9.999883173192584e-01
9.999972435487151e-01
9.999994503130677e-01
9.999999092737830e-01
9.999999878327170e-01
9.999999987073146e-01
9.999999998936425e-01
9.999999999934654e-01
9.999999999996988e-01
9.999999999999917e-01
9.999999999999997e-01
1.000000000000000e+00
1.000000000000000e+00
1.000000000000000e+00
1.000000000000000e+00
1.000000000000000e+00
1.000000000000000e+00
1.000000000000000e+00
###5.200000000000002e+00
3.972517976406960e-10
5.189962958000115e-10
6.517296517916212e-10
8.115215975843661e-10
1.008226673198263e-09
1.250510050792629e-09
1.546681545637460e-09
1.909488798405739e-09
2.354327410366168e-09
2.899799564103578e-09
3.568285715748641e-09
4.388130187818895e-09
5.393419379152706e-09
6.625939931090755e-09
8.137503240881586e-09
9.989662328257895e-09
1.225963703811773e-08
1.504158368736303e-08
1.845049573256672e-08
2.262613825697270e-08
2.775044757154546e-08
3.400706126616192e-08
4.167771994626550e-08
5.107350686598441e-08
6.257176664018989e-08
7.664509147112306e-08
9.387216839605329e-08
1.149505030933640e-07
1.407364900216440e-07
1.722781899839505e-07
2.108556820409889e-07
2.580234761046395e-07
3.157043814896547e-07
3.861845332565944e-07
4.723387382371330e-07
5.775920254783848e-07
7.061759990632869e-07
8.632217526687955e-07
1.055006053134318e-06
1.289118012187228e-06
1.574877063508432e-06
1.923596012795416e-06
2.349047833153392e-06
2.867965813990610e-06
3.500834600699783e-06
4.272331196550796e-06
5.212534131552643e-06
6.358403002283912e-06
7.754146371147730e-06
9.453984646859339e-06
1.152360453114685e-05
1.404221015379391e-05
1.710756616684588e-05
2.083583841166295e-05
2.536942038972790e-05
3.088013155918177e-05
3.757826647447017e-05
4.571223095558496e-05
5.559144837795938e-05
6.758551322875398e-05
8.213803943449902e-05
9.978905240439570e-05
1.211857488963049e-04
1.471243733953365e-04
1.785381583413694e-04
2.165799930931370e-04
2.626094929960614e-04
3.183045101521648e-04
3.856433352425159e-04
4.669676534318816e-04
5.651931740560796e-04
6.837856984491376e-04
8.268578967448450e-04
9.991761126829286e-04
1.206827463714792e-03
1.456734084537170e-03
1.757304662066797e-03
2.118506577238690e-03
2.552280973407780e-03
3.072788086244239e-03
3.696343544773658e-03
4.442761771719791e-03
5.335961187379519e-03
6.402540292839628e-03
7.674914211496912e-03
9.191636390420515e-03
1.099676275394746e-02
1.314045341258850e-02
1.568361583143655e-02
1.869615176415359e-02
2.225715369054329e-02
2.646055026520063e-02
3.140590693292591e-02
3.721514042042480e-02
4.402407705899165e-02
5.197945358084086e-02
6.125120592770970e-02
7.202230680046645e-02
8.449294769447227e-02
9.887959777140491e-02
1.154009456724305e-01
1.342990545145177e-01
1.558020966683134e-01
1.801441536297196e-01
2.075436822878531e-01
2.381715971749091e-01
2.721585083514429e-01
3.095731026402323e-01
3.503777225756969e-01
3.944527163924575e-01
4.415200324814205e-01
4.911370454220716e-01
5.427250045558679e-01
5.955072731523352e-01
6.485625320984582e-01
7.008285071376946e-01
7.511701832515230e-01
7.984357120654744e-01
8.415716049072515e-01
8.796905469559594e-01
9.121746660322987e-01
9.387488419360013e-01
9.594948154164116e-01
9.748341862564439e-01
9.852052861264021e-01
9.918169151032241e-01
9.957917567602590e-01
9.980048687092304e-01
9.991357594537408e-01
9.996612693486404e-01
9.998811402179593e-01
9.999631031438121e-01
9.999900077931009e-01
9.999976742890072e-01
9.999995428817043e-01
9.999999256662939e-01
9.999999901920810e-01
9.999999989754029e-01
9.999999999172713e-01
9.999999999949972e-01
9.999999999997775e-01
9.999999999999931e-01
9.999999999999999e-01
1.000000000000000e+00
1.000000000000000e+00
1.000000000000000e+00
1.000000000000000e+00
1.000000000000000e+00
1.000000000000000e+00
1.000000000000000e+00
###5.400000000000002e+00
4.373499457690715e-10
5.690597441514466e-10
7.146417943020981e-10
8.898594470070186e-10
1.105535716224324e-09
1.371142032875576e-09
1.695762877897154e-09
2.093349914616414e-09
2.580754132902627e-09
3.178322266115518e-09
3.910499251626830e-09
4.808281157581184e-09
5.908945062820106e-09
7.258138492299906e-09
8.912485058918217e-09
1.093917840346009e-08
1.342255973426985e-08
1.646543055484080e-08
2.019330044415688e-08
2.475865800728609e-08
3.036032012092488e-08
3.719771081197799e-08
4.557864883166207e-08
5.584241845556412e-08
6.839968740228641e-08
8.376576910561032e-08
1.025707774565075e-07
1.255742681886244e-07
1.537084542567069e-07
1.881137988417422e-07
2.301830471153475e-07
2.816068634855256e-07
3.444755507380921e-07
4.212741018256141e-07
5.151257541093929e-07
6.297511746004709e-07
7.697449891161455e-07
9.406752614857624e-07
1.149353366403085e-06
1.404012265262406e-06
1.714757136195614e-06
2.093844693385969e-06
2.556198343383998e-06
3.119943081225163e-06
3.807237268297396e-06
4.644816725220547e-06
5.665187896153544e-06
6.908313207120678e-06
8.421967666795735e-06
1.026471345570945e-05
1.250748762383766e-05
1.523578985276632e-05
1.855487072163374e-05
2.259014485420219e-05
2.749499318317116e-05
3.345463458672799e-05
4.069494284944676e-05
4.948333538616205e-05
6.015242259044192e-05
7.309858340222255e-05
8.879974515463964e-05
1.078333012868274e-04
1.308937793148473e-04
1.588347498249180e-04
1.926547049325503e-04
2.335883734366093e-04
2.830845502934041e-04
3.429383412513251e-04
4.152621615686075e-04
5.025490574027966e-04
6.079059745413952e-04
7.350204836626301e-04
8.882645662780077e-04
1.072701488781833e-03
1.294781752940777e-03
1.561858115033449e-03
1.882801191901841e-03
2.268182032240937e-03
2.730565367152626e-03
3.284917184199001e-03
3.948398730883236e-03
4.741837128717432e-03
5.690322541717710e-03
6.821867903367695e-03
8.170232580700600e-03
9.775754841881937e-03
1.168422841159603e-02
1.394829012494092e-02
1.663068611034072e-02
1.980410057659310e-02
2.355025912449530e-02
2.796605672483995e-02
3.315374631871133e-02
3.923843447260095e-02
4.635898903993237e-02
5.466479167165027e-02
6.432834402008794e-02
7.553445759551920e-02
8.848437747867803e-02
1.033947608148072e-01
1.204821662895017e-01
1.399858650140052e-01
1.621277191132003e-01
1.871339445764130e-01
2.152107865169521e-01
2.465143879110908e-01
2.811561148082315e-01
3.191822695945158e-01
3.605292588175164e-01
4.050491548670749e-01
4.524358079496452e-01
5.022168014538348e-01
5.537889840062761e-01
6.063561687539600e-01
6.589900211494893e-01
7.106281626830077e-01
7.601554647290564e-01
8.064473921662868e-01
8.484985136066627e-01
8.854758184974748e-01
9.168213853465718e-01
9.423185723859442e-01
9.620999628496546e-01
9.766250121320197e-01
9.863613221155044e-01
9.925153801379880e-01
9.961835166042009e-01
9.982071724750028e-01
9.992310817064718e-01
9.997018530453761e-01
9.998965894370676e-01
9.999682984042231e-01
9.999915298084366e-01
9.999980572194247e-01
9.999996240881102e-01
9.999999398645920e-01
9.999999922051013e-01
9.999999992007378e-01
9.999999999367526e-01
9.999999999962502e-01
9.999999999998376e-01
9.999999999999949e-01
1.000000000000000e+00
1.000000000000000e+00
1.000000000000000e+00
1.000000000000000e+00
1.000000000000000e+00
1.000000000000000e+00
1.000000000000000e+00
1.000000000000000e+00
###5.600000000000002e+00
4.808412649049150e-10
6.234126870053020e-10
7.829438687988957e-10
9.749031508591094e-10
1.211166090242788e-09
1.502076918262146e-09
1.857557139104297e-09
2.292862041465886e-09
2.826417604809884e-09
3.480458172591291e-09
4.281660606436081e-09
5.263887684388261e-09
6.467866840316002e-09
7.943417254400983e-09
9.752362202067222e-09
1.196798549647193e-08
1.468231820037920e-08
1.800749349356448e-08
2.208036876590599e-08
2.706715890463595e-08
3.318488600564935e-08
4.064998180686948e-08
4.979838832304727e-08
6.099975971456608e-08
7.470066659209106e-08
9.146240416206805e-08
1.119704535984463e-07
1.370511258653490e-07
1.677181725552053e-07
2.052114200352133e-07
2.510447060758741e-07
3.070549452956732e-07
3.755123673845015e-07
4.591154225388295e-07
5.612539773415556e-07
6.859657717334174e-07
8.382347092652946e-07
1.024098575454135e-06
1.250938623193645e-06
1.527677734312209e-06
1.865264247481017e-06
2.276963841155481e-06
2.778930055418666e-06
3.390775206207719e-06
4.136458194656008e-06
5.044877318883338e-06
6.151165605837321e-06
7.498477437314570e-06
9.138389540876106e-06
1.113409088456024e-05
1.356209754423451e-05
1.651461973948012e-05
2.010491249459411e-05
2.446815700934030e-05
2.976943325536500e-05
3.620815554630542e-05
4.402678372319753e-05
5.351285578586069e-05
6.502361011253953e-05
7.898369545513449e-05
9.590673171809586e-05
1.164119329309943e-04
1.412407019986849e-04
1.713089773912199e-04
2.076836649331858e-04
2.516855125142211e-04
3.048594889533959e-04
3.691199529236409e-04
4.467204269517198e-04
5.403167142051886e-04
6.532136387683375e-04
7.893326928095663e-04
9.533157297658917e-04
1.150536046299643e-03
1.387825046372686e-03
1.672982521874884e-03
2.015362323314970e-03
2.426160338972961e-03
2.918592174137387e-03
3.508456168707900e-03
4.213775571640883e-03
5.056471668460550e-03
6.062789264029415e-03
7.262213568102619e-03
8.689892647726911e-03
1.038798892963843e-02
1.240411027567788e-02
1.479330494994904e-02
1.762030537489135e-02
2.096056920560377e-02
2.489847870236282e-02
2.953391167241309e-02
3.497179253406850e-02
4.134039679606160e-02
4.878158373245849e-02
5.744728437015483e-02
6.751244432989342e-02
7.916353867812058e-02
9.260264376913206e-02
1.080462913454222e-01
1.257086264951362e-01
1.458256822593555e-01
1.686126055986520e-01
1.942871488094387e-01
2.230429537014728e-01
2.550208263863556e-01
2.903124814556544e-01
3.289414845301805e-01
3.708181165508351e-01
4.157662492887643e-01
4.634517487931424e-01
5.133732157658575e-01
5.649038295479297e-01
6.172291976569337e-01
6.694147658576777e-01
7.204001147743599e-01
7.690905636006676e-01
8.143911669129189e-01
8.553445585015326e-01
8.911728329639029e-01
9.213781991825759e-01
9.458022519132285e-01
9.646277597935606e-01
9.783508765907213e-01
9.874680379578435e-01
9.931795341492344e-01
9.965533007377214e-01
9.983965977180072e-01
9.993195556474394e-01
9.997391620496344e-01
9.999106442373141e-01
9.999729713698553e-01
9.999928819805758e-01
9.999983927412425e-01
9.999996941979062e-01
9.999999519418850e-01
9.999999938887877e-01
9.999999993859598e-01
9.999999999524474e-01
9.999999999972436e-01
9.999999999998832e-01
9.999999999999966e-01
1.000000000000000e+00
1.000000000000000e+00
1.000000000000000e+00
1.000000000000000e+00
1.000000000000000e+00
1.000000000000000e+00
1.000000000000000e+00
1.000000000000000e+00
###5.800000000000002e+00
5.279796898872932e-10
6.823752602344912e-10
8.570383431115513e-10
1.067153079709798e-09
1.325738010364218e-09
1.644081483453200e-09
2.033008847590686e-09
2.509185504732757e-09
3.092740626406880e-09
3.807949267815646e-09
4.683899370411445e-09
5.757550442411208e-09
7.073358040837258e-09
8.685645248949531e-09
1.066184922909634e-08
1.308182416671715e-08
1.604589831914328e-08
1.967626969816732e-08
2.412203130530211e-08
2.956419432410574e-08
3.623939926045461e-08
4.438238858359746e-08
5.435940670235028e-08
6.657279067351625e-08
8.150776030202987e-08
9.977506649176730e-08
1.221197520835862e-07
1.494398906619235e-07
1.828368563090711e-07
2.236572410951566e-07
2.735449266769753e-07
3.344938214401649e-07
4.089672839697751e-07
4.998926867730086e-07
6.109466826476619e-07
7.465043870978441e-07
9.119692465137568e-07
1.113881299063198e-06
1.360237647967437e-06
1.660682242948676e-06
2.027082206259661e-06
2.473776518290108e-06
3.018233128293471e-06
3.681652728127602e-06
4.489919110122102e-06
5.474231128776423e-06
6.672529209605151e-06
8.131368887447824e-06
9.906376408986430e-06
1.206566772845156e-05
1.469169567270835e-05
1.788372948884486e-05
2.176376707540598e-05
2.647713148609271e-05
3.220139979703252e-05
3.915098335788520e-05
4.758604318405093e-05
5.781537264857899e-05
7.022235935422680e-05
8.526151907879676e-05
1.034840235696149e-04
1.255536599033973e-04
1.522609506765521e-04
1.845877812693765e-04
2.236742382354683e-04
2.709278056517865e-04
3.279992954307777e-04
3.969258456146430e-04
4.801096355642976e-04
5.803786139101891e-04
7.012416120283512e-04
8.468705326139161e-04
1.022184333568679e-03
1.232881196499270e-03
1.486191380398428e-03
1.790378764822156e-03
2.155302064983973e-03
2.592804008481861e-03
3.116778630440860e-03
3.743883490518249e-03
4.493034696133100e-03
5.387310174051974e-03
6.454082395960412e-03
7.724383506810781e-03
9.234804045838549e-03
1.102936093213570e-02
1.315752433689093e-02
1.567677013267773e-02
1.865388023641356e-02
2.216710403199366e-02
2.630350069622136e-02
3.116594400916421e-02
3.686200919583951e-02
4.352311447027099e-02
5.129405346197105e-02
6.032920315830151e-02
7.080582158828444e-02
8.291186113332538e-02
9.684999382840680e-02
1.128363036986526e-01
1.310822149380956e-01
1.518200695423396e-01
1.752578704902860e-01
2.016043110002399e-01
2.310400066615352e-01
2.636898643203714e-01
2.996255275242294e-01
3.388474746973917e-01
3.812396800193177e-01
4.265978943027908e-01
4.745601716841127e-01
5.245969355300344e-01
5.760585139491760e-01
6.281136799881574e-01
6.798226665315064e-01
7.301290483705747e-01
7.779594777957798e-01
8.222507535015807e-01
8.620939138485043e-01
8.967669392928806e-01
9.258323112871599e-01
9.491894587680703e-01
9.670704120453013e-01
9.800065425626360e-01
9.885221093860046e-01
9.938074256287280e-01
9.969000864404294e-01
9.985726830939680e-01
9.994010102325226e-01
9.997731520879060e-01
9.999233027077644e-01
9.999771279235330e-01
9.999940685135561e-01
9.999986827817334e-01
9.999997538349843e-01
9.999999620448414e-01
9.999999952714402e-01
9.999999995351351e-01
9.999999999648197e-01
9.999999999980107e-01
9.999999999999175e-01
9.999999999999978e-01
1.000000000000000e+00
1.000000000000000e+00
1.000000000000000e+00
1.000000000000000e+00
1.000000000000000e+00
1.000000000000000e+00
1.000000000000000e+00
1.000000000000000e+00
###6.000000000000003e+00
5.790355888108012e-10
7.462883168722016e-10
9.373537677087961e-10
1.167142001581678e-09
1.449911805241303e-09
1.797972143201579e-09
2.223123379620959e-09
2.743555176807188e-09
3.381227452507929e-09
4.162648856223505e-09
5.119480807268966e-09
6.292035269345057e-09
7.728792779205552e-09
9.488935406242341e-09
1.164595678802310e-08
1.428679409310501e-08
1.752072111758329e-08
2.148078336266957e-08
2.632925662114658e-08
3.226308939085669e-08
3.954004816118689e-08
4.841457325311811e-08
5.928553414446043e-08
7.259041555783786e-08
8.885600840188659e-08
1.087462182768204e-07
1.330701119468792e-07
1.628028515767686e-07
1.991399007945092e-07
2.435424852983341e-07
2.977940383847883e-07
3.640568771262141e-07
4.450014995271231e-07
5.438006270768864e-07
6.644422039489436e-07
8.116507539340596e-07
9.912908232544188e-07
1.210436056896591e-06
1.477742118404213e-06
1.803624705252030e-06
2.200932007999475e-06
2.685150236624328e-06
3.275150795418064e-06
3.993829536006791e-06
4.869123917554270e-06
5.934686179450744e-06
7.231447756261297e-06
8.809588138984588e-06
1.072904410638703e-05
1.306317457386719e-05
1.590074533121857e-05
1.934852985982527e-05
2.353780927703600e-05
2.862467795567633e-05
3.479996760968181e-05
4.229379780380282e-05
5.138542668627575e-05
6.240598996023831e-05
7.576680345198456e-05
9.195366989519061e-05
1.115573722031434e-04
1.352887475755531e-04
1.639904678237840e-04
1.987136507556673e-04
2.406755885715467e-04
2.913733846394546e-04
3.525730895826798e-04
4.264355771539010e-04
5.155270067296207e-04
6.228462461247703e-04
7.521235278062539e-04
9.077878888510339e-04
1.095049817967006e-03
1.319945763214643e-03
1.590123229956032e-03
1.914327864497441e-03
2.302945232137018e-03
2.768487667433291e-03
3.325544063845072e-03
3.991694153000295e-03
4.786744258052818e-03
5.734972100831890e-03
6.864969941220556e-03
8.209206625882129e-03
9.805900187125540e-03
1.170091817413175e-02
1.394563903328795e-02
1.659998474982694e-02
1.973284464881710e-02
2.342527835560074e-02
2.776703895191222e-02
3.286400565713329e-02
3.882637888173911e-02
4.578868761743218e-02
5.389859544928679e-02
6.331281357915967e-02
7.421077065406133e-02
8.678169862714680e-02
1.012286161217031e-01
1.177668270428569e-01
1.366047049004675e-01
1.579704393506017e-01
1.820644384597248e-01
2.090857418106883e-01
2.392014887861806e-01
2.725201273913104e-01
3.090928026837109e-01
3.488965611965145e-01
3.917889029394059e-01
4.375375510344818e-01
4.857529800487589e-01
5.358782555283785e-01
5.872417622610041e-01
6.389968491660847e-01
6.901997363563253e-01
7.397999981013662e-01
7.867468571944215e-01
8.300108390879676e-01
8.687319977215011e-01
9.022449435360833e-01
9.301724955253360e-01
9.524713387529545e-01
9.694215650847217e-01
9.815879826361761e-01
9.895211738228974e-01
9.943978077340172e-01
9.972233250357051e-01
9.987352589378915e-01
9.994754345440132e-01
9.998038574215822e-01
9.999345969163481e-01
9.999807867770707e-01
9.999950977446134e-01
9.999989303501210e-01
9.999998038612263e-01
9.999999703656614e-01
9.999999963876385e-01
9.999999996530262e-01
9.999999999743771e-01
9.999999999985892e-01
9.999999999999427e-01
9.999999999999986e-01
9.999999999999999e-01
1.000000000000000e+00
1.000000000000000e+00
1.000000000000000e+00
1.000000000000000e+00
1.000000000000000e+00
1.000000000000000e+00
1.000000000000000e+00
###6.200000000000003e+00
6.342966853866776e-10
8.155146803561201e-10
1.024346252618427e-09
1.275436290715537e-09
1.584390190276279e-09
1.964617591933847e-09
2.428970406233982e-09
2.997284785970275e-09
3.693507585634060e-09
4.546527818549258e-09
5.590813411667954e-09
6.870282242086315e-09
8.437757007668912e-09
1.035765791760407e-08
1.271000766588197e-08
1.558937331658416e-08
1.911466624566893e-08
2.343061403782047e-08
2.871368531482497e-08
3.517798198789421e-08
4.310400446321572e-08
5.276736478556162e-08
6.460203389913545e-08
7.908326822491671e-08
9.678253699917262e-08
1.184208368132368e-07
1.448760030241113e-07
1.772059479656640e-07
2.167070953441281e-07
2.649636625305218e-07
3.239087295179145e-07
3.958851370965563e-07
4.837853841480733e-07
5.910449612955936e-07
7.219849428182077e-07
8.817044408166814e-07
1.076560651471960e-06
1.314198215452787e-06
1.603976534652511e-06
1.957136605017534e-06
2.387573610310554e-06
2.911999057611287e-06
3.550781853286616e-06
4.328625768225527e-06
5.275657769255694e-06
6.428144619686416e-06
7.830202303486696e-06
9.535868941624632e-06
1.160966670497601e-05
1.413052978137339e-05
1.719390923833923e-05
2.091462087263743e-05
2.543372659102028e-05
3.091877546439476e-05
3.757464843745017e-05
4.564811478655439e-05
5.543865079340511e-05
6.730103031593699e-05
8.167571627293734e-05
9.908274038761843e-05
1.201535594004515e-04
1.456482178863646e-04
1.764669021984861e-04
2.137308937088216e-04
2.587397612969866e-04
3.130849886742394e-04
3.786516496979147e-04
4.577371460748483e-04
5.530724268689478e-04
6.678381547239636e-04
8.059962387096783e-04
9.722500791177354e-04
1.172098346214750e-03
1.411946185359852e-03
1.699871707501054e-03
2.045120596605115e-03
2.458627623127904e-03
2.953598223106355e-03
3.545343484779732e-03
4.252397568489545e-03
5.095486172481146e-03
6.100120473346777e-03
7.296155555912158e-03
8.717533054601861e-03
1.040413762926672e-02
1.240373252449180e-02
1.476964858973658e-02
1.756427421656397e-02
2.085865908068248e-02
2.473669132494753e-02
2.929083148413637e-02
3.462996975900681e-02
4.086690086173861e-02
4.813922657582174e-02
5.659740836054052e-02
6.640037103928080e-02
7.772956149439188e-02
9.077528154819527e-02
1.057406335310062e-01
1.228397978228872e-01
1.422777459330080e-01
1.642780445024180e-01
1.890330353084973e-01
2.167315091316586e-01
2.475266561773289e-01
2.815099092637245e-01
3.187114839676989e-01
3.590846599525181e-01
4.024603148583096e-01
4.485782594830143e-01
4.970216840390966e-01
5.472071449076550e-01
5.984420772146505e-01
6.498658863802332e-01
7.005321374161750e-01
7.493984646049330e-01
7.954380215941798e-01
8.376570739863930e-01
8.752454406231185e-01
9.075950483062613e-01
9.343890103703454e-01
9.556404935987148e-01
9.716761850321864e-01
9.830922694804938e-01
9.904637243909594e-01
9.949500504870569e-01
9.975228745581968e-01
9.988843896142734e-01
9.995429477427653e-01
9.998313745013276e-01
9.999445836595869e-01
9.999839759632883e-01
9.999959808335731e-01
9.999991391522461e-01
9.999998452773352e-01
9.999999771190791e-01
9.999999972743705e-01
9.999999997445507e-01
9.999999999816206e-01
9.999999999990157e-01
9.999999999999610e-01
9.999999999999991e-01
9.999999999999999e-01
1.000000000000000e+00
1.000000000000000e+00
1.000000000000000e+00
1.000000000000000e+00
1.000000000000000e+00
1.000000000000000e+00
1.000000000000000e+00
###6.400000000000003e+00
6.940690449155897e-10
8.904403285351598e-10
1.118501045147914e-09
1.392639597757219e-09
1.729920662367870e-09
2.144941784459817e-09
2.651687519135565e-09
3.271771246417967e-09
4.031283571431242e-09
4.961681183988590e-09
6.100456894742335e-09
7.495415399661829e-09
9.204060244662196e-09
1.129645443011073e-08
1.385965400547025e-08
1.699643922802530e-08
2.083609700884848e-08
2.553592678542819e-08
3.128766639380474e-08
3.832386657188140e-08
4.694947504256998e-08
5.746284253961091e-08
7.033569152711762e-08
8.608380379232209e-08
1.053266683852544e-07
1.288465464319429e-07
1.575950841564401e-07
1.927189591815745e-07
2.356228505578819e-07
2.880228412881117e-07
3.520123709471491e-07
4.301276547143244e-07
5.254989551758876e-07
6.418429814836563e-07
7.838371086978495e-07
9.569816471338112e-07
1.168159907424391e-06
1.425627027942269e-06
1.739493983798444e-06
2.121883615100666e-06
2.587807830920824e-06
3.155285843136414e-06
3.846283316482236e-06
4.687431018347435e-06
5.711188584519037e-06
6.956606087725455e-06
8.471191158336634e-06
1.031308447137050e-05
1.255168381495252e-05
1.527184809548157e-05
1.857612514156073e-05
2.258787834453648e-05
2.745853306640391e-05
3.336778924201431e-05
4.053541074859818e-05
4.922580246975227e-05
5.975983321539423e-05
7.251726943604063e-05
8.796938776206495e-05
1.066723528899755e-04
1.293005698864638e-04
1.566658185379623e-04
1.897299364881086e-04
2.296866149759051e-04
2.779198854008895e-04
3.361271519839744e-04
4.063128140550894e-04
4.909206609894255e-04
5.928498294645184e-04
7.154759823007326e-04
8.630019163076254e-04
1.040417962154823e-03
1.253523015087061e-03
1.509106768083733e-03
1.815696845432827e-03
2.183057815681057e-03
2.622696392491231e-03
3.148535388033220e-03
3.776637988804627e-03
4.526518998811811e-03
5.419859670104725e-03
6.483437027551203e-03
7.748411735018823e-03
9.250234731553406e-03
1.103049651348132e-02
1.313890077630875e-02
1.563077332382316e-02
1.857099091290379e-02
2.203290510292649e-02
2.610296843478604e-02
3.087664002164906e-02
3.646572973539692e-02
4.298558956158880e-02
5.057681042472514e-02
5.939268942088801e-02
6.959411717455062e-02
8.136443471447012e-02
9.489479165890603e-02
1.103880970951049e-01
1.280570527179892e-01
1.481028560671430e-01
1.707439698843834e-01
1.961641794862485e-01
2.245414301071079e-01
2.560144706939095e-01
2.906571666684714e-01
3.284783738067772e-01
3.694072836431642e-01
4.132479823522452e-01
4.597130698950741e-01
5.083574217174923e-01
5.585732749083674e-01
6.096477828917711e-01
6.607079567802203e-01
7.108062175425057e-01
7.589103574733649e-01
8.040189801084119e-01
8.451760678255814e-01
8.816220576285552e-01
9.128067989680507e-01
9.384734661555997e-01
9.586908898480035e-01
9.738304539472412e-01
9.845174671616936e-01
9.913490117475020e-01
9.954640586426712e-01
9.977989376480662e-01
9.990203483767458e-01
9.996037730845739e-01
9.998558472707125e-01
9.999533413745504e-01
9.999867298967069e-01
9.999967306819342e-01
9.999993132670090e-01
9.999998791370063e-01
9.999999825249416e-01
9.999999979681832e-01
9.999999998144203e-01
9.999999999870116e-01
9.999999999993234e-01
9.999999999999742e-01
9.999999999999993e-01
1.000000000000000e+00
1.000000000000000e+00
1.000000000000000e+00
1.000000000000000e+00
1.000000000000000e+00
1.000000000000000e+00
1.000000000000000e+00
1.000000000000000e+00
###6.600000000000003e+00
7.586780979674273e-10
9.714756668531688e-10
1.220334129619404e-09
1.519393407529865e-09
1.887297961748876e-09
2.339926973759286e-09
2.892483932777548e-09
3.568499201041918e-09
4.396374696861858e-09
5.410334811381925e-09
6.651130347453814e-09
8.170752636491195e-09
1.003174756445223e-08
1.231025253660232e-08
1.510089481666586e-08
1.851528960500870e-08
2.269388586181390e-08
2.780750289520735e-08
3.406429425674440e-08
4.171663863352209e-08
5.109575555279269e-08
6.252440044359542e-08
7.651485611029274e-08
9.362639104981108e-08
1.145300318243435e-07
1.400737512074727e-07
1.712883620553089e-07
2.094156946330677e-07
2.559764255555418e-07
3.128279202685166e-07
3.822353415486862e-07
4.669418995940425e-07
5.703323319582633e-07
6.964241087074868e-07
8.502754506145993e-07
1.037815996202994e-06
1.266490625066035e-06
1.545206737494331e-06
1.884877432970906e-06
2.298567124034841e-06
2.802478150599003e-06
3.416024384725016e-06
4.162873013779601e-06
5.071707288974506e-06
6.177470497230255e-06
7.522169818462977e-06
9.156934639008732e-06
1.114425291936584e-05
1.355870722418356e-05
1.649144861074672e-05
2.005255871028626e-05
2.437446471000636e-05
2.961958136044260e-05
3.598048445052716e-05
4.369269482477004e-05
5.303928516351122e-05
6.436374634206025e-05
7.807225380138645e-05
9.466863968781275e-05
1.147471910581263e-04
1.390276330055508e-04
1.683762682458307e-04
2.038195028435988e-04
2.466282316707906e-04
2.982740027997444e-04
3.605667033649102e-04
4.356351413387205e-04
5.260770844844682e-04
6.349672372316159e-04
7.658860602572382e-04
9.232880657444446e-04
1.112460926600558e-03
1.339523866941573e-03
1.611659777165684e-03
1.937867890356953e-03
2.328450582928192e-03
2.795510178530928e-03
3.353711724353225e-03
4.019900584201646e-03
4.814599554199678e-03
5.760481430209994e-03
6.885622485099411e-03
8.222516817624393e-03
9.808205701092261e-03
1.168598057253391e-02
1.390754448776831e-02
1.653025925287818e-02
1.962151331923408e-02
2.325701410962778e-02
2.752575972812113e-02
3.252624793326780e-02
3.837319641296284e-02
4.518446930216997e-02
5.310341762220563e-02
6.228662626085066e-02
7.289627341519589e-02
8.511759466792976e-02
9.914235485240112e-02
1.151729782090641e-01
1.334203204225612e-01
1.540814132202795e-01
1.773691558237164e-01
2.034581740287051e-01
2.325150644810049e-01
2.646635956234604e-01
2.999595189426159e-01
3.383899062224395e-01
3.798595576361109e-01
4.241456938931130e-01
4.709356377158127e-01
5.197510482549437e-01
5.699660804581647e-01
6.208470829193695e-01
6.715102666753071e-01
7.210085652514497e-01
7.683223151309962e-01
8.124764636111834e-01
8.525553954185315e-01
8.878508281656508e-01
9.178710329629808e-01
9.424187072758207e-01
9.616177490004696e-01
9.758816643325721e-01
9.858625281324271e-01
9.921769482683430e-01
9.959401939133096e-01
9.980520031860024e-01
9.991435632886314e-01
9.996582134574792e-01
9.998774541983841e-01
9.999609595735667e-01
9.999890868009484e-01
9.999973612312476e-01
9.999994568770544e-01
9.999999064891465e-01
9.999999867954447e-01
9.999999985031871e-01
9.999999998669161e-01
9.999999999909541e-01
9.999999999995415e-01
9.999999999999835e-01
9.999999999999994e-01
1.000000000000000e+00
1.000000000000000e+00
1.000000000000000e+00
1.000000000000000e+00
1.000000000000000e+00
1.000000000000000e+00
1.000000000000000e+00
1.000000000000000e+00
###6.800000000000003e+00
8.284696655236368e-10
1.059056894648616e-09
1.330393927472583e-09
1.656379339360258e-09
2.057366659689504e-09
2.550616889424649e-09
3.152644387692989e-09
3.889045793589864e-09
4.790713272670297e-09
5.894852453096286e-09
7.245720813347765e-09
8.899816040752002e-09
1.092511210080201e-08
1.340428089903695e-08
1.644009430416118e-08
2.015366464376198e-08
2.469744089733154e-08
3.025677177479649e-08
3.705744704047257e-08
4.537314078735571e-08
5.556328727848104e-08
6.797681334187766e-08
8.316955011731390e-08
1.017474078148105e-07
1.244366778691182e-07
1.521557717740983e-07
1.860203549879923e-07
2.273741894413792e-07
2.778621616399956e-07
3.394929096767913e-07
4.147153581187516e-07
5.064941728822413e-07
6.184862107113630e-07
7.550304441969821e-07
9.215919242320829e-07
1.124559327409645e-06
1.371976631960616e-06
1.673447655602886e-06
2.040741048684874e-06
2.487925800004775e-06
3.032472568128141e-06
3.695281587107853e-06
4.501832078323176e-06
5.482992064755917e-06
6.676358622237838e-06
8.127051027655127e-06
9.890080040692090e-06
1.203254319981359e-05
1.463452751186621e-05
1.779386229933486e-05
2.162862183461146e-05
2.628083907173423e-05
3.192457465676047e-05
3.876603988273946e-05
4.705742853951032e-05
5.710156120248553e-05
6.926583746396459e-05
8.398432220679959e-05
1.017952226229369e-04
1.233330252549817e-04
1.493652472172698e-04
1.808156143595503e-04
2.187774993038214e-04
2.646046575354525e-04
3.198615216497045e-04
3.864731887169799e-04
4.667003053669667e-04
5.633002112838808e-04
6.795368058282602e-04
8.191994886334583e-04
9.870076098911721e-04
1.188551872082639e-03
1.430309429198452e-03
1.719841957943388e-03
2.066663853893107e-03
2.481607681202199e-03
2.977439164877165e-03
3.569552778687725e-03
4.275618749262089e-03
5.117196337109665e-03
6.117985713549870e-03
7.307396686353817e-03
8.719297233746709e-03
1.039236213737349e-02
1.237161699844634e-02
1.471080978018651e-02
1.746941285201612e-02
2.071722712789144e-02
2.453250455882862e-02
2.900673669502253e-02
3.424145852903582e-02
4.035429666642757e-02
4.746557594336929e-02
5.572137136503728e-02
6.528140031283027e-02
7.630903941258599e-02
8.899120663292566e-02
1.035200368170631e-01
1.200971632453838e-01
1.389312154145635e-01
1.602146495612529e-01
1.841544388395200e-01
2.109151007515379e-01
2.406517054862970e-01
2.734722742094736e-01
3.094142368611323e-01
3.484421342656373e-01
3.904362040607952e-01
4.351467735705072e-01
4.822356621596567e-01
5.311930392731417e-01
5.813747362708807e-01
6.320280509976125e-01
6.822600686956020e-01
7.311260187434554e-01
7.776209335081293e-01
8.207979222765062e-01
8.597835820806626e-01
8.939218626709050e-01
9.227798309118788e-01
9.462192786175884e-01
9.644175223715115e-01
9.778281225683418e-01
9.871272012025127e-01
9.929480258902325e-01
9.963792053199788e-01
9.982827936442974e-01
9.992545909020747e-01
9.997066304632347e-01
9.998963970625550e-01
9.999675349862605e-01
9.999910866195797e-01
9.999978864294221e-01
9.999995740942094e-01
9.999999283310970e-01
9.999999901261365e-01
9.999999989099889e-01
9.999999999057656e-01
9.999999999937883e-01
9.999999999996936e-01
9.999999999999897e-01
9.999999999999996e-01
1.000000000000000e+00
1.000000000000000e+00
1.000000000000000e+00
1.000000000000000e+00
1.000000000000000e+00
1.000000000000000e+00
1.000000000000000e+00
1.000000000000000e+00
###7.000000000000004e+00
9.038111180318191e-10
1.153647393697514e-09
1.449263090089312e-09
1.804321494988868e-09
2.241023898681906e-09
2.778120142824722e-09
3.433533297803798e-09
4.235085732635049e-09
5.216350838929080e-09
6.417743281401375e-09
7.887292270114377e-09
9.686342963873231e-09
1.188870823421685e-08
1.458408545025858e-08
1.788400135794441e-08
2.191977057490211e-08
2.685673434097487e-08
3.289584528891414e-08
4.028182874103901e-08
4.931121252703822e-08
6.037371534597036e-08
7.384630893842570e-08
9.033155085523301e-08
1.104853445992896e-07
1.350932025890021e-07
1.651489942444367e-07
2.018592711141116e-07
2.466769179360110e-07
3.013797378029443e-07
3.681382299279449e-07
4.495978390141767e-07
5.489599963748917e-07
6.701723851223724e-07
8.179173961636502e-07
9.980944315646682e-07
1.217582577261478e-06
1.485064638088839e-06
1.810887444872409e-06
2.207731680080942e-06
2.690737350763558e-06
3.278725682234703e-06
3.994179948761351e-06
4.864507907616617e-06
5.922901787563233e-06
7.209782168556124e-06
8.773571633687094e-06
1.067340739009959e-05
1.298128175755221e-05
1.578312207435980e-05
1.918384147377923e-05
2.330998840950677e-05
2.831377033874078e-05
3.438158211663222e-05
4.173406619024631e-05
5.064104873895668e-05
6.142622809643321e-05
7.448225838250122e-05
9.027264069833500e-05
1.093718572799801e-04
1.324567620819359e-04
1.603452397072017e-04
1.940214590632937e-04
2.346492306511450e-04
2.836691800206168e-04
3.427440019185414e-04
4.139189868108349e-04
4.995932671637434e-04
6.026951069552597e-04
7.266750668360726e-04
8.755523827182571e-04
1.054319253578700e-03
1.268883125395552e-03
1.526097776513933e-03
1.833905408272201e-03
2.202371677861754e-03
2.642872087200634e-03
3.168865499363623e-03
3.796497477241654e-03
4.544294836601078e-03
5.434882866457462e-03
6.493024810206555e-03
7.749499248466000e-03
9.239606898927610e-03
1.100364304350300e-02
1.308845669330154e-02
1.554986731451888e-02
1.844949902743202e-02
2.185949614647965e-02
2.586093675697172e-02
3.054759258483932e-02
3.602409395613357e-02
4.241097183487604e-02
4.983095425110492e-02
5.843279318711497e-02
6.837918243515259e-02
7.983458837480474e-02
9.298739123131805e-02
1.080298364919329e-01
1.251624458297461e-01
1.445912289968711e-01
1.665036390257977e-01
1.911001851642322e-01
2.185348048566524e-01
2.489503700477358e-01
2.824386552662437e-01
3.190182390780108e-01
3.586307301022838e-01
4.011315472362453e-01
4.462441290304341e-01
4.936047052855986e-01
5.426735350197531e-01
5.927881930189393e-01
6.431786712686091e-01
6.929447010671221e-01
7.411457006056670e-01
7.867935470327915e-01
8.289715355991778e-01
8.668500973474107e-01
8.998263746735261e-01
9.275264638398447e-01
9.498706016652485e-01
9.670877882630710e-01
9.796690613336173e-01
9.883119395901804e-01
9.936632342600726e-01
9.967821625815659e-01
9.984922168224732e-01
9.993540822634953e-01
9.997494259903400e-01
9.999128914026115e-01
9.999731676294196e-01
9.999927693678110e-01
9.999983198659796e-01
9.999996688056497e-01
9.999999455796837e-01
9.999999926921632e-01
9.999999992151859e-01
9.999999999340982e-01
9.999999999957928e-01
9.999999999997981e-01
9.999999999999937e-01
9.999999999999997e-01
1.000000000000000e+00
1.000000000000000e+00
1.000000000000000e+00
1.000000000000000e+00
1.000000000000000e+00
1.000000000000000e+00
1.000000000000000e+00
1.000000000000000e+00
###7.200000000000004e+00
9.850925446728453e-10
1.255739287762801e-09
1.577560300977792e-09
1.963988807253223e-09
2.439222258491647e-09
3.023613783374565e-09
3.736598518837553e-09
4.608396582035784e-09
5.675464591850744e-09
6.981669884236138e-09
8.579095259734119e-09
1.053429751250184e-08
1.292736611824690e-08
1.585554619328235e-08
1.943976987852418e-08
2.382230411341916e-08
2.918233202915557e-08
3.573755324364820e-08
4.375300970110407e-08
5.354974154202151e-08
6.554995092941297e-08
8.016064181433862e-08
9.803447674629984e-08
1.198809110787644e-07
1.465488751352052e-07
1.791130228988165e-07
2.188771912072027e-07
2.674110121364266e-07
3.266344319962271e-07
3.988910289187510e-07
4.870362711813394e-07
5.945245894953420e-07
7.256142746836195e-07
8.853540744952721e-07
1.080107568862002e-06
1.317276669465294e-06
1.606225259644663e-06
1.958092364724883e-06
2.386530346412965e-06
2.907820284600489e-06
3.542220776796355e-06
4.313900016326748e-06
5.252317058975941e-06
6.393135184074393e-06
7.779774893470814e-06
9.464169924578294e-06
1.150983502467508e-05
1.399395918685218e-05
1.700866293769947e-05
2.066636898764050e-05
2.510260513337290e-05
3.048034989502949e-05
3.699905370501902e-05
4.489462320204612e-05
5.445552148530498e-05
6.602750614420140e-05
8.002989293015130e-05
9.695723463088413e-05
1.174222718691344e-04
1.421464879198726e-04
1.720008176141663e-04
2.080330189032019e-04
2.514809511420941e-04
3.038765193449750e-04
3.669855501834083e-04
4.429794145518525e-04
5.344024005711133e-04
6.443627070152553e-04
7.765030758609849e-04
9.350860062227045e-04
1.125387601973298e-03
1.353646078140540e-03
1.627096981683302e-03
1.954108215658520e-03
2.345288900148502e-03
2.812589356227902e-03
3.370176542735455e-03
4.034996530395827e-03
4.826446414383832e-03
5.768249482091827e-03
6.886291098157235e-03
8.212689819180378e-03
9.784288496151648e-03
1.164301015607614e-02
1.383757433710687e-02
1.642591205452578e-02
1.947183153197000e-02
2.304985883229860e-02
2.724389517530703e-02
3.215004207731842e-02
3.787599420099937e-02
4.454517584757469e-02
5.228265433252224e-02
6.123980077287421e-02
7.158212702680418e-02
8.347506181878338e-02
9.710821855632371e-02
1.126736797072249e-01
1.303705199504009e-01
1.504017220922144e-01
1.729492903654201e-01
1.982067253098700e-01
2.263168897349813e-01
2.574097959029378e-01
2.915604822608547e-01
3.287680968621775e-01
3.689509936433875e-01
4.119395296888363e-01
4.574302982268462e-01
5.050339822266795e-01
5.541824084626769e-01
6.041952301877656e-01
6.542868932703831e-01
7.035516403536716e-01
7.510550699339577e-01
7.958281002465114e-01
8.369862454184201e-01
8.737453613864632e-01
9.055566646351042e-01
9.321053468204911e-01
9.533692209596595e-01
9.696269293522646e-01
9.814045388690077e-01
9.894178109097816e-01
9.943239823784565e-01
9.971503957118699e-01
9.986813221322420e-01
9.994427537515033e-01
9.997870261504944e-01
9.999271586022235e-01
9.999779573547397e-01
9.999941738898702e-01
9.999986743877262e-01
9.999997445839899e-01
9.999999590545080e-01
9.999999946457907e-01
9.999999994411939e-01
9.999999999544703e-01
9.999999999971886e-01
9.999999999998687e-01
9.999999999999962e-01
9.999999999999998e-01
1.000000000000000e+00
1.000000000000000e+00
1.000000000000000e+00
1.000000000000000e+00
1.000000000000000e+00
1.000000000000000e+00
1.000000000000000e+00
1.000000000000000e+00
###7.400000000000004e+00
1.072727950734187e-09
1.365854755967063e-09
1.715942297626747e-09
2.136197392232196e-09
2.652972728226161e-09
3.288346774269793e-09
4.063377345992473e-09
5.010864231562037e-09
6.170364051383051e-09
7.589456749365141e-09
9.324576703577396e-09
1.144788244603937e-08
1.404620552370951e-08
1.722489458247460e-08
2.111497982457518e-08
2.587047774280162e-08
3.168542383804619e-08
3.879547997847997e-08
4.748747252696928e-08
5.810871649533884e-08
7.111623492467211e-08
8.694916959281672e-08
1.063138786150080e-07
1.299771454503343e-07
1.588557686265808e-07
1.941108367675428e-07
2.371502558242254e-07
2.896684853444713e-07
3.537373867016039e-07
4.318854995531416e-07
5.271926199610766e-07
6.433833205320066e-07
7.850474586112127e-07
9.576245816250636e-07
1.167973387427584e-06
1.424053417961779e-06
1.735954097076720e-06
2.115658542301158e-06
2.577853757411948e-06
3.140040759326378e-06
3.823991946256419e-06
4.655682873234340e-06
5.666748184227818e-06
6.895476772170590e-06
8.388474750920183e-06
1.020140538656456e-05
1.240242515026461e-05
1.507423671079039e-05
1.831552429695346e-05
2.224665846826278e-05
2.701270170294571e-05
3.278800342273977e-05
3.978583387161741e-05
4.825823571313397e-05
5.851336022427250e-05
7.092025926054336e-05
8.592638075010076e-05
1.040590156359633e-04
1.259712324591644e-04
1.524315026578388e-04
1.843666048573949e-04
2.228911614859601e-04
2.693208358242517e-04
3.252833965523022e-04
3.926528562582964e-04
4.737327742851828e-04
5.712195037353244e-04
6.884085644328739e-04
8.291454747224621e-04
9.979468514466022e-04
1.200383242814623e-03
1.443038965105425e-03
1.733546552641944e-03
2.080716520279643e-03
2.495722946527512e-03
2.991113544205623e-03
3.581785715329769e-03
4.285509385311518e-03
5.122606193389041e-03
6.117903309234859e-03
7.298455118252720e-03
8.697747785661859e-03
1.035421639531214e-02
1.231144751957265e-02
1.462006815563812e-02
1.734016325131016e-02
2.053775623316617e-02
2.428979030244982e-02
2.868298750922645e-02
3.381582015759342e-02
3.979901554630595e-02
4.675887324285198e-02
5.482272917019314e-02
6.414450512981515e-02
7.489242302059687e-02
8.723256561530231e-02
1.013557030732362e-01
1.174534132925001e-01
1.357229733563707e-01
1.563639182004030e-01
1.795523406063231e-01
2.054741803518088e-01
2.342607114092118e-01
2.660284345242767e-01
3.008351491798976e-01
3.386600300647145e-01
3.793978542965854e-01
4.228537192428718e-01
4.686974623933495e-01
5.165143833159002e-01
5.657092913839057e-01
6.155844898531128e-01
6.653406703119014e-01
7.140685411979230e-01
7.608419599355533e-01
8.047131178519873e-01
8.448317727549929e-01
8.804607419936561e-01
9.111060874250331e-01
9.365119404320996e-01
9.567127357575829e-01
9.720343581840724e-01
9.830353552300123e-01
9.904464149310223e-01
9.949320284046337e-01
9.974854386907076e-01
9.988512619885008e-01
9.995213631636035e-01
9.998198680119592e-01
9.999394194990097e-01
9.999820011836489e-01
9.999953369525308e-01
9.999989618448871e-01
9.999998046355772e-01
9.999999694710503e-01
9.999999961161211e-01
9.999999996064552e-01
9.999999999689190e-01
9.999999999981460e-01
9.999999999999156e-01
9.999999999999979e-01
9.999999999999998e-01
1.000000000000000e+00
1.000000000000000e+00
1.000000000000000e+00
1.000000000000000e+00
1.000000000000000e+00
1.000000000000000e+00
1.000000000000000e+00
1.000000000000000e+00
###7.600000000000004e+00
1.167156582092909e-09
1.484548127043094e-09
1.865105879137172e-09
2.321813111830834e-09
2.883347836035826e-09
3.573644049008492e-09
4.415499996717224e-09
5.444488661359202e-09
6.703498076492146e-09
8.244096622552767e-09
1.012739022062673e-08
1.243155169776971e-08
1.525065107413360e-08
1.869873179917582e-08
2.291765887582017e-08
2.807404629035281e-08
3.437785573163389e-08
4.208400293629689e-08
5.150265814351709e-08
6.300928302020960e-08
7.709820488502793e-08
9.424293317327871e-08
1.152073358735344e-07
1.408195296794055e-07
1.720688981305181e-07
2.102089546892176e-07
2.567588626776207e-07
3.135464679872649e-07
3.828058921977641e-07
4.672632153636893e-07
5.702377000894184e-07
6.957421678455136e-07
8.487202509756815e-07
1.035028128627866e-06
1.262052200000561e-06
1.538346481126018e-06
1.874772869781304e-06
2.284213313646671e-06
2.782455897072699e-06
3.388300374292963e-06
4.125126310717941e-06
5.020832759919271e-06
6.109365119433985e-06
7.431800501332051e-06
9.038125998915596e-06
1.098796372951619e-05
1.335438971330417e-05
1.622595305155358e-05
1.970829032153953e-05
2.393014710472168e-05
2.904680147250539e-05
3.524450376757317e-05
4.275117662075666e-05
5.183591110203518e-05
6.282764629421118e-05
7.612001879264308e-05
9.219014487246489e-05
1.115998134983067e-04
1.350445797155030e-04
1.633423619222196e-04
1.974786902269797e-04
2.386384607351906e-04
2.882190432432147e-04
3.479488338773721e-04
4.198152732858859e-04
5.062604426143086e-04
6.101399021350476e-04
7.349443244050772e-04
8.847297502266415e-04
1.064289069045385e-03
1.279482678716112e-03
1.537267067348137e-03
1.845684458567549e-03
2.214005538129439e-03
2.653989904570657e-03
3.178810175916607e-03
3.804114151297444e-03
4.548526345529588e-03
5.433322503068046e-03
6.484468312983701e-03
7.730219976787434e-03
9.205472152854374e-03
1.095028941716696e-02
1.300996157955702e-02
1.543705970804307e-02
1.829386421072286e-02
2.164864280124773e-02
2.558078881711615e-02
3.017984271390509e-02
3.554668032258915e-02
4.179502841281445e-02
4.905403658555370e-02
5.745323149964661e-02
6.714900664967313e-02
7.831213146258038e-02
9.110916451616406e-02
1.057317976501004e-01
1.223707983863505e-01
1.412212802326993e-01
1.624788956055777e-01
1.863133470071290e-01
2.129024540965298e-01
2.423653712725489e-01
2.748044452500836e-01
3.102597323949872e-01
3.486899066485099e-01
3.899658747887914e-01
4.338673181893393e-01
4.800374610540624e-01
5.280364977644197e-01
5.772436030216311e-01
6.269445117761605e-01
6.763279986578710e-01
7.244832762382342e-01
7.704946147034932e-01
8.134377331568694e-01
8.524986318741911e-01
8.869885492284325e-01
9.164690300593220e-01
9.407426581341668e-01
9.598997247119411e-01
9.743103695917787e-01
9.845629693029646e-01
9.913998086494294e-01
9.954894159043502e-01
9.977889815663764e-01
9.990032580179081e-01
9.995906890344806e-01
9.998483885628128e-01
9.999498892778869e-01
9.999853913485376e-01
9.999962926337476e-01
9.999991929440113e-01
9.999998517800942e-01
9.999999774410717e-01
9.999999972103334e-01
9.999999997258296e-01
9.999999999790302e-01
9.999999999987933e-01
9.999999999999465e-01
9.999999999999989e-01
9.999999999999999e-01
1.000000000000000e+00
1.000000000000000e+00
1.000000000000000e+00
1.000000000000000e+00
1.000000000000000e+00
1.000000000000000e+00
1.000000000000000e+00
1.000000000000000e+00
###7.800000000000004e+00
1.268844256428333e-09
1.612407196434170e-09
2.025790070385879e-09
2.521754236292214e-09
3.131484943606913e-09
3.880910518452753e-09
4.794694731645805e-09
5.911389943556604e-09
7.277462233509201e-09
8.948761956432632e-09
1.099140700291524e-08
1.349002353091038e-08
1.654644809403356e-08
2.028404800846741e-08
2.485630611623275e-08
3.044333495130884e-08
3.727216346856570e-08
4.561833325612481e-08
5.581701438558717e-08
6.827380251716750e-08
8.352296422088748e-08
1.020746545643990e-07
1.247545576946532e-07
1.524561107264153e-07
1.862463660213167e-07
2.274776089859710e-07
2.777878742799411e-07
3.391474557361329e-07
4.139636821237766e-07
5.051734839172600e-07
6.163516002956856e-07
7.518182760249741e-07
9.168942955548817e-07
1.117879844954317e-06
1.362723419376122e-06
1.660612364690962e-06
2.023230604860231e-06
2.464416636713987e-06
3.001129657273157e-06
3.653550151025458e-06
4.446766309523378e-06
5.410719851488538e-06
6.581810183328952e-06
8.004073665393277e-06
9.731083818121745e-06
1.182666236646832e-05
1.436909689754913e-05
1.745313207268888e-05
2.119176456334762e-05
2.572260679650640e-05
3.121173439798715e-05
3.785798545103127e-05
4.590476236898100e-05
5.563915888634377e-05
6.741205166838743e-05
8.164300995576555e-05
9.884042244579717e-05
1.196024118529722e-04
1.446692703656230e-04
1.749109252499013e-04
2.113746836484649e-04
2.553192621588348e-04
3.082277918161261e-04
3.719342448661965e-04
4.485449260584506e-04
5.406470047895221e-04
6.512626383389845e-04
7.840852656962853e-04
9.433990055055995e-04
1.134267541291668e-03
1.362868148414533e-03
1.636542871253404e-03
1.963756818691846e-03
2.354259619697929e-03
2.820411913416767e-03
3.376056245913359e-03
4.037594361527183e-03
4.824542090882874e-03
5.759159385813385e-03
6.868585389844823e-03
8.182268167783785e-03
9.736676994867128e-03
1.157342756706966e-02
1.373958108174116e-02
1.628969366838313e-02
1.928828222658975e-02
2.280588412509907e-02
2.692437490964711e-02
3.173610982170451e-02
3.734439297838455e-02
4.386591526378771e-02
5.143264375904619e-02
6.017621036299426e-02
7.025539028516410e-02
8.184332134945622e-02
9.510687525448316e-02
1.102383867403523e-01
1.274275030044321e-01
1.468667933307075e-01
1.687475791445858e-01
1.932326787169400e-01
2.204912251224837e-01
2.506297089010743e-01
2.837356897988546e-01
3.198309773502450e-01
3.588532431167220e-01
4.006492559960654e-01
4.449731736337713e-01
4.914418083939841e-01
5.395906383757046e-01
5.887745796757426e-01
6.382637693823922e-01
6.872369571878383e-01
7.347839760545678e-01
7.800017254535044e-01
8.219917155459857e-01
8.599781438044363e-01
8.933220305756756e-01
9.216408893257162e-01
9.447953309720964e-01
9.629296967748805e-01
9.764560285187556e-01
9.859894245070413e-01
9.922804366026361e-01
9.959984137787383e-01
9.980628257870836e-01
9.991385716042909e-01
9.996515134302060e-01
9.998730159187278e-01
9.999587736836686e-01
9.999882139251068e-01
9.999970719572838e-01
9.999993771853298e-01
9.999998884537724e-01
9.999999834781216e-01
9.999999980157234e-01
9.999999998110212e-01
9.999999999860142e-01
9.999999999992247e-01
9.999999999999664e-01
9.999999999999994e-01
9.999999999999999e-01
1.000000000000000e+00
1.000000000000000e+00
1.000000000000000e+00
1.000000000000000e+00
1.000000000000000e+00
1.000000000000000e+00
1.000000000000000e+00
1.000000000000000e+00
###8.000000000000004e+00
1.378284745315921e-09
1.750055059983502e-09
2.198778310709855e-09
2.736994186925956e-09
3.398589623508900e-09
4.211635172051785e-09
5.202793084947700e-09
6.413814412504592e-09
7.895006405271290e-09
9.706813251383650e-09
1.192072697992547e-08
1.462829407444708e-08
1.793967925834446e-08
2.198824201772762e-08
2.693991559296775e-08
3.298926778461473e-08
4.038160303830865e-08
4.941455686831546e-08
6.045004525894846e-08
7.392590976331533e-08
9.041915346645718e-08
1.104786457939527e-07
1.349974820524095e-07
1.649376222843197e-07
2.014495087683995e-07
2.459909210129610e-07
3.003268280253922e-07
3.665795605885961e-07
4.473412331924487e-07
5.457737042017766e-07
6.657241056795261e-07
8.118403767940505e-07
9.898451687381754e-07
1.206511539050657e-06
1.470386407392890e-06
1.791331431181462e-06
2.181904829472002e-06
2.656962536402019e-06
3.234708540734955e-06
3.936790525227435e-06
4.790112074673135e-06
5.826783007466670e-06
7.085807403672965e-06
8.614360683879032e-06
1.046981874435988e-05
1.272045559916375e-05
1.545007719984866e-05
1.875998991989070e-05
2.277097817927941e-05
2.763003647859430e-05
3.351464822886387e-05
4.063695756299676e-05
4.925671283939480e-05
5.968000789146344e-05
7.228085868295764e-05
8.750617442858677e-05
1.058972905170461e-04
1.280905774696020e-04
1.548734102929331e-04
1.871703932486283e-04
2.260937576005878e-04
2.729797285437736e-04
3.294014112811611e-04
3.973042111603178e-04
4.789167627315449e-04
5.769802936837976e-04
6.946904531613344e-04
8.359471671072991e-04
1.005289024280050e-03
1.208042076444384e-03
1.450730340033399e-03
1.741086155686900e-03
2.088018017505471e-03
2.501772484225949e-03
2.995335979267068e-03
3.583240528162562e-03
4.282671891919505e-03
5.114065691452045e-03
6.100702529969589e-03
7.270912502799784e-03
8.655381966860566e-03
1.029218411502481e-02
1.222457160307980e-02
1.450135018270621e-02
1.717912956005132e-02
2.032470573152234e-02
2.401089555844301e-02
2.832209040085962e-02
3.335345669271384e-02
3.921074383034549e-02
4.601356860365619e-02
5.389667552681543e-02
6.299370821290315e-02
7.346572252337502e-02
8.548803829957589e-02
9.922766260318083e-02
1.148772810265758e-01
1.326250959817501e-01
1.526607371312134e-01
1.751707329985712e-01
2.003105094435453e-01
2.282399398665499e-01
2.590522959683089e-01
2.928197279283000e-01
3.295452987379753e-01
3.691452062873992e-01
4.114418433731501e-01
4.561637895540271e-01
5.029017114578369e-01
5.511664393207035e-01
6.002913059435169e-01
6.495307325470959e-01
6.980557475060446e-01
7.449590688216524e-01
7.893524655580905e-01
8.303654958132757e-01
8.672624466167057e-01
8.994553618151936e-01
9.266180392566016e-01
9.486684518564898e-01
9.658030188526563e-01
9.784730588269216e-01
9.873172739638368e-01
9.930910617252836e-01
9.964614625068905e-01
9.983088447592562e-01
9.992584783225216e-01
9.997046075670709e-01
9.998941623517690e-01
9.999662662403231e-01
9.999905479715619e-01
9.999977027196933e-01
9.999995228644777e-01
9.999999167256594e-01
9.999999880060093e-01
9.999999986021606e-01
9.999999998711120e-01
9.999999999907773e-01
9.999999999995083e-01
9.999999999999790e-01
9.999999999999998e-01
9.999999999999999e-01
1.000000000000000e+00
1.000000000000000e+00
1.000000000000000e+00
1.000000000000000e+00
1.000000000000000e+00
1.000000000000000e+00
1.000000000000000e+00
1.000000000000000e+00
###8.200000000000003e+00
1.496001301426054e-09
1.898152034134288e-09
2.384900851752079e-09
2.968564489603784e-09
3.685939319132156e-09
4.567395729261427e-09
5.641735371885575e-09
6.954141844971540e-09
8.559042981486568e-09
1.052180901243535e-08
1.291969089692437e-08
1.585165197624238e-08
1.943678198618905e-08
2.381914267125323e-08
2.917800210532969e-08
3.572339890255591e-08
4.372019881571471e-08
5.348967987009278e-08
6.542236574725027e-08
7.999058026117916e-08
9.781702972876370e-08
1.194919329179344e-07
1.459803936374031e-07
1.783176211955159e-07
2.177430564575853e-07
2.658270942710080e-07
3.244701665288621e-07
3.959567856233761e-07
4.830760929191221e-07
5.892297573730046e-07
7.185551855838829e-07
8.760493970103977e-07
1.067863040147100e-06
1.301272484274866e-06
1.585461436947006e-06
1.931009012007511e-06
2.351402898741874e-06
2.862580554635978e-06
3.484068521532612e-06
4.239072557776985e-06
5.156424034342651e-06
6.270532861953818e-06
7.623166171614984e-06
9.264827466428620e-06
1.125692172117127e-05
1.367244067939313e-05
1.660103045603242e-05
2.015094331055774e-05
2.445119963580508e-05
2.965871555096547e-05
3.596302182254205e-05
4.359031977303594e-05
5.281760995848511e-05
6.397102864332941e-05
7.744898654789425e-05
9.372720354083216e-05
1.133823786216598e-04
1.370891057647452e-04
1.656863039680592e-04
2.001553647113284e-04
2.416767131504912e-04
2.916679170503594e-04
3.517966149444731e-04
4.241245486300126e-04
5.110086849261197e-04
6.153515503050982e-04
7.405300429993960e-04
8.906628084676465e-04
1.070545011351903e-03
1.285785274045670e-03
1.543265445554414e-03
1.851124341510559e-03
2.218731113387344e-03
2.656855167256045e-03
3.179115714065569e-03
3.800774426517855e-03
4.539805918042765e-03
5.417621375025501e-03
6.458569184299160e-03
7.692037213984094e-03
9.150333149672608e-03
1.087287633423830e-02
1.290468369998490e-02
1.529631786382179e-02
1.810652876950940e-02
2.140444623979939e-02
2.526511421002443e-02
2.977549747023810e-02
3.503353573796633e-02
4.114753231186997e-02
4.823988896762240e-02
5.644811298705080e-02
6.590775779461601e-02
7.678204759651064e-02
8.924829287857892e-02
1.034734341503837e-01
1.196502113964727e-01
1.379650401318142e-01
1.586042004907005e-01
1.817489529003690e-01
2.075468094885184e-01
2.361478406552405e-01
2.676314292931983e-01
3.020538118259117e-01
3.393987775204454e-01
3.795606119157471e-01
4.223371272382553e-01
4.674313281725578e-01
5.144080535133274e-01
5.627522987347979e-01
6.117826834725315e-01
6.607339066092320e-01
7.087727135013486e-01
7.549973038081584e-01
7.985365121213650e-01
8.385501802273269e-01
8.743444961830146e-01
9.053836301408074e-01
9.313977931332100e-01
9.523614142093416e-01
9.685208402351012e-01
9.803637438294789e-01
9.885495005308184e-01
9.938346995325529e-01
9.968811226709581e-01
9.985289479113734e-01
9.993642461143231e-01
9.997507202606069e-01
9.999122190695103e-01
9.999725463977899e-01
9.999924650758594e-01
9.999982094740059e-01
9.999996371198451e-01
9.999999383272773e-01
9.999999913689920e-01
9.999999990246602e-01
9.999999999130094e-01
9.999999999939854e-01
9.999999999996922e-01
9.999999999999870e-01
1.000000000000000e+00
9.999999999999999e-01
1.000000000000000e+00
1.000000000000000e+00
1.000000000000000e+00
1.000000000000000e+00
1.000000000000000e+00
1.000000000000000e+00
1.000000000000000e+00
1.000000000000000e+00
###8.400000000000002e+00
1.622548135392051e-09
2.057397610405660e-09
2.585037200244906e-09
3.217557808233202e-09
3.994886145593712e-09
4.949863034758262e-09
6.113576335861560e-09
7.534891910913926e-09
9.272655227361033e-09
1.139751593316489e-08
1.399289265526828e-08
1.716569315193893e-08
2.104456655170899e-08
2.578503063160357e-08
3.158062749042332e-08
3.865794408960936e-08
4.730277270363164e-08
5.786167427091043e-08
7.075575670110917e-08
8.649419587707416e-08
1.057485457252871e-07
1.291531645449705e-07
1.577500370440944e-07
1.926526229925141e-07
2.351952979934927e-07
2.870686079881140e-07
3.503174687360996e-07
4.273993006241296e-07
5.213132083142664e-07
6.357163983554475e-07
7.750554403259698e-07
9.446990075122721e-07
1.151253326387107e-06
1.402530200985193e-06
1.708390588160306e-06
2.080176507283762e-06
2.532363295253210e-06
3.082037421352001e-06
3.750129860644934e-06
4.561500085572558e-06
5.547025459308380e-06
6.743554812815707e-06
8.195784759434640e-06
9.957745415471566e-06
1.209510890670176e-05
1.468586335815250e-05
1.782583253240193e-05
2.163061733047041e-05
2.623794378114562e-05
3.181521447929105e-05
3.856467751636957e-05
4.672737665196806e-05
5.659851245321588e-05
6.852535252573626e-05
8.293201345395512e-05
1.003245631138690e-04
1.213170028276242e-04
1.466238533014562e-04
1.771384928020218e-04
2.139018805862436e-04
2.581660300188501e-04
3.114338406660061e-04
3.754728997134991e-04
4.524641493671915e-04
5.449016157661973e-04
6.558555081854585e-04
7.888921459902680e-04
9.483591948493583e-04
1.139317493469145e-03
1.367672098651606e-03
1.640676501936469e-03
1.966892572689544e-03
2.356167887769063e-03
2.819812645978539e-03
3.372106171144624e-03
4.029062520087588e-03
4.809469014945135e-03
5.735747865456382e-03
6.833340643975482e-03
8.132714599571145e-03
9.667902826239555e-03
1.147963255077429e-02
1.361474739833599e-02
1.612561293229288e-02
1.907314380289694e-02
2.252883751561721e-02
2.656999789412757e-02
3.128617564870830e-02
3.677792544893545e-02
4.315656641201902e-02
5.054678115200470e-02
5.908893350454984e-02
6.892037779723288e-02
8.020638265156506e-02
9.312605016618306e-02
1.078460344651944e-01
1.245588226436145e-01
1.434486856579561e-01
1.646981300695780e-01
1.884826600430279e-01
2.149413420603731e-01
2.442140134187218e-01
2.763651321386416e-01
3.114348881029123e-01
3.493871666998966e-01
3.900939370295191e-01
4.333282653392467e-01
4.787676463515352e-01
5.259514821063983e-01
5.743400894005243e-01
6.232375824854350e-01
6.718616475670658e-01
7.193764175487524e-01
7.648878166280448e-01
8.075440989259767e-01
8.465375872207296e-01
8.812180831451901e-01
9.111028288567523e-01
9.359783781808430e-01
9.558744636094553e-01
9.710850346636305e-01
9.821312079098766e-01
9.896894604192819e-01
9.945145637713001e-01
9.972600334011552e-01
9.987250517659474e-01
9.994571178072011e-01
9.997905689983339e-01
9.999275525645797e-01
9.999777784535880e-01
9.999940292386438e-01
9.999986136270198e-01
9.999997260124381e-01
9.999999546877949e-01
9.999999938429625e-01
9.999999993258855e-01
9.999999999418919e-01
9.999999999961200e-01
9.999999999998099e-01
9.999999999999920e-01
1.000000000000000e+00
9.999999999999999e-01
1.000000000000000e+00
1.000000000000000e+00
1.000000000000000e+00
1.000000000000000e+00
1.000000000000000e+00
1.000000000000000e+00
1.000000000000000e+00
1.000000000000000e+00
###8.600000000000001e+00
1.758512073411191e-09
2.228532440710667e-09
2.800118648178292e-09
3.485131077261300e-09
4.326859689611322e-09
5.360805961213265e-09
6.620490986418596e-09
8.158731345731743e-09
1.003910596622844e-08
1.233791942591569e-08
1.514519206930573e-08
1.857633638079223e-08
2.277023472147754e-08
2.789466082397003e-08
3.415842770051322e-08
4.180581336861196e-08
5.114498471265517e-08
6.254952492749044e-08
7.647322115358847e-08
9.346461235579680e-08
1.142474329976368e-07
1.395031282808174e-07
1.703557313810500e-07
2.080022405361291e-07
2.538782459515977e-07
3.098024156032596e-07
3.779736869014976e-07
4.610337250294306e-07
5.622052626838196e-07
6.854176567620598e-07
8.354465810886420e-07
1.018056185805945e-06
1.240337378144744e-06
1.510671254843666e-06
1.839638709548655e-06
2.239392505780960e-06
2.725456954404636e-06
3.316138576941770e-06
4.033858946960258e-06
4.905231898529517e-06
5.963305022787255e-06
7.247512035554304e-06
8.805653859573654e-06
1.069549568506820e-05
1.298722688487184e-05
1.576412368332341e-05
1.912854198627712e-05
2.320385314048701e-05
2.813698077574960e-05
3.410640513494601e-05
4.132779329612797e-05
5.005785132123550e-05
6.061097137882770e-05
7.335668894975852e-05
8.874619565593790e-05
1.073175097068746e-04
1.297238212438394e-04
1.567217577085939e-04
1.892617871446252e-04
2.284474612751791e-04
2.756059097898690e-04
3.323295087744184e-04
4.004904729235662e-04
4.823947256244840e-04
5.806795710309934e-04
6.985904610881858e-04
8.398915731092464e-04
1.009169675177384e-03
1.211762326176269e-03
1.453883613529363e-03
1.743173464726367e-03
2.088633814054878e-03
2.500608813157173e-03
2.990958208218641e-03
3.574678554706211e-03
4.268530886837216e-03
5.092147464030162e-03
6.068999128892388e-03
7.225646326902268e-03
8.593688721121540e-03
1.020889309913771e-02
1.211335292436697e-02
1.435576858246672e-02
1.699035287543987e-02
2.008020964443799e-02
2.369923644081874e-02
2.792702630719526e-02
3.285572525745271e-02
3.858850993405941e-02
4.523966744049449e-02
5.293615520813032e-02
6.182111077791533e-02
7.203357174768633e-02
8.374071571130702e-02
9.712322866961411e-02
1.123472411771173e-01
1.296046686136023e-01
1.490772645148169e-01
1.709433236798148e-01
1.953720935838290e-01
2.224936525559508e-01
2.524369848113845e-01
2.852511421074448e-01
3.209595923852437e-01
3.595058889358248e-01
4.007393227360715e-01
4.444080904425075e-01
4.901643084022367e-01
5.375224196405378e-01
5.859192348982877e-01
6.346448547838237e-01
6.829025533681914e-01
7.298556758856097e-01
7.746201633821795e-01
8.163660442881907e-01
8.543202641085019e-01
8.878778338256680e-01
9.166098394253163e-01
9.403588918516019e-01
9.592086426801767e-01
9.734981334608953e-01
9.837788462475148e-01
9.907408339227096e-01
9.951340129491778e-01
9.976008717366841e-01
9.988990538007406e-01
9.995382963719520e-01
9.998248331029586e-01
9.999405022160789e-01
9.999821110986508e-01
9.999952970071238e-01
9.999989336177544e-01
9.999997946239064e-01
9.999999669714676e-01
9.999999956457486e-01
9.999999995384451e-01
9.999999999615815e-01
9.999999999975234e-01
9.999999999998842e-01
9.999999999999950e-01
1.000000000000000e+00
9.999999999999999e-01
1.000000000000000e+00
1.000000000000000e+00
1.000000000000000e+00
1.000000000000000e+00
1.000000000000000e+00
1.000000000000000e+00
1.000000000000000e+00
1.000000000000000e+00
###8.800000000000001e+00
1.904519957694910e-09
2.412340520053848e-09
3.031130979878851e-09
3.772508861348183e-09
4.683378792840587e-09
5.802096483283110e-09
7.164780837610971e-09
8.828481614898076e-09
1.086184610505029e-08
1.334723485705061e-08
1.638172847928115e-08
2.008983979437636e-08
2.462139982841163e-08
3.015728646218107e-08
3.692264171510647e-08
4.518064582747510e-08
5.526337561876141e-08
6.757327997061267e-08
8.259904486223363e-08
1.009312317728808e-07
1.233492874429760e-07
1.505848551715566e-07
1.838494953712312e-07
2.244293337381749e-07
2.738678156406259e-07
3.341201587819369e-07
4.075494022235493e-07
4.969934328368949e-07
6.059130396118428e-07
7.385272707713844e-07
8.999619485146747e-07
1.096401831355396e-06
1.335453200139439e-06
1.626102140600611e-06
1.979694440998116e-06
2.409243988191950e-06
2.931388718645170e-06
3.565729894616038e-06
4.336270379993068e-06
5.271484155140084e-06
6.406719655876308e-06
7.784148856261753e-06
9.454860565375690e-06
1.148057386992378e-05
1.393625788424600e-05
1.691078249147570e-05
2.051340768352826e-05
2.487571696048717e-05
3.015434671635640e-05
3.653947320798358e-05
4.426091666187617e-05
5.359190257075540e-05
6.486705024554849e-05
7.847934962624021e-05
9.490849573292383e-05
1.147261274489961e-04
1.386265943554615e-04
1.674108889640160e-04
2.020893170764658e-04
2.438311640428310e-04
2.940423407162699e-04
3.544090016113779e-04
4.269128476997248e-04
5.139907629851603e-04
6.184297715136942e-04
7.436583932310790e-04
8.936473742395561e-04
1.073232986193742e-03
1.288040914972136e-03
1.544607206714389e-03
1.850973474874969e-03
2.216599168591803e-03
2.652343591380655e-03
3.170636315806887e-03
3.787215679479223e-03
4.519614968963087e-03
5.388341784977455e-03
6.417944833062198e-03
7.636133222423703e-03
9.075789393386121e-03
1.077412669515079e-02
1.277495870689326e-02
1.512877502448299e-02
1.789167757832281e-02
2.112898375592381e-02
2.491702183226509e-02
2.933769984371858e-02
3.448576572050820e-02
4.046701970642974e-02
4.739866744890170e-02
5.540992378742218e-02
6.464661165595237e-02
7.524932428080311e-02
8.738700127462640e-02
1.012416952975552e-01
1.169787592435512e-01
1.347892058669009e-01
1.548518834949135e-01
1.773404231212062e-01
2.024173034688971e-01
2.302030622231420e-01
2.608152131901287e-01
2.942869075691671e-01
3.306242471306106e-01
3.697500414999104e-01
4.114905783538131e-01
4.555691178466980e-01
5.016125969903434e-01
5.491110657093067e-01
5.974790346076829e-01
6.459933308869280e-01
6.938453439954428e-01
7.401995864786985e-01
7.841843486393221e-01
8.249938681782391e-01
8.618914992531025e-01
8.943192059088377e-01
9.219024090183640e-01
9.445392676158617e-01
9.623657343632073e-01
9.757632589132615e-01
9.853104756759768e-01
9.917075544928229e-01
9.956965019791835e-01
9.979063174884834e-01
9.990528106228053e-01
9.996089333706988e-01
9.998541489316340e-01
9.999513789699818e-01
9.999856774599971e-01
9.999963177973324e-01
9.999991851504502e-01
9.999998471648660e-01
9.999999761150188e-01
9.999999969471653e-01
9.999999996869197e-01
9.999999999748572e-01
9.999999999984355e-01
9.999999999999306e-01
9.999999999999969e-01
1.000000000000000e+00
9.999999999999999e-01
1.000000000000000e+00
1.000000000000000e+00
1.000000000000000e+00
1.000000000000000e+00
1.000000000000000e+00
1.000000000000000e+00
1.000000000000000e+00
1.000000000000000e+00
###9.000000000000000e+00
2.061224726606598e-09
2.609651383658712e-09
3.279117254597207e-09
4.080986808871842e-09
5.066048440073493e-09
6.275714913014519e-09
7.748880308539563e-09
9.547126725208756e-09
1.174452613308923e-08
1.442991906206987e-08
1.770793468692530e-08
2.171281764626337e-08
2.660610660974491e-08
3.258268348687964e-08
3.988514097706498e-08
4.879684496936237e-08
5.967540929292673e-08
7.295410132396074e-08
8.915885639222876e-08
1.089250714516561e-07
1.330900224553475e-07
1.624437189110605e-07
1.982861720192088e-07
2.420001600112475e-07
2.952440061932258e-07
3.601183844263245e-07
4.391610844734611e-07
5.354188627804295e-07
6.526057931570782e-07
7.952491279271496e-07
9.688470377157094e-07
1.180031389953207e-06
1.436956195064248e-06
1.749250138981296e-06
2.129071267160657e-06
2.590347518840104e-06
3.150898802757557e-06
3.831699414603872e-06
4.658428948523026e-06
5.661532796414916e-06
6.878797401042574e-06
8.355294113179849e-06
1.014559232662303e-05
1.231559463353016e-05
1.494532523177573e-05
1.812956779738804e-05
2.198487651941952e-05
2.665150885285186e-05
3.229635382159350e-05
3.912193013359086e-05
4.737297911741939e-05
5.734014099595638e-05
6.937934374773163e-05
8.390826988019565e-05
1.014366076782107e-04
1.225713570645910e-04
1.480500841574950e-04
1.787204861622274e-04
2.156555763606319e-04
2.600936334668923e-04
3.135231554778445e-04
3.777285388118165e-04
4.548060134918375e-04
5.473296081045524e-04
6.582427362437955e-04
7.911650822497371e-04
9.502829515031126e-04
1.140692845813890e-03
1.368320349524345e-03
1.640036734108512e-03
1.964301009854848e-03
2.351048033983285e-03
2.811671301679863e-03
3.359190877308743e-03
4.010109844317537e-03
4.782765598724983e-03
5.698566779006832e-03
6.783170365283813e-03
8.065465593020271e-03
9.579679991773534e-03
1.136444628975776e-02
1.346539161208438e-02
1.593476297960767e-02
1.883074827836531e-02
2.222074513035127e-02
2.618359322715850e-02
3.080353802322815e-02
3.617793286059757e-02
4.241519774707210e-02
4.963540507951483e-02
5.796999858145337e-02
6.756739214735109e-02
7.856959673149434e-02
9.114715532609501e-02
1.054832598218425e-01
1.217422148141151e-01
1.401137870490777e-01
1.607735172497444e-01
1.838899070996791e-01
2.096181430120157e-01
2.380686627065954e-01
2.693468432872787e-01
3.034695859858506e-01
3.404248616105486e-01
3.801143941778542e-01
4.223411892312506e-01
4.668035585413246e-01
5.131035322141337e-01
5.607074229744058e-01
6.090086935994243e-01
6.572718571798791e-01
7.046789005224341e-01
7.503975676382848e-01
7.935708587348821e-01
8.334195243106970e-01
8.692453322774436e-01
9.005384833007095e-01
9.269791267591040e-01
9.485202319540315e-01
9.653482055780572e-01
9.778840603462343e-01
9.867302655703392e-01
9.925936374750051e-01
9.962055320430160e-01
9.981790219020832e-01
9.991881193223767e-01
9.996701201847524e-01
9.998791067487554e-01
9.999604649202722e-01
9.999885955431634e-01
9.999971343491901e-01
9.999993814559499e-01
9.999998870849292e-01
9.999999828631937e-01
9.999999978779518e-01
9.999999997895920e-01
9.999999999837117e-01
9.999999999990213e-01
9.999999999999590e-01
9.999999999999980e-01
1.000000000000000e+00
9.999999999999999e-01
1.000000000000000e+00
1.000000000000000e+00
1.000000000000000e+00
1.000000000000000e+00
1.000000000000000e+00
1.000000000000000e+00
1.000000000000000e+00
1.000000000000000e+00
###9.199999999999999e+00
2.229320326452466e-09
2.821342399151429e-09
3.545180704136874e-09
4.411935228494224e-09
5.476564984597406e-09
6.783755342803508e-09
8.375363376920987e-09
1.031782136359200e-08
1.269100438911246e-08
1.559068236649547e-08
1.912955150964172e-08
2.345225790884102e-08
2.873285286340939e-08
3.518117619737883e-08
4.305846023055355e-08
5.266961579006394e-08
6.439951728771845e-08
7.871431823113118e-08
9.617969133774346e-08
1.174788413079648e-07
1.435104555536132e-07
1.751275467241830e-07
2.137235604300878e-07
2.607845319975753e-07
3.180910888606914e-07
3.878987693555168e-07
4.729313598805324e-07
5.764578375063958e-07
7.024616271549120e-07
8.557977172518697e-07
1.042360035183347e-06
1.269255491248673e-06
1.545219920847638e-06
1.880564202738527e-06
2.288308578344721e-06
2.783350777156662e-06
3.384764279989916e-06
4.114979111403761e-06
5.001451752459410e-06
6.076715971530893e-06
7.381140274042092e-06
8.962864519707925e-06
1.088014089590147e-05
1.320329633395338e-05
1.601769879668502e-05
1.942438111781327e-05
2.354760017387376e-05
2.853677130951523e-05
3.456960043255926e-05
4.186162468787764e-05
5.067330949714851e-05
6.131364451346579e-05
7.416099564613044e-05
8.965902927655495e-05
1.083489804750874e-04
1.308750228067814e-04
1.580200846093078e-04
1.906809929256400e-04
2.299964618006996e-04
2.772771457122162e-04
3.340980807191272e-04
4.023465344935539e-04
4.842384969172423e-04
5.824915352970865e-04
7.002123545481441e-04
8.412201760509727e-04
1.009926139536101e-03
1.211698034531745e-03
1.452773483141819e-03
1.740372592588799e-03
2.083387942188501e-03
2.492248131547372e-03
2.978900346748809e-03
3.556976126376486e-03
4.243758620239412e-03
5.058446817477015e-03
6.023351141748588e-03
7.165276171962822e-03
8.514323177429787e-03
1.010610645088978e-02
1.198071175948057e-02
1.418561243074834e-02
1.677484799740300e-02
1.980874639328744e-02
2.335679286237817e-02
2.750036930937488e-02
3.232607767502887e-02
3.793387679899941e-02
4.443479703154307e-02
5.195172269632819e-02
6.061828695631826e-02
7.058539350288527e-02
8.199632262875693e-02
9.502305016918490e-02
1.098496691218480e-01
1.266391488221947e-01
1.455796539936185e-01
1.668430009883907e-01
1.905920838018548e-01
2.169742607563087e-01
2.460893097011218e-01
2.780298509469499e-01
3.127960411067615e-01
3.503571317036036e-01
3.905933948988142e-01
4.332843249662590e-01
4.781033329677001e-01
5.246278915144308e-01
5.723013235701572e-01
6.204973531947041e-01
6.683630209083540e-01
7.153923034098292e-01
7.604393945754973e-01
8.027706923230870e-01
8.416357048322345e-01
8.763765598695388e-01
9.065327664442397e-01
9.318393960590357e-01
9.523032596210280e-01
9.681591499605003e-01
9.798646511219221e-01
9.880426767167810e-01
9.934032856468308e-01
9.966646135387724e-01
9.984215818914574e-01
9.993067032456487e-01
9.997228816377700e-01
9.999002490299620e-01
9.999680136496120e-01
9.999909689670966e-01
9.999977832675061e-01
9.999995335683034e-01
9.999999171799180e-01
9.999999878013807e-01
9.999999985375475e-01
9.999999998598883e-01
9.999999999895544e-01
9.999999999993935e-01
9.999999999999764e-01
9.999999999999987e-01
1.000000000000000e+00
1.000000000000000e+00
1.000000000000000e+00
1.000000000000000e+00
1.000000000000000e+00
1.000000000000000e+00
1.000000000000000e+00
1.000000000000000e+00
1.000000000000000e+00
1.000000000000000e+00
###9.399999999999999e+00
2.409541624609585e-09
3.048341241960257e-09
3.830487808051866e-09
4.766802942998396e-09
5.916721848899181e-09
7.328431500211447e-09
9.046950836845932e-09
1.114389964282029e-08
1.370535777692092e-08
1.683450151943968e-08
2.065264346454599e-08
2.531554127829659e-08
3.101061228135811e-08
3.796366502881683e-08
4.645583113934359e-08
5.681500542973799e-08
6.945514805604754e-08
8.487748726459060e-08
1.036900659236465e-07
1.266270408771977e-07
1.546526347211388e-07
1.886867570891996e-07
2.302225641269652e-07
2.808559904262822e-07
3.424978094099806e-07
4.175683591936947e-07
5.089892936868852e-07
6.202658981680104e-07
7.556678920778981e-07
9.203985986579568e-07
1.120772375874793e-06
1.364400568385603e-06
1.660636869643993e-06
2.020515915139862e-06
2.457972758204380e-06
2.988933523067085e-06
3.633800599079694e-06
4.416546710046023e-06
5.366510557867352e-06
6.518436555900386e-06
7.915426997456375e-06
9.608868057998853e-06
1.166090630260062e-05
1.414654566883695e-05
1.715680045005443e-05
2.079930377936304e-05
2.520644298405726e-05
3.053729775937271e-05
3.698098086744831e-05
4.476675436456837e-05
5.417164702002745e-05
6.552397340978708e-05
7.922571599370629e-05
9.574787129545761e-05
1.156648404142348e-04
1.396598576454066e-04
1.685634513885041e-04
2.033240888567978e-04
2.451493078097506e-04
2.954256459599300e-04
3.558187757220112e-04
4.283236360711710e-04
5.152813776966270e-04
6.195523502925285e-04
7.444358939664049e-04
8.939372396421553e-04
1.072709259990332e-03
1.286402458443058e-03
1.541578999936879e-03
1.845821789165161e-03
2.208473608432147e-03
2.640475579406595e-03
3.154348530821706e-03
3.764356817508218e-03
4.488590795399310e-03
5.347135806984381e-03
6.363241584194912e-03
7.564878283565222e-03
8.983402467342595e-03
1.065585294740129e-02
1.262380191101769e-02
1.493660203469074e-02
1.765012952196292e-02
2.082687385623212e-02
2.453844506831364e-02
2.886878571116181e-02
3.390682309941979e-02
3.975524702702917e-02
4.652757460149282e-02
5.434945866172051e-02
6.335668199513733e-02
7.370252947032942e-02
8.553139150672298e-02
9.901649385784185e-02
1.143425811695464e-01
1.316709841028974e-01
1.511878960786125e-01
1.730609775790082e-01
1.974470233414538e-01
2.244850204432975e-01
2.542635098246108e-01
2.868617560975518e-01
3.222626399272594e-01
3.604161570338972e-01
4.011807661451280e-01
4.443122356513021e-01
4.894591447221912e-01
5.361745668766457e-01
5.838796839185393e-01
6.319253597393779e-01
6.790035423156581e-01
7.259588803925155e-01
7.703083229927290e-01
8.117699554653405e-01
8.496322042919474e-01
8.832780890899917e-01
9.122981065963491e-01
9.364821130616136e-01
9.558896596541202e-01
9.708017935584751e-01
9.817091973579541e-01
9.892522161633353e-01
9.941406273018906e-01
9.970771714706648e-01
9.986364916278470e-01
9.994101906217471e-01
9.997681682158770e-01
9.999180689677325e-01
9.999742507666853e-01
9.999928877992302e-01
9.999982955868845e-01
9.999996505942313e-01
9.999999396915012e-01
9.999999913845397e-01
9.999999990006968e-01
9.999999999075445e-01
9.999999999933689e-01
9.999999999996274e-01
9.999999999999868e-01
9.999999999999991e-01
1.000000000000000e+00
1.000000000000000e+00
1.000000000000000e+00
1.000000000000000e+00
1.000000000000000e+00
1.000000000000000e+00
1.000000000000000e+00
1.000000000000000e+00
1.000000000000000e+00
1.000000000000000e+00
###9.599999999999998e+00
2.602665334282090e-09
3.291628462921256e-09
4.136271551395069e-09
5.147121293537419e-09
6.388414468261520e-09
7.912082830060802e-09
9.766517640438719e-09
1.202888418015740e-08
1.479189318262075e-08
1.816663309168832e-08
2.228361498827325e-08
2.731046072798590e-08
3.344885814221915e-08
4.094165501966571e-08
5.009121644067205e-08
6.124994430293759e-08
7.486281615608527e-08
9.146845087766587e-08
1.117200464118181e-07
1.364060365735646e-07
1.665605358344128e-07
2.031744717435312e-07
2.478473363544831e-07
3.022919808379872e-07
3.685576021832777e-07
4.492398258922864e-07
5.474706995187439e-07
6.670066752714349e-07
8.124216288814322e-07
9.892889337085958e-07
1.204369376707025e-06
1.465809722574431e-06
1.783619371086244e-06
2.169600549808618e-06
2.638658466297261e-06
3.207809237635874e-06
3.898863391470796e-06
4.737427664064766e-06
5.754833681890627e-06
6.988165153636857e-06
8.483417078840335e-06
1.029540828312664e-05
1.249040195718564e-05
1.514834348481394e-05
1.836621122654519e-05
2.225860542557972e-05
2.696649192603731e-05
3.265914449933261e-05
3.953769954417398e-05
4.784588192912708e-05
5.787816106490001e-05
6.998319373691998e-05
8.458780881342876e-05
1.021917360745736e-04
1.234042297343656e-04
1.489495491053808e-04
1.797081544413675e-04
2.166827538077725e-04
2.611529626132862e-04
3.145848388309480e-04
3.787389401632546e-04
4.557228524220488e-04
5.480084493946174e-04
6.586045254462120e-04
7.910142288421987e-04
9.494340128788708e-04
1.138769429303581e-03
1.364965516142856e-03
1.634921854966800e-03
1.956598470079765e-03
2.339805447698081e-03
2.796015665264770e-03
3.338343998766990e-03
3.981709367563890e-03
4.745036981124003e-03
5.649323800309683e-03
6.718809825267831e-03
7.982614250275938e-03
9.473418013095189e-03
1.122972302842851e-02
1.329461614144187e-02
1.571936289497521e-02
1.856171845607374e-02
2.188635532938308e-02
2.576704243074948e-02
3.029029969458029e-02
3.554738780701126e-02
4.164368414893465e-02
4.869530079777595e-02
5.683046012238454e-02
6.618707921320238e-02
7.692070819194095e-02
8.917667751033137e-02
1.031292677489176e-01
1.189636143975960e-01
1.368390904798643e-01
1.569395363395136e-01
1.794280120180409e-01
2.044547106719242e-01
2.321496979138857e-01
2.625896991825526e-01
2.958400325077736e-01
3.318657841493823e-01
3.705971958093108e-01
4.118705985542447e-01
4.554179065473521e-01
5.008630329549252e-01
5.477351310556109e-01
5.954341294988211e-01
6.432893185779472e-01
6.900979716063294e-01
7.363820307838960e-01
7.800002454272386e-01
8.205649808151919e-01
8.574057524595511e-01
8.899481602587977e-01
9.178345475234150e-01
9.409091529868376e-01
9.592828901936268e-01
9.732805729492133e-01
9.834228141398457e-01
9.903638580827404e-01
9.948101555289114e-01
9.974466795256632e-01
9.988261985922857e-01
9.995001344510444e-01
9.998068643020953e-01
9.999330145274786e-01
9.999793762747864e-01
9.999944299223712e-01
9.999986974417878e-01
9.999997399905403e-01
9.999999564009916e-01
9.999999939627705e-01
9.999999993229650e-01
9.999999999395391e-01
9.999999999958332e-01
9.999999999997706e-01
9.999999999999929e-01
9.999999999999993e-01
1.000000000000000e+00
1.000000000000000e+00
1.000000000000000e+00
1.000000000000000e+00
1.000000000000000e+00
1.000000000000000e+00
1.000000000000000e+00
1.000000000000000e+00
1.000000000000000e+00
1.000000000000000e+00
###9.799999999999997e+00
2.809512105956269e-09
3.552240137264419e-09
4.463834756922559e-09
5.554508266959536e-09
6.893645385357083e-09
8.537180761077857e-09
1.053710066964148e-08
1.297649544517827e-08
1.595515876471275e-08
1.959262726158053e-08
2.402922712161900e-08
2.944524172469343e-08
3.605758761690446e-08
4.412728516164500e-08
5.397934522665408e-08
6.599228840918752e-08
8.064415318514858e-08
9.851339860212386e-08
1.203013219829579e-07
1.468541493551917e-07
1.792804861298640e-07
2.186468265474947e-07
2.666654195313702e-07
3.251740329259792e-07
3.963688041003096e-07
4.830317233792127e-07
5.885184433668549e-07
7.168522505519770e-07
8.729299993786808e-07
1.062717997238877e-06
1.293450840968498e-06
1.573843352502954e-06
1.914600446994256e-06
2.328338082464446e-06
2.830989836357249e-06
3.440726537800230e-06
4.180850152217055e-06
5.078697337111092e-06
6.167708817052639e-06
7.487442827072357e-06
9.086953636125480e-06
1.102468817809333e-05
1.337125908163983e-05
1.621183064804563e-05
1.964967739683966e-05
2.380675111209546e-05
2.883306485287857e-05
3.490864034670674e-05
4.224728221454933e-05
5.110794892420515e-05
6.180346635360758e-05
7.470389495317264e-05
9.026219262433585e-05
1.090082843338719e-04
1.315880350058108e-04
1.587687727075135e-04
1.914833246828297e-04
2.307936598896483e-04
2.780478504923799e-04
3.348022478690659e-04
4.029143847057529e-04
4.846096380654622e-04
5.824963751019725e-04
6.997391570437228e-04
8.400520364110840e-04
1.007832512253501e-03
1.208248636578730e-03
1.447552142967021e-03
1.732993284347404e-03
2.072923885898968e-03
2.477638906968199e-03
2.959162670433539e-03
3.531224954091010e-03
4.209421383904914e-03
5.013540182545408e-03
5.965515710140255e-03
7.090610493535971e-03
8.419150144569117e-03
9.985102280523572e-03
1.182853927913127e-02
1.399411820858951e-02
1.653492983670318e-02
1.951074664533437e-02
2.298843622432081e-02
2.704394562678664e-02
3.176638725662829e-02
3.724936777760588e-02
4.360093038586868e-02
5.093975262161398e-02
5.939657270509513e-02
6.911136275961283e-02
8.024181409364754e-02
9.293401597620884e-02
1.073630963757546e-01
1.237143090176072e-01
1.421447350985546e-01
1.628354675519329e-01
1.859445087523420e-01
2.116149379122908e-01
2.399673428380498e-01
2.710660548055980e-01
3.049618637111838e-01
3.416015584942275e-01
3.808951672641621e-01
4.226566277507074e-01
4.665939507946937e-01
5.123066446970110e-01
5.593006483929793e-01
6.069556176844395e-01
6.545818304003332e-01
7.010630089913562e-01
7.466598714227632e-01
7.895098919052979e-01
8.291513425866257e-01
8.649530380857542e-01
8.963852188610423e-01
9.231425409316651e-01
9.451228642332351e-01
9.624868560670589e-01
9.756002903388009e-01
9.850108297619655e-01
9.913827376210782e-01
9.954162674425455e-01
9.977765170903452e-01
9.989930362990576e-01
9.995779874308274e-01
9.998397802762934e-01
9.999454874914265e-01
9.999835655012212e-01
9.999956619559262e-01
9.999990106113911e-01
9.999998077990495e-01
9.999999687086558e-01
9.999999958024995e-01
9.999999995451907e-01
9.999999999608130e-01
9.999999999974089e-01
9.999999999998611e-01
9.999999999999964e-01
9.999999999999994e-01
1.000000000000000e+00
1.000000000000000e+00
1.000000000000000e+00
1.000000000000000e+00
1.000000000000000e+00
1.000000000000000e+00
1.000000000000000e+00
1.000000000000000e+00
1.000000000000000e+00
1.000000000000000e+00
###9.999999999999996e+00
3.030948711638130e-09
3.831270617435142e-09
4.814553540228674e-09
5.990672791181260e-09
7.434529551916694e-09
9.206335248653249e-09
1.136190652896932e-08
1.399066148444717e-08
1.719995567571404e-08
2.111834215412155e-08
2.589661486328825e-08
3.172856317199839e-08
3.884734705149422e-08
4.753335882323411e-08
5.813574999660886e-08
7.106086361296129e-08
8.682196091049314e-08
1.060399307948089e-07
1.294672820065273e-07
1.580117473029440e-07
1.928612777328099e-07
2.351634763968899e-07
2.867478866922812e-07
3.495879476240208e-07
4.260348764714546e-07
5.190687496870426e-07
6.322827553618094e-07
7.699835268870807e-07
9.374107267973034e-07
1.140947697393573e-06
1.388331678382111e-06
1.688879900275475e-06
2.054034673399732e-06
2.497274209629297e-06
3.035621680621182e-06
3.688470593089750e-06
4.480701923901724e-06
5.441482861177264e-06
6.606485360749641e-06
8.017871145495612e-06
9.727966570978741e-06
1.179901401255808e-05
1.430623105780988e-05
1.734029254587848e-05
2.101111639424710e-05
2.544840819837427e-05
3.081171847610133e-05
3.729239590205355e-05
4.511758670081247e-05
5.456228761455369e-05
6.595863709987943e-05
7.969920610603121e-05
9.626441887110727e-05
1.162159182603784e-04
1.402380106172410e-04
1.691432181423713e-04
2.039192807768017e-04
2.456906084498371e-04
2.958760026260875e-04
3.561272514826022e-04
4.284030649389634e-04
5.150519239047549e-04
6.188246716624360e-04
7.430491384812916e-04
8.916577584048466e-04
1.069259061100540e-03
1.281293784994298e-03
1.534332864899921e-03
1.835990863194055e-03
2.195026449389240e-03
2.622237492958159e-03
3.130219908094544e-03
3.733339672460499e-03
4.447891643135281e-03
5.294555716322038e-03
6.296230042175553e-03
7.479232091703978e-03
8.875127292163505e-03
1.051920488977512e-02
1.245314281724105e-02
1.472320695861380e-02
1.738438795351090e-02
2.049836674202065e-02
2.413438161217323e-02
2.837053369688254e-02
3.329854045978060e-02
3.901436209038409e-02
4.562868236539917e-02
5.326270871710001e-02
6.204963458843622e-02
7.213139823203023e-02
8.366769913077762e-02
9.680519278761061e-02
1.117196344727742e-01
1.285961113385487e-01
1.475890634247286e-01
1.688764291832036e-01
1.926106836893829e-01
2.189272701082460e-01
2.479367365357388e-01
2.796904419551622e-01
3.142240760882433e-01
3.514656436381386e-01
3.913045352096944e-01
4.335320732745196e-01
4.778323766643213e-01
5.237808850143092e-01
5.708610897210763e-01
6.184334725132917e-01
6.657923147152347e-01
7.118909241472456e-01
7.567811713661001e-01
7.988284950406271e-01
8.375220887006004e-01
8.722694319552895e-01
9.025871646271761e-01
9.282222595155393e-01
9.491255568054501e-01
9.655055370726979e-01
9.777661039889738e-01
9.864786081737650e-01
9.923139206943166e-01
9.959632421975290e-01
9.980699244876448e-01
9.991392040186077e-01
9.996450945170541e-01
9.998676519143430e-01
9.999558450085275e-01
9.999869707982358e-01
9.999966403886879e-01
9.999992530822465e-01
9.999998588691854e-01
9.999999777045072e-01
9.999999971044051e-01
9.999999996970608e-01
9.999999999748238e-01
9.999999999984058e-01
9.999999999999162e-01
9.999999999999984e-01
9.999999999999996e-01
1.000000000000000e+00
1.000000000000000e+00
1.000000000000000e+00
1.000000000000000e+00
1.000000000000000e+00
1.000000000000000e+00
1.000000000000000e+00
1.000000000000000e+00
1.000000000000000e+00
1.000000000000000e+00
###1.020000000000000e+01
3.267890345254164e-09
4.129875369234870e-09
5.189880878112955e-09
6.457419153468785e-09
8.013299780427737e-09
9.922301522805963e-09
1.224431989540127e-08
1.507552790396975e-08
1.853135035703084e-08
2.274995853400868e-08
2.789330493127265e-08
3.416957883926293e-08
4.182925781026476e-08
5.117337482685737e-08
6.257680355254758e-08
7.647551035027598e-08
9.342026478238329e-08
1.140771226282410e-07
1.392530919487659e-07
1.699213358387230e-07
2.073542742405771e-07
2.527855238701715e-07
3.081696136917338e-07
3.756239823231817e-07
4.576646273783733e-07
5.574820140704991e-07
6.789215485193392e-07
8.265906083056042e-07
1.006092542901378e-06
1.224253113053231e-06
1.489342542406935e-06
1.811316618797422e-06
2.202399076896860e-06
2.676981407888688e-06
3.253240728054731e-06
3.951864602780865e-06
4.799404978184858e-06
5.826965254050013e-06
7.072576720786541e-06
8.581150525070450e-06
1.040847598036301e-05
1.262079831670568e-05
1.529819796077811e-05
1.853716447539753e-05
2.245462297778920e-05
2.718845351069276e-05
3.290825670060083e-05
3.981731307431121e-05
4.815681402767576e-05
5.821863372282554e-05
7.035522145886779e-05
8.498281218808781e-05
1.026106902077073e-04
1.238338016320440e-04
1.493767994196612e-04
1.800996103328038e-04
2.170475333514724e-04
2.614102471437913e-04
3.146810592824469e-04
3.786111178941198e-04
4.552651274519424e-04
5.471201757699260e-04
6.570757784741709e-04
7.886307276552286e-04
9.459436936347058e-04
1.133844396726704e-03
1.358056812408833e-03
1.625483933156416e-03
1.944118654379172e-03
2.323141898325822e-03
2.773872949699366e-03
3.309499912684934e-03
3.945046698482630e-03
4.697530290720665e-03
5.588551407591028e-03
6.641998929736546e-03
7.885277746518961e-03
9.351226832969583e-03
1.107649137828266e-02
1.310425088622226e-02
1.548282942997412e-02
1.826873897947699e-02
2.152574925990228e-02
2.532547447426165e-02
2.974820248475303e-02
3.488826604683671e-02
4.084398125583645e-02
4.772864341487084e-02
5.566594797654311e-02
6.479147571732398e-02
7.524903232842227e-02
8.720018310206984e-02
1.007919456442154e-01
1.162004696267339e-01
1.336103784525768e-01
1.531731067978871e-01
1.750630191044074e-01
1.994265817182932e-01
2.263910709884291e-01
2.560564292688142e-01
2.884604676828240e-01
3.236232155674421e-01
3.614534261004351e-01
4.018194670683760e-01
4.444898716027220e-01
4.891249422154556e-01
5.352764643363800e-01
5.824063173341743e-01
6.298570243809437e-01
6.769097039038187e-01
7.225737430938115e-01
7.667354269225286e-01
8.079478501569769e-01
8.456709559175586e-01
8.793510362375404e-01
9.085525376092469e-01
9.330746028715663e-01
9.529201796940645e-01
9.683434177649801e-01
9.797833979573120e-01
9.878316895330218e-01
9.931625031755983e-01
9.964553248110497e-01
9.983300173578281e-01
9.992667731984358e-01
9.997026970340303e-01
9.998911442085821e-01
9.999644028049907e-01
9.999897042490372e-01
9.999974127836039e-01
9.999994395937974e-01
9.999998970610374e-01
9.999999842293127e-01
9.999999980180597e-01
9.999999997999254e-01
9.999999999839644e-01
9.999999999990301e-01
9.999999999999494e-01
9.999999999999996e-01
9.999999999999997e-01
1.000000000000000e+00
1.000000000000000e+00
1.000000000000000e+00
1.000000000000000e+00
1.000000000000000e+00
1.000000000000000e+00
1.000000000000000e+00
1.000000000000000e+00
1.000000000000000e+00
1.000000000000000e+00
###1.040000000000000e+01
3.521302856681228e-09
4.449274008497703e-09
5.591350430188244e-09
6.956651737119525e-09
8.632312590376860e-09
1.068798701585522e-08
1.318791229254354e-08
1.623546859471515e-08
1.995468749327721e-08
2.449399562178772e-08
3.002723490404207e-08
3.677794048779302e-08
4.501504413630556e-08
5.506156236733409e-08
6.731975961468348e-08
8.225713224667334e-08
1.004643724129337e-07
1.226555941987894e-07
1.496957774877544e-07
1.826276587224907e-07
2.228135303694904e-07
2.715782085768621e-07
3.310093062967074e-07
4.033770570134208e-07
4.913724577807037e-07
5.984093305728209e-07
7.286007685136338e-07
8.868732169576292e-07
1.079215688728997e-06
1.312923084434944e-06
1.596830531875621e-06
1.941570385221727e-06
2.360194123825654e-06
2.868060110302394e-06
3.484567036462581e-06
4.231771452065688e-06
5.137992835639618e-06
6.236381694739459e-06
7.567462881459430e-06
9.179052796302660e-06
1.113059605836333e-05
1.349256544683932e-05
1.635017183269742e-05
1.980603795157712e-05
2.398447645449641e-05
2.903198179955877e-05
3.512874044750187e-05
4.249059676826503e-05
5.137352149835905e-05
6.208714233903367e-05
7.500526011667462e-05
9.056897592588819e-05
1.093178861145771e-04
1.318818900394668e-04
1.590279693395697e-04
1.916657532256970e-04
2.309008496220334e-04
2.779911515908811e-04
3.345083565923781e-04
4.023070801211404e-04
4.835629911371125e-04
5.808874817524997e-04
6.973351534715856e-04
8.365836522653173e-04
1.003026114279655e-03
1.201723798241165e-03
1.438694831741514e-03
1.721187477802048e-03
2.057587376124101e-03
2.457513477556020e-03
2.932825454790103e-03
3.497324651352839e-03
4.166715072967408e-03
4.958759085518752e-03
5.896007855835312e-03
7.003368435014045e-03
8.309365640543988e-03
9.848146003386377e-03
1.165774404958344e-02
1.378285925862097e-02
1.627395968408106e-02
1.918906329210569e-02
2.259409070101610e-02
2.656301566481168e-02
3.117836427154165e-02
3.653708473590504e-02
4.273984613559328e-02
4.990252206626814e-02
5.815124758435962e-02
6.762391534263361e-02
7.846608982442917e-02
9.084105004209890e-02
1.048959598474769e-01
1.208071174783416e-01
1.387583728963130e-01
1.588977766892677e-01
1.813956876074871e-01
2.063920707620383e-01
2.340054974136627e-01
2.643247355657950e-01
2.973734776159955e-01
3.331555465964493e-01
3.715600000519741e-01
4.124338393004933e-01
4.555226858058432e-01
5.004631694887369e-01
5.467839168343485e-01
5.939261058133659e-01
6.412156241015653e-01
6.879229811948037e-01
7.331033465864316e-01
7.765128100556259e-01
8.168603302427342e-01
8.535923728525380e-01
8.861946835429910e-01
9.142806081320443e-01
9.377011659768290e-01
9.565102771496881e-01
9.710054339301613e-01
9.816578141395167e-01
9.890757361108506e-01
9.939335679508509e-01
9.968965735727938e-01
9.985597703240843e-01
9.993776820026267e-01
9.997519330840994e-01
9.999108541124361e-01
9.999714378906400e-01
9.999919108808698e-01
9.999980185484347e-01
9.999995821168550e-01
9.999999254068047e-01
9.999999889269223e-01
9.999999986533695e-01
9.999999998691010e-01
9.999999999898403e-01
9.999999999994239e-01
9.999999999999678e-01
1.000000000000000e+00
9.999999999999997e-01
1.000000000000000e+00
1.000000000000000e+00
1.000000000000000e+00
1.000000000000000e+00
1.000000000000000e+00
1.000000000000000e+00
1.000000000000000e+00
1.000000000000000e+00
1.000000000000000e+00
1.000000000000000e+00
###1.059999999999999e+01
3.792205404928525e-09
4.790753476924715e-09
6.020580534720709e-09
7.490383787086671e-09
9.294054320011080e-09
1.150645917606200e-08
1.419645126501872e-08
1.747509693106471e-08
2.147560360700079e-08
2.635732760206681e-08
3.230677319851172e-08
3.956382201459373e-08
4.841706236528567e-08
5.921291863213429e-08
7.238279507191268e-08
8.842774693651829e-08
1.079809345417865e-07
1.318075839414826e-07
1.608343124997191e-07
1.961778025135963e-07
2.392959208461592e-07
2.916101555288245e-07
3.553497348461307e-07
4.329469692271366e-07
5.272786173590918e-07
6.419955222925183e-07
7.814947553044276e-07
9.510411237512282e-07
1.157032425787444e-06
1.407260821263113e-06
1.711159913121887e-06
2.080078582066685e-06
2.527944739204645e-06
3.071140671140816e-06
3.730355411481717e-06
4.529095391685764e-06
5.497548223657211e-06
6.671027893324349e-06
8.092693471840205e-06
9.813429924595589e-06
1.189653884585741e-05
1.441695570753006e-05
1.746530199607881e-05
2.115066715000991e-05
2.560514804055267e-05
3.098431437534372e-05
3.747949798494244e-05
4.531976683280159e-05
5.477663714944541e-05
6.617840408370145e-05
7.992130523624232e-05
9.647255971220193e-05
1.164035884000895e-04
1.403809605085658e-04
1.692160477090508e-04
2.038705696107870e-04
2.455132997528732e-04
2.954734114863952e-04
3.554049883348859e-04
4.272704073172500e-04
5.133614283967744e-04
6.164296454016298e-04
7.396913800328420e-04
8.870112320137273e-04
1.063025406002128e-03
1.273037246878829e-03
1.523370314836704e-03
1.821631719042335e-03
2.176614644916755e-03
2.598392217540848e-03
3.099383938900472e-03
3.694025895153677e-03
4.398724774427684e-03
5.232011931667149e-03
6.217419079215844e-03
7.380899361869556e-03
8.752130131246830e-03
1.036659968896362e-02
1.226376550916680e-02
1.448996710904448e-02
1.709759493329869e-02
2.014646319803530e-02
2.370463054663974e-02
2.784841138372566e-02
3.266255368999885e-02
3.824651572958430e-02
4.470358925060536e-02
5.215203268922473e-02
6.072038295278528e-02
7.054876110205408e-02
8.178432775643633e-02
9.459204584243931e-02
1.091188655744105e-01
1.255410185027136e-01
1.440412589960048e-01
1.647638608288427e-01
1.878747334810965e-01
2.135068390888072e-01
2.417696719474898e-01
2.727397340255936e-01
3.064265560504340e-01
3.428170543473819e-01
3.817801725034718e-01
4.231412464193884e-01
4.666229191852651e-01
5.118383632188106e-01
5.582936244866877e-01
6.054101700733091e-01
6.524986751833598e-01
6.988214051284974e-01
7.434715805547293e-01
7.861041442627348e-01
8.255589175104551e-01
8.612814685376036e-01
8.927979374332362e-01
9.197713722755959e-01
9.421042084238864e-01
9.598999451306026e-01
9.734969211190503e-01
9.833952279981401e-01
9.902164840985097e-01
9.946321477547221e-01
9.972909638259625e-01
9.987620053415177e-01
9.994737325501116e-01
9.997938394902529e-01
9.999273140511491e-01
9.999771920917397e-01
9.999936907037705e-01
9.999984910108584e-01
9.999996903364879e-01
9.999999463028297e-01
9.999999922838276e-01
9.999999990914136e-01
9.999999999153111e-01
9.999999999935447e-01
9.999999999996841e-01
9.999999999999729e-01
1.000000000000003e+00
9.999999999999991e-01
1.000000000000000e+00
9.999999999999999e-01
1.000000000000000e+00
1.000000000000000e+00
1.000000000000000e+00
1.000000000000000e+00
1.000000000000000e+00
1.000000000000000e+00
1.000000000000000e+00
1.000000000000000e+00
###1.079999999999999e+01
4.081673009458703e-09
5.155671296215396e-09
6.479278302873825e-09
8.060731989642593e-09
1.000114837128742e-08
1.238095305680459e-08
1.527390979151283e-08
1.879927723225736e-08
2.310004099833276e-08
2.834720049357340e-08
3.474073946383034e-08
4.253794456635048e-08
5.204833046708661e-08
6.364322948004414e-08
7.778505286879965e-08
9.501053758943150e-08
1.159980068999448e-07
1.415670223858990e-07
1.727097077390250e-07
2.106213041040814e-07
2.568612658900263e-07
3.129535264585349e-07
3.812779147160426e-07
4.644386091194234e-07
5.655094605722428e-07
6.883927259438737e-07
8.377866076118876e-07
1.019314577900275e-06
1.239807544846019e-06
1.507584505299140e-06
1.832712831122665e-06
2.227299925344544e-06
2.706201288619975e-06
3.286882340595937e-06
3.991372338033060e-06
4.844783570417279e-06
5.879204965414706e-06
7.132260306007357e-06
8.649890328843262e-06
1.048621956220495e-05
1.270861796250661e-05
1.539672975393879e-05
1.864688020987319e-05
2.257497384384961e-05
2.732130790883010e-05
3.305100733237263e-05
3.996713426037539e-05
4.831266895595182e-05
5.837547240704105e-05
7.050345999045675e-05
8.511643738703671e-05
1.027090454604956e-04
1.238861040286160e-04
1.493526376444379e-04
1.799665511172857e-04
2.167441351447079e-04
2.609202962525177e-04
3.138986742949877e-04
3.774198550525906e-04
4.535584587840948e-04
5.447276264683601e-04
6.538252536272270e-04
7.842362417153548e-04
9.400204598950197e-04
1.126066155900274e-03
1.347929519557907e-03
1.612251190303927e-03
1.927011067032909e-03
2.301425074363959e-03
2.746037028539127e-03
3.273846170196928e-03
3.899945283748046e-03
4.641466747610116e-03
5.517734851641176e-03
6.553292408526272e-03
7.775171300462460e-03
9.214221276573795e-03
1.090731962199710e-02
1.289537638506568e-02
1.522641351917993e-02
1.795475180303001e-02
2.114206010031325e-02
2.485855949099429e-02
2.918292471384694e-02
3.420212335050696e-02
4.001804320811569e-02
4.673684999488532e-02
5.447889145236787e-02
6.337512350183727e-02
7.356780468990562e-02
8.520556050990731e-02
9.845487317302447e-02
1.134622321515687e-01
1.304035317832102e-01
1.494600962558564e-01
1.707720162999317e-01
1.945002971465304e-01
2.207703879814022e-01
2.496821649571518e-01
2.812992614199669e-01
3.156165229812916e-01
3.526034445396329e-01
3.921084666328074e-01
4.339350085889766e-01
4.777827277919990e-01
5.232416287224432e-01
5.697958404501245e-01
6.168481929873582e-01
6.636956658152150e-01
7.095945227911865e-01
7.536703658940518e-01
7.955008903962916e-01
8.340372167990334e-01
8.687340782448580e-01
8.991590890355169e-01
9.250255358872370e-01
9.462866207644880e-01
9.630937859638404e-01
9.758235631451735e-01
9.850016956457576e-01
9.912596990853649e-01
9.952631918601768e-01
9.976423334048021e-01
9.989393844658072e-01
9.995565906631665e-01
9.998293553637160e-01
9.999409958748084e-01
9.999818747952484e-01
9.999951040175996e-01
9.999988575215528e-01
9.999997719535515e-01
9.999999616103121e-01
9.999999946611436e-01
9.999999993920305e-01
9.999999999455875e-01
9.999999999959549e-01
9.999999999998250e-01
9.999999999999808e-01
1.000000000000002e+00
9.999999999999992e-01
1.000000000000000e+00
9.999999999999999e-01
1.000000000000000e+00
1.000000000000000e+00
1.000000000000000e+00
1.000000000000000e+00
1.000000000000000e+00
1.000000000000000e+00
1.000000000000000e+00
1.000000000000000e+00
###1.099999999999999e+01
4.390839220667434e-09
5.545458963015664e-09
6.969243885343227e-09
8.669930591505378e-09
1.075636378885735e-08
1.331487935971477e-08
1.642447610627943e-08
2.021313673328297e-08
2.483426228119877e-08
3.047124976709437e-08
3.733842588075358e-08
4.571160081542953e-08
5.592255897900509e-08
6.836912402245251e-08
8.354668681979505e-08
1.020299066962352e-07
1.245451146354384e-07
1.519696097652209e-07
1.853651034015683e-07
2.260102606183495e-07
2.755724628535589e-07
3.356841777658205e-07
4.088852947579857e-07
4.979621840584041e-07
6.061977141194089e-07
7.377607101153090e-07
8.976685583278643e-07
1.091924756469500e-06
1.327818899464436e-06
1.614227923009726e-06
1.961890057470814e-06
2.383715351833970e-06
2.895540622643332e-06
3.515976329694290e-06
4.268465559409809e-06
5.179827783573857e-06
6.284150158775549e-06
7.621498595371248e-06
9.240750319224837e-06
1.119944836198442e-05
1.356925247353820e-05
1.643477309794541e-05
1.989834599740509e-05
2.408305490614172e-05
2.913783244711902e-05
3.523785999948070e-05
4.259854074786467e-05
5.147748619585686e-05
6.217973525749007e-05
7.507381679134734e-05
9.060428340902593e-05
1.092945548585538e-04
1.317844883614110e-04
1.588194202527801e-04
1.913060157989761e-04
2.303177129292001e-04
2.771586309800262e-04
3.333101895829446e-04
4.006037138641613e-04
4.812307405452949e-04
5.777312495760743e-04
6.931557455238617e-04
8.310647980192469e-04
9.957220846767902e-04
1.192277241797265e-03
1.426550283999977e-03
1.705510943207639e-03
2.037526224037823e-03
2.432250377403512e-03
2.900714799939728e-03
3.456518847043997e-03
4.115434404228751e-03
4.895342963494520e-03
5.816386014980341e-03
6.904148597504878e-03
8.186790147143004e-03
9.696304700583667e-03
1.147105369656874e-02
1.355341324551002e-02
1.599308152669924e-02
1.884646281067334e-02
2.217699209720574e-02
2.605712834963057e-02
3.056789238159946e-02
3.579851148359834e-02
4.185331700046326e-02
4.884127365062266e-02
5.688481511914951e-02
6.611750160042537e-02
7.668282159303828e-02
8.873153905950956e-02
1.024311886209334e-01
1.179275636866086e-01
1.353959298253185e-01
1.550158334496179e-01
1.769227629058921e-01
2.012723533958325e-01
2.281820225392162e-01
2.577414507691574e-01
2.900009033935440e-01
3.249399295693880e-01
3.625101421684925e-01
4.025391245402459e-01
4.448081789891279e-01
4.889940329717418e-01
5.346638898522152e-01
5.812807125028947e-01
6.282298529736506e-01
6.747962001454136e-01
7.202321860745401e-01
7.636917655731321e-01
8.046951387442566e-01
8.422894732022945e-01
8.759467459299104e-01
9.052771488628830e-01
9.300444907402070e-01
9.502518877552228e-01
9.660968613869048e-01
9.779913407008385e-01
9.864834055890651e-01
9.922111345621407e-01
9.958315365408955e-01
9.979543559578065e-01
9.990944045302340e-01
9.996277872276871e-01
9.998593257702909e-01
9.999523151617699e-01
9.999856660167445e-01
9.999962204767857e-01
9.999991400541181e-01
9.999998331076815e-01
9.999999727415873e-01
9.999999963325105e-01
9.999999995964536e-01
9.999999999653030e-01
9.999999999974936e-01
9.999999999999032e-01
9.999999999999873e-01
1.000000000000002e+00
9.999999999999994e-01
1.000000000000000e+00
9.999999999999999e-01
1.000000000000000e+00
1.000000000000000e+00
1.000000000000000e+00
1.000000000000000e+00
1.000000000000000e+00
1.000000000000000e+00
1.000000000000000e+00
1.000000000000000e+00
###1.119999999999999e+01
4.720899010907854e-09
5.961625589642120e-09
7.492375054690647e-09
9.320335658833887e-09
1.156261045466052e-08
1.431183302538125e-08
1.765256422699397e-08
2.172207841718369e-08
2.668486594901009e-08
3.273751927855008e-08
4.010962007826400e-08
4.909668393015299e-08
6.005418453583617e-08
7.340810882817790e-08
8.968891014383124e-08
1.095115344895051e-07
1.336533226791867e-07
1.630529004641214e-07
1.988458709644077e-07
2.423994545111192e-07
2.954970366038786e-07
3.598818388335208e-07
4.382679653844975e-07
5.336334659871387e-07
6.494827711782604e-07
7.902672258188472e-07
9.613423933588048e-07
1.169114262501153e-06
1.421357998905045e-06
1.727541175363828e-06
2.099111847631855e-06
2.549829042776753e-06
3.096567315576136e-06
3.759147142144856e-06
4.562507597111322e-06
5.535266740048174e-06
6.713626392277164e-06
8.140228351911636e-06
9.867048507347813e-06
1.195523566646839e-05
1.448097134655085e-05
1.753410126203373e-05
2.122329258293224e-05
2.567918870012490e-05
3.105981224789025e-05
3.755092425330499e-05
4.538090659882865e-05
5.482275156532978e-05
6.619954496029974e-05
7.990146394922267e-05
9.639903609965045e-05
1.162458721983874e-04
1.401185715391944e-04
1.688047117639599e-04
2.032620326638868e-04
2.446237937609618e-04
2.942665231960632e-04
3.537528618839609e-04
4.250092387764968e-04
5.103489739601834e-04
6.124445170383263e-04
7.345055008680311e-04
8.802754843804225e-04
1.054230723319122e-03
1.261791958594906e-03
1.509054240043225e-03
1.803328772802208e-03
2.153384359990252e-03
2.569329560538303e-03
3.062700613461860e-03
3.647717828351230e-03
4.340855039010163e-03
5.160766674615349e-03
6.128436000670087e-03
7.270521874955162e-03
8.616338893308021e-03
1.019906174007786e-02
1.205856672739890e-02
1.423873070550935e-02
1.679096609687138e-02
1.977377973728795e-02
2.325241638188526e-02
2.730161919509334e-02
3.200468590861018e-02
3.745319304589106e-02
4.375395362409343e-02
5.101851268780644e-02
5.937152074041129e-02
6.894902124974522e-02
7.989556827882595e-02
9.236397187538602e-02
1.065225993269748e-01
1.225162958442550e-01
1.405193950066288e-01
1.607093048932577e-01
1.832164795737038e-01
2.081907082622542e-01
2.357408509305186e-01
2.659458164260672e-01
2.988419978858762e-01
3.343933402031091e-01
3.725322970758396e-01
4.130661159782175e-01
4.557535566642810e-01
5.002485388652878e-01
5.460959115040883e-01
5.927383103400183e-01
6.395448548541545e-01
6.857900317978590e-01
7.307245726175040e-01
7.735280649033374e-01
8.136796075604781e-01
8.503105864257914e-01
8.829167245530669e-01
9.111518353028453e-01
9.348302878735941e-01
9.540040494370081e-01
9.689146447421756e-01
9.800064806451966e-01
9.878466309820533e-01
9.930764937641975e-01
9.963418791562731e-01
9.982305281161908e-01
9.992293941573589e-01
9.996887211484679e-01
9.998845074614452e-01
9.999616356801467e-01
9.999887196811409e-01
9.999970976206781e-01
9.999993564939317e-01
9.999998786293074e-01
9.999999807771935e-01
9.999999974988670e-01
9.999999997342472e-01
9.999999999780514e-01
9.999999999984611e-01
9.999999999999472e-01
9.999999999999918e-01
1.000000000000001e+00
9.999999999999997e-01
1.000000000000000e+00
1.000000000000000e+00
1.000000000000000e+00
1.000000000000000e+00
1.000000000000000e+00
1.000000000000000e+00
1.000000000000000e+00
1.000000000000000e+00
1.000000000000000e+00
1.000000000000000e+00
###1.139999999999999e+01
5.073111672015007e-09
6.405761592094949e-09
8.050671685329571e-09
1.001443009066529e-08
1.242295971579426e-08
1.537560195437354e-08
1.896282461537256e-08
2.333179399632170e-08
2.865880225499261e-08
3.515448036322274e-08
4.306462820916756e-08
5.270571502050762e-08
6.445840341349967e-08
7.877860821636387e-08
9.623404390524548e-08
1.174824371019022e-07
1.433553053265455e-07
1.748563863706736e-07
2.131997129819342e-07
2.598464723600491e-07
3.167034040042689e-07
3.856302814309993e-07
4.695268607361894e-07
5.715740327445082e-07
6.955109791164765e-07
8.460883486499878e-07
1.029019863033099e-06
1.251139914660959e-06
1.520730582247931e-06
1.847891348115172e-06
2.244818718940369e-06
2.726169343215798e-06
3.309914735070747e-06
4.017153567270263e-06
4.874406961639738e-06
5.912187656279490e-06
7.168933884732737e-06
8.690003586026366e-06
1.053064112012704e-05
1.275579701160991e-05
1.544641738053891e-05
1.869786452119728e-05
2.262547268519331e-05
2.736784173855096e-05
3.309255988254813e-05
3.999651347484086e-05
4.832172878420760e-05
5.835736023905432e-05
7.044544623756884e-05
8.499889017743424e-05
1.025154731506818e-04
1.235804662158590e-04
1.489089835767587e-04
1.793328489970254e-04
2.158632801754430e-04
2.596961336062630e-04
3.122836618128442e-04
3.752732989334195e-04
4.506910750422377e-04
5.409771567278569e-04
6.489422715507917e-04
7.779619160832590e-04
9.319701962637609e-04
1.115664953243814e-03
1.334748118144520e-03
1.595601228663126e-03
1.905889709217765e-03
2.274799235680477e-03
2.712909051685724e-03
3.232277872059558e-03
3.847768260742467e-03
4.576579284877284e-03
5.438162519623159e-03
6.454367876813603e-03
7.652960006501363e-03
9.064436787769081e-03
1.072318939369572e-02
1.267064026112612e-02
1.495220106184020e-02
1.762107478258001e-02
2.073777275036090e-02
2.436950773773196e-02
2.859328363499068e-02
3.349469128700223e-02
3.916765478043718e-02
4.572148683437850e-02
5.327022112580602e-02
6.194071659745755e-02
7.187132944650242e-02
8.320776934948922e-02
9.610452563692216e-02
1.107306545605728e-01
1.272297879481535e-01
1.457750119299777e-01
1.665412232657605e-01
1.896533979873956e-01
2.152549940471016e-01
2.434457822188104e-01
2.742933265565211e-01
3.078196535203306e-01
3.439737628202474e-01
3.826648220801621e-01
4.236831609825399e-01
4.667637110889057e-01
5.115377583941796e-01
5.575283290792578e-01
6.041586582737080e-01
6.507829648805876e-01
6.966671001497444e-01
7.410625916166638e-01
7.831718377854958e-01
8.224476464116948e-01
8.580961223752920e-01
8.896419740228863e-01
9.167835599573033e-01
9.393856080786636e-01
9.575476602009703e-01
9.715529725758794e-01
9.818754061422366e-01
9.890976843257626e-01
9.938613930899446e-01
9.967987531278619e-01
9.984741218848763e-01
9.993390286160795e-01
9.997405493438511e-01
9.999055629667460e-01
9.999692653279619e-01
9.999911661634362e-01
9.999977824036721e-01
9.999995213143564e-01
9.999999122561629e-01
9.999999865435848e-01
9.999999983040948e-01
9.999999998270710e-01
9.999999999860143e-01
9.999999999991249e-01
9.999999999999540e-01
9.999999999999998e-01
9.999999999999994e-01
1.000000000000000e+00
1.000000000000000e+00
1.000000000000000e+00
1.000000000000000e+00
1.000000000000000e+00
1.000000000000000e+00
1.000000000000000e+00
1.000000000000000e+00
1.000000000000000e+00
1.000000000000000e+00
1.000000000000000e+00
###1.159999999999999e+01
5.448803860074175e-09
6.879542523713420e-09
8.646240168018703e-09
1.075482959541288e-08
1.334064699126545e-08
1.651017606821065e-08
2.036015524386784e-08
2.504827738217348e-08
3.076338945599887e-08
3.773105162118483e-08
4.621429884046419e-08
5.655187213439148e-08
6.915120610905193e-08
8.450000610079910e-08
1.032055668430985e-07
1.259710261046108e-07
1.536854176131160e-07
1.874215816129570e-07
2.284767627419465e-07
2.784118163778568e-07
3.392642936926335e-07
4.130174796632842e-07
5.027679640709161e-07
6.119115158188565e-07
7.444359371704405e-07
9.054088357076864e-07
1.100923107122985e-06
1.338265984029299e-06
1.626257234846199e-06
1.975663229878366e-06
2.399472306312069e-06
2.913289771266377e-06
3.536246238777421e-06
4.290790093684935e-06
5.205114633683110e-06
6.311728229526850e-06
7.651432818230649e-06
9.272449474069304e-06
1.123346872487389e-05
1.360344792832404e-05
1.646835178389455e-05
1.992935315772195e-05
2.410880391835025e-05
2.915367586746648e-05
3.524161829899696e-05
4.258121214987701e-05
5.142882372220435e-05
6.209058289447727e-05
7.492842473128744e-05
9.037910128741485e-05
1.089689780058558e-04
1.313165142305950e-04
1.581771822569331e-04
1.904291343711661e-04
2.291395613918474e-04
2.755697961630847e-04
3.312512540441375e-04
3.979198675492654e-04
4.777059029117937e-04
5.731816355248192e-04
6.873020617166053e-04
8.236154977400132e-04
9.862543948338336e-04
1.180147431236007e-03
1.411288185791519e-03
1.686356381951040e-03
2.013384781532171e-03
2.401991391097291e-03
2.863242911137898e-03
3.409738535857071e-03
4.057004842062091e-03
4.822989851374953e-03
5.727966873217555e-03
6.794677614882052e-03
8.052024856760473e-03
9.531718364766311e-03
1.126940120304279e-02
1.330807358469789e-02
1.569471667201235e-02
1.848454279285606e-02
2.173953366644956e-02
2.552945996726972e-02
2.993342023047011e-02
3.503930956598118e-02
4.094339497734908e-02
4.775749053887875e-02
5.559805399762654e-02
6.459410527776280e-02
7.488620169472980e-02
8.662112232378871e-02
9.995482508143823e-02
1.150568443796296e-01
1.320693201414746e-01
1.511637634852999e-01
1.725121744676482e-01
1.962335962379745e-01
2.224646614776725e-01
2.512955157802450e-01
2.827818091608451e-01
3.169307110678165e-01
3.536755183064902e-01
3.929023351435369e-01
4.343837116082219e-01
4.778309730995082e-01
5.228530161211171e-01
5.689516601929485e-01
6.155317565024238e-01
6.619340406728492e-01
7.074175838184248e-01
7.512383999240489e-01
7.926160495568759e-01
8.309932565482809e-01
8.656423328494453e-01
8.961211624869758e-01
9.221734137497518e-01
9.437137326418444e-01
9.608877478888204e-01
9.740179972339053e-01
9.836046894571506e-01
9.902428764630297e-01
9.945713358836819e-01
9.972065164779472e-01
9.986882828770354e-01
9.994427885076412e-01
9.997845161569442e-01
9.999230922096347e-01
9.999754848173853e-01
9.999931156563872e-01
9.999983143538174e-01
9.999996459907582e-01
9.999999369529443e-01
9.999999906457967e-01
9.999999988576508e-01
9.999999998885472e-01
9.999999999910999e-01
9.999999999995266e-01
9.999999999999595e-01
1.000000000000004e+00
9.999999999999987e-01
1.000000000000000e+00
9.999999999999999e-01
1.000000000000000e+00
1.000000000000000e+00
1.000000000000000e+00
1.000000000000000e+00
1.000000000000000e+00
1.000000000000000e+00
1.000000000000000e+00
1.000000000000000e+00
1.000000000000000e+00
###1.179999999999999e+01
5.849372785872972e-09
7.384733116747289e-09
9.281300598216534e-09
1.154428899719085e-08
1.431907955627898e-08
1.771975689716048e-08
2.184971333540663e-08
2.687783907655643e-08
3.300645939384713e-08
4.047662006290524e-08
4.957004830123707e-08
6.064902032897494e-08
7.414941393807481e-08
9.059269046736899e-08
1.106281683910640e-07
1.350071720101340e-07
1.646797714258945e-07
2.007921492329772e-07
2.447296945884425e-07
2.981590411075674e-07
3.632563723888871e-07
4.421358030553617e-07
5.381025271682978e-07
6.547798581277158e-07
7.964187980244023e-07
9.684224775496977e-07
1.177285038445807e-06
1.430768632015127e-06
1.738273911856014e-06
2.111260007869816e-06
2.563556198941579e-06
3.111770019654091e-06
3.776256363870348e-06
4.580888318575293e-06
5.555625729411403e-06
6.735078603384263e-06
8.162545651642263e-06
9.889265083395450e-06
1.197755958440109e-05
1.450060769498362e-05
1.754965852336080e-05
2.123200261071964e-05
2.567737572243267e-05
3.104155526632779e-05
3.751276885616428e-05
4.531188658735540e-05
5.471033823610621e-05
6.603207831334388e-05
7.965992158677840e-05
9.605563709594650e-05
1.157755592562520e-04
1.394729243799746e-04
1.679454785458055e-04
2.021198649389446e-04
2.431218368529573e-04
2.922811900679032e-04
3.512120673197461e-04
4.217427406633819e-04
5.061124900478853e-04
6.070311641388395e-04
7.276042060619914e-04
8.715599325047910e-04
1.043237182719029e-03
1.247804974388603e-03
1.491559363395023e-03
1.781490225451032e-03
2.126011105653057e-03
2.535188229111200e-03
3.020592906230609e-03
3.595383182486937e-03
4.275771859720412e-03
5.080480061230340e-03
6.030627780738010e-03
7.149873927979390e-03
8.468292097078542e-03
1.001883294586820e-02
1.183842635313167e-02
1.397168228015716e-02
1.646718572404192e-02
1.938217734845533e-02
2.278016954414401e-02
2.673348285980279e-02
3.132334227886328e-02
3.663995449750551e-02
4.278192132063057e-02
4.986355353613980e-02
5.800369673449301e-02
6.733341888339124e-02
7.799534091951679e-02
9.013729345822766e-02
1.039164483497388e-01
1.195025944763260e-01
1.370360878448055e-01
1.566866247169482e-01
1.786226116082202e-01
2.029569928202555e-01
2.298189742228540e-01
2.592885367942718e-01
2.914088527884666e-01
3.261717461857973e-01
3.634941174204122e-01
4.032391712004452e-01
4.451609613520989e-01
4.889474480800639e-01
5.341854643951203e-01
5.803563236977695e-01
6.268475999411213e-01
6.729880463969991e-01
7.180318776486910e-01
7.612412924085161e-01
8.018540063414346e-01
8.393110571592941e-01
8.729461297516858e-01
9.023536387070733e-01
9.273231315286515e-01
9.478184994241753e-01
9.640297635943963e-01
9.763161345430249e-01
9.852010027919302e-01
9.912884759057555e-01
9.952116823208997e-01
9.975693351459556e-01
9.988759759233794e-01
9.995316515813805e-01
9.998217794800330e-01
9.999376348236394e-01
9.999805391703525e-01
9.999946617246531e-01
9.999987258209969e-01
9.999997397071118e-01
9.999999549987777e-01
9.999999935386248e-01
9.999999992370370e-01
9.999999999284732e-01
9.999999999944521e-01
9.999999999997308e-01
9.999999999999736e-01
1.000000000000003e+00
9.999999999999990e-01
1.000000000000000e+00
9.999999999999999e-01
1.000000000000000e+00
1.000000000000000e+00
1.000000000000000e+00
1.000000000000000e+00
1.000000000000000e+00
1.000000000000000e+00
1.000000000000000e+00
1.000000000000000e+00
1.000000000000000e+00
###1.199999999999999e+01
6.276289574849037e-09
7.923191531183720e-09
9.958189725818967e-09
1.238570885749205e-08
1.536184471101143e-08
1.900876761979256e-08
2.343692763587913e-08
2.882712110903567e-08
3.539602151684455e-08
4.340106308692981e-08
5.314388726592833e-08
6.501174398488424e-08
7.947071763995743e-08
9.707809693136342e-08
1.185278044146480e-07
1.446222714854395e-07
1.763763163948113e-07
2.150138996638196e-07
2.620138395877533e-07
3.191549319502091e-07
3.887601363699537e-07
4.730822148807089e-07
5.756473077667371e-07
7.003195983919137e-07
8.516286099945495e-07
1.035332510263583e-06
1.258349871510170e-06
1.528945134222164e-06
1.857132686078807e-06
2.255104073949017e-06
2.737576886761826e-06
3.322217061356485e-06
4.030672125919925e-06
4.888318475220230e-06
5.926981297904754e-06
7.183483480550093e-06
8.703759600025211e-06
1.054222628104265e-05
1.276503294507434e-05
1.544980332435657e-05
1.869334902774272e-05
2.260939897236189e-05
2.733545532990448e-05
3.303655392267097e-05
3.991203981133810e-05
4.819569352241092e-05
5.817476137152883e-05
7.019190756965053e-05
8.465184974988801e-05
1.020425898832420e-04
1.229518718891575e-04
1.480693601067633e-04
1.782370647340894e-04
2.144323642325326e-04
2.578422615479574e-04
3.098681111116633e-04
3.722104773702487e-04
4.467939519592100e-04
5.359717533510572e-04
6.425969732594047e-04
7.699318715228943e-04
9.218921750645494e-04
1.103031402146974e-03
1.318768668971838e-03
1.575713710502852e-03
1.881178823532032e-03
2.243972029256734e-03
2.674624172109517e-03
3.185228679831349e-03
3.789521186482253e-03
4.504423379598722e-03
5.349454046991997e-03
6.346605160573267e-03
7.520478475604821e-03
8.902351406906341e-03
1.052644484011431e-02
1.243100987183159e-02
1.466229841578916e-02
1.727053263096130e-02
2.031500151162237e-02
2.386080316384400e-02
2.798280230960883e-02
3.276437794389910e-02
3.829805274219362e-02
4.468475139798812e-02
5.204127154811548e-02
6.048891756667588e-02
7.016048224148941e-02
8.120043427338260e-02
9.375791854735807e-02
1.079909278251404e-01
1.240692671494581e-01
1.421312069988149e-01
1.623447103769901e-01
1.848728640445186e-01
2.098233499853414e-01
2.373170123574535e-01
2.674231205572515e-01
3.001718133406753e-01
3.355390861708231e-01
3.734248101268320e-01
4.136693262160385e-01
4.560078678824613e-01
5.001050416076268e-01
5.455261116040090e-01
5.917326715857688e-01
6.380962134738224e-01
6.839350902698126e-01
7.285006375275906e-01
7.710630315937416e-01
8.108794188617447e-01
8.473962971503619e-01
8.800050917003864e-01
9.083394229073133e-01
9.322350691472614e-01
9.517042668907305e-01
9.669795372347184e-01
9.784540161651242e-01
9.866710734403787e-01
9.922406720318753e-01
9.957876209899323e-01
9.978911632969779e-01
9.990399038842062e-01
9.996075720998592e-01
9.998532036129900e-01
9.999496449805679e-01
9.999846250395964e-01
9.999958814905007e-01
9.999990421973879e-01
9.999998097348197e-01
9.999999680901517e-01
9.999999955658707e-01
9.999999994945494e-01
9.999999999543311e-01
9.999999999966012e-01
9.999999999998399e-01
9.999999999999855e-01
1.000000000000002e+00
9.999999999999994e-01
1.000000000000000e+00
1.000000000000000e+00
1.000000000000000e+00
1.000000000000000e+00
1.000000000000000e+00
1.000000000000000e+00
1.000000000000000e+00
1.000000000000000e+00
1.000000000000000e+00
1.000000000000000e+00
1.000000000000000e+00
###1.219999999999999e+01
6.731102651389556e-09
8.496873631707644e-09
1.067936727668143e-08
1.328214211870445e-08
1.647271794821384e-08
2.038186303692180e-08
2.512751053898288e-08
3.090311152108130e-08
3.794058000052991e-08
4.651476981495663e-08
5.694844709863858e-08
6.965537892680653e-08
8.513371643277120e-08
1.039787590965388e-07
1.269317536806419e-07
1.548493152706164e-07
1.888149196011250e-07
2.301349718357632e-07
2.803873031656590e-07
3.414697248351972e-07
4.158600811269259e-07
5.059584706820686e-07
6.155248018592045e-07
7.486781523441203e-07
9.102426513313113e-07
1.106352012588019e-06
1.344373593030659e-06
1.633102851260003e-06
1.983202408761025e-06
2.407637832334063e-06
2.922064686962362e-06
3.545266244053786e-06
4.300254310444329e-06
5.213990953797379e-06
6.320270113445492e-06
7.658244230309421e-06
9.276629106766288e-06
1.123318864756348e-05
1.359810248525535e-05
1.645367351442319e-05
1.990256687245448e-05
2.406528442741772e-05
2.908749422258211e-05
3.514396303149326e-05
4.244571632089183e-05
5.124009083169362e-05
6.183093585581585e-05
7.458054671412049e-05
8.991660869925109e-05
1.083546218860490e-04
1.305152371130626e-04
1.571262628417970e-04
1.890760398019754e-04
2.273950110682889e-04
2.733342154737978e-04
3.283697750016823e-04
3.942924894988768e-04
4.731227317092667e-04
5.673467824947337e-04
6.799528215595882e-04
8.143711344194023e-04
9.747125204674263e-04
1.165753717164552e-03
1.393173962484662e-03
1.663908245937620e-03
1.985603777613848e-03
2.367477250996775e-03
2.820540789649234e-03
3.357427884158900e-03
3.992470856106238e-03
4.743323382324400e-03
5.630326882831935e-03
6.676370930323644e-03
7.907025979014687e-03
9.354806571824331e-03
1.105523341938863e-02
1.304791271964003e-02
1.538077066040550e-02
1.810569884782930e-02
2.128405530575607e-02
2.498257394124642e-02
2.927865969254274e-02
3.425786892891784e-02
4.001504148611914e-02
4.665340895047053e-02
5.429223985009419e-02
6.305519993306553e-02
7.307676640802935e-02
8.450313882112011e-02
9.748459120754585e-02
1.121797370649249e-01
1.287581437653119e-01
1.473551000598318e-01
1.681381657803040e-01
1.912631057436538e-01
2.168322537417493e-01
2.449576548566568e-01
2.756973180318415e-01
3.090678018992497e-01
3.450288000975072e-01
3.834625756961205e-01
4.241863348201022e-01
4.669171477619519e-01
5.112954656830447e-01
5.568658350491673e-01
6.030710085429618e-01
6.492676775924562e-01
6.947654550284227e-01
7.388148239692615e-01
7.806958085039176e-01
8.196864672061214e-01
8.552448687417824e-01
8.868174690393478e-01
9.140791953182377e-01
9.369121780081825e-01
9.553758765349331e-01
9.697432327379780e-01
9.804384432419632e-01
9.880216421772490e-01
9.931055431354210e-01
9.963041519828544e-01
9.981757404497287e-01
9.991825801060557e-01
9.996722561171267e-01
9.998795784024147e-01
9.999595182956403e-01
9.999879109013420e-01
9.999968230377373e-01
9.999992840024304e-01
9.999998617342910e-01
9.999999775218672e-01
9.999999969762203e-01
9.999999996680876e-01
9.999999999708905e-01
9.999999999979884e-01
9.999999999998886e-01
9.999999999999973e-01
1.000000000000002e+00
1.000000000000000e+00
9.999999999999999e-01
1.000000000000000e+00
1.000000000000000e+00
1.000000000000000e+00
1.000000000000000e+00
1.000000000000000e+00
1.000000000000000e+00
1.000000000000000e+00
1.000000000000000e+00
1.000000000000000e+00
1.000000000000000e+00
