#./build/bin/rcbk -ic FILE ./data/ic/36/ic_208_22.dat -rc BALITSKY -alphas_scaling 4.835932276114246 -maxy 12 -fast -output ./data/bks/36/ic_208_22.dat 
# BK equation solver 20160623 (build May 19 2026 14:19:13)
# Heikki Mäntysaari <mantysaari@bnl.gov>, 2011-2016
# Running coupling: Balitsky
# Scaling factor C^2 in alpha_s: 4.83593
# Initial condition is String is not impelmented for the current IC N(r=0.0333803 1/GeV) = 0.000213813
# \alpha_s = 12 \pi / [ (33.0 - 2.0*Nf) * log(4.0*C^2/(r^2*lambdaqcd^2) ], C^2=4.83593, lambdaqcd=0.241 GeV, maxalphas=0.7 nf=3
# Using fast (and not so accurate) parameters
# Solving BK equation up to y=12
# r limits: 1e-05 - 100 points 150 multiplier 1.11424
# maxy 12 ystep 0.2
###1.000000000000000e-05
###1.114242875232510e+00
###150
###0.000000000000000e+00
###0.000000000000000e+00
0.000000000000000e+00
5.837745550882030e-11
7.170674467915574e-11
8.832264041771136e-11
1.087273292297405e-10
1.338026763322401e-10
1.646777719021018e-10
2.026556190598040e-10
2.493682972162610e-10
3.068272892312398e-10
3.774943572191164e-10
4.643983948196714e-10
5.712612920368358e-10
7.026538033818324e-10
8.641919131991125e-10
1.062772997350281e-09
1.306866784305911e-09
1.606875622951894e-09
1.975570601706854e-09
2.428628826442764e-09
2.985297688106367e-09
3.669198423142774e-09
4.509316284866627e-09
5.541224307665496e-09
6.808561891581237e-09
8.364857089341334e-09
1.027577739859373e-08
1.262184703947938e-08
1.550179643843044e-08
1.903669558373674e-08
2.337494006747015e-08
2.869839873240209e-08
3.522999418610082e-08
4.324283762107173e-08
5.307149528872778e-08
6.512587085248923e-08
7.990791666065674e-08
9.803225252229849e-08
1.202515521828955e-07
1.474870717234994e-07
1.808663345019394e-07
2.217694949402393e-07
2.718850390132660e-07
3.332785852349134e-07
4.084774681811429e-07
5.005722695531721e-07
6.133423321439745e-07
7.514099642391560e-07
9.204254205775362e-07
1.127295826770661e-06
1.380466286806623e-06
1.690256976219964e-06
2.069280909160944e-06
2.532956782216270e-06
3.100124010349550e-06
3.793806355371310e-06
4.642149338167394e-06
5.679545218519670e-06
6.948032965911604e-06
8.499017414193800e-06
1.039533539115930e-05
1.271383383298858e-05
1.554853784690409e-05
1.901446701590208e-05
2.325241132558379e-05
2.843480538518882e-05
3.477282727257033e-05
4.252530721544993e-05
5.200969555795227e-05
6.361536943348884e-05
7.782036744373720e-05
9.521200854896393e-05
1.165120166425756e-04
1.426081459022082e-04
1.745931629061790e-04
2.138125546104469e-04
2.619245379715789e-04
3.209740360685668e-04
3.934835678227989e-04
4.825673106957126e-04
5.920716994062272e-04
7.267486947713147e-04
8.924724571833078e-04
1.096506372994896e-03
1.347832704174364e-03
1.657562994329230e-03
2.039443489281103e-03
2.510479108832769e-03
3.091706073574373e-03
3.809141303213413e-03
4.694951735904697e-03
5.788891242443180e-03
7.140056499661658e-03
8.809036161784318e-03
1.087051786505043e-02
1.341643434197200e-02
1.655976173577346e-02
2.043900955790662e-02
2.522349012120159e-02
3.111948405454661e-02
3.837710183581673e-02
4.729778891974395e-02
5.824236704200891e-02
7.163837713129098e-02
8.798604503462645e-02
1.078616601587464e-01
1.319138485337182e-01
1.608506426380759e-01
1.954125386809578e-01
2.363205734078700e-01
2.841984678752292e-01
3.394559801288313e-01
4.021300249054094e-01
4.717062213402720e-01
5.468973481727207e-01
6.255003768516686e-01
7.043852700263233e-01
7.795714377537544e-01
8.468690425161618e-01
9.025947900390994e-01
9.444283781652709e-01
9.723592373061194e-01
9.883488443763901e-01
9.960641391842148e-01
9.989752202836205e-01
9.997961730469459e-01
9.999776508834450e-01
9.999971940673895e-01
9.999999193438079e-01
1.000000035083319e+00
9.999999789771908e-01
1.000000001453841e+00
1.000000004581385e+00
9.999999975711718e-01
1.000000000142161e+00
1.000000000543489e+00
9.999999997187159e-01
1.000000000013344e+00
1.000000000064430e+00
9.999999999674405e-01
1.000000000001174e+00
1.000000000007633e+00
9.999999999962330e-01
1.000000000000092e+00
1.000000000000904e+00
9.999999999995641e-01
1.000000000000005e+00
1.000000000000109e+00
9.999999999999420e-01
1.000000000000000e+00
###2.000000000000000e-01
6.167724659580177e-12
6.471234319213180e-11
7.974014409713054e-11
9.837552007630046e-11
1.212442354070819e-10
1.493996138035825e-10
1.840236338396794e-10
2.265971790444860e-10
2.789513889299935e-10
3.433395877296666e-10
4.225181749076573e-10
5.198849923438870e-10
6.396044777635348e-10
7.867968797446283e-10
9.677501277609975e-10
1.190192892207213e-09
1.463606737794918e-09
1.799646111379058e-09
2.212614345682735e-09
2.720049013780882e-09
3.343526503394948e-09
4.109510820301589e-09
5.050404907603465e-09
6.206099091766630e-09
7.625428277995164e-09
9.368399245845420e-09
1.150853156099749e-08
1.413603627830542e-08
1.736135260737172e-08
2.132023561201700e-08
2.617891179738161e-08
3.214102172688741e-08
3.945658198758033e-08
4.843098966059487e-08
5.943920246477439e-08
7.294156676516529e-08
8.949935933205383e-08
1.098020690261208e-07
1.346933128758259e-07
1.652041753926148e-07
2.025995387670960e-07
2.484275553723074e-07
3.045808378526160e-07
3.733756638811064e-07
4.576442877480894e-07
5.608622687764597e-07
6.872550535008824e-07
8.420240273861358e-07
1.031494822056605e-06
1.263440805975299e-06
1.547298668902561e-06
1.894688139884352e-06
2.319764102582591e-06
2.839843993989576e-06
3.476105210475168e-06
4.254287198246783e-06
5.206181280773368e-06
6.370311235890354e-06
7.793735060090513e-06
9.534412977198407e-06
1.166295701126078e-05
1.426554803594382e-05
1.744734962411688e-05
2.133823290796242e-05
2.609587852343179e-05
3.191374513785265e-05
3.902854965513562e-05
4.772985109682288e-05
5.837509002038247e-05
7.139577093292774e-05
8.733057236901836e-05
1.068361810314646e-04
1.307144259193192e-04
1.599539770856604e-04
1.957771900705126e-04
2.396677257860372e-04
2.934778797931629e-04
3.594614131702042e-04
4.404178726699986e-04
5.397750144465843e-04
6.617569653535061e-04
8.115895106054971e-04
9.957062078406063e-04
1.222007699284842e-03
1.500294493861284e-03
1.842640089641803e-03
2.263919520290672e-03
2.782377343943937e-03
3.420699253977510e-03
4.206735888729825e-03
5.174724142698111e-03
6.366976814195230e-03
7.835168240074070e-03
9.643120756304769e-03
1.186930272874255e-02
1.460911366489868e-02
1.797987552934650e-02
2.212419547670807e-02
2.721548308214694e-02
3.346377886439378e-02
4.112180295570542e-02
5.049082039854223e-02
6.193313202576239e-02
7.586768388956586e-02
9.278511884472115e-02
1.132433027899545e-01
1.378620647564548e-01
1.673093340571421e-01
2.022713506612543e-01
2.434026851244077e-01
2.912458628913962e-01
3.461209146698412e-01
4.079816890835291e-01
4.762606031482570e-01
5.496545942532731e-01
6.260367787487370e-01
7.024532418138997e-01
7.752299292315655e-01
8.405510509328218e-01
8.950988652757846e-01
9.368068527158566e-01
9.656148193476813e-01
9.832026457486932e-01
9.926836849786506e-01
9.971095379181918e-01
9.990134876504599e-01
9.997072280260964e-01
9.999225748544129e-01
9.999830055414741e-01
9.999969418223811e-01
9.999995324662568e-01
9.999999474936593e-01
9.999999978096492e-01
9.999999983768483e-01
1.000000000009242e+00
1.000000000313527e+00
9.999999998516159e-01
1.000000000003358e+00
1.000000000034246e+00
9.999999999839289e-01
1.000000000000258e+00
1.000000000003741e+00
9.999999999982649e-01
1.000000000000020e+00
1.000000000000403e+00
9.999999999998155e-01
1.000000000000001e+00
1.000000000000044e+00
9.999999999999776e-01
9.999999999999996e-01
###4.000000000000000e-01
1.288699626098703e-11
7.177685776115380e-11
8.868737991419495e-11
1.095643659551333e-10
1.351856293623644e-10
1.667478047495712e-10
2.055370018921939e-10
2.532163433987592e-10
3.118385535511738e-10
3.839252003655249e-10
4.725585655441725e-10
5.815466932835164e-10
7.155446507812859e-10
8.802820145775014e-10
1.082793350688681e-09
1.331725459976676e-09
1.637683044114465e-09
2.013708178487606e-09
2.475800963902424e-09
3.043559426893885e-09
3.741142810039184e-09
4.598153585251446e-09
5.650781306974040e-09
6.943722308413364e-09
8.531530588623505e-09
1.048133587867284e-08
1.287541289275679e-08
1.581459298970758e-08
1.942243114436360e-08
2.385073311578870e-08
2.928547317861044e-08
3.595433353629288e-08
4.413722217920314e-08
5.417516435129339e-08
6.648874497765472e-08
8.159075170825547e-08
1.001109853484196e-07
1.228203263848407e-07
1.506625976604000e-07
1.847898120700513e-07
2.266180130499513e-07
2.778799391733308e-07
3.406926772623099e-07
4.176478566495011e-07
5.119101407126824e-07
6.273846287856991e-07
7.687793197809343e-07
9.419323676711322e-07
1.153906379509812e-06
1.413427975124800e-06
1.731022135256103e-06
2.119719613829651e-06
2.595365000294067e-06
3.177333914843055e-06
3.889326836740129e-06
4.760197807665824e-06
5.825527265765202e-06
7.128397260127981e-06
8.721326201240625e-06
1.066938137155472e-05
1.305160571452264e-05
1.596429186780061e-05
1.952467246682990e-05
2.387863627562255e-05
2.920211009253253e-05
3.571120840636281e-05
4.367013422721580e-05
5.340150098464987e-05
6.530557090749900e-05
7.985916736445671e-05
9.766568010901437e-05
1.194558733170613e-04
1.461166605949207e-04
1.787452918439476e-04
2.187005500108690e-04
2.676131704963034e-04
3.275404204928245e-04
4.009568906729102e-04
4.909535281637144e-04
6.012878746930141e-04
7.365802693525389e-04
9.025516778047092e-04
1.106218895951373e-03
1.356146532176756e-03
1.662983039269275e-03
2.039796480275263e-03
2.502624598367067e-03
3.070998402342908e-03
3.769268423557444e-03
4.627160011959389e-03
5.681029038419647e-03
6.975764406386139e-03
8.565633820369307e-03
1.051771067069959e-02
1.291418591094789e-02
1.585392515230974e-02
1.945848748489235e-02
2.387446230528607e-02
2.927917673467873e-02
3.588618624322390e-02
4.395052648989310e-02
5.377353751009016e-02
6.571695488896509e-02
8.019254116528299e-02
9.768055136942425e-02
1.187205451099924e-01
1.439042467119447e-01
1.738608862580876e-01
2.092251033536134e-01
2.505887495815022e-01
2.984190908467906e-01
3.529543951338286e-01
4.140743337522326e-01
4.811653299085804e-01
5.529151846704253e-01
6.272699015175481e-01
7.014375804091182e-01
7.720176112219344e-01
8.355199390404637e-01
8.889438848739242e-01
9.304337092177767e-01
9.598877970284619e-01
9.787461921917134e-01
9.896710142306423e-01
9.953656907763018e-01
9.981971702287342e-01
9.993812276908595e-01
9.998126628934848e-01
9.999515265942719e-01
9.999894478769745e-01
9.999980826217744e-01
9.999997197249944e-01
9.999999689911682e-01
9.999999963599228e-01
9.999999997969463e-01
1.000000000167826e+00
9.999999999227822e-01
9.999999999994906e-01
1.000000000018231e+00
9.999999999920757e-01
9.999999999999696e-01
1.000000000001830e+00
9.999999999992032e-01
9.999999999999989e-01
1.000000000000180e+00
9.999999999999220e-01
9.999999999999998e-01
1.000000000000018e+00
9.999999999999913e-01
9.999999999999997e-01
###6.000000000000001e-01
2.021351684250679e-11
7.964120193604827e-11
9.863617540127696e-11
1.219999685498223e-10
1.506755895062357e-10
1.860263696218685e-10
2.294261958147185e-10
2.827699161719483e-10
3.483460986011122e-10
4.289724315313638e-10
5.280931497196069e-10
6.499698228283115e-10
7.998008921217043e-10
9.839907276286934e-10
1.210401704527153e-09
1.488694349124988e-09
1.830716633284632e-09
2.251045762814329e-09
2.767558098468420e-09
3.402131463339853e-09
4.181777532997460e-09
5.139551575749305e-09
6.315880340703917e-09
7.760762788240635e-09
9.534888358689018e-09
1.171355213571328e-08
1.438848886496156e-08
1.767231376208205e-08
2.170300700609172e-08
2.665011352375584e-08
3.272136216810745e-08
4.017093041377929e-08
4.931164709091270e-08
6.052378991844657e-08
7.427780953595801e-08
9.114522044621646e-08
1.118301807989798e-07
1.371932959410208e-07
1.682887414184588e-07
2.064004610307851e-07
2.531128928272301e-07
3.103588768521135e-07
3.805026020357985e-07
4.664375598861649e-07
5.716945805887450e-07
7.006433130320345e-07
8.585265339866635e-07
1.051875360832533e-06
1.288560305716940e-06
1.578333422464001e-06
1.932949919064680e-06
2.366939356627987e-06
2.898002558001064e-06
3.547753169741213e-06
4.342628816459917e-06
5.314911698275176e-06
6.504254374403160e-06
7.958702137710557e-06
9.736701124927750e-06
1.191101079586159e-05
1.456979847657104e-05
1.782028979219961e-05
2.179276593268788e-05
2.665036621679604e-05
3.258868798849870e-05
3.984821710495333e-05
4.872268682121694e-05
5.957019931518506e-05
7.283681530642046e-05
8.904798804412062e-05
1.088760925945568e-04
1.331305728912578e-04
1.627899969144958e-04
1.990654193546165e-04
2.434620359393169e-04
2.977658421401785e-04
3.642489247851875e-04
4.456208596085498e-04
5.452782509451026e-04
6.673250412632898e-04
8.167967357063326e-04
9.999313943007402e-04
1.224353424488245e-03
1.499318427519477e-03
1.836353122516243e-03
2.249553224206669e-03
2.756153587072154e-03
3.377008452130486e-03
4.138171723329372e-03
5.071275138387677e-03
6.214831884132488e-03
7.616339116463225e-03
9.332648633780910e-03
1.143411611892364e-02
1.400661876741451e-02
1.715245696839527e-02
2.099733162370740e-02
2.569170003967591e-02
3.141663167353190e-02
3.838896185235514e-02
4.686576360236834e-02
5.714829310441547e-02
6.959695952095352e-02
8.461650293470814e-02
1.026764526131336e-01
1.242981811373575e-01
1.500459696242289e-01
1.805116763587278e-01
2.162807970507906e-01
2.578859283115302e-01
3.057244403708666e-01
3.599599127200749e-01
4.204055852353497e-01
4.864080291760412e-01
5.566510950579840e-01
6.291500961626048e-01
7.012619495779684e-01
7.698292611666098e-01
8.316482784474176e-01
8.839930384513969e-01
9.251840588787932e-01
9.550864299648761e-01
9.749369469260728e-01
9.870299711632931e-01
9.937783258292314e-01
9.973939527286618e-01
9.990289575500577e-01
9.996796302512007e-01
9.999084473878792e-01
9.999776681431244e-01
9.999953554720606e-01
9.999992265015152e-01
9.999998963245649e-01
9.999999883512340e-01
9.999999991015741e-01
1.000000000036892e+00
9.999999999606363e-01
9.999999999976502e-01
1.000000000009914e+00
9.999999999960368e-01
9.999999999999262e-01
1.000000000000888e+00
9.999999999996366e-01
9.999999999999941e-01
1.000000000000080e+00
9.999999999999670e-01
9.999999999999997e-01
1.000000000000007e+00
9.999999999999966e-01
9.999999999999999e-01
###8.000000000000000e-01
2.821113645334097e-11
8.838047255749252e-11
1.096813566385957e-10
1.357996758195598e-10
1.678607117742916e-10
2.074002579347163e-10
2.559155682732124e-10
3.155484537905836e-10
3.888146139514582e-10
4.789008211166548e-10
5.896371517611464e-10
7.257863347174585e-10
8.931444890625829e-10
1.098873159753361e-09
1.351740377290550e-09
1.662525278516156e-09
2.044452808955765e-09
2.513794213383627e-09
3.090498025367522e-09
3.798958670910729e-09
4.669335323028272e-09
5.738492404572408e-09
7.051532186939444e-09
8.664293928247917e-09
1.064424388165530e-08
1.307566353389081e-08
1.606071161107025e-08
1.972498602395405e-08
2.422235340801039e-08
2.974187337090135e-08
3.651522479644300e-08
4.482572110805894e-08
5.502238437191892e-08
6.752865712557575e-08
8.286983644782971e-08
1.016817126933869e-07
1.247503108905350e-07
1.530343171210087e-07
1.877094595931543e-07
2.302045471888411e-07
2.822880259773452e-07
3.461119297318289e-07
4.243111336968501e-07
5.201094740899584e-07
6.374467230616174e-07
7.811745463960123e-07
9.571463331310575e-07
1.172639061157899e-06
1.436408907564258e-06
1.759319227777412e-06
2.154475205813934e-06
2.638031112599030e-06
3.229710406568518e-06
3.953558540821482e-06
4.838986804040629e-06
5.921997842656280e-06
7.246662013125515e-06
8.866393573873981e-06
1.084608305802549e-05
1.326677948938400e-05
1.622650407611085e-05
1.984431434695675e-05
2.426453801890779e-05
2.966887802782695e-05
3.627409830056652e-05
4.434685847758187e-05
5.421256651172727e-05
6.626736047703003e-05
8.100622552059100e-05
9.900668106231406e-05
1.210145610630156e-04
1.479216347096121e-04
1.808084349047108e-04
2.210023143196534e-04
2.701647902558118e-04
3.302495441682202e-04
4.037459613147046e-04
4.936203510355428e-04
6.035873690816029e-04
7.381143653104302e-04
9.026714138316388e-04
1.104036144973304e-03
1.350465489176052e-03
1.651933402869058e-03
2.020875815225124e-03
2.472449659498756e-03
3.025121740828903e-03
3.701106117903857e-03
4.528197567876853e-03
5.539970663070989e-03
6.777129029796567e-03
8.289800867122820e-03
1.013744518265153e-02
1.239369701747178e-02
1.514809637444252e-02
1.850634422993825e-02
2.259819146619318e-02
2.757784941480302e-02
3.362995961118108e-02
4.097440945153009e-02
4.987004199717942e-02
6.061778115657884e-02
7.357626720193902e-02
8.914309308057476e-02
1.077768491490434e-01
1.299808428742018e-01
1.562925380059379e-01
1.872676692345154e-01
2.234448541628482e-01
2.653006258930222e-01
3.131672981266641e-01
3.671400378427508e-01
4.269723951650385e-01
4.919762618428138e-01
5.608355466795479e-01
6.316312054375943e-01
7.018563982182574e-01
7.685706143933250e-01
8.288223636237253e-01
8.801239196564835e-01
9.209450903898245e-01
9.511263228821358e-01
9.717311241180371e-01
9.847555070488906e-01
9.923679752798392e-01
9.966367925456694e-01
9.986735746714348e-01
9.995345745780249e-01
9.998573238032746e-01
9.999623245156037e-01
9.999915320154490e-01
9.999984290144301e-01
9.999997631809163e-01
9.999999710359527e-01
9.999999973529198e-01
9.999999998574551e-01
9.999999999736595e-01
9.999999999972001e-01
1.000000000005409e+00
9.999999999980109e-01
9.999999999999376e-01
1.000000000000429e+00
9.999999999998350e-01
9.999999999999948e-01
1.000000000000036e+00
9.999999999999861e-01
9.999999999999998e-01
1.000000000000003e+00
9.999999999999987e-01
9.999999999999999e-01
###1.000000000000000e+00
3.694234126963145e-11
9.807599303536938e-11
1.219268868137280e-10
1.510911217198247e-10
1.868993156202250e-10
2.310701176596766e-10
2.852479939056690e-10
3.518434257461575e-10
4.336123818628719e-10
5.341626660563244e-10
6.577453179590045e-10
8.096775057084804e-10
9.964188422253354e-10
1.225952926017634e-09
1.508062739965874e-09
1.854752903614485e-09
2.280769451546614e-09
2.804250620915091e-09
3.447435847571633e-09
4.237474692938747e-09
5.208233710204495e-09
6.400125540792601e-09
7.863997516600338e-09
9.661946005876958e-09
1.186892752058478e-08
1.457905334955587e-08
1.790596952173742e-08
2.198954428937525e-08
2.700111690428117e-08
3.315117401542209e-08
4.069772202026074e-08
4.995605496205375e-08
6.131491440116541e-08
7.524512345396248e-08
9.233071257081715e-08
1.132821831085194e-07
1.389710522829907e-07
1.704648572908522e-07
2.090723213505776e-07
2.563811121197827e-07
3.143606371133958e-07
3.854027726479342e-07
4.724381907592617e-07
5.790515921134276e-07
7.096262313748201e-07
8.695471548605431e-07
1.065328851291035e-06
1.305056047973128e-06
1.598462897517147e-06
1.957609984323757e-06
2.397075021804857e-06
2.934772138679558e-06
3.592641931344291e-06
4.397347667512835e-06
5.381537123201580e-06
6.585225163155104e-06
8.057291563382508e-06
9.856901727412574e-06
1.205603719763840e-05
1.474457166924602e-05
1.803114366183131e-05
2.204770818893101e-05
2.695357151467323e-05
3.295042406882400e-05
4.027776730324759e-05
4.923032705501159e-05
6.016743437636588e-05
7.352592735840182e-05
8.985256230057777e-05
1.097817901985036e-04
1.341362890330050e-04
1.638959555808300e-04
2.002492937868563e-04
2.446472249812153e-04
2.989124218401387e-04
3.651836188362597e-04
4.461799579981148e-04
5.451291855724036e-04
6.660840064019490e-04
8.138926220151674e-04
9.944795340495849e-04
1.215184991027446e-03
1.484923901495677e-03
1.814416293283059e-03
2.217038868108308e-03
2.709043830308881e-03
3.310165203087627e-03
4.044013288068631e-03
4.940161762981993e-03
6.034164449172081e-03
7.368948097860588e-03
8.997295301675434e-03
1.098129316007473e-02
1.339785363887580e-02
1.634015699197785e-02
1.991726797972627e-02
2.426289847352690e-02
2.953490034186439e-02
3.592132064989299e-02
4.364487771952067e-02
5.296592610535958e-02
6.418481175606872e-02
7.765799801815332e-02
9.377579854034415e-02
1.129856756751014e-01
1.357729914677330e-01
1.626489793341906e-01
1.941344172565980e-01
2.307231286654087e-01
2.728385140188138e-01
3.207521892431329e-01
3.744964699492083e-01
4.337710760180392e-01
4.978574602080938e-01
5.654427658618457e-01
6.346699793961226e-01
7.031568034862775e-01
7.681561552418346e-01
8.269394936917943e-01
8.772262704156958e-01
9.176156101014700e-01
9.479284193970307e-01
9.690843194841260e-01
9.828355575868828e-01
9.911450131010201e-01
9.959482131331854e-01
9.983327123257113e-01
9.993870107081746e-01
9.998018777509019e-01
9.999444711279243e-01
9.999867018333580e-01
9.999973363737387e-01
9.999995624582658e-01
9.999999418547872e-01
9.999999940353523e-01
9.999999995491743e-01
9.999999999655174e-01
9.999999999968556e-01
1.000000000002924e+00
9.999999999990012e-01
9.999999999999570e-01
1.000000000000207e+00
9.999999999999254e-01
9.999999999999963e-01
1.000000000000016e+00
9.999999999999941e-01
9.999999999999999e-01
1.000000000000001e+00
9.999999999999994e-01
1.000000000000000e+00
###1.200000000000000e+00
4.647750501325624e-11
1.088157279172617e-10
1.354811212681357e-10
1.680116904109155e-10
2.079622420323764e-10
2.572495290987693e-10
3.176925067576688e-10
3.919704340646246e-10
4.831352640084797e-10
5.952444624939464e-10
7.330154407313340e-10
9.023769264642359e-10
1.110518895521568e-09
1.366332107082044e-09
1.680717035385795e-09
2.067028018093206e-09
2.541685556006756e-09
3.124884165563464e-09
3.841384337460108e-09
4.721369067455461e-09
5.802819159329918e-09
7.129937385184120e-09
8.759991051309525e-09
1.076186058445752e-08
1.321893925318296e-08
1.623594786392844e-08
1.993913636307071e-08
2.448412327735960e-08
3.006139778683463e-08
3.690494804193515e-08
4.530164998479655e-08
5.560186230444449e-08
6.823784036692228e-08
8.373233025209984e-08
1.027337017712388e-07
1.260341102622301e-07
1.545987470050408e-07
1.896141402220296e-07
2.325343711801545e-07
2.851208434157111e-07
3.495620495914174e-07
4.285120536283074e-07
5.252241150240064e-07
6.436764569106732e-07
7.887355012598971e-07
9.663674980489287e-07
1.183806815823285e-06
1.450016630336015e-06
1.775794242763582e-06
2.174501087932483e-06
2.662313064100038e-06
3.259057208084747e-06
3.989075928921568e-06
4.881868045463334e-06
5.973610660647720e-06
7.308566106514220e-06
8.940937464134996e-06
1.093601539883782e-05
1.337347930175268e-05
1.635270554771806e-05
1.999373620591120e-05
2.444240828367011e-05
2.987415085630041e-05
3.651208428374993e-05
4.462009544251131e-05
5.452280893158481e-05
6.661629473937001e-05
8.138040493217751e-05
9.941514804817125e-05
1.214219956210800e-04
1.482986636418010e-04
1.811218579411157e-04
2.211933184113806e-04
2.700953674450234e-04
3.298239465527008e-04
4.027031087090634e-04
4.917054063339782e-04
6.003281869833957e-04
7.329793156614688e-04
8.949057652813666e-04
1.092506784834480e-03
1.333708870155012e-03
1.628110910442637e-03
1.987207091907396e-03
2.425347065130055e-03
2.959912848795868e-03
3.611941366511676e-03
4.406475458265341e-03
5.374906214626609e-03
6.554803076007909e-03
7.991348171726932e-03
9.740002251050393e-03
1.186549929354888e-02
1.444802605337450e-02
1.758438108786635e-02
2.138695363773834e-02
2.599332980440212e-02
3.156488884757176e-02
3.829296192865279e-02
4.640275501599852e-02
5.615601019718084e-02
6.785220991588595e-02
8.184526076308492e-02
9.851805738862794e-02
1.183067624683483e-01
1.416789056964726e-01
1.691200358295269e-01
2.011170587116213e-01
2.381209146107244e-01
2.805045545665893e-01
3.284828168475574e-01
3.820300883320653e-01
4.407973472983898e-01
5.040393658013540e-01
5.704486544132723e-01
6.382262777254775e-01
7.051040818308326e-01
7.685079309888736e-01
8.259067895269393e-01
8.752014835665939e-01
9.151037339853284e-01
9.454203762926149e-01
9.669527416108417e-01
9.812532643760589e-01
9.901122253682753e-01
9.953424301141605e-01
9.980192198439934e-01
9.992446739239935e-01
9.997455632686416e-01
9.999252906933317e-01
9.999811701322642e-01
9.999959989403874e-01
9.999992974919628e-01
9.999998998703785e-01
9.999999888024526e-01
9.999999990407475e-01
9.999999999351938e-01
9.999999999956186e-01
1.000000000001526e+00
9.999999999994945e-01
9.999999999999739e-01
1.000000000000099e+00
9.999999999999665e-01
9.999999999999977e-01
1.000000000000007e+00
9.999999999999976e-01
9.999999999999999e-01
1.000000000000000e+00
9.999999999999998e-01
1.000000000000000e+00
###1.400000000000000e+00
5.689232586305270e-11
1.206943376860290e-10
1.504735839774223e-10
1.867096504219752e-10
2.312333718048888e-10
2.861665534835678e-10
3.535270968458360e-10
4.362556061601650e-10
5.378101243488109e-10
6.626706562159700e-10
8.160920215457623e-10
1.004673104917775e-09
1.236411158101976e-09
1.521193969608668e-09
1.871152554814099e-09
2.301123006888533e-09
2.829369273296274e-09
3.478345204608970e-09
4.275581417982177e-09
5.254601793399394e-09
6.457884275661954e-09
7.933823718079224e-09
9.746710684686710e-09
1.197288692051526e-08
1.470508531676702e-08
1.805938533665675e-08
2.217613846121978e-08
2.722812765294077e-08
3.342683770343468e-08
4.103198603072285e-08
5.036206282971953e-08
6.180583070013169e-08
7.584307747075746e-08
9.305342051602098e-08
1.141559638263843e-07
1.400308181778725e-07
1.717467861786083e-07
2.106198930060715e-07
2.582628374091657e-07
3.166270954865682e-07
3.881384754495326e-07
4.757383367079733e-07
5.830308101781872e-07
7.144225441684427e-07
8.753058687635184e-07
1.072277786184371e-06
1.313357857642109e-06
1.608461149324659e-06
1.969539411659173e-06
2.411365971138185e-06
2.951842428049973e-06
3.612886950545579e-06
4.421423138865815e-06
5.410024444149717e-06
6.618681532077831e-06
8.096246852985447e-06
9.902660272250480e-06
1.210979468420631e-05
1.480568227979743e-05
1.809997644130472e-05
2.212477240020686e-05
2.704095208070290e-05
3.304140516733080e-05
4.037180769283942e-05
4.932250706260202e-05
6.024998592205091e-05
7.358940705825360e-05
8.986696913415728e-05
1.097390517931194e-04
1.339784904459349e-04
1.635623738832526e-04
1.996707591756279e-04
2.437248547501663e-04
2.974461718931827e-04
3.630141435886715e-04
4.429461929355124e-04
5.404832493637375e-04
6.594055169949266e-04
8.044928210386098e-04
9.814092795865379e-04
1.197049681116721e-03
1.459950981435853e-03
1.780422605190661e-03
2.170761365640200e-03
2.646322649122194e-03
3.225653320725401e-03
3.931129291096166e-03
4.789262119734884e-03
5.833299267914771e-03
7.102862098095116e-03
8.645419931206011e-03
1.051913570107532e-02
1.279140705948090e-02
1.554569350544127e-02
1.888239027793826e-02
2.291716934313728e-02
2.779140590821282e-02
3.366989354000900e-02
4.074708933131356e-02
4.925046330137623e-02
5.944291106784055e-02
7.162280653149845e-02
8.614114256182193e-02
1.033732471842095e-01
1.237438234223790e-01
1.477026711472702e-01
1.757101568724258e-01
2.082203164455498e-01
2.456429540079687e-01
2.883030203639338e-01
3.363620965979547e-01
3.897409942118709e-01
4.480463662955668e-01
5.105094581168428e-01
5.758296529277253e-01
6.422622883716452e-01
7.076436763302867e-01
7.695547696130234e-01
8.256401449681037e-01
8.739601378364500e-01
9.133255328708154e-01
9.435349867879388e-01
9.652930605143045e-01
9.799884764761805e-01
9.892665373611202e-01
9.948272833176623e-01
9.977419015644197e-01
9.991134835729527e-01
9.996913487995196e-01
9.999059410417814e-01
9.999752907851814e-01
9.999944964583407e-01
9.999989808533289e-01
9.999998460895244e-01
9.999999815766242e-01
9.999999982898173e-01
9.999999998798454e-01
9.999999999928444e-01
1.000000000000677e+00
9.999999999997375e-01
9.999999999999858e-01
1.000000000000047e+00
9.999999999999851e-01
9.999999999999987e-01
1.000000000000003e+00
9.999999999999990e-01
9.999999999999999e-01
1.000000000000000e+00
9.999999999999999e-01
1.000000000000000e+00
###1.600000000000000e+00
6.826901174904731e-11
1.338137065942589e-10
1.670092234515489e-10
2.073446178206481e-10
2.569106370049616e-10
3.180667286778116e-10
3.930500718728821e-10
4.850931039038110e-10
5.980960331027668e-10
7.370048315509238e-10
9.076660829558449e-10
1.117414009736648e-09
1.375134479762078e-09
1.691809849153176e-09
2.080926553604960e-09
2.558941980179645e-09
3.146148053380382e-09
3.867478515154809e-09
4.753502605832086e-09
5.841412491794301e-09
7.178612085002814e-09
8.818098696934712e-09
1.083187068811994e-08
1.330443210439271e-08
1.633876557808200e-08
2.006333949402559e-08
2.463401778624256e-08
3.024230331243654e-08
3.712270788307769e-08
4.556305373236793e-08
5.591640549379733e-08
6.861360552144061e-08
8.418603928660301e-08
1.032757696952490e-07
1.266807716438864e-07
1.553717993280604e-07
1.905359902781915e-07
2.336287987740452e-07
2.864357361477676e-07
3.511152055855934e-07
4.303517687857632e-07
5.273990133642441e-07
6.462428126497237e-07
7.917555420966380e-07
9.699022977289066e-07
1.187960594472312e-06
1.454806629426056e-06
1.781386294401768e-06
2.180902364792911e-06
2.669658084344596e-06
3.267422424837501e-06
3.998375920047356e-06
4.892231793840032e-06
5.984885550863715e-06
7.320442590333433e-06
8.952707809911458e-06
1.094770703575202e-05
1.338451503247418e-05
1.636036738556337e-05
1.999555473188796e-05
2.443528940146649e-05
2.985646133701243e-05
3.647144934717551e-05
4.454844913215862e-05
5.440759539660462e-05
6.643867821120386e-05
8.111802832293474e-05
9.902351620993681e-05
1.208704211163817e-04
1.475041339804351e-04
1.799906038402613e-04
2.196172504258665e-04
2.679319200380577e-04
3.268032911753032e-04
3.986041555594525e-04
4.860558421235629e-04
5.926809212955093e-04
7.225567842090258e-04
8.808525660253159e-04
1.073668361130599e-03
1.308415773612754e-03
1.594267019881562e-03
1.942269171015193e-03
2.365550526656513e-03
2.880505601708998e-03
3.506881624087987e-03
4.268429965653505e-03
5.193166987621010e-03
6.316235874040130e-03
7.679346119090307e-03
9.332285580903625e-03
1.133594353233869e-02
1.376038150623818e-02
1.669237349348330e-02
2.023584591778803e-02
2.450972386207637e-02
2.965908756589271e-02
3.585203116210352e-02
4.328597275605945e-02
5.219045073734190e-02
6.282925989964395e-02
7.549942871162377e-02
9.054869803259766e-02
1.083446730546461e-01
1.293004439026491e-01
1.538481692017102e-01
1.824234911354870e-01
2.154484958008307e-01
2.532934431645929e-01
2.962375128664569e-01
3.443921858521634e-01
3.976285448872913e-01
4.555127485217059e-01
5.172551500742619e-01
5.815622113970902e-01
6.467423155366804e-01
7.107250053417152e-01
7.712314339799022e-01
8.260628572495813e-01
8.734211022911864e-01
9.122049501339915e-01
9.422101501965752e-01
9.640630520415263e-01
9.790190796841972e-01
9.886007810265821e-01
9.944057794272179e-01
9.975062218818143e-01
9.989977098996108e-01
9.996416202143434e-01
9.998874539506432e-01
9.999694190188999e-01
9.999929233203765e-01
9.999986316539958e-01
9.999997832499378e-01
9.999999725876125e-01
9.999999972934743e-01
9.999999997980444e-01
9.999999999881394e-01
1.000000000000070e+00
9.999999999998539e-01
9.999999999999932e-01
1.000000000000022e+00
9.999999999999934e-01
9.999999999999992e-01
1.000000000000001e+00
9.999999999999996e-01
1.000000000000000e+00
1.000000000000000e+00
1.000000000000000e+00
1.000000000000000e+00
###1.800000000000000e+00
8.069461639664117e-11
1.482833854088975e-10
1.852389584887636e-10
2.300878457832995e-10
2.852069184238828e-10
3.532137901219632e-10
4.365738980332566e-10
5.388839108160174e-10
6.644874931489656e-10
8.188527070974610e-10
1.008480251567625e-09
1.241510848350236e-09
1.527806087597754e-09
1.879546189348630e-09
2.311711474471518e-09
2.842527731309845e-09
3.494518602480677e-09
4.295335136634795e-09
5.278872714584338e-09
6.486346113193691e-09
7.970554274091445e-09
9.789548348405177e-09
1.202372844618233e-08
1.476666123565789e-08
1.813223090059097e-08
2.226276044167745e-08
2.733101047139732e-08
3.354884645292996e-08
4.117601243267426e-08
5.053100086291551e-08
6.200464005987388e-08
7.607366785778047e-08
9.332581470988443e-08
1.144711882718769e-07
1.403928539307079e-07
1.721630104971460e-07
2.110950650671857e-07
2.587969589224512e-07
3.172421383302331e-07
3.888142943190140e-07
4.764811152314884e-07
5.838312773312254e-07
7.152684601350370e-07
8.761700812455715e-07
1.073121309900788e-06
1.314139230711060e-06
1.609027144283503e-06
1.969847905945854e-06
2.411157845675777e-06
2.950914420420184e-06
3.610907965712282e-06
4.417759567053271e-06
5.404194364224562e-06
6.609691978542802e-06
8.082791394648334e-06
9.882632783058612e-06
1.208177398825436e-05
1.476708932866073e-05
1.804562894891072e-05
2.204913893126771e-05
2.693689580207758e-05
3.290293740376371e-05
4.018053142985914e-05
4.906180139689690e-05
5.989888237414451e-05
7.311697469069692e-05
8.923635929229734e-05
1.088897291461818e-04
1.328551463152906e-04
1.620549061245430e-04
1.976492861088820e-04
2.410392005979193e-04
2.939063304056742e-04
3.582747715026499e-04
4.367209298655449e-04
5.321808605240998e-04
6.484725513843290e-04
7.899852596374140e-04
9.622953324484586e-04
1.171958138908939e-03
1.426923801758270e-03
1.737007195898092e-03
2.114075005515507e-03
2.572062056583887e-03
3.128453873869428e-03
3.804234137477765e-03
4.624566508407283e-03
5.619008135912732e-03
6.824637620910783e-03
8.285288636507411e-03
1.005309842475785e-02
1.219170620820547e-02
1.477378254953966e-02
1.788961927151249e-02
2.164644708698063e-02
2.616646416041324e-02
3.159837299003407e-02
3.811345332681932e-02
4.591192075700571e-02
5.522518666876182e-02
6.631769538568423e-02
7.948489137285687e-02
9.507093966947672e-02
1.134355571326629e-01
1.349800700914358e-01
1.601190677481575e-01
1.892638803963220e-01
2.228054841511817e-01
2.610760404649808e-01
3.043109810082081e-01
3.525745138014499e-01
4.056913899568035e-01
4.631905953491041e-01
5.242637874257272e-01
5.876251871513157e-01
6.516326293259552e-01
7.143009921794017e-01
7.734779109404839e-01
8.271050203121545e-01
8.735104558417400e-01
9.116720595817476e-01
9.413881276035442e-01
9.632222081437070e-01
9.783213214603342e-01
9.881049364718945e-01
9.940772925754108e-01
9.973149167019805e-01
9.989001463865698e-01
9.995981437024162e-01
9.998706763525792e-01
9.999638767979150e-01
9.999913754348747e-01
9.999982723102412e-01
9.999997153097676e-01
9.999999623362642e-01
9.999999960905129e-01
9.999999996916236e-01
9.999999999814132e-01
9.999999999995315e-01
9.999999999999061e-01
9.999999999999971e-01
1.000000000000010e+00
9.999999999999971e-01
9.999999999999996e-01
1.000000000000001e+00
9.999999999999998e-01
1.000000000000000e+00
1.000000000000000e+00
1.000000000000000e+00
1.000000000000000e+00
###2.000000000000000e+00
9.426300143519029e-11
1.642211694340365e-10
2.053107230751541e-10
2.551250388467152e-10
3.163510143395887e-10
3.918910951790608e-10
4.844614340236058e-10
5.980587702093897e-10
7.375127566730209e-10
9.088646062942234e-10
1.119332118613066e-09
1.377942004013754e-09
1.695621480660252e-09
2.085869101971082e-09
2.565296070380316e-09
3.154070597409343e-09
3.877156391702981e-09
4.765186460901189e-09
5.855681178461955e-09
7.194273724077180e-09
8.839653444455244e-09
1.085540976647812e-08
1.333113156328271e-08
1.637026640346459e-08
2.009859894163467e-08
2.467362480086024e-08
3.028653305124836e-08
3.717142300671088e-08
4.561560959905566e-08
5.597087854468572e-08
6.866939122077642e-08
8.423783329277904e-08
1.033253794549315e-07
1.267161777023462e-07
1.553859195102532e-07
1.905172358166283e-07
2.335611479967247e-07
2.862899984077047e-07
3.508821677179593e-07
4.299689548163734e-07
5.268213751004109e-07
6.453933623480276e-07
7.905411148293214e-07
9.681917983924545e-07
1.185596560730104e-06
1.451580053376418e-06
1.776945197450234e-06
2.174963819929534e-06
2.661654733968935e-06
3.256757102290671e-06
3.984259828569727e-06
4.873399762436910e-06
5.960154111790000e-06
7.287863959943649e-06
8.909839477872532e-06
1.089096054844825e-05
1.331080672242793e-05
1.626462678184839e-05
1.986998663142297e-05
2.427092963441887e-05
2.964179336700277e-05
3.619496116901678e-05
4.418586604694735e-05
5.393277065083245e-05
6.582108156323096e-05
8.031430607521803e-05
9.797937458958982e-05
1.195071251506395e-04
1.457424410840475e-04
1.776891180599498e-04
2.166072687779942e-04
2.640178627754244e-04
3.217438247171981e-04
3.919731943500576e-04
4.774966436301486e-04
5.814760692746751e-04
7.080391689942684e-04
8.619021062880049e-04
1.049066897531343e-03
1.276563960281550e-03
1.552904038256299e-03
1.888567826068183e-03
2.296279138135978e-03
2.790799905747091e-03
3.390743808090750e-03
4.118367678656421e-03
5.000284622832822e-03
6.067628471211338e-03
7.359453227657581e-03
8.921752605978482e-03
1.080904352257957e-02
1.308773844622327e-02
1.583313344340478e-02
1.913902196769680e-02
2.311593345650655e-02
2.788929491739462e-02
3.361129653055930e-02
4.045634413200330e-02
4.862726812563672e-02
5.835715687300574e-02
6.991085763895417e-02
8.358198973252300e-02
9.971082923906702e-02
1.186490291166160e-01
1.407859995583312e-01
1.665188130033204e-01
1.962348544360043e-01
2.302949199647744e-01
2.689938739391983e-01
3.125261355973186e-01
3.609093825988730e-01
4.139274991445524e-01
4.710734082752073e-01
5.315226543747298e-01
5.939974173309918e-01
6.569012893927705e-01
7.183278350657849e-01
7.762391653691141e-01
8.287027557670699e-01
8.741607777132773e-01
9.116632109418527e-01
9.410154180136696e-01
9.627316670698982e-01
9.778711749229838e-01
9.877669401249605e-01
9.938385206430059e-01
9.971686067787590e-01
9.988223107302160e-01
9.995620984396786e-01
9.998562449875987e-01
9.999589285202682e-01
9.999899399994325e-01
9.999979253967610e-01
9.999996468219799e-01
9.999999515097661e-01
9.999999947546109e-01
9.999999995662987e-01
9.999999999728932e-01
9.999999999989795e-01
9.999999999999237e-01
9.999999999999988e-01
1.000000000000005e+00
9.999999999999988e-01
9.999999999999998e-01
1.000000000000000e+00
9.999999999999999e-01
1.000000000000000e+00
1.000000000000000e+00
1.000000000000000e+00
1.000000000000000e+00
###2.200000000000000e+00
1.090748711418601e-10
1.817537302945072e-10
2.273836080591239e-10
2.826513820505806e-10
3.505888769000368e-10
4.344033670368028e-10
5.370883273441273e-10
6.630801795575900e-10
8.177402431443136e-10
1.007738009440925e-09
1.241077262141783e-09
1.527754340499032e-09
1.879863530165887e-09
2.312346359383296e-09
2.843599949034453e-09
3.495918783805054e-09
4.296930630747603e-09
5.280525941844806e-09
6.488197966124435e-09
7.970406197275163e-09
9.792265746785457e-09
1.202338662335167e-08
1.476350751553921e-08
1.812662979656552e-08
2.225188427712289e-08
2.731299111248365e-08
3.352135015089815e-08
4.113530044000693e-08
5.047217689868369e-08
6.192007801803551e-08
7.595611456907748e-08
9.316132002115235e-08
1.142518128833113e-07
1.400923725866811e-07
1.717588496292269e-07
2.105544786878291e-07
2.580794247669086e-07
3.162851364890890e-07
3.875711538769833e-07
4.748383398233943e-07
5.816862318814081e-07
7.124660210076702e-07
8.725204422492390e-07
1.068374752998054e-06
1.307998280512189e-06
1.601095971714003e-06
1.959540967861178e-06
2.397916943684793e-06
2.933819781966065e-06
3.588913012922900e-06
4.389549909712841e-06
5.367790912599463e-06
6.563112276938714e-06
8.023009887549209e-06
9.805922202880677e-06
1.198289591213050e-05
1.464104918038723e-05
1.788461125949211e-05
2.184240395090205e-05
2.667165272875304e-05
3.256280495731182e-05
3.974784671165967e-05
4.850563020110769e-05
5.918358080997802e-05
7.220012706835648e-05
8.806150638648253e-05
1.073836921337947e-04
1.309191433034876e-04
1.595838138722301e-04
1.944676328150527e-04
2.369364360543434e-04
2.886380129894823e-04
3.515442208356345e-04
4.280158541130312e-04
5.210689058751875e-04
6.341025370805585e-04
7.715689682945031e-04
9.385266846009353e-04
1.141422396258069e-03
1.387781824599930e-03
1.686698957562729e-03
2.049347525370777e-03
2.489336111080911e-03
3.022285152850592e-03
3.667970785589515e-03
4.449960123989122e-03
5.396353205235442e-03
6.539896317294853e-03
7.921659099334392e-03
9.589830948608673e-03
1.160133815427543e-02
1.402538953272586e-02
1.693992062898378e-02
2.044230987026318e-02
2.464609017156839e-02
2.968011936339669e-02
3.569992739257163e-02
4.288291818291956e-02
5.143437308616057e-02
6.158885990286764e-02
7.361138375063231e-02
8.779349418704990e-02
1.044712726071853e-01
1.239881217823946e-01
1.467213793326952e-01
1.730506326668675e-01
2.033396502352091e-01
2.379204538430441e-01
2.770496126365962e-01
3.208860430748183e-01
3.693973491611041e-01
4.223342388641407e-01
4.791544818261916e-01
5.390189798439831e-01
6.006581729430402e-01
6.625179404928823e-01
7.227641992376976e-01
7.794631871962860e-01
8.307973406199047e-01
8.753104775861039e-01
9.121199756164508e-01
9.410423525418182e-01
9.625544075772926e-01
9.776445779536524e-01
9.875734751090680e-01
9.936842501922846e-01
9.970662625538332e-01
9.987646709912036e-01
9.995341351329257e-01
9.998445830030604e-01
9.999547732622163e-01
9.999886886539470e-01
9.999976112300611e-01
9.999995822944945e-01
9.999999408730881e-01
9.999999933821934e-01
9.999999994309796e-01
9.999999999631304e-01
9.999999999983915e-01
9.999999999999222e-01
9.999999999999991e-01
1.000000000000002e+00
9.999999999999996e-01
9.999999999999999e-01
1.000000000000000e+00
1.000000000000000e+00
1.000000000000000e+00
1.000000000000000e+00
1.000000000000000e+00
1.000000000000000e+00
###2.400000000000000e+00
1.252374261316611e-10
2.010174729462075e-10
2.516581300547910e-10
3.128807830089678e-10
3.881839714613298e-10
4.810766017696807e-10
5.948574707243133e-10
7.344445192367222e-10
9.057795479991938e-10
1.116220330571074e-09
1.374632806880019e-09
1.692071239956955e-09
2.081907037985579e-09
2.560659453271398e-09
3.148678693587026e-09
3.870580389005283e-09
4.756904615208740e-09
5.845096822413043e-09
7.181009655757927e-09
8.820317069437154e-09
1.083518547782078e-08
1.330178681717212e-08
1.633093752451960e-08
2.004810842128418e-08
2.460706152865724e-08
3.019906435033602e-08
3.705761420714390e-08
4.546743173757970e-08
5.577848076275863e-08
6.841847337493472e-08
8.391328495007472e-08
1.029029287103304e-07
1.261765272923716e-07
1.546863025180641e-07
1.896177596247150e-07
2.324026049644337e-07
2.848046035715686e-07
3.489696258248798e-07
4.275381272007310e-07
5.236975585916895e-07
6.414087004943655e-07
7.854510264575570e-07
9.616950955760008e-07
1.177307966245107e-06
1.441040173136449e-06
1.763545435222129e-06
2.157851618102438e-06
2.639958368788262e-06
3.229161290991348e-06
3.949205014145439e-06
4.828966332240390e-06
5.903565905356852e-06
7.216237809866843e-06
8.818934459422535e-06
1.077560834646352e-05
1.316392086560566e-05
1.607909544407486e-05
1.963491641199798e-05
2.397230583289997e-05
2.926257970716392e-05
3.571339771336055e-05
4.357766786313756e-05
5.315916566151020e-05
6.483658215200249e-05
7.906318807648176e-05
9.639085894139322e-05
1.174876265156724e-04
1.431711601630563e-04
1.744330329827170e-04
2.124540059165678e-04
2.587118004707662e-04
3.149880546585557e-04
3.834115329840516e-04
4.665248885188996e-04
5.675809013168326e-04
6.902277354519268e-04
8.392574743912096e-04
1.020086725352469e-03
1.239626490441784e-03
1.505918538299640e-03
1.828663251021328e-03
2.219755043467764e-03
2.693715891354376e-03
3.267056095950396e-03
3.960749318717469e-03
4.799710493565344e-03
5.813564380898592e-03
7.036705365436095e-03
8.512259141492663e-03
1.029064615263637e-02
1.243123110534522e-02
1.500604189377524e-02
1.809566522013069e-02
2.180106027067141e-02
2.623871477896999e-02
3.154088876533002e-02
3.786636468013348e-02
4.539541494604480e-02
5.433561045485234e-02
6.492279875264929e-02
7.742189769853858e-02
9.212213809350239e-02
1.093551052132598e-01
1.294557537293934e-01
1.527891849029408e-01
1.797175104046275e-01
2.105811664700512e-01
2.456838566816895e-01
2.852453634079425e-01
3.293897397105887e-01
3.780379184600591e-01
4.309083472644770e-01
4.874265558012348e-01
5.467398990714621e-01
6.075871933603768e-01
6.684536385265033e-01
7.275719097057679e-01
7.831033312743712e-01
8.333347410533999e-01
8.769030555503536e-01
9.129886815303280e-01
9.414228968794658e-01
9.626553542685679e-01
9.776178733675458e-01
9.875105826038243e-01
9.936079626911585e-01
9.970056449923308e-01
9.987268660509212e-01
9.995144548855379e-01
9.998359170986547e-01
9.999515400801304e-01
9.999876738174259e-01
9.999973462150413e-01
9.999995256878111e-01
9.999999311632549e-01
9.999999920764329e-01
9.999999992963895e-01
9.999999999529190e-01
9.999999999977816e-01
9.999999999999101e-01
9.999999999999987e-01
1.000000000000001e+00
9.999999999999999e-01
9.999999999999999e-01
1.000000000000000e+00
1.000000000000000e+00
1.000000000000000e+00
1.000000000000000e+00
1.000000000000000e+00
1.000000000000000e+00
###2.600000000000000e+00
1.428679907092165e-10
2.221576286119926e-10
2.782860633778614e-10
3.460415821968463e-10
4.294192258405926e-10
5.322611440242315e-10
6.582010273652032e-10
8.126830826848499e-10
1.002284090447312e-09
1.235116637584926e-09
1.520982005298178e-09
1.872095881371973e-09
2.303224179543412e-09
2.832608412174701e-09
3.482732129413951e-09
4.280742231303300e-09
5.260357518381418e-09
6.462901563439608e-09
7.938981872919005e-09
9.749952365928716e-09
1.197567101858223e-08
1.469945834312607e-08
1.804418842408550e-08
2.214783229480272e-08
2.718006364481909e-08
3.335135397538535e-08
4.091894349683576e-08
5.019655889455633e-08
6.156943265060976e-08
7.550843946516717e-08
9.259233987069174e-08
1.135252370405598e-07
1.391756243735258e-07
1.705901038569799e-07
2.090725970467139e-07
2.561969367486914e-07
3.139010024851008e-07
3.845424689568441e-07
4.710227678665884e-07
5.768384633919712e-07
7.063418991168979e-07
8.647754495815233e-07
1.058580132026386e-06
1.295615213310154e-06
1.585475534394834e-06
1.939837453997639e-06
2.372977386695310e-06
2.902410548959679e-06
3.549272790259203e-06
4.339545215671838e-06
5.304818598257243e-06
6.483502438294389e-06
7.922879528752951e-06
9.679647503061817e-06
1.182371025695161e-05
1.443980712774737e-05
1.763192614324796e-05
2.152382275682179e-05
2.626959761021181e-05
3.205554963610715e-05
3.910770812931110e-05
4.770128783472480e-05
5.816660688318389e-05
7.091539596679665e-05
8.643870542608216e-05
1.053361449223444e-04
1.283312442243701e-04
1.563104796406665e-04
1.903462535123688e-04
2.317145724134151e-04
2.820116024720013e-04
3.431601318740712e-04
4.174540997262956e-04
5.076274222069422e-04
6.171815507271694e-04
7.500257150771680e-04
9.113077377549749e-04
1.106818541388689e-03
1.343953597189350e-03
1.631291958095869e-03
1.979164078224536e-03
2.400213154621569e-03
2.909904127919233e-03
3.525668506432624e-03
4.269713282473543e-03
5.168339141981746e-03
6.252733628057208e-03
7.558974695149955e-03
9.132284626172124e-03
1.102534991591969e-02
1.330000194907426e-02
1.603110988130522e-02
1.930192024528173e-02
2.321695047761985e-02
2.789564837108921e-02
3.347358815495153e-02
4.011273346076147e-02
4.799609392535246e-02
5.733336590077078e-02
6.836147404383565e-02
8.134500244492021e-02
9.657060873568860e-02
1.143650822041193e-01
1.350547190354908e-01
1.589922103267522e-01
1.865221775627130e-01
2.179619613996780e-01
2.535873620182907e-01
2.935826899159006e-01
3.380377841763876e-01
3.868298339942759e-01
4.396459472661008e-01
4.958818970641466e-01
5.546724367198033e-01
6.147645504639926e-01
6.746807023545475e-01
7.327147992110982e-01
7.871154574579772e-01
8.362651111744404e-01
8.788865817883096e-01
9.142197246213762e-01
9.421143895441522e-01
9.630014385060215e-01
9.777681210409074e-01
9.875640462407180e-01
9.936023039294587e-01
9.969836365897570e-01
9.987078932821356e-01
9.995028879195715e-01
9.998303016055742e-01
9.999492919505163e-01
9.999869277112723e-01
9.999971417709312e-01
9.999994800673414e-01
9.999999230037693e-01
9.999999909328429e-01
9.999999991734312e-01
9.999999999431539e-01
9.999999999971880e-01
9.999999999998922e-01
9.999999999999979e-01
1.000000000000000e+00
1.000000000000000e+00
1.000000000000000e+00
1.000000000000000e+00
1.000000000000000e+00
1.000000000000000e+00
1.000000000000000e+00
1.000000000000000e+00
1.000000000000000e+00
###2.800000000000000e+00
1.620907896327942e-10
2.453301089013238e-10
3.074362762744280e-10
3.823782062335349e-10
4.745974049507218e-10
5.883318880809326e-10
7.275818574568882e-10
8.983651306942353e-10
1.107953914152154e-09
1.365282723387014e-09
1.681178898465959e-09
2.069115678625662e-09
2.545394858216335e-09
3.130118449721822e-09
3.848114143391216e-09
4.729276500643838e-09
5.810794740981375e-09
7.138216501316794e-09
8.767325478689589e-09
1.076567282168236e-08
1.322147080247795e-08
1.622590780531953e-08
1.991474725816016e-08
2.443981821894442e-08
2.998790437027389e-08
3.679047395317964e-08
4.513050244430171e-08
5.535325583770188e-08
6.788220230455738e-08
8.323511485676906e-08
1.020481072988797e-07
1.250951587933961e-07
1.533297355652963e-07
1.879017349794831e-07
2.302432968352617e-07
2.820813776788105e-07
3.455430434954467e-07
4.232148691902248e-07
5.182799538301807e-07
6.345704579753051e-07
7.768600519742755e-07
9.508916964487938e-07
1.163721920285625e-06
1.423956704614012e-06
1.742101321080622e-06
2.130933542278258e-06
2.606074655898480e-06
3.186670700293266e-06
3.895842427879267e-06
4.761959125112017e-06
5.819544894211042e-06
7.110529364276921e-06
8.686541885865206e-06
1.060937283429432e-05
1.295529462592099e-05
1.581662817320891e-05
1.930672790100211e-05
2.356003437203069e-05
2.874468555185566e-05
3.506299301499303e-05
4.276057056680950e-05
5.213639275100324e-05
6.354905132753987e-05
7.744543537727327e-05
9.435645650385390e-05
1.149327051917324e-04
1.399564384330097e-04
1.703869326100499e-04
2.073821126445117e-04
2.523185505168726e-04
3.069174268670001e-04
3.732502600109297e-04
4.537847305740637e-04
5.514557308308179e-04
6.700256939934578e-04
8.136773108397286e-04
9.879305606052633e-04
1.198967276842903e-03
1.454688161334054e-03
1.764231287187769e-03
2.138581386061737e-03
2.591158997185290e-03
3.138402511067481e-03
3.798696002033967e-03
4.595516295795835e-03
5.556588139836689e-03
6.714700150410253e-03
8.107649123830392e-03
9.782794508752739e-03
1.179512341842703e-02
1.420896129940731e-02
1.710204002107197e-02
2.056027160538233e-02
2.469171077215935e-02
2.961876347491547e-02
3.548023135889607e-02
4.244118311304490e-02
5.068723191792739e-02
6.043003209195932e-02
7.190737888221695e-02
8.538327334705159e-02
1.011415374053046e-01
1.195034737152921e-01
1.407876747253226e-01
1.653330606901749e-01
1.934667455906068e-01
2.254842602649988e-01
2.616327807609805e-01
3.020626549087844e-01
3.468301503042578e-01
3.957712379056239e-01
4.485425939724892e-01
5.045123643487864e-01
5.628035278597789e-01
6.221712708986660e-01
6.811726166206903e-01
7.381586906049930e-01
7.914584158814982e-01
8.395424133213141e-01
8.812132450110273e-01
9.157676998245516e-01
9.430773807685922e-01
9.635616578848012e-01
9.780733072108936e-01
9.877197620141960e-01
9.936594603726462e-01
9.969965341458770e-01
9.987062864850084e-01
9.994989855724568e-01
9.998276492984963e-01
9.999480342083568e-01
9.999864632037272e-01
9.999970042219618e-01
9.999994474230662e-01
9.999999168482657e-01
9.999999900279302e-01
9.999999990716019e-01
9.999999999346941e-01
9.999999999966567e-01
9.999999999998745e-01
9.999999999999969e-01
1.000000000000000e+00
1.000000000000000e+00
1.000000000000000e+00
1.000000000000000e+00
1.000000000000000e+00
1.000000000000000e+00
1.000000000000000e+00
1.000000000000000e+00
1.000000000000000e+00
###3.000000000000000e+00
1.830406379612770e-10
2.707021471125698e-10
3.393481659756087e-10
4.221515397898369e-10
5.240430320236970e-10
6.496905006536309e-10
8.034949473838941e-10
9.921002392916269e-10
1.223537319266839e-09
1.507637002793427e-09
1.856345275171074e-09
2.284508593212519e-09
2.810098996069430e-09
3.455254151182479e-09
4.247345039192814e-09
5.219252288390076e-09
6.411960842533902e-09
7.875611555218242e-09
9.671607870207596e-09
1.187427274669072e-08
1.458085254764549e-08
1.789114410475418e-08
2.195491095894856e-08
2.693911287164337e-08
3.304871405710275e-08
4.053844952727481e-08
4.971920380897106e-08
6.097007012233613e-08
7.475634192119455e-08
9.164654017985827e-08
1.123388914194099e-07
1.376831265537365e-07
1.687246555595997e-07
2.067252443949168e-07
2.532557399498034e-07
3.102087230320061e-07
3.799157676807818e-07
4.652106724963692e-07
5.695788284291870e-07
6.972213835430484e-07
8.533601055011584e-07
1.044278750740244e-06
1.277698989020343e-06
1.563031963017053e-06
1.911760222561986e-06
2.337849917247251e-06
2.858367532903894e-06
3.494218479130279e-06
4.270641617073471e-06
5.218583611701305e-06
6.375719300532905e-06
7.787733454783475e-06
9.510931287735109e-06
1.161257404557837e-05
1.417569278221023e-05
1.730076990333087e-05
2.111102434817263e-05
2.575269334747256e-05
3.140849617638856e-05
3.829795505542593e-05
4.668754476398252e-05
5.690152397092635e-05
6.932870339667548e-05
8.445280063430278e-05
1.028476014956658e-04
1.252174918715566e-04
1.524069875445954e-04
1.854523204881209e-04
2.256018131211306e-04
2.743381370956841e-04
3.335143110361608e-04
4.053584479285717e-04
4.925208432581762e-04
5.981473944666551e-04
7.262742608255059e-04
8.813703298594393e-04
1.069344703302451e-03
1.296787131419600e-03
1.572124897116228e-03
1.905077332344753e-03
2.307308178741032e-03
2.793044350455234e-03
3.379729052109418e-03
4.086730317985988e-03
4.938831972246673e-03
5.965221487067565e-03
7.200327031633143e-03
8.683699273097019e-03
1.046487536999349e-02
1.260117709441530e-02
1.515945035500560e-02
1.822031026412514e-02
2.187233695880447e-02
2.622710235379624e-02
3.140996073559490e-02
3.756285797012504e-02
4.485388333871750e-02
5.347111787163911e-02
6.362800217895699e-02
7.556299074319027e-02
8.953924820389375e-02
1.058374886781601e-01
1.247732204861234e-01
1.466571233018402e-01
1.718141117568873e-01
2.005521786164690e-01
2.331498959562090e-01
2.698214735025098e-01
3.106858007345730e-01
3.557662222164643e-01
4.048596721242770e-01
4.575932829318536e-01
5.133094128677698e-01
5.711200049047601e-01
6.297884274261577e-01
6.879040051506944e-01
7.438712691252538e-01
7.960937570976274e-01
8.431241158830847e-01
8.838392622895465e-01
9.175905997984704e-01
9.442753459192635e-01
9.643070196503106e-01
9.785124612538399e-01
9.879640010001091e-01
9.937714706674381e-01
9.970402906211384e-01
9.987202622048843e-01
9.995020845047646e-01
9.998277618267324e-01
9.999477240368863e-01
9.999862763187950e-01
9.999969350586541e-01
9.999994286457684e-01
9.999999129553780e-01
9.999999894121596e-01
9.999999989978905e-01
9.999999999282315e-01
9.999999999962309e-01
9.999999999998592e-01
9.999999999999959e-01
1.000000000000000e+00
1.000000000000000e+00
1.000000000000000e+00
1.000000000000000e+00
1.000000000000000e+00
1.000000000000000e+00
1.000000000000000e+00
1.000000000000000e+00
1.000000000000000e+00
###3.200000000000001e+00
2.058570181662506e-10
2.984527552416218e-10
3.742466950475832e-10
4.656415570136232e-10
5.781034015723249e-10
7.167670639112665e-10
8.864703772456304e-10
1.094540502918487e-09
1.349835033298215e-09
1.663163312860870e-09
2.047688316118003e-09
2.519749712415388e-09
3.099135310283299e-09
3.810209136271875e-09
4.683102015073029e-09
5.753948720245084e-09
7.067853183110897e-09
8.679972344860114e-09
1.065776872886327e-08
1.308297589997815e-08
1.606263143592137e-08
1.970582959549910e-08
2.417769083804377e-08
2.966139659960938e-08
3.638179962738827e-08
4.461874912029862e-08
5.471346478516204e-08
6.708164095062847e-08
8.223409830694606e-08
1.007937632284196e-07
1.235266536061097e-07
1.513642262632746e-07
1.854515228352466e-07
2.271716593514986e-07
2.782437695545457e-07
3.407410719021032e-07
4.172165328751891e-07
5.107674672196767e-07
6.252095027029480e-07
7.651386675480823e-07
9.362638772835713e-07
1.145444276983827e-06
1.401123388312604e-06
1.713583714430767e-06
2.095342983931656e-06
2.561662910001539e-06
3.131149413376178e-06
3.826607367765079e-06
4.675543049664075e-06
5.711673239721349e-06
6.976033814813303e-06
8.518366455170854e-06
1.039995047784603e-05
1.269391642871173e-05
1.549051294221614e-05
1.889894685634361e-05
2.305297270564909e-05
2.811140198604322e-05
3.427249852482584e-05
4.177412121109280e-05
5.090494463097649e-05
6.201610972732763e-05
7.552850439902694e-05
9.196495536188287e-05
1.119447320460148e-04
1.362291539751397e-04
1.657286139881727e-04
2.015607258675179e-04
2.450692118301390e-04
2.978486102342155e-04
3.618908620633835e-04
4.395888311712803e-04
5.337846146447633e-04
6.478454676986096e-04
7.860944615428719e-04
9.532997648337306e-04
1.155777121902983e-03
1.400541623327916e-03
1.696569077674375e-03
2.054182820821180e-03
2.485750862537628e-03
3.006336006006213e-03
3.634418483078339e-03
4.390381732143332e-03
5.300354374416553e-03
6.395025595894028e-03
7.710501846334814e-03
9.288148881755207e-03
1.117964207244475e-02
1.344475105820105e-02
1.615284121904523e-02
1.938743016488877e-02
2.323976572483760e-02
2.782491713755233e-02
3.327116603262139e-02
3.972353272175948e-02
4.735302348035447e-02
5.635005222409583e-02
6.692966943538159e-02
7.933077206505142e-02
9.381542979532646e-02
1.106609698720022e-01
1.301768661421608e-01
1.526654393072065e-01
1.784375678002739e-01
2.077823193707535e-01
2.409604091523372e-01
2.781544041497412e-01
3.194522006376234e-01
3.648448444293211e-01
4.140921275217910e-01
4.667924989331511e-01
5.222641347234628e-01
5.796086172471950e-01
6.375974660208023e-01
6.948506533590445e-01
7.498219367969049e-01
8.009854858808214e-01
8.469702401273261e-01
8.867236069749669e-01
9.196500286372764e-01
9.456745343613107e-01
9.652105426918192e-01
9.790658337905636e-01
9.882835940600559e-01
9.939304615157462e-01
9.971107132587200e-01
9.987478522463729e-01
9.995113817336515e-01
9.998303613420739e-01
9.999482821176946e-01
9.999863495155161e-01
9.999969316388112e-01
9.999994236146652e-01
9.999999113897934e-01
9.999999891075350e-01
9.999999989561601e-01
9.999999999242114e-01
9.999999999959429e-01
9.999999999998483e-01
9.999999999999950e-01
1.000000000000000e+00
9.999999999999999e-01
1.000000000000000e+00
1.000000000000000e+00
1.000000000000000e+00
1.000000000000000e+00
1.000000000000000e+00
1.000000000000000e+00
1.000000000000000e+00
###3.400000000000001e+00
2.306940977839537e-10
3.287738552887421e-10
4.123726183589499e-10
5.131477403620394e-10
6.371499740372102e-10
7.900220249910344e-10
9.770749360008333e-10
1.206384591108819e-09
1.487703140412714e-09
1.832924263241073e-09
2.256491652257726e-09
2.776407313158678e-09
3.414425872223252e-09
4.197329936938075e-09
5.158251473696804e-09
6.336870551769695e-09
7.782738824745385e-09
9.556480865909587e-09
1.173214140980616e-08
1.439950332885089e-08
1.767620109851935e-08
2.168142439003138e-08
2.659697559049727e-08
3.262344683770190e-08
4.000778187151352e-08
4.905634171735810e-08
6.014359403891242e-08
7.372492603234273e-08
9.036002901711660e-08
1.107310902377488e-07
1.356774936171861e-07
1.662182674863393e-07
2.036070796712752e-07
2.493577055927655e-07
3.053493543883147e-07
3.738503008063410e-07
4.576523680991906e-07
5.601368617640589e-07
6.854756995412930e-07
8.386908433804741e-07
1.026012612325357e-06
1.254927178030796e-06
1.534642241004998e-06
1.876386740292424e-06
2.293789646191875e-06
2.803503824187184e-06
3.425785421325392e-06
4.185479358319318e-06
5.112522681944631e-06
6.243608131353974e-06
7.623350283878510e-06
9.305852535883352e-06
1.135770700934340e-05
1.385831998050400e-05
1.690567300144484e-05
2.061821603291321e-05
2.514101143828141e-05
3.064624160306937e-05
3.734872655811801e-05
4.550584281717977e-05
5.542986807486330e-05
6.750049915204979e-05
8.217264752687520e-05
1.000106318002382e-04
1.216819245309416e-04
1.480080656396392e-04
1.799691113059607e-04
2.187685926019741e-04
2.658509104260777e-04
3.229284319185966e-04
3.921393726702585e-04
4.760498024012407e-04
5.777031268842592e-04
7.006986425296801e-04
8.496599680599526e-04
1.029667993139255e-03
1.247463186084289e-03
1.510503825736011e-03
1.828336789211738e-03
2.211912670325465e-03
2.674329528552076e-03
3.231516057426275e-03
3.903022548018021e-03
4.710279346434521e-03
5.680798270012752e-03
6.846809504930555e-03
8.246136753690994e-03
9.921998510161139e-03
1.192823760009868e-02
1.432711486796855e-02
1.719053644251675e-02
2.060494015561994e-02
2.466423798473407e-02
2.948697628474051e-02
3.520434169325562e-02
4.196434274403517e-02
4.994080875603971e-02
5.932634202158867e-02
7.033740609199382e-02
8.321316224777274e-02
9.821427574349102e-02
1.156144149902080e-01
1.357167617133682e-01
1.588148461933170e-01
1.852054386693779e-01
2.151588032482389e-01
2.489170246370361e-01
2.866321314791226e-01
3.283614559408800e-01
3.740639150610310e-01
4.234650554562182e-01
4.761342318858566e-01
5.313672704632315e-01
5.882560274215692e-01
6.455801603132885e-01
7.019884836820963e-01
7.559816378271055e-01
8.060998332910317e-01
8.510439320343116e-01
8.898286075206768e-01
9.219103443384793e-01
9.472437977363785e-01
9.662471848280251e-01
9.797149479994455e-01
9.886660758969986e-01
9.941287897787789e-01
9.972036030763592e-01
9.987870037871105e-01
9.995259955261715e-01
9.998351176980994e-01
9.999496035320214e-01
9.999866550582660e-01
9.999969880557008e-01
9.999994313765777e-01
9.999999120472616e-01
9.999999891094320e-01
9.999999989471167e-01
9.999999999228019e-01
9.999999999958090e-01
9.999999999998433e-01
9.999999999999943e-01
1.000000000000000e+00
9.999999999999999e-01
1.000000000000000e+00
1.000000000000000e+00
1.000000000000000e+00
1.000000000000000e+00
1.000000000000000e+00
1.000000000000000e+00
1.000000000000000e+00
###3.600000000000001e+00
2.577142046055957e-10
3.618698091812019e-10
4.539833151002416e-10
5.649902024302681e-10
7.015797891322124e-10
8.699455428207973e-10
1.075914582702580e-09
1.328377477672744e-09
1.638056161400959e-09
2.018027991620726e-09
2.484127102592636e-09
3.056159938122960e-09
3.758022134548498e-09
4.619121780064945e-09
5.675851258915698e-09
6.971737387325658e-09
8.561174283650491e-09
1.051067797578519e-08
1.290147487652399e-08
1.583206296331327e-08
1.943156610824972e-08
2.383010330076641e-08
2.922755955301040e-08
3.584339083836000e-08
4.394845380496212e-08
5.387777928164047e-08
6.604183648071280e-08
8.093896008179913e-08
9.918159595886593e-08
1.215163189966676e-07
1.488610373437929e-07
1.823299452136087e-07
2.232940420710143e-07
2.734075640369520e-07
3.347229846084650e-07
4.097194198094828e-07
5.014433673610977e-07
6.135860780867055e-07
7.506992775837797e-07
9.182654417611799e-07
1.123076007300886e-06
1.373290694754664e-06
1.678943684447808e-06
2.052265479000791e-06
2.508089930228619e-06
3.064568519842800e-06
3.743717837678153e-06
4.572566791911400e-06
5.583663129559352e-06
6.816883242021865e-06
8.320672756915943e-06
1.015379595002514e-05
1.238856455260054e-05
1.511096203424658e-05
1.842735182935082e-05
2.246599049331153e-05
2.738400009052617e-05
3.336779095233044e-05
4.064980140771327e-05
4.950822942701198e-05
6.028022721979675e-05
7.337599753566720e-05
8.928622216891693e-05
1.086198764596096e-04
1.320947996446254e-04
1.605963987554650e-04
1.951783435667887e-04
2.371348042425139e-04
2.880163443161701e-04
3.496593485430895e-04
4.243559342077146e-04
5.148540811435125e-04
6.244085081026279e-04
7.568614039273152e-04
9.171510846168915e-04
1.110684962706173e-03
1.344646879437007e-03
1.626956579814728e-03
1.967755154136082e-03
2.378644217993179e-03
2.873478181012635e-03
3.469082117506132e-03
4.186110196560864e-03
5.047071235344858e-03
6.080899197401064e-03
7.321404819505687e-03
8.808168034937324e-03
1.058629220991225e-02
1.271183206289290e-02
1.524956670911459e-02
1.827396799019827e-02
2.187441023285331e-02
2.614746274413588e-02
3.121512794709998e-02
3.721146886585208e-02
4.428739372750968e-02
5.261945532558900e-02
6.240229409450139e-02
7.385353183937533e-02
8.721256723369786e-02
1.027381873091677e-01
1.207001714735794e-01
1.413951353314855e-01
1.651073970383738e-01
1.921195080521080e-01
2.226829843320595e-01
2.570206055360339e-01
2.952547793006953e-01
3.374126489174317e-01
3.834198069233166e-01
4.329743081241495e-01
4.856119561189392e-01
5.406091919853100e-01
5.970487902993024e-01
6.537185704952170e-01
7.092947114761486e-01
7.623227307103843e-01
8.114050683551279e-01
8.553108803110603e-01
8.931194880038862e-01
9.243387027176795e-01
9.489544410803721e-01
9.673938249568323e-01
9.804426367987448e-01
9.890997507700985e-01
9.943591876968967e-01
9.973148795670468e-01
9.988356631572349e-01
9.995450087500343e-01
9.998416734993892e-01
9.999515677965204e-01
9.999871584707007e-01
9.999970961239765e-01
9.999994503550322e-01
9.999999146901857e-01
9.999999893910622e-01
9.999999989686775e-01
9.999999999239096e-01
9.999999999958288e-01
9.999999999998443e-01
9.999999999999939e-01
1.000000000000000e+00
9.999999999999999e-01
1.000000000000000e+00
1.000000000000000e+00
1.000000000000000e+00
1.000000000000000e+00
1.000000000000000e+00
1.000000000000000e+00
1.000000000000000e+00
###3.800000000000001e+00
2.870903479326210e-10
3.979592836397306e-10
4.993537732322494e-10
6.215109564813626e-10
7.718169605147468e-10
9.570624414928053e-10
1.183637199471650e-09
1.461311798066457e-09
1.801870398019073e-09
2.219671154425892e-09
2.732059338787999e-09
3.360798642198069e-09
4.132112365274372e-09
5.078256331730034e-09
6.239161604379532e-09
7.662524858497170e-09
9.407992259474056e-09
1.154846662979857e-08
1.417295719431100e-08
1.738940186466825e-08
2.133937600830033e-08
2.616481271532949e-08
3.208518255319882e-08
3.934062061135935e-08
4.822703949823090e-08
5.911128202563099e-08
7.244245156844984e-08
8.876529926867055e-08
1.087492369269656e-07
1.332103698626582e-07
1.631513657783334e-07
1.997890993119039e-07
2.446215873805793e-07
2.994529925687035e-07
3.665248321130223e-07
4.485405726369964e-07
5.488228251167305e-07
6.713969305594798e-07
8.212208989795420e-07
1.004274198228414e-06
1.227950602937344e-06
1.501133878609255e-06
1.834746268544275e-06
2.242090472837643e-06
2.739298183742518e-06
3.346119308407794e-06
4.086473592139644e-06
4.989698606345247e-06
6.091175614886130e-06
7.434133614629311e-06
9.071167706295462e-06
1.106598882937695e-05
1.349703036526892e-05
1.645728431615968e-05
2.006205580811966e-05
2.445005385612753e-05
2.979123651872327e-05
3.628714639573185e-05
4.418895483551812e-05
5.379698489038145e-05
6.547486393612792e-05
7.966490355614152e-05
9.689588848772148e-05
1.178240520118559e-04
1.432205714673933e-04
1.740381875872066e-04
2.114083449880057e-04
2.567207681952966e-04
3.116378783694993e-04
3.781264992540535e-04
4.586405572475304e-04
5.561187568351075e-04
6.740380844498432e-04
8.164942028732922e-04
9.887549408754005e-04
1.196568406251026e-03
1.447581035588553e-03
1.750192753060326e-03
2.115162611714978e-03
2.554767522646697e-03
3.083645060251331e-03
3.719547659068421e-03
4.484267942081242e-03
5.401424817340333e-03
6.501413856302652e-03
7.819666121198060e-03
9.397556702191142e-03
1.128210580979715e-02
1.353162332864256e-02
1.621343358311321e-02
1.940459721295612e-02
2.319743965308565e-02
2.769117731639621e-02
3.301124628839800e-02
3.929455108819027e-02
4.669480814430235e-02
5.539118816697829e-02
6.558021358791295e-02
7.748047913252530e-02
9.133135792110032e-02
1.073895054785949e-01
1.259204957690197e-01
1.472140875975858e-01
1.715449710543742e-01
1.991813324652091e-01
2.303559373017607e-01
2.652716652145209e-01
3.040220606872484e-01
3.466044164587956e-01
3.929119233662500e-01
4.426152772573293e-01
4.952187089438278e-01
5.499799702246232e-01
6.059733981007537e-01
6.619950607697390e-01
7.167473258595222e-01
7.688189124645842e-01
8.168713587246398e-01
8.597391304473644e-01
8.965640896578070e-01
9.269048859647336e-01
9.507800909889084e-01
9.686291791413820e-01
9.812330595167165e-01
9.895738042413924e-01
9.946148443902345e-01
9.974406571068830e-01
9.988918406539927e-01
9.995675122866055e-01
9.998496640844831e-01
9.999540478476284e-01
9.999878217374379e-01
9.999972462992252e-01
9.999994785732829e-01
9.999999189897363e-01
9.999999899095996e-01
9.999999990166133e-01
9.999999999272334e-01
9.999999999959865e-01
9.999999999998512e-01
9.999999999999937e-01
1.000000000000000e+00
9.999999999999999e-01
1.000000000000000e+00
1.000000000000000e+00
1.000000000000000e+00
1.000000000000000e+00
1.000000000000000e+00
1.000000000000000e+00
1.000000000000000e+00
###4.000000000000001e+00
3.190089332746338e-10
4.372758420194893e-10
5.487776364656762e-10
6.830752117661471e-10
8.483152267396346e-10
1.051932972485306e-09
1.300931900866500e-09
1.606037576248563e-09
1.980189668037571e-09
2.439130414496836e-09
3.001850634235132e-09
3.692233781506241e-09
4.539029592497995e-09
5.577581416274782e-09
6.851656713148667e-09
8.413468472480827e-09
1.032835363100118e-08
1.267613232235445e-08
1.555424027470401e-08
1.908085183276635e-08
2.341096123683489e-08
2.869945103354575e-08
3.518658173483623e-08
4.313527059809927e-08
5.286823482462573e-08
6.478682864984727e-08
7.938182185329603e-08
9.724810624001810e-08
1.191164780106948e-07
1.458781281459040e-07
1.786271068770740e-07
2.186909720673369e-07
2.677045674254518e-07
3.276335807233049e-07
4.009231648448901e-07
4.905178127566575e-07
6.000376175014036e-07
7.338670442253611e-07
8.974029673339377e-07
1.097156614630445e-06
1.341161112461749e-06
1.639089476842610e-06
2.002811770202209e-06
2.446780537031888e-06
2.988527013810907e-06
3.649495990872191e-06
4.455642283238818e-06
5.438809311346369e-06
6.637356340518276e-06
8.098137638979483e-06
9.878179349944390e-06
1.204642986920399e-05
1.468787289470660e-05
1.790305694468463e-05
2.181663599237631e-05
2.657857577012821e-05
3.237247471199571e-05
3.941594256595634e-05
4.798005271148848e-05
5.838860538694402e-05
7.103334046328984e-05
8.639054857926759e-05
1.050293777031448e-04
1.276557987616158e-04
1.550981042011204e-04
1.883793945618292e-04
2.287133950217423e-04
2.775905016123085e-04
3.367909047640066e-04
4.084185271130478e-04
4.950973001361325e-04
5.999660804764005e-04
7.267345422088078e-04
8.797636310103467e-04
1.064665683988234e-03
1.287544050229997e-03
1.556527565302418e-03
1.880515483526429e-03
2.270909178396428e-03
2.740685638477394e-03
3.305292926075624e-03
3.983442301426724e-03
4.798100144852962e-03
5.774027122848166e-03
6.943120347006376e-03
8.342471160098846e-03
1.001528862655397e-02
1.201054149933021e-02
1.438883691897317e-02
1.722007101063170e-02
2.058391431369661e-02
2.457565609975024e-02
2.929714610514509e-02
3.487722982093249e-02
4.145561205695308e-02
4.918872235404888e-02
5.825823741236118e-02
6.886239928071412e-02
8.122058127939998e-02
9.557186344322711e-02
1.121705035878754e-01
1.312775451878880e-01
1.531755827596287e-01
1.781292648410658e-01
2.063922331610415e-01
2.381784495299666e-01
2.736703626913983e-01
3.129332762311183e-01
3.559349447722932e-01
4.025369639226335e-01
4.523828904524274e-01
5.049471047747861e-01
5.594693886413921e-01
6.150163138902442e-01
6.703922855025315e-01
7.243250455004077e-01
7.754451294499088e-01
8.224706350438991e-01
8.642989116848776e-01
9.001326792595837e-01
9.295810747133182e-01
9.526966759699019e-01
9.699338009265036e-01
9.820717704532681e-01
9.900783230125616e-01
9.948894768646332e-01
9.975773194770561e-01
9.989536594086922e-01
9.995926370173981e-01
9.998587339018006e-01
9.999569169369028e-01
9.999886060888731e-01
9.999974285078180e-01
9.999995138675742e-01
9.999999245675680e-01
9.999999906127430e-01
9.999999990853450e-01
9.999999999323279e-01
9.999999999962567e-01
9.999999999998628e-01
9.999999999999937e-01
1.000000000000001e+00
9.999999999999999e-01
1.000000000000000e+00
1.000000000000000e+00
1.000000000000000e+00
1.000000000000000e+00
1.000000000000000e+00
1.000000000000000e+00
1.000000000000000e+00
###4.200000000000001e+00
3.536679729483577e-10
4.800687641571415e-10
6.025682823248370e-10
7.500726790525764e-10
9.315570993138292e-10
1.155154830709206e-09
1.428535264540103e-09
1.763460241228339e-09
2.174123224736220e-09
2.677766970010873e-09
3.295166366643367e-09
4.052500548247555e-09
4.981259703715133e-09
6.120130668608079e-09
7.517036647815611e-09
9.229077925393826e-09
1.132775196417744e-08
1.390036395233410e-08
1.705346494303230e-08
2.091630028773204e-08
2.565836928712629e-08
3.144855913277881e-08
3.854954193209727e-08
4.724889170179775e-08
5.789826534757161e-08
7.093624847731219e-08
8.689856189226338e-08
1.064341826405359e-07
1.303400914589759e-07
1.595883932400116e-07
1.953716037984695e-07
2.391364827527147e-07
2.926651409223026e-07
3.580971307896925e-07
4.380966024121025e-07
5.358672407648796e-07
6.553488788662852e-07
8.013117162093367e-07
9.796239490331011e-07
1.197367826138657e-06
1.463261719178458e-06
1.787825499358293e-06
2.183945025204628e-06
2.667304850404875e-06
3.256932995683004e-06
3.976094088659445e-06
4.852910502210576e-06
5.921910757160762e-06
7.224634482792749e-06
8.811830143680750e-06
1.074518514592595e-05
1.309930194194901e-05
1.596611175123534e-05
1.945423796933518e-05
2.369832098264524e-05
2.886013384159582e-05
3.513795012417939e-05
4.276638235300922e-05
5.203761994503075e-05
6.330041874408710e-05
7.697618683173138e-05
9.357733213111501e-05
1.137156297860869e-04
1.381496406600189e-04
1.677679739067624e-04
2.036680307097602e-04
2.471500929716427e-04
2.998107153893769e-04
3.635539375402835e-04
4.406276850291922e-04
5.338343868827341e-04
6.465228034516484e-04
7.826459897129143e-04
9.468425788446460e-04
1.145084650083341e-03
1.383845799147776e-03
1.671757651010228e-03
2.018238381479051e-03
2.435356651338551e-03
2.936814812948559e-03
3.538899238319818e-03
4.261311954724283e-03
5.128229095343787e-03
6.165584753003369e-03
7.406817948933705e-03
8.890719836756131e-03
1.066222580639485e-02
1.277272602232063e-02
1.528472495881805e-02
1.827086187536479e-02
2.181343707159539e-02
2.601071413417556e-02
3.096715868561492e-02
3.681499902268612e-02
4.369669264594676e-02
5.177128289511081e-02
6.122283377299323e-02
7.225113769618832e-02
8.507614285393793e-02
9.993636290398046e-02
1.170833786049776e-01
1.367733683954459e-01
1.592814384379972e-01
1.848617820113541e-01
2.137532860357448e-01
2.461510108354288e-01
2.822164943676588e-01
3.219873068286626e-01
3.654019525932178e-01
4.122911529441969e-01
4.622715887018655e-01
5.147893374772784e-01
5.690669491755465e-01
6.241640055358189e-01
6.788931772776260e-01
7.320072787119641e-01
7.821774989433533e-01
8.281764720241686e-01
8.689624851697528e-01
9.037977834368510e-01
9.323417411462298e-01
9.546819759092576e-01
9.712898409985623e-01
9.829454824741100e-01
9.906043046906606e-01
9.951773643635069e-01
9.977215472335859e-01
9.990193891790955e-01
9.996195746378052e-01
9.998685488091734e-01
9.999600544172085e-01
9.999894739658256e-01
9.999976328409563e-01
9.999995540601679e-01
9.999999310335961e-01
9.999999914448121e-01
9.999999991687116e-01
9.999999999386774e-01
9.999999999966078e-01
9.999999999998777e-01
9.999999999999939e-01
1.000000000000001e+00
9.999999999999999e-01
1.000000000000000e+00
1.000000000000000e+00
1.000000000000000e+00
1.000000000000000e+00
1.000000000000000e+00
1.000000000000000e+00
1.000000000000000e+00
###4.400000000000001e+00
3.912786722201281e-10
5.266039041108326e-10
6.610599460846101e-10
8.229191561991056e-10
1.022057697538356e-09
1.267365319190953e-09
1.567232575043806e-09
1.934544949232363e-09
2.384854710350759e-09
2.937031290837861e-09
3.613780779673547e-09
4.443766859997324e-09
5.461449916895017e-09
6.709133864825238e-09
8.239239729264967e-09
1.011415209320772e-08
1.241203151820310e-08
1.522827557250985e-08
1.867928698221382e-08
2.290625698830666e-08
2.809440316567971e-08
3.442766314954648e-08
4.219295099553305e-08
5.170441977259988e-08
6.334496787742689e-08
7.759332127638177e-08
9.503363359105057e-08
1.163731905376505e-07
1.424802625147412e-07
1.744140763766871e-07
2.134731515179901e-07
2.612325118726266e-07
3.196326378787489e-07
3.910000626705184e-07
4.782342516711161e-07
5.848173915596056e-07
7.150326724320679e-07
8.740644858556494e-07
1.068286103744793e-06
1.305389811714294e-06
1.594837319790537e-06
1.948046769717192e-06
2.378994895115475e-06
2.904685173002577e-06
3.545746319068727e-06
4.327389747057648e-06
5.280054058266224e-06
6.441135449030597e-06
7.855569224010797e-06
9.578257717843113e-06
1.167586868088753e-05
1.422900734956551e-05
1.733701794895194e-05
2.111711934821593e-05
2.571457079830359e-05
3.130373815515927e-05
3.809841094085499e-05
4.635127463884255e-05
5.637687958040392e-05
6.855067650702297e-05
8.332489903435432e-05
1.012507639792565e-04
1.229848850417758e-04
1.493413870833750e-04
1.812725316114609e-04
2.199543185111769e-04
2.667774400295973e-04
3.234506922228606e-04
3.920087133700241e-04
4.748499480999073e-04
5.749643312013073e-04
6.959206071569252e-04
8.419259727208372e-04
1.017910401312747e-03
1.230220550353441e-03
1.485715939134261e-03
1.793551967138789e-03
2.163685765382504e-03
2.608878857730865e-03
3.143584746444236e-03
3.784956422453475e-03
4.553719086091606e-03
5.475295274515232e-03
6.576824138421265e-03
7.893327360614081e-03
9.465334708285030e-03
1.133952864902459e-02
1.356981120522254e-02
1.622056605025679e-02
1.936721607772015e-02
2.309471016752464e-02
2.750429417785140e-02
3.270302835828996e-02
3.882649440171363e-02
4.601984837292510e-02
5.444464327115262e-02
6.428720454867493e-02
7.574869826342426e-02
8.904943392716849e-02
1.044270786789455e-01
1.221302435974278e-01
1.424098971753475e-01
1.655333168903637e-01
1.917438246545465e-01
2.212653139685125e-01
2.542738066731855e-01
2.909094909083623e-01
3.311826143521732e-01
3.750026969714668e-01
4.221702326174548e-01
4.722753432942709e-01
5.247371998074588e-01
5.787618882817392e-01
6.334026701984555e-01
6.874809360638340e-01
7.397740926321130e-01
7.889932438625124e-01
8.339639859107357e-01
8.737038016830604e-01
9.075340373393085e-01
9.351634972364610e-01
9.567158360694562e-01
9.726811902443382e-01
9.838421780956375e-01
9.911436488207699e-01
9.954733644249303e-01
9.978703493040748e-01
9.990874679274658e-01
9.996475928055425e-01
9.998788045897600e-01
9.999633498042984e-01
9.999903907186413e-01
9.999978500716173e-01
9.999995971016393e-01
9.999999380163821e-01
9.999999923519325e-01
9.999999992606327e-01
9.999999999457623e-01
9.999999999970074e-01
9.999999999998944e-01
9.999999999999942e-01
1.000000000000001e+00
9.999999999999998e-01
1.000000000000000e+00
1.000000000000000e+00
1.000000000000000e+00
1.000000000000000e+00
1.000000000000000e+00
1.000000000000000e+00
1.000000000000000e+00
###4.600000000000001e+00
4.320660897933580e-10
5.771646872719223e-10
7.246089524996707e-10
9.020575421434116e-10
1.120366275613117e-09
1.389243697049672e-09
1.717860680758417e-09
2.120320067530530e-09
2.613645505190870e-09
3.218468263493158e-09
3.959583244202849e-09
4.868340561798897e-09
5.982417997113207e-09
7.348028063406473e-09
9.022456042501317e-09
1.107379537384916e-08
1.358740708129297e-08
1.666743026617181e-08
2.044090605423221e-08
2.506191682085759e-08
3.073266278736148e-08
3.765327744180271e-08
4.613686119864810e-08
5.652619750501181e-08
6.923787788779554e-08
8.479386200528602e-08
1.038304719551055e-07
1.271177739800854e-07
1.556007701579814e-07
1.904324172011029e-07
2.330252518682507e-07
2.850922072567161e-07
3.487439316989496e-07
4.265078626488246e-07
5.215361183889366e-07
6.376098775501284e-07
7.793807332002054e-07
9.524784661954072e-07
1.163815271047351e-06
1.421737486059082e-06
1.736505150285632e-06
2.120496775649103e-06
2.588856452208491e-06
3.159998462510051e-06
3.856264615090037e-06
4.704939428380820e-06
5.738942343730387e-06
6.998727325569107e-06
8.532852250111055e-06
1.040064713601301e-05
1.267411545295125e-05
1.544017264604835e-05
1.880612543330177e-05
2.289831502215165e-05
2.787328395641157e-05
3.391878448236612e-05
4.126505682280973e-05
5.018395611234123e-05
6.101379466528948e-05
7.415808587889754e-05
9.010221706832290e-05
1.094376111989417e-04
1.328687306695867e-04
1.612684201125022e-04
1.956559608663835e-04
2.372901335833563e-04
2.876572420788691e-04
3.485819796470286e-04
4.222402887430145e-04
5.111851378066854e-04
6.186040812144824e-04
7.482962752608261e-04
9.047346088764829e-04
1.093153143985877e-03
1.320289720414690e-03
1.593405419111096e-03
1.922200997916755e-03
2.317193021152856e-03
2.791862063027085e-03
3.361439058800632e-03
4.043972409108722e-03
4.861243356211431e-03
5.839958126285500e-03
7.008492560163350e-03
8.403492074432490e-03
1.006726407230569e-02
1.204828680976584e-02
1.440297829158391e-02
1.719766735706085e-02
2.051057213784568e-02
2.442930617533673e-02
2.905810302092861e-02
3.450659211272306e-02
4.091367588954311e-02
4.842714812959702e-02
5.721096195137153e-02
6.745357080978366e-02
7.935732959805224e-02
9.314268543879074e-02
1.090461708920749e-01
1.273131213620381e-01
1.481889393560392e-01
1.719327175338931e-01
1.987764860690326e-01
2.289288805062709e-01
2.625467128777414e-01
2.997484155543624e-01
3.405172438732935e-01
3.847339806088129e-01
4.321694813298968e-01
4.823876747359562e-01
5.347821057767579e-01
5.885432000049126e-01
6.427186243425588e-01
6.961390332578032e-01
7.476061947781204e-01
7.958706435082655e-01
8.398097543157776e-01
8.784990403344872e-01
9.113180656846205e-01
9.380249675117051e-01
9.587799900428863e-01
9.740933257534818e-01
9.847513664960369e-01
9.916891578653527e-01
9.957729218939848e-01
9.980211143636215e-01
9.991565174688468e-01
9.996760452352058e-01
9.998892327905561e-01
9.999667054134602e-01
9.999913257193407e-01
9.999980720243377e-01
9.999996411694316e-01
9.999999451839393e-01
9.999999932857188e-01
9.999999993556077e-01
9.999999999531097e-01
9.999999999974251e-01
9.999999999999117e-01
9.999999999999947e-01
1.000000000000001e+00
9.999999999999998e-01
1.000000000000000e+00
1.000000000000000e+00
1.000000000000000e+00
1.000000000000000e+00
1.000000000000000e+00
1.000000000000000e+00
1.000000000000000e+00
###4.800000000000002e+00
4.762699808636251e-10
6.320530998792228e-10
7.935949670223318e-10
9.879596892090278e-10
1.227067986832833e-09
1.521513501811683e-09
1.881310905682016e-09
2.321880722126738e-09
2.861838671132933e-09
3.523722481793774e-09
4.334584717348238e-09
5.328678505496258e-09
6.547161748296315e-09
8.040469078309814e-09
9.871141333166324e-09
1.211343447739296e-08
1.486048421446111e-08
1.822586462209457e-08
2.234809525500224e-08
2.739516133729157e-08
3.358758725492826e-08
4.114293122059777e-08
5.040255093980056e-08
6.174004859828240e-08
7.560831853488712e-08
9.257585060908376e-08
1.133351131333778e-07
1.387237124513581e-07
1.697691710362335e-07
2.077252040381194e-07
2.541268878804636e-07
3.108353049290635e-07
3.801438151512986e-07
4.647955301682115e-07
5.682143848102149e-07
6.945000286794637e-07
8.487012675636088e-07
1.036924321469553e-06
1.266664136870007e-06
1.546951359727029e-06
1.888916302130015e-06
2.305959485655167e-06
2.814473129065888e-06
3.434379465778289e-06
4.189860757610158e-06
5.110381762207662e-06
6.231542506421456e-06
7.597046632432601e-06
9.259313516424086e-06
1.128238932752731e-05
1.374395757647384e-05
1.673768871690615e-05
2.037924205513511e-05
2.480476291835141e-05
3.018274172242529e-05
3.671516572718599e-05
4.464967707695304e-05
5.427846245471255e-05
6.596496957799684e-05
8.014244470161644e-05
9.733140346566833e-05
1.181656364626369e-04
1.434001498471229e-04
1.739697520533215e-04
2.109643890716508e-04
2.557298478002300e-04
3.098532596653105e-04
3.752835129126409e-04
4.543371703541801e-04
5.497370515668821e-04
6.648751195240108e-04
8.037918388444677e-04
9.712375953549891e-04
1.172763707002452e-03
1.415513036732041e-03
1.707174029532982e-03
2.058005218051368e-03
2.479106779373355e-03
2.984705135804378e-03
3.590835429151068e-03
4.316470729556111e-03
5.184481640502428e-03
6.222895961514593e-03
7.461357829700683e-03
8.938177735190756e-03
1.069747989947812e-02
1.278958496336361e-02
1.527343455009284e-02
1.821736269222649e-02
2.170239524369449e-02
2.581882358832045e-02
3.067387160472314e-02
3.637970806963741e-02
4.307851984440637e-02
5.092067062999203e-02
6.007239816951983e-02
7.072414245891991e-02
8.307925378194819e-02
9.735808257648831e-02
1.137957299863775e-01
1.326339362183519e-01
1.541121700943091e-01
1.784809678799653e-01
2.059606421255325e-01
2.367442822482135e-01
2.709692894221020e-01
3.087319614988278e-01
3.499888251055602e-01
3.945921586044963e-01
4.422837252929169e-01
4.926016713485016e-01
5.449151131183431e-01
5.983996603362800e-01
6.520981759132825e-01
7.048512205862856e-01
7.554849211980208e-01
8.027889945188215e-01
8.456917494268407e-01
8.833258861798902e-01
9.151283771338210e-01
9.409067318515265e-01
9.608579404333656e-01
9.755132374700679e-01
9.856635516968862e-01
9.922345058605585e-01
9.960720585751955e-01
9.981715543505512e-01
9.992253472010852e-01
9.997043759184717e-01
9.998996035536929e-01
9.999700380357399e-01
9.999922529359098e-01
9.999982917813860e-01
9.999996847296131e-01
9.999999522573694e-01
9.999999942056785e-01
9.999999994490451e-01
9.999999999603254e-01
9.999999999978356e-01
9.999999999999285e-01
9.999999999999951e-01
1.000000000000001e+00
9.999999999999998e-01
1.000000000000000e+00
1.000000000000000e+00
1.000000000000000e+00
1.000000000000000e+00
1.000000000000000e+00
1.000000000000000e+00
1.000000000000000e+00
###5.000000000000002e+00
5.241456501137864e-10
6.915907708458541e-10
8.684223235073547e-10
1.081128363927774e-09
1.342785929719598e-09
1.664945215120249e-09
2.058532110960449e-09
2.540392570944962e-09
3.130861441764465e-09
3.854543935256710e-09
4.740924481993519e-09
5.827393194738837e-09
7.158868911379599e-09
8.790343484161754e-09
1.079003148072156e-08
1.323883589914123e-08
1.623828033272365e-08
1.991211410813450e-08
2.441123167677905e-08
2.991860037331344e-08
3.667449959108916e-08
4.491522187543802e-08
5.501258899427129e-08
6.737335475476215e-08
8.248949309871743e-08
1.009795347738073e-07
1.235963273543630e-07
1.512500801302950e-07
1.850569895177330e-07
2.263790022592281e-07
2.768827989275530e-07
3.385884542096879e-07
4.139853974737612e-07
5.060480677722705e-07
6.184954777635672e-07
7.557575740114366e-07
9.233197144806086e-07
1.127794553560121e-06
1.377300685539540e-06
1.681601493358948e-06
2.052757259830462e-06
2.505261136113744e-06
3.056838839406201e-06
3.729023143785293e-06
4.547959686389878e-06
5.545440950375172e-06
6.759923642459057e-06
8.238574892122976e-06
1.003792713951134e-05
1.222704635445332e-05
1.488965849267664e-05
1.812662467297090e-05
2.206246095861697e-05
2.684373832539271e-05
3.265162465611656e-05
3.970329269217804e-05
4.826467557574814e-05
5.864953107562125e-05
7.124786654249721e-05
8.652444854767338e-05
1.050369534373108e-04
1.274639057627182e-04
1.546135675826087e-04
1.874860809237088e-04
2.272460268444106e-04
2.753309471945139e-04
3.334321451177073e-04
4.036316557267507e-04
4.883913793391123e-04
5.906135405454633e-04
7.139035472561128e-04
8.625546892344195e-04
1.041606751880134e-03
1.256941864220899e-03
1.516110124240466e-03
1.827310067171750e-03
2.201275370082768e-03
2.649785118206129e-03
3.187819773421398e-03
3.832245819772216e-03
4.602990739452914e-03
5.524048241028775e-03
6.624806147544457e-03
7.936208437533830e-03
9.498272228750887e-03
1.135697780128445e-02
1.356453277583414e-02
1.618241295661148e-02
1.928101205801383e-02
2.294417655257922e-02
2.726488581222924e-02
3.235335364274020e-02
3.832425364933000e-02
4.532301665944497e-02
5.350250136518092e-02
6.303110812634115e-02
7.410111358362492e-02
8.691666077731852e-02
1.016977581828713e-01
1.186777691075074e-01
1.380945053573028e-01
1.601811222621957e-01
1.851792130054851e-01
2.132969397721065e-01
2.447115364208338e-01
2.795407590588889e-01
3.178569025501081e-01
3.595945472550642e-01
4.045731329402007e-01
4.525073398417425e-01
5.029100000818152e-01
5.551269393850825e-01
6.083198486680046e-01
6.615276399752814e-01
7.136015353248205e-01
7.633922247982454e-01
8.097285746749153e-01
8.515892727854865e-01
8.881635881729714e-01
9.189452595100317e-01
9.437912623132355e-01
9.629348685680127e-01
9.769293560194565e-01
9.865703854850699e-01
9.927741990278154e-01
9.963673534800539e-01
9.983197249922718e-01
9.992929491575490e-01
9.997321199993515e-01
9.999097262511165e-01
9.999732793574311e-01
9.999931512223362e-01
9.999985037841488e-01
9.999997265614184e-01
9.999999590174922e-01
9.999999950803951e-01
9.999999995374174e-01
9.999999999671109e-01
9.999999999982199e-01
9.999999999999440e-01
9.999999999999956e-01
1.000000000000001e+00
9.999999999999998e-01
1.000000000000000e+00
1.000000000000000e+00
1.000000000000000e+00
1.000000000000000e+00
1.000000000000000e+00
1.000000000000000e+00
1.000000000000000e+00
###5.200000000000002e+00
5.759647939722379e-10
7.561200258799346e-10
9.495213860149551e-10
1.182098146105098e-09
1.468183214067281e-09
1.820358579300341e-09
2.250533872949710e-09
2.777095663170522e-09
3.422226925631672e-09
4.212793570465306e-09
5.180877116600991e-09
6.367261797355611e-09
7.820927415848805e-09
9.601781005137452e-09
1.178415750590244e-08
1.445612402315805e-08
1.772824655500245e-08
2.173523944308346e-08
2.664132813282397e-08
3.264561271248427e-08
4.000965330026885e-08
4.898987005042639e-08
5.999091134641700e-08
7.345513505764800e-08
8.991658006703709e-08
1.100475437848469e-07
1.346657551476425e-07
1.647594087232122e-07
2.015399126600435e-07
2.464853859876436e-07
3.014037289320806e-07
3.684855432030365e-07
4.504304650624319e-07
5.504609168321299e-07
6.726117335392309e-07
8.216672576521651e-07
1.003579516576931e-06
1.225503231508212e-06
1.496223908734714e-06
1.826288842716632e-06
2.228751457447009e-06
2.719272119576945e-06
3.317000213501056e-06
4.045187306955136e-06
4.932072195954776e-06
6.011930459265262e-06
7.326261095802686e-06
8.925919985151621e-06
1.087181733668039e-05
1.323835836020012e-05
1.611567066769149e-05
1.961232222361623e-05
2.386217115036461e-05
2.902286665168268e-05
3.528902645633807e-05
4.289391233249023e-05
5.212284015954348e-05
6.331241452034777e-05
7.688083532399514e-05
9.332572782557005e-05
1.132445114742866e-04
1.373631162849680e-04
1.665449316139493e-04
2.018598453648431e-04
2.445507284877294e-04
2.961517044918757e-04
3.584643646994519e-04
4.337045118564391e-04
5.244986746655318e-04
6.339265869377572e-04
7.658205261214980e-04
9.247379973495599e-04
1.116020272793585e-03
1.345894739563214e-03
1.622337537737322e-03
1.954075411880424e-03
2.352332829699406e-03
2.829597948613309e-03
3.401628213330685e-03
4.086156818588853e-03
4.904087962112840e-03
5.880575211204848e-03
7.046405406746121e-03
8.433853807344720e-03
1.008468587473893e-02
1.204677713885794e-02
1.437426488376774e-02
1.713117203592322e-02
2.039000128644240e-02
2.423743257805122e-02
2.876914024936804e-02
3.409832432112264e-02
4.034216661286797e-02
4.764916848059882e-02
5.617472969071721e-02
6.608924138963707e-02
7.758665808237042e-02
9.087170324584030e-02
1.061637867386085e-01
1.236942173476502e-01
1.436965315032732e-01
1.663971787768971e-01
1.920284079357659e-01
2.207857906888716e-01
2.528303766560508e-01
2.882600131756357e-01
3.271226812053441e-01
3.693311815076827e-01
4.146723666179168e-01
4.628342678611687e-01
5.133049292987867e-01
5.654079880788462e-01
6.182921647856732e-01
6.709933618926075e-01
7.223743133196634e-01
7.713106721822821e-01
8.166706168299018e-01
8.574829036375357e-01
8.929929331174664e-01
9.227506820029658e-01
9.466623259318909e-01
9.649975319109428e-01
9.783314708483276e-01
9.874646030805322e-01
9.933035567513576e-01
9.966559159206652e-01
9.984639780290077e-01
9.993584949208092e-01
9.997588991971207e-01
9.999194483505486e-01
9.999763756331232e-01
9.999940042348916e-01
9.999987038116516e-01
9.999997657574826e-01
9.999999653048228e-01
9.999999958874753e-01
9.999999996182741e-01
9.999999999732636e-01
9.999999999985651e-01
9.999999999999578e-01
9.999999999999960e-01
1.000000000000001e+00
9.999999999999998e-01
1.000000000000000e+00
1.000000000000000e+00
1.000000000000000e+00
1.000000000000000e+00
1.000000000000000e+00
1.000000000000000e+00
1.000000000000000e+00
###5.400000000000002e+00
6.320164284959068e-10
8.260050719145671e-10
1.037350007799340e-09
1.291438705894048e-09
1.603965212198246e-09
1.988625541855692e-09
2.458389852277087e-09
3.033308538728872e-09
3.737557575411560e-09
4.600449483435284e-09
5.656859919230670e-09
6.951235128003314e-09
8.536936248979770e-09
1.047916767932166e-08
1.285886146236175e-08
1.577180028839523e-08
1.933829078752004e-08
2.370485439122718e-08
2.905006662081666e-08
3.559038635741184e-08
4.361027983215954e-08
5.338777780029195e-08
6.536286130265052e-08
8.001612981179827e-08
9.792683368046899e-08
1.198250090102013e-07
1.465980516590811e-07
1.793178601994218e-07
2.192979967378871e-07
2.681411849998479e-07
3.278067469447255e-07
4.006680527365487e-07
4.896499178635751e-07
5.982404333630690e-07
7.308122500499142e-07
8.925295524923333e-07
1.089842982380146e-06
1.330487014010612e-06
1.623959835197960e-06
1.981646696697633e-06
2.417660968249540e-06
2.948908976513327e-06
3.596058954241352e-06
4.384195401715119e-06
5.343787330498532e-06
6.511755898467813e-06
7.932841024182855e-06
9.661821485346406e-06
1.176426469543625e-05
1.432025093868575e-05
1.742670572303165e-05
2.120039016560117e-05
2.578506946004903e-05
3.135013694530478e-05
3.810446959738699e-05
4.629836504265988e-05
5.623766388130865e-05
6.828312426735900e-05
8.288274625824736e-05
1.005688767325563e-04
1.219808528893578e-04
1.478946675749310e-04
1.792318082756923e-04
2.171354512463812e-04
2.629313163608134e-04
3.182533897009663e-04
3.850212084250412e-04
4.655893239171734e-04
5.627584742332801e-04
6.797927096801478e-04
8.207620977276264e-04
9.905012017234806e-04
1.194662843505745e-03
1.439836871962296e-03
1.734443855228889e-03
2.087753842256063e-03
2.511509366617512e-03
3.018927048361456e-03
3.626571004419021e-03
4.353069779141664e-03
5.220334247444370e-03
6.254712533448946e-03
7.488430000882527e-03
8.955124478625098e-03
1.069835159504762e-02
1.276792117376409e-02
1.521994099945959e-02
1.812099595451886e-02
2.154574210708661e-02
2.558370533164639e-02
3.033325860191943e-02
3.591058234818748e-02
4.243551683706952e-02
5.005899222534922e-02
5.893944879020474e-02
6.924894002031312e-02
8.118292783197603e-02
9.494649403227187e-02
1.107581812759923e-01
1.288469163848056e-01
1.494415996266328e-01
1.727615701597501e-01
1.990293170563387e-01
2.284273747091501e-01
2.611002631154438e-01
2.971256447676281e-01
3.365271556713638e-01
3.791951473716910e-01
4.248849365018060e-01
4.732590000081721e-01
5.237783902664011e-01
5.757484013427687e-01
6.283048878876119e-01
6.804817599866103e-01
7.311542194391770e-01
7.792234567698022e-01
8.235972987410974e-01
8.633544634397443e-01
8.977961862057814e-01
9.265282208437771e-01
9.495055882437331e-01
9.670343446013152e-01
9.797106615934729e-01
9.883399619162458e-01
9.938185871009317e-01
9.969353538797030e-01
9.986029920331645e-01
9.994213236028043e-01
9.997844184253614e-01
9.999286537834152e-01
9.999792868961541e-01
9.999948001586625e-01
9.999988888997137e-01
9.999998017026902e-01
9.999999710153369e-01
9.999999966129224e-01
9.999999996901612e-01
9.999999999786678e-01
9.999999999988652e-01
9.999999999999695e-01
9.999999999999963e-01
1.000000000000001e+00
9.999999999999998e-01
1.000000000000000e+00
1.000000000000000e+00
1.000000000000000e+00
1.000000000000000e+00
1.000000000000000e+00
1.000000000000000e+00
1.000000000000000e+00
###5.600000000000002e+00
6.926078006058556e-10
9.016332097740550e-10
1.132395061449133e-09
1.409755252762300e-09
1.750881903906825e-09
2.170673085847711e-09
2.683241371434003e-09
3.310432653829185e-09
4.078573089553964e-09
5.019613414377137e-09
6.171440765749910e-09
7.582447177033373e-09
9.310717037897057e-09
1.142715974643112e-08
1.401981324340690e-08
1.719276348713096e-08
2.107680218386379e-08
2.583115523664657e-08
3.164983382606717e-08
3.876796124761075e-08
4.749464080271008e-08
5.813109050226371e-08
7.115528872899674e-08
8.708888949720274e-08
1.065596907597576e-07
1.303596920527957e-07
1.594510402539399e-07
1.949954108163713e-07
2.384158875469930e-07
2.914487485272283e-07
3.562155584269165e-07
4.352854337479151e-07
5.318242623084096e-07
6.496044718419191e-07
7.933598976691274e-07
9.686614380918834e-07
1.182492190661394e-06
1.443206228963465e-06
1.761062808872408e-06
2.148342192639574e-06
2.620288302946224e-06
3.195136522161736e-06
3.895174347915104e-06
4.747439617020720e-06
5.784775875401415e-06
7.046917375586186e-06
8.582065278109127e-06
1.044915644801721e-05
1.271871306086555e-05
1.547684342879566e-05
1.882769161832945e-05
2.289670898054870e-05
2.783817374507297e-05
3.383391735657953e-05
4.110792375381844e-05
4.992851793691588e-05
6.062325969652955e-05
7.357842697106943e-05
8.927350008334943e-05
1.082774906986018e-04
1.312739237932597e-04
1.590915543473888e-04
1.927132061890640e-04
2.333588560810498e-04
2.824415438167325e-04
3.416999625745392e-04
4.131776296295235e-04
4.993763845378930e-04
6.032741286100930e-04
7.283327811208726e-04
8.788693985251670e-04
1.060008371950135e-03
1.277725841343474e-03
1.538990418092066e-03
1.852686309224106e-03
2.228642855254601e-03
2.679147895128655e-03
3.218201065303905e-03
3.863100788289610e-03
4.633501315880469e-03
5.552318177703798e-03
6.647128441777641e-03
7.951635965941882e-03
9.500872233156172e-03
1.134022489663721e-02
1.352147686555134e-02
1.610274544022287e-02
1.915319371747094e-02
2.274967085502049e-02
2.698456027181746e-02
3.195893377029106e-02
3.779194288949157e-02
4.460601354488672e-02
5.255450835962267e-02
6.179874821288662e-02
7.251233074487497e-02
8.489204464678998e-02
9.914309739902719e-02
1.154828837879906e-01
1.341376099349999e-01
1.553311653934343e-01
1.792753618658892e-01
2.061825001680130e-01
2.362216239870243e-01
2.695203640226780e-01
3.061359129964514e-01
3.460675087259963e-01
3.891824629722181e-01
4.352055090971932e-01
4.837737933901305e-01
5.343221724690768e-01
5.861380675061383e-01
6.383461875419888e-01
6.899793406952056e-01
7.399262583653544e-01
7.871141865910141e-01
8.304927214396591e-01
8.691869960581379e-01
9.025570378357004e-01
9.302629912464040e-01
9.523082468540206e-01
9.690348026182949e-01
9.810592213226561e-01
9.891911794173143e-01
9.943160195295925e-01
9.972037388522934e-01
9.987357293189729e-01
9.994809293091891e-01
9.998084587139259e-01
9.999372590995019e-01
9.999819856822901e-01
9.999955312313360e-01
9.999990572273810e-01
9.999998340408695e-01
9.999999760934863e-01
9.999999972500114e-01
9.999999997524602e-01
9.999999999832839e-01
9.999999999991181e-01
9.999999999999791e-01
9.999999999999967e-01
1.000000000000001e+00
9.999999999999998e-01
1.000000000000000e+00
1.000000000000000e+00
1.000000000000000e+00
1.000000000000000e+00
1.000000000000000e+00
1.000000000000000e+00
1.000000000000000e+00
###5.800000000000002e+00
7.580654662730126e-10
9.834160175063962e-10
1.235174070682731e-09
1.537691025482656e-09
1.909730332236513e-09
2.367486221841046e-09
2.926301088718791e-09
3.609956801389807e-09
4.447097768173350e-09
5.472517404985110e-09
6.727346217310357e-09
8.264224901581627e-09
1.014632579497204e-08
1.245069807442310e-08
1.527302784075451e-08
1.872633083042980e-08
2.295267650021941e-08
2.812495133351301e-08
3.445375804675024e-08
4.219427350445844e-08
5.168208051542267e-08
6.324326059518484e-08
7.739662274435194e-08
9.470786686326000e-08
1.158568810498189e-07
1.417021169034978e-07
1.732858707461588e-07
2.118660404452724e-07
2.589830467324701e-07
3.165162157399355e-07
3.867608261456208e-07
4.724954927523669e-07
5.771440116925713e-07
7.047829148577760e-07
8.605319717641997e-07
1.050397176738269e-06
1.281929910059326e-06
1.564145970460428e-06
1.908116790075199e-06
2.327077862339249e-06
2.837478243606940e-06
3.458970020577976e-06
4.215565836785012e-06
5.136383811963407e-06
6.256804400122332e-06
7.619525092335403e-06
9.276456433753820e-06
1.129094531587012e-05
1.373877635608640e-05
1.671245676724071e-05
2.032379073898744e-05
2.470744159300759e-05
3.002883568369748e-05
3.648297012555965e-05
4.430982328431714e-05
5.379678547980537e-05
6.529438439074749e-05
7.921584564892414e-05
9.607388493786916e-05
1.164762049754638e-04
1.411528868355188e-04
1.709882623360861e-04
2.070301635101841e-04
2.505785807984955e-04
3.031378551912384e-04
3.665579744198794e-04
4.430118085686297e-04
5.351557839929108e-04
6.461529998233038e-04
7.796722806577637e-04
9.402888650028497e-04
1.133432590249382e-03
1.365407555438364e-03
1.643585354489207e-03
1.977331979447517e-03
2.377049935810414e-03
2.855602640587362e-03
3.427797987566281e-03
4.111683733143759e-03
4.927983478443925e-03
5.900645259809360e-03
7.058509603530667e-03
8.436799263695173e-03
1.007197019448396e-02
1.201128389560456e-02
1.430853479407009e-02
1.702388690130602e-02
2.022909877798104e-02
2.400324784964419e-02
2.844158541581637e-02
3.364787864682812e-02
3.974423631560168e-02
4.685559488138542e-02
5.513773884984711e-02
6.475471055494199e-02
7.588152090643437e-02
8.871609535404265e-02
1.034635232515088e-01
1.203397585987340e-01
1.395679363640140e-01
1.613665471543649e-01
1.859394459061583e-01
2.134883040870319e-01
2.441682151241967e-01
2.780895489258169e-01
3.152887373265367e-01
3.557405429008207e-01
3.992887442305110e-01
4.456283359985874e-01
4.943712641581443e-01
5.449281876869504e-01
5.965666589447300e-01
6.484041478725129e-01
6.994727202133344e-01
7.486757763276504e-01
7.949668066697819e-01
8.373398291398551e-01
8.749646992298774e-01
9.072605336643151e-01
9.339415660306056e-01
9.550589446608146e-01
9.709898940200341e-01
9.823705747524143e-01
9.900138657899991e-01
9.947932280615759e-01
9.974595676456013e-01
9.988614038378043e-01
9.995369462799151e-01
9.998308692087383e-01
9.999452100728433e-01
9.999844552643550e-01
9.999961932112796e-01
9.999992079223892e-01
9.999998626325481e-01
9.999999805236834e-01
9.999999977978518e-01
9.999999998052186e-01
9.999999999871280e-01
9.999999999993255e-01
9.999999999999868e-01
9.999999999999970e-01
1.000000000000001e+00
9.999999999999998e-01
1.000000000000000e+00
1.000000000000000e+00
1.000000000000000e+00
1.000000000000000e+00
1.000000000000000e+00
1.000000000000000e+00
1.000000000000000e+00
###6.000000000000003e+00
8.287363004911504e-10
1.071790768631448e-09
1.346236815607565e-09
1.675929333546668e-09
2.081357165755908e-09
2.580111328403382e-09
3.188856872833702e-09
3.933461944917650e-09
4.845071950088971e-09
5.961530753258905e-09
7.327469956852325e-09
9.000098488648757e-09
1.104806542356841e-08
1.355502308981331e-08
1.662488354904579e-08
2.038025942555713e-08
2.497534229208156e-08
3.059769664761023e-08
3.747574741817645e-08
4.588620103234350e-08
5.619308157964547e-08
6.874911333904621e-08
8.411694844570542e-08
1.029095113961562e-07
1.258625403381457e-07
1.539057053160812e-07
1.881671813194840e-07
2.300079260964202e-07
2.810939829475529e-07
3.434577915606969e-07
4.195804993188078e-07
5.124647833890338e-07
6.258101816285398e-07
7.640180285381394e-07
9.326208523200945e-07
1.138089098196722e-06
1.388580537801038e-06
1.693817216486374e-06
2.065736678473027e-06
2.518597242974685e-06
3.070119686254848e-06
3.741477345500293e-06
4.558515541232439e-06
5.552566555024948e-06
6.761709835399440e-06
8.231790259457966e-06
1.001866264009743e-05
1.219035756861660e-05
1.482824521235441e-05
1.803162125316040e-05
2.192041323812412e-05
2.663904383400368e-05
3.236475293705824e-05
3.930646561548684e-05
4.772108349306071e-05
5.791614814556506e-05
7.026646004652550e-05
8.521368420063369e-05
1.033056042367989e-04
1.251907259960997e-04
1.516481563350682e-04
1.836207358194501e-04
2.222246641951857e-04
2.688441711127776e-04
3.250791244196352e-04
3.928966285790917e-04
4.746049689605331e-04
5.730219194692752e-04
6.915064838640696e-04
8.339413524111465e-04
1.005172263973755e-03
1.210946984173996e-03
1.457915406252432e-03
1.753859463312681e-03
2.108659649265606e-03
2.533290869767338e-03
3.041238754212706e-03
3.648130215393036e-03
4.372799423046082e-03
5.237063529009550e-03
6.265937749452356e-03
7.489560994079847e-03
8.944686692719228e-03
1.066931267773875e-02
1.271252911866907e-02
1.513020888623045e-02
1.798459807190822e-02
2.135006853514058e-02
2.530795673718331e-02
2.995639054712911e-02
3.540182519456687e-02
4.176930799841932e-02
4.918620782435761e-02
5.781070686467837e-02
6.780940906359922e-02
7.935859518577225e-02
9.265712752055229e-02
1.079097219910684e-01
1.253305863695059e-01
1.451394219900891e-01
1.675489187246586e-01
1.927545334401224e-01
2.209468554475389e-01
2.522665628934045e-01
2.868063840695197e-01
3.245816954238234e-01
3.655426893130218e-01
4.095092114532603e-01
4.561472735681741e-01
5.050438494392349e-01
5.555862917895553e-01
6.070236172802115e-01
6.584667861496588e-01
7.089486438916548e-01
7.573884937854501e-01
8.027671383679775e-01
8.441233514779950e-01
8.806728792000130e-01
9.118930215804266e-01
9.375519055912649e-01
9.577476938724923e-01
9.728918976962970e-01
9.836392083433071e-01
9.908044570821685e-01
9.952481724110445e-01
9.977017233117802e-01
9.989794536867482e-01
9.995891330777997e-01
9.998515588413852e-01
9.999524780565526e-01
9.999866883587263e-01
9.999967847999188e-01
9.999993408804525e-01
9.999998875109033e-01
9.999999843212466e-01
9.999999982599161e-01
9.999999998489602e-01
9.999999999902548e-01
9.999999999994915e-01
9.999999999999926e-01
9.999999999999972e-01
1.000000000000001e+00
9.999999999999998e-01
1.000000000000000e+00
1.000000000000000e+00
1.000000000000000e+00
1.000000000000000e+00
1.000000000000000e+00
1.000000000000000e+00
1.000000000000000e+00
###6.200000000000003e+00
9.049886002287216e-10
1.167221844710996e-09
1.466167178100668e-09
1.825195823159724e-09
2.266661389443571e-09
2.809659253098698e-09
3.472275873344725e-09
4.282626140295657e-09
5.274565538787105e-09
6.489167466898379e-09
7.974881882961840e-09
9.793812197466395e-09
1.202049873330274e-08
1.474569061041742e-08
1.808214109997399e-08
2.216276961260246e-08
2.715478863053466e-08
3.326152312783413e-08
4.073052834466842e-08
4.986161175438706e-08
6.104932237605000e-08
7.467491639460766e-08
9.134809034718892e-08
1.117323693555982e-07
1.366233302887555e-07
1.670269203035716e-07
2.041632701911362e-07
2.495036471778417e-07
3.048484971012313e-07
3.723940400685150e-07
4.548201634410035e-07
5.553690224386159e-07
6.780347763249884e-07
8.275656179888944e-07
1.009934707329438e-06
1.232108435522213e-06
1.502891109767031e-06
1.832757967636098e-06
2.234569706123116e-06
2.723675250704525e-06
3.319147601511476e-06
4.043781282593441e-06
4.925371094506969e-06
5.997604246512502e-06
7.301427906440151e-06
8.886034146865395e-06
1.081146284695785e-05
1.315071788705877e-05
1.599109428978361e-05
1.943908513399047e-05
2.362322714930382e-05
2.869827638730703e-05
3.485398302099222e-05
4.231399857423398e-05
5.135311954128613e-05
6.230017444380667e-05
7.555559965671625e-05
9.159105715901434e-05
1.109913111625760e-04
1.344478713211306e-04
1.627914443173784e-04
1.970264310787076e-04
2.383408926547787e-04
2.882075769800494e-04
3.483266016652355e-04
4.207878902737826e-04
5.080415601485189e-04
6.130786599091010e-04
7.394502576718726e-04
8.912749915709080e-04
1.073676888700708e-03
1.292734573642402e-03
1.555463713288179e-03
1.870058310502613e-03
2.246948519178485e-03
2.697686795583771e-03
3.236432684118066e-03
3.879629727292148e-03
4.646941429481545e-03
5.561304044179326e-03
6.648834515594809e-03
7.941004708041927e-03
9.476030458241637e-03
1.129381310458770e-02
1.344498251386101e-02
1.598763543126403e-02
1.898613466557291e-02
2.251748324667806e-02
2.666530321237612e-02
3.153060567422932e-02
3.722252256652827e-02
4.386901601019195e-02
5.159980542615443e-02
6.057543341279456e-02
7.096490364939659e-02
8.294561091939037e-02
9.671714400902240e-02
1.124835783565174e-01
1.304570572053428e-01
1.508534736583497e-01
1.738793015780627e-01
1.997211469586213e-01
2.285580533294754e-01
2.605158139710217e-01
2.956691281452895e-01
3.340120218921492e-01
3.754700127185250e-01
4.198386978770709e-01
4.667557979494689e-01
5.157836289013639e-01
5.662871556687773e-01
6.174981953067716e-01
6.685220902690067e-01
7.183940236927875e-01
7.660505371985569e-01
8.105010785248299e-01
8.508291543384843e-01
8.862979682136699e-01
9.164421263324867e-01
9.410833112703885e-01
9.603658138536197e-01
9.747342737881176e-01
9.848606009601754e-01
9.915601519320019e-01
9.956793455412121e-01
9.979294360172636e-01
9.990895434777186e-01
9.996373571951140e-01
9.998704878509794e-01
9.999590554863980e-01
9.999886853854613e-01
9.999973070467867e-01
9.999994566139733e-01
9.999999088390572e-01
9.999999875238198e-01
9.999999986426991e-01
9.999999998845240e-01
9.999999999927436e-01
9.999999999996215e-01
9.999999999999968e-01
9.999999999999974e-01
1.000000000000001e+00
9.999999999999998e-01
1.000000000000000e+00
1.000000000000000e+00
1.000000000000000e+00
1.000000000000000e+00
1.000000000000000e+00
1.000000000000000e+00
1.000000000000000e+00
###6.400000000000003e+00
9.872132557271067e-10
1.270202194167669e-09
1.595584886793855e-09
1.986260644914800e-09
2.466597089821273e-09
3.057308811942222e-09
3.778008712374132e-09
4.659229618954625e-09
5.737742021487851e-09
7.058093764540621e-09
8.672836996476538e-09
1.064933551406694e-08
1.306846189634483e-08
1.602858821968546e-08
1.965196337029373e-08
2.408256870893373e-08
2.950159388819920e-08
3.612927533301809e-08
4.423368918914865e-08
5.413941369395023e-08
6.627373760347396e-08
8.104845204937601e-08
9.912369899233029e-08
1.212171875841250e-07
1.481885627741612e-07
1.811254148984101e-07
2.213462735517668e-07
2.704403981726479e-07
3.303519364500423e-07
4.034521887846632e-07
4.926333954592240e-07
6.013935292175600e-07
7.340413071337566e-07
8.956951565072211e-07
1.092798219754838e-06
1.332846185304951e-06
1.625332289299909e-06
1.981534488939720e-06
2.415296835124234e-06
2.943129473027819e-06
3.585544987495051e-06
4.367061904486963e-06
5.317548317851419e-06
6.473194507743596e-06
7.877992968978303e-06
9.584692788575336e-06
1.165777223173361e-05
1.417551252233438e-05
1.723148959409354e-05
2.093978543952698e-05
2.543816839043500e-05
3.089221655476867e-05
3.750495718433411e-05
4.551560430958222e-05
5.521786529939303e-05
6.696304282107002e-05
8.117863253426096e-05
9.836791908809213e-05
1.191546426487371e-04
1.442756089036360e-04
1.746158059284429e-04
2.112443699112708e-04
2.554248546784151e-04
3.087229721085622e-04
3.729439890223483e-04
4.503065611918957e-04
5.434093017072004e-04
6.554262141145215e-04
7.901040216844677e-04
9.518131535491642e-04
1.145965698358004e-03
1.378984800771243e-03
1.658267451833727e-03
1.992436725456081e-03
2.392492057480047e-03
2.870584406449575e-03
3.441571248217724e-03
4.122741173156140e-03
4.934617836991890e-03
5.901283556489140e-03
7.049991860237629e-03
8.413581975421682e-03
1.003175534219198e-02
1.194640681453062e-02
1.420968857505619e-02
1.688197393935081e-02
2.002977586620255e-02
2.373274619088178e-02
2.807681483195831e-02
3.316588048132933e-02
3.911173612697029e-02
4.604522966102475e-02
5.409834482874579e-02
6.343393470405669e-02
7.422323758759533e-02
8.664459405804072e-02
1.008980982126969e-01
1.171869058728822e-01
1.357207644745023e-01
1.567113719706188e-01
1.803585578308921e-01
2.068396132899372e-01
2.363215628277346e-01
2.689148418381183e-01
3.046757292702870e-01
3.435766084985106e-01
3.855182152867556e-01
4.302716603080597e-01
4.774470220298012e-01
5.265823554978953e-01
5.770211927157597e-01
6.279795052822494e-01
6.785580573659916e-01
7.277959719122846e-01
7.746484558803534e-01
8.181549714545918e-01
8.574439872350315e-01
8.918274941810931e-01
9.208967004077825e-01
9.445263619475979e-01
9.629058566262152e-01
9.765115461262694e-01
9.860311459067234e-01
9.922788443504411e-01
9.960857201726033e-01
9.981422427182930e-01
9.991915049461139e-01
9.996815791740895e-01
9.998876594542883e-01
9.999649522005465e-01
9.999904527409337e-01
9.999977628154891e-01
9.999995560857942e-01
9.999999268703070e-01
9.999999901836125e-01
9.999999989545124e-01
9.999999999129149e-01
9.999999999946839e-01
9.999999999997216e-01
9.999999999999998e-01
9.999999999999977e-01
1.000000000000001e+00
9.999999999999998e-01
1.000000000000000e+00
1.000000000000000e+00
1.000000000000000e+00
1.000000000000000e+00
1.000000000000000e+00
1.000000000000000e+00
1.000000000000000e+00
###6.600000000000003e+00
1.075824941455993e-09
1.381254804516320e-09
1.735147491432355e-09
2.159940872791538e-09
2.682176408813761e-09
3.324310444793358e-09
4.107593813780040e-09
5.065160237236177e-09
6.236913238272905e-09
7.671136152350076e-09
9.424785411240769e-09
1.157087498489682e-08
1.419707931326196e-08
1.740995254393601e-08
2.134193634472461e-08
2.614887619336763e-08
3.202695601989752e-08
3.921454689233172e-08
4.800172328787442e-08
5.873960760928067e-08
7.189058149743093e-08
8.789901901095939e-08
1.074793419725119e-07
1.314070225913848e-07
1.606103304941217e-07
1.962641884846095e-07
2.397923525343534e-07
2.929102121065616e-07
3.577154616757363e-07
4.367664405007005e-07
5.331821382388063e-07
6.507336839582220e-07
7.940653320592309e-07
9.686905080217264e-07
1.181553350662987e-06
1.440714016739560e-06
1.756399456392292e-06
2.140742585879737e-06
2.608634302524982e-06
3.177820384025021e-06
3.870345035010445e-06
4.712559092788351e-06
5.736534243711065e-06
6.981119680688778e-06
8.493540086029779e-06
1.033032182974834e-05
1.256064790616971e-05
1.526839598844494e-05
1.855379634669927e-05
2.253896278935936e-05
2.737145154946301e-05
3.322827084718319e-05
4.032649505152306e-05
4.892177574417217e-05
5.932779317543102e-05
7.191956468123528e-05
8.715313097846535e-05
1.055650954368595e-04
1.278202549903864e-04
1.547030980884895e-04
1.871556865514185e-04
2.263151935050358e-04
2.735244388949615e-04
3.304467152929464e-04
3.989975185983899e-04
4.815303659139093e-04
5.807992705042144e-04
7.001695140053602e-04
8.435920483512318e-04
1.015702112365959e-03
1.222208202262533e-03
1.469893739168559e-03
1.766553902674126e-03
2.121257467377720e-03
2.545593418430243e-03
3.052332623256492e-03
3.657056218332388e-03
4.377921598341525e-03
5.236351670320042e-03
6.257597104237933e-03
7.470084215526333e-03
8.908054459966780e-03
1.061274581250803e-02
1.262805276329762e-02
1.500771525421046e-02
1.781440780472557e-02
2.111682469321271e-02
2.499728376442284e-02
2.954404079608693e-02
3.486388374946819e-02
4.107124645837775e-02
4.829982801649590e-02
5.668378526410073e-02
6.638821949881493e-02
7.758643420820346e-02
9.045753512597784e-02
1.052018892848410e-01
1.220214413441448e-01
1.411231986570330e-01
1.627142646297049e-01
1.869873833114998e-01
2.141100568281206e-01
2.442368088997542e-01
2.774622419728662e-01
3.138238223134454e-01
3.532720045521426e-01
3.956826404994566e-01
4.408021888507622e-01
4.882137106159585e-01
5.374314770142897e-01
5.877785864903089e-01
6.384565499012457e-01
6.885627268884489e-01
7.371418323570428e-01
7.831692459526439e-01
8.257158459074085e-01
8.639554806425395e-01
8.972500573940349e-01
9.252467843183921e-01
9.478728555879891e-01
9.653615355650520e-01
9.782191994646605e-01
9.871480734222180e-01
9.929590586937341e-01
9.964666944545495e-01
9.983399483745532e-01
9.992853200880685e-01
9.997218375386884e-01
9.999031117350674e-01
9.999701917097834e-01
9.999920016117165e-01
9.999981562716584e-01
9.999996405691834e-01
9.999999419148936e-01
9.999999923608844e-01
9.999999992045154e-01
9.999999999351896e-01
9.999999999961681e-01
9.999999999997969e-01
1.000000000000002e+00
9.999999999999979e-01
1.000000000000000e+00
9.999999999999999e-01
1.000000000000000e+00
1.000000000000000e+00
1.000000000000000e+00
1.000000000000000e+00
1.000000000000000e+00
1.000000000000000e+00
1.000000000000000e+00
###6.800000000000003e+00
1.171263398190627e-09
1.500934287219274e-09
1.885552306714471e-09
2.347103018444015e-09
2.914472624018983e-09
3.611990059922940e-09
4.462661790379373e-09
5.502419170086342e-09
6.774529435991461e-09
8.331289930300721e-09
1.023438253321964e-08
1.256288657145120e-08
1.541177786574456e-08
1.889638726754260e-08
2.316009041833115e-08
2.837144981900615e-08
3.474272401026127e-08
4.253171826736356e-08
5.205207433792604e-08
6.368334139833802e-08
7.792549288989826e-08
9.525735963856536e-08
1.164525955609182e-07
1.423473530844791e-07
1.739436423498215e-07
2.125097494068535e-07
2.595818880488115e-07
3.170101937421379e-07
3.870563244671973e-07
4.724783140349217e-07
5.766371455578914e-07
7.035953338409691e-07
8.583550154726274e-07
1.046850642668162e-06
1.276560139446245e-06
1.556145222596610e-06
1.896613839937825e-06
2.311008943861286e-06
2.815335211231959e-06
3.428652435868763e-06
4.174633361206074e-06
5.081575179736718e-06
6.183890239477418e-06
7.523250519284659e-06
9.150309386336422e-06
1.112560167495121e-05
1.352329499328163e-05
1.643319826498966e-05
1.996258772698394e-05
2.424208093296806e-05
2.942958188843248e-05
3.571418852748049e-05
4.332782034373648e-05
5.254348164893772e-05
6.369593530037055e-05
7.718520898614180e-05
9.349743882823487e-05
1.132043156498513e-04
1.370138622202415e-04
1.657607340666434e-04
2.004469730640858e-04
2.422812221472094e-04
2.926894861349376e-04
3.534374313726405e-04
4.265560477797995e-04
5.145400663071618e-04
6.203060434932258e-04
7.474178473922135e-04
9.000473833322598e-04
1.083096235337202e-03
1.302581966928837e-03
1.565664399154125e-03
1.880558148371582e-03
2.256792087083612e-03
2.706564091039071e-03
3.243291420010972e-03
3.883300654967272e-03
4.645645294544331e-03
5.552680989495638e-03
6.630856150976578e-03
7.909803849724272e-03
9.425203029821484e-03
1.121987778894866e-02
1.333973145489954e-02
1.584015285162395e-02
1.878614317570821e-02
2.224860685310550e-02
2.631254417920486e-02
3.106855042217458e-02
3.662630152848075e-02
4.310284716228712e-02
5.063469724131462e-02
5.935808490321491e-02
6.944028533757260e-02
8.105649247713965e-02
9.438638412241236e-02
1.096303563155182e-01
1.269888383787025e-01
1.466657402530665e-01
1.688631589668265e-01
1.937662999547516e-01
2.215323921696574e-01
2.523029697820071e-01
2.861563267730932e-01
3.231107261794136e-01
3.630944175001454e-01
4.059582775540106e-01
4.514240171818815e-01
4.990482962111251e-01
5.483221582264958e-01
5.985493189167815e-01
6.489182535454119e-01
6.985242141505213e-01
7.464192119464461e-01
7.916003757402422e-01
8.331714267676996e-01
8.703521463258994e-01
9.025553089916315e-01
9.294835604862224e-01
9.511157101575031e-01
9.677276621556702e-01
9.798539900519421e-01
9.882093939563219e-01
9.935998878773148e-01
9.968220439972016e-01
9.985225896187946e-01
9.993710996815389e-01
9.997582343332507e-01
9.999169103245746e-01
9.999748079205302e-01
9.999933463419686e-01
9.999984924384384e-01
9.999997115104978e-01
9.999999543112125e-01
9.999999941188302e-01
9.999999994019549e-01
9.999999999523812e-01
9.999999999972826e-01
9.999999999998528e-01
1.000000000000003e+00
9.999999999999981e-01
1.000000000000000e+00
9.999999999999999e-01
1.000000000000000e+00
1.000000000000000e+00
1.000000000000000e+00
1.000000000000000e+00
1.000000000000000e+00
1.000000000000000e+00
1.000000000000000e+00
###7.000000000000004e+00
1.273994753801372e-09
1.629828579652703e-09
2.047538569878822e-09
2.548665621774230e-09
3.164623382665130e-09
3.921752772875894e-09
4.844941817676239e-09
5.973126841814279e-09
7.353186458664499e-09
9.041727807882548e-09
1.110549963220271e-08
1.363008845377698e-08
1.671830266023254e-08
2.049488185485232e-08
2.511492345651705e-08
3.076061283964542e-08
3.766143069761466e-08
4.609599635088433e-08
5.640318408862239e-08
6.899296745059159e-08
8.440556355686313e-08
1.031566237131953e-07
1.260831467813916e-07
1.540861979528152e-07
1.882465637981454e-07
2.299322814373458e-07
2.807996789665411e-07
3.428427554910989e-07
4.184981497580117e-07
5.107369755049674e-07
6.231783227878627e-07
7.601953854411471e-07
9.271716935586068e-07
1.130490290493129e-06
1.378197491419459e-06
1.679595651185410e-06
2.046523619773036e-06
2.492992446923187e-06
3.036191067115350e-06
3.696575870932243e-06
4.499550142833163e-06
5.475477456516729e-06
6.661254952252994e-06
8.101549640637778e-06
9.850650117950621e-06
1.197334220200889e-05
1.454907211453529e-05
1.767393111690561e-05
2.146265206453419e-05
2.605485049313323e-05
3.161936499111284e-05
3.835807311656371e-05
4.651857419908555e-05
5.639218201425021e-05
6.833590116199263e-05
8.277612239583919e-05
1.002308208587724e-04
1.213082390264360e-04
1.467622651396479e-04
1.774801801985900e-04
2.145270298185541e-04
2.591864940503890e-04
3.129718326330665e-04
3.777567416245530e-04
4.556911003854717e-04
5.494194893536036e-04
6.620276840165523e-04
7.972817419310572e-04
9.595999854462486e-04
1.154142326281591e-03
1.387264174753582e-03
1.666506608985270e-03
2.000523031800797e-03
2.399320862988538e-03
2.875721101425564e-03
3.443831749816785e-03
4.120729643651810e-03
4.926398066769684e-03
5.884160038531834e-03
7.021688610941536e-03
8.369854357269906e-03
9.965827686129990e-03
1.185404763356868e-02
1.408244470309573e-02
1.670811371524461e-02
1.979840850770484e-02
2.342647010450044e-02
2.767999660093447e-02
3.265193199329191e-02
3.845483564032252e-02
4.520834294788937e-02
5.305172820597895e-02
6.212319793452173e-02
7.259211498594484e-02
8.463538278418241e-02
9.843304561754465e-02
1.141852727096052e-01
1.320906611343787e-01
1.523496529799718e-01
1.751589147873861e-01
2.006956485820549e-01
2.291063172612522e-01
2.605189710508235e-01
2.949951212716918e-01
3.325334420194063e-01
3.730397145703926e-01
4.163397670029924e-01
4.621305340902690e-01
5.099428962447482e-01
5.592450840309303e-01
6.093231995605946e-01
6.593534948342094e-01
7.084307444990302e-01
7.556160126197653e-01
7.999298110756994e-01
8.405101469212792e-01
8.766233766212340e-01
9.077339290099178e-01
9.335993172218576e-01
9.542489036960345e-01
9.700000715300962e-01
9.814133347798398e-01
9.892138180190354e-01
9.942009300022432e-01
9.971518656347298e-01
9.986903990127967e-01
9.994490599596383e-01
9.997909197453310e-01
9.999291415264687e-01
9.999788418777148e-01
9.999945033871321e-01
9.999987768237806e-01
9.999997704356400e-01
9.999999644037131e-01
9.999999955196465e-01
9.999999995556499e-01
9.999999999654429e-01
9.999999999981053e-01
9.999999999998933e-01
1.000000000000004e+00
9.999999999999983e-01
1.000000000000000e+00
9.999999999999999e-01
1.000000000000000e+00
1.000000000000000e+00
1.000000000000000e+00
1.000000000000000e+00
1.000000000000000e+00
1.000000000000000e+00
1.000000000000000e+00
###7.200000000000004e+00
1.384512885278475e-09
1.768560731592752e-09
2.221889670700359e-09
2.765601988728130e-09
3.433834094566740e-09
4.255087350290985e-09
5.256265023952755e-09
6.479529138048270e-09
7.975633396077288e-09
9.805809986393404e-09
1.204223511181332e-08
1.477747468760382e-08
1.812273349154858e-08
2.221283145290682e-08
2.721542467770630e-08
3.332728298934226e-08
4.079632385526763e-08
4.992345639062131e-08
6.107454281434799e-08
7.469210347440245e-08
9.135941062137883e-08
1.116314407309144e-07
1.364128980762447e-07
1.666742417911940e-07
2.035803676134456e-07
2.486058236351435e-07
3.035351572207253e-07
3.705158745219890e-07
4.521712422123025e-07
5.516996048881679e-07
6.729951821912639e-07
8.207622161603287e-07
1.000790493877255e-06
1.219940690071517e-06
1.486864052917702e-06
1.811544752989461e-06
2.206705175834821e-06
2.687385648006513e-06
3.272033532712975e-06
3.982588799683376e-06
4.846292582225708e-06
5.895701088448577e-06
7.170347758138079e-06
8.718075603649630e-06
1.059702545216750e-05
1.287648845220489e-05
1.564149812510004e-05
1.899479605629380e-05
2.305900216438811e-05
2.798324743247591e-05
3.394791979766615e-05
4.116839771787258e-05
4.990883328359590e-05
6.047984964180358e-05
7.326190335624117e-05
8.870916314303505e-05
1.073737406263331e-04
1.299005011531451e-04
1.570933989516321e-04
1.898944223830784e-04
2.294347606731041e-04
2.770768373549944e-04
3.344255666359234e-04
4.034674264101242e-04
4.864769866691238e-04
5.862556753808717e-04
7.060659813260983e-04
8.498878683092061e-04
1.022388395724475e-03
1.229005067625410e-03
1.476442018657759e-03
1.772637339006220e-03
2.126699508702405e-03
2.549136755013417e-03
3.053422086136203e-03
3.654336186188166e-03
4.369781022862777e-03
5.220679793705346e-03
6.231361386387056e-03
7.430738969722596e-03
8.850939652699820e-03
1.053078954752296e-02
1.251617251657956e-02
1.485721358684065e-02
1.761272948532713e-02
2.085245465519847e-02
2.465183163987908e-02
2.910113096181105e-02
3.429579196337486e-02
4.035120246994779e-02
4.738954794061232e-02
5.555281424659133e-02
6.498107174419081e-02
7.584567291915996e-02
8.832504270029352e-02
1.025993737288739e-01
1.188683403698090e-01
1.373283776328532e-01
1.581760762485544e-01
1.816022345151023e-01
2.077753526378487e-01
2.368313030143170e-01
2.688834779392879e-01
3.039763571809879e-01
3.420886497769217e-01
3.831034223194063e-01
4.268214030515748e-01
4.729147893085531e-01
5.208893123291294e-01
5.701901805242530e-01
6.200898624141737e-01
6.697511244664504e-01
7.182706754799870e-01
7.647204546417624e-01
8.081460336941310e-01
8.477211495040508e-01
8.827594397897753e-01
9.127776029624141e-01
9.375874098306357e-01
9.572677012293895e-01
9.721755641305807e-01
9.828954689919353e-01
9.901606893153535e-01
9.947622288696980e-01
9.974565324539258e-01
9.988437707920199e-01
9.995195012885018e-01
9.998200832199293e-01
9.999399063572275e-01
9.999823393197048e-01
9.999954903605927e-01
9.999990151171420e-01
9.999998188643211e-01
9.999999725262740e-01
9.999999966218525e-01
9.999999996736426e-01
9.999999999752174e-01
9.999999999987024e-01
9.999999999999224e-01
1.000000000000004e+00
9.999999999999984e-01
1.000000000000000e+00
9.999999999999999e-01
1.000000000000000e+00
1.000000000000000e+00
1.000000000000000e+00
1.000000000000000e+00
1.000000000000000e+00
1.000000000000000e+00
1.000000000000000e+00
###7.400000000000004e+00
1.503340918820984e-09
1.917790547060212e-09
2.409435446442087e-09
2.998943110599598e-09
3.723381463780002e-09
4.613570467251034e-09
5.698570470685492e-09
7.024003767916422e-09
8.644780457072926e-09
1.062709121943027e-08
1.304892613590845e-08
1.601032935105992e-08
1.963150179905302e-08
2.405805742686701e-08
2.947109935452226e-08
3.608300228086915e-08
4.416141250267496e-08
5.403108506776925e-08
6.608674098620787e-08
8.080569461331124e-08
9.881725218288839e-08
1.207183678690417e-07
1.474860729964949e-07
1.801649627766775e-07
2.200096843966042e-07
2.686084538710520e-07
3.278826072043625e-07
4.001433548216713e-07
4.882128989861795e-07
5.955317688472374e-07
7.262872848581842e-07
8.855362568993670e-07
1.079500964311803e-06
1.315550334925323e-06
1.602979097796293e-06
1.952496634868639e-06
2.377764325303741e-06
2.894916175491343e-06
3.523736178943883e-06
4.287739273589339e-06
5.216117345804962e-06
6.343752004771219e-06
7.712972168856378e-06
9.374986966911570e-06
1.139201720264242e-05
1.383812622047269e-05
1.680425855059898e-05
2.040019196170823e-05
2.475688421754365e-05
3.003352340896270e-05
3.642269058129674e-05
4.415401893911160e-05
5.350912581720071e-05
6.481898823676414e-05
7.848877793096784e-05
9.500191870978760e-05
1.149464025460474e-04
1.390057373193935e-04
1.680363708459090e-04
2.030378147640794e-04
2.452106641751533e-04
2.959999398840685e-04
3.571074248274507e-04
4.306351938652916e-04
5.189908978485159e-04
6.251389982370561e-04
7.525265870449792e-04
9.053574204803679e-04
1.088556257611998e-03
1.307851442568071e-03
1.570309295666221e-03
1.884281050195764e-03
2.259347131162099e-03
2.706549693436222e-03
3.239996597476806e-03
3.875209839688174e-03
4.630905941839561e-03
5.529004898801436e-03
6.594863766088906e-03
7.858649900861539e-03
9.353839677141122e-03
1.112089285357558e-02
1.320727843621831e-02
1.566507605387716e-02
1.855514690926620e-02
2.194955474761875e-02
2.592604147354498e-02
3.057745735273991e-02
3.600175418752431e-02
4.231713183321648e-02
4.964828412778866e-02
5.813984912440436e-02
6.793364434347841e-02
7.920290212586456e-02
9.212737317012971e-02
1.068871676642614e-01
1.236811846632066e-01
1.427033542517728e-01
1.641460193682424e-01
1.881936573900633e-01
2.150055858663109e-01
2.447065903731490e-01
2.773948924134100e-01
3.130974723515973e-01
3.517727110381980e-01
3.932807344396692e-01
4.373971484512002e-01
4.837692984115404e-01
5.318790841303797e-01
5.811490535317301e-01
6.308388579950154e-01
6.801000257428823e-01
7.280325531456275e-01
7.737211230583674e-01
8.162380766185982e-01
8.547943019470520e-01
8.887514827505469e-01
9.176790036944047e-01
9.414422224724662e-01
9.601682447690436e-01
9.742518391021157e-01
9.842993765172529e-01
9.910499174693858e-01
9.952842175819636e-01
9.977366826474128e-01
9.989832316928848e-01
9.995827899847293e-01
9.998459420254941e-01
9.999493153639908e-01
9.999853485574896e-01
9.999963251766396e-01
9.999992129514110e-01
9.999998582643156e-01
9.999999789908555e-01
9.999999974785827e-01
9.999999997630239e-01
9.999999999824283e-01
9.999999999991284e-01
9.999999999999432e-01
1.000000000000004e+00
9.999999999999986e-01
1.000000000000000e+00
9.999999999999999e-01
1.000000000000000e+00
1.000000000000000e+00
1.000000000000000e+00
1.000000000000000e+00
1.000000000000000e+00
1.000000000000000e+00
1.000000000000000e+00
###7.600000000000004e+00
1.631032693777016e-09
2.078217046855084e-09
2.611054529462453e-09
3.249780545205092e-09
4.034617113839368e-09
4.998871165885640e-09
6.173910553588086e-09
7.609067650228108e-09
9.363707131845601e-09
1.150933338859391e-08
1.413016052273230e-08
1.733424071390346e-08
2.125140832068943e-08
2.603882829354812e-08
3.189199406291156e-08
3.903996733822183e-08
4.777149451829706e-08
5.843682428512838e-08
7.146152174772231e-08
8.736007505306111e-08
1.068109824879047e-07
1.304559800746551e-07
1.593493238966698e-07
1.946147613248000e-07
2.376026593129939e-07
2.900224719073286e-07
3.539413839689032e-07
4.318450869969417e-07
5.267677187769507e-07
6.424077881039626e-07
7.832646968660242e-07
9.547705038630821e-07
1.163607686423672e-06
1.417685698728522e-06
1.726983414657477e-06
2.102981074107703e-06
2.560337529881685e-06
3.116348244605380e-06
3.792216144228139e-06
4.613127235047407e-06
5.610342860987480e-06
6.821209580243550e-06
8.291018968919203e-06
1.007454582107772e-05
1.223832986122045e-05
1.486148688089879e-05
1.804121141462327e-05
2.189472171953716e-05
2.656178549186390e-05
3.221221466032925e-05
3.905145715383345e-05
4.732418855831643e-05
5.733044486405054e-05
6.942264748671313e-05
8.403200139342978e-05
1.016727251877027e-04
1.229705128009397e-04
1.486496062205547e-04
1.796214851796070e-04
2.169461061783830e-04
2.618968607537322e-04
3.160053687274957e-04
3.810747984251654e-04
4.593284045607259e-04
5.533129303725210e-04
6.661631733620905e-04
8.015189713626673e-04
9.638175571594974e-04
1.158252196304278e-03
1.390854126564233e-03
1.669066246532749e-03
2.001669463360677e-03
2.398733449889165e-03
2.871842451479531e-03
3.435795329055828e-03
4.106841291510928e-03
4.904567974409535e-03
5.851901421206259e-03
6.975265921403748e-03
8.306026643066899e-03
9.879317407901730e-03
1.173698778817501e-02
1.392824861514897e-02
1.650710955587808e-02
1.953655793107749e-02
2.309100212684934e-02
2.725050089110308e-02
3.211050287482152e-02
3.777145714842262e-02
4.435436394171602e-02
5.198637803488462e-02
6.081472327641267e-02
7.098284017821425e-02
8.266571937131625e-02
9.604423327297083e-02
1.112981659699851e-01
1.286253483089285e-01
1.482168494921791e-01
1.702603556634061e-01
1.949335627586516e-01
2.223861487535071e-01
2.527311906648013e-01
2.860513506811111e-01
3.223556090435842e-01
3.615816679015452e-01
4.035665116538386e-01
4.480606260799982e-01
4.946857438630055e-01
5.429034737352992e-01
5.921119383625578e-01
6.415596632151804e-01
6.903891378391425e-01
7.377051379279324e-01
7.826068015996617e-01
8.241955433631609e-01
8.617202533036344e-01
8.945915253396871e-01
9.224317660850654e-01
9.451591247301543e-01
9.629475738051105e-01
9.762274248192833e-01
9.856247194216038e-01
9.918819143045898e-01
9.957676639264474e-01
9.979931316935907e-01
9.991094119690296e-01
9.996393392534144e-01
9.998687313497883e-01
9.999574841891670e-01
9.999879186676500e-01
9.999970255446099e-01
9.999993757273454e-01
9.999998900045469e-01
9.999999840804753e-01
9.999999981366857e-01
9.999999998298578e-01
9.999999999876750e-01
9.999999999994272e-01
9.999999999999578e-01
1.000000000000004e+00
9.999999999999987e-01
1.000000000000000e+00
9.999999999999999e-01
1.000000000000000e+00
1.000000000000000e+00
1.000000000000000e+00
1.000000000000000e+00
1.000000000000000e+00
1.000000000000000e+00
1.000000000000000e+00
###7.800000000000004e+00
1.768174327392099e-09
2.250579862562106e-09
2.827676909859045e-09
3.519269546628630e-09
4.368971464965343e-09
5.412755620756139e-09
6.684456865746360e-09
8.237383208168012e-09
1.013567081414695e-08
1.245651507426492e-08
1.529078951652561e-08
1.875511685308924e-08
2.298964141951472e-08
2.816388222143307e-08
3.448872383201000e-08
4.221106210614992e-08
5.164219741389188e-08
6.315961842263992e-08
7.722183773819049e-08
9.438303784950347e-08
1.153742540654022e-07
1.408849681277811e-07
1.720518493874125e-07
2.100831006835958e-07
2.564311191160562e-07
3.129346004006836e-07
3.818161533110839e-07
4.657473347488619e-07
5.679879437039816e-07
6.925111449922860e-07
8.441484506945825e-07
1.028731092460595e-06
1.253430957543701e-06
1.526732052699684e-06
1.859340244329928e-06
2.263554671137652e-06
2.755093260296648e-06
3.352484243499039e-06
4.078436047640245e-06
4.959906788306994e-06
6.030351999677949e-06
7.329729806845608e-06
8.906469958730203e-06
1.081912230910817e-05
1.313879645782523e-05
1.594995363198581e-05
1.935639437051906e-05
2.348320071218468e-05
2.847944427992367e-05
3.452615367204034e-05
4.184234861472113e-05
5.068856957607274e-05
6.138426715520263e-05
7.430444521294238e-05
8.990771676329175e-05
1.087406995582932e-04
1.314686910309944e-04
1.588588330699891e-04
1.918802908152336e-04
2.316564944378452e-04
2.795371548929313e-04
3.371446423486120e-04
4.063881987613821e-04
4.896180306559277e-04
5.895261976153631e-04
7.094253885446707e-04
8.531565907866187e-04
1.025400506885834e-03
1.231630047601767e-03
1.478191725225217e-03
1.772919835415553e-03
2.125041896484799e-03
2.545134549343252e-03
3.045343384920286e-03
3.641182999863451e-03
4.349652959145868e-03
5.191243738444294e-03
6.189911918401503e-03
7.373182920181768e-03
8.773661201677057e-03
1.042815484482970e-02
1.237995169310443e-02
1.468004377438127e-02
1.738439982562477e-02
2.055816055292097e-02
2.427811041117914e-02
2.862664007894367e-02
3.370181171675801e-02
3.960655318219559e-02
4.646464817535970e-02
5.440565895502109e-02
6.357932148739903e-02
7.413056717433680e-02
8.623601159124598e-02
1.000774358729484e-01
1.158340414997131e-01
1.337022855385349e-01
1.538700074386373e-01
1.765198151131151e-01
2.018221522839556e-01
2.299165859821083e-01
2.609038750756452e-01
2.948507182728694e-01
3.317476128350672e-01
3.715112481885127e-01
4.139552948664657e-01
4.588051586415529e-01
5.056574143325012e-01
5.539535328902656e-01
6.030689297571276e-01
6.522417117834172e-01
7.006074917013213e-01
7.472774283994593e-01
7.913662728194375e-01
8.320086040482337e-01
8.684903665910383e-01
9.002724465005910e-01
9.270304577160089e-01
9.487344218221695e-01
9.656036110304929e-01
9.781016125936025e-01
9.868717701594700e-01
9.926575316771424e-01
9.962136187024602e-01
9.982268461348687e-01
9.992230193786710e-01
9.996895945400842e-01
9.998886963546051e-01
9.999645298475637e-01
9.999900978949695e-01
9.999976084604161e-01
9.999995084898704e-01
9.999999153299215e-01
9.999999880455848e-01
9.999999986364426e-01
9.999999998792040e-01
9.999999999914425e-01
9.999999999996333e-01
9.999999999999681e-01
1.000000000000004e+00
9.999999999999989e-01
1.000000000000000e+00
9.999999999999999e-01
1.000000000000000e+00
1.000000000000000e+00
1.000000000000000e+00
1.000000000000000e+00
1.000000000000000e+00
1.000000000000000e+00
1.000000000000000e+00
###8.000000000000004e+00
1.915385968685969e-09
2.435661559215072e-09
3.060286543771946e-09
3.808632371180845e-09
4.727952471937102e-09
5.857092103943445e-09
7.232506285123441e-09
8.911766091989097e-09
1.096411584147488e-08
1.347284253809596e-08
1.653594109535372e-08
2.027920171794190e-08
2.485379668343900e-08
3.044245053001887e-08
3.727250042390237e-08
4.560989187440884e-08
5.579002002257422e-08
6.821946358045153e-08
8.339191020037981e-08
1.019039051331272e-07
1.245425628145868e-07
1.520482405111527e-07
1.856455162828557e-07
2.266326528356882e-07
2.765707465641694e-07
3.374361932683636e-07
4.116171405401266e-07
5.019830320421363e-07
6.120338131438358e-07
7.460349049844320e-07
9.091710554723471e-07
1.107697894330684e-06
1.349307515913188e-06
1.643094311162879e-06
2.000536294606644e-06
2.434802036491076e-06
2.962733402524007e-06
3.604166395756638e-06
4.383405946690792e-06
5.329288528571385e-06
6.477594828480783e-06
7.871048539713503e-06
9.561401781714678e-06
1.161119913048065e-05
1.409638324050801e-05
1.710706770798912e-05
2.075403213393433e-05
2.517066537009282e-05
3.051585992809317e-05
3.698248092387647e-05
4.480385718017797e-05
5.425725223099680e-05
6.568257175241485e-05
7.947858898705874e-05
9.613275881767259e-05
1.162257690186432e-04
1.404645043620177e-04
1.696612507343737e-04
2.048456267586582e-04
2.472076792376479e-04
2.981770964031689e-04
3.594713038768740e-04
4.331104809058942e-04
5.215777526550955e-04
6.277169356773805e-04
7.550264239223905e-04
9.075570245189329e-04
1.090243217815370e-03
1.308849035506278e-03
1.570048978158683e-03
1.882083988746282e-03
2.254645546997127e-03
2.698835436838291e-03
3.227380250095289e-03
3.856535585820989e-03
4.604076541299725e-03
5.491423650790337e-03
6.543594021298821e-03
7.789246605014231e-03
9.262287656687898e-03
1.100115351030214e-02
1.305068187635377e-02
1.546366316560542e-02
1.829805370328061e-02
2.162117387661048e-02
2.551221367496880e-02
3.005590825095094e-02
3.535294472621516e-02
4.150870764938362e-02
4.864974183147197e-02
5.690795720679763e-02
6.643552061266829e-02
7.737871387846326e-02
8.991563239163194e-02
1.042287434701476e-01
1.204963966317300e-01
1.389133567615072e-01
1.596638519343867e-01
1.829249782583796e-01
2.088594467945231e-01
2.375962298466549e-01
2.692231698527798e-01
3.037905870982352e-01
3.412700319908202e-01
3.815568679171435e-01
4.244413115843854e-01
4.696237760926646e-01
5.166761645605097e-01
5.650201188124881e-01
6.140100096251935e-01
6.628744304148462e-01
7.107442519348111e-01
7.567387233304654e-01
7.999903925554809e-01
8.396680706927802e-01
8.750967735387942e-01
9.057879915951127e-01
9.314705616881170e-01
9.521653238964619e-01
9.681351092470025e-01
9.798743723124992e-01
9.880413480219783e-01
9.933780032977230e-01
9.966233676131425e-01
9.984389152091249e-01
9.993248163022496e-01
9.997340201706805e-01
9.999060853240078e-01
9.999705677674019e-01
9.999919326312499e-01
9.999980898442788e-01
9.999996158496280e-01
9.999999353477935e-01
9.999999911030648e-01
9.999999990117280e-01
9.999999999151915e-01
9.999999999941144e-01
9.999999999997727e-01
9.999999999999755e-01
1.000000000000004e+00
9.999999999999990e-01
1.000000000000000e+00
9.999999999999999e-01
1.000000000000000e+00
1.000000000000000e+00
1.000000000000000e+00
1.000000000000000e+00
1.000000000000000e+00
1.000000000000000e+00
1.000000000000000e+00
###8.200000000000003e+00
2.073324718630868e-09
2.634289792994908e-09
3.309924118173192e-09
4.119161669107058e-09
5.113164389420968e-09
6.333856202455306e-09
7.820487309005682e-09
9.635192904957509e-09
1.185268293908878e-08
1.456276112976418e-08
1.787103378553917e-08
2.191309181058860e-08
2.685189716150534e-08
3.288428196401606e-08
4.025516162987494e-08
4.925081855436032e-08
6.023237488067809e-08
7.363745848937230e-08
8.999729007678448e-08
1.099536014446370e-07
1.343529929587967e-07
1.639910285049931e-07
2.001849853833963e-07
2.443294488144406e-07
2.981012599795803e-07
3.636234500276671e-07
4.434603861654425e-07
5.406920875802726e-07
6.590739268071119e-07
8.031821487764038e-07
9.785770110676713e-07
1.191965128070693e-06
1.451591252911438e-06
1.767197899615595e-06
2.151082750405429e-06
2.617336878957993e-06
3.183994687360961e-06
3.872278451025850e-06
4.708185377752550e-06
5.722541896792468e-06
6.953591385436876e-06
8.446984766746660e-06
1.025798976962675e-05
1.245337603963975e-05
1.511419532444812e-05
1.833653458263700e-05
2.223854387684392e-05
2.696238169267819e-05
3.267730281174491e-05
3.958865645252095e-05
4.794485100571384e-05
5.804076963033575e-05
7.023785818032976e-05
8.495989754903267e-05
1.027246783737699e-04
1.241486989305507e-04
1.499824995729957e-04
1.810858351478028e-04
2.185516643927285e-04
2.636399103484675e-04
3.178640352555482e-04
3.830409832801823e-04
4.613069139865850e-04
5.552840384330667e-04
6.679745918728996e-04
8.030707505774857e-04
9.648420836667574e-04
1.158487477800873e-03
1.390073902752035e-03
1.666616898339230e-03
1.996779739335083e-03
2.390735635403447e-03
2.860130145456473e-03
3.418290879435900e-03
4.082229665738412e-03
4.870554553323776e-03
5.805612052432013e-03
6.913520727198543e-03
8.224106338948283e-03
9.772718348822512e-03
1.159913543319117e-02
1.375009583582803e-02
1.628009203355580e-02
1.924919887007722e-02
2.272683781708341e-02
2.679466595225356e-02
3.153977291499815e-02
3.706547836998340e-02
4.347959753685379e-02
5.091140831040929e-02
5.949510184258532e-02
6.938518674832127e-02
8.072914604445086e-02
9.370639800672056e-02
1.084998635116133e-01
1.252867579643097e-01
1.442598226848524e-01
1.655992802628660e-01
1.894762696711341e-01
2.160452798287497e-01
2.454241941513526e-01
2.776873512850963e-01
3.128682718234779e-01
3.509191161076382e-01
3.917136323675105e-01
4.350184800176872e-01
4.805092174307942e-01
5.277336024600028e-01
5.760938994637733e-01
6.249250671233249e-01
6.734472649212672e-01
7.207887457335576e-01
7.660786455945888e-01
8.084694559590677e-01
8.471654016946440e-01
8.815323741276058e-01
9.111327574379127e-01
9.357484454848805e-01
9.554498970738347e-01
9.705415917151657e-01
9.815462704768599e-01
9.891347525548965e-01
9.940448878018949e-01
9.969983863077488e-01
9.986305186438165e-01
9.994155994612773e-01
9.997730878980668e-01
9.999211433830395e-01
9.999757094275269e-01
9.999934666103718e-01
9.999984843357914e-01
9.999997019403518e-01
9.999999510264430e-01
9.999999934368992e-01
9.999999992904931e-01
9.999999999411149e-01
9.999999999959868e-01
9.999999999998651e-01
9.999999999999807e-01
1.000000000000003e+00
9.999999999999991e-01
1.000000000000000e+00
9.999999999999999e-01
1.000000000000000e+00
1.000000000000000e+00
1.000000000000000e+00
1.000000000000000e+00
1.000000000000000e+00
1.000000000000000e+00
1.000000000000000e+00
###8.400000000000002e+00
2.242689217879514e-09
2.847339585247365e-09
3.577689876084175e-09
4.452223997313678e-09
5.526299880788795e-09
6.845136087338243e-09
8.450966542527263e-09
1.041080910261783e-08
1.280521867057513e-08
1.573096689961574e-08
1.930179069633466e-08
2.366375321115176e-08
2.899241336913676e-08
3.549966725497376e-08
4.344920071064363e-08
5.314899592793632e-08
6.498763035819298e-08
7.943585452760565e-08
9.706491710817818e-08
1.185647194621530e-07
1.448439182572785e-07
1.767609809255192e-07
2.157278338822701e-07
2.632430272884977e-07
3.211065926443161e-07
3.915976309449137e-07
4.774680033338185e-07
5.820216922441661e-07
7.092856111931738e-07
8.641664084767746e-07
1.052623326755215e-06
1.281841975191420e-06
1.560653945883811e-06
1.899489600191860e-06
2.311516310097674e-06
2.811803550218907e-06
3.419650125193663e-06
4.157747389814475e-06
5.053885287712665e-06
6.140997515323802e-06
7.459934433910335e-06
9.059443841454992e-06
1.099851173217319e-05
1.334837427987298e-05
1.619548152873372e-05
1.964223001743864e-05
2.381454970742069e-05
2.886385343438685e-05
3.497032377783389e-05
4.235247084803443e-05
5.127458762205055e-05
6.205011237271323e-05
7.506316321552826e-05
9.076381953282993e-05
1.097017641619026e-04
1.325311176506248e-04
1.600482304689056e-04
1.931627369060333e-04
2.330339421869059e-04
2.809950255373505e-04
3.386471613272815e-04
4.079114380573412e-04
4.910452012917684e-04
5.908091076174024e-04
7.103918399885651e-04
8.536665839705864e-04
1.025137873076042e-03
1.230279984738469e-03
1.475474984869125e-03
1.768092847639592e-03
2.117235299733065e-03
2.533575469176283e-03
3.029321773353951e-03
3.618423196441765e-03
4.318672655792205e-03
5.149541861417631e-03
6.134327534976310e-03
7.300279741954182e-03
8.678426838476338e-03
1.030559260415536e-02
1.222293979873521e-02
1.447912973723476e-02
1.713040014285015e-02
2.023898260661100e-02
2.387641169167767e-02
2.812683971487571e-02
3.307971815231461e-02
3.884100275926808e-02
4.552090918047284e-02
5.325141445782890e-02
6.216891757005909e-02
7.243017168605610e-02
8.418370264522337e-02
9.761008309674808e-02
1.128925180268078e-01
1.302065713344753e-01
1.497428383715763e-01
1.716770568147291e-01
1.961739514402960e-01
2.233792913648478e-01
2.533993685061867e-01
2.862944413512073e-01
3.220808074798566e-01
3.606908164915127e-01
4.019763382329782e-01
4.456804174957364e-01
4.914539443426508e-01
5.388211076089622e-01
5.871653786822200e-01
6.358039274046089e-01
6.839497130802596e-01
7.307304950063094e-01
7.752871655648781e-01
8.167942698998439e-01
8.544927004883095e-01
8.877908321585027e-01
9.163021739090034e-01
9.398613274467024e-01
9.585870159612958e-01
9.728232962865018e-01
9.831186383867646e-01
9.901537093127883e-01
9.946600177595250e-01
9.973402999872211e-01
9.988028982335280e-01
9.994961826043107e-01
9.998072673695770e-01
9.999341091531746e-01
9.999800606428418e-01
9.999947403674080e-01
9.999988052283700e-01
9.999997704083537e-01
9.999999631948538e-01
9.999999952008582e-01
9.999999994953575e-01
9.999999999595693e-01
9.999999999972834e-01
9.999999999999251e-01
9.999999999999846e-01
1.000000000000003e+00
9.999999999999992e-01
1.000000000000000e+00
9.999999999999999e-01
1.000000000000000e+00
1.000000000000000e+00
1.000000000000000e+00
1.000000000000000e+00
1.000000000000000e+00
1.000000000000000e+00
1.000000000000000e+00
###8.600000000000001e+00
2.424205979239269e-09
3.075735707158989e-09
3.864746627704579e-09
4.809263550512401e-09
5.969146550636669e-09
7.393138210816617e-09
9.126655623834264e-09
1.124193749726621e-08
1.382578521181698e-08
1.698241918106243e-08
2.083425477574195e-08
2.553853993849697e-08
3.128428602104749e-08
3.829946608127443e-08
4.686779896553840e-08
5.732040896090625e-08
7.007515810959706e-08
8.563811323214377e-08
1.046231897022800e-07
1.277716091135940e-07
1.560578746623687e-07
1.904082912765310e-07
2.323346977308923e-07
2.834466024509751e-07
3.456750912084582e-07
4.214652926172188e-07
5.137684577218836e-07
6.261266518150533e-07
7.628553146255898e-07
9.292121374022558e-07
1.131580079229499e-06
1.377653234121104e-06
1.676886044901773e-06
2.040438475539227e-06
2.482400285779502e-06
3.018878068260193e-06
3.670510542630930e-06
4.461545279469981e-06
5.421670351645170e-06
6.586049730878646e-06
7.998292292147683e-06
9.710421004667184e-06
1.178535209808827e-05
1.429904144999386e-05
1.734364035529347e-05
2.102820674724436e-05
2.548687897298959e-05
3.088083125117454e-05
3.740176484769167e-05
4.528205770794176e-05
5.480272817051573e-05
6.629674540171997e-05
8.017208044516098e-05
9.690645630246493e-05
1.170830690752475e-04
1.413955468026026e-04
1.706882945803209e-04
2.059233215505644e-04
2.483294118680184e-04
2.993165035446592e-04
3.605775654292751e-04
4.341426230634265e-04
5.223955675822563e-04
6.282409633731218e-04
7.550646941342146e-04
9.069259992243867e-04
1.088574920882686e-03
1.305772490767699e-03
1.565228372148205e-03
1.874680718951669e-03
2.243686268446073e-03
2.683436681427684e-03
3.206722761253670e-03
3.828135624619220e-03
4.566276714154336e-03
5.441506230543219e-03
6.478104502924230e-03
7.704474805439058e-03
9.152888687449668e-03
1.086167616908051e-02
1.287342356467123e-02
1.523873917528906e-02
1.801565369447827e-02
2.126857262918748e-02
2.507117444578786e-02
2.951012604290084e-02
3.467729087031209e-02
4.068112130158345e-02
4.763433721899936e-02
5.567152904026243e-02
6.493122267866124e-02
7.557231024868957e-02
8.774419257282835e-02
1.016284166070337e-01
1.174082229893223e-01
1.352571963201415e-01
1.553634476429494e-01
1.778978071891612e-01
2.030181173283163e-01
2.308609223308907e-01
2.615204135994574e-01
2.950422045430066e-01
3.314249483438770e-01
3.705807879786863e-01
4.123394849982781e-01
4.564204506665085e-01
5.024501566752891e-01
5.499298516881976e-01
5.982249230654320e-01
6.466368024478932e-01
6.943713590710315e-01
7.405592510627709e-01
7.843546333809317e-01
8.249561769507443e-01
8.616427310050354e-01
8.938665754965435e-01
9.212924882520965e-01
9.438072441688981e-01
9.615763165763395e-01
9.749811172709211e-01
9.845931890046065e-01
9.911003092665949e-01
9.952254490699989e-01
9.976508450372966e-01
9.989573321738794e-01
9.995673811780855e-01
9.998370182438531e-01
9.999452110428834e-01
9.999837203154909e-01
9.999957909107465e-01
9.999990643297101e-01
9.999998244201851e-01
9.999999725569653e-01
9.999999965212075e-01
9.999999996443432e-01
9.999999999725542e-01
9.999999999981716e-01
9.999999999999631e-01
9.999999999999873e-01
1.000000000000003e+00
9.999999999999993e-01
1.000000000000000e+00
9.999999999999999e-01
1.000000000000000e+00
1.000000000000000e+00
1.000000000000000e+00
1.000000000000000e+00
1.000000000000000e+00
1.000000000000000e+00
1.000000000000000e+00
###8.800000000000001e+00
2.618649051418128e-09
3.320455241879384e-09
4.172322967232504e-09
5.191806149879654e-09
6.443592915097932e-09
7.980193370037122e-09
9.850418764062596e-09
1.213208732083829e-08
1.491867367693150e-08
1.832235398952316e-08
2.247480504884996e-08
2.754521359676153e-08
3.373694969415686e-08
4.129513576589893e-08
5.052486037912154e-08
6.178191568059162e-08
7.551538361084272e-08
9.226896747317810e-08
1.127020393718317e-07
1.376104711542184e-07
1.680389765291156e-07
2.049858313829410e-07
2.500694232693309e-07
3.050172431938919e-07
3.718997277985368e-07
4.533385399746291e-07
5.524968672647664e-07
6.731697435655615e-07
8.199790318173937e-07
9.985552146183428e-07
1.215731013138725e-06
1.479740016725592e-06
1.800697519564062e-06
2.190536908376636e-06
2.664325796262923e-06
3.239269579254128e-06
3.937426267048622e-06
4.784691078527672e-06
5.812761278792142e-06
7.059159442755015e-06
8.570412575527207e-06
1.040200526941489e-05
1.262100650247036e-05
1.530835686082621e-05
1.856222629308907e-05
2.249870199068530e-05
2.726057905122359e-05
3.301932310625875e-05
3.997877145611743e-05
4.838590800044609e-05
5.853935434352675e-05
7.079262795391407e-05
8.557878380664330e-05
1.034045897971964e-04
1.248884433677659e-04
1.507654412481608e-04
1.819303857267544e-04
2.194024522333345e-04
2.644765140824885e-04
3.186495417499157e-04
3.837083329181590e-04
4.617968041983426e-04
5.554309494483707e-04
6.676662838045667e-04
8.020927630206665e-04
9.629651146702282e-04
1.155288362908889e-03
1.385121984619805e-03
1.659516097089662e-03
1.986591128122087e-03
2.376375825140788e-03
2.840599424562277e-03
3.392655082840416e-03
4.047797202692878e-03
4.825463608357295e-03
5.746928373895659e-03
6.837485427418068e-03
8.126727367170855e-03
9.648189110315229e-03
1.144175248182821e-02
1.355147085153747e-02
1.602990130685798e-02
1.893693138591682e-02
2.233915615556034e-02
2.631242373626242e-02
3.094593320944064e-02
3.633396586980940e-02
4.258727636813054e-02
4.982158069499200e-02
5.817351945618714e-02
6.778382532722561e-02
7.881341608615151e-02
9.141238979001808e-02
1.057630754158752e-01
1.220484756233913e-01
1.404398980869780e-01
1.611225757269783e-01
1.842620109204706e-01
2.100086858607547e-01
2.384894084021729e-01
2.697857561761812e-01
3.039281447716021e-01
3.408971675655872e-01
3.805843922304388e-01
4.227972777120032e-01
4.672316296909713e-01
5.134898148344805e-01
5.610508302276639e-01
6.092628230490981e-01
6.574148945838904e-01
7.047019678848974e-01
7.502650543764210e-01
7.932718301573657e-01
8.329470910353278e-01
8.686089403394154e-01
8.997548006103977e-01
9.261007516661679e-01
9.475850191244906e-01
9.644181500882671e-01
9.770165489344701e-01
9.859720941626422e-01
9.919769515495730e-01
9.957434144833215e-01
9.979318345154774e-01
9.990951127912389e-01
9.996299995200506e-01
9.998627838985743e-01
9.999546645398565e-01
9.999867796517353e-01
9.999966515779907e-01
9.999992720091117e-01
9.999998666876185e-01
9.999999796971425e-01
9.999999975000959e-01
9.999999997515840e-01
9.999999999815856e-01
9.999999999987738e-01
9.999999999999866e-01
9.999999999999896e-01
1.000000000000002e+00
9.999999999999994e-01
1.000000000000000e+00
9.999999999999999e-01
1.000000000000000e+00
1.000000000000000e+00
1.000000000000000e+00
1.000000000000000e+00
1.000000000000000e+00
1.000000000000000e+00
1.000000000000000e+00
###9.000000000000000e+00
2.826835934386418e-09
3.582530130309291e-09
4.501716482432615e-09
5.601463218726206e-09
6.951633299815724e-09
8.608762733476398e-09
1.062528003739891e-08
1.308496320510320e-08
1.608841261820215e-08
1.975629724146811e-08
2.423017259779389e-08
2.969196270707380e-08
3.636035601171086e-08
4.449875924227217e-08
5.443504507429129e-08
6.655128727627558e-08
8.132983424717342e-08
9.935447880091452e-08
1.213329983504081e-07
1.481194340539174e-07
1.808333163461860e-07
2.205501461880025e-07
2.689991994592852e-07
3.280360424101418e-07
3.998783030348721e-07
4.873352684246214e-07
5.937952910302153e-07
7.233220602198805e-07
8.808627128708316e-07
1.072443430867108e-06
1.305374117964304e-06
1.588460529356613e-06
1.932518668587132e-06
2.350301542459980e-06
2.857912897491010e-06
3.473721714682095e-06
4.221288696787494e-06
5.128252698163584e-06
6.228436476674911e-06
7.561856594315255e-06
9.178124805262353e-06
1.113638292856883e-05
1.350808588124155e-05
1.637943621345008e-05
1.985495538756821e-05
2.405814392672320e-05
2.914092281099212e-05
3.528560857221108e-05
4.270880249261499e-05
5.167288155937101e-05
6.249498165226279e-05
7.555022873176051e-05
9.129804486008890e-05
1.102757020980201e-04
1.331385567364089e-04
1.606652135833464e-04
1.938033193367552e-04
2.336322646571927e-04
2.815152072122393e-04
3.390410894616752e-04
4.080945755519484e-04
4.909385868403508e-04
5.902269796972048e-04
7.091734351567506e-04
8.515792127753776e-04
1.021904119084183e-03
1.225417980069947e-03
1.468490740394646e-03
1.758526186627767e-03
2.104041465761224e-03
2.515554776159603e-03
3.005352402455553e-03
3.587450254513810e-03
4.277787559633129e-03
5.096666797265731e-03
6.066301958537249e-03
7.213030526612048e-03
8.567666397959525e-03
1.016504170133115e-02
1.204662235955935e-02
1.425796783188840e-02
1.685361783244296e-02
1.989533082808903e-02
2.345193868565795e-02
2.760147427017585e-02
3.243568403952507e-02
3.805125955306047e-02
4.456123990132375e-02
5.208433930248703e-02
6.075914645423900e-02
7.072851716774566e-02
8.215527387949012e-02
9.519002386331439e-02
1.100156735128399e-01
1.268147037209668e-01
1.457558314145905e-01
1.670210083461242e-01
1.907699754815798e-01
2.171453677894701e-01
2.462637390601466e-01
2.781935366241886e-01
3.129494371271167e-01
3.504935657745241e-01
3.906965712285529e-01
4.333434465403049e-01
4.781064521143220e-01
5.245642073509319e-01
5.721740654965353e-01
6.202679131713047e-01
6.681212421631127e-01
7.145574229371179e-01
7.598298894742692e-01
8.020266594815894e-01
8.407576749106409e-01
8.753838541540387e-01
9.054503386166636e-01
9.307238984984041e-01
9.511937027866975e-01
9.671131965858639e-01
9.789314406476333e-01
9.872578182458792e-01
9.927862255418547e-01
9.962162437355537e-01
9.981851093341421e-01
9.992175201942843e-01
9.996848187716908e-01
9.998849857038588e-01
9.999626694915313e-01
9.999893216493091e-01
9.999973520105531e-01
9.999994338602362e-01
9.999998995023088e-01
9.999999850957687e-01
9.999999982190181e-01
9.999999998280021e-01
9.999999999877953e-01
9.999999999991783e-01
1.000000000000000e+00
9.999999999999912e-01
1.000000000000002e+00
9.999999999999994e-01
1.000000000000000e+00
9.999999999999999e-01
1.000000000000000e+00
1.000000000000000e+00
1.000000000000000e+00
1.000000000000000e+00
1.000000000000000e+00
1.000000000000000e+00
1.000000000000000e+00
###9.199999999999999e+00
3.049629681930882e-09
3.863049863058039e-09
4.854297151753656e-09
6.039935993313036e-09
7.495373036728126e-09
9.281444234629575e-09
1.145443124246056e-08
1.410447470935478e-08
1.733978031160056e-08
2.129007879767571e-08
2.610745755433561e-08
3.198742321823666e-08
3.916499844294518e-08
4.792307483633892e-08
5.861380550168690e-08
7.164725132811438e-08
8.754119109648912e-08
1.069220994283642e-07
1.305492741597824e-07
1.593386429356690e-07
1.944894118112740e-07
2.371591288475705e-07
2.891946882927298e-07
3.525882982538380e-07
4.297136626264896e-07
5.235794226531204e-07
6.378130368594162e-07
7.767633760889832e-07
9.457226989704430e-07
1.151137005786741e-06
1.400822236337659e-06
1.704190689888247e-06
2.072800983102279e-06
2.520274304614418e-06
3.063811797636670e-06
3.723014020140527e-06
4.523031992362017e-06
5.493348911059084e-06
6.670035113613074e-06
8.095742928275585e-06
9.823343694191656e-06
1.191584175500324e-05
1.444932094154510e-05
1.751553744327949e-05
2.122571135992277e-05
2.571115883471022e-05
3.113341694530734e-05
3.768622572267379e-05
4.559964157985476e-05
5.515222039480814e-05
6.668057426126263e-05
8.058254283752792e-05
9.734525193201007e-05
1.175379968049696e-04
1.418549211560322e-04
1.711202578420778e-04
2.063370414057818e-04
2.486475929807458e-04
2.994869772730544e-04
3.605398908643752e-04
4.337934872235886e-04
5.216349869097569e-04
6.268620723539955e-04
7.528539880761931e-04
9.036308867125135e-04
1.083867413949659e-03
1.299108364444179e-03
1.556046510863148e-03
1.862452886473651e-03
2.227256157110520e-03
2.661481856268558e-03
3.177993218498397e-03
3.791449735597472e-03
4.518497373821140e-03
5.380331962480151e-03
6.400133836775298e-03
7.605314319329252e-03
9.027940839192370e-03
1.070417594436515e-02
1.267696744871702e-02
1.499382399132600e-02
1.771088943013716e-02
2.089196864858752e-02
2.460814476726257e-02
2.893965918758514e-02
3.398081843904167e-02
3.983071371527312e-02
4.660467770172174e-02
5.442432074376341e-02
6.343016970697242e-02
7.376707951693742e-02
8.559964646836220e-02
9.907878885880173e-02
1.143877734368034e-01
1.317082651941472e-01
1.512060609595632e-01
1.730594191608563e-01
1.974218737465502e-01
2.244277175928271e-01
2.541827288045585e-01
2.867417080121931e-01
3.221030670772416e-01
3.602100687980874e-01
4.009121335813443e-01
4.439716699133303e-01
4.890375179786639e-01
5.356649792522704e-01
5.832905321564084e-01
6.312308152647320e-01
6.787483668551533e-01
7.247348740853792e-01
7.692493828627243e-01
8.106121748854414e-01
8.483813627060929e-01
8.819628775594478e-01
9.109502420415989e-01
9.351610284789519e-01
9.546337297696381e-01
9.696631838756757e-01
9.807283238561726e-01
9.884532872501094e-01
9.935310010506652e-01
9.966464075555106e-01
9.984125512933522e-01
9.993258201220008e-01
9.997325929564607e-01
9.999040213515787e-01
9.999694110613517e-01
9.999914211490649e-01
9.999979182813662e-01
9.999995657913406e-01
9.999999247344776e-01
9.999999891458670e-01
9.999999987402347e-01
9.999999998823846e-01
9.999999999918764e-01
9.999999999994876e-01
9.999999999999969e-01
9.999999999999957e-01
1.000000000000001e+00
9.999999999999998e-01
1.000000000000000e+00
1.000000000000000e+00
1.000000000000000e+00
1.000000000000000e+00
1.000000000000000e+00
1.000000000000000e+00
1.000000000000000e+00
1.000000000000000e+00
1.000000000000000e+00
###9.399999999999999e+00
3.287941122505709e-09
4.163164316825228e-09
5.231510885195935e-09
6.509019911973644e-09
8.077033880237758e-09
1.000097925224135e-08
1.234123988821611e-08
1.519474624473221e-08
1.867781700486938e-08
2.292984708137553e-08
2.811414677852666e-08
3.444069984304053e-08
4.216193801512857e-08
5.158150719975545e-08
6.307742339386169e-08
7.708953645174857e-08
9.417334241009037e-08
1.150007362236193e-07
1.403858258347367e-07
1.713103500850195e-07
2.090583142597744e-07
2.548742322966937e-07
3.107302991152088e-07
3.787637006500297e-07
4.615139214421656e-07
5.622012650782900e-07
6.847069830843014e-07
8.336825311314865e-07
1.014786180855901e-06
1.234909132495428e-06
1.502403719571215e-06
1.827324940975937e-06
2.222018060190162e-06
2.701023487539653e-06
3.282704123598438e-06
3.987963473708100e-06
4.843634881072710e-06
5.881151463491695e-06
7.138959446702084e-06
8.662495210343578e-06
1.050807271549526e-05
1.274277399435711e-05
1.544756696086811e-05
1.872006564080376e-05
2.267855220334982e-05
2.746257881206643e-05
3.324381094397664e-05
4.022801636781536e-05
4.865940932924409e-05
5.883356270941986e-05
7.110756195315386e-05
8.590311166895407e-05
1.037364334920294e-04
1.252104265847439e-04
1.510599236980073e-04
1.821569893245030e-04
2.195626875792610e-04
2.644850977572811e-04
3.184349167461186e-04
3.831965522564447e-04
4.608644157144285e-04
5.539555071207233e-04
6.654175053381894e-04
7.988028068349514e-04
9.583584020054333e-04
1.148983717268166e-03
1.376509030086347e-03
1.647962644541037e-03
1.971496783187944e-03
2.356466787113842e-03
2.814423853210245e-03
3.358828496177821e-03
4.005005039021691e-03
4.770328466513901e-03
5.676917066546349e-03
6.748944251993231e-03
8.014925839094321e-03
9.508215207319181e-03
1.126633763368756e-02
1.333373919444301e-02
1.575996830284204e-02
1.860274699901596e-02
2.192798017909255e-02
2.580901732452729e-02
3.032832893485480e-02
3.558279169003704e-02
4.167388247284020e-02
4.871922835847503e-02
5.684323498262839e-02
6.618834358371865e-02
7.690127880575139e-02
8.914827000624212e-02
1.030803379494417e-01
1.188808802301538e-01
1.367304413069693e-01
1.567915536347935e-01
1.792383611826777e-01
2.042177342686777e-01
2.318551222904756e-01
2.622450039219299e-01
2.954280197285138e-01
3.313858089460677e-01
3.700423972452196e-01
4.112257076099813e-01
4.546754981799686e-01
5.000173900965551e-01
5.467838872001541e-01
5.943915544754129e-01
6.421429084575626e-01
6.892902767980668e-01
7.347815378851879e-01
7.785216420684477e-01
8.190236758056876e-01
8.558141138721408e-01
8.883430844135812e-01
9.162530955076690e-01
9.394120735899635e-01
9.579065779753778e-01
9.720706504125980e-01
9.824103989368497e-01
9.895618288522861e-01
9.942143764952909e-01
9.970364643872710e-01
9.986160502899626e-01
9.994212534020727e-01
9.997740414809702e-01
9.999202625028796e-01
9.999750579725467e-01
9.999931449350509e-01
9.999983731512538e-01
9.999996690232336e-01
9.999999440468521e-01
9.999999921544618e-01
9.999999991171662e-01
9.999999999200816e-01
9.999999999947090e-01
9.999999999996658e-01
1.000000000000001e+00
9.999999999999966e-01
1.000000000000001e+00
9.999999999999998e-01
1.000000000000000e+00
1.000000000000000e+00
1.000000000000000e+00
1.000000000000000e+00
1.000000000000000e+00
1.000000000000000e+00
1.000000000000000e+00
1.000000000000000e+00
1.000000000000000e+00
###9.599999999999998e+00
3.542731197431359e-09
4.484086699147045e-09
5.634883247133156e-09
7.010609222097707e-09
8.698959692895373e-09
1.077025966228835e-08
1.328925794023613e-08
1.636012749786402e-08
2.010783746186518e-08
2.468208444124867e-08
3.025813244684472e-08
3.706138850525854e-08
4.536283035751710e-08
5.548820001436194e-08
6.784304907971002e-08
8.289891949061737e-08
1.012514403900570e-07
1.236208189442624e-07
1.508794459568818e-07
1.840790138869344e-07
2.245937301044815e-07
2.737602691655413e-07
3.336842155738119e-07
4.066565314596710e-07
4.953927006932777e-07
6.033376571771972e-07
7.346419122513199e-07
8.942778270754495e-07
1.088291664285180e-06
1.324046535772462e-06
1.610463085456545e-06
1.958277011719237e-06
2.380666527649712e-06
2.893144845282800e-06
3.515304229440664e-06
4.269426013642997e-06
5.184122401716866e-06
6.292887255052555e-06
7.636676939815176e-06
9.263867496907339e-06
1.123440749457903e-05
1.361968134327489e-05
1.650580852522514e-05
1.999657885566815e-05
2.421771668122588e-05
2.931744936966884e-05
3.547810592506162e-05
4.291811278381957e-05
5.189657510238377e-05
6.272695688041336e-05
7.578785608764801e-05
9.152604126395753e-05
1.104882792488978e-04
1.333127173768429e-04
1.607768545066391e-04
1.938028762579423e-04
2.335126194797287e-04
2.811828638983414e-04
3.384037712201144e-04
4.070635941673667e-04
4.893689212244753e-04
5.879722019919778e-04
7.059774926074935e-04
8.471181286325968e-04
1.015876236733278e-03
1.217386158151801e-03
1.457774515280805e-03
1.744418195451965e-03
2.085864920645560e-03
2.491912221535574e-03
2.974655731097682e-03
3.548174004840911e-03
4.228477863838259e-03
5.033693944272432e-03
5.986892509495427e-03
7.113267224450552e-03
8.442469187833456e-03
1.000917038788580e-02
1.185229108126950e-02
1.401782805176754e-02
1.655735051972005e-02
1.953024101086855e-02
2.300452004509816e-02
2.705583452544088e-02
3.176887191078379e-02
3.724307287790476e-02
4.358232957184578e-02
5.090653490093696e-02
5.934278898350120e-02
6.903541029944633e-02
8.013285772147881e-02
9.280284267948587e-02
1.071962691360722e-01
1.234964235618561e-01
1.418824142248870e-01
1.625131505662160e-01
1.855582316335825e-01
2.111573971647655e-01
2.394267456183698e-01
2.704489311876485e-01
3.042499251992338e-01
3.407941044619907e-01
3.799859032910898e-01
4.216315161912241e-01
4.654480338670784e-01
5.110381198787604e-01
5.579120733060877e-01
6.054675672532435e-01
6.529942269030626e-01
6.997366562196777e-01
7.446896473263545e-01
7.876371427477595e-01
8.272536518293945e-01
8.630500997117267e-01
8.945205957159655e-01
9.213569896626671e-01
9.434770109366503e-01
9.610137989609384e-01
9.743382914254910e-01
9.839809892295448e-01
9.905869001079698e-01
9.948394852626904e-01
9.973889581937260e-01
9.987974499287694e-01
9.995050040517907e-01
9.998098404542446e-01
9.999340510748107e-01
9.999797624078158e-01
9.999945518744908e-01
9.999987361666236e-01
9.999997492799972e-01
9.999999587061856e-01
9.999999943716016e-01
9.999999993869119e-01
9.999999999460578e-01
9.999999999966244e-01
9.999999999997736e-01
1.000000000000006e+00
9.999999999999966e-01
1.000000000000001e+00
9.999999999999998e-01
1.000000000000000e+00
1.000000000000000e+00
1.000000000000000e+00
1.000000000000000e+00
1.000000000000000e+00
1.000000000000000e+00
1.000000000000000e+00
1.000000000000000e+00
1.000000000000000e+00
###9.799999999999997e+00
3.815013399825928e-09
4.827096625853720e-09
6.066023321024653e-09
7.546702574135256e-09
9.363622364448703e-09
1.159233481993806e-08
1.430223065290622e-08
1.760520427693986e-08
2.163544420387675e-08
2.655362312810644e-08
3.254773137585835e-08
3.985959968437155e-08
4.877995390879241e-08
5.965805118253955e-08
7.292874224860120e-08
8.909727448945624e-08
1.088019599633766e-07
1.328143707610743e-07
1.620688450087271e-07
1.976913989762506e-07
2.411521400426786e-07
2.938853830549599e-07
3.581386198651064e-07
4.363658698086090e-07
5.314693728827395e-07
6.471323512803282e-07
7.877908573653624e-07
9.587574405734610e-07
1.166489466325957e-06
1.418850054461183e-06
1.725361709947894e-06
2.097480761887667e-06
2.549267016740066e-06
3.097262903416872e-06
3.762360551706241e-06
4.568298140753948e-06
5.545567860309855e-06
6.729840505640788e-06
8.164723186740466e-06
9.901679234177208e-06
1.200453938324351e-05
1.454917905370397e-05
1.762716454289266e-05
2.134879445760639e-05
2.584763122092568e-05
3.128103749033707e-05
3.784256425964864e-05
4.576395499815384e-05
5.531997012979019e-05
6.684287634001650e-05
8.073386690565261e-05
9.746602234791171e-05
1.176181633558888e-04
1.418653952026609e-04
1.710299376684471e-04
2.060864753669372e-04
2.482204655455712e-04
2.987804475029376e-04
3.594399928602341e-04
4.321955123299306e-04
5.193708457118607e-04
6.237597565149881e-04
7.486292731916728e-04
8.979016637869711e-04
1.076302842776066e-03
1.289212452358998e-03
1.543064522921604e-03
1.845598078119985e-03
2.205770970627238e-03
2.633838794039398e-03
3.142460834665994e-03
3.746354879681457e-03
4.462240326588596e-03
5.309018437150011e-03
6.310741368752210e-03
7.493654749383442e-03
8.888563509758527e-03
1.053150346788501e-02
1.246281819275819e-02
1.473013272745080e-02
1.738693969655337e-02
2.049444109620079e-02
2.412280027670094e-02
2.834986006887870e-02
3.326265160522555e-02
3.896313163935919e-02
4.555762796700498e-02
5.316824436165152e-02
6.192468636355229e-02
7.197309969064884e-02
8.346352676416953e-02
9.656502518522919e-02
1.114281264682972e-01
1.282357600201041e-01
1.471652710665364e-01
1.683715735862892e-01
1.920192820449369e-01
2.182405292728372e-01
2.471415503726677e-01
2.787926502855134e-01
3.132046284154061e-01
3.503241293556184e-01
3.900356659213204e-01
4.321235141808663e-01
4.762821323847026e-01
5.220915515289739e-01
5.690405333567532e-01
6.165089435172875e-01
6.637748495197500e-01
7.100774349862543e-01
7.544514267199729e-01
7.965869781475324e-01
8.352951467895536e-01
8.700841470513623e-01
9.004922311776238e-01
9.262607523069121e-01
9.473564854696954e-01
9.639575268574141e-01
9.764692637634574e-01
9.854437419846714e-01
9.915321303953165e-01
9.954095366664218e-01
9.977064299348423e-01
9.989585494907539e-01
9.995782012021681e-01
9.998406209259191e-01
9.999456998209540e-01
9.999836605390950e-01
9.999956850945486e-01
9.999990240068980e-01
9.999998112662576e-01
9.999999697443733e-01
9.999999959923731e-01
9.999999995780420e-01
9.999999999638327e-01
9.999999999978927e-01
9.999999999998415e-01
1.000000000000009e+00
9.999999999999966e-01
1.000000000000001e+00
9.999999999999998e-01
1.000000000000000e+00
1.000000000000000e+00
1.000000000000000e+00
1.000000000000000e+00
1.000000000000000e+00
1.000000000000000e+00
1.000000000000000e+00
1.000000000000000e+00
1.000000000000000e+00
###9.999999999999996e+00
4.105856388559298e-09
5.193543330281292e-09
6.526627747235025e-09
8.119408914559090e-09
1.007362798044945e-08
1.247041946528201e-08
1.538410583039773e-08
1.893480979122698e-08
2.326654115659357e-08
2.855166189774852e-08
3.499170509790152e-08
4.284598274773428e-08
5.242623906252307e-08
6.410675074310735e-08
7.835351424422660e-08
9.570762343393491e-08
1.168527595957068e-07
1.426150809088335e-07
1.739947387011083e-07
2.121966815711744e-07
2.587929230326632e-07
3.153211976723922e-07
3.841798705897469e-07
4.679958042845598e-07
5.698693146089453e-07
6.937362915259765e-07
8.443354630009601e-07
1.027339848789955e-06
1.249642218934326e-06
1.519635241471460e-06
1.847478538095272e-06
2.245391016649468e-06
2.728365163671831e-06
3.314032457108829e-06
4.024657007685090e-06
4.885518562841937e-06
5.929094681079023e-06
7.193355027905137e-06
8.724704547502509e-06
1.057786175846281e-05
1.282075915961336e-05
1.553400018838461e-05
1.881489331465824e-05
2.278059373917755e-05
2.757291683040884e-05
3.335883969106274e-05
4.034371874219819e-05
4.877330130959140e-05
5.893880004938785e-05
7.119223416339997e-05
8.595852026296115e-05
1.037383498212889e-04
1.251441668216168e-04
1.508898118884564e-04
1.818443606319515e-04
2.190374654713064e-04
2.637211600358137e-04
3.173189192301512e-04
3.815917893438995e-04
4.586488322551943e-04
5.509363745522972e-04
6.613955548931434e-04
7.934631874244081e-04
9.512586795064185e-04
1.139760737483948e-03
1.364604861563480e-03
1.632544026553611e-03
1.951693179452682e-03
2.331435349184040e-03
2.782500425613124e-03
3.318131009816646e-03
3.953705738893528e-03
4.706675073531326e-03
5.596738196834731e-03
6.648959596010078e-03
7.890684166901607e-03
9.353843018245999e-03
1.107592730430987e-02
1.309871687417330e-02
1.547146113543209e-02
1.824972146258570e-02
2.149643426928494e-02
2.528397203646164e-02
2.969238532240253e-02
3.481105966392965e-02
4.074441355553022e-02
4.760135586698377e-02
5.550600417423321e-02
6.459062348792967e-02
7.500312461751586e-02
8.689494634632032e-02
1.004364349523236e-01
1.157773943127661e-01
1.331001669958699e-01
1.525799975435733e-01
1.743674186736923e-01
1.986216117653188e-01
2.254666179686753e-01
2.549982929768984e-01
2.872740412587838e-01
3.222890815497538e-01
3.599717935404304e-01
4.001864943665056e-01
4.426953958307198e-01
4.871704140256077e-01
5.331693389960687e-01
5.801601387878256e-01
6.275059475215866e-01
6.744749296715804e-01
7.203028022148726e-01
7.640591616769810e-01
8.053628439313190e-01
8.431417800593869e-01
8.769117433049003e-01
9.062555043389793e-01
9.309638826565001e-01
9.510517771094841e-01
9.667404346547269e-01
9.784671360594411e-01
9.868025782171351e-01
9.924012927425706e-01
9.959277795262774e-01
9.979913976034049e-01
9.991010889106413e-01
9.996419125994004e-01
9.998669674454526e-01
9.999554924253872e-01
9.999868731152737e-01
9.999966029930596e-01
9.999992506412051e-01
9.999998588232021e-01
9.999999779856852e-01
9.999999971683931e-01
9.999999997119305e-01
9.999999999759607e-01
9.999999999987027e-01
9.999999999998890e-01
1.000000000000009e+00
9.999999999999980e-01
1.000000000000001e+00
9.999999999999998e-01
1.000000000000000e+00
1.000000000000000e+00
1.000000000000000e+00
1.000000000000000e+00
1.000000000000000e+00
1.000000000000000e+00
1.000000000000000e+00
1.000000000000000e+00
1.000000000000000e+00
###1.020000000000000e+01
4.416386366335930e-09
5.584848986489961e-09
7.018484907561373e-09
8.730946231100459e-09
1.083172830145881e-08
1.340790148484783e-08
1.653904345491678e-08
2.035403637498497e-08
2.500734791138939e-08
3.068378326199113e-08
3.759928071291598e-08
4.603175133229528e-08
5.631529841137938e-08
6.885080116668672e-08
8.413737187964692e-08
1.027541888718582e-07
1.254331444021779e-07
1.530583806376937e-07
1.866999385596844e-07
2.276465574071798e-07
2.775784855256074e-07
3.381429713595700e-07
4.118986870570516e-07
5.016556525929552e-07
6.107241680753740e-07
7.433079249168400e-07
9.044663523013160e-07
1.100254268164706e-06
1.338025389057947e-06
1.626732979333062e-06
1.977210809638134e-06
2.402484420883903e-06
2.918532607476472e-06
3.544137783243625e-06
4.302988188650362e-06
5.222069769696681e-06
6.335878563443329e-06
7.684836628941709e-06
9.318301057789517e-06
1.129442435236639e-05
1.368546108787493e-05
1.657700021113255e-05
2.007239789036967e-05
2.429602927888728e-05
2.939839635881192e-05
3.555659048171846e-05
4.298838240346148e-05
5.195423988062733e-05
6.276265815464299e-05
7.578639845013920e-05
9.147527557566793e-05
1.103589432810053e-04
1.330851011630518e-04
1.604081722388617e-04
1.932463053655744e-04
2.326866831329090e-04
2.800509814913004e-04
3.368409105931863e-04
4.049091763069021e-04
4.864821691563320e-04
5.841341032926916e-04
7.009597553744757e-04
8.405727604751624e-04
1.007298092416586e-03
1.206376605574108e-03
1.443710427001616e-03
1.726383391899683e-03
2.062900490508954e-03
2.463085356705345e-03
2.938158769951274e-03
3.501966750168209e-03
4.170570826033047e-03
4.962175402131945e-03
5.897301190633720e-03
7.002055861988665e-03
8.304910444542509e-03
9.838956717736897e-03
1.164317064503365e-02
1.376080176861911e-02
1.624276254853461e-02
1.914669904482146e-02
2.253732449343118e-02
2.648921285896294e-02
3.108472000290922e-02
3.641550601883337e-02
4.258848659703535e-02
4.971509833714121e-02
5.792146365032864e-02
6.734256497759500e-02
7.812718316576690e-02
9.042882179127011e-02
1.044186457403750e-01
1.202454952176112e-01
1.380908398006344e-01
1.581274743845782e-01
1.805011518881230e-01
2.053651635337681e-01
2.328349667362767e-01
2.629955182110416e-01
2.958906804916592e-01
3.314999812796436e-01
3.697327418050637e-01
4.104329321755456e-01
4.533406029019094e-01
4.981052763063201e-01
5.442629624737726e-01
5.912616540682615e-01
6.384486607021691e-01
6.850847149851057e-01
7.304032189361099e-01
7.735052771473194e-01
8.139570275667201e-01
8.507877617714993e-01
8.835290379649559e-01
9.118086134543362e-01
9.354665467051891e-01
9.545647651312126e-01
9.693656891236349e-01
9.803358390869520e-01
9.880616427738549e-01
9.931982612416512e-01
9.963974693318841e-01
9.982463168537655e-01
9.992267372145701e-01
9.996971400447597e-01
9.998894172848709e-01
9.999636841791978e-01
9.999895065028404e-01
9.999973456816924e-01
9.999994280362892e-01
9.999998950709127e-01
9.999999840939088e-01
9.999999980148490e-01
9.999999998048336e-01
9.999999999841979e-01
9.999999999991989e-01
9.999999999999275e-01
1.000000000000007e+00
9.999999999999983e-01
1.000000000000001e+00
9.999999999999999e-01
1.000000000000000e+00
1.000000000000000e+00
1.000000000000000e+00
1.000000000000000e+00
1.000000000000000e+00
1.000000000000000e+00
1.000000000000000e+00
1.000000000000000e+00
1.000000000000000e+00
###1.040000000000000e+01
4.747790081075937e-09
6.002512180991572e-09
7.543479286378071e-09
9.383653198500631e-09
1.164081343723033e-08
1.440835011415022e-08
1.777142571352940e-08
2.186824770682952e-08
2.686441452340314e-08
3.295797147414949e-08
4.038017262941008e-08
4.942870832561338e-08
6.046145844531592e-08
7.390757408409000e-08
9.030136315956007e-08
1.102624489993760e-07
1.345739320928865e-07
1.641815219623005e-07
2.002294463121551e-07
2.440953548466013e-07
2.975746910472244e-07
3.624297580895227e-07
4.413903414686083e-07
5.374601904209996e-07
6.541721136160031e-07
7.960135255751204e-07
9.683835129356218e-07
1.177741578581623e-06
1.431927822241513e-06
1.740490124937731e-06
2.114974831087084e-06
2.569260344175172e-06
3.120368060570088e-06
3.788296140461646e-06
4.598233905194817e-06
5.578979810766141e-06
6.767149401547607e-06
8.205755535152720e-06
9.947269194765664e-06
1.205346384221347e-05
1.460114687746917e-05
1.768116157900103e-05
2.140323156740278e-05
2.589933112686941e-05
3.132910196167580e-05
3.788027108445271e-05
4.578365899859766e-05
5.531520056339600e-05
6.680153911366141e-05
8.063720835362998e-05
9.729814427372518e-05
1.173443683680808e-04
1.414605330194383e-04
1.704435623832185e-04
2.052629809174478e-04
2.470661599593538e-04
2.972475972751656e-04
3.573906626167864e-04
4.294440326419237e-04
5.157562905344739e-04
6.190351085374907e-04
7.425353700844828e-04
8.900547919826658e-04
1.066132568592447e-03
1.276281410645391e-03
1.526681071484099e-03
1.824758512929570e-03
2.179423254953372e-03
2.600955339490650e-03
3.101083388568304e-03
3.694277384789237e-03
4.397304210108349e-03
5.229145473365173e-03
6.211167322349297e-03
7.370551804612933e-03
8.736923420095570e-03
1.034456870241191e-02
1.223397842531194e-02
1.444990471300781e-02
1.704496062752943e-02
2.007889390810819e-02
2.361823373711130e-02
2.773977567002046e-02
3.252818978694010e-02
3.807741428381090e-02
4.449686336037860e-02
5.190044615527038e-02
6.041627181866654e-02
7.018194938066677e-02
8.134695497167341e-02
9.406678185123961e-02
1.085131840093529e-01
1.248337861020175e-01
1.432088875340685e-01
1.638084730389754e-01
1.867731051479102e-01
2.122497198292029e-01
2.403446924046953e-01
2.711315600468230e-01
3.046401558175730e-01
3.408337756443107e-01
3.796023600866462e-01
4.207692667282540e-01
4.640523380683248e-01
5.090789125321636e-01
5.553637527815426e-01
6.023357730693963e-01
6.493278452588459e-01
6.955945974459032e-01
7.403694460198830e-01
7.827824097583094e-01
8.223624094612580e-01
8.582279093458961e-01
8.899328450524817e-01
9.171504318014559e-01
9.397695530971268e-01
9.578978920793645e-01
9.718369059159349e-01
9.820796173361037e-01
9.892252591116085e-01
9.939269715474577e-01
9.968218389183475e-01
9.984736003735429e-01
9.993370832733651e-01
9.997448165726889e-01
9.999084606362687e-01
9.999705030715780e-01
9.999916535450130e-01
9.999979369654518e-01
9.999995660912057e-01
9.999999225046498e-01
9.999999885911530e-01
9.999999986180043e-01
9.999999998691068e-01
9.999999999896267e-01
9.999999999995324e-01
9.999999999999468e-01
1.000000000000007e+00
9.999999999999983e-01
1.000000000000000e+00
9.999999999999999e-01
1.000000000000000e+00
1.000000000000000e+00
1.000000000000000e+00
1.000000000000000e+00
1.000000000000000e+00
1.000000000000000e+00
1.000000000000000e+00
1.000000000000000e+00
1.000000000000000e+00
###1.059999999999999e+01
5.101317684236809e-09
6.448111637750399e-09
8.103596153193657e-09
1.007999428091932e-08
1.250393078665599e-08
1.547552472759325e-08
1.908586776979554e-08
2.348309194040913e-08
2.884463760371457e-08
3.538263190615222e-08
4.334460602300546e-08
5.304927558289376e-08
6.487979379868751e-08
7.929534494241749e-08
9.686762704287952e-08
1.182591972826128e-07
1.443075249983556e-07
1.760236648353041e-07
2.146305593872857e-07
2.616001667588270e-07
3.188516170598054e-07
3.882645958612880e-07
4.727548733120833e-07
5.755299059571754e-07
7.003581721084574e-07
8.520275554650404e-07
1.036296736803529e-06
1.260055741965223e-06
1.531652358156875e-06
1.861270232759829e-06
2.261206826739695e-06
2.746241913748285e-06
3.334498554047370e-06
4.047258624755963e-06
4.911298487993680e-06
5.957324575817718e-06
7.224193679462797e-06
8.757649107670718e-06
1.061344501313394e-05
1.285717131908352e-05
1.557042976856865e-05
1.884959879714766e-05
2.281110374423447e-05
2.759491340902571e-05
3.337028288796807e-05
4.033611838393805e-05
4.873695312384907e-05
5.886496703928708e-05
7.106585315169167e-05
8.575699042279023e-05
1.034417086565781e-04
1.247118585204596e-04
1.502908091823235e-04
1.810199785028922e-04
2.179226563222429e-04
2.622091602118763e-04
3.153501061105989e-04
3.790140745910133e-04
4.552501557015545e-04
5.465341785000694e-04
6.557130181825296e-04
7.862083438163685e-04
9.420094440987403e-04
1.127878621364901e-03
1.349610503249673e-03
1.613673708893699e-03
1.927850942823471e-03
2.301471111846529e-03
2.745286844351845e-03
3.271551916096918e-03
3.895381253909082e-03
4.634269971313500e-03
5.508000512995183e-03
6.538808650332182e-03
7.754982331150636e-03
9.187327312673858e-03
1.087135857260181e-02
1.284911212208657e-02
1.516687563623353e-02
1.787918476097297e-02
2.104734679288296e-02
2.474030193195435e-02
2.903690142315029e-02
3.402413529326660e-02
3.979822010943425e-02
4.647111498362830e-02
5.415899205963460e-02
6.299206977825982e-02
7.311035472112384e-02
8.466408945214210e-02
9.781041526650766e-02
1.127215207090702e-01
1.295435505531197e-01
1.484553253471780e-01
1.696236479875318e-01
1.931834686819512e-01
2.192748955706967e-01
2.479947186178025e-01
2.794045358128818e-01
3.135196669153013e-01
3.502866619181111e-01
3.895757770324850e-01
4.311895344325889e-01
4.748235745301404e-01
5.200833260192173e-01
5.664629104210325e-01
6.133731415646627e-01
6.601339200488973e-01
7.059951400533119e-01
7.501925637762430e-01
7.918834639590842e-01
8.305724619701451e-01
8.654576567903814e-01
8.961206399105579e-01
9.222804926224658e-01
9.438743248595938e-01
9.610541248367699e-01
9.741581035271317e-01
9.837029811237112e-01
9.902978845622495e-01
9.945913843160253e-01
9.972040722078920e-01
9.986755339237188e-01
9.994336284314118e-01
9.997858050001537e-01
9.999245414725787e-01
9.999761512218549e-01
9.999933946249012e-01
9.999984050990930e-01
9.999996728180364e-01
9.999999431292034e-01
9.999999918761300e-01
9.999999990446465e-01
9.999999999130925e-01
9.999999999931992e-01
9.999999999997462e-01
9.999999999999580e-01
1.000000000000007e+00
9.999999999999983e-01
1.000000000000000e+00
9.999999999999999e-01
1.000000000000000e+00
1.000000000000000e+00
1.000000000000000e+00
1.000000000000000e+00
1.000000000000000e+00
1.000000000000000e+00
1.000000000000000e+00
1.000000000000000e+00
1.000000000000000e+00
###1.079999999999999e+01
5.478285649901877e-09
6.923309906526821e-09
8.700926045734238e-09
1.082256469416157e-08
1.342429025022061e-08
1.661338355672323e-08
2.048722839901755e-08
2.520451463800385e-08
3.095527589323742e-08
3.796661000956817e-08
4.650333970870839e-08
5.690652114071386e-08
6.958616030988406e-08
8.503333266754772e-08
1.038594408728279e-07
1.267725993416444e-07
1.546679779368651e-07
1.886259571325194e-07
2.299529648739330e-07
2.802209540387417e-07
3.414801744807478e-07
4.157346543634605e-07
5.060972809798674e-07
6.159912303431330e-07
7.494344806956276e-07
9.115329916312289e-07
1.108425993347614e-06
1.347457943533637e-06
1.637516375638169e-06
1.989454206230710e-06
2.416363715155130e-06
2.933976924655499e-06
3.561580500904187e-06
4.321811302892766e-06
5.243122699085691e-06
6.358229383763005e-06
7.708356577926848e-06
9.342124349899697e-06
1.131874712598411e-05
1.370783568000530e-05
1.659603874767531e-05
2.008556319401515e-05
2.429988494922416e-05
2.938738108086313e-05
3.552741338789189e-05
4.293063393857610e-05
5.185598114749662e-05
6.261268937898339e-05
7.556644050885395e-05
9.115857534067271e-05
1.099211413397982e-04
1.324793374235269e-04
1.595970824534168e-04
1.921623565892302e-04
2.312546946763809e-04
2.781502197776521e-04
3.343990823786860e-04
4.017587546568512e-04
4.823833186078303e-04
5.788810945581787e-04
6.942440843626106e-04
8.320676358306193e-04
9.965403328660958e-04
1.192656712735267e-03
1.426503735387513e-03
1.704850367373607e-03
2.035848028285653e-03
2.429260240908010e-03
2.896328774394990e-03
3.449850225950570e-03
4.105605883271510e-03
4.881842381769351e-03
5.799166994573715e-03
6.880709568068628e-03
8.155895789782971e-03
9.656740859976552e-03
1.142002151870302e-02
1.348934977649647e-02
1.591258217760265e-02
1.874623439677725e-02
2.205311693465898e-02
2.590468648396529e-02
3.038184733820196e-02
3.557391137294722e-02
4.157937047324071e-02
4.851272457158956e-02
5.649233729048267e-02
6.565050151641590e-02
7.612946330838750e-02
8.808020920908703e-02
1.016612702988570e-01
1.170450699577637e-01
1.343759965212293e-01
1.538310715234740e-01
1.755735333757207e-01
1.997322874249448e-01
2.264401345966756e-01
2.557837726563566e-01
2.878123432522045e-01
3.225261753533967e-01
3.598545866134827e-01
3.996478679116957e-01
4.416875284082351e-01
4.856470678635766e-01
5.311103462558353e-01
5.775515257635746e-01
6.243643784331415e-01
6.708573252323027e-01
7.162770986700635e-01
7.598639908087835e-01
8.008016596979681e-01
8.385812496298893e-01
8.724730603824364e-01
9.020905527384986e-01
9.271989707335008e-01
9.477828686001474e-01
9.640369141717104e-01
9.763336570846003e-01
9.852106599244542e-01
9.912840682453974e-01
9.951954518326603e-01
9.975472815000536e-01
9.988543335663876e-01
9.995177818346747e-01
9.998208978969867e-01
9.999380591915199e-01
9.999808065484400e-01
9.999947988836266e-01
9.999987736477919e-01
9.999997547859529e-01
9.999999585304477e-01
9.999999942569923e-01
9.999999993441794e-01
9.999999999428798e-01
9.999999999955435e-01
9.999999999998778e-01
9.999999999999657e-01
1.000000000000006e+00
9.999999999999983e-01
1.000000000000000e+00
9.999999999999999e-01
1.000000000000000e+00
1.000000000000000e+00
1.000000000000000e+00
1.000000000000000e+00
1.000000000000000e+00
1.000000000000000e+00
1.000000000000000e+00
1.000000000000000e+00
1.000000000000000e+00
###1.099999999999999e+01
5.880079844272639e-09
7.429857248098764e-09
9.337669392870383e-09
1.161409645979972e-08
1.440527071137761e-08
1.782609286500576e-08
2.198062119867617e-08
2.703877241483675e-08
3.320399363398112e-08
4.071921136028980e-08
4.986769034721161e-08
6.101418806612552e-08
7.459723009271991e-08
9.114174209336880e-08
1.113012712051107e-07
1.358322534968899e-07
1.656910705800380e-07
2.020316215548166e-07
2.462488433751663e-07
3.000206696776544e-07
3.655362957653394e-07
4.449314110708229e-07
5.415277307540481e-07
6.589767858388407e-07
8.015605863333437e-07
9.747216722538717e-07
1.185001822639735e-06
1.440221912215742e-06
1.749852330881470e-06
2.125440983103415e-06
2.580923928464250e-06
3.133038813415432e-06
3.802300851181650e-06
4.612776576280448e-06
5.594690504875114e-06
6.782870879501847e-06
8.221044207416368e-06
9.960860539334093e-06
1.206517976574330e-05
1.460784724045225e-05
1.768082278038719e-05
2.139244791094763e-05
2.587361353486541e-05
3.128153664493133e-05
3.780620039372524e-05
4.567059429935873e-05
5.514878169527707e-05
6.656789596181134e-05
8.031458539382690e-05
9.685531403341825e-05
1.167522237282849e-04
1.406654401565209e-04
1.694013357801238e-04
2.038965999721571e-04
2.452895842589201e-04
2.949251813042123e-04
3.544366156060810e-04
4.256740639914716e-04
5.109013193536072e-04
6.128646338546673e-04
7.347072429194645e-04
8.802052844893973e-04
1.053754597756354e-03
1.260591327052534e-03
1.507105534742681e-03
1.800378267530077e-03
2.148942986245370e-03
2.563013433686069e-03
3.054337449764075e-03
3.636272475027754e-03
4.325288004724158e-03
5.140405886875540e-03
6.103082556314574e-03
7.237366627423614e-03
8.573853664006641e-03
1.014579680864263e-02
1.199126744933150e-02
1.415548461160296e-02
1.668790612320615e-02
1.964704774170817e-02
2.309727666103028e-02
2.711255917481932e-02
3.177588388885100e-02
3.717888423175335e-02
4.342232025692358e-02
5.062321379735588e-02
5.890209908171407e-02
6.839322520127894e-02
7.924091526179203e-02
9.159690696810259e-02
1.056208505846013e-01
1.214851843374952e-01
1.393322511432332e-01
1.593369419155085e-01
1.816585373326332e-01
2.064194553376444e-01
2.337447044096688e-01
2.637103809106066e-01
2.963526572750687e-01
3.316564031633583e-01
3.695332466068895e-01
4.098132590025568e-01
4.522568065878813e-01
4.965153684182234e-01
5.421516458583625e-01
5.886206004672327e-01
6.353001009568864e-01
6.814886318348204e-01
7.264314505229397e-01
7.693755056170164e-01
8.095305756749295e-01
8.463834315385546e-01
8.792708021407312e-01
9.078413597710202e-01
9.319066615808140e-01
9.514977417454208e-01
9.668501532617149e-01
9.783682524387386e-01
9.866075573057341e-01
9.921884117342454e-01
9.957430878966679e-01
9.978544880579024e-01
9.990121079224048e-01
9.995908577825269e-01
9.998508186328384e-01
9.999493707383545e-01
9.999846245920659e-01
9.999959253623615e-01
9.999990621475056e-01
9.999998173302659e-01
9.999999699535801e-01
9.999999959693622e-01
9.999999995528900e-01
9.999999999628376e-01
9.999999999970763e-01
9.999999999999553e-01
9.999999999999715e-01
1.000000000000006e+00
9.999999999999984e-01
1.000000000000000e+00
9.999999999999999e-01
1.000000000000000e+00
1.000000000000000e+00
1.000000000000000e+00
1.000000000000000e+00
1.000000000000000e+00
1.000000000000000e+00
1.000000000000000e+00
1.000000000000000e+00
1.000000000000000e+00
###1.119999999999999e+01
6.308158863237736e-09
7.969595854872263e-09
1.001614335205509e-08
1.245746499751826e-08
1.545042818712513e-08
1.911803701133237e-08
2.357142693719547e-08
2.899244818036546e-08
3.559893391188468e-08
4.365022405698092e-08
5.344955910710288e-08
6.538672666427934e-08
7.993052983202738e-08
9.764181064687568e-08
1.192188289579737e-07
1.454692575314034e-07
1.774143879199532e-07
2.162860892330805e-07
2.635729840004879e-07
3.210653991844387e-07
3.910996733296267e-07
4.759508516718919e-07
5.791617912276760e-07
7.046256651710180e-07
8.569037796785720e-07
1.041794698117848e-06
1.266265845735456e-06
1.538641783253625e-06
1.869008474669188e-06
2.269648318584244e-06
2.755388333085850e-06
3.344027735259341e-06
4.057378357668081e-06
4.921014669623601e-06
5.967030828389070e-06
7.232479092977556e-06
8.763726027248145e-06
1.061561206940395e-05
1.285483626126666e-05
1.555970164956087e-05
1.882775539365865e-05
2.277379327353401e-05
2.753650150085093e-05
3.328238746227843e-05
4.021259183394018e-05
4.856305948096913e-05
5.862372723235304e-05
7.074050749947550e-05
8.532203186675619e-05
1.028610957715006e-04
1.239513669372301e-04
1.492895374013823e-04
1.797264100545131e-04
2.162496108377942e-04
2.600589752072012e-04
3.125712361941145e-04
3.755063584451296e-04
4.508111715177953e-04
5.408640429711144e-04
6.485547956891316e-04
7.771841931447907e-04
9.307164971444404e-04
1.113763002699712e-03
1.331811084055922e-03
1.591565031976690e-03
1.900429963055669e-03
2.267335060146591e-03
2.702960266977785e-03
3.219576799322256e-03
3.831121313944080e-03
4.554773785539327e-03
5.410355357491729e-03
6.420196285097589e-03
7.609288863235061e-03
9.009430945615956e-03
1.065514237266585e-02
1.258582162285727e-02
1.484832590807812e-02
1.749374578824142e-02
2.058261782726667e-02
2.418091470894246e-02
2.836510736610141e-02
3.322029558569278e-02
3.884043163682269e-02
4.532853230879291e-02
5.280411769568755e-02
6.138982981373494e-02
7.122181048299935e-02
8.244632149192417e-02
9.521574154623327e-02
1.096906111730372e-01
1.260431506719570e-01
1.444133562242673e-01
1.649736452421262e-01
1.878789371632879e-01
2.132447107974034e-01
2.411876920021464e-01
2.717728656323263e-01
3.050229280881964e-01
3.409068328848444e-01
3.793180918590600e-01
4.200663335281764e-01
4.628907015414139e-01
5.074208354587743e-01
5.531987592752218e-01
5.996610705202053e-01
6.461709518750075e-01
6.920185555280643e-01
7.364494238607695e-01
7.787192691363733e-01
8.180641878088910e-01
8.539742644318358e-01
8.858481908191557e-01
9.133724719370623e-01
9.364049577933269e-01
9.550220180144346e-01
9.694981355017492e-01
9.802668408020592e-01
9.878987077210737e-01
9.930155325378853e-01
9.962381409544520e-01
9.981286056695307e-01
9.991508510115066e-01
9.996540746537020e-01
9.998762232954252e-01
9.999587930576420e-01
9.999877404165356e-01
9.999968241192729e-01
9.999992866912762e-01
9.999998647458820e-01
9.999999783688184e-01
9.999999971915994e-01
9.999999996972240e-01
9.999999999761013e-01
9.999999999980758e-01
9.999999999999987e-01
9.999999999999762e-01
1.000000000000005e+00
9.999999999999986e-01
1.000000000000000e+00
9.999999999999999e-01
1.000000000000000e+00
1.000000000000000e+00
1.000000000000000e+00
1.000000000000000e+00
1.000000000000000e+00
1.000000000000000e+00
1.000000000000000e+00
1.000000000000000e+00
1.000000000000000e+00
###1.139999999999999e+01
6.764057345253889e-09
8.544464038415212e-09
1.073878559917360e-08
1.335569562719056e-08
1.656350381682193e-08
2.049382819815485e-08
2.526530539681383e-08
3.107246525019510e-08
3.814841617794522e-08
4.676993950559475e-08
5.726145739777263e-08
7.003932581509902e-08
8.560447900151999e-08
1.045558509123805e-07
1.276391246866812e-07
1.557162747767144e-07
1.898773981483615e-07
2.314369900076791e-07
2.819828994449860e-07
3.434247009680194e-07
4.182539231365147e-07
5.088936639243494e-07
6.191206640586613e-07
7.530837071925063e-07
9.156394234135021e-07
1.112962822053017e-06
1.352471226112520e-06
1.643021491583216e-06
1.995349503249079e-06
2.422513579158811e-06
2.940281140521082e-06
3.567571640680505e-06
4.327564847181497e-06
5.247425129271084e-06
6.361219316529282e-06
7.708339521677056e-06
9.337937287787584e-06
1.130821132498338e-05
1.368990227101963e-05
1.656600373932645e-05
2.003993933036752e-05
2.423329220585896e-05
2.929294093486871e-05
3.539515315132489e-05
4.275278665441189e-05
5.161538343027880e-05
6.228953564169895e-05
7.514084997381689e-05
9.060099909016189e-05
1.091903663155225e-04
1.315356323857615e-04
1.583717590476695e-04
1.905960312966183e-04
2.292493218439693e-04
2.755957149944272e-04
3.311269658888553e-04
3.976535724445772e-04
4.772231056542832e-04
5.723335197745415e-04
6.860240488509707e-04
8.217594707327457e-04
9.836997311948384e-04
1.176680025672509e-03
1.406448837149022e-03
1.680036167968190e-03
2.005183456646312e-03
2.391229644076567e-03
2.849337234233928e-03
3.392318497822537e-03
4.034708027704326e-03
4.794418969311025e-03
5.692096226774649e-03
6.750968843619283e-03
7.996997903364698e-03
9.463216217339459e-03
1.118543928154421e-02
1.320442464416659e-02
1.556869893318126e-02
1.833101589460663e-02
2.155395403379887e-02
2.530513585985524e-02
2.966353338940933e-02
3.471638013750536e-02
4.055994180196843e-02
4.729947602134250e-02
5.505697244250967e-02
6.395711264117271e-02
7.413785851458346e-02
8.574726730376329e-02
9.893823344516495e-02
1.138719530522008e-01
1.307201808752851e-01
1.496196641936400e-01
1.707417706050439e-01
1.942348709374347e-01
2.202076288719173e-01
2.487679973696110e-01
2.799693397351870e-01
3.138203777882008e-01
3.502737064082123e-01
3.892043272161859e-01
4.304012369572415e-01
4.735823298499583e-01
5.183556509858566e-01
5.642431011295097e-01
6.106638288214681e-01
6.569676253469582e-01
7.024379741605079e-01
7.463225253208211e-01
7.878878459138480e-01
8.263969018261011e-01
8.613496047960133e-01
8.922031595441425e-01
9.186839203708946e-01
9.406958230392457e-01
9.583592487858930e-01
9.719855116451689e-01
9.820345942386998e-01
9.890892352941254e-01
9.937700304551835e-01
9.966843704425995e-01
9.983724271758104e-01
9.992724373234771e-01
9.997085558230860e-01
9.998977033427767e-01
9.999666058051191e-01
9.999902705318204e-01
9.999975373005010e-01
9.999994604495820e-01
9.999999004612007e-01
9.999999845262312e-01
9.999999980574100e-01
9.999999997962945e-01
9.999999999848180e-01
9.999999999987260e-01
1.000000000000021e+00
9.999999999999801e-01
1.000000000000005e+00
9.999999999999988e-01
1.000000000000000e+00
9.999999999999999e-01
1.000000000000000e+00
1.000000000000000e+00
1.000000000000000e+00
1.000000000000000e+00
1.000000000000000e+00
1.000000000000000e+00
1.000000000000000e+00
1.000000000000000e+00
1.000000000000000e+00
###1.159999999999999e+01
7.249389450134276e-09
9.156500629198437e-09
1.150816014732662e-08
1.431197042381695e-08
1.774843231575659e-08
2.195831685648682e-08
2.706820805982328e-08
3.328610278538493e-08
4.086132301760180e-08
5.008917508935642e-08
6.131653423164530e-08
7.498794593320150e-08
9.163842943405025e-08
1.119073021037298e-07
1.365905256806101e-07
1.666076026890067e-07
2.031215359925012e-07
2.475343398911817e-07
3.015389424098830e-07
3.671711802925030e-07
4.470867524250034e-07
5.438654379949215e-07
6.615314182061077e-07
8.045037771821165e-07
9.779512844878767e-07
1.188446842313391e-06
1.443883126957752e-06
1.753679295242525e-06
2.129257200822213e-06
2.584494463290630e-06
3.136150828056536e-06
3.804327365893285e-06
4.613646508732097e-06
5.592948345447840e-06
6.778380129509113e-06
8.211795234379959e-06
9.945281536192229e-06
1.204057162319671e-05
1.457265925967467e-05
1.762947180876901e-05
2.132061117412665e-05
2.577479564851863e-05
3.114751030149426e-05
3.762527291247870e-05
4.543324165006810e-05
5.483522411330476e-05
6.615528159798848e-05
7.977966777695461e-05
9.616419640952053e-05
1.158581443693789e-04
1.395227514593923e-04
1.679330168627417e-04
2.020348356681330e-04
2.429247237634724e-04
2.919338783911313e-04
3.506323710098391e-04
4.209251475434439e-04
5.049598021156965e-04
6.053739464912920e-04
7.253473813006327e-04
8.685205074256574e-04
1.039256765262139e-03
1.242623939887920e-03
1.484641764665438e-03
1.772677795069632e-03
2.114822310889039e-03
2.520838402668746e-03
3.002387873555900e-03
3.572842100510680e-03
4.247352674487569e-03
5.044589016294968e-03
5.986044627218432e-03
7.095872599518761e-03
8.401028082005676e-03
9.935811742475478e-03
1.173736383140787e-02
1.384783246666340e-02
1.631744487817411e-02
1.920064742081331e-02
2.256208184422764e-02
2.647106054894783e-02
3.100905400315063e-02
3.626544771892688e-02
4.233881244972199e-02
4.933662616783088e-02
5.738331408839069e-02
6.660552335817681e-02
7.714295413028696e-02
8.914531031553752e-02
1.027658621207438e-01
1.181662200612308e-01
1.355174101757299e-01
1.549525614854832e-01
1.766417864883362e-01
2.007263338191521e-01
2.273076177981007e-01
2.564843302534117e-01
2.882977045143478e-01
3.227419995921555e-01
3.597530263109104e-01
3.991869165780794e-01
4.408118845849677e-01
4.843246036286215e-01
5.293118355236306e-01
5.752759863032416e-01
6.216197490952913e-01
6.676808937952903e-01
7.127379553375760e-01
7.560425668579632e-01
7.968742248337638e-01
8.345235813755436e-01
8.685059101900413e-01
8.983342607537835e-01
9.237763393428502e-01
9.447817635183940e-01
9.615134322954290e-01
9.743172468689477e-01
9.836768622361890e-01
9.901843148972922e-01
9.944564569407662e-01
9.970854263174302e-01
9.985886138285633e-01
9.993786187566246e-01
9.997553307205752e-01
9.999157888702104e-01
9.999730542093793e-01
9.999923147960323e-01
9.999981001474152e-01
9.999995941297847e-01
9.999999271907809e-01
9.999999890011466e-01
9.999999986661140e-01
9.999999998638097e-01
9.999999999904881e-01
9.999999999991488e-01
1.000000000000031e+00
9.999999999999835e-01
1.000000000000004e+00
9.999999999999990e-01
1.000000000000000e+00
9.999999999999999e-01
1.000000000000000e+00
1.000000000000000e+00
1.000000000000000e+00
1.000000000000000e+00
1.000000000000000e+00
1.000000000000000e+00
1.000000000000000e+00
1.000000000000000e+00
1.000000000000000e+00
###1.179999999999999e+01
7.765852530016857e-09
9.807850411668586e-09
1.232696322744203e-08
1.532963545948592e-08
1.900935091444059e-08
2.351660265007764e-08
2.898639157468650e-08
3.564101227981941e-08
4.374699019817359e-08
5.361929837166247e-08
6.562860524635812e-08
8.024935379410902e-08
9.805270728121481e-08
1.197207790863056e-07
1.461028164235536e-07
1.781792456905468e-07
2.171906216617215e-07
2.646306304122231e-07
3.223044280091768e-07
3.923811172590007e-07
4.776901347212430e-07
5.809768731594279e-07
7.065272488104332e-07
8.590460623497940e-07
1.044031885624991e-06
1.268478020162545e-06
1.540779206737218e-06
1.870948368693493e-06
2.271131134616277e-06
2.756069805814361e-06
3.343571112230333e-06
4.054981801190759e-06
4.916445253589079e-06
5.958567156183648e-06
7.219687828738194e-06
8.744249094122954e-06
1.058743338180729e-05
1.281469043336806e-05
1.550548795565351e-05
1.875294157029930e-05
2.267314628366659e-05
2.740231831874563e-05
3.310498115393103e-05
3.997841335911277e-05
4.826068117765480e-05
5.823055382340837e-05
7.023040885254379e-05
8.466813803690348e-05
1.020248398504747e-04
1.228800410481361e-04
1.479311473710319e-04
1.779950282212276e-04
2.140683983584119e-04
2.573058984535140e-04
3.091088056023360e-04
3.711289170055702e-04
4.453696564086001e-04
5.340822160071277e-04
6.400517566546186e-04
7.666023711307286e-04
9.175577102598128e-04
1.097492786521100e-03
1.311716910458494e-03
1.566531476136104e-03
1.869653793519110e-03
2.229535774722537e-03
2.656379407514155e-03
3.162362913358876e-03
3.761435196889248e-03
4.469384245778945e-03
5.305659267203968e-03
6.292627554906022e-03
7.455391785227643e-03
8.821926590019392e-03
1.042783359704583e-02
1.231160698887076e-02
1.451681645652972e-02
1.709542087220109e-02
2.010358754452831e-02
2.360804271489114e-02
2.767982462387854e-02
3.240290003632759e-02
3.786882047645907e-02
4.417845016433779e-02
5.144146210478552e-02
5.978467760907347e-02
6.933662935891109e-02
8.023866478890192e-02
9.264197959363339e-02
1.067000657857495e-01
1.225746999270302e-01
1.404359052189110e-01
1.604129247479104e-01
1.826740197992005e-01
2.073531829881006e-01
2.345439231369696e-01
2.643352134783729e-01
2.967556534136572e-01
3.317845626521503e-01
3.693405624352419e-01
4.092605919972491e-01
4.512919737456217e-01
4.951102463447379e-01
5.402812678185530e-01
5.862886534793985e-01
6.325197126432386e-01
6.783016369207013e-01
7.229097855819382e-01
7.656016931305968e-01
8.056718398928381e-01
8.424395726163046e-01
8.754402396896324e-01
9.042406575631179e-01
9.286508002807107e-01
9.486657951920090e-01
9.644889676026173e-01
9.764985775645898e-01
9.851991295482140e-01
9.911891355829768e-01
9.950792874778732e-01
9.974448316565880e-01
9.987796872752830e-01
9.994710237898218e-01
9.997953309385542e-01
9.999309520085664e-01
9.999783519930593e-01
9.999939582377033e-01
9.999985419284880e-01
9.999996963774636e-01
9.999999470671772e-01
9.999999922313434e-01
9.999999990908428e-01
9.999999999094777e-01
9.999999999941364e-01
9.999999999994241e-01
1.000000000000034e+00
9.999999999999862e-01
1.000000000000003e+00
9.999999999999991e-01
1.000000000000000e+00
9.999999999999999e-01
1.000000000000000e+00
1.000000000000000e+00
1.000000000000000e+00
1.000000000000000e+00
1.000000000000000e+00
1.000000000000000e+00
1.000000000000000e+00
1.000000000000000e+00
1.000000000000000e+00
###1.199999999999999e+01
8.315230984032297e-09
1.050076682054477e-08
1.319802947162766e-08
1.641220839863393e-08
2.035060872566853e-08
2.517404598500298e-08
3.102643182051671e-08
3.814523469269085e-08
4.681522738017623e-08
5.737225225908710e-08
7.021218320135714e-08
8.584115921027763e-08
1.048686571253065e-07
1.280221253141028e-07
1.562072629197936e-07
1.904689917208798e-07
2.321300293083147e-07
2.827809307236985e-07
3.443457659602654e-07
4.191345445834777e-07
5.101604944498738e-07
6.203440015324051e-07
7.542477306303004e-07
9.168783896456406e-07
1.114082881810195e-06
1.353298527404071e-06
1.643450150906175e-06
1.995177427347269e-06
2.421389404402759e-06
2.937740690432323e-06
3.563142001635085e-06
4.320253170059720e-06
5.236820190198940e-06
6.345308574353375e-06
7.686369430560600e-06
9.307166031025136e-06
1.126614083708467e-05
1.363265243013367e-05
1.649087249474222e-05
1.993937085565142e-05
2.410106427194053e-05
2.912004514427933e-05
3.517032568504784e-05
4.246047737370670e-05
5.124210753722709e-05
6.180967144506542e-05
7.452474448130826e-05
8.981788728801752e-05
1.081966716444222e-04
1.302722835210972e-04
1.567799621542689e-04
1.885803488578530e-04
2.267232714772821e-04
2.724240640561113e-04
3.271571587141954e-04
3.926596045899863e-04
4.710374774548838e-04
5.646502541991579e-04
6.764357862635233e-04
8.098693054126765e-04
9.689645818698651e-04
1.158516510728599e-03
1.384085119385355e-03
1.652264142728690e-03
1.971133208326040e-03
2.349518926645915e-03
2.798077286141989e-03
3.329520425883315e-03
3.958393566780801e-03
4.701140822544235e-03
5.578015094525521e-03
6.612283012168765e-03
7.830022622780436e-03
9.260253575042589e-03
1.093991173256331e-02
1.290887441047961e-02
1.521216334055309e-02
1.790349984119669e-02
2.104079938600565e-02
2.469289367791007e-02
2.893257875634274e-02
3.384631558394888e-02
3.952783144732031e-02
4.608026898563818e-02
5.361546596852765e-02
6.226258617905394e-02
7.215198680231308e-02
8.342653703537012e-02
9.623877128751436e-02
1.107422357668021e-01
1.270986170416970e-01
1.454766505037443e-01
1.660014042263922e-01
1.888387398276387e-01
2.141151266491526e-01
2.419156181801413e-01
2.723189754912257e-01
3.053406666038315e-01
3.409446092937633e-01
3.790318523559832e-01
4.194198584683065e-01
4.618349938221257e-01
5.059318145343941e-01
5.512569024954839e-01
5.972723079432177e-01
6.433546390930033e-01
6.888208731844629e-01
7.329450001869295e-01
7.749924083885654e-01
8.142745895468324e-01
8.501407270563816e-01
8.821502533157113e-01
9.099221156767126e-01
9.333092650329431e-01
9.523514155693212e-01
9.672906177592101e-01
9.785349697579134e-01
9.866069762491263e-01
9.921088669453376e-01
9.956428971817713e-01
9.977659683372820e-01
9.989480240301722e-01
9.995511580041339e-01
9.998294089098738e-01
9.999436110688955e-01
9.999826843180548e-01
9.999952728118703e-01
9.999988867890551e-01
9.999997741268046e-01
9.999999617527500e-01
9.999999945473520e-01
9.999999993849690e-01
9.999999999401515e-01
9.999999999964564e-01
9.999999999996042e-01
1.000000000000033e+00
9.999999999999886e-01
1.000000000000003e+00
9.999999999999992e-01
1.000000000000000e+00
9.999999999999999e-01
1.000000000000000e+00
1.000000000000000e+00
1.000000000000000e+00
1.000000000000000e+00
1.000000000000000e+00
1.000000000000000e+00
1.000000000000000e+00
1.000000000000000e+00
1.000000000000000e+00
###1.219999999999999e+01
8.899400155823605e-09
1.123761869354380e-08
1.412433810301131e-08
1.756338616475572e-08
2.177677663430687e-08
2.693627961392386e-08
3.319523807415501e-08
4.080726179856525e-08
5.007633898636410e-08
6.136058023812081e-08
7.508250812491730e-08
9.178185164499196e-08
1.121086853492662e-07
1.368384654679562e-07
1.669366725702066e-07
2.035164857638705e-07
2.479875620823785e-07
3.020429933002374e-07
3.677325891478347e-07
4.475152614094842e-07
5.445988918949404e-07
6.620884088786538e-07
8.048390836229237e-07
9.781765356131397e-07
1.188315430088452e-06
1.443161885094606e-06
1.752200191866254e-06
2.126731345523391e-06
2.580469370844556e-06
3.130031087356022e-06
3.795490811279377e-06
4.600892007145864e-06
5.575669016077240e-06
6.754245456229325e-06
8.179706344929248e-06
9.902075018676863e-06
1.198322843148597e-05
1.449663225901868e-05
1.753140388883519e-05
2.119184389996406e-05
2.560803456770659e-05
3.093233703453137e-05
3.734872342269455e-05
4.507761185886013e-05
5.438480992318006e-05
6.558121234886125e-05
7.904851075965841e-05
9.524100545309802e-05
1.146939756065244e-04
1.380517316919592e-04
1.660890763941862e-04
1.997123963136402e-04
2.400270082716225e-04
2.883116027995354e-04
3.461169482860723e-04
4.152689961366803e-04
4.979807925455478e-04
5.967249064563613e-04
7.145972634646183e-04
8.552312167919977e-04
1.022837768935546e-03
1.222440244782414e-03
1.459858838858607e-03
1.741990581023495e-03
2.077290342802704e-03
2.474972777190930e-03
2.946163332315888e-03
3.504125943829999e-03
4.164021301173322e-03
4.942969696958941e-03
5.862052021946737e-03
6.945460118182085e-03
8.220273420217528e-03
9.716582213003583e-03
1.147269001057685e-02
1.352988642550342e-02
1.593467512365956e-02
1.874257033984575e-02
2.201326172627372e-02
2.581770692888806e-02
3.023048784529107e-02
3.534055719302374e-02
4.124382347091789e-02
4.804568898365780e-02
5.586012057230395e-02
6.481853405210207e-02
7.505313750286469e-02
8.670809344772890e-02
9.993714523957253e-02
1.148937053739200e-01
1.317391284197458e-01
1.506405439571030e-01
1.717185439092855e-01
1.951360599207675e-01
2.210117205655521e-01
2.494216004151261e-01
2.804337477955389e-01
3.140500097102218e-01
3.502184556188564e-01
3.888222043596020e-01
4.296589996195319e-01
4.724342350287400e-01
5.167817050743301e-01
5.622292513188065e-01
6.082181161411431e-01
6.541155081807211e-01
6.992297837363177e-01
7.428354078799190e-01
7.842075987046353e-01
8.226768519297802e-01
8.576234149232157e-01
8.886342080590790e-01
9.153789904989270e-01
9.377540442589558e-01
9.558425709882582e-01
9.699234705731615e-01
9.804320776611269e-01
9.879060393800224e-01
9.929486280355987e-01
9.961515393656251e-01
9.980520655192542e-01
9.990958521734326e-01
9.996204060682115e-01
9.998583291617866e-01
9.999541345572269e-01
9.999862106550429e-01
9.999963190297835e-01
9.999991545164780e-01
9.999998329014925e-01
9.999999725335186e-01
9.999999961967749e-01
9.999999995871037e-01
9.999999999606181e-01
9.999999999979126e-01
9.999999999997230e-01
1.000000000000030e+00
9.999999999999906e-01
1.000000000000002e+00
9.999999999999993e-01
1.000000000000000e+00
9.999999999999999e-01
1.000000000000000e+00
1.000000000000000e+00
1.000000000000000e+00
1.000000000000000e+00
1.000000000000000e+00
1.000000000000000e+00
1.000000000000000e+00
1.000000000000000e+00
1.000000000000000e+00
