#./build/bin/rcbk -ic FILE ./data/ic/81/ic_208_26.dat -rc BALITSKY -alphas_scaling 4.710385625425856 -maxy 12 -fast -output ./data/bks/81/ic_208_26.dat 
# BK equation solver 20160623 (build May 19 2026 14:19:13)
# Heikki Mäntysaari <mantysaari@bnl.gov>, 2011-2016
# Running coupling: Balitsky
# Scaling factor C^2 in alpha_s: 4.71039
# Initial condition is String is not impelmented for the current IC N(r=0.0333803 1/GeV) = 0.000173735
# \alpha_s = 12 \pi / [ (33.0 - 2.0*Nf) * log(4.0*C^2/(r^2*lambdaqcd^2) ], C^2=4.71039, lambdaqcd=0.241 GeV, maxalphas=0.7 nf=3
# Using fast (and not so accurate) parameters
# Solving BK equation up to y=12
# r limits: 1e-05 - 100 points 150 multiplier 1.11424
# maxy 12 ystep 0.2
###1.000000000000000e-05
###1.114242875232510e+00
###150
###0.000000000000000e+00
###0.000000000000000e+00
0.000000000000000e+00
4.736283920775165e-11
5.817717750958924e-11
7.165800373653873e-11
8.821276563174793e-11
1.085568892500895e-10
1.336064201308827e-10
1.644185968554674e-10
2.023175640947177e-10
2.489352765508942e-10
3.062690305552361e-10
3.767761281352823e-10
4.634761963011184e-10
5.700777611597757e-10
7.011371647070521e-10
8.622503424781538e-10
1.060289026864973e-09
1.303692935782101e-09
1.602823584482129e-09
1.970400186846653e-09
2.422038682556042e-09
2.976903697235276e-09
3.658511883704859e-09
4.495724653228929e-09
5.523948024394855e-09
6.786611293406770e-09
8.336992821031839e-09
1.024042487493314e-08
1.257701145148881e-08
1.544498190214810e-08
1.896473639555695e-08
2.328383394747920e-08
2.858314346003678e-08
3.508425565300309e-08
4.305862474319435e-08
5.283883315202506e-08
6.483215157577560e-08
7.953727005425784e-08
9.756489871559052e-08
1.196625413200352e-07
1.467450770286957e-07
1.799323864537195e-07
2.205945564884298e-07
2.704077190475220e-07
3.314227016777816e-07
4.061474380556081e-07
4.976488497984505e-07
6.096780234477272e-07
7.468203830297799e-07
9.146815493847932e-07
1.120115582952501e-06
1.371498714328154e-06
1.679068614239752e-06
2.055340918105136e-06
2.515608825374243e-06
3.078563470702397e-06
3.767055576386645e-06
4.609009688928371e-06
5.638562043941347e-06
6.897458081041629e-06
8.436732449638069e-06
1.031880562665564e-05
1.262006078104764e-05
1.543394888495830e-05
1.887487516822252e-05
2.308298027139360e-05
2.822992024207751e-05
3.452612092649140e-05
4.222971100975222e-05
5.165736413266340e-05
6.319793475467236e-05
7.732926209858190e-05
9.463865444395373e-05
1.158486727807429e-04
1.418489181533277e-04
1.737349499829566e-04
2.128572352205162e-04
2.608815029221386e-04
3.198629274500214e-04
3.923392177164732e-04
4.814453991472503e-04
5.910553262956542e-04
7.259586541838593e-04
8.920790459805818e-04
1.096743695408768e-03
1.349019001018656e-03
1.660124302697981e-03
2.043943067175267e-03
2.517656491756487e-03
3.102523225652104e-03
3.824841046071211e-03
4.717131214330398e-03
5.819589707784031e-03
7.181868302618076e-03
8.865245116254495e-03
1.094525824674347e-02
1.351490321407400e-02
1.668845110431200e-02
2.060598251149159e-02
2.543876194461984e-02
3.139537218715602e-02
3.872863539593944e-02
4.774333035731955e-02
5.880394692739736e-02
7.234208887107613e-02
8.886281999416830e-02
1.089468295666428e-01
1.332468372797568e-01
1.624749345683330e-01
1.973720300835491e-01
2.386571545071253e-01
2.869466865408456e-01
3.426328466651236e-01
4.057321219329670e-01
4.756834040916207e-01
5.511538504893990e-01
6.299074473246233e-01
7.087027671333725e-01
7.835815584645918e-01
8.503635018498364e-01
9.053217484103225e-01
9.463951578162122e-01
9.735276261948023e-01
9.890090037793040e-01
9.963306670106247e-01
9.990325077409655e-01
9.998361370084962e-01
9.999749729879704e-01
9.999982116030156e-01
1.000000028526161e+00
9.999999351388243e-01
1.000000004234004e+00
1.000000013377701e+00
9.999999929075856e-01
1.000000000415123e+00
1.000000001587040e+00
9.999999991786231e-01
1.000000000038964e+00
1.000000000188141e+00
9.999999999049232e-01
1.000000000003428e+00
1.000000000022289e+00
9.999999999890001e-01
1.000000000000268e+00
1.000000000002639e+00
9.999999999987270e-01
1.000000000000016e+00
1.000000000000320e+00
9.999999999998309e-01
1.000000000000000e+00
###2.000000000000000e-01
5.030685985245831e-12
5.253511625661780e-11
6.473587366768998e-11
7.986549699428175e-11
9.843228727419739e-11
1.212913884155943e-10
1.494025782354053e-10
1.839686969589156e-10
2.264762290387207e-10
2.787552940148308e-10
3.430433393475054e-10
4.221006386867558e-10
5.193072752604199e-10
6.388241347030307e-10
7.857545248250099e-10
9.663765509689342e-10
1.188389704000141e-09
1.461259109118639e-09
1.796600985967485e-09
2.208659039231348e-09
2.714955730978494e-09
3.336977224271635e-09
4.101062825050716e-09
5.039635629179788e-09
6.192240680799033e-09
7.607760133636357e-09
9.345846680398565e-09
1.147977236303487e-08
1.409930306376716e-08
1.731466905935349e-08
2.126092325971090e-08
2.610350249629102e-08
3.204555025810837e-08
3.933512856247442e-08
4.827684822475362e-08
5.924506062759158e-08
7.269542058267149e-08
8.918820047668743e-08
1.094092531780572e-07
1.341963320019937e-07
1.645777892205569e-07
2.018111632543003e-07
2.474352111944743e-07
3.033321590972489e-07
3.718134084189171e-07
4.556769271388265e-07
5.583877594867167e-07
6.841559555362431e-07
8.381428697235538e-07
1.026668955420212e-06
1.257368725558986e-06
1.539737454070101e-06
1.885281258446624e-06
2.308063902918844e-06
2.825293948278945e-06
3.458039557794946e-06
4.232038946865864e-06
5.178689670922659e-06
6.336297232373037e-06
7.752048213227671e-06
9.483439151428181e-06
1.160065612384167e-05
1.418936086008742e-05
1.735536008991598e-05
2.122714525510242e-05
2.596239593093260e-05
3.175409359991234e-05
3.883835485996179e-05
4.750671533681787e-05
5.811121967755532e-05
7.109144552843821e-05
8.698341815607257e-05
1.064418956882749e-04
1.302741039819107e-04
1.594788184028573e-04
1.952683706985317e-04
2.391588177066924e-04
2.929872674759178e-04
3.590481804773239e-04
4.401440005801671e-04
5.397323317906223e-04
6.620871575986699e-04
8.124796292540310e-04
9.973795339285798e-04
1.224816411673981e-03
1.504685703524124e-03
1.849183890561511e-03
2.273275598492027e-03
2.795592904550162e-03
3.438972210103077e-03
4.231583395821263e-03
5.208220824991979e-03
6.411401800665461e-03
7.893741079159800e-03
9.719946537624067e-03
1.196890856905550e-02
1.473778396566692e-02
1.814498896200300e-02
2.233513193900168e-02
2.748332086755892e-02
3.380173658081535e-02
4.154639006272898e-02
5.102346330779308e-02
6.259460831305284e-02
7.668708161349154e-02
9.379248386439536e-02
1.144735585749651e-01
1.393535619606823e-01
1.691008995813654e-01
2.044035475316266e-01
2.459065062443060e-01
2.941407194192923e-01
3.494103894740886e-01
4.116389790699090e-01
4.802175831923160e-01
5.537951478228998e-01
6.302124661477552e-01
7.064280793752787e-01
7.787945940018629e-01
8.435214438254293e-01
8.972906740429122e-01
9.382618954859054e-01
9.663719071475739e-01
9.835441990826190e-01
9.927746269720102e-01
9.972491896959970e-01
9.990846440472551e-01
9.997219189343797e-01
9.999278735385172e-01
9.999842817067989e-01
9.999971083620902e-01
9.999995853473987e-01
9.999999588340296e-01
9.999999919063797e-01
9.999999997614333e-01
1.000000000908156e+00
9.999999995668891e-01
1.000000000008948e+00
1.000000000100427e+00
9.999999999531404e-01
1.000000000000575e+00
1.000000000011046e+00
9.999999999949065e-01
1.000000000000047e+00
1.000000000001192e+00
9.999999999994562e-01
1.000000000000002e+00
1.000000000000131e+00
9.999999999999337e-01
9.999999999999984e-01
###4.000000000000000e-01
1.051843406255949e-11
5.831061538541721e-11
7.205088743185842e-11
8.901328828082240e-11
1.098307878136825e-10
1.354759808782681e-10
1.669934662567284e-10
2.057362135756318e-10
2.533715646634176e-10
3.119492042700313e-10
3.839744083785894e-10
4.725426905604373e-10
5.814365711126366e-10
7.153162651119654e-10
8.798971649026639e-10
1.082210210781712e-09
1.330875939283175e-09
1.636497554604380e-09
2.012081299080125e-09
2.473568543061435e-09
3.040592425747716e-09
3.737220703027228e-09
4.592899720208922e-09
5.643997767885076e-09
6.934730107221798e-09
8.519915158804153e-09
1.046633090391573e-08
1.285599889144563e-08
1.578943103698007e-08
1.939010358903680e-08
2.380929729532383e-08
2.923223099134599e-08
3.588664485123581e-08
4.404994049255061e-08
5.406334161696028e-08
6.634725956794356e-08
8.141094740153484e-08
9.988252938260462e-08
1.225308084145929e-07
1.502931501142936e-07
1.843229811940267e-07
2.260295350655465e-07
2.771371962698193e-07
3.397557261948531e-07
4.164714793262855e-07
5.104351078819308e-07
6.255155259469683e-07
7.664440530342753e-07
9.389990860768119e-07
1.150295246127253e-06
1.408832392048178e-06
1.725317618127712e-06
2.112648972766550e-06
2.586589610489776e-06
3.166426214456368e-06
3.875857944671592e-06
4.743740055159762e-06
5.805268886107146e-06
7.103297436200216e-06
8.690926300555306e-06
1.063267681768377e-05
1.300716953099173e-05
1.591014589384202e-05
1.946077388254698e-05
2.380280175542742e-05
2.911286007024294e-05
3.560694397656396e-05
4.354888025117744e-05
5.326607744525317e-05
6.514873345777561e-05
7.969071042670316e-05
9.749035048603802e-05
1.192746056041044e-04
1.459411038732554e-04
1.786046944294639e-04
2.186022921304985e-04
2.676251206470506e-04
3.276924239885722e-04
4.013509031495353e-04
4.916824367518466e-04
6.024840550786388e-04
7.384494367472897e-04
9.053533237123617e-04
1.110236519947046e-03
1.361859011370278e-03
1.670976535809941e-03
2.050795858375677e-03
2.517399666982824e-03
3.090907673914893e-03
3.795774489098699e-03
4.662078684834834e-03
5.726918916740596e-03
7.035167622369320e-03
8.642452394795651e-03
1.061680349065854e-02
1.304055851100214e-02
1.601494024313217e-02
1.966243008404905e-02
2.413201303873222e-02
2.960247233516122e-02
3.628935197260900e-02
4.445151230772009e-02
5.439615195802538e-02
6.648183384479354e-02
8.113097245121083e-02
9.882178366618219e-02
1.200990343873135e-01
1.455572210009980e-01
1.758229250172159e-01
2.115334805090428e-01
2.532648061700964e-01
3.014691122848651e-01
3.563703388425466e-01
4.178102610513736e-01
4.851385055404598e-01
5.569948721440917e-01
6.312943704719285e-01
7.051773244228142e-01
7.752727987175361e-01
8.381300540704490e-01
8.907762725339863e-01
9.315555284155717e-01
9.603888858172346e-01
9.788956138174061e-01
9.896633273438873e-01
9.955549893829254e-01
9.982912556804849e-01
9.994093058723915e-01
9.998224193801598e-01
9.999542941718972e-01
9.999900397773664e-01
9.999982127657201e-01
9.999997430850994e-01
9.999999676602946e-01
9.999999972637932e-01
1.000000000345928e+00
9.999999997672010e-01
9.999999999974934e-01
1.000000000053609e+00
9.999999999769579e-01
9.999999999997320e-01
1.000000000005458e+00
9.999999999976502e-01
9.999999999999843e-01
1.000000000000538e+00
9.999999999997680e-01
9.999999999999983e-01
1.000000000000054e+00
9.999999999999740e-01
9.999999999999990e-01
###6.000000000000001e-01
1.650932701046540e-11
6.474979378214186e-11
8.019612909525442e-11
9.919464085990945e-11
1.225131795667072e-10
1.512602032143046e-10
1.865546359383515e-10
2.299376546819296e-10
2.832701764349684e-10
3.488454474548333e-10
4.294652579301275e-10
5.285975254537103e-10
6.504707544651394e-10
8.002991282960924e-10
9.844778161256958e-10
1.210870345779090e-09
1.489118511382155e-09
1.831086638543512e-09
2.251311663493083e-09
2.767642859551187e-09
3.402009265672937e-09
4.181377302165454e-09
5.138624840952598e-09
6.314502466217390e-09
7.758333604291580e-09
9.531432677783224e-09
1.170869488881453e-08
1.438162521207811e-08
1.766267778842116e-08
2.168993815951618e-08
2.663261722298220e-08
3.269777609155545e-08
4.014029785282428e-08
4.926996373307461e-08
6.046859585585119e-08
7.420672351624077e-08
9.105335770415931e-08
1.117111153523400e-07
1.370401544969304e-07
1.680875453943083e-07
2.061442989775561e-07
2.527864584260377e-07
3.099424918806891e-07
3.799721095679288e-07
4.657617088435099e-07
5.708548964175604e-07
6.995578842985788e-07
8.571750719421828e-07
1.050160729754246e-06
1.286481394595710e-06
1.575639509526911e-06
1.929610503923478e-06
2.362832350496736e-06
2.892921161466687e-06
3.541438958441009e-06
4.334943579066218e-06
5.305688338053682e-06
6.493003011150970e-06
7.944689037565884e-06
9.720263615243302e-06
1.189186938631780e-05
1.454726902504913e-05
1.779312879221941e-05
2.176304312999695e-05
2.661724989854648e-05
3.255281831434724e-05
3.981053321824388e-05
4.868405013201103e-05
5.953924826254401e-05
7.280737267778382e-05
8.904031610283534e-05
1.089030534336425e-04
1.331996652289843e-04
1.629241513711958e-04
1.993146436271702e-04
2.438406835252990e-04
2.983786708718430e-04
3.651410110396500e-04
4.469401176518094e-04
5.471523971370790e-04
6.699316060092976e-04
8.204112190991517e-04
1.004892238420007e-03
1.231011748038880e-03
1.508288934393235e-03
1.848371627115337e-03
2.265510552506325e-03
2.776943227684436e-03
3.404314672773506e-03
4.173737961366254e-03
5.117236940068491e-03
6.274246352080463e-03
7.692025861372086e-03
9.429230121826145e-03
1.155721257282558e-02
1.416174297496616e-02
1.734805352855827e-02
2.124261061711195e-02
2.599863052172547e-02
3.179840552918124e-02
3.886061496374146e-02
4.744664687054029e-02
5.786435367994805e-02
7.046896195938086e-02
8.567760512335354e-02
1.039551755347126e-01
1.258284728130729e-01
1.518639125506081e-01
1.826479709246587e-01
2.187695199309505e-01
2.607398746881640e-01
3.089385247968623e-01
3.635160714605806e-01
4.242422927769049e-01
4.904310788033327e-01
5.607192171628926e-01
6.330932100061318e-01
7.048583550199536e-01
7.728898262432500e-01
8.340333729201049e-01
8.856084710491453e-01
9.261151176280170e-01
9.554550303768810e-01
9.749966120616076e-01
9.869885420544696e-01
9.940035635373531e-01
9.975078814732041e-01
9.990687960583878e-01
9.996940719375095e-01
9.999128918844079e-01
9.999788045171562e-01
9.999956767130218e-01
9.999992766158360e-01
9.999999007678715e-01
9.999999895608509e-01
9.999999994546998e-01
9.999999998358244e-01
9.999999999926261e-01
1.000000000028555e+00
9.999999999886958e-01
9.999999999995972e-01
1.000000000002688e+00
9.999999999989204e-01
9.999999999999748e-01
1.000000000000243e+00
9.999999999999012e-01
9.999999999999983e-01
1.000000000000022e+00
9.999999999999899e-01
9.999999999999996e-01
###8.000000000000000e-01
2.305856904906789e-11
7.191532583997675e-11
8.925541509672777e-11
1.105085583464642e-10
1.366031931046276e-10
1.687851259284456e-10
2.082757490760924e-10
2.568177658152483e-10
3.164600792800507e-10
3.897982493514178e-10
4.799511340787861e-10
5.907994210635814e-10
7.270655258195556e-10
8.945766295463903e-10
1.100482681888743e-09
1.353564032740338e-09
1.664595584557056e-09
2.046835609546286e-09
2.516516191486188e-09
3.093590949623467e-09
3.802531605448116e-09
4.673517619110859e-09
5.743188342798553e-09
7.057160751156866e-09
8.670405786375610e-09
1.065138763987295e-08
1.308395691009758e-08
1.607010837504821e-08
1.973545512132544e-08
2.423419139098028e-08
2.975530176271532e-08
3.652987478700153e-08
4.484280138867154e-08
5.503942634621110e-08
6.754686607663812e-08
8.288906642111026e-08
1.017025131808394e-07
1.247711347471892e-07
1.530555315900633e-07
1.877229076693988e-07
2.302165394623493e-07
2.822943504080851e-07
3.461091288450419e-07
4.242946203992397e-07
5.200680690822910e-07
6.373976446220228e-07
7.810743650101270e-07
9.570271134815593e-07
1.172449938552694e-06
1.436227849299921e-06
1.758993815299631e-06
2.154072230154517e-06
2.637591725567066e-06
3.229187215531616e-06
3.952899838335348e-06
4.838394846486115e-06
5.921620167241975e-06
7.246394381129873e-06
8.865892090901617e-06
1.084658071686055e-05
1.326885579921580e-05
1.623037026548566e-05
1.984960614471739e-05
2.427571162907226e-05
2.968671173365806e-05
3.630168060607063e-05
4.438805991124371e-05
5.427155553053638e-05
6.635925091319004e-05
8.112644895714876e-05
9.918700909477305e-05
1.212770461283665e-04
1.482829012028570e-04
1.813011553194327e-04
2.217007478103886e-04
2.710921342930118e-04
3.315473377695569e-04
4.054832333188289e-04
4.959919424003334e-04
6.067598988737847e-04
7.423153485284829e-04
9.082522088259419e-04
1.111420992429908e-03
1.360080717992725e-03
1.664539184124062e-03
2.037368658107841e-03
2.493898034799965e-03
3.052556342835976e-03
3.736552447529422e-03
4.573697982854600e-03
5.597998639778536e-03
6.851257561633690e-03
8.383152024507770e-03
1.025537847588754e-02
1.254261427519322e-02
1.533404480585879e-02
1.873885684858156e-02
2.288742163446840e-02
2.793704625720291e-02
3.407336770709149e-02
4.151798071011554e-02
5.053489208791900e-02
6.143106495216220e-02
7.455934277513460e-02
9.033079176572469e-02
1.091970219805602e-01
1.316669037241242e-01
1.582794193713819e-01
1.895825216041691e-01
2.261186783024840e-01
2.683386468563133e-01
3.165545820190894e-01
3.708499097715177e-01
4.309306897466497e-01
4.960799221846235e-01
5.649360062263711e-01
6.355536059204773e-01
7.053875922098113e-01
7.715323761113720e-01
8.310928189639292e-01
8.816378674021941e-01
9.217993327269765e-01
9.514596996024342e-01
9.717821854712064e-01
9.847328261972940e-01
9.926266975917156e-01
9.967711238031071e-01
9.987253057375076e-01
9.995542392600663e-01
9.998637615326946e-01
9.999641348090547e-01
9.999920021567790e-01
9.999985191658597e-01
9.999997757671908e-01
9.999999731903902e-01
9.999999976805671e-01
9.999999997707359e-01
9.999999999861029e-01
1.000000000014972e+00
9.999999999944569e-01
9.999999999996712e-01
1.000000000001319e+00
9.999999999995063e-01
9.999999999999798e-01
1.000000000000110e+00
9.999999999999579e-01
9.999999999999989e-01
1.000000000000009e+00
9.999999999999961e-01
9.999999999999998e-01
###1.000000000000000e+00
3.021830595359844e-11
7.987599235166268e-11
9.930886057680799e-11
1.230626301534607e-10
1.522346479049414e-10
1.882207008368128e-10
2.323618497669298e-10
2.866228149655812e-10
3.532526740117141e-10
4.351901878700375e-10
5.359003776712051e-10
6.597251695010627e-10
8.119278110506130e-10
9.990159772623473e-10
1.228973894156325e-09
1.511592389476234e-09
1.858899775649256e-09
2.285693458733985e-09
2.810079087479871e-09
3.454328116948368e-09
4.245726925898702e-09
5.217988716566109e-09
6.411913365847552e-09
7.878475703991182e-09
9.678814920060204e-09
1.188947238118338e-08
1.460389036467667e-08
1.793588009258276e-08
2.202537011573741e-08
2.704433194754909e-08
3.320352527685904e-08
4.076029042274281e-08
5.003302492035885e-08
6.140567398246124e-08
7.535563114284648e-08
9.246446376873589e-08
1.134438040644029e-07
1.391664164033931e-07
1.707032372578058e-07
2.093530811750866e-07
2.567259793870903e-07
3.147798209817336e-07
3.859122501644930e-07
4.730572278344103e-07
5.798021407746903e-07
7.105546166821827e-07
8.706602881754432e-07
1.066721081285955e-06
1.306739870505322e-06
1.600600330524609e-06
1.960173442614219e-06
2.400247978969269e-06
2.938794030727375e-06
3.597642424760339e-06
4.403528777918351e-06
5.389491861488777e-06
6.595488636104003e-06
8.070196631698465e-06
9.872633865192966e-06
1.207676335181063e-05
1.477190864398577e-05
1.806640321935384e-05
2.209148372004727e-05
2.701304384903769e-05
3.302826078787043e-05
4.037986149956725e-05
4.936390613644722e-05
6.034047959188296e-05
7.376074327767400e-05
9.014719039179771e-05
1.101797786790653e-04
1.346704675283244e-04
1.645931944581093e-04
2.011535783330264e-04
2.458592140530301e-04
3.004700133150790e-04
3.672645131876513e-04
4.488756634835960e-04
5.486898178898217e-04
6.707193566210854e-04
8.198852516180486e-04
1.002263064227460e-03
1.225276656679947e-03
1.497833046286925e-03
1.831058716406606e-03
2.238483275758037e-03
2.736548560859159e-03
3.344922288421942e-03
4.088384715324311e-03
4.996517755122195e-03
6.105335028654308e-03
7.459040753367180e-03
9.109758627844853e-03
1.112224198045269e-02
1.357449265387351e-02
1.655909366260464e-02
2.018913289961380e-02
2.459880628898702e-02
2.994937511164729e-02
3.642965843415127e-02
4.426395376035667e-02
5.371862074874068e-02
6.509930659141464e-02
7.875632347718209e-02
9.509429681459704e-02
1.145515751067726e-01
1.376191554017095e-01
1.648091976837088e-01
1.966325819403310e-01
2.335873006081103e-01
2.760672021599329e-01
3.243219226180987e-01
3.783731618652824e-01
4.378703988533161e-01
5.020697452780558e-01
5.696146169917019e-01
6.386241331396685e-01
7.066888691827550e-01
7.710985607118809e-01
8.291846916405240e-01
8.787319577024879e-01
9.184823603420592e-01
9.483034981809004e-01
9.691899661268423e-01
9.828732353009055e-01
9.914409029342650e-01
9.961054965711041e-01
9.983976087665311e-01
9.994127505531365e-01
9.998107339821571e-01
9.999471248941669e-01
9.999873931943779e-01
9.999974828765195e-01
9.999995867882330e-01
9.999999457106925e-01
9.999999945068465e-01
9.999999995367148e-01
9.999999999707241e-01
1.000000000007140e+00
9.999999999972607e-01
9.999999999997763e-01
1.000000000000644e+00
9.999999999997754e-01
9.999999999999866e-01
1.000000000000050e+00
9.999999999999821e-01
9.999999999999993e-01
1.000000000000004e+00
9.999999999999984e-01
9.999999999999999e-01
###1.200000000000000e+00
3.804805763501294e-11
8.870614071243005e-11
1.104518096482606e-10
1.369733631743287e-10
1.695519948737461e-10
2.097459632492463e-10
2.590399103226410e-10
3.196206286871634e-10
3.939832424462627e-10
4.854336190443295e-10
5.978209319585223e-10
7.359966408726118e-10
9.058185526352099e-10
1.114551917310414e-09
1.371091736594138e-09
1.686355880995599e-09
2.073744516597831e-09
2.549750177662887e-09
3.134566451611308e-09
3.852990416874107e-09
4.735427236553670e-09
5.819460681124898e-09
7.150516699003745e-09
8.785429827152086e-09
1.079213056614990e-08
1.325608575571154e-08
1.628123353027258e-08
1.999441785368912e-08
2.455120393930113e-08
3.014337029239442e-08
3.700532351852198e-08
4.542336493927844e-08
5.575256409924553e-08
6.841935150588237e-08
8.395495163255100e-08
1.030079130276187e-07
1.263678963426826e-07
1.550079374088902e-07
1.901180403562605e-07
2.331419377934093e-07
2.858704978675570e-07
3.504843923416664e-07
4.296449653120266e-07
5.266127807540344e-07
6.453860069746971e-07
7.908484107210633e-07
9.689486201938580e-07
1.187022254085639e-06
1.453958028957335e-06
1.780722968165549e-06
2.180534628977871e-06
2.669776049724822e-06
3.268417904643571e-06
4.000674477499786e-06
4.896205054345815e-06
5.991704821345653e-06
7.331473191137383e-06
8.969409786775644e-06
1.097096213712125e-05
1.341807837528349e-05
1.640974219394709e-05
2.006583411133128e-05
2.453130217380867e-05
2.999005493032396e-05
3.665985697472418e-05
4.480882068922817e-05
5.476368441151210e-05
6.692135179400477e-05
8.178008049418064e-05
9.991281332484530e-05
1.220699391053187e-04
1.491441703593224e-04
1.822025871536692e-04
2.225665579846034e-04
2.718905116618293e-04
3.320926227362298e-04
4.056692836656914e-04
4.954814335233236e-04
6.052247182916509e-04
7.392538146657662e-04
9.029011411215360e-04
1.102745668785333e-03
1.346809041793492e-03
1.644672765668702e-03
2.008312743522412e-03
2.452249392585852e-03
2.994072841434046e-03
3.654727689093618e-03
4.460599542424030e-03
5.443088408916088e-03
6.640248054449477e-03
8.098717651769565e-03
9.873094638675989e-03
1.203120450155939e-02
1.465437381506868e-02
1.783856374065864e-02
2.170071074436694e-02
2.637875474831162e-02
3.203777823686777e-02
3.886962014258132e-02
4.710107144024758e-02
5.700051450779219e-02
6.887209758888999e-02
8.306322656272426e-02
9.997181504183958e-02
1.200229550659618e-01
1.436898349918089e-01
1.714583626591884e-01
2.038036707198708e-01
2.411810715991280e-01
2.839307894474846e-01
3.322442399925261e-01
3.860861479348097e-01
4.450557342223579e-01
5.083853295859657e-01
5.747258558350136e-01
6.422570198978069e-01
7.086924328603592e-01
7.714962690454603e-01
8.281991686872943e-01
8.767720331097399e-01
9.160522481260563e-01
9.458960090958245e-01
9.671606413130091e-01
9.813831244507243e-01
9.904513245139973e-01
9.955261154370195e-01
9.980991384143196e-01
9.992775192855268e-01
9.997573512178669e-01
9.999289947016622e-01
9.999821641000697e-01
9.999962232523496e-01
9.999993385703988e-01
9.999999064514175e-01
9.999999896067397e-01
9.999999990935660e-01
9.999999999398912e-01
1.000000000001753e+00
9.999999999985867e-01
9.999999999998606e-01
1.000000000000313e+00
9.999999999998985e-01
9.999999999999918e-01
1.000000000000022e+00
9.999999999999925e-01
9.999999999999997e-01
1.000000000000002e+00
9.999999999999994e-01
1.000000000000000e+00
###1.400000000000000e+00
4.661205977641813e-11
9.848584690741904e-11
1.227939091358386e-10
1.523664110152393e-10
1.887107523995910e-10
2.335551583489152e-10
2.885462743130621e-10
3.560889864462799e-10
4.390137857633070e-10
5.409733924784332e-10
6.662596926064386e-10
8.202830301711378e-10
1.009560077432055e-09
1.242189088061119e-09
1.528071038278441e-09
1.879358007748555e-09
2.310973588888461e-09
2.841266950454158e-09
3.492739667322537e-09
4.292946564357692e-09
5.275748681257734e-09
6.482994747458142e-09
7.965111514112492e-09
9.785495289423662e-09
1.201950709271503e-08
1.476238658100639e-08
1.812960190326621e-08
2.226230652854221e-08
2.733324932333487e-08
3.355593592713099e-08
4.119067121231517e-08
5.055563455159833e-08
6.204590182894217e-08
7.613458619299223e-08
9.341158482971633e-08
1.145995051630013e-07
1.405726577434427e-07
1.724140567589705e-07
2.114438215222611e-07
2.592641119450866e-07
3.178635442031562e-07
3.896635968165167e-07
4.776193204996413e-07
5.853420124122524e-07
7.172794693111965e-07
8.788347468078839e-07
1.076611941058378e-06
1.318746049192056e-06
1.615088972988025e-06
1.977788775822280e-06
2.421515502535085e-06
2.964391966404234e-06
3.628559152141067e-06
4.440811141781596e-06
5.434008949081706e-06
6.648699874480624e-06
8.133990624399183e-06
9.949371221222902e-06
1.216726034390153e-05
1.487820620247068e-05
1.819156340484615e-05
2.223968891072212e-05
2.718226436504145e-05
3.322254245192936e-05
4.060038348487937e-05
4.961109879076568e-05
6.061428718519443e-05
7.404620508361241e-05
9.045538081854445e-05
1.104685979980136e-04
1.349112163113595e-04
1.647618202619595e-04
2.011863956441760e-04
2.456290350413783e-04
2.998995173544503e-04
3.660833613960806e-04
4.469066138651630e-04
5.454704392429630e-04
6.657953783371996e-04
8.125951968050322e-04
9.916329728177616e-04
1.210013425579534e-03
1.476381011644116e-03
1.801018651816742e-03
2.196783061261926e-03
2.679219497680037e-03
3.267102229074420e-03
3.982688891263382e-03
4.854007869670418e-03
5.914329107932624e-03
7.203770485123103e-03
8.771443553829117e-03
1.067444540514721e-02
1.298368899017593e-02
1.578382540354404e-02
1.917417291390900e-02
2.327546454274890e-02
2.822930282166012e-02
3.420446096418663e-02
4.139563574409477e-02
5.003190451120272e-02
6.038335936871930e-02
7.275245710470507e-02
8.748334429665987e-02
1.049669643830819e-01
1.256151416435365e-01
1.498828988022129e-01
1.782316854551122e-01
2.111008249440072e-01
2.489050331643970e-01
2.919338607632366e-01
3.403243340833653e-01
3.939885140248868e-01
4.524804269736896e-01
5.150115218068065e-01
5.802418177741546e-01
6.464076900697561e-01
7.113348420650720e-01
7.726420267987023e-01
8.280372306827759e-01
8.756520085076274e-01
9.144085369768835e-01
9.441550031562820e-01
9.656381697703837e-01
9.802337320260244e-01
9.896552899810513e-01
9.950408989824447e-01
9.978388303470364e-01
9.991545183295066e-01
9.997066117337188e-01
9.999109214064046e-01
9.999766750829726e-01
9.999948239737431e-01
9.999990449435620e-01
9.999998567050937e-01
9.999999829423449e-01
9.999999984200630e-01
9.999999998887074e-01
9.999999999968542e-01
9.999999999991478e-01
9.999999999999161e-01
1.000000000000151e+00
9.999999999999546e-01
9.999999999999952e-01
1.000000000000010e+00
9.999999999999968e-01
9.999999999999998e-01
1.000000000000001e+00
9.999999999999998e-01
1.000000000000000e+00
###1.600000000000000e+00
5.603721765359179e-11
1.093017710919911e-10
1.364250433558416e-10
1.693770845161398e-10
2.098793417830902e-10
2.598563349201625e-10
3.211341463542435e-10
3.963615776018936e-10
4.887339258567327e-10
6.022869727672390e-10
7.418032212854442e-10
9.133031250829108e-10
1.124036149324045e-09
1.383006488500682e-09
1.701237190554222e-09
2.092222863816586e-09
2.572565446737087e-09
3.162668837197529e-09
3.887554327454981e-09
4.777815005031385e-09
5.871164716909601e-09
7.213952922330263e-09
8.862303199588459e-09
1.088662401946140e-08
1.337075260576082e-08
1.642034825226485e-08
2.016356384571515e-08
2.475730544309390e-08
3.039316108600011e-08
3.730826839516153e-08
4.579154970639891e-08
5.619616357102162e-08
6.896058171763307e-08
8.460892869921023e-08
1.037961119975789e-07
1.273246548364021e-07
1.561621135044575e-07
1.915110130358241e-07
2.348338852688200e-07
2.879061664071741e-07
3.529309093393211e-07
4.325928148361940e-07
5.301651931419014e-07
6.496478867250702e-07
7.959700751585793e-07
9.751034783198082e-07
1.194364530034388e-06
1.462756459747322e-06
1.791177236653902e-06
2.193057776561884e-06
2.684639096425722e-06
3.285936567176877e-06
4.021432130753580e-06
4.920727017886809e-06
6.020136411462952e-06
7.364358320144615e-06
9.007706295432903e-06
1.101569622341622e-05
1.346825683037730e-05
1.646528975556632e-05
2.012706635298188e-05
2.459957810308031e-05
3.005826388223979e-05
3.672711938103636e-05
4.486968469062305e-05
5.481034955509032e-05
6.694393739745350e-05
8.174863451037898e-05
9.982659314651671e-05
1.218619660609842e-04
1.487598366531238e-04
1.815899971112298e-04
2.216233257580771e-04
2.704338841423301e-04
3.299956629577894e-04
4.025708908962713e-04
4.911275327269650e-04
5.990195475739015e-04
7.306085231968612e-04
8.909845596378336e-04
1.086360681396414e-03
1.324391558184394e-03
1.614368808023032e-03
1.967304570183191e-03
2.396968419828350e-03
2.919965052754677e-03
3.556289205870597e-03
4.329547840888666e-03
5.269454958990624e-03
6.411187438128788e-03
7.796966042097631e-03
9.478407236228092e-03
1.151513225605591e-02
1.398115668663802e-02
1.696445529197511e-02
2.056768074227560e-02
2.491531068792965e-02
3.015252790713912e-02
3.645166740918213e-02
4.401012145127473e-02
5.305904789406537e-02
6.386994924405666e-02
7.674338912772420e-02
9.201991796727747e-02
1.100832591429154e-01
1.313319231450266e-01
1.562010417965637e-01
1.851335209313561e-01
2.185285661319277e-01
2.567635668137574e-01
3.000800744467423e-01
3.485641308116894e-01
4.020789368929107e-01
4.601376425208305e-01
5.219332050962801e-01
5.861357403014119e-01
6.510344787437509e-01
7.145567977257420e-01
7.744601423986844e-01
8.286094365695679e-01
8.752770422312957e-01
9.134610247332583e-01
9.430056036526328e-01
9.645693004471918e-01
9.793949483432999e-01
9.890447118906172e-01
9.946523267319973e-01
9.976218546794896e-01
9.990479178488493e-01
9.996608578148454e-01
9.998939307753082e-01
9.999712803955670e-01
9.999933810761239e-01
9.999987257686984e-01
9.999997994308161e-01
9.999999747838059e-01
9.999999975282762e-01
9.999999998154139e-01
9.999999999913263e-01
9.999999999992859e-01
9.999999999999470e-01
1.000000000000072e+00
9.999999999999799e-01
9.999999999999973e-01
1.000000000000005e+00
9.999999999999987e-01
9.999999999999999e-01
1.000000000000000e+00
9.999999999999999e-01
1.000000000000000e+00
###1.800000000000000e+00
6.628108816199020e-11
1.212469563267849e-10
1.514728466745854e-10
1.881512822087918e-10
2.332386548245287e-10
2.888729325777103e-10
3.570706125933361e-10
4.407793134459925e-10
5.435630646598177e-10
6.698906952182531e-10
8.250853059142737e-10
1.015834578506270e-09
1.250196747577778e-09
1.538170838705395e-09
1.892013683861080e-09
2.326692772054611e-09
2.860654252178160e-09
3.516557962619157e-09
4.322189711761480e-09
5.311479490664171e-09
6.526644818766911e-09
8.018080060795079e-09
9.849155612131918e-09
1.209752565289335e-08
1.485641274804348e-08
1.824273884032026e-08
2.239871758689139e-08
2.749839932367910e-08
3.375408117902267e-08
4.142864449141364e-08
5.084240569064834e-08
6.238670965294766e-08
7.654714675372505e-08
9.390436220493418e-08
1.151853889513161e-07
1.412742232147138e-07
1.732470442407714e-07
2.124333327948576e-07
2.604515331478761e-07
3.192658810806279e-07
3.913129065061521e-07
4.795637345935006e-07
5.876375383120589e-07
7.199580561558819e-07
8.819771286044295e-07
1.080280633276445e-06
1.322958949989538e-06
1.619969845583890e-06
1.983330107200741e-06
2.427866637468453e-06
2.971520337885624e-06
3.636356547342314e-06
4.449367544358298e-06
5.443249421612422e-06
6.657985054156150e-06
8.142776269336955e-06
9.957529808779850e-06
1.217416657037152e-05
1.488105724677209e-05
1.818777258222242e-05
2.222645637010768e-05
2.715766365633990e-05
3.317441752496505e-05
4.052124956958910e-05
4.948864493554908e-05
6.043146357598572e-05
7.378210471038570e-05
9.006384415048814e-05
1.099331124644566e-04
1.341425405759670e-04
1.636746106124131e-04
1.996982932873539e-04
2.435955877829783e-04
2.970780459353463e-04
3.622930864722469e-04
4.416893064879456e-04
5.384893262783111e-04
6.563128115494801e-04
7.998791068468469e-04
9.746723411981965e-04
1.187373672215100e-03
1.446217406477266e-03
1.761162399723084e-03
2.143979858427718e-03
2.609384938311413e-03
3.175076933616163e-03
3.862307851603148e-03
4.696073476913499e-03
5.707807354847982e-03
6.934639855308065e-03
8.420929824333224e-03
1.022083132004985e-02
1.239651276717371e-02
1.502510724655282e-02
1.819791152249201e-02
2.202088816340908e-02
2.662220720527737e-02
3.215054800110302e-02
3.878167920271924e-02
4.671552525013729e-02
5.618511904399393e-02
6.746308499205303e-02
8.084788298647473e-02
9.667614316716638e-02
1.153241235229504e-01
1.371769543671905e-01
1.626503514576639e-01
1.921679216288357e-01
2.260909610995643e-01
2.647604580590497e-01
3.083723620019476e-01
3.569647554389316e-01
4.103553288581266e-01
4.680200374443372e-01
5.291353118885782e-01
5.923823580225563e-01
6.560979076434315e-01
7.183040198530618e-01
7.768814847117811e-01
8.298351174983745e-01
8.755618185125104e-01
9.131284339096415e-01
9.423795329823943e-01
9.639043230656491e-01
9.788368351880871e-01
9.886078987365372e-01
9.943589234462206e-01
9.974505036147238e-01
9.989602725059107e-01
9.996217586465932e-01
9.998788386723828e-01
9.999662919849062e-01
9.999919892132489e-01
9.999984034573888e-01
9.999997386688617e-01
9.999999656580362e-01
9.999999964664491e-01
9.999999997222250e-01
9.999999999846794e-01
9.999999999991717e-01
9.999999999999584e-01
1.000000000000034e+00
9.999999999999912e-01
9.999999999999986e-01
1.000000000000002e+00
9.999999999999994e-01
1.000000000000000e+00
1.000000000000000e+00
1.000000000000000e+00
1.000000000000000e+00
###2.000000000000000e+00
7.748276063821866e-11
1.344215785750399e-10
1.680634113602911e-10
2.088468208076693e-10
2.589832597057580e-10
3.208468174072400e-10
3.966632540145320e-10
4.897088383713059e-10
6.039527148269117e-10
7.443386885742218e-10
9.167845962579167e-10
1.128710357045671e-09
1.389062525112812e-09
1.708931162005872e-09
2.101929246293287e-09
2.584636586509743e-09
3.177524351026027e-09
3.905725421638655e-09
4.800054920703066e-09
5.898091171519278e-09
7.247009115794063e-09
8.901668429729792e-09
1.093322915542614e-08
1.342743818385269e-08
1.648767658392647e-08
2.024325325631195e-08
2.485175293482028e-08
3.050585084890273e-08
3.744074439209443e-08
4.594719402018261e-08
5.637987114340889e-08
6.917191439131945e-08
8.485997564263821e-08
1.040868074801708e-07
1.276569307823365e-07
1.565458912313669e-07
1.919454813804592e-07
2.353242830407218e-07
2.884706009283230e-07
3.535534089528200e-07
4.332651185145141e-07
5.308860860590400e-07
6.504119804189107e-07
7.967267670198330e-07
9.758492460256543e-07
1.195031867767675e-06
1.463203783234058e-06
1.791357560932255e-06
2.192712255523125e-06
2.683631408694351e-06
3.283867748941692e-06
4.017711381951302e-06
4.914869203518282e-06
6.011360684927066e-06
7.351150047316672e-06
8.988276038835884e-06
1.098859859860205e-05
1.343112321414053e-05
1.641314317482668e-05
2.005462287574877e-05
2.450047414032098e-05
2.992684777263230e-05
3.654569634608034e-05
4.462328250445616e-05
5.447930807114834e-05
6.650051350042742e-05
8.115930043403828e-05
9.902870350764927e-05
1.208206587963353e-04
1.473622304952365e-04
1.797170264209162e-04
2.191590256702926e-04
2.671890195498035e-04
3.256626674993020e-04
3.969107917439049e-04
4.835783180595631e-04
5.891557423482761e-04
7.175417022496106e-04
8.738305742936215e-04
1.063918678743165e-03
1.294976120905154e-03
1.575840820555770e-03
1.917165868441684e-03
2.331509735769415e-03
2.834566539840048e-03
3.445165893242156e-03
4.185854435051511e-03
5.083067656352231e-03
6.169958579538977e-03
7.485692034197163e-03
9.076788559505273e-03
1.099997234499442e-02
1.331998060909401e-02
1.611707828532739e-02
1.948588146142910e-02
2.353563613156156e-02
2.839815174681937e-02
3.422551887891236e-02
4.119681169810901e-02
4.951432193697113e-02
5.941275157805732e-02
7.116556664240252e-02
8.506890389418290e-02
1.014551585255853e-01
1.206928790311703e-01
1.431537366003041e-01
1.692344139350455e-01
1.993386157762251e-01
2.337916191045959e-01
2.728989046529233e-01
3.168129508573863e-01
3.655265672585907e-01
4.188148792249001e-01
4.761197883499130e-01
5.366028093863032e-01
5.989564188555324e-01
6.615614584345961e-01
7.225262583618364e-01
7.798428009127100e-01
8.316411921611607e-01
8.764293568198273e-01
9.133373522503240e-01
9.422147156695038e-01
9.635969732740488e-01
9.785298247544411e-01
9.883308994718610e-01
9.941562606631662e-01
9.973248112911528e-01
9.988927908355454e-01
9.995903534250051e-01
9.998662236362867e-01
9.999619575660805e-01
9.999907308880838e-01
9.999980998074157e-01
9.999996788606235e-01
9.999999562461189e-01
9.999999953124141e-01
9.999999996150426e-01
9.999999999769668e-01
9.999999999988919e-01
9.999999999999567e-01
1.000000000000016e+00
9.999999999999962e-01
9.999999999999992e-01
1.000000000000001e+00
9.999999999999998e-01
1.000000000000000e+00
1.000000000000000e+00
1.000000000000000e+00
1.000000000000000e+00
###2.200000000000000e+00
8.972806125790063e-11
1.489333999880340e-10
1.863320848712615e-10
2.316297617027647e-10
2.873224555243769e-10
3.560372241799224e-10
4.402319077904083e-10
5.435442544645987e-10
6.703872497386721e-10
8.262259860082736e-10
1.017630731092387e-09
1.252824888272132e-09
1.541730058689244e-09
1.896629936144497e-09
2.332625564889815e-09
2.868058888593215e-09
3.525625228652943e-09
4.333168057666023e-09
5.324803226626423e-09
6.542120742683977e-09
8.037700864128690e-09
9.871324329971720e-09
1.212261898620937e-08
1.488630303787484e-08
1.827656361909115e-08
2.243653270865681e-08
2.754052852789665e-08
3.380144578029984e-08
4.147958261930419e-08
5.089605975455930e-08
6.244304231397143e-08
7.659919548220826e-08
9.395689358763538e-08
1.152264612572074e-07
1.412965673996002e-07
1.732431970561627e-07
2.123831685400335e-07
2.603361250285024e-07
3.190755478580115e-07
3.909933899745083e-07
4.790601020509165e-07
5.868889639187492e-07
7.188869742504533e-07
8.804379517641060e-07
1.078169470813331e-06
1.320062410663239e-06
1.615952308974456e-06
1.977947459283204e-06
2.420573553234952e-06
2.961849806447807e-06
3.623488664330236e-06
4.432178883448193e-06
5.420559528806596e-06
6.628196566637822e-06
8.103426926772479e-06
9.905418949695303e-06
1.210645911528722e-05
1.479316515412841e-05
1.807239561990527e-05
2.207528200518242e-05
2.696041998601564e-05
3.292065459263392e-05
4.018804394234804e-05
4.905248171590216e-05
5.986444878839480e-05
7.304484936572223e-05
8.910870225904482e-05
1.086818596211553e-04
1.325355574031312e-04
1.615753655798764e-04
1.969513509746755e-04
2.400466027612571e-04
2.924931949939613e-04
3.562932424986151e-04
4.339728055939334e-04
5.283834275128386e-04
6.432971867085660e-04
7.829053241524776e-04
9.526950958964276e-04
1.158993659516921e-03
1.409481386796930e-03
1.713624438911379e-03
2.082797696847471e-03
2.530375586044690e-03
3.073065209715859e-03
3.730862769994012e-03
4.527647372852287e-03
5.491329963643942e-03
6.656828803362203e-03
8.065378733158910e-03
9.765700357688041e-03
1.181712037700293e-02
1.428696490443871e-02
1.725864439806122e-02
2.083009036749819e-02
2.511380359669553e-02
3.024517881809027e-02
3.637963037745498e-02
4.369934405920018e-02
5.240900683731532e-02
6.274458727113807e-02
7.498018348206192e-02
8.940938067372944e-02
1.063600303524159e-01
1.261927257808141e-01
1.492655847727359e-01
1.759565585998367e-01
2.066489641490192e-01
2.416336744278011e-01
2.811815112904599e-01
3.254033735918096e-01
3.742491806890901e-01
4.274540822125499e-01
4.844287377102784e-01
5.443206752275781e-01
6.058338989364945e-01
6.673903465278564e-01
7.271758954686165e-01
7.832860236219329e-01
8.339611844138701e-01
8.778098346160512e-01
9.140212341913995e-01
9.424542953085011e-01
9.636041186516188e-01
9.784452994253742e-01
9.881984944811767e-01
9.940379966555405e-01
9.972431015438370e-01
9.988455944446351e-01
9.995671267831471e-01
9.998564431171516e-01
9.999584514000399e-01
9.999896709611528e-01
9.999978335270878e-01
9.999996242125149e-01
9.999999472708134e-01
9.999999941598693e-01
9.999999995025458e-01
9.999999999686193e-01
9.999999999985103e-01
9.999999999999466e-01
1.000000000000007e+00
9.999999999999983e-01
9.999999999999997e-01
1.000000000000000e+00
9.999999999999999e-01
1.000000000000000e+00
1.000000000000000e+00
1.000000000000000e+00
1.000000000000000e+00
###2.400000000000000e+00
1.031093878168641e-10
1.648983918592217e-10
2.065366007414948e-10
2.566828144201878e-10
3.184812875651381e-10
3.947228065866971e-10
4.881197946122823e-10
6.027089261219159e-10
7.433870269889726e-10
9.161914720922673e-10
1.128407115448197e-09
1.389139303818570e-09
1.709372781287810e-09
2.102703158402862e-09
2.585858212909574e-09
3.179109013619527e-09
3.907581709920801e-09
4.802086913899167e-09
5.900347053142221e-09
7.248338887255177e-09
8.904545648394936e-09
1.093413948256743e-08
1.342599115830787e-08
1.648457540123792e-08
2.023592103403119e-08
2.483822122287841e-08
3.048405115706747e-08
3.740836053765242e-08
4.589883865703581e-08
5.630953806632287e-08
6.907361778107353e-08
8.471923501769872e-08
1.038994873455574e-07
1.273981562615212e-07
1.561953399509281e-07
1.914763572471317e-07
2.346940993563269e-07
2.876301808596584e-07
3.524611055684701e-07
4.318230855079889e-07
5.289857087258836e-07
6.479220460656373e-07
7.934854419790633e-07
9.716016928494918e-07
1.189554399499846e-06
1.456119108022666e-06
1.782107340423174e-06
2.180825607924310e-06
2.668230732438643e-06
3.264102925420299e-06
3.992294154520639e-06
4.882060765149898e-06
5.969208843966782e-06
7.297117467795023e-06
8.918821106622904e-06
1.089901597803822e-05
1.331688564984160e-05
1.626721687449238e-05
1.986711258599820e-05
2.425968509506181e-05
2.961817834900425e-05
3.615328663285001e-05
4.411847331257997e-05
5.382975620845485e-05
6.566816726797352e-05
8.009314871413768e-05
9.766439538433343e-05
1.190637833218905e-04
1.451260830286924e-04
1.768390532891843e-04
2.154447504998208e-04
2.624422651395683e-04
3.196015923636487e-04
3.890797662205867e-04
4.736083474809719e-04
5.762561119645597e-04
7.010909235846655e-04
8.526106327751529e-04
1.036713802601969e-03
1.260177565415781e-03
1.531214390097986e-03
1.859943959091640e-03
2.258491061915350e-03
2.741075257983384e-03
3.325451293287238e-03
4.032818771536093e-03
4.888427498361167e-03
5.921699893654045e-03
7.169364979310787e-03
8.674763771346497e-03
1.048885450173494e-02
1.267359854012808e-02
1.529892940365412e-02
1.845141584476840e-02
2.223229941117828e-02
2.675730450455842e-02
3.216535541779832e-02
3.861509784177583e-02
4.629140655690584e-02
5.540208196906027e-02
6.618326525366465e-02
7.890970258875055e-02
9.387219376103539e-02
1.113937400272679e-01
1.318267298575650e-01
1.555156158661888e-01
1.828198469484445e-01
2.141019552719707e-01
2.496197871237452e-01
2.896102995976775e-01
3.341444887543279e-01
3.831314959737181e-01
4.362687721944539e-01
4.929380274538064e-01
5.522738951504790e-01
6.129916313821312e-01
6.735515589360308e-01
7.322104210285419e-01
7.871577187611623e-01
8.367346318920618e-01
8.796398310464225e-01
9.151197688757454e-01
9.430463293392488e-01
9.638857719194710e-01
9.785558144579273e-01
9.881948867133464e-01
9.939965415649289e-01
9.972024798279567e-01
9.988179589688218e-01
9.995521032261243e-01
9.998496491729202e-01
9.999558744054818e-01
9.999888532490527e-01
9.999976187622445e-01
9.999995782188291e-01
9.999999393911226e-01
9.999999931031238e-01
9.999999993945961e-01
9.999999999603041e-01
9.999999999980840e-01
9.999999999999318e-01
1.000000000000002e+00
9.999999999999992e-01
9.999999999999999e-01
1.000000000000000e+00
1.000000000000000e+00
1.000000000000000e+00
1.000000000000000e+00
1.000000000000000e+00
1.000000000000000e+00
###2.600000000000000e+00
1.177246303873764e-10
1.824417016482873e-10
2.286062175132171e-10
2.842006494552959e-10
3.527012615738106e-10
4.372026715977794e-10
5.406966857358336e-10
6.676571326757733e-10
8.235103164579592e-10
1.014919054481079e-09
1.249953888352688e-09
1.538681625133880e-09
1.893250313050525e-09
2.328691120874355e-09
2.863510798797473e-09
3.520090837858207e-09
4.326208316182323e-09
5.315912078773004e-09
6.530873327878827e-09
8.021860421878642e-09
9.853773634616019e-09
1.209766363561602e-08
1.485257968820896e-08
1.823341999452109e-08
2.237949389101674e-08
2.746502325231411e-08
3.370265034533218e-08
4.135132821396946e-08
5.072853329717081e-08
6.222421566136634e-08
7.631606607635141e-08
9.358604018439281e-08
1.147533489810793e-07
1.406816703607242e-07
1.724499032269826e-07
2.113626410753744e-07
2.590201266420485e-07
3.173803959461408e-07
3.888385474699559e-07
4.762965319344270e-07
5.833481966337333e-07
7.143570423998854e-07
8.746560272199902e-07
1.070760089928242e-06
1.310661139962655e-06
1.603991449338314e-06
1.962624862254477e-06
2.401150077233984e-06
2.937074985689100e-06
3.592072481239452e-06
4.392304072234581e-06
5.369788531432303e-06
6.563742303662615e-06
8.021639944998562e-06
9.801550552198099e-06
1.197413884058245e-05
1.462596214590559e-05
1.786057020767662e-05
2.180602740551994e-05
2.661828261847622e-05
3.248624312627564e-05
3.963966614860120e-05
4.835470647989931e-05
5.897576288688950e-05
7.191574225494608e-05
8.767547098051968e-05
1.068620857527474e-04
1.302168512719696e-04
1.586436047606807e-04
1.932124706424223e-04
2.352674041652230e-04
2.864287982940783e-04
3.486117002656793e-04
4.241368965374833e-04
5.159520098817360e-04
6.273540255059244e-04
7.627213009120055e-04
9.268726850314466e-04
1.126137063265451e-03
1.367761178675425e-03
1.660511946610927e-03
2.015184024621116e-03
2.444694231129936e-03
2.964123491342438e-03
3.592313954476983e-03
4.351705964132038e-03
5.268958637029883e-03
6.375042112856238e-03
7.708541466676085e-03
9.314940532682225e-03
1.124747189821373e-02
1.357076339825664e-02
1.635737279349167e-02
1.969703880066805e-02
2.369430591793265e-02
2.846808831444541e-02
3.416078204919297e-02
4.093416821154447e-02
4.897571674026371e-02
5.849606569985233e-02
6.973142286468516e-02
8.295686770091770e-02
9.846017162513850e-02
1.165591790082128e-01
1.375978175595786e-01
1.619067436324736e-01
1.898270674348368e-01
2.217002055148603e-01
2.577521479576248e-01
2.981867210703695e-01
3.430365030355879e-01
3.921717289849363e-01
4.452541556435214e-01
5.016384926346229e-01
5.604474530533019e-01
6.204071298216921e-01
6.800137522143398e-01
7.375891004461852e-01
7.914085780294758e-01
8.399055527454752e-01
8.818616946731743e-01
9.165780965811388e-01
9.439434361907445e-01
9.644048782349647e-01
9.788354442550162e-01
9.883042551877864e-01
9.940235663513010e-01
9.971992322331313e-01
9.988085597683569e-01
9.995449467100117e-01
9.998458219101248e-01
9.999542608920956e-01
9.999883003683062e-01
9.999974643882872e-01
9.999995433685296e-01
9.999999331272621e-01
9.999999922236329e-01
9.999999993005858e-01
9.999999999527587e-01
9.999999999976680e-01
9.999999999999154e-01
1.000000000000000e+00
9.999999999999996e-01
1.000000000000000e+00
1.000000000000000e+00
1.000000000000000e+00
1.000000000000000e+00
1.000000000000000e+00
1.000000000000000e+00
1.000000000000000e+00
###2.800000000000000e+00
1.336807524647983e-10
2.016960047309943e-10
2.528236764069062e-10
3.143916282712575e-10
3.902411764053627e-10
4.837975280106003e-10
5.983580476370768e-10
7.388762424998883e-10
9.113555421327747e-10
1.123143944005671e-09
1.383171186935641e-09
1.702554018254297e-09
2.094711728383170e-09
2.576243602608275e-09
3.167599841668397e-09
3.893464319882948e-09
4.784509134214721e-09
5.878313892596445e-09
7.220878839711484e-09
8.868141749922533e-09
1.089204351170952e-08
1.337003782104871e-08
1.641226393361036e-08
2.014494436731875e-08
2.472190882603473e-08
3.033476390433538e-08
3.721801227958222e-08
4.565672982848844e-08
5.600073316603939e-08
6.867912092561021e-08
8.421780816831767e-08
1.032571201231171e-07
1.265883287784463e-07
1.551615645759590e-07
1.901640068494639e-07
2.330268024120536e-07
2.855124202365396e-07
3.497696290492781e-07
4.284316359252527e-07
5.246826255792298e-07
6.424727325919841e-07
7.865861692875094e-07
9.628757418115617e-07
1.178488002428809e-06
1.442183808701395e-06
1.764521291759611e-06
2.158516596150196e-06
2.640142506216005e-06
3.228577155631582e-06
3.947527843495558e-06
4.825651732199732e-06
5.897928933474293e-06
7.207248924079931e-06
8.805472104481869e-06
1.075604237334238e-05
1.313612979201643e-05
1.604011510970348e-05
1.958089795966446e-05
2.389832447160626e-05
2.916203671408252e-05
3.557771053319434e-05
4.339545811719875e-05
5.291555883412903e-05
6.451253715405191e-05
7.863365334681681e-05
9.582329222304983e-05
1.167391390499690e-04
1.421853757684189e-04
1.731391253659673e-04
2.107576037842900e-04
2.564925593862249e-04
3.120925525223371e-04
3.796250428736550e-04
4.615840611418091e-04
5.611438833558835e-04
6.818411385671236e-04
8.283790005857321e-04
1.005914800058432e-03
1.221224641363701e-03
1.482045923147107e-03
1.797722738355936e-03
2.179730146754059e-03
2.641870423249649e-03
3.200052019669414e-03
3.874261306977903e-03
4.688217433206421e-03
5.670027758852005e-03
6.852246582668346e-03
8.275360095583119e-03
9.987031939571032e-03
1.204280491438576e-02
1.451000460623878e-02
1.746382809183157e-02
2.099717596189264e-02
2.521794199467743e-02
3.024813803815344e-02
3.623359006275496e-02
4.333911586492672e-02
5.175467743133687e-02
6.169348606648773e-02
7.339168891010159e-02
8.712439141256334e-02
1.031760820078045e-01
1.218591393224966e-01
1.435087657304501e-01
1.684416697762855e-01
1.969807274288497e-01
2.294459562316633e-01
2.660324806423781e-01
3.069116674009539e-01
3.520789905004299e-01
4.013674386620532e-01
4.544048434652481e-01
5.105206032427445e-01
5.688263281746329e-01
6.280585252345749e-01
6.867470819379774e-01
7.432737666988914e-01
7.959929585889227e-01
8.434230430472567e-01
8.844226714505871e-01
9.183462721904234e-01
9.451024293798731e-01
9.651273114169094e-01
9.792598570813809e-01
9.885111622409279e-01
9.941104250052288e-01
9.972291367454699e-01
9.988156341675907e-01
9.995450541646574e-01
9.998448046245997e-01
9.999535884138658e-01
9.999880160247079e-01
9.999973740994388e-01
9.999995210370837e-01
9.999999288163728e-01
9.999999915806604e-01
9.999999992280528e-01
9.999999999466483e-01
9.999999999973103e-01
9.999999999999001e-01
9.999999999999992e-01
9.999999999999997e-01
1.000000000000000e+00
1.000000000000000e+00
1.000000000000000e+00
1.000000000000000e+00
1.000000000000000e+00
1.000000000000000e+00
1.000000000000000e+00
###3.000000000000000e+00
1.510918997609717e-10
2.228042640305093e-10
2.793688610371715e-10
3.474795845241212e-10
4.313789760069401e-10
5.348508493081244e-10
6.615280174344718e-10
8.168878201817767e-10
1.007564080083024e-09
1.241656024491939e-09
1.529023873189648e-09
1.881937148494908e-09
2.315201416071047e-09
2.847126457619120e-09
3.500283125943502e-09
4.301864493020731e-09
5.285699651200807e-09
6.493216500082908e-09
7.975132865919359e-09
9.793013796790430e-09
1.202646799099966e-08
1.475993117345913e-08
1.811559109322466e-08
2.223200853629171e-08
2.727878766923252e-08
3.346654626334926e-08
4.105325730995216e-08
5.035269780132826e-08
6.174959915307268e-08
7.571568565068292e-08
9.282916027502461e-08
1.137936781320054e-07
1.394788249797143e-07
1.709279584265818e-07
2.094450896520786e-07
2.566015573114254e-07
3.143315486775423e-07
3.849923060400790e-07
4.714744691342787e-07
5.772664149779746e-07
7.067041569385648e-07
8.650264146501907e-07
1.058647372275186e-06
1.295394268139151e-06
1.584854943471431e-06
1.938595838628578e-06
2.370856101374546e-06
2.899093002226762e-06
3.544291577613905e-06
4.332345008036932e-06
5.294589336091360e-06
6.469173670541462e-06
7.902994055481675e-06
9.652523233309946e-06
1.178702353711061e-05
1.439061551861069e-05
1.756617046175183e-05
2.143627207254191e-05
2.615365862966468e-05
3.190240639005343e-05
3.890625874795914e-05
4.743710142004170e-05
5.782062206470470e-05
7.046352090476299e-05
8.584964007107834e-05
1.045695648935957e-04
1.273346483228492e-04
1.550156816209612e-04
1.886673969547536e-04
2.295392278397944e-04
2.791965384458011e-04
3.395235697689473e-04
4.127477262673068e-04
5.015456154352890e-04
6.093297268599306e-04
7.398878978697632e-04
8.982595690849262e-04
1.089968759322719e-03
1.322245996120166e-03
1.603344240403838e-03
1.943208017535340e-03
2.354021093860440e-03
2.850498746359544e-03
3.449410105981569e-03
4.171920868022373e-03
5.043067607893276e-03
6.092426185795270e-03
7.354197458233701e-03
8.870849836777705e-03
1.069219009867365e-02
1.287613670644240e-02
1.549274381066256e-02
1.861986028668048e-02
2.235347311485002e-02
2.680507027896716e-02
3.209946624577683e-02
3.838593665591847e-02
4.583223498590339e-02
5.463070292940140e-02
6.499686904557776e-02
7.716667293288505e-02
9.141494287974984e-02
1.080226178683715e-01
1.272962932937926e-01
1.495613288491969e-01
1.751228585850100e-01
2.042830364672324e-01
2.373410628021531e-01
2.744620373133991e-01
3.157854739673311e-01
3.612709053212090e-01
4.107155476483677e-01
4.637148754175208e-01
5.195744522283523e-01
5.773954883285610e-01
6.359245098407530e-01
6.937230640645258e-01
7.492285703410364e-01
8.008685821477177e-01
8.472403139281376e-01
8.872748540586289e-01
9.203788088898351e-01
9.464836486322953e-01
9.660217354402096e-01
9.798063906828046e-01
9.888008170188917e-01
9.942485010364295e-01
9.972877338827236e-01
9.988371600299663e-01
9.995516377492349e-01
9.998463407099580e-01
9.999537905459048e-01
9.999879880522551e-01
9.999973469645430e-01
9.999995115224730e-01
9.999999266007625e-01
9.999999912066952e-01
9.999999991818310e-01
9.999999999424565e-01
9.999999999970480e-01
9.999999999998878e-01
9.999999999999987e-01
9.999999999999997e-01
1.000000000000000e+00
1.000000000000000e+00
1.000000000000000e+00
1.000000000000000e+00
1.000000000000000e+00
1.000000000000000e+00
1.000000000000000e+00
###3.200000000000001e+00
1.700800626883221e-10
2.459198258710139e-10
3.084346715573632e-10
3.837050324100966e-10
4.764119484953572e-10
5.907309853451526e-10
7.306613382220489e-10
9.022508040305959e-10
1.112822825466594e-09
1.371295741616588e-09
1.688547797245038e-09
2.078094424082263e-09
2.556269604569454e-09
3.143228358426287e-09
3.863867906783482e-09
4.748108150567112e-09
5.833217046067535e-09
7.164812320649007e-09
8.798743214521011e-09
1.080271050569209e-08
1.326463985687369e-08
1.627660197863645e-08
1.997381351956503e-08
2.450847084533104e-08
3.006679121924685e-08
3.688055122876644e-08
4.523301858362116e-08
5.546915238173020e-08
6.801150419450247e-08
8.337809526285425e-08
1.022037544148417e-07
1.252608794882825e-07
1.535036627866996e-07
1.880766260402021e-07
2.304104190656272e-07
2.822273185897383e-07
3.456479681427651e-07
4.232547893495785e-07
5.182160287496298e-07
6.343501234073157e-07
7.764079516795374e-07
9.501195430369035e-07
1.162504353650578e-06
1.422123376010362e-06
1.739456024563368e-06
2.127153448480252e-06
2.600771723693580e-06
3.179364818564228e-06
3.885865309299216e-06
4.748499748485430e-06
5.801487861400578e-06
7.086393959565209e-06
8.654394737510627e-06
1.056691203395052e-05
1.289943411217640e-05
1.574347496508466e-05
1.921094591782726e-05
2.343511128466658e-05
2.858217556472004e-05
3.485162314653080e-05
4.248649306587882e-05
5.178184375448460e-05
6.309047478702047e-05
7.685330108814785e-05
9.359275534077272e-05
1.139486908207824e-04
1.386895024756910e-04
1.687560657768936e-04
2.052857417734982e-04
2.496248734080266e-04
3.034591643200029e-04
3.688157139229300e-04
4.480900904642519e-04
5.441510105907123e-04
6.606611611183690e-04
8.016714932333448e-04
9.725741560160689e-04
1.179275141784080e-03
1.429480409157350e-03
1.731979855914967e-03
2.097341834149878e-03
2.538487679449301e-03
3.071074341411224e-03
3.712764613629209e-03
4.485939472329606e-03
5.416991333577662e-03
6.536915834732455e-03
7.881860234882890e-03
9.496066321570530e-03
1.143159581693005e-02
1.374878094432647e-02
1.652043450258863e-02
1.982706750171236e-02
2.376776932539828e-02
2.845758569478615e-02
3.402411433088448e-02
4.062000328351490e-02
4.841583691766271e-02
5.760621526127485e-02
6.840873387047185e-02
8.105895937505683e-02
9.583114123183588e-02
1.130023901081371e-01
1.328731895632340e-01
1.557587406900416e-01
1.819525376241742e-01
2.117359015052427e-01
2.453869939836806e-01
2.830416017063214e-01
3.248079297584130e-01
3.706105991934265e-01
4.202123664357453e-01
4.731777470669287e-01
5.287897758771212e-01
5.861398888658481e-01
6.439842935046446e-01
7.009144582159293e-01
7.554197697437350e-01
8.059962853317252e-01
8.513142907029589e-01
8.903741872811116e-01
9.226341841678747e-01
9.480510084866430e-01
9.670590493266716e-01
9.804540858127189e-01
9.891592527331117e-01
9.944294117140113e-01
9.973705196375880e-01
9.988709927189806e-01
9.995637997799491e-01
9.998501071823137e-01
9.999547693695874e-01
9.999881921648576e-01
9.999973783307926e-01
9.999995142070472e-01
9.999999264442265e-01
9.999999911073296e-01
9.999999991637540e-01
9.999999999404271e-01
9.999999999969037e-01
9.999999999998800e-01
9.999999999999984e-01
9.999999999999997e-01
1.000000000000000e+00
1.000000000000000e+00
1.000000000000000e+00
1.000000000000000e+00
1.000000000000000e+00
1.000000000000000e+00
1.000000000000000e+00
###3.400000000000001e+00
1.907758786136883e-10
2.712069214516750e-10
3.402279932233370e-10
4.233242657640023e-10
5.256587062872642e-10
6.518322179424732e-10
8.062439997928970e-10
9.955635731745707e-10
1.227867217359494e-09
1.512975990491908e-09
1.862847384589304e-09
2.292377835060070e-09
2.819564255531642e-09
3.466574469362674e-09
4.260827731172903e-09
5.235204750618714e-09
6.430732583423266e-09
7.897578062899310e-09
9.697166656004605e-09
1.190389035969586e-08
1.461465984343123e-08
1.792997151530002e-08
2.199897692480490e-08
2.698880471915808e-08
3.310367250902803e-08
4.059834202456336e-08
4.978364247685549e-08
6.103794929253780e-08
7.482515302205650e-08
9.171332738783938e-08
1.123986220282781e-07
1.377281962820659e-07
1.687467651875616e-07
2.067093048257635e-07
2.531830540726798e-07
3.100534414392896e-07
3.796425313326002e-07
4.647758162279013e-07
5.689192396389934e-07
6.962540190549098e-07
8.519718525394070e-07
1.042333347787709e-06
1.275011608898422e-06
1.559357233415828e-06
1.906809739321707e-06
2.331186088206275e-06
2.849458205067917e-06
3.482402083074566e-06
4.255026813478237e-06
5.198076959954565e-06
6.348857522142433e-06
7.752604480640594e-06
9.465066546370738e-06
1.155299284780846e-05
1.409847390481870e-05
1.720097342542415e-05
2.098203662496653e-05
2.558639028720177e-05
3.119444861769715e-05
3.802241103799738e-05
4.633359171103930e-05
5.644774015130869e-05
6.874678428063160e-05
8.370734491249497e-05
1.018934084703953e-04
1.239964301964902e-04
1.508463341577661e-04
1.834566384698478e-04
2.230539607735214e-04
2.710851778357391e-04
3.293636043519050e-04
4.000668116030480e-04
4.857670538986376e-04
5.895349770807104e-04
7.152958792034898e-04
8.673760934850711e-04
1.051537421419573e-03
1.274083622230644e-03
1.543217096366103e-03
1.868288162111461e-03
2.260511403735428e-03
2.733575530866859e-03
3.304108920549921e-03
3.990700915310109e-03
4.816984537191565e-03
5.810746723139864e-03
7.004463810590611e-03
8.436207924423074e-03
1.015209461398549e-02
1.220646065556747e-02
1.466208338848106e-02
1.759456324112182e-02
2.108708171716172e-02
2.524184315240467e-02
3.017741530357474e-02
3.602415217668606e-02
4.293799485875279e-02
5.109224892071251e-02
6.068364243170728e-02
7.193159105110476e-02
8.507110556419827e-02
1.003755544529253e-01
1.181179285043684e-01
1.385922651505300e-01
1.621034349851721e-01
1.889327236059328e-01
2.193409399338111e-01
2.535848467319819e-01
2.917715058544388e-01
3.339782991738540e-01
3.800958490641439e-01
4.298536263164350e-01
4.827864443634499e-01
5.381559814647949e-01
5.950444796719532e-01
6.522175699184358e-01
7.082951687667727e-01
7.618155398232282e-01
8.113390443257983e-01
8.556052440324514e-01
8.936807151682229e-01
9.250745712764495e-01
9.497716627797019e-01
9.682133127164255e-01
9.811837074921020e-01
9.895734520683600e-01
9.946451711463337e-01
9.974730897510748e-01
9.989149575050883e-01
9.995805931875537e-01
9.998557436721324e-01
9.999564070534969e-01
9.999885959326200e-01
9.999974608463966e-01
9.999995277649810e-01
9.999999281648438e-01
9.999999912650526e-01
9.999999991728620e-01
9.999999999405635e-01
9.999999999968830e-01
9.999999999998773e-01
9.999999999999984e-01
9.999999999999996e-01
1.000000000000000e+00
1.000000000000000e+00
1.000000000000000e+00
1.000000000000000e+00
1.000000000000000e+00
1.000000000000000e+00
1.000000000000000e+00
###3.600000000000001e+00
2.133190959422562e-10
2.988413135505608e-10
3.749692444873198e-10
4.666119929646141e-10
5.794601982672173e-10
7.185767341239268e-10
8.887962251126282e-10
1.097466196255147e-09
1.353482599812591e-09
1.667652237613210e-09
2.053099801459328e-09
2.526234545602656e-09
3.106849824763718e-09
3.819316169496459e-09
4.693789352192376e-09
5.766367589951278e-09
7.082165152572450e-09
8.696306385325448e-09
1.067622472917085e-08
1.310363193900863e-08
1.608516510138844e-08
1.973046278513979e-08
2.420382527087321e-08
2.968848608291848e-08
3.640833622208723e-08
4.464289526815850e-08
5.473294471658419e-08
6.709299178456947e-08
8.223189126572678e-08
1.007713443085257e-07
1.234743818580662e-07
1.512687704557139e-07
1.852972668188416e-07
2.269341247675381e-07
2.778938541918418e-07
3.402383883043281e-07
4.165072783365685e-07
5.097875910152009e-07
6.238676530643891e-07
7.633198168397618e-07
9.338080003276765e-07
1.142163028221749e-06
1.396766904770594e-06
1.707822506231635e-06
2.087785828693308e-06
2.551744713977569e-06
3.118178255168017e-06
3.809721181197159e-06
4.653603999562651e-06
5.683277157661010e-06
6.939334769994778e-06
8.470978563896388e-06
1.033881800881305e-05
1.261531779681430e-05
1.538961978389111e-05
1.876967182604573e-05
2.288731570158754e-05
2.789949252444278e-05
3.400174325289945e-05
4.142812392213329e-05
5.046347392234179e-05
6.145362494983413e-05
7.481193965525709e-05
9.105246360559870e-05
1.107834224130667e-04
1.347509564128524e-04
1.638494226248148e-04
1.991714673377687e-04
2.420344723626076e-04
2.939937684862614e-04
3.569965385139142e-04
4.333787758099469e-04
5.258982507181147e-04
6.378376468673659e-04
7.733893177166980e-04
9.372033297857401e-04
1.135372250595594e-03
1.374653180501741e-03
1.663757088425148e-03
2.012616481143825e-03
2.433117365902566e-03
2.939745342646708e-03
3.550131005121312e-03
4.283823090370569e-03
5.165744187647310e-03
6.225115031211444e-03
7.495939746736103e-03
9.018234633764038e-03
1.084004838975340e-02
1.301802627713036e-02
1.561742102313952e-02
1.871664847894986e-02
2.240156676348641e-02
2.677750420090637e-02
3.196651487776997e-02
3.810167466705336e-02
4.534213547810687e-02
5.386380897261229e-02
6.386541194500509e-02
7.556793449308893e-02
8.920563199569563e-02
1.050506871666012e-01
1.233716664215207e-01
1.444558193548301e-01
1.685974780077808e-01
1.960651860895618e-01
2.270994579286140e-01
2.619353304003071e-01
3.006516214327984e-01
3.432953210290865e-01
3.897238644657003e-01
4.396344939294967e-01
4.925334620108034e-01
5.476621617053066e-01
6.040942036457010e-01
6.606044824285540e-01
7.158401560494483e-01
7.683858135662834e-01
8.168626757692278e-01
8.600764873872999e-01
8.971575505863705e-01
9.276654900540907e-01
9.516157440525335e-01
9.694607017541986e-01
9.819777273882834e-01
9.900314322230993e-01
9.948883343978934e-01
9.975912551871152e-01
9.989669375508347e-01
9.996010703857927e-01
9.998628776081488e-01
9.999585761808588e-01
9.999891622942778e-01
9.999975854860328e-01
9.999995503983360e-01
9.999999314771171e-01
9.999999916448060e-01
9.999999992059664e-01
9.999999999426576e-01
9.999999999969782e-01
9.999999999998794e-01
9.999999999999986e-01
9.999999999999996e-01
1.000000000000000e+00
1.000000000000000e+00
1.000000000000000e+00
1.000000000000000e+00
1.000000000000000e+00
1.000000000000000e+00
1.000000000000000e+00
###3.800000000000001e+00
2.378601916341972e-10
3.290110151052104e-10
4.128947611107428e-10
5.138621963565225e-10
6.381810369080364e-10
7.914165318510973e-10
9.788742832781927e-10
1.208644329496887e-09
1.490508970066185e-09
1.836352100688504e-09
2.260565969081599e-09
2.781202841621095e-09
3.420011448585621e-09
4.203754645289854e-09
5.165561825449381e-09
6.345035109193628e-09
7.791695275822713e-09
9.566079052050073e-09
1.174212414497231e-08
1.440949434780834e-08
1.768535896879193e-08
2.168922208236284e-08
2.660196171610253e-08
3.262395562581214e-08
4.000091599965262e-08
4.903865634976192e-08
6.011059375485062e-08
7.367035717069171e-08
9.027532109870963e-08
1.106052372982554e-07
1.354954844529351e-07
1.659606736038100e-07
2.032497979146876e-07
2.488661534238113e-07
3.046816405997337e-07
3.729502032502703e-07
4.564464023747483e-07
5.585360438899465e-07
6.833581029153127e-07
8.359030349338924e-07
1.022347468117666e-06
1.250135933635808e-06
1.528402429923337e-06
1.868276849294054e-06
2.283302421980397e-06
2.789934086830147e-06
3.408264916505892e-06
4.162925356554317e-06
5.083526080614906e-06
6.206424119650532e-06
7.575713613960052e-06
9.244858798917243e-06
1.127965870903167e-05
1.375868935274774e-05
1.677864381714689e-05
2.045645855771579e-05
2.493502002882255e-05
3.038425869552176e-05
3.701582394003572e-05
4.508277195784488e-05
5.489283191087859e-05
6.681954397817302e-05
8.130956624339845e-05
9.891671887479483e-05
1.202957563562687e-04
1.462517141882662e-04
1.777460175146440e-04
2.159552359830893e-04
2.622924163760165e-04
3.184274063449710e-04
3.864482944996095e-04
4.688577329312610e-04
5.686081711149438e-04
6.892046749565063e-04
8.351188073826377e-04
1.011343341572157e-03
1.224309927794209e-03
1.481252308414530e-03
1.791411438944222e-03
2.165324282275265e-03
2.615573997479145e-03
3.157473068035062e-03
3.809686077547590e-03
4.592753981501499e-03
5.532927170980330e-03
6.660899897880054e-03
8.012247510548966e-03
9.628960490896997e-03
1.156106920567365e-02
1.386756366896861e-02
1.661620121232891e-02
1.988823951866829e-02
2.377221700709694e-02
2.837659141854756e-02
3.382686674919644e-02
4.025879894827179e-02
4.783466499324938e-02
5.673286155016882e-02
6.715394561588880e-02
7.932023539929926e-02
9.346501514272934e-02
1.098589725487223e-01
1.287659317501442e-01
1.504660037925868e-01
1.752427410571939e-01
2.033514381049106e-01
2.350124432008828e-01
2.704387634374854e-01
3.096813612038206e-01
3.527572162807602e-01
3.994913022107148e-01
4.495495920956592e-01
5.024108274136635e-01
5.572971148997998e-01
6.132740021670189e-01
6.691256003362851e-01
7.235253649120079e-01
7.751021501399002e-01
8.225352546272914e-01
8.646941209265043e-01
9.007708952982386e-01
9.303755307980920e-01
9.535561472837391e-01
9.707795828053545e-01
9.828203250103648e-01
9.905222863267102e-01
9.951520395777896e-01
9.977211194103177e-01
9.990249378541701e-01
9.996243203218562e-01
9.998711422832716e-01
9.999611485648104e-01
9.999898526800647e-01
9.999977424792196e-01
9.999995800600867e-01
9.999999360354256e-01
9.999999922005692e-01
9.999999992583801e-01
9.999999999463538e-01
9.999999999971703e-01
9.999999999998859e-01
9.999999999999988e-01
9.999999999999996e-01
1.000000000000000e+00
1.000000000000000e+00
1.000000000000000e+00
1.000000000000000e+00
1.000000000000000e+00
1.000000000000000e+00
1.000000000000000e+00
###4.000000000000001e+00
2.645581077108356e-10
3.619169798150196e-10
4.542571799735057e-10
5.653891017282330e-10
7.022109175572218e-10
8.708327375336680e-10
1.077072828562863e-09
1.329835108708465e-09
1.639843607872403e-09
2.020175459756832e-09
2.486592238474424e-09
3.058929553827020e-09
3.761061038610133e-09
4.622346593436971e-09
5.679143379434341e-09
6.974855567035871e-09
8.563792415790730e-09
1.051232362236957e-08
1.290147883198112e-08
1.582953385753358e-08
1.942504342714809e-08
2.381821767784492e-08
2.920787674194712e-08
3.581298034614511e-08
4.390287141431462e-08
5.381162143362326e-08
6.594815519359018e-08
8.080845134923454e-08
9.900189410458321e-08
1.212716189048238e-07
1.485305136103744e-07
1.818867602845623e-07
2.227048290663943e-07
2.726263650800547e-07
3.336935787942257e-07
4.083671444576705e-07
4.996741301785242e-07
6.112824169815860e-07
7.477051723784944e-07
9.143847677358310e-07
1.118049239005736e-06
1.366802931233076e-06
1.670587156131514e-06
2.041524531003311e-06
2.494326243800755e-06
3.046922236888766e-06
3.721124655974351e-06
4.543706409608244e-06
5.546826804703608e-06
6.769953927820392e-06
8.260927257380207e-06
1.007776419408543e-05
1.229181649147478e-05
1.498816214333466e-05
1.827157449587015e-05
2.226857131854777e-05
2.713379997518632e-05
3.305101823453951e-05
4.024901503221481e-05
4.900111217978730e-05
5.963915960670328e-05
7.256630686784966e-05
8.826412861541016e-05
1.073294664984489e-04
1.304655121595172e-04
1.585399212197053e-04
1.925848697629684e-04
2.338654136943119e-04
2.838957258707763e-04
3.444660993090639e-04
4.178129594001401e-04
5.066138085520319e-04
6.140263122309107e-04
7.437874032144741e-04
9.006629125149681e-04
1.090000310174342e-03
1.318590198182515e-03
1.594159209010145e-03
1.926502191454375e-03
2.326783432540017e-03
2.808309488818474e-03
3.387250213535167e-03
4.083336893248037e-03
4.918135520810200e-03
5.919263193113206e-03
7.118927791281362e-03
8.554318761277980e-03
1.026943206272919e-02
1.231632663678822e-02
1.475637310268881e-02
1.765986143404420e-02
2.111091596808898e-02
2.520075647319710e-02
3.004097177682722e-02
3.576047799911427e-02
4.249766199789508e-02
5.041783586126593e-02
5.970175366825091e-02
7.055165463616291e-02
8.319093641782184e-02
9.785179921573581e-02
1.148027644298437e-01
1.343029382634656e-01
1.566248134247982e-01
1.820408911604659e-01
2.107927283365249e-01
2.430805585729785e-01
2.790950707527624e-01
3.188596809367305e-01
3.623616960165263e-01
4.093942810763830e-01
4.595930204663638e-01
5.124101244972075e-01
5.670493656997542e-01
6.225688231274150e-01
6.777619006404362e-01
7.313276646794779e-01
7.819376200107312e-01
8.283269414625062e-01
8.694268100314628e-01
9.044898586326685e-01
9.331761170022880e-01
9.555683390705016e-01
9.721504537280815e-01
9.836971627930509e-01
9.910361795384885e-01
9.954300646847787e-01
9.978591279133145e-01
9.990871224028747e-01
9.996494953058787e-01
9.998801920671350e-01
9.999640012280733e-01
9.999906294315584e-01
9.999979220863434e-01
9.999996146593542e-01
9.999999414740326e-01
9.999999928817266e-01
9.999999993246730e-01
9.999999999512172e-01
9.999999999974333e-01
9.999999999998955e-01
9.999999999999991e-01
9.999999999999994e-01
1.000000000000000e+00
1.000000000000000e+00
1.000000000000000e+00
1.000000000000000e+00
1.000000000000000e+00
1.000000000000000e+00
1.000000000000000e+00
###4.200000000000001e+00
2.935831824725670e-10
3.977743553979509e-10
4.993263885214104e-10
6.215284017236549e-10
7.719660617550131e-10
9.573403075119229e-10
1.184027625986133e-09
1.461804851707956e-09
1.802444374808644e-09
2.220296256298065e-09
2.732615335449219e-09
3.361171039178991e-09
4.132144625236027e-09
5.077711841086974e-09
6.237730562357363e-09
7.659724506472837e-09
9.403195799683212e-09
1.154082563920531e-08
1.416133295986600e-08
1.737231419891278e-08
2.131465214084725e-08
2.613013169325164e-08
3.203698634315551e-08
3.927433707499520e-08
4.813688074273203e-08
5.898942095441720e-08
7.227916846758327e-08
8.854784158988702e-08
1.084609738609319e-07
1.328301443726415e-07
1.626517151789988e-07
1.991349256125106e-07
2.437691564612951e-07
2.983436339620705e-07
3.650857739045801e-07
4.466785389080133e-07
5.464185663391700e-07
6.683022268530497e-07
8.172418764362362e-07
9.991674670417648e-07
1.221398618656817e-06
1.492748753879683e-06
1.824030242693875e-06
2.228416158464497e-06
2.721887486604867e-06
3.323942329017129e-06
4.058251720163938e-06
4.953850826101479e-06
6.045649383543582e-06
7.376440199936336e-06
8.998068411664631e-06
1.097339841868866e-05
1.337976201585406e-05
1.630905089638264e-05
1.987477064137781e-05
2.421361217865873e-05
2.949273685079784e-05
3.591060959643084e-05
4.371424151598165e-05
5.319848396898725e-05
6.472080076685760e-05
7.871569986066177e-05
9.570152303231880e-05
1.163213060792835e-04
1.413291390411341e-04
1.716586377452614e-04
2.084168752030073e-04
2.529620873987715e-04
3.069152310673736e-04
3.721932121830179e-04
4.511884919790079e-04
5.467606829162921e-04
6.622873178324112e-04
8.017434981998572e-04
9.702053062056189e-04
1.173388258769169e-03
1.418461309408141e-03
1.713680943670085e-03
2.069362868861292e-03
2.497378593373941e-03
3.011766345568387e-03
3.629584235295316e-03
4.371663878934195e-03
5.260629121842895e-03
6.325503296934789e-03
7.600048365832516e-03
9.123110206768800e-03
1.094072261064959e-02
1.310701843228703e-02
1.568578417319349e-02
1.874986915645258e-02
2.238628742774140e-02
2.668893828947641e-02
3.177253943257394e-02
3.776937932481442e-02
4.482041919090966e-02
5.309391146544309e-02
6.277283330558348e-02
7.406093838900701e-02
8.718245584448064e-02
1.023687807873815e-01
1.198843459194815e-01
1.399847854372038e-01
1.629340850540990e-01
1.889933879982882e-01
2.183900388544130e-01
2.513041406436631e-01
2.879037856232755e-01
3.281850854636871e-01
3.721059730964698e-01
4.194284009384021e-01
4.697583789485903e-01
5.225225201814402e-01
5.769071889051869e-01
6.319636335461144e-01
6.864947580573059e-01
7.392248018774036e-01
7.888667096484309e-01
8.342098374321871e-01
8.742455967689122e-01
9.082863045314729e-01
9.360413102744505e-01
9.576301883576559e-01
9.735558250514079e-01
9.845954957476321e-01
9.915643442450446e-01
9.957169205076158e-01
9.980021007801734e-01
9.991518415663702e-01
9.996758294657144e-01
9.998897127742776e-01
9.999670214402296e-01
9.999914577043740e-01
9.999981151738959e-01
9.999996522062621e-01
9.999999474394441e-01
9.999999936383004e-01
9.999999993993663e-01
9.999999999567938e-01
9.999999999977401e-01
9.999999999999073e-01
9.999999999999994e-01
9.999999999999994e-01
1.000000000000000e+00
1.000000000000000e+00
1.000000000000000e+00
1.000000000000000e+00
1.000000000000000e+00
1.000000000000000e+00
1.000000000000000e+00
###4.400000000000001e+00
3.251175146389573e-10
4.368119645331135e-10
5.483905615507453e-10
6.826385881074413e-10
8.478907797929451e-10
1.051488915398524e-09
1.300414774119708e-09
1.605391408495415e-09
1.979333234195821e-09
2.437966783533042e-09
3.000167578642265e-09
3.689800245363318e-09
4.535550037303134e-09
5.572642699050605e-09
6.844729539199736e-09
8.403793984745871e-09
1.031496149992210e-08
1.265774530911028e-08
1.552918495837142e-08
1.904696287067022e-08
2.336528569313380e-08
2.863848041542385e-08
3.510568387776529e-08
4.302816611430702e-08
5.272712745930854e-08
6.460141509297466e-08
7.913925233770967e-08
9.693176576333702e-08
1.187049491306563e-07
1.453442672375213e-07
1.779360303003194e-07
2.177983590648758e-07
2.665551382923915e-07
3.261545088567645e-07
3.990239483966619e-07
4.880832000718494e-07
5.969211376859450e-07
7.298864642860159e-07
8.923208841208663e-07
1.090677222055012e-06
1.332908501361885e-06
1.628591885053163e-06
1.989472532870300e-06
2.429849685097159e-06
2.967071982198114e-06
3.622296949476019e-06
4.421200986991817e-06
5.395248961065646e-06
6.582268670842786e-06
8.028593046516939e-06
9.790404477094094e-06
1.193565982195317e-05
1.454811743757378e-05
1.772695185196056e-05
2.159491180871138e-05
2.629956277535553e-05
3.202136069721804e-05
3.897440096636068e-05
4.742505271622880e-05
5.769100826325569e-05
7.015701101669435e-05
8.529052863317415e-05
1.036490825652552e-04
1.259239525796422e-04
1.529246450217667e-04
1.856528288455588e-04
2.252951497218147e-04
2.733079267078720e-04
3.314247615852570e-04
4.016955853746137e-04
4.866768769525846e-04
5.894197279001006e-04
7.135311773595189e-04
8.632365139900286e-04
1.043937236420069e-03
1.261729197236083e-03
1.524181461385057e-03
1.840100091820986e-03
2.220338672662393e-03
2.677507480931406e-03
3.226401657831393e-03
3.884998815031924e-03
4.675249584482756e-03
5.620915941880070e-03
6.752420101203869e-03
8.105134744925468e-03
9.719625420895958e-03
1.164393222851315e-02
1.393437033485430e-02
1.665715536203925e-02
1.988772106322704e-02
2.371599229775730e-02
2.823854296328440e-02
3.357321331067843e-02
3.985562176703158e-02
4.722923987645325e-02
5.586516019702903e-02
6.594844115619757e-02
7.768417307364878e-02
9.129716424076756e-02
1.070176599690701e-01
1.251058932827764e-01
1.458134362144116e-01
1.693954765134360e-01
1.961014655321475e-01
2.261440693056542e-01
2.596831866936793e-01
2.968640410507642e-01
3.376556252982877e-01
3.819867653022960e-01
4.295887546085559e-01
4.800387843670001e-01
5.327387848343389e-01
5.868586288897082e-01
6.414434298912400e-01
6.953059353301212e-01
7.471953583231281e-01
7.958652371828498e-01
8.401578539324673e-01
8.791237223952728e-01
9.121339557148075e-01
9.389475939676454e-01
9.597217997074977e-01
9.749800951833696e-01
9.855040507088626e-01
9.920990489114065e-01
9.960077320538528e-01
9.981472532706386e-01
9.992176464480743e-01
9.997026511867244e-01
9.998994280190372e-01
9.999701098358359e-01
9.999923066816039e-01
9.999983136379008e-01
9.999996909248031e-01
9.999999536144784e-01
9.999999944250021e-01
9.999999994774451e-01
9.999999999626628e-01
9.999999999980649e-01
9.999999999999201e-01
9.999999999999998e-01
9.999999999999994e-01
1.000000000000000e+00
1.000000000000000e+00
1.000000000000000e+00
1.000000000000000e+00
1.000000000000000e+00
1.000000000000000e+00
1.000000000000000e+00
###4.600000000000001e+00
3.593553565297215e-10
4.792743568756194e-10
6.017572228870718e-10
7.491017934628473e-10
9.304592071218322e-10
1.153865018601442e-09
1.426956944761854e-09
1.761484369346426e-09
2.171602059034856e-09
2.674522223499755e-09
3.290882382425244e-09
4.046813044952620e-09
4.973714964035466e-09
6.110113696923401e-09
7.503767890561220e-09
9.211484876365383e-09
1.130447426887600e-08
1.386963834179300e-08
1.701301265808761e-08
2.086319733677502e-08
2.558874761553094e-08
3.135771352276064e-08
3.843139098768552e-08
4.709535547827847e-08
5.769929537921525e-08
7.067876396623085e-08
8.656621364258390e-08
1.060060460038530e-07
1.297893920453703e-07
1.588813241777390e-07
1.944650202545915e-07
2.379758138917333e-07
2.911823000881375e-07
3.562035892998753e-07
4.356822280648734e-07
5.327925048490461e-07
6.514372496570686e-07
7.963434743577741e-07
9.733162024602868e-07
1.189367057594172e-06
1.453120711554649e-06
1.774985378488703e-06
2.167700789442893e-06
2.646772478489964e-06
3.231014717608187e-06
3.943363937366105e-06
4.811618581938610e-06
5.869866725263425e-06
7.159047059939351e-06
8.729285813384916e-06
1.064133304137558e-05
1.296865298305069e-05
1.580178777112722e-05
1.924777303676927e-05
2.343907853884688e-05
2.853480513696655e-05
3.472967449710726e-05
4.225431892388826e-05
5.139564565207720e-05
6.249558168842717e-05
7.596778953336483e-05
9.231465098000926e-05
1.121351078058778e-04
1.361714563897841e-04
1.652917256415742e-04
2.005694233820934e-04
2.432750941269137e-04
2.949682542663861e-04
3.575012226084085e-04
4.330636163632274e-04
5.243842087378509e-04
6.347152437034519e-04
7.679033079919913e-04
9.284362074953491e-04
1.122055496707617e-03
1.355248951350213e-03
1.636017461780541e-03
1.973722343645877e-03
2.379786080891336e-03
2.867580615886348e-03
3.452686751233548e-03
4.154032866710655e-03
4.994649841420471e-03
5.999695359549303e-03
7.200807079804520e-03
8.635082799792632e-03
1.034485235395456e-02
1.238018709714841e-02
1.479963531412242e-02
1.767187311497440e-02
2.107494192991490e-02
2.510169636731741e-02
2.985137662273960e-02
3.544493489029422e-02
4.202127397853490e-02
4.972630402627622e-02
5.873385138582836e-02
6.923090582832994e-02
8.142370610175810e-02
9.553737941539171e-02
1.118006746568001e-01
1.304694704759723e-01
1.517907085562004e-01
1.760104579393827e-01
2.033661230462109e-01
2.340552293477150e-01
2.682173488682429e-01
3.059745675471819e-01
3.472688989971378e-01
3.920003034370603e-01
4.398699285059967e-01
4.904268906453731e-01
5.430493163798864e-01
5.968915227835728e-01
6.509932530521252e-01
7.041773286040034e-01
7.552187203848183e-01
8.029102845045148e-01
8.461466054930729e-01
8.840364858944892e-01
9.160091902432722e-01
9.418737471093693e-01
9.618253697399874e-01
9.764094485124237e-01
9.864129359105848e-01
9.926335563613721e-01
9.962982756176304e-01
9.982921642407514e-01
9.992832928375203e-01
9.997293846598427e-01
9.999091025765818e-01
9.999731820928928e-01
9.999931502732999e-01
9.999985106413531e-01
9.999997293201591e-01
9.999999597322893e-01
9.999999952038704e-01
9.999999995546964e-01
9.999999999684711e-01
9.999999999983856e-01
9.999999999999328e-01
1.000000000000000e+00
9.999999999999994e-01
1.000000000000000e+00
1.000000000000000e+00
1.000000000000000e+00
1.000000000000000e+00
1.000000000000000e+00
1.000000000000000e+00
1.000000000000000e+00
###4.800000000000002e+00
3.965035877737990e-10
5.254224354001100e-10
6.597543562874911e-10
8.213259626639638e-10
1.020178095325048e-09
1.265093916000783e-09
1.564424583589242e-09
1.931030576925732e-09
2.380410671608753e-09
2.931385286249684e-09
3.606499917890550e-09
4.434336141631647e-09
5.449235286364233e-09
6.693291647633494e-09
8.218706800370975e-09
1.008750158966227e-08
1.237746275245988e-08
1.518347730192861e-08
1.862129888769122e-08
2.283131741595805e-08
2.799758180710962e-08
3.430293535647614e-08
4.203261018904742e-08
5.149837015802651e-08
6.308064668947875e-08
7.725453836461821e-08
9.460015993308400e-08
1.158192972557146e-07
1.417732202544632e-07
1.735126831448887e-07
2.123250994022085e-07
2.597718854823298e-07
3.177771982483716e-07
3.886439256228638e-07
4.752456353867967e-07
5.810300241719444e-07
7.102369281705819e-07
8.679992604992418e-07
1.060618451226278e-06
1.295703782788277e-06
1.582607244897217e-06
1.932618428859083e-06
2.359544993772041e-06
2.880183510563144e-06
3.514913611997100e-06
4.288579070201716e-06
5.231240493535460e-06
6.379788702150718e-06
7.778482733090288e-06
9.481499811252698e-06
1.155444946457982e-05
1.407667191913598e-05
1.714592563990696e-05
2.087761970986225e-05
2.541457382514006e-05
3.092814797658922e-05
3.762818639279799e-05
4.576288709409538e-05
5.564090437890631e-05
6.763010526997662e-05
8.217415832746640e-05
9.981301880982208e-05
1.211891828855030e-04
1.470988566597782e-04
1.784718299398704e-04
2.164576546985135e-04
2.624144828745242e-04
3.180109381542954e-04
3.852247091514572e-04
4.663913890538700e-04
5.644208322054173e-04
6.827764139849529e-04
8.255526216281915e-04
9.975187246586590e-04
1.204764914329588e-03
1.454190204654849e-03
1.754245491082276e-03
2.114867300261958e-03
2.548073667099514e-03
3.068022117556071e-03
3.691108169635282e-03
4.437242601059786e-03
5.330577736887932e-03
6.397687793605081e-03
7.671479892671698e-03
9.190812027507668e-03
1.099981844618452e-02
1.315063967159619e-02
1.570409384785070e-02
1.873135193940823e-02
2.231308450397543e-02
2.654509241446778e-02
3.152927026468972e-02
3.738966704221416e-02
4.426842060996429e-02
5.231380009861340e-02
6.170225267117144e-02
7.262254085971764e-02
8.528185287831710e-02
9.990536585326944e-02
1.167199816796600e-01
1.359770303792746e-01
1.579182713537124e-01
1.827803069914387e-01
2.107881197076118e-01
2.421236343084348e-01
2.769059313842960e-01
3.152336936654231e-01
3.570220578923570e-01
4.021423413866046e-01
4.502660361920990e-01
5.009149095472260e-01
5.534441628774818e-01
6.069935196033658e-01
6.605981856475461e-01
7.130906701247827e-01
7.632750134486245e-01
8.099801222674829e-01
8.521532535599443e-01
8.889611136384317e-01
9.198904934974410e-01
9.448007193761491e-01
9.639250566456166e-01
9.778317126580020e-01
9.873135611895654e-01
9.931620733510814e-01
9.965849519540712e-01
9.984347963865299e-01
9.993477384198307e-01
9.997555530670901e-01
9.999185431442824e-01
9.999761694676651e-01
9.999939675116720e-01
9.999987007182268e-01
9.999997662084888e-01
9.999999655837557e-01
9.999999959453775e-01
9.999999996278869e-01
9.999999999739475e-01
9.999999999986852e-01
9.999999999999448e-01
1.000000000000000e+00
9.999999999999996e-01
1.000000000000000e+00
1.000000000000000e+00
1.000000000000000e+00
1.000000000000000e+00
1.000000000000000e+00
1.000000000000000e+00
1.000000000000000e+00
###5.000000000000002e+00
4.367819359204473e-10
5.755343094695491e-10
7.227315842397051e-10
8.997458368473263e-10
1.117585505055032e-09
1.385842047865878e-09
1.713638654146049e-09
2.115038805958818e-09
2.606996111678947e-09
3.210071258299892e-09
3.948873150967386e-09
4.854633138382990e-09
5.964873967074044e-09
7.325546438628434e-09
8.993654081616745e-09
1.103684781136296e-08
1.354001849448966e-08
1.660667454597820e-08
2.036305901931547e-08
2.496226743094808e-08
3.060511309164596e-08
3.749032446525242e-08
4.592898386521219e-08
5.626105285788053e-08
6.890010719094536e-08
8.436381833547477e-08
1.032836209590201e-07
1.264230612189676e-07
1.547188712341619e-07
1.893139515758507e-07
2.316077916898369e-07
2.832973118834335e-07
3.464737825343488e-07
4.236374442115207e-07
5.179098575911281e-07
6.330321325015821e-07
7.736055671345335e-07
9.451985095239022e-07
1.154643620460651e-06
1.410190542342220e-06
1.721971709765567e-06
2.102218096527722e-06
2.565880396006934e-06
3.131135834460979e-06
3.820036891636433e-06
4.659464140947729e-06
5.681894426243384e-06
6.927208723730989e-06
8.443207234916597e-06
1.028838522361924e-05
1.253355923985212e-05
1.526423973852552e-05
1.858594150009909e-05
2.262295852256504e-05
2.752910680986876e-05
3.348877812201831e-05
4.072784781434430e-05
4.951314767785464e-05
6.017644372795913e-05
7.311290951867263e-05
8.879810825807964e-05
1.078117412596317e-04
1.308422211952729e-04
1.587427464117489e-04
1.925082205169061e-04
2.333683701126398e-04
2.827738753188049e-04
3.425062891683855e-04
4.146786103005468e-04
5.017768037673103e-04
6.069014952820486e-04
7.337374905903277e-04
8.866378572634882e-04
1.070666894940232e-03
1.292278845757841e-03
1.558804176513509e-03
1.879151663708803e-03
2.263865664401698e-03
2.725582489984162e-03
3.279270084484942e-03
3.942168058335124e-03
4.735201823165555e-03
5.683686238353371e-03
6.815636667562524e-03
8.165278855399700e-03
9.773266087727144e-03
1.168558112576702e-02
1.395646917256508e-02
1.664905401030587e-02
1.983703425955485e-02
2.360372905753700e-02
2.804789941721091e-02
3.327407856587977e-02
3.940939232462129e-02
4.659916002895111e-02
5.499392208467545e-02
6.477262628170188e-02
7.612564015284110e-02
8.926089131981002e-02
1.044033282887225e-01
1.217776497095229e-01
1.416304067082634e-01
1.641976359693547e-01
1.897061003513828e-01
2.183679664638980e-01
2.503490986787805e-01
2.857478862151624e-01
3.246393454740140e-01
3.669118103541729e-01
4.124081663874863e-01
4.607707279998264e-01
5.114946331409072e-01
5.639130442479396e-01
6.171510290029725e-01
6.702433910166027e-01
7.220302045815580e-01
7.713454126052549e-01
8.170541907371450e-01
8.581564002387250e-01
8.938766552926664e-01
9.237583340086288e-01
9.477112311777494e-01
9.660068459289438e-01
9.792362847827053e-01
9.881985534950689e-01
9.936796927017360e-01
9.968647489932863e-01
9.985734700780653e-01
9.994101342636738e-01
9.997807729921155e-01
9.999275954625134e-01
9.999790184334568e-01
9.999947422768093e-01
9.999988797596926e-01
9.999998007171071e-01
9.999999710177201e-01
9.999999966286385e-01
9.999999996947754e-01
9.999999999789096e-01
9.999999999989562e-01
9.999999999999555e-01
1.000000000000001e+00
9.999999999999996e-01
1.000000000000000e+00
1.000000000000000e+00
1.000000000000000e+00
1.000000000000000e+00
1.000000000000000e+00
1.000000000000000e+00
1.000000000000000e+00
###5.200000000000002e+00
4.804267554149629e-10
6.299062963470142e-10
7.910614111107502e-10
9.848245562865968e-10
1.223255308492245e-09
1.516819303667098e-09
1.875473529779050e-09
2.314583309508986e-09
2.852675940136272e-09
3.512193179781762e-09
4.319974234327469e-09
5.310112739308952e-09
6.523570450436323e-09
8.010462395325379e-09
9.832977943513794e-09
1.206484311393344e-08
1.479861605121359e-08
1.814710649419156e-08
2.224787043055919e-08
2.726770070706542e-08
3.342548908824390e-08
4.093705397399266e-08
5.014135626681373e-08
6.140869781686942e-08
7.518835482681402e-08
9.204379791496249e-08
1.126616759337569e-07
1.378719527338765e-07
1.686924844390240e-07
2.063651952894284e-07
2.524099933365187e-07
3.086692852349184e-07
3.774137504310304e-07
4.613554008635424e-07
5.638817841161516e-07
6.890486515772191e-07
8.418447060573990e-07
1.028306066185038e-06
1.255831506310081e-06
1.533356558587625e-06
1.871850958661890e-06
2.284551138631263e-06
2.787629678023715e-06
3.400739169650171e-06
4.147729723303204e-06
5.057621536826716e-06
6.165504036684536e-06
7.514434818315733e-06
9.155987908268836e-06
1.115325802088282e-05
1.358260920638127e-05
1.653611367381041e-05
2.012751487848512e-05
2.449057442509007e-05
2.979077670717114e-05
3.622635490574711e-05
4.404016954891201e-05
5.351880459795328e-05
6.501850745462543e-05
7.896332235491747e-05
9.586289675024073e-05
1.163381630643759e-04
1.411265128008340e-04
1.711413261483813e-04
2.074460334656102e-04
2.513547823982574e-04
3.044157450803823e-04
3.685306725960308e-04
4.459497335331138e-04
5.393216959244326e-04
6.519454781879622e-04
7.877379472095099e-04
9.513222545983050e-04
1.148070380399126e-03
1.384817763178919e-03
1.669342320464488e-03
2.011032017266189e-03
2.421059339052034e-03
2.912706189913295e-03
3.501776666663764e-03
4.206384176726404e-03
5.048501579288798e-03
6.054647299986512e-03
7.254302764385059e-03
8.683062632452302e-03
1.038341251791970e-02
1.240322308811792e-02
1.479888118772505e-02
1.763585092256178e-02
2.099038966171794e-02
2.494848237198507e-02
2.961186120277347e-02
3.508767810890608e-02
4.150611072758615e-02
4.901560149042899e-02
5.776886600536732e-02
6.794722475746699e-02
7.974247288173686e-02
9.336305585040229e-02
1.090334048066628e-01
1.269756516988035e-01
1.474313055762539e-01
1.706301363984168e-01
1.967887050503687e-01
2.261059179250635e-01
2.587311297170949e-01
2.947418091004691e-01
3.341890465219426e-01
3.769344269692720e-01
4.227926103683197e-01
4.713772096415744e-01
5.221574596316385e-01
5.744453935728565e-01
6.273525176894199e-01
6.799141548444555e-01
7.309792270886809e-01
7.794124076380815e-01
8.241131098498192e-01
8.641365531713533e-01
8.987639188647376e-01
9.275950636153791e-01
9.505900309716007e-01
9.680584422225752e-01
9.806140185065872e-01
9.890616586252402e-01
9.941823334478348e-01
9.971352093136654e-01
9.987068368690402e-01
9.994698122091694e-01
9.998047488861804e-01
9.999361443249850e-01
9.999816896921007e-01
9.999954630829140e-01
9.999990449234695e-01
9.999998322627021e-01
9.999999759368082e-01
9.999999972407664e-01
9.999999997540364e-01
9.999999999832558e-01
9.999999999991901e-01
9.999999999999646e-01
1.000000000000001e+00
9.999999999999996e-01
1.000000000000000e+00
1.000000000000000e+00
1.000000000000000e+00
1.000000000000000e+00
1.000000000000000e+00
1.000000000000000e+00
1.000000000000000e+00
###5.400000000000002e+00
5.276884555475161e-10
6.888539621564851e-10
8.651405277464292e-10
1.077055296215164e-09
1.337798788238468e-09
1.658781407655747e-09
2.050860005631471e-09
2.530807465541433e-09
3.118851677979556e-09
3.839467322053484e-09
4.721901141722017e-09
5.803336787657478e-09
7.128450392028068e-09
8.751850077959984e-09
1.074132125110787e-08
1.317714023229648e-08
1.616013377555636e-08
1.981313870838490e-08
2.428590271174398e-08
2.975997376748794e-08
3.647372372191144e-08
4.466134425600371e-08
5.469183658646614e-08
6.696812673416892e-08
8.197791080075170e-08
1.003338944169297e-07
1.227820845445253e-07
1.502238167323972e-07
1.837640898596099e-07
2.247511632745959e-07
2.748342190642840e-07
3.360117741926044e-07
4.107469305982065e-07
5.019788408618387e-07
6.133808603550704e-07
7.493435011156604e-07
9.152727808278578e-07
1.117704684700265e-06
1.364649617421153e-06
1.665759583909830e-06
2.032916581119692e-06
2.480425835990684e-06
3.025765112575317e-06
3.690162396804676e-06
4.499387703018496e-06
5.484737787717985e-06
6.684093112511782e-06
8.143894148469287e-06
9.919733703666478e-06
1.207960221920744e-05
1.470576394574296e-05
1.789730631383476e-05
2.177660576906163e-05
2.648758390397558e-05
3.220807445913837e-05
3.915101734460807e-05
4.757722928096338e-05
5.779423091943883e-05
7.018415043587913e-05
8.520160208868207e-05
1.033923228147924e-04
1.254206558090224e-04
1.520757715321608e-04
1.843344598298108e-04
2.233325533205721e-04
2.704725864849679e-04
3.274054215900245e-04
3.961597291782356e-04
4.791275681807483e-04
5.791319348124015e-04
6.996753800041512e-04
8.449225849762529e-04
1.019774717848997e-03
1.229925805587482e-03
1.482610046949735e-03
1.786069438227147e-03
2.150192711184617e-03
2.586801626988628e-03
3.109851184333710e-03
3.736008196264377e-03
4.484275143362344e-03
5.377755707104213e-03
6.444151957480175e-03
7.714468764985607e-03
9.225713685616090e-03
1.102224266359828e-02
1.315385215713753e-02
1.567910740495841e-02
1.866584631319467e-02
2.219291422866820e-02
2.634897678539563e-02
3.123874514044134e-02
3.697196565077719e-02
4.368183741315193e-02
5.151986227494854e-02
6.064082635269052e-02
7.122828661593890e-02
8.347527829123948e-02
9.759053127364492e-02
1.137976597522006e-01
1.323158570363195e-01
1.533812962678723e-01
1.772169044648881e-01
2.040287685935733e-01
2.340019639837566e-01
2.672689210122608e-01
3.038859359058629e-01
3.438799184151035e-01
3.870857463361023e-01
4.332900625142825e-01
4.820782626879501e-01
5.328944220201329e-01
5.850303920004402e-01
6.375854634547907e-01
6.895959253024549e-01
7.399214621681438e-01
7.874571369042677e-01
8.311385631807462e-01
8.700753412195156e-01
9.036053547307972e-01
9.313847980401609e-01
9.534236138739240e-01
9.700691493829819e-01
9.819571203918955e-01
9.898976476734516e-01
9.946666731657366e-01
9.973943773376935e-01
9.988338519626538e-01
9.995262691026049e-01
9.998272652433162e-01
9.999441087497741e-01
9.999841567780205e-01
9.999961225783687e-01
9.999991944916282e-01
9.999998605155975e-01
9.999999802904397e-01
9.999999977756950e-01
9.999999998051253e-01
9.999999999869497e-01
9.999999999993858e-01
9.999999999999721e-01
1.000000000000001e+00
9.999999999999996e-01
1.000000000000000e+00
1.000000000000000e+00
1.000000000000000e+00
1.000000000000000e+00
1.000000000000000e+00
1.000000000000000e+00
1.000000000000000e+00
###5.600000000000002e+00
5.788334914814835e-10
7.527131725283873e-10
9.453911560817809e-10
1.176962838842515e-09
1.461866481611706e-09
1.812532569369910e-09
2.240788435996490e-09
2.764927638921853e-09
3.407002324638951e-09
4.193718871470468e-09
5.156884578510495e-09
6.337028685906873e-09
7.782835899562526e-09
9.553758607343537e-09
1.172361646117876e-08
1.437974302798777e-08
1.763187549981261e-08
2.161365204463360e-08
2.648794912199811e-08
3.245219753074526e-08
3.976574341997997e-08
4.868251772833004e-08
5.960386490337694e-08
7.296776790998760e-08
8.930323454833055e-08
1.092758623356876e-07
1.336954234881643e-07
1.635398918274760e-07
2.000078037137887e-07
2.445615222074638e-07
2.989889043876942e-07
3.654558605775457e-07
4.466317341410394e-07
5.456990758562650e-07
6.666412856279738e-07
8.141954005021249e-07
9.942259324187907e-07
1.213799613346365e-06
1.481580697219634e-06
1.807987703007639e-06
2.205876456507259e-06
2.690693830338710e-06
3.281310742666264e-06
4.000636189695571e-06
4.876486720778066e-06
5.942587106203934e-06
7.239789886292146e-06
8.818138100550329e-06
1.073750120891128e-05
1.307107711480810e-05
1.590740137024139e-05
1.935301540752135e-05
2.353946580847880e-05
2.862144869958541e-05
3.478989947908826e-05
4.227343389154674e-05
5.135173303021841e-05
6.235454337474309e-05
7.569138034496099e-05
9.184892603895783e-05
1.114114425701167e-04
1.350890301408250e-04
1.637251837772648e-04
1.983637306857534e-04
2.402166749098650e-04
2.907802690823697e-04
3.518112131813665e-04
4.254724925411516e-04
5.143067637965631e-04
6.213164794934477e-04
7.502210814020466e-04
9.054416835876569e-04
1.092170427044135e-03
1.316436954566174e-03
1.585892224287335e-03
1.909259559511065e-03
2.296950332111780e-03
2.761457547063958e-03
3.317435249407902e-03
3.982444947385281e-03
4.776403455490211e-03
5.723611163137594e-03
6.852921268266929e-03
8.196938900109023e-03
9.794137653385030e-03
1.169077198188020e-02
1.393860143322095e-02
1.659840559103905e-02
1.974042829212604e-02
2.344613006110007e-02
2.780686940567224e-02
3.293034098166946e-02
3.892885651535321e-02
4.593860057756994e-02
5.411406493700979e-02
6.361199265973048e-02
7.461803215091629e-02
8.732626070089040e-02
1.019454469405384e-01
1.186980771610962e-01
1.378000245537821e-01
1.594818045271822e-01
1.839589846039267e-01
2.114267132498305e-01
2.420560727551060e-01
2.759613475980811e-01
3.131781398266254e-01
3.537086815633376e-01
3.973611802696492e-01
4.438940620504840e-01
4.928662593386997e-01
5.436962060244528e-01
5.956569858467700e-01
6.478370381947612e-01
6.992743005486202e-01
7.488410663194177e-01
7.954628609412935e-01
8.381132796440837e-01
8.759557387006861e-01
9.083846735749984e-01
9.351133095085400e-01
9.562001110260029e-01
9.720297644388634e-01
9.832590465420065e-01
9.907023896218452e-01
9.951300881767912e-01
9.976407563292199e-01
9.989537494271301e-01
9.995791498519743e-01
9.998481776805679e-01
9.999514378579283e-01
9.999864043624691e-01
9.999967168548994e-01
9.999993276934203e-01
9.999998853568700e-01
9.999999840659448e-01
9.999999982328321e-01
9.999999998480966e-01
9.999999999900065e-01
9.999999999995445e-01
9.999999999999782e-01
1.000000000000001e+00
9.999999999999996e-01
1.000000000000000e+00
1.000000000000000e+00
1.000000000000000e+00
1.000000000000000e+00
1.000000000000000e+00
1.000000000000000e+00
1.000000000000000e+00
###5.800000000000002e+00
6.341453200951063e-10
8.218411700675325e-10
1.032262482123314e-09
1.285105046648560e-09
1.596150367412366e-09
1.978928088640261e-09
2.446312011267254e-09
3.018237139938430e-09
3.718722119696339e-09
4.576887885291379e-09
5.627295212015759e-09
6.914082122286664e-09
8.490256016055492e-09
1.042048846991937e-08
1.278510102453624e-08
1.567902523741312e-08
1.922159308712443e-08
2.355806980122696e-08
2.886545929216659e-08
3.535827664493510e-08
4.331843419010472e-08
5.302105581768287e-08
6.490228034062114e-08
7.943773799687350e-08
9.720082169522656e-08
1.189139106469193e-07
1.454552268178275e-07
1.778849780780802e-07
2.175020286954744e-07
2.658910952602283e-07
3.249886867009960e-07
3.971400757572006e-07
4.852355052188797e-07
5.927181596437613e-07
7.239030006734877e-07
8.838985014513896e-07
1.079058809488166e-06
1.317018256633651e-06
1.607139599904154e-06
1.960660721170968e-06
2.391476404902104e-06
2.916252084836871e-06
3.555344705968917e-06
4.333455716399315e-06
5.280581781653279e-06
6.433035226593734e-06
7.834831530344733e-06
9.539847531202401e-06
1.161250080197809e-05
1.413152441889615e-05
1.719209215759657e-05
2.090873035062047e-05
2.542264958549583e-05
3.089998874708289e-05
3.754557374049596e-05
4.560461818530831e-05
5.537678089872328e-05
6.721530758535803e-05
8.155870237891846e-05
9.892742561099936e-05
1.199464864585580e-04
1.453745907735728e-04
1.761115976420908e-04
2.132725344378280e-04
2.581495015306824e-04
3.123371946785870e-04
3.777047740983529e-04
4.565498135858529e-04
5.515850858079064e-04
6.659905875396214e-04
8.037164805425894e-04
9.694522561734787e-04
1.168691038463382e-03
1.407814980549463e-03
1.694909192244354e-03
2.039196176261408e-03
2.451632137346654e-03
2.945404038618495e-03
3.535884893400909e-03
4.241583436494861e-03
5.083338445598027e-03
6.086685569758230e-03
7.281724167198159e-03
8.702539528843442e-03
1.038926327873702e-02
1.239004031952309e-02
1.475862938620376e-02
1.755807334121081e-02
2.086101105036858e-02
2.475158471045556e-02
2.932384121579322e-02
3.468845957412067e-02
4.096028283659548e-02
4.827843913479234e-02
5.680033438634505e-02
6.668454582033707e-02
7.811865897868440e-02
9.129758417469537e-02
1.064298705687549e-01
1.237365537091668e-01
1.434297948665536e-01
1.657341042905620e-01
1.908571713258072e-01
2.189827308121250e-01
2.502674042219153e-01
2.848069648046524e-01
3.226159255458017e-01
3.636716480085359e-01
4.077556869041326e-01
4.545967307866640e-01
5.037331188627994e-01
5.545531464383141e-01
6.063138902394584e-01
6.580943654324843e-01
7.089350446410769e-01
7.577226462310879e-01
8.034135667840819e-01
8.450210354172796e-01
8.817620303785519e-01
9.130877069834663e-01
9.387679510019293e-01
9.589091956397791e-01
9.739324746190757e-01
9.845144115286479e-01
9.914725347284434e-01
9.955705860033619e-01
9.978732616425412e-01
9.990659969497330e-01
9.996282291743422e-01
9.998674034979129e-01
9.999581064749490e-01
9.999884264751964e-01
9.999972449948502e-01
9.999994445084094e-01
9.999999068326269e-01
9.999999872796147e-01
9.999999986155963e-01
9.999999998834369e-01
9.999999999924750e-01
9.999999999996696e-01
9.999999999999831e-01
1.000000000000001e+00
9.999999999999996e-01
1.000000000000000e+00
1.000000000000000e+00
1.000000000000000e+00
1.000000000000000e+00
1.000000000000000e+00
1.000000000000000e+00
1.000000000000000e+00
###6.000000000000003e+00
6.939253086977498e-10
8.966179135431171e-10
1.126232185480757e-09
1.402076239931376e-09
1.741386192681387e-09
2.158877405531321e-09
2.668550292030008e-09
3.292110653629122e-09
4.055700915607610e-09
4.991035680259855e-09
6.135651370799662e-09
7.537570381152223e-09
9.254458041031739e-09
1.135660510511272e-08
1.393133373407585e-08
1.708174998932202e-08
2.093751024125371e-08
2.565638640478204e-08
3.143057375355687e-08
3.849295102010329e-08
4.714969193169524e-08
5.769865876722852e-08
7.061340603300477e-08
8.640992844678761e-08
1.057093076735511e-07
1.292948269590140e-07
1.581181346093961e-07
1.933276149011091e-07
2.363296667961398e-07
2.888401164131108e-07
3.529547068444288e-07
4.312107633441047e-07
5.267349696329370e-07
6.432493862209901e-07
7.854233665922662e-07
9.587631226170414e-07
1.170145437822427e-06
1.427811230211417e-06
1.741868949537022e-06
2.124431646831545e-06
2.590501917047573e-06
3.158044928331301e-06
3.849001607247383e-06
4.689983506364478e-06
5.713308138059040e-06
6.958042399685379e-06
8.471568814226465e-06
1.031183834302896e-05
1.254810310244045e-05
1.526497583920957e-05
1.856467409414653e-05
2.257020699310760e-05
2.743302688540293e-05
3.333139625271325e-05
4.048485809992284e-05
4.915618998569469e-05
5.966619315198326e-05
7.239294456426167e-05
8.780557519749531e-05
1.064602168602835e-04
1.290248387488134e-04
1.563093869141693e-04
1.892731893453595e-04
2.291062024603296e-04
2.771849857105240e-04
3.352061066501910e-04
4.051587248215711e-04
4.894816419214431e-04
5.910640004392905e-04
7.132732216436302e-04
8.603002978531134e-04
1.037115131245755e-03
1.249524851419045e-03
1.504278586690137e-03
1.809914410407675e-03
2.176172450158034e-03
2.614576272690591e-03
3.139030272185786e-03
3.765655790729829e-03
4.513934800072599e-03
5.405662877760843e-03
6.467641899540470e-03
7.731260384870274e-03
9.232117790631053e-03
1.101204199578258e-02
1.312111193426326e-02
1.561512023159606e-02
1.855947179945955e-02
2.202903551992685e-02
2.611085086552760e-02
3.090159640305386e-02
3.651493173464069e-02
4.306819199219578e-02
5.070340064298749e-02
5.958079525207069e-02
6.986065490253879e-02
8.173233825266571e-02
9.539136823508314e-02
1.110458035136732e-01
1.289148943700058e-01
1.492068107947069e-01
1.721393141654609e-01
1.979120653763846e-01
2.266967837191148e-01
2.586362959317238e-01
2.938040207129303e-01
3.321964462229712e-01
3.737647504469860e-01
4.182638489979514e-01
4.653933718742013e-01
5.146704508673315e-01
5.654553110921207e-01
6.169896677120786e-01
6.683445861672503e-01
7.185641456865794e-01
7.665512712817094e-01
8.112939934083361e-01
8.518466505951373e-01
8.874797845330344e-01
9.177014499161763e-01
9.423375858494203e-01
9.615419921878287e-01
9.757707662918381e-01
9.857188968736865e-01
9.922055413304253e-01
9.959867402002643e-01
9.980911739916726e-01
9.991702843855629e-01
9.996733938659582e-01
9.998849121072051e-01
9.999641107479880e-01
9.999902247093376e-01
9.999977083690027e-01
9.999995455101036e-01
9.999999251106833e-01
9.999999899686133e-01
9.999999989300599e-01
9.999999999119034e-01
9.999999999944242e-01
9.999999999997659e-01
9.999999999999869e-01
1.000000000000001e+00
9.999999999999997e-01
1.000000000000000e+00
1.000000000000000e+00
1.000000000000000e+00
1.000000000000000e+00
1.000000000000000e+00
1.000000000000000e+00
1.000000000000000e+00
###6.200000000000003e+00
7.584937446637650e-10
9.774472107668568e-10
1.227807984514661e-09
1.528507468824194e-09
1.898355879322136e-09
2.353346874068665e-09
2.908692848045064e-09
3.588008622434776e-09
4.419740204348755e-09
5.438351470358915e-09
6.684627110105355e-09
8.210756102098210e-09
1.007941931373676e-08
1.236695314022635e-08
1.516821205846140e-08
1.859509086000356e-08
2.278834757012406e-08
2.791919761001581e-08
3.419616043470017e-08
4.187183958097204e-08
5.127847509579679e-08
6.273830892142329e-08
7.676508932200254e-08
9.391809660182532e-08
1.148695769657566e-07
1.404681084424517e-07
1.717440498450237e-07
2.099402689444233e-07
2.565783441350289e-07
3.135144994626271e-07
3.830149311497585e-07
4.678224628790781e-07
5.713166912367413e-07
6.975178598324263e-07
8.514738981137331e-07
1.039116541471147e-06
1.267880159760941e-06
1.546653461758276e-06
1.886340438017036e-06
2.299988226367440e-06
2.803779972520680e-06
3.417066208421000e-06
4.163475187288576e-06
5.071652465844006e-06
6.176384818944131e-06
7.519665544464184e-06
9.152471027911574e-06
1.113706725931594e-05
1.354784590068659e-05
1.647566144658886e-05
2.003020580629681e-05
2.434347925453421e-05
2.957779591147218e-05
3.592425113498844e-05
4.361797069353604e-05
5.294030770576029e-05
6.423442382342114e-05
7.790461996069706e-05
9.445236577717074e-05
1.144714396069944e-04
1.386750805026304e-04
1.679272209284796e-04
2.032499426319142e-04
2.459117731118833e-04
2.973780382060219e-04
3.594523170195972e-04
4.342498094198116e-04
5.243588645346421e-04
6.328489673596426e-04
7.632876806370103e-04
9.201164649999545e-04
1.108598521851445e-03
1.334866948796003e-03
1.606054193930556e-03
1.931170082737804e-03
2.320491407724071e-03
2.786131976062252e-03
3.342737848793515e-03
4.007208210076526e-03
4.800025331664858e-03
5.743976271061177e-03
6.867161169225080e-03
8.202300286252800e-03
9.786541699695870e-03
1.166344770759663e-02
1.388507541033071e-02
1.650928216401843e-02
1.960386581001423e-02
2.324596629025700e-02
2.752552427821472e-02
3.254186005580422e-02
3.841160569951726e-02
4.525454359457123e-02
5.321553772860610e-02
6.245756761798664e-02
7.314247206419798e-02
8.546120863820633e-02
9.960968075901434e-02
1.157951724470731e-01
1.342348022571409e-01
1.551323362978573e-01
1.786983832143376e-01
2.051240578720075e-01
2.345685764557522e-01
2.671603070388203e-01
3.029504168192852e-01
3.419164850025743e-01
3.839835296005473e-01
4.288798617592173e-01
4.762766803926448e-01
5.256695494870758e-01
5.763925162573303e-01
6.276727502050202e-01
6.785748839304027e-01
7.281478413321522e-01
7.753125728966962e-01
8.190896377431076e-01
8.585759714194197e-01
8.930958094050426e-01
9.222142102126735e-01
9.458124989489063e-01
9.640909832825351e-01
9.775393255790193e-01
9.868691586808338e-01
9.928995932331026e-01
9.963776277934953e-01
9.982940935994152e-01
9.992664774400822e-01
9.997146248442621e-01
9.999007158557701e-01
9.999694632232106e-01
9.999918065218084e-01
9.999981100606613e-01
9.999996316871916e-01
9.999999404413796e-01
9.999999921826151e-01
9.999999991839078e-01
9.999999999343896e-01
9.999999999959320e-01
9.999999999998378e-01
9.999999999999899e-01
1.000000000000001e+00
9.999999999999997e-01
1.000000000000000e+00
1.000000000000000e+00
1.000000000000000e+00
1.000000000000000e+00
1.000000000000000e+00
1.000000000000000e+00
1.000000000000000e+00
###6.400000000000003e+00
8.281908571318436e-10
1.064758122682728e-09
1.337529270975301e-09
1.665069111407286e-09
2.067890027662484e-09
2.563362904788874e-09
3.168003017145231e-09
3.907481816314395e-09
4.812725702852686e-09
5.921159118755027e-09
7.277060496420583e-09
8.937101322756338e-09
1.096935934667029e-08
1.345667116659920e-08
1.650199000700384e-08
2.022665329779123e-08
2.478334854486089e-08
3.035773178413529e-08
3.717585262856317e-08
4.551148554047308e-08
5.572485853874663e-08
6.816433598519886e-08
8.338681027941935e-08
1.019979596444714e-07
1.247248758324053e-07
1.524860969012810e-07
1.863963001039116e-07
2.277995275178837e-07
2.783406422091225e-07
3.400261166718831e-07
4.153044815511532e-07
5.071383067848559e-07
6.191775421622070e-07
7.557610441044080e-07
9.223409286795171e-07
1.125303785274659e-06
1.372678576008345e-06
1.674045275319048e-06
2.041156149827506e-06
2.488054519556549e-06
3.032180910835523e-06
3.694361500020999e-06
4.500020833880311e-06
5.479969004134766e-06
6.671629454736745e-06
8.120074706628465e-06
9.880131083141004e-06
1.201863773862443e-05
1.461544104192053e-05
1.776801756984529e-05
2.159398551003983e-05
2.623486985190216e-05
3.186449611720499e-05
3.868753606784656e-05
4.695560443083253e-05
5.696968877042928e-05
6.909658437085622e-05
8.376827154024118e-05
1.015203467328528e-04
1.229862945788556e-04
1.489270337695673e-04
1.802633464751341e-04
2.180837930087039e-04
2.637387192310438e-04
3.187863068836010e-04
3.851437697583991e-04
4.650578051942056e-04
5.612721521517332e-04
6.770494798616894e-04
8.161619313037622e-04
9.833142918549218e-04
1.184078840349942e-03
1.424920768476837e-03
1.713375616096233e-03
2.058949590921248e-03
2.472463849625418e-03
2.966659811697910e-03
3.556941003759489e-03
4.261016466187310e-03
5.100396817075392e-03
6.098895152110117e-03
7.285942834588186e-03
8.695619827789793e-03
1.036670055373374e-02
1.234447687823528e-02
1.468304021423871e-02
1.744234719102574e-02
2.069261433816035e-02
2.451329103537653e-02
2.899722270293042e-02
3.424637667497948e-02
4.038034510773181e-02
4.752130685335015e-02
5.581690470559680e-02
6.543276276161991e-02
7.653212723443963e-02
8.930736965618545e-02
1.039545296618526e-01
1.206798173196186e-01
1.396974724513142e-01
1.612075795721322e-01
1.854120739193242e-01
2.124933150937154e-01
2.425975410622538e-01
2.758380237459622e-01
3.122436962663179e-01
3.517724448809142e-01
3.943231265494406e-01
4.395975166270727e-01
4.872389797094784e-01
5.367213737161011e-01
5.873543344315083e-01
6.383514549380023e-01
6.887725054325678e-01
7.376726406378462e-01
7.839927329843346e-01
8.267867596314803e-01
8.651958540032436e-01
8.985981156870796e-01
9.266156208434206e-01
9.491843185728991e-01
9.665499221178132e-01
9.792339465382062e-01
9.879627405149213e-01
9.935535242981762e-01
9.967427674117920e-01
9.984818965065142e-01
9.993546007905129e-01
9.997519805294921e-01
9.999148613769516e-01
9.999741912587589e-01
9.999931837235416e-01
9.999984543393903e-01
9.999997043003481e-01
9.999999531237056e-01
9.999999939780876e-01
9.999999993854266e-01
9.999999999518321e-01
9.999999999970751e-01
9.999999999998905e-01
9.999999999999921e-01
1.000000000000001e+00
9.999999999999997e-01
1.000000000000000e+00
1.000000000000000e+00
1.000000000000000e+00
1.000000000000000e+00
1.000000000000000e+00
1.000000000000000e+00
1.000000000000000e+00
###6.600000000000003e+00
9.033778997826908e-10
1.159006254055299e-09
1.455968838505400e-09
1.812473025490154e-09
2.250870549168947e-09
2.790015212755721e-09
3.447821892875941e-09
4.252176204281721e-09
5.236673575356412e-09
6.441924338058413e-09
7.915962189442393e-09
9.720278053171267e-09
1.192875255594956e-08
1.463120720520034e-08
1.793929674382116e-08
2.198449720580983e-08
2.693230665375637e-08
3.298388258604978e-08
4.038408660434412e-08
4.942940366870143e-08
6.051009062931360e-08
7.400248525960413e-08
9.050975864549872e-08
1.106872927217710e-07
1.353209297768986e-07
1.654041193553684e-07
2.021418057389330e-07
2.469862996555039e-07
3.017143381620685e-07
3.684930788722875e-07
4.499659718574336e-07
5.493304460336415e-07
6.705251898347816e-07
8.182293445818361e-07
9.983262985848442e-07
1.217688448938605e-06
1.484978499921032e-06
1.810513580939212e-06
2.206949928184863e-06
2.689392514415659e-06
3.276620336321259e-06
3.991030368054114e-06
4.859958270904134e-06
5.916516177829278e-06
7.200931051206970e-06
8.761543335980650e-06
1.065727064658456e-05
1.295980601465011e-05
1.575478150022777e-05
1.914669508463194e-05
2.326156530636994e-05
2.825100161216307e-05
3.430102137732843e-05
4.163065178029287e-05
5.050894477726171e-05
6.125763021153217e-05
7.426846746397973e-05
9.000263656904128e-05
1.090317277177034e-04
1.320310790923042e-04
1.598118017970389e-04
1.933545101174859e-04
2.338176520388577e-04
2.826375752875746e-04
3.414699259104689e-04
4.123511351563670e-04
4.976656568741578e-04
6.003243960027027e-04
7.237792358860190e-04
8.720287360557605e-04
1.050048554104841e-03
1.263732656512153e-03
1.519895150694599e-03
1.826483744964721e-03
2.193531476265740e-03
2.632404355349543e-03
3.156531665177234e-03
3.782066730105334e-03
4.527569063576201e-03
5.415606702201041e-03
6.471053224914532e-03
7.724704984472827e-03
9.212041637736564e-03
1.097350509521135e-02
1.305614862358304e-02
1.551614093778168e-02
1.841557138299915e-02
2.182710027417170e-02
2.583252063300237e-02
3.052758530344570e-02
3.601690920859879e-02
4.242302757424350e-02
4.987045867849919e-02
5.850955515065501e-02
6.850848018691459e-02
8.003172459552994e-02
9.327287772604981e-02
1.084278586524470e-01
1.257014883685983e-01
1.453047327993873e-01
1.674336232087941e-01
1.922809617531920e-01
2.200197779199632e-01
2.507828451228297e-01
2.846677244957877e-01
3.216810639444194e-01
3.617603609478290e-01
4.047782981321785e-01
4.504102206091652e-01
4.982722440652109e-01
5.478165782589439e-01
5.983301296769102e-01
6.490140234827063e-01
6.989247996332479e-01
7.471253632440449e-01
7.925785899947481e-01
8.343724023835201e-01
8.716941587514140e-01
9.039758889033599e-01
9.308965875930180e-01
9.524459459058471e-01
9.689137799849915e-01
9.808514425556792e-01
9.889979883692381e-01
9.941667442907622e-01
9.970820616542391e-01
9.986546927706720e-01
9.994348077872850e-01
9.997855814787101e-01
9.999274217448479e-01
9.999783309787763e-01
9.999943711132363e-01
9.999987462226873e-01
9.999997647618901e-01
9.999999634789454e-01
9.999999954133616e-01
9.999999995429034e-01
9.999999999651282e-01
9.999999999979262e-01
9.999999999999282e-01
9.999999999999938e-01
1.000000000000001e+00
9.999999999999998e-01
1.000000000000000e+00
1.000000000000000e+00
1.000000000000000e+00
1.000000000000000e+00
1.000000000000000e+00
1.000000000000000e+00
1.000000000000000e+00
###6.800000000000003e+00
9.844382977730665e-10
1.260675180013913e-09
1.583734715664831e-09
1.971474791933610e-09
2.448233446299035e-09
3.034460320087270e-09
3.749572394532287e-09
4.623838078664809e-09
5.693722563155432e-09
7.003262415745316e-09
8.604524796832384e-09
1.056417942435011e-08
1.296234224325858e-08
1.589633496758453e-08
1.948715628583004e-08
2.387716054460418e-08
2.924559390514255e-08
3.581024326326261e-08
4.383614476095004e-08
5.364412980875172e-08
6.565665324930038e-08
8.027998917204122e-08
9.816691710888132e-08
1.200260317903041e-07
1.467060667244079e-07
1.792806355061972e-07
2.190512562930060e-07
2.675860270263222e-07
3.268026569790581e-07
3.990400418113877e-07
4.871498614749828e-07
5.945804208468211e-07
7.255786067866414e-07
8.851864834928921e-07
1.079748076159993e-06
1.316653553090180e-06
1.605240980830963e-06
1.956613070904024e-06
2.384388808759471e-06
2.904803824677770e-06
3.538061127688055e-06
4.308228732175047e-06
5.244674350659131e-06
6.382956894122003e-06
7.766280223153562e-06
9.446457759653292e-06
1.148674552295094e-05
1.396398747610997e-05
1.696994890744172e-05
2.061656827243166e-05
2.503876158908254e-05
3.039880968250500e-05
3.689563427447831e-05
4.476343375961843e-05
5.428968924684174e-05
6.581803138810194e-05
7.976657343662647e-05
9.662728254765149e-05
1.170096910950584e-04
1.416332284193959e-04
1.713618170411060e-04
2.072390071280175e-04
2.504966803449220e-04
3.026615342585170e-04
3.654914636190549e-04
4.411479081255961e-04
5.321595899603294e-04
6.416136343697858e-04
7.731562884848040e-04
9.310258252430052e-04
1.120479695793283e-03
1.347746609580988e-03
1.620009533657352e-03
1.945631123218194e-03
2.335204953942899e-03
2.800658575221284e-03
3.356130248643054e-03
4.018555222449772e-03
4.807369138692574e-03
5.746228529832698e-03
6.861101819570331e-03
8.184184925059391e-03
9.752403149940412e-03
1.160788812236546e-02
1.379950505411314e-02
1.638553593550143e-02
1.943023491747144e-02
2.300873029383103e-02
2.720518878779523e-02
3.211827202111640e-02
3.785523810821775e-02
4.454154340671179e-02
5.230398201255307e-02
6.129553984689663e-02
7.168680520750632e-02
8.364333989543547e-02
9.735974356176527e-02
1.130315451114455e-01
1.308618485034026e-01
1.510580105342931e-01
1.738114038686993e-01
1.993054354736750e-01
2.277031614308620e-01
2.591233910247905e-01
2.936473810388197e-01
3.312593888696108e-01
3.718759063904613e-01
4.153434272945408e-01
4.613110124280345e-01
5.093681189367987e-01
5.589455420735198e-01
6.093090904953656e-01
6.596486578626607e-01
7.090192526348402e-01
7.564931652793617e-01
8.010570903903629e-01
8.418343874064039e-01
8.780597348705022e-01
9.092194542660538e-01
9.350492339892116e-01
9.555914861773468e-01
9.711786881822217e-01
9.823895645691421e-01
9.899739713497206e-01
9.947391698055319e-01
9.973957443112675e-01
9.988127879278241e-01
9.995073546775173e-01
9.998155963121700e-01
9.999384893525410e-01
9.999818539433770e-01
9.999953853129279e-01
9.999989911856215e-01
9.999998145365501e-01
9.999999718289155e-01
9.999999965450975e-01
9.999999996641257e-01
9.999999999750986e-01
9.999999999985486e-01
9.999999999999545e-01
9.999999999999950e-01
1.000000000000001e+00
9.999999999999998e-01
1.000000000000000e+00
1.000000000000000e+00
1.000000000000000e+00
1.000000000000000e+00
1.000000000000000e+00
1.000000000000000e+00
1.000000000000000e+00
###7.000000000000004e+00
1.071778835739627e-09
1.370277989153426e-09
1.721471978491570e-09
2.142876042944591e-09
2.660971712399549e-09
3.297924896238148e-09
4.074763386401486e-09
5.024319388757767e-09
6.186140452766324e-09
7.607945932146224e-09
9.346132405291063e-09
1.147293124860953e-08
1.407515396136550e-08
1.725817074857215e-08
2.115300762619737e-08
2.591368392626640e-08
3.173419041608986e-08
3.885014225962218e-08
4.754819784329343e-08
5.817527256127105e-08
7.118832360664290e-08
8.702564133528789e-08
1.063931500791430e-07
1.300563799749891e-07
1.589313443529321e-07
1.941773900363675e-07
2.371992926097896e-07
2.896889015211810e-07
3.537145299104356e-07
4.317985152878677e-07
5.270148685275776e-07
6.430796475510931e-07
7.845685904610226e-07
9.569107685341161e-07
1.166941299571096e-06
1.422602424935343e-06
1.733951353441337e-06
2.112927462065627e-06
2.574174504899522e-06
3.135136467919337e-06
3.817515517067574e-06
4.647171302742216e-06
5.655625928728227e-06
6.881037349311091e-06
8.369768780387837e-06
1.017732192702740e-05
1.237155110976705e-05
1.503476305284639e-05
1.826522099377390e-05
2.218273502345763e-05
2.693166514644889e-05
3.268555327676997e-05
3.965697973388477e-05
4.809616804789498e-05
5.831006566535229e-05
7.066541505335760e-05
8.560813451431387e-05
1.036626350220193e-04
1.254784237584689e-04
1.518213521179999e-04
1.836108822579458e-04
2.219567295088308e-04
2.681678953077487e-04
3.238659441750070e-04
3.909159833574279e-04
4.716104654618264e-04
5.686291326050379e-04
6.852447816382939e-04
8.253002305761373e-04
9.932959493490318e-04
1.194773923268120e-03
1.436313892240250e-03
1.725483455417168e-03
2.071077488135833e-03
2.484269269347776e-03
2.977571034341652e-03
3.565847361241402e-03
4.266853193439637e-03
5.100934535265869e-03
6.092852051187110e-03
7.269714847584963e-03
8.665139282665366e-03
1.031756935817512e-02
1.227080448154648e-02
1.457561112640419e-02
1.729240702970147e-02
2.048764158968128e-02
2.423893414042291e-02
2.863285100641520e-02
3.377096219203149e-02
3.976315950206420e-02
4.673779324959326e-02
5.482386284305110e-02
6.417690304867114e-02
7.496980432916783e-02
8.736901478761544e-02
1.015699251379456e-01
1.177673913998371e-01
1.361624595699544e-01
1.569585202957551e-01
1.803416935019830e-01
2.064856838474003e-01
2.355429428977739e-01
2.676178059693473e-01
3.027746514352825e-01
3.409751998164266e-01
3.821143926265819e-01
4.260125285471864e-01
4.722925744228557e-01
5.205179382572928e-01
5.700983940741610e-01
6.202802607770279e-01
6.702435556718416e-01
7.190435230298873e-01
7.657635733165156e-01
8.094160709357416e-01
8.491613282682041e-01
8.842824117106218e-01
9.143202429683519e-01
9.390668489304417e-01
9.586161762413041e-01
9.733415343388476e-01
9.838469403023876e-01
9.908904007118360e-01
9.952711556966432e-01
9.976843273848180e-01
9.989566464792228e-01
9.995725779718648e-01
9.998422290364822e-01
9.999481691116467e-01
9.999849766061744e-01
9.999962424324679e-01
9.999991947175962e-01
9.999998550026633e-01
9.999999784910659e-01
9.999999974215268e-01
9.999999997571877e-01
9.999999999821296e-01
9.999999999990912e-01
9.999999999999452e-01
1.000000000000004e+00
9.999999999999986e-01
1.000000000000000e+00
9.999999999999999e-01
1.000000000000000e+00
1.000000000000000e+00
1.000000000000000e+00
1.000000000000000e+00
1.000000000000000e+00
1.000000000000000e+00
###7.200000000000004e+00
1.165830873447488e-09
1.488358871543392e-09
1.869864816313870e-09
2.327526923515764e-09
2.890138358598672e-09
3.581709684290270e-09
4.424995647613131e-09
5.455583340616258e-09
6.716330900291017e-09
8.258913678170762e-09
1.014437061877064e-08
1.245090417729326e-08
1.527251045926850e-08
1.872319120985424e-08
2.294472643625183e-08
2.810363645861415e-08
3.440971555156244e-08
4.211768071293647e-08
5.153734996695806e-08
6.304356721990825e-08
7.713023928117880e-08
9.426987457326356e-08
1.152252972324104e-07
1.408229196665441e-07
1.720506845176150e-07
2.101595732664925e-07
2.566646989161695e-07
3.133900948264025e-07
3.825648704158744e-07
4.669071899694511e-07
5.697283088013965e-07
6.950298904090796e-07
8.477383242081570e-07
1.033695199070920e-06
1.260258763727290e-06
1.535959629819477e-06
1.871620342104006e-06
2.280070815504675e-06
2.777044957147716e-06
3.381272701909020e-06
4.116047259594374e-06
5.009134149489803e-06
6.094342895850190e-06
7.412590604825446e-06
9.013591778176534e-06
1.095676235847103e-05
1.331482819700165e-05
1.617588595851970e-05
1.964507931097209e-05
2.385050966705735e-05
2.894665173076270e-05
3.511882849570289e-05
4.259410008374504e-05
5.163960890679288e-05
6.258285281237465e-05
7.581495143237747e-05
9.181114285467757e-05
1.111300101815086e-04
1.344631549915526e-04
1.626252779604711e-04
1.965942216884575e-04
2.375492251114395e-04
2.868802398008090e-04
3.463083882863077e-04
4.178111382481765e-04
5.038181789261875e-04
6.071672688919510e-04
7.313253249668805e-04
8.803427420691675e-04
1.058993092379962e-03
1.273104168147847e-03
1.529634474348326e-03
1.836548665167379e-03
2.203090701014153e-03
2.641033462670195e-03
3.163497276086850e-03
3.786096818121595e-03
4.527433850073734e-03
5.408798159625822e-03
6.456083719379197e-03
7.697597697321831e-03
9.168344266145113e-03
1.090839469815684e-02
1.296323071532628e-02
1.538555446301349e-02
1.823795920634806e-02
2.158910885493971e-02
2.551916396442989e-02
3.011708366358648e-02
3.548735328236704e-02
4.174248353695370e-02
4.901368595342750e-02
5.743208753909942e-02
6.715567920042372e-02
7.835952130459282e-02
9.121075215947591e-02
1.059053222503075e-01
1.226371187118254e-01
1.416047753976053e-01
1.630073393713718e-01
1.870250916470215e-01
2.138216882016711e-01
2.435383550083744e-01
2.762644364584957e-01
3.120468771726287e-01
3.508246849502477e-01
3.924707732467699e-01
4.367792570616015e-01
4.833472479058540e-01
5.317129770926681e-01
5.812650418022729e-01
6.312325734451087e-01
6.807869473390097e-01
7.289854791802214e-01
7.749245200061331e-01
8.176439802910733e-01
8.563426461105680e-01
8.903529912850523e-01
9.192707678449626e-01
9.429438354179276e-01
9.615161463874553e-01
9.754003421281837e-01
9.852230087648844e-01
9.917475594727496e-01
9.957634331045850e-01
9.979485542353367e-01
9.990868592776929e-01
9.996308744464630e-01
9.998657081145740e-01
9.999565755907025e-01
9.999876373436791e-01
9.999969625733323e-01
9.999993622117326e-01
9.999998876522666e-01
9.999999837298157e-01
9.999999980979790e-01
9.999999998259803e-01
9.999999999874957e-01
9.999999999994003e-01
9.999999999999603e-01
1.000000000000004e+00
9.999999999999988e-01
1.000000000000000e+00
9.999999999999999e-01
1.000000000000000e+00
1.000000000000000e+00
1.000000000000000e+00
1.000000000000000e+00
1.000000000000000e+00
1.000000000000000e+00
###7.400000000000004e+00
1.267051698660200e-09
1.615494540199180e-09
2.029638579166924e-09
2.526328708496828e-09
3.136849593265055e-09
3.887193380331966e-09
4.801965111192972e-09
5.919710183182912e-09
7.286840539962378e-09
8.959277229311746e-09
1.100303703399391e-08
1.350272640019250e-08
1.656004699191855e-08
2.029825188575337e-08
2.487064739958006e-08
3.045714268618615e-08
3.728445961982210e-08
4.562777145123690e-08
5.582168550587609e-08
6.827093256582911e-08
8.350896549920591e-08
1.020447557894168e-07
1.247022706254263e-07
1.523727288387651e-07
1.861210128806535e-07
2.272959875787598e-07
2.775306017502636e-07
3.387899959942315e-07
4.134748568181695e-07
5.045122753864038e-07
6.154665148247818e-07
7.506437124876563e-07
9.153439448984236e-07
1.115848239582875e-06
1.360071819003547e-06
1.657171925867637e-06
2.018785196239425e-06
2.458688869120732e-06
2.993775881163223e-06
3.644142830719381e-06
4.434773805140555e-06
5.395457327770060e-06
6.562431292849661e-06
7.979540277506582e-06
9.700051856016451e-06
1.178753329793777e-05
1.431986906772599e-05
1.739128893165115e-05
2.111421804446080e-05
2.562553266084441e-05
3.109039424225413e-05
3.770658178887912e-05
4.571645062973882e-05
5.540499680761507e-05
6.712140124596471e-05
8.128248230348125e-05
9.839437837055653e-05
1.190516469558548e-04
1.439901934437657e-04
1.740760944549463e-04
2.103485298370393e-04
2.540597536013529e-04
3.066846462324096e-04
3.700487583861508e-04
4.462472548109213e-04
5.378535122599743e-04
6.478705442429053e-04
7.799667911769291e-04
9.384175960499435e-04
1.128262194910873e-03
1.355651451340634e-03
1.627915345340792e-03
1.953444807284462e-03
2.341947547992624e-03
2.805815005704902e-03
3.358804076739220e-03
4.017299196442385e-03
4.800779499607047e-03
5.731508154645105e-03
6.836546403663255e-03
8.145422875305413e-03
9.694594993351817e-03
1.152577193156771e-02
1.368616456248792e-02
1.623044465257437e-02
1.922341931774680e-02
2.273595022011183e-02
2.685089217696785e-02
3.165948201398930e-02
3.726915851867494e-02
4.379503155295526e-02
5.137113514484186e-02
6.013063868498869e-02
7.023388791023905e-02
8.185797108595591e-02
9.517050894834797e-02
1.103677680372863e-01
1.276423571396834e-01
1.471901302814684e-01
1.692053943081951e-01
1.938620103446236e-01
2.213132051068764e-01
2.516883661698293e-01
2.850613256522497e-01
3.214610572395302e-01
3.608036602009110e-01
4.029396050344312e-01
4.476368573703208e-01
4.944669699030076e-01
5.429446434559451e-01
5.924349979879325e-01
6.421545162818056e-01
6.912663990022314e-01
7.388319323092388e-01
7.839595547963232e-01
8.253524054035620e-01
8.633588074027655e-01
8.962595143459967e-01
9.240617887030391e-01
9.466740443288516e-01
9.642878185306826e-01
9.773533544118865e-01
9.865172840685694e-01
9.925460072905504e-01
9.962169372329431e-01
9.981893048873857e-01
9.992040941767356e-01
9.996826761077210e-01
9.998862744697987e-01
9.999638247147358e-01
9.999898887116256e-01
9.999975621249991e-01
9.999994987751714e-01
9.999999137073970e-01
9.999999878067519e-01
9.999999986123036e-01
9.999999998764999e-01
9.999999999914186e-01
9.999999999995933e-01
9.999999999999765e-01
1.000000000000002e+00
9.999999999999994e-01
1.000000000000000e+00
1.000000000000000e+00
1.000000000000000e+00
1.000000000000000e+00
1.000000000000000e+00
1.000000000000000e+00
1.000000000000000e+00
1.000000000000000e+00
###7.600000000000004e+00
1.375925815819815e-09
1.752296474158315e-09
2.201561896979310e-09
2.740236364315932e-09
3.402288093195696e-09
4.215836640652655e-09
5.207468303388427e-09
6.418903104287328e-09
7.900366290789823e-09
9.712332125075383e-09
1.192615200445093e-08
1.463329667753213e-08
1.794372699576590e-08
2.199060615496106e-08
2.693958697853800e-08
3.298491006008051e-08
4.037141534178842e-08
4.939617858208440e-08
6.042031649387999e-08
7.388052623852211e-08
9.035256173491220e-08
1.103838924463559e-07
1.348651498460173e-07
1.647554980519037e-07
2.012023969896335e-07
2.456592160992358e-07
2.998846717627055e-07
3.659944525539635e-07
4.465722201105492e-07
5.447678428389594e-07
6.644152422206826e-07
8.101449736820793e-07
9.876551205251646e-07
1.203694550818595e-06
1.466771184365141e-06
1.786709230474984e-06
2.176010824080775e-06
2.649460372069808e-06
3.225182396987437e-06
3.924725120569229e-06
4.774868555999585e-06
5.807547503215781e-06
7.061576387937559e-06
8.583904152481038e-06
1.043156346555066e-05
1.267252165660029e-05
1.539012326283947e-05
1.868509096720800e-05
2.267755183932484e-05
2.751366328743652e-05
3.336987315068438e-05
4.045712213212715e-05
4.903391370248821e-05
5.940407459057049e-05
7.193965183248429e-05
8.708454216798445e-05
1.053774328098640e-04
1.274507342675110e-04
1.540869577908256e-04
1.862061850753866e-04
2.249120093771854e-04
2.715333278585599e-04
3.276340827611385e-04
3.951500179536611e-04
4.762973775224942e-04
5.738020511299494e-04
6.908390515314119e-04
8.312824119816228e-04
9.996569693199854e-04
1.201263662224694e-03
1.442596477024232e-03
1.731370429117299e-03
2.076419424194083e-03
2.487933664243087e-03
2.978940390485789e-03
3.563869329544836e-03
4.259887530502634e-03
5.087384827998111e-03
6.069633162004431e-03
7.234879165659789e-03
8.613890229382160e-03
1.024470164364327e-02
1.217061412301882e-02
1.444062514686963e-02
1.711141345895317e-02
2.025003694404024e-02
2.392958456285460e-02
2.823561268298344e-02
3.326166039199312e-02
3.911810685804836e-02
4.592263576626968e-02
5.381205871936252e-02
6.292149441874906e-02
7.341353322618589e-02
8.546713916271220e-02
9.925019574708480e-02
1.149590291508025e-01
1.327846468668897e-01
1.529197418840582e-01
1.755534656963063e-01
2.008526835704288e-01
2.289597813191459e-01
2.599917036302504e-01
2.940062479818182e-01
3.310138993489515e-01
3.709076434381895e-01
4.135151548956007e-01
4.585783182377768e-01
5.056434837914701e-01
5.542023096453025e-01
6.035979098072094e-01
6.530350607565309e-01
7.016706823219698e-01
7.485719239448934e-01
7.928608151232377e-01
8.333577026402408e-01
8.702080032484758e-01
9.019967151692461e-01
9.286894997918660e-01
9.502547481312930e-01
9.669299896882202e-01
9.792005520651241e-01
9.877306329866933e-01
9.932870432100471e-01
9.966330279202361e-01
9.984076724873061e-01
9.993091138997461e-01
9.997284500393906e-01
9.999041785010176e-01
9.999700332558726e-01
9.999917804435068e-01
9.999980569939390e-01
9.999996091144726e-01
9.999999342878892e-01
9.999999909464619e-01
9.999999989982236e-01
9.999999999132528e-01
9.999999999942067e-01
9.999999999997212e-01
9.999999999999882e-01
1.000000000000000e+00
9.999999999999999e-01
1.000000000000000e+00
1.000000000000000e+00
1.000000000000000e+00
1.000000000000000e+00
1.000000000000000e+00
1.000000000000000e+00
1.000000000000000e+00
1.000000000000000e+00
###7.800000000000004e+00
1.492966462902862e-09
1.899412319809294e-09
2.386449024580527e-09
2.970261485765334e-09
3.687706553943540e-09
4.569186446495390e-09
5.643407717456038e-09
6.955495442114903e-09
8.559763379015406e-09
1.052156674072003e-08
1.291797039229441e-08
1.584779860197645e-08
1.942985958326004e-08
2.380792605424923e-08
2.916086859967237e-08
3.569825929681530e-08
4.368432327915795e-08
5.343956169575972e-08
6.535343600209591e-08
7.989681027371399e-08
9.769066045829413e-08
1.193235496064538e-07
1.457572969731152e-07
1.780236634128960e-07
2.173582073728707e-07
2.653258109857876e-07
3.238193483554641e-07
3.951150385597412e-07
4.819915637956916e-07
5.878362069988664e-07
7.167701429685754e-07
8.737693773497427e-07
1.064955696450071e-06
1.297575758506772e-06
1.580767889212191e-06
1.925065709192574e-06
2.343891098370376e-06
2.853098620343271e-06
3.472120854709232e-06
4.224046977231986e-06
5.137563441939458e-06
6.246880992663483e-06
7.593546277016025e-06
9.227798460019085e-06
1.121065785932326e-05
1.361475297765609e-05
1.652920454768475e-05
2.006160554604449e-05
2.434022540881176e-05
2.952103272953132e-05
3.579238991286053e-05
4.337913706239907e-05
5.255681763258054e-05
6.364911001422860e-05
7.705216253159039e-05
9.323839184750684e-05
1.127814164571963e-04
1.363514575077741e-04
1.647820276551918e-04
1.990492875328075e-04
2.403244403090053e-04
2.900167955022603e-04
3.497838300027554e-04
4.216762981671203e-04
5.080374126572732e-04
6.117526848501692e-04
7.361767271186842e-04
8.854010346649242e-04
1.064202279451504e-03
1.278162666947229e-03
1.534130237341527e-03
1.840221045973224e-03
2.205728520721161e-03
2.641360978704217e-03
3.160770312608447e-03
3.779083016249362e-03
4.514307996530660e-03
5.387758977160243e-03
6.423747370380139e-03
7.651738281567808e-03
9.103766810721871e-03
1.081948484909307e-02
1.284385490208824e-02
1.522764732012529e-02
1.802958070450679e-02
2.131908393811167e-02
2.517140437812820e-02
2.967484011087902e-02
3.492525124824247e-02
4.103594165108201e-02
4.812713750925594e-02
5.633837655611011e-02
6.580662556979762e-02
7.669660008686555e-02
8.918897729639172e-02
1.034516717225332e-01
1.196807998740071e-01
1.380654314264283e-01
1.587947036899100e-01
1.820521794642662e-01
2.079971584216786e-01
2.367607444402237e-01
2.684468437727663e-01
3.030966990848489e-01
3.407018096939709e-01
3.811318423091465e-01
4.241913844566060e-01
4.695963497549602e-01
5.168683038701070e-01
5.654764610379946e-01
6.147434182240908e-01
6.638633802885661e-01
7.119890346546855e-01
7.581953808051307e-01
8.016215555788749e-01
8.411870424674257e-01
8.768897853460582e-01
9.075616321860555e-01
9.331519498863702e-01
9.536849254845362e-01
9.694427790354758e-01
9.809429442484445e-01
9.888646749567963e-01
9.939724587750576e-01
9.970133445435466e-01
9.986048953629487e-01
9.994027437695675e-01
9.997686830745710e-01
9.999196730897780e-01
9.999753158793097e-01
9.999933591296140e-01
9.999984621297973e-01
9.999996974845151e-01
9.999999503823499e-01
9.999999933393986e-01
9.999999992842755e-01
9.999999999397017e-01
9.999999999961481e-01
9.999999999998082e-01
9.999999999999957e-01
9.999999999999992e-01
1.000000000000000e+00
9.999999999999999e-01
1.000000000000000e+00
1.000000000000000e+00
1.000000000000000e+00
1.000000000000000e+00
1.000000000000000e+00
1.000000000000000e+00
1.000000000000000e+00
###8.000000000000004e+00
1.618717071909716e-09
2.057527815004315e-09
2.585162171927017e-09
3.217475203866870e-09
3.994430361143408e-09
4.948880582764305e-09
6.111797252489234e-09
7.531956554819820e-09
9.268053352189536e-09
1.139067209038008e-08
1.398299344462799e-08
1.715171478288389e-08
2.102511658357581e-08
2.575832322288349e-08
3.154434787704629e-08
3.860915476782384e-08
4.723769826629879e-08
5.777551974769695e-08
7.064237083205792e-08
8.634561433070832e-08
1.055545424992582e-07
1.289015596778000e-07
1.574244650871352e-07
1.922325364635921e-07
2.346552717049041e-07
2.863764787500622e-07
3.494320608066832e-07
4.262693181352291e-07
5.198746779898906e-07
6.338882998310170e-07
7.727371881495311e-07
9.417649952178701e-07
1.147544318132836e-06
1.397851198324311e-06
1.702494125603698e-06
2.072760821505439e-06
2.523050089992254e-06
3.070352961566130e-06
3.735490555577649e-06
4.543186982606930e-06
5.524151317971368e-06
6.715006586806993e-06
8.160195200162417e-06
9.913441653425559e-06
1.203998756108841e-05
1.461739665649975e-05
1.774089719448970e-05
2.152534793206736e-05
2.610762201416669e-05
3.165405391863496e-05
3.836557845437427e-05
4.648170589774119e-05
5.629595200984921e-05
6.815291329364475e-05
8.247412852667860e-05
9.976204092865068e-05
1.206271077233075e-04
1.457790274390236e-04
1.761051774939847e-04
2.126405321980139e-04
2.566272230877119e-04
3.095588915143409e-04
3.731918666003958e-04
4.496947070014883e-04
5.415461761013410e-04
6.517976625374994e-04
7.839913770745502e-04
9.424458193114397e-04
1.132200020192115e-03
1.359129471862536e-03
1.630450287797190e-03
1.954695950337493e-03
2.341636520035970e-03
2.802517676448642e-03
3.351637508302008e-03
4.004855831563328e-03
4.781019779205276e-03
5.702425258913011e-03
6.794443885307759e-03
8.087696626277568e-03
9.615819358363626e-03
1.141981605513031e-02
1.354644807511106e-02
1.604827179716496e-02
1.898615232098175e-02
2.243185304729505e-02
2.646282233870559e-02
3.117010745950105e-02
3.665190257996687e-02
4.302441751636250e-02
5.041038341506723e-02
5.895200585757823e-02
6.878798997578008e-02
8.008504742887675e-02
9.302539481916451e-02
1.077767346487354e-01
1.245346902431156e-01
1.434860435955532e-01
1.648159683692375e-01
1.887019912920267e-01
2.152952718581442e-01
2.447151750466500e-01
2.770519783039908e-01
3.123298540992807e-01
3.505208353368148e-01
3.914699790053285e-01
4.349618537626076e-01
4.806832690915888e-01
5.281325584042555e-01
5.767562116014409e-01
6.258608040357453e-01
6.746282768090919e-01
7.222101225373578e-01
7.676912644738662e-01
8.102309855294357e-01
8.488344113521947e-01
8.833953952833037e-01
9.129484956333761e-01
9.374453563984962e-01
9.569628036494395e-01
9.718260027477403e-01
9.825814554161173e-01
9.899210880227631e-01
9.946041190739106e-01
9.973595675479656e-01
9.987822330916500e-01
9.994858122092715e-01
9.998038559017803e-01
9.999330031082652e-01
9.999797813412257e-01
9.999946674623833e-01
9.999987911533993e-01
9.999997676458144e-01
9.999999628474548e-01
9.999999951444307e-01
9.999999994938383e-01
9.999999999585167e-01
9.999999999974768e-01
9.999999999998677e-01
1.000000000000000e+00
9.999999999999988e-01
1.000000000000000e+00
9.999999999999999e-01
1.000000000000000e+00
1.000000000000000e+00
1.000000000000000e+00
1.000000000000000e+00
1.000000000000000e+00
1.000000000000000e+00
1.000000000000000e+00
###8.200000000000003e+00
1.753752768250555e-09
2.227368777688823e-09
2.798613949135991e-09
3.483011193259219e-09
4.323859339307346e-09
5.356652172302437e-09
6.614767821503585e-09
8.150898932326224e-09
1.002843241980339e-08
1.232355193918697e-08
1.512598104123832e-08
1.855084184832085e-08
2.273655055669494e-08
2.785037043822582e-08
3.410043857417748e-08
4.173023568470279e-08
5.104687046880238e-08
6.242263604645184e-08
7.630963542140601e-08
9.325419992360943e-08
1.139772157314916e-07
1.391578327836086e-07
1.699149076983744e-07
2.074404365299104e-07
2.531640331716961e-07
3.088962695356303e-07
3.768254541197006e-07
4.595811149991529e-07
5.603708599612949e-07
6.831040518766925e-07
8.325331287702773e-07
1.014392805410940e-06
1.235735083446064e-06
1.504898674180288e-06
1.832404156402430e-06
2.230340379654681e-06
2.714143318728264e-06
3.302010247794568e-06
4.016235479722832e-06
4.883276941819989e-06
5.935988370265677e-06
7.213548375159329e-06
8.763466853087876e-06
1.064315842424486e-05
1.292233143579582e-05
1.568377135383591e-05
1.902916213678815e-05
2.308104226866055e-05
2.798537168467851e-05
3.391943102094557e-05
4.109741614919031e-05
4.977431214114302e-05
6.026258170785767e-05
7.292885249327048e-05
8.822139912283004e-05
1.066742614645259e-04
1.289365894369649e-04
1.557596964198157e-04
1.880874039988103e-04
2.270164738590775e-04
2.738634152117661e-04
3.302102711289754e-04
3.979168087456040e-04
4.792750664774908e-04
5.769054542710861e-04
6.940326512797471e-04
8.343947218607267e-04
1.002547017964426e-03
1.203801794032244e-03
1.444340162839526e-03
1.731760770433915e-03
2.075031314636972e-03
2.484415987498610e-03
2.971706054781702e-03
3.551902575309897e-03
4.241585208111261e-03
5.060494838477647e-03
6.031921126619704e-03
7.182332206498433e-03
8.543529644879285e-03
1.015082422937861e-02
1.204656747489318e-02
1.427936811496641e-02
1.690361135018115e-02
1.998233171638310e-02
2.358965869005511e-02
2.780527138827365e-02
3.272296585409963e-02
3.844327733983446e-02
4.508529940946589e-02
5.277422414343218e-02
6.165485950179246e-02
7.186753047219825e-02
8.358080582653883e-02
9.697825567492596e-02
1.122271180974943e-01
1.295222232725959e-01
1.490477029979456e-01
1.709843461584044e-01
1.955031817632267e-01
2.227466528887806e-01
2.528219123869059e-01
2.858050254271803e-01
3.217025864647582e-01
3.604666989579249e-01
4.019176423638945e-01
4.458197949598654e-01
4.918310918525138e-01
5.394271246210750e-01
5.880324950060063e-01
6.369392799007684e-01
6.853186156053714e-01
7.323228384952990e-01
7.770489355590494e-01
8.186790305577600e-01
8.562939012948168e-01
8.897172897169839e-01
9.181524831710564e-01
9.415669043264135e-01
9.600874754490796e-01
9.740802296033341e-01
9.841178558617087e-01
9.909019649033801e-01
9.951841407226577e-01
9.976735005361724e-01
9.989409926306912e-01
9.995591553346970e-01
9.998344417698258e-01
9.999444039339513e-01
9.999835317622616e-01
9.999957442727718e-01
9.999990562749045e-01
9.999998228753110e-01
9.999999724112779e-01
9.999999964921419e-01
9.999999996456396e-01
9.999999999717468e-01
9.999999999983595e-01
9.999999999999081e-01
1.000000000000002e+00
9.999999999999987e-01
1.000000000000000e+00
9.999999999999999e-01
1.000000000000000e+00
1.000000000000000e+00
1.000000000000000e+00
1.000000000000000e+00
1.000000000000000e+00
1.000000000000000e+00
1.000000000000000e+00
###8.400000000000002e+00
1.898687782677835e-09
2.409703200752893e-09
3.027770002406597e-09
3.768068950685994e-09
4.677483039707256e-09
5.794334663382374e-09
7.154573428714291e-09
8.815085607038095e-09
1.084428049572553e-08
1.332433373929329e-08
1.635196494257214e-08
2.005130639118891e-08
2.457161422249557e-08
3.009312496839477e-08
3.684014075265429e-08
4.507485004485599e-08
5.512802620568390e-08
6.740052734766647e-08
8.237899081348453e-08
1.006513312458235e-07
1.229934997422243e-07
1.501344585832542e-07
1.832795007352667e-07
2.237088367718072e-07
2.729587252074861e-07
3.329747860501941e-07
4.061076387005959e-07
4.951808103776582e-07
6.036372699950901e-07
7.356728167011689e-07
8.963860018809593e-07
1.091927295148555e-06
1.329858248262124e-06
1.619115318934963e-06
1.970975321028481e-06
2.398377644454925e-06
2.917859184456768e-06
3.548896533940212e-06
4.315346339667231e-06
5.245504268490290e-06
6.374496939765464e-06
7.744209086529754e-06
9.405398335962755e-06
1.141938431396274e-05
1.386059956857689e-05
1.681735144490033e-05
2.039814463113238e-05
2.473363062301105e-05
2.997936189807608e-05
3.632417195787402e-05
4.399623798646500e-05
5.326686086521782e-05
6.446846740564362e-05
7.799087833029053e-05
9.431050681885733e-05
1.139946258242254e-04
1.377330134723303e-04
1.663208115787245e-04
2.007609795686124e-04
2.422151527185037e-04
2.920778007851538e-04
3.520235905016785e-04
4.240204875433716e-04
5.104898776314480e-04
6.142001294050297e-04
7.385568826693905e-04
8.875025764399598e-04
1.065839574235223e-03
1.279164563742337e-03
1.533976933100375e-03
1.838272764513862e-03
2.201471168515537e-03
2.634348396746635e-03
3.149260937591646e-03
3.761937279477727e-03
4.489703122875178e-03
5.353218880353906e-03
6.376799307643471e-03
7.588039291498746e-03
9.019965273579119e-03
1.070957845043162e-02
1.270063205423365e-02
1.504361108646404e-02
1.779477058063125e-02
2.101933727618550e-02
2.479383666181558e-02
2.920020456642274e-02
3.433498413887705e-02
4.030105275230611e-02
4.722036157086631e-02
5.522051290580643e-02
6.444884411615809e-02
7.504717244112932e-02
8.718577455202586e-02
1.010493780530325e-01
1.168044875105558e-01
1.346448305959778e-01
1.547515115342276e-01
1.773005004314528e-01
2.024558532057816e-01
2.303507200655233e-01
2.610795540230464e-01
2.947036336513492e-01
3.312114780069533e-01
3.705348277729488e-01
4.124692362040136e-01
4.567581690737811e-01
5.030315790723845e-01
5.507426911005497e-01
5.992953236372259e-01
6.479680721610688e-01
6.959233910981134e-01
7.423163600019366e-01
7.862582040710594e-01
8.269563340241503e-01
8.635598625122928e-01
8.958490500923756e-01
9.231697039554315e-01
9.455147002513116e-01
9.630588495480963e-01
9.762067168523967e-01
9.855542460411041e-01
9.918097496192184e-01
9.957148399622381e-01
9.979570328112525e-01
9.990825033215271e-01
9.996236024932349e-01
9.998608990528866e-01
9.999540984029991e-01
9.999866616155422e-01
9.999966244589890e-01
9.999992682639666e-01
9.999998659857129e-01
9.999999796816459e-01
9.999999974883667e-01
9.999999997543941e-01
9.999999999809435e-01
9.999999999989628e-01
9.999999999999355e-01
1.000000000000003e+00
9.999999999999987e-01
1.000000000000000e+00
9.999999999999999e-01
1.000000000000000e+00
1.000000000000000e+00
1.000000000000000e+00
1.000000000000000e+00
1.000000000000000e+00
1.000000000000000e+00
1.000000000000000e+00
###8.600000000000001e+00
2.054161472602989e-09
2.605343384320266e-09
3.273651694142542e-09
4.073917117166401e-09
5.056871986085436e-09
6.263866876584041e-09
7.733597335133230e-09
9.527437679535749e-09
1.171916962951397e-08
1.439737973017297e-08
1.766626222519386e-08
2.165958128921232e-08
2.653817967247944e-08
3.249615217859791e-08
3.977506914899013e-08
4.865708866967804e-08
5.949824873756063e-08
7.272989252336818e-08
8.887550252060302e-08
1.085673413906815e-07
1.326384886574732e-07
1.618758016681045e-07
1.975718625694308e-07
2.411025090450300e-07
2.941175458689121e-07
3.587063925160315e-07
4.373924403245903e-07
5.332056416161287e-07
6.498392877456044e-07
7.917937952661429e-07
9.645356357815719e-07
1.174657061535729e-06
1.430260942236689e-06
1.740918422960822e-06
2.118709050792541e-06
2.577474820201582e-06
3.134920377116742e-06
3.811878745036797e-06
4.633862496269216e-06
5.631114300119418e-06
6.841168263696212e-06
8.308773318079463e-06
1.008812395242540e-05
1.224467017614239e-05
1.485783872044915e-05
1.802177316296597e-05
2.185218155663160e-05
2.648828139439988e-05
3.209574734607590e-05
3.887559985153096e-05
4.707075057011178e-05
5.696969419539507e-05
6.892588355154848e-05
8.335354454006473e-05
1.007586913471272e-04
1.217435345336568e-04
1.470404998310186e-04
1.774908500329782e-04
2.141594944837820e-04
2.582761428169541e-04
3.113169459792807e-04
3.750535726199031e-04
4.515671261561509e-04
5.434144049556142e-04
6.535182692101486e-04
7.854732518686482e-04
9.434349590021816e-04
1.132463242332903e-03
1.358450782061115e-03
1.628228223726938e-03
1.950204437675489e-03
2.334267559861710e-03
2.791724295217689e-03
3.335516379258864e-03
3.982124789135774e-03
4.749647720813113e-03
5.659691567645741e-03
6.737627826946643e-03
8.012209161134057e-03
9.517833394788089e-03
1.129289889592811e-02
1.338292299580147e-02
1.584018389578332e-02
1.872287536787870e-02
2.209840855310223e-02
2.604574313601548e-02
3.064909379478179e-02
3.600774740190738e-02
4.222691847074293e-02
4.943138528365909e-02
5.775110273344460e-02
6.733585678650618e-02
7.832881990100207e-02
9.090181698491860e-02
1.052405257377958e-01
1.215104341584371e-01
1.399038457130699e-01
1.605984460093113e-01
1.837649397523534e-01
2.095599218714593e-01
2.381066729838385e-01
2.694864473368531e-01
3.037451728765965e-01
3.408528094126341e-01
3.807203333220154e-01
4.231186109881857e-01
4.677696381269059e-01
5.142762311021934e-01
5.620697477518759e-01
6.105343813201213e-01
6.589364116459875e-01
7.064317403616175e-01
7.521801658012371e-01
7.953093465769249e-01
8.350542405932638e-01
8.706270069542869e-01
9.017852984514371e-01
9.279971674460059e-01
9.492877197580672e-01
9.658775934268119e-01
9.782073432752079e-01
9.868931844353701e-01
9.926471748729819e-01
9.961986835828166e-01
9.982121045898467e-01
9.992080950726543e-01
9.996799641484464e-01
9.998836656833465e-01
9.999622946722542e-01
9.999892571400113e-01
9.999973390224710e-01
9.999994364843042e-01
9.999998993574265e-01
9.999999851584976e-01
9.999999982175245e-01
9.999999998314706e-01
9.999999999872639e-01
9.999999999993574e-01
9.999999999999540e-01
1.000000000000004e+00
9.999999999999988e-01
1.000000000000000e+00
9.999999999999999e-01
1.000000000000000e+00
1.000000000000000e+00
1.000000000000000e+00
1.000000000000000e+00
1.000000000000000e+00
1.000000000000000e+00
1.000000000000000e+00
###8.800000000000001e+00
2.220853167979317e-09
2.815148164003509e-09
3.537338906204489e-09
4.401896954272199e-09
5.463686485687591e-09
6.767298291800586e-09
8.354358521551053e-09
1.029104222282353e-08
1.265687550978487e-08
1.554729861253347e-08
1.907448941994209e-08
2.338250270150775e-08
2.864455939738206e-08
3.506955042219576e-08
4.291748315233076e-08
5.249182127078150e-08
6.417556162101257e-08
7.843256461451518e-08
9.582560300008182e-08
1.170342076287050e-07
1.429521015600557e-07
1.744286095345085e-07
2.128484823775989e-07
2.596896775390945e-07
3.167228413026113e-07
3.861904336686335e-07
4.707996613505352e-07
5.738000135425189e-07
6.991508824150258e-07
8.516764771287779e-07
1.037234174597164e-06
1.262885427284434e-06
1.537307909693884e-06
1.870746304938986e-06
2.276131906103342e-06
2.768264027751335e-06
3.366085336161713e-06
4.091866470295882e-06
4.972874139870631e-06
6.041412698846552e-06
7.337565265259973e-06
8.909110855095249e-06
1.081387911081665e-05
1.312168675862399e-05
1.591723770864759e-05
1.930084088410939e-05
2.339580823876668e-05
2.835039789236879e-05
3.434095995831115e-05
4.158136466942846e-05
5.033004540798021e-05
6.089360700219834e-05
7.364763652577836e-05
8.903202901397450e-05
1.075839238833639e-04
1.299422440681416e-04
1.568841682891270e-04
1.892994559257385e-04
2.283178984722754e-04
2.752405992685657e-04
3.316292525156070e-04
3.993570676057438e-04
4.806234075154562e-04
5.781267520043421e-04
6.949512107721068e-04
8.348884100731269e-04
1.002316191902145e-03
1.202562695884856e-03
1.441828507132115e-03
1.727288843209786e-03
2.067781164335073e-03
2.473680664132140e-03
2.956843359421070e-03
3.530816607627611e-03
4.212848659946119e-03
5.021869691672622e-03
5.980426463507595e-03
7.114989955567885e-03
8.455502594702067e-03
1.003778914548745e-02
1.190162162486695e-02
1.409437290743202e-02
1.667008662303949e-02
1.968907151082629e-02
2.322080527684046e-02
2.734675354440397e-02
3.215342858930614e-02
3.774285543076264e-02
4.422257470842492e-02
5.172015660558100e-02
6.036784375192605e-02
7.031778180729299e-02
8.171435167364836e-02
9.473075617289389e-02
1.095534035819399e-01
1.263464694927489e-01
1.453004978509650e-01
1.665893516024374e-01
1.903780112346693e-01
2.168151114452661e-01
2.460134864726874e-01
2.780406848613340e-01
3.129267315841927e-01
3.506225600342134e-01
3.910180144418477e-01
4.338593142234844e-01
4.788465770636849e-01
5.255563061189554e-01
5.733986096164914e-01
6.217392744573357e-01
6.698335664920928e-01
7.168329790807509e-01
7.619040700054621e-01
8.041931352568419e-01
8.429647949292901e-01
8.774904954255894e-01
9.075216341825574e-01
9.326327529933293e-01
9.528857581901229e-01
9.685450773427318e-01
9.800845458431544e-01
9.881376245791841e-01
9.934172082226383e-01
9.966382459647594e-01
9.984406768981683e-01
9.993190800661631e-01
9.997290222292917e-01
9.999031549305224e-01
9.999691848454030e-01
9.999913961114648e-01
9.999979151958945e-01
9.999995689720268e-01
9.999999249787667e-01
9.999999892473889e-01
9.999999987460332e-01
9.999999998855165e-01
9.999999999915599e-01
9.999999999996119e-01
9.999999999999666e-01
1.000000000000004e+00
9.999999999999989e-01
1.000000000000000e+00
9.999999999999999e-01
1.000000000000000e+00
1.000000000000000e+00
1.000000000000000e+00
1.000000000000000e+00
1.000000000000000e+00
1.000000000000000e+00
1.000000000000000e+00
###9.000000000000000e+00
2.399482026038560e-09
3.040025287177366e-09
3.819973054950689e-09
4.753426080174227e-09
5.899681242653380e-09
7.306794718491402e-09
9.019518727855141e-09
1.110916076519208e-08
1.366138622604454e-08
1.677895809332829e-08
2.058257771987628e-08
2.522728847424895e-08
3.089952846138957e-08
3.782397794490452e-08
4.628031938119928e-08
5.659473589498118e-08
6.917897644848125e-08
8.453156905205584e-08
1.032571630991814e-07
1.260856457391150e-07
1.539754297314845e-07
1.878423051587705e-07
2.291688641331880e-07
2.795421865557312e-07
3.408613021735655e-07
4.155314666098532e-07
5.064553549847397e-07
6.171158232974635e-07
7.517549981173536e-07
9.155410964909802e-07
1.114746619429301e-06
1.356931065434794e-06
1.651382266792133e-06
2.009059238655321e-06
2.443796635024610e-06
2.971408597645957e-06
3.612149717645040e-06
4.389813501974123e-06
5.333524297646579e-06
6.477767904310775e-06
7.865325322874944e-06
9.547179992422165e-06
1.158500421970355e-05
1.405322926059069e-05
1.704213272708447e-05
2.065853333881612e-05
2.503376628680333e-05
3.032562674675550e-05
3.672171865927233e-05
4.444945448972761e-05
5.378361195889072e-05
6.504986193198120e-05
7.864708190685770e-05
9.504215356822024e-05
1.148049294733248e-04
1.386128924583734e-04
1.672901687892775e-04
2.017774728410968e-04
2.432725366600350e-04
2.931512976549634e-04
3.530649990325152e-04
4.249930952286786e-04
5.112584956702728e-04
6.147005622466103e-04
7.385935775933768e-04
8.869128218179111e-04
1.064274968592983e-03
1.276287605065464e-03
1.529471485507643e-03
1.831360054624878e-03
2.191235614382527e-03
2.619978868725219e-03
3.130014462227119e-03
3.735516077597182e-03
4.454523971779781e-03
5.306832219315915e-03
6.315954154690896e-03
7.509483744038656e-03
8.918595493743612e-03
1.058057251280696e-02
1.253659946857039e-02
1.483593340192605e-02
1.753442717147697e-02
2.069452502091697e-02
2.438780666315926e-02
2.869826166074610e-02
3.371471478713305e-02
3.954192111766887e-02
4.628973025088470e-02
5.408846394883313e-02
6.307258027206161e-02
7.339648722284441e-02
8.520561741073794e-02
9.867437017139799e-02
1.139896526901989e-01
1.313140193072162e-01
1.508359056994591e-01
1.727249352513965e-01
1.971398939002084e-01
2.242209466335065e-01
2.540699050174580e-01
2.867401000112820e-01
3.222451146233330e-01
3.605164085652686e-01
4.014223619361980e-01
4.446845988122139e-01
4.899810884272897e-01
5.368628403255222e-01
5.847194428821032e-01
6.328995632719968e-01
6.806488770899866e-01
7.271166375981887e-01
7.714782555567387e-01
8.129008652726005e-01
8.506807432003007e-01
8.841460047769255e-01
9.130545811518324e-01
9.370751763087594e-01
9.563093807230501e-01
9.710633173314313e-01
9.818412573205518e-01
9.892908544926396e-01
9.941229998270810e-01
9.970361689568359e-01
9.986447053724564e-01
9.994167373949944e-01
9.997715225514446e-01
9.999197525013668e-01
9.999749442764743e-01
9.999931478953794e-01
9.999983766471658e-01
9.999996725419753e-01
9.999999444901525e-01
9.999999922730604e-01
9.999999991254427e-01
9.999999999230155e-01
9.999999999944489e-01
9.999999999997735e-01
9.999999999999750e-01
1.000000000000004e+00
9.999999999999990e-01
1.000000000000000e+00
9.999999999999999e-01
1.000000000000000e+00
1.000000000000000e+00
1.000000000000000e+00
1.000000000000000e+00
1.000000000000000e+00
1.000000000000000e+00
1.000000000000000e+00
###9.199999999999999e+00
2.590807852729334e-09
3.280933876032286e-09
4.122760154171107e-09
5.130002266292414e-09
6.366710043847474e-09
7.884644070501760e-09
9.731889414507848e-09
1.198523788262352e-08
1.473691296764197e-08
1.809749755118451e-08
2.219678830499050e-08
2.720155669439841e-08
3.331234678004486e-08
4.077067979916198e-08
4.987722380311731e-08
6.098237754677106e-08
7.452853919696898e-08
9.105117893088865e-08
1.111995576302645e-07
1.357571831068193e-07
1.657514323205841e-07
2.021694122001222e-07
2.465956580155392e-07
3.007356661334363e-07
3.666241625752003e-07
4.468394982649669e-07
5.444921090778261e-07
6.633127989223311e-07
8.078439573740875e-07
9.836191127370941e-07
1.197351400150432e-06
1.457128768302142e-06
1.772886309004625e-06
2.156340396050407e-06
2.622283308452498e-06
3.187604436022336e-06
3.873947993834692e-06
4.706719886823053e-06
5.717010622408151e-06
6.941613695876847e-06
8.426163737449164e-06
1.022503118076445e-05
1.240394897400676e-05
1.504222213046011e-05
1.823601326672609e-05
2.209901055741087e-05
2.677101151779914e-05
3.241986742931818e-05
3.924504049685979e-05
4.748820843043177e-05
5.744135277548651e-05
6.945020703651217e-05
8.393814496776813e-05
1.014004077375869e-04
1.224412147503806e-04
1.477785312132176e-04
1.782857166383488e-04
2.149569863916039e-04
2.590611986912976e-04
3.120526904820776e-04
3.756764065109946e-04
4.520229201074165e-04
5.435441300114237e-04
6.532258141471396e-04
7.845434038980965e-04
9.416608926236397e-04
1.129444498693984e-03
1.353792800363394e-03
1.621559338779881e-03
1.940649788359822e-03
2.320807996779121e-03
2.773439059357535e-03
3.311556015340914e-03
3.949979970061346e-03
4.707570601321799e-03
5.605011669319964e-03
6.666813165305444e-03
7.921727076875022e-03
9.402180549827418e-03
1.114696256028317e-02
1.319870598043378e-02
1.560857603820688e-02
1.843428203433508e-02
2.174042248806512e-02
2.560071165432997e-02
3.010167967736288e-02
3.533449733013844e-02
4.140652928032396e-02
4.843010143074879e-02
5.653809658166259e-02
6.586714876243330e-02
7.657382223841339e-02
8.880443434512722e-02
1.027343882429637e-01
1.185508459842502e-01
1.364144187789227e-01
1.565110719777721e-01
1.790057599822399e-01
2.040505929962982e-01
2.317767478227210e-01
2.622744383370324e-01
2.955822640977737e-01
3.316968424418886e-01
3.705297352605568e-01
4.119275649117081e-01
4.555874332644556e-01
5.011650187785801e-01
5.481866696874725e-01
5.960222924217453e-01
6.440047944684828e-01
6.912678573998867e-01
7.372724968114256e-01
7.808933070852018e-01
8.214243804085799e-01
8.581955361311970e-01
8.905897788641296e-01
9.183815420724625e-01
9.413239535081042e-01
9.595598714972524e-01
9.734349177617647e-01
9.834808451713573e-01
9.903564388294670e-01
9.947678349324741e-01
9.973951261905613e-01
9.988261175037026e-01
9.995023004653254e-01
9.998081692315625e-01
9.999338147433865e-01
9.999797314020701e-01
9.999945737169130e-01
9.999987437357788e-01
9.999997529086934e-01
9.999999592291635e-01
9.999999944923564e-01
9.999999993952451e-01
9.999999999487624e-01
9.999999999963720e-01
9.999999999998745e-01
9.999999999999808e-01
1.000000000000003e+00
9.999999999999991e-01
1.000000000000000e+00
9.999999999999999e-01
1.000000000000000e+00
1.000000000000000e+00
1.000000000000000e+00
1.000000000000000e+00
1.000000000000000e+00
1.000000000000000e+00
1.000000000000000e+00
###9.399999999999999e+00
2.795633119560464e-09
3.538886968123667e-09
4.446974022120255e-09
5.533207413090659e-09
6.866730665875177e-09
8.503262392920407e-09
1.049443920836109e-08
1.292291019738156e-08
1.588790100892188e-08
1.950834129975537e-08
2.392372838876267e-08
2.931334505577452e-08
3.589278252327115e-08
4.392151593063145e-08
5.372258597108726e-08
6.567218890427513e-08
8.024537892778279e-08
9.801697312777119e-08
1.196837343128400e-07
1.460862409224520e-07
1.783253467234637e-07
2.174637884571463e-07
2.651947751842532e-07
3.233497015219353e-07
3.941074047184121e-07
4.802302321191067e-07
5.850493409450492e-07
7.125588516936317e-07
8.676198817521787e-07
1.056153711190947e-06
1.285340966176839e-06
1.563830052953868e-06
1.902242353338178e-06
2.313096846753254e-06
2.812200511199250e-06
3.417581428981599e-06
4.152355117050171e-06
5.043633858728040e-06
6.124588229740179e-06
7.434451937455418e-06
9.021876511701804e-06
1.094481091293633e-05
1.327327684087458e-05
1.609172501488656e-05
1.950252831113730e-05
2.362662114035493e-05
2.861272247632217e-05
3.463928223809415e-05
4.191825232135654e-05
5.070633066191054e-05
6.131359944454871e-05
7.410689436904704e-05
8.953534235864819e-05
1.081239740474278e-04
1.305130974438883e-04
1.574631596701670e-04
1.898991332734719e-04
2.288713712748258e-04
2.757231743446841e-04
3.319909735791583e-04
3.995177207356452e-04
4.805101544935197e-04
5.775548058729071e-04
6.937910389777131e-04
8.329023757476372e-04
9.992511321402242e-04
1.197962666161595e-03
1.435238421065195e-03
1.718277707889106e-03
2.055372779283922e-03
2.456746186050486e-03
2.934346725872229e-03
3.501796045244133e-03
4.174584155439818e-03
4.972418030636987e-03
5.916897443921869e-03
7.033558642843344e-03
8.352345184363046e-03
9.906967073613869e-03
1.173775603999858e-02
1.388883788982463e-02
1.641329377315181e-02
1.937074698465253e-02
2.282796938057751e-02
2.686083695545766e-02
3.155843551055413e-02
3.701429138107919e-02
4.333816466574233e-02
5.064540460934284e-02
5.907083863891854e-02
6.875337124909711e-02
7.985160994870061e-02
9.251257896772391e-02
1.069124812427633e-01
1.232384770349401e-01
1.416488994630767e-01
1.623268682496270e-01
1.854322271310492e-01
2.111099190659010e-01
2.394816061594686e-01
2.706253313898404e-01
3.045644492398693e-01
3.412781039448092e-01
3.806575593914218e-01
4.225274242806747e-01
4.665603727010307e-01
5.123897609436311e-01
5.595180719018708e-01
6.072964748918117e-01
6.550425085552444e-01
7.019045316105921e-01
7.472869869215054e-01
7.901386916659163e-01
8.297548884572160e-01
8.655025458917130e-01
8.968180929490407e-01
9.235003630313856e-01
9.453790919593831e-01
9.626390030904954e-01
9.756628990412717e-01
9.850069822640753e-01
9.913381236219192e-01
9.953550673127621e-01
9.977177805503384e-01
9.989867883406418e-01
9.995769452800320e-01
9.998396200039454e-01
9.999456675727152e-01
9.999836879441941e-01
9.999957270741081e-01
9.999990337990093e-01
9.999998148124636e-01
9.999999702741682e-01
9.999999961060174e-01
9.999999995853164e-01
9.999999999662569e-01
9.999999999976400e-01
9.999999999999364e-01
9.999999999999849e-01
1.000000000000003e+00
9.999999999999992e-01
1.000000000000000e+00
9.999999999999999e-01
1.000000000000000e+00
1.000000000000000e+00
1.000000000000000e+00
1.000000000000000e+00
1.000000000000000e+00
1.000000000000000e+00
1.000000000000000e+00
###9.599999999999998e+00
3.014805086594492e-09
3.814954200044967e-09
4.793959663203880e-09
5.964711735825179e-09
7.401810041713910e-09
9.165200239933979e-09
1.131030152345545e-08
1.392601585822968e-08
1.711904137247403e-08
2.101721257136578e-08
2.577036814434185e-08
3.157113130784732e-08
3.865113678557211e-08
4.728899091245974e-08
5.783157452336194e-08
7.068255338515755e-08
8.635175953036611e-08
1.054558984526343e-07
1.287422886982828e-07
1.571122235099699e-07
1.917447948746985e-07
2.337829323334202e-07
2.850356579913469e-07
3.474680164248923e-07
4.234119771299173e-07
5.158253278063826e-07
6.282736074150018e-07
7.650304454342400e-07
9.312951321290093e-07
1.133400326439783e-06
1.379022415185573e-06
1.677403944309552e-06
2.039893614853891e-06
2.479860596961455e-06
3.014186558065378e-06
3.662104900597176e-06
4.448288253112628e-06
5.401653855491047e-06
6.557572064518244e-06
7.957852983762048e-06
9.654343914624829e-06
1.170876582018211e-05
1.419566970649737e-05
1.720493764085765e-05
2.084549274638614e-05
2.524590977391880e-05
3.056430923558938e-05
3.699030659986877e-05
4.474900302847308e-05
5.411290408494365e-05
6.541112906012557e-05
7.903269922472574e-05
9.545380460153601e-05
1.152307543358036e-04
1.390417372625446e-04
1.676917618208812e-04
2.021598963983967e-04
2.435578018533298e-04
2.932993191305907e-04
3.530141462279658e-04
4.246452738376019e-04
5.105208202129212e-04
6.133677970971453e-04
7.364864991745801e-04
8.837758504554092e-04
1.059806254591833e-03
1.269972158225179e-03
1.520790078695795e-03
1.819818448770350e-03
2.175750797924136e-03
2.599305992062766e-03
3.102996275363784e-03
3.701072555002967e-03
4.409715612165234e-03
5.249508048757083e-03
6.242992344647134e-03
7.416761044770123e-03
8.801982142082347e-03
1.043368139071811e-02
1.235373962958128e-02
1.460789553203213e-02
1.725110514360928e-02
2.034493808273270e-02
2.395839118398859e-02
2.816951861914713e-02
3.306997479516963e-02
3.875564204516920e-02
4.533867936735993e-02
5.293736462078785e-02
6.168847414269570e-02
7.173306065683380e-02
8.323165306136728e-02
9.633179391897645e-02
1.112102702623149e-01
1.280539713472456e-01
1.470186043540629e-01
1.682840552981692e-01
1.920046041719161e-01
2.183175261600071e-01
2.473344363045577e-01
2.791206375380793e-01
3.136837305664421e-01
3.509849003616402e-01
3.908947449892245e-01
4.332156519596941e-01
4.775960108125457e-01
5.236469503128722e-01
5.708480022261294e-01
6.185326382460800e-01
6.660053241327620e-01
7.124253749971068e-01
7.571552473150401e-01
7.992077823061261e-01
8.378868855284419e-01
8.725975832333429e-01
9.028291109299346e-01
9.284105513518356e-01
9.492419120507077e-01
9.655495565398637e-01
9.777510052582500e-01
9.864238112185523e-01
9.922399130365676e-01
9.958881488797032e-01
9.980067909193222e-01
9.991285410792164e-01
9.996417888004452e-01
9.998664859903784e-01
9.999556071057182e-01
9.999869397922303e-01
9.999966543200656e-01
9.999992573196675e-01
9.999998621508750e-01
9.999999784821780e-01
9.999999972698647e-01
9.999999997176366e-01
9.999999999781392e-01
9.999999999984284e-01
9.999999999999863e-01
9.999999999999837e-01
1.000000000000004e+00
9.999999999999990e-01
1.000000000000000e+00
9.999999999999999e-01
1.000000000000000e+00
1.000000000000000e+00
1.000000000000000e+00
1.000000000000000e+00
1.000000000000000e+00
1.000000000000000e+00
1.000000000000000e+00
###9.799999999999997e+00
3.249217995508345e-09
4.110264571926457e-09
5.165136738614918e-09
6.426278072218359e-09
7.974129576638824e-09
9.873149257410315e-09
1.218278273451077e-08
1.499860428213995e-08
1.843528257735684e-08
2.263014786818537e-08
2.774405806314520e-08
3.398385421471444e-08
4.159826884969902e-08
5.088628442199858e-08
6.222017384597164e-08
7.603283912357300e-08
9.287113253656925e-08
1.133963330489597e-07
1.384095401197559e-07
1.688766100772390e-07
2.060598935077005e-07
2.511873408428412e-07
3.061913015848304e-07
3.731786579982627e-07
4.546440144015094e-07
5.537526622261489e-07
6.743189147399118e-07
8.209129644034764e-07
9.990927409021937e-07
1.215627159047431e-06
1.478718102945466e-06
1.798237676851514e-06
2.186305061560163e-06
2.657189600436563e-06
3.228910698459448e-06
3.921977014952415e-06
4.762708373436400e-06
5.781930497805813e-06
7.017339009499052e-06
8.513452646204006e-06
1.032553344461516e-05
1.251924541636804e-05
1.517393215138369e-05
1.838520492867889e-05
2.226889321621767e-05
2.696162404966323e-05
3.263142133859661e-05
3.947965813796462e-05
4.774527365513244e-05
5.771740269734374e-05
6.974517825440937e-05
8.424093620420320e-05
1.017092944102570e-04
1.227393905593508e-04
1.480491595398135e-04
1.784903326254985e-04
2.150986671146431e-04
2.590503665793747e-04
3.118320870660830e-04
3.751720509349529e-04
4.511175276568034e-04
5.421233952528179e-04
6.510632042414536e-04
7.814057066529171e-04
9.372729063345953e-04
1.123453228258685e-03
1.345620510026446e-03
1.610618892699261e-03
1.926379653591160e-03
2.302012650537810e-03
2.748751130033135e-03
3.279690957561260e-03
3.909733383472782e-03
4.655772193461871e-03
5.539294395996116e-03
6.583812298828419e-03
7.817004967322261e-03
9.271297971419186e-03
1.098306478606796e-02
1.299563873048589e-02
1.535680417401613e-02
1.812302657946437e-02
2.135798911196827e-02
2.513293090000289e-02
2.952810918628777e-02
3.463775771515382e-02
4.056011117406642e-02
4.740972377217743e-02
5.530770833396034e-02
6.439277967513458e-02
7.480801179116843e-02
8.671572286452230e-02
1.002637744457010e-01
1.156293099796760e-01
1.329986658485286e-01
1.525245625047730e-01
1.743832516795244e-01
1.987229854175835e-01
2.256728623632085e-01
2.553339485929024e-01
2.877581368601833e-01
3.229368783159335e-01
3.608128993395237e-01
4.012357974826695e-01
4.439855785668938e-01
4.886865354271381e-01
5.349277752175875e-01
5.821668373611454e-01
6.297206498282124e-01
6.768841773739060e-01
7.228209159655145e-01
7.668677755192564e-01
8.080925172269757e-01
8.458139576070040e-01
8.794762196744055e-01
9.086209500982663e-01
9.331119073291254e-01
9.529140926775554e-01
9.682946639633810e-01
9.797032621257495e-01
9.877356545421069e-01
9.930658851111173e-01
9.963705182570903e-01
9.982647509564291e-01
9.992531163591171e-01
9.996978775426675e-01
9.998893282372342e-01
9.999638994847566e-01
9.999895974252592e-01
9.999973951951510e-01
9.999994365164664e-01
9.999998980262967e-01
9.999999845436706e-01
9.999999980984788e-01
9.999999998101408e-01
9.999999999857340e-01
9.999999999990361e-01
9.999999999999863e-01
9.999999999999921e-01
1.000000000000002e+00
9.999999999999996e-01
1.000000000000000e+00
1.000000000000000e+00
1.000000000000000e+00
1.000000000000000e+00
1.000000000000000e+00
1.000000000000000e+00
1.000000000000000e+00
1.000000000000000e+00
1.000000000000000e+00
###9.999999999999996e+00
3.499815420610182e-09
4.426009343934691e-09
5.562003213111893e-09
6.919766399402266e-09
8.585990722068794e-09
1.062994877636899e-08
1.311537049623611e-08
1.614494637002180e-08
1.984184310419324e-08
2.435351201326093e-08
2.985254716085105e-08
3.656093553669358e-08
4.474562269016439e-08
5.472728440831720e-08
6.690522249491593e-08
8.174344508358827e-08
9.982819252302651e-08
1.218681528527588e-07
1.487216112365104e-07
1.814230486153183e-07
2.213233703020794e-07
2.697406456342522e-07
3.287384654329451e-07
4.005741906164036e-07
4.879150683833221e-07
5.941466050122695e-07
7.233470463702373e-07
8.804011035124548e-07
1.071246880708922e-06
1.303115726730589e-06
1.584766297266450e-06
1.926737489962215e-06
2.341964335310896e-06
2.845668996028477e-06
3.457074404220398e-06
4.198038302960985e-06
5.096622128993633e-06
6.185668686091695e-06
7.505330248872409e-06
9.102986856508558e-06
1.103750346887134e-05
1.337870721845220e-05
1.621099618849060e-05
1.963602297333904e-05
2.377689451892257e-05
2.877872189153977e-05
3.481995632996278e-05
4.211434698029770e-05
5.091538929910946e-05
6.152970482963979e-05
7.432745844056022e-05
8.974547643175856e-05
1.083182260418399e-04
1.306692862440793e-04
1.575582777383317e-04
1.898859010334623e-04
2.287472958162475e-04
2.753860683945430e-04
3.313655359711196e-04
3.985164137575095e-04
4.789951271417714e-04
5.753888824480479e-04
6.907240376492216e-04
8.286455214353405e-04
9.935064588632602e-04
1.190323411027963e-03
1.425060262454195e-03
1.704901674060326e-03
2.038165863983670e-03
2.434394425233473e-03
2.905353504729394e-03
3.464743195949968e-03
4.128136601513377e-03
4.913163105190424e-03
5.842243343329391e-03
6.939886977777650e-03
8.234890017146911e-03
9.760968958018795e-03
1.155587661928989e-02
1.366444437598764e-02
1.613650922467748e-02
1.903010571072189e-02
2.241105318740151e-02
2.635285364622331e-02
3.093798274368131e-02
3.626325917646470e-02
4.242927178239422e-02
4.955295476919241e-02
5.775816227411524e-02
6.718552309335588e-02
7.798000004903498e-02
9.030555811425317e-02
1.043101674467613e-01
1.201710881328823e-01
1.380738090682834e-01
1.581676904940948e-01
1.806249371335471e-01
2.055872985022048e-01
2.331751819785772e-01
2.634787166481924e-01
2.965353639149033e-01
3.323203947929312e-01
3.707574882963041e-01
4.116749409835174e-01
4.548302669054788e-01
4.998239005031271e-01
5.462232400076336e-01
5.934648428610607e-01
6.408503468766312e-01
6.876666289367221e-01
7.330817883927522e-01
7.764154920090920e-01
8.167853419788834e-01
8.535303151986137e-01
8.861347308033528e-01
9.141923770380491e-01
9.376049532928263e-01
9.563979460910773e-01
9.708779665541948e-01
9.815240551466574e-01
9.889470427840646e-01
9.938201938599103e-01
9.968055935941355e-01
9.984941811549362e-01
9.993621684853644e-01
9.997461856232316e-01
9.999086584700666e-01
9.999707822082092e-01
9.999917572695772e-01
9.999979835706000e-01
9.999995750032245e-01
9.999999250943311e-01
9.999999889767607e-01
9.999999986870751e-01
9.999999998731568e-01
9.999999999908550e-01
9.999999999993918e-01
9.999999999999951e-01
9.999999999999946e-01
1.000000000000001e+00
9.999999999999997e-01
1.000000000000000e+00
1.000000000000000e+00
1.000000000000000e+00
1.000000000000000e+00
1.000000000000000e+00
1.000000000000000e+00
1.000000000000000e+00
1.000000000000000e+00
1.000000000000000e+00
###1.020000000000000e+01
3.767592503986726e-09
4.763445096480186e-09
5.986139225866125e-09
7.447142377579094e-09
9.239820865446460e-09
1.143859335009928e-08
1.411174259687677e-08
1.736954529490847e-08
2.134422445741031e-08
2.619401404924553e-08
3.210400221428449e-08
3.931230337978311e-08
4.810525506417428e-08
5.882662336596515e-08
7.190445385184495e-08
8.783584991157706e-08
1.072489356589101e-07
1.309028017248015e-07
1.597165122912968e-07
1.947974579699314e-07
2.375906836958336e-07
2.895097573756718e-07
3.527578454022520e-07
4.297519018672234e-07
5.233423539497573e-07
6.371483115453767e-07
7.755279116540247e-07
9.436992840399835e-07
1.148003357327492e-06
1.396161452518013e-06
1.697521877078405e-06
2.063329454921113e-06
2.507382740055482e-06
3.045912568528563e-06
3.699412755768665e-06
4.491169297596065e-06
5.451083746271220e-06
6.614129873642847e-06
8.023054329764809e-06
9.728258304253748e-06
1.179240696327393e-05
1.428972077672528e-05
1.730992644222330e-05
2.096104391745050e-05
2.537384675262637e-05
3.070237994011681e-05
3.713606980687309e-05
4.490168694612236e-05
5.426803260491947e-05
6.556010890906260e-05
7.917017403857049e-05
9.556076925598409e-05
1.152976908255802e-04
1.390406366368033e-04
1.675929297772095e-04
2.019065738350080e-04
2.431388876525000e-04
2.926038581304112e-04
3.519454151862441e-04
4.231009201414314e-04
5.083409815504298e-04
6.103908964447119e-04
7.324363128641411e-04
8.783062562172846e-04
1.052593376141492e-03
1.260552725454747e-03
1.508449101211596e-03
1.803821076897897e-03
2.155388235772015e-03
2.573139669959727e-03
3.069393401174032e-03
3.658474791160204e-03
4.356650726475952e-03
5.182309130921659e-03
6.158833924619866e-03
7.311760035435804e-03
8.671031053083198e-03
1.027168790582247e-02
1.215289460230708e-02
1.436107037553116e-02
1.694797653042639e-02
1.997340988462394e-02
2.350531100885150e-02
2.761945246723384e-02
3.240054195497682e-02
3.794796856423308e-02
4.436470722327688e-02
5.177003445420048e-02
6.029045087357807e-02
7.006846124577161e-02
8.125077857348596e-02
9.400286158857685e-02
1.084725674087334e-01
1.248370208389709e-01
1.432805558457135e-01
1.639487865864278e-01
1.870094461609111e-01
2.125972974835613e-01
2.408235358756176e-01
2.717667795362435e-01
3.054495976330581e-01
3.418305108783217e-01
3.808137745266552e-01
4.222061230141837e-01
4.657425217689828e-01
5.109998411871884e-01
5.575241866238555e-01
6.047322019912531e-01
6.519115767503163e-01
6.983426078194639e-01
7.431988133284743e-01
7.857897640446307e-01
8.252792337058293e-01
8.610308079008844e-01
8.925700957621734e-01
9.195428093320414e-01
9.418908979976818e-01
9.596963737930631e-01
9.733035626419012e-01
9.832180758060670e-01
9.900626644782766e-01
9.945070281169123e-01
9.971967434750155e-01
9.986975119501952e-01
9.994572580713303e-01
9.997876142319528e-01
9.999249399407206e-01
9.999764655878289e-01
9.999934904957771e-01
9.999984479747462e-01
9.999996813746204e-01
9.999999453599192e-01
9.999999921946103e-01
9.999999991012016e-01
9.999999999158156e-01
9.999999999942383e-01
9.999999999996060e-01
1.000000000000003e+00
9.999999999999952e-01
1.000000000000001e+00
9.999999999999997e-01
1.000000000000000e+00
1.000000000000000e+00
1.000000000000000e+00
1.000000000000000e+00
1.000000000000000e+00
1.000000000000000e+00
1.000000000000000e+00
1.000000000000000e+00
1.000000000000000e+00
###1.040000000000000e+01
4.053598596690585e-09
5.123896870933257e-09
6.439210985033816e-09
8.010471867519666e-09
9.938184031759562e-09
1.230224007190736e-08
1.517577602945240e-08
1.867714754651669e-08
2.294822459751570e-08
2.815872348572900e-08
3.450702739892167e-08
4.224841607402873e-08
5.168986394916716e-08
6.319969784530795e-08
7.723653736863589e-08
9.433266150618157e-08
1.151607192519116e-07
1.405333628346262e-07
1.714342263969514e-07
2.090481294594263e-07
2.549201441657278e-07
3.105650112078820e-07
3.783342471939051e-07
4.608140092132099e-07
5.610489949779311e-07
6.829060154527591e-07
8.310398958509556e-07
1.011022065905339e-06
1.229620098126862e-06
1.495074242434172e-06
1.817357010976599e-06
2.208460273717126e-06
2.683096175477842e-06
3.258562039086313e-06
3.956671622737640e-06
4.802291995302570e-06
5.827196834551997e-06
7.068634259006687e-06
8.572089572246169e-06
1.039115246646048e-05
1.259249497539212e-05
1.525497188067139e-05
1.847392509962799e-05
2.236408279976587e-05
2.706429211249949e-05
3.273800149508448e-05
3.958618434878023e-05
4.784930646130565e-05
5.781225617242634e-05
6.981934794834030e-05
8.428603947267492e-05
1.017018615900775e-04
1.226654794462244e-04
1.478744542824002e-04
1.781779073468158e-04
2.145815691597685e-04
2.583078412812359e-04
3.107441877476488e-04
3.736192149553000e-04
4.489812691422024e-04
5.392203261722039e-04
6.472057324624479e-04
7.762891269177163e-04
9.304917601711921e-04
1.114654570594046e-03
1.334281621095677e-03
1.595949962614472e-03
1.907565709778775e-03
2.278264654080139e-03
2.718499509273407e-03
3.241159600072267e-03
3.861217028347509e-03
4.595654809870104e-03
5.463642686252152e-03
6.489557942193751e-03
7.699993261360170e-03
9.126057968262531e-03
1.080416371715328e-02
1.277491340958940e-02
1.508632123715019e-02
1.779219014332479e-02
2.095402517016947e-02
2.464198306871967e-02
2.893400651432329e-02
3.391716521457570e-02
3.969330314642825e-02
4.636800792656816e-02
5.406262703557416e-02
6.290629306001108e-02
7.304333585842268e-02
8.462200737164483e-02
9.780929478195877e-02
1.127525110841598e-01
1.296284468583855e-01
1.486199613274640e-01
1.698685245079709e-01
1.935369618741975e-01
2.197525570149536e-01
2.486167669319240e-01
2.801961302326358e-01
3.144978602214218e-01
3.514631867394999e-01
3.909765892442275e-01
4.328230226838249e-01
4.767149031826370e-01
5.222058925342282e-01
5.688213203339526e-01
6.159590489808411e-01
6.628942473043510e-01
7.089022312141257e-01
7.531630633254065e-01
7.949824388281916e-01
8.335677345347010e-01
8.683109408536603e-01
8.987799974284459e-01
9.246723133358934e-01
9.459716019304254e-01
9.628128224687453e-01
9.755759567494076e-01
9.847902697881286e-01
9.910873192362482e-01
9.951305742303752e-01
9.975472616271246e-01
9.988770697383230e-01
9.995398470327389e-01
9.998229901225570e-01
9.999385890123018e-01
9.999811341764807e-01
9.999948657793035e-01
9.999988115869075e-01
9.999997625925304e-01
9.999999603862350e-01
9.999999945192316e-01
9.999999993876536e-01
9.999999999451319e-01
9.999999999962480e-01
9.999999999997918e-01
9.999999999999929e-01
9.999999999999998e-01
1.000000000000000e+00
1.000000000000000e+00
1.000000000000000e+00
1.000000000000000e+00
1.000000000000000e+00
1.000000000000000e+00
1.000000000000000e+00
1.000000000000000e+00
1.000000000000000e+00
1.000000000000000e+00
1.000000000000000e+00
###1.059999999999999e+01
4.358939823799462e-09
5.508761442107675e-09
6.922974926325445e-09
8.611934756683579e-09
1.068377432664062e-08
1.322421632250311e-08
1.631155646626271e-08
2.007275448131073e-08
2.465995196588226e-08
3.025508731059260e-08
3.707068485798790e-08
4.538028583328099e-08
5.551281844572998e-08
6.786272158897495e-08
8.292112189180137e-08
1.012576690571611e-07
1.235923240282953e-07
1.507946334019062e-07
1.839167990308194e-07
2.242258340059407e-07
2.733733126372246e-07
3.329803195287458e-07
4.055567686662238e-07
4.938678773423878e-07
6.011642832562493e-07
7.315753367805471e-07
8.900702237117950e-07
1.082594583297240e-06
1.316367669347135e-06
1.600179099300327e-06
1.944661893868028e-06
2.362598141717891e-06
2.869666158216136e-06
3.484290328855290e-06
4.229676327057376e-06
5.132371558140942e-06
6.226116508558211e-06
7.550563124725021e-06
9.154086815863366e-06
1.109364083438993e-05
1.344012062259391e-05
1.627726698078500e-05
1.970633711266875e-05
2.384912346015465e-05
2.885297199038230e-05
3.489122478834956e-05
4.217699951108648e-05
5.096515969054467e-05
6.155749552423523e-05
7.431860461448419e-05
8.968829651273853e-05
1.081844179593858e-04
1.304401050084387e-04
1.571925955234337e-04
1.893389862624548e-04
2.279412511443931e-04
2.742898865533988e-04
3.298490552119387e-04
3.964362171508671e-04
4.762152315028917e-04
5.717007865670391e-04
6.859124380896514e-04
8.223747382248908e-04
9.853095071210237e-04
1.179815095708920e-03
1.411655299269214e-03
1.687731147700908e-03
2.016330258591581e-03
2.407019863671898e-03
2.870732780907926e-03
3.420949519087639e-03
4.073310820823524e-03
4.845538587122219e-03
5.757607971743645e-03
6.834920242347607e-03
8.105174227444882e-03
9.600615897758629e-03
1.135912122325344e-02
1.342274395254180e-02
1.584112577722863e-02
1.867015085350024e-02
2.197305468268311e-02
2.582223062241165e-02
3.029782845313926e-02
3.548926695922724e-02
4.150084845981337e-02
4.844076960818613e-02
5.643239641209635e-02
6.560745647753220e-02
7.611187047889767e-02
8.809544428054832e-02
1.017264740136142e-01
1.171514728201539e-01
1.345466224821575e-01
1.540929755111774e-01
1.759274478042943e-01
2.002075105556276e-01
2.270524673650169e-01
2.565535068042346e-01
2.887645254065082e-01
3.236769181324838e-01
3.612141139797577e-01
4.012404928809055e-01
4.435190597808421e-01
4.877397401084753e-01
5.334334078942881e-01
5.801052333001556e-01
6.271354968289706e-01
6.737883575748389e-01
7.193358351007187e-01
7.629659098374212e-01
8.039858624368210e-01
8.416449704885779e-01
8.753668810219780e-01
9.047628104489609e-01
9.295815926200008e-01
9.498495389362899e-01
9.657512372591432e-01
9.777000079038773e-01
9.862457852511066e-01
9.920258734020848e-01
9.956949821754342e-01
9.978603451441527e-01
9.990350661594979e-01
9.996112957269639e-01
9.998530670841205e-01
9.999499773354374e-01
9.999849497296099e-01
9.999960019581219e-01
9.999990953059973e-01
9.999998241749832e-01
9.999999714803216e-01
9.999999961780562e-01
9.999999995865569e-01
9.999999999644033e-01
9.999999999976189e-01
9.999999999998828e-01
9.999999999999937e-01
1.000000000000000e+00
9.999999999999999e-01
1.000000000000000e+00
1.000000000000000e+00
1.000000000000000e+00
1.000000000000000e+00
1.000000000000000e+00
1.000000000000000e+00
1.000000000000000e+00
1.000000000000000e+00
1.000000000000000e+00
1.000000000000000e+00
###1.079999999999999e+01
4.684781857959355e-09
5.919510844423340e-09
7.439282146970630e-09
9.253829059542487e-09
1.147943353539009e-08
1.420802809797387e-08
1.752338846452662e-08
2.156163476431804e-08
2.648584060456322e-08
3.249094835525149e-08
3.980451694004379e-08
4.871950699644805e-08
5.958819136031897e-08
7.283275865348488e-08
8.897888285835520e-08
1.086358998609597e-07
1.325740227130200e-07
1.617232073411025e-07
1.972084381502379e-07
2.403839472459531e-07
2.930157002666179e-07
3.568333506313650e-07
4.345190039030106e-07
5.290262598004611e-07
6.438239653119071e-07
7.833196236826959e-07
9.528153722485102e-07
1.158655202962983e-06
1.408529858759934e-06
1.711816810520117e-06
2.079845559785851e-06
2.526233734372084e-06
3.067681012956212e-06
3.723802403172083e-06
4.519275852308158e-06
5.482418495599051e-06
6.649051509347459e-06
8.061361464874032e-06
9.770772453712354e-06
1.183778444419370e-05
1.433774299528126e-05
1.735953809803555e-05
2.101065610247687e-05
2.542032499063606e-05
3.074483459433276e-05
3.716793186260203e-05
4.491550192932933e-05
5.425753858334408e-05
6.551358309752546e-05
7.906952750412317e-05
9.539073299159004e-05
1.150247421597653e-04
1.386408280404581e-04
1.670177893010542e-04
2.011029595832274e-04
2.420171679389387e-04
2.911221301317543e-04
3.499620542468579e-04
4.204475519052044e-04
5.048627137352471e-04
6.058524515249317e-04
7.265928957018236e-04
8.707886594027085e-04
1.042870699483474e-03
1.248204262385025e-03
1.492823821495930e-03
1.783966465660540e-03
2.130315643966024e-03
2.541885640656083e-03
3.030106221019263e-03
3.609069408666838e-03
4.295106914855903e-03
5.106702678608323e-03
6.064661167173945e-03
7.195438686212613e-03
8.527867617264914e-03
1.009536517373633e-02
1.193730164589903e-02
1.409721472141099e-02
1.662641320262195e-02
1.958287820419077e-02
2.303161943983757e-02
2.704725659970588e-02
3.171224677748787e-02
3.711827660856339e-02
4.337214352894483e-02
5.058459640050934e-02
5.888101042753373e-02
6.839585526036193e-02
7.927577659282181e-02
9.167277024731066e-02
1.057559724294626e-01
1.216708644973128e-01
1.395927205905636e-01
1.597004415146450e-01
1.821259677210669e-01
2.070209592637394e-01
2.344962323597517e-01
2.646321744817458e-01
2.974694852779647e-01
3.329832836375175e-01
3.710787198543643e-01
4.115997826001470e-01
4.542874062390715e-01
4.988091465462771e-01
5.446735795728207e-01
5.913664301618022e-01
6.382516667045162e-01
6.845840295380099e-01
7.296340055717465e-01
7.725990618274990e-01
8.127928989268033e-01
8.495056674384684e-01
8.821954605591151e-01
9.105175863395725e-01
9.342719711401913e-01
9.535277566851974e-01
9.685160143761007e-01
9.796808787709184e-01
9.875899255923870e-01
9.928832189417617e-01
9.962043353731199e-01
9.981390762285026e-01
9.991735900771906e-01
9.996728618322542e-01
9.998785279202942e-01
9.999594344005894e-01
9.999880520361659e-01
9.999969020471373e-01
9.999993154441823e-01
9.999998705749903e-01
9.999999796154596e-01
9.999999973523632e-01
9.999999997236370e-01
9.999999999769289e-01
9.999999999985502e-01
9.999999999999216e-01
9.999999999999988e-01
9.999999999999996e-01
1.000000000000000e+00
1.000000000000000e+00
1.000000000000000e+00
1.000000000000000e+00
1.000000000000000e+00
1.000000000000000e+00
1.000000000000000e+00
1.000000000000000e+00
1.000000000000000e+00
1.000000000000000e+00
1.000000000000000e+00
###1.099999999999999e+01
5.032352689935472e-09
6.357695874412876e-09
7.990082648339193e-09
9.938575650815324e-09
1.232815612842741e-08
1.525736828470285e-08
1.881580556344841e-08
2.314933665161836e-08
2.843266514538296e-08
3.487456331307180e-08
4.271856794239549e-08
5.227828176483068e-08
6.393079064203960e-08
7.812776116063763e-08
9.543156752983015e-08
1.164936733800763e-07
1.421376444217809e-07
1.733575517771659e-07
2.113556040578520e-07
2.575785489215072e-07
3.139136650589403e-07
3.822056709211857e-07
4.653192267380449e-07
5.664075211604256e-07
6.891705096147582e-07
8.383102715318649e-07
1.019481449761269e-06
1.239449892499602e-06
1.506404206853218e-06
1.830344580443760e-06
2.223336628658471e-06
2.699881079911891e-06
3.277756888904900e-06
3.977836356211690e-06
4.826353849534525e-06
5.853490179459209e-06
7.097266250005570e-06
8.602540354936463e-06
1.042395126403278e-05
1.262573722398819e-05
1.528793119791486e-05
1.850484733394028e-05
2.239052894043802e-05
2.708202809475603e-05
3.274504237371033e-05
3.957425672929749e-05
4.780897535321257e-05
5.773508451899052e-05
6.969076179262593e-05
8.408424666925875e-05
1.014077008984842e-04
1.222397980936810e-04
1.472876804263899e-04
1.773736646106210e-04
2.134976689409079e-04
2.568420873967187e-04
3.088430952570045e-04
3.711284202246557e-04
4.457062492831617e-04
5.349858161385614e-04
6.417479378889514e-04
7.693318944932919e-04
9.216297369001500e-04
1.103290355473580e-03
1.319955733652532e-03
1.577942202176397e-03
1.884835342882879e-03
2.249729135673591e-03
2.683100910493390e-03
3.196894582586355e-03
3.805834468469656e-03
4.526965997026654e-03
5.379558678986592e-03
6.385270489781514e-03
7.571644181981465e-03
8.968673546259022e-03
1.061098122910740e-02
1.253946233796470e-02
1.479917110327397e-02
1.744316057662910e-02
2.053140935434834e-02
2.413085793692359e-02
2.831833192478566e-02
3.317860494294343e-02
3.880563562044811e-02
4.530872864719503e-02
5.280109498304462e-02
6.141013099623659e-02
7.127287989374130e-02
8.253673865730569e-02
9.535561437569184e-02
1.098993097649101e-01
1.263120265774188e-01
1.447678218015465e-01
1.654430869243465e-01
1.884643547300369e-01
2.139770078384876e-01
2.420828620520291e-01
2.728509701415614e-01
3.063082892068482e-01
3.424132127474732e-01
3.810521681163463e-01
4.220484968977080e-01
4.651209952024940e-01
5.099150353753440e-01
5.559174576565632e-01
6.025953517073350e-01
6.492977155489037e-01
6.952715378628509e-01
7.397876080621530e-01
7.820546001013281e-01
8.213969474106289e-01
8.571451633569259e-01
8.887941770532651e-01
9.160440804020187e-01
9.387453730389741e-01
9.570098361514923e-01
9.711119534764185e-01
9.815239858140568e-01
9.888281025245558e-01
9.936642352079798e-01
9.966626232272852e-01
9.983864008989543e-01
9.992931997506486e-01
9.997256871074333e-01
9.998999833986116e-01
9.999672490845942e-01
9.999905609233345e-01
9.999976115141790e-01
9.999994850871657e-01
9.999999053149903e-01
9.999999855323147e-01
9.999999981784912e-01
9.999999998169140e-01
9.999999999851141e-01
9.999999999991401e-01
9.999999999999447e-01
1.000000000000002e+00
9.999999999999991e-01
1.000000000000000e+00
9.999999999999999e-01
1.000000000000000e+00
1.000000000000000e+00
1.000000000000000e+00
1.000000000000000e+00
1.000000000000000e+00
1.000000000000000e+00
1.000000000000000e+00
1.000000000000000e+00
1.000000000000000e+00
###1.119999999999999e+01
5.402945560627499e-09
6.824949798376052e-09
8.577429761011121e-09
1.066872404295069e-08
1.323309548515375e-08
1.637612542081604e-08
2.019358099318324e-08
2.484170102944376e-08
3.050755652752507e-08
3.741462191259360e-08
4.582340727730755e-08
5.606944796085867e-08
6.855619300406259e-08
8.376660969453774e-08
1.023020435571100e-07
1.248586594777316e-07
1.523166446856113e-07
1.857380904351978e-07
2.264071093377401e-07
2.758685423740294e-07
3.361382739675456e-07
4.091829147595737e-07
4.980605929352320e-07
6.061358765655312e-07
7.373533897525735e-07
8.967270565202300e-07
1.090284569731792e-06
1.325234114663831e-06
1.610302550947897e-06
1.956136698696653e-06
2.375584106996594e-06
2.884078514377520e-06
3.500538896241083e-06
4.247164757112355e-06
5.151834981916939e-06
6.246692727780914e-06
7.572083040865094e-06
9.175679580929729e-06
1.111550944928858e-05
1.345974963239591e-05
1.629336858709500e-05
1.971639193009109e-05
2.384976237520874e-05
2.883876197666674e-05
3.485898007853950e-05
4.211659616004316e-05
5.086501172187457e-05
6.140680110043467e-05
7.409969978376164e-05
8.937539089409364e-05
1.077541363658462e-04
1.298472329062436e-04
1.564014921434545e-04
1.882847813810452e-04
2.265520400586389e-04
2.724500379003329e-04
3.274927685785398e-04
3.933950838222331e-04
4.722673005278343e-04
5.666489026597604e-04
6.794624700194731e-04
8.142172206598393e-04
9.750002531263739e-04
1.166687424316877e-03
1.395207656942333e-03
1.667170554886493e-03
1.990522987558426e-03
2.374784537881329e-03
2.830911956276003e-03
3.371380868930751e-03
4.011569108302266e-03
4.769258989888430e-03
5.664529504836716e-03
6.719916607965509e-03
7.964081249137200e-03
9.428206915296432e-03
1.114815551852529e-02
1.316637786263949e-02
1.552947798994839e-02
1.829247074993752e-02
2.151680267832905e-02
2.527192764505495e-02
2.963671569600561e-02
3.469826203616733e-02
4.055279823890401e-02
4.731218073046185e-02
5.509187472815916e-02
6.402141311857988e-02
7.424016639789724e-02
8.589641185612637e-02
9.914556519036768e-02
1.141579490140562e-01
1.310762242817985e-01
1.500729102811538e-01
1.713215192991932e-01
1.949427340096818e-01
2.210751845505946e-01
2.498111689958153e-01
2.812078724736232e-01
3.152779746655358e-01
3.519627063845768e-01
3.911293632867922e-01
4.325804234326257e-01
4.760125331051623e-01
5.210491351644473e-01
5.671559714259253e-01
6.137824008059977e-01
6.602638651908042e-01
7.058413406708439e-01
7.497878169376384e-01
7.913250096400226e-01
8.297919583313184e-01
8.645594180219051e-01
8.951611904141290e-01
9.213426797863130e-01
9.430042975779458e-01
9.602998498019822e-01
9.735442099036530e-01
9.832349509752421e-01
9.899657928026074e-01
9.943737558184691e-01
9.970737212442464e-01
9.986051330949036e-01
9.993989757922614e-01
9.997708258738800e-01
9.999179882634047e-01
9.999736758674969e-01
9.999925798427215e-01
9.999981678392106e-01
9.999996150154988e-01
9.999999311491852e-01
9.999999898068174e-01
9.999999987544560e-01
9.999999998801268e-01
9.999999999903312e-01
9.999999999995379e-01
9.999999999999498e-01
1.000000000000006e+00
9.999999999999981e-01
1.000000000000000e+00
9.999999999999998e-01
1.000000000000000e+00
1.000000000000000e+00
1.000000000000000e+00
1.000000000000000e+00
1.000000000000000e+00
1.000000000000000e+00
1.000000000000000e+00
1.000000000000000e+00
1.000000000000000e+00
###1.139999999999999e+01
5.797922061237294e-09
7.322992274646138e-09
9.203486495586728e-09
1.144695850673250e-08
1.419757145075501e-08
1.756839300523113e-08
2.166173907548644e-08
2.664487539355392e-08
3.271814532069127e-08
4.012026746641030e-08
4.913015410749819e-08
6.010650878806500e-08
7.348077941471755e-08
8.976915745964428e-08
1.096143505416281e-07
1.337599401915265e-07
1.631461799490463e-07
1.989073275901459e-07
2.424142256970588e-07
2.953157847571195e-07
3.597641395430440e-07
4.378549697479476e-07
5.328513562240100e-07
6.483416484465422e-07
7.885293891710299e-07
9.587584992860819e-07
1.165451293558657e-06
1.416283028176424e-06
1.720551628415113e-06
2.089585246015817e-06
2.537058230791145e-06
3.079389674178016e-06
3.736702276003144e-06
4.532596028383943e-06
5.496686549121654e-06
6.663182913826223e-06
8.074884334366430e-06
9.782430276036960e-06
1.184741788023395e-05
1.434217227754799e-05
1.735685702255648e-05
2.099750922213966e-05
2.539232870281187e-05
3.069525105371118e-05
3.709226201506710e-05
4.480161758843891e-05
5.409152167452828e-05
6.528206624989423e-05
7.875150452779234e-05
9.495610391850286e-05
1.144455782998871e-04
1.378653983507812e-04
1.660039156636356e-04
1.997766580002674e-04
2.402961143192413e-04
2.888763440716067e-04
3.471126403756663e-04
4.168107161426007e-04
5.001877083288480e-04
5.999186566018852e-04
7.190739410904412e-04
8.613397242860117e-04
1.031005998777108e-03
1.233184863336621e-03
1.474102742537016e-03
1.760674175625571e-03
2.101220472384826e-03
2.505702267349391e-03
2.985572487794606e-03
3.553856388597472e-03
4.226606981833933e-03
5.022367049331697e-03
5.962049329037248e-03
7.069092482933016e-03
8.373307732582738e-03
9.907096902860343e-03
1.170759461098484e-02
1.381883854119853e-02
1.628901558406454e-02
1.917512276624219e-02
2.254013135543803e-02
2.645600160920364e-02
3.100368144734710e-02
3.627258965776835e-02
4.236122788550282e-02
4.938398990300074e-02
5.745857363628190e-02
6.671651149903429e-02
7.729943725200696e-02
8.935642287621411e-02
1.030441679978832e-01
1.185332930785727e-01
1.359646434405720e-01
1.555088690574322e-01
1.773362212468272e-01
2.015610803995293e-01
2.283148413995991e-01
2.576797641619393e-01
2.897006357675934e-01
3.243753361703017e-01
3.616275116888528e-01
4.013049550599320e-01
4.431891072889317e-01
4.869545122449301e-01
5.322030074704912e-01
5.783799511752747e-01
6.249179684919937e-01
6.711404315213670e-01
7.162841095862202e-01
7.596261440166789e-01
8.004032089076167e-01
8.379724479105458e-01
8.717450195089813e-01
9.012953164386397e-01
9.264144057116454e-01
9.470517905016055e-01
9.634023186955788e-01
9.758182469053026e-01
9.848195545802130e-01
9.910084969008961e-01
9.950165367979632e-01
9.974413686099207e-01
9.987979433344606e-01
9.994906246469611e-01
9.998092725099446e-01
9.999330315458727e-01
9.999789379408431e-01
9.999941958112961e-01
9.999986019341310e-01
9.999997138587802e-01
9.999999502481766e-01
9.999999928681520e-01
9.999999991542499e-01
9.999999999222153e-01
9.999999999937431e-01
9.999999999997686e-01
9.999999999999571e-01
1.000000000000007e+00
9.999999999999980e-01
1.000000000000000e+00
9.999999999999998e-01
1.000000000000000e+00
1.000000000000000e+00
1.000000000000000e+00
1.000000000000000e+00
1.000000000000000e+00
1.000000000000000e+00
1.000000000000000e+00
1.000000000000000e+00
1.000000000000000e+00
###1.159999999999999e+01
6.218715356545745e-09
7.853633430284929e-09
9.870529304221486e-09
1.227610442357256e-08
1.522507817056964e-08
1.883847912449954e-08
2.322556698920452e-08
2.856532816619514e-08
3.507222995158337e-08
4.300111792595180e-08
5.265050280729544e-08
6.440366357189392e-08
7.872177234496879e-08
9.615627119406575e-08
1.173937533517239e-07
1.432280741396232e-07
1.746631827269513e-07
2.129098433414161e-07
2.594307943405794e-07
3.159852585042052e-07
3.848695776543704e-07
4.683161653913630e-07
5.698050931372556e-07
6.931615362935391e-07
8.428629251717102e-07
1.024602252862776e-06
1.245219115700594e-06
1.512882586385214e-06
1.837493764686812e-06
2.231100884190458e-06
2.708251360787182e-06
3.286404545705846e-06
3.986953634816623e-06
4.834975897816192e-06
5.861920196491621e-06
7.104170177893791e-06
8.607115075099957e-06
1.042451769538553e-05
1.262173522170622e-05
1.527545971974975e-05
1.848132133195429e-05
2.235168186531368e-05
2.702237169710912e-05
3.265642209478461e-05
3.945074192970223e-05
4.763626886430849e-05
5.749674575535224e-05
6.937064567646208e-05
8.365773819935801e-05
1.008400618700100e-04
1.214981884321811e-04
1.463133738868192e-04
1.761174524432265e-04
2.118758019359086e-04
2.547610834376417e-04
3.061576664624730e-04
3.677457494486836e-04
4.414257795894528e-04
5.295265441979737e-04
6.348641451626608e-04
7.606629853613785e-04
9.107933999056029e-04
1.089756362208564e-03
1.302909736381740e-03
1.556788372488023e-03
1.858623660179479e-03
2.217124861138198e-03
2.642709488578446e-03
3.147343784086496e-03
3.744620903280464e-03
4.451291136961192e-03
5.286681713893988e-03
6.272563724897260e-03
7.433303501826870e-03
8.799894915910836e-03
1.040598705592904e-02
1.229002025134366e-02
1.449765046858105e-02
1.707867956143363e-02
2.009210790593699e-02
2.360248345286279e-02
2.768426804864847e-02
3.242051656462121e-02
3.790297108381994e-02
4.423239614778514e-02
5.152570384340948e-02
5.990277052618204e-02
6.949708920696092e-02
8.045233263864972e-02
9.291836677332353e-02
1.070529214132453e-01
1.230266807910504e-01
1.409783860981888e-01
1.610764753044039e-01
1.834875455519470e-01
2.083192136219996e-01
2.356951497276235e-01
2.656870533765771e-01
2.983267876699796e-01
3.335969249801843e-01
3.714031242372759e-01
4.115733437851071e-01
4.538678603227212e-01
4.979392245183262e-01
5.433680652111731e-01
5.895801509903497e-01
6.359924606791717e-01
6.819178538192133e-01
7.265907594560866e-01
7.692944660721179e-01
8.092825765366223e-01
8.459335106752912e-01
8.786991877285845e-01
9.071960174312825e-01
9.312608907211516e-01
9.508914128109393e-01
9.663221690326302e-01
9.779397886566015e-01
9.862836903476521e-01
9.919617011754392e-01
9.955972286462177e-01
9.977691526194918e-01
9.989673326581370e-01
9.995697569463158e-01
9.998418811341824e-01
9.999455446378911e-01
9.999832253261053e-01
9.999954824830336e-01
9.999989388135536e-01
9.999997885825495e-01
9.999999642741888e-01
9.999999950447940e-01
9.999999994296384e-01
9.999999999500048e-01
9.999999999959572e-01
9.999999999998996e-01
9.999999999999645e-01
1.000000000000007e+00
9.999999999999981e-01
1.000000000000000e+00
9.999999999999999e-01
1.000000000000000e+00
1.000000000000000e+00
1.000000000000000e+00
1.000000000000000e+00
1.000000000000000e+00
1.000000000000000e+00
1.000000000000000e+00
1.000000000000000e+00
1.000000000000000e+00
###1.179999999999999e+01
6.666833427912203e-09
8.418777957476806e-09
1.058095349281215e-08
1.315913464771691e-08
1.631929191067402e-08
2.019091600025741e-08
2.489062637326240e-08
3.060986254714987e-08
3.757808873665840e-08
4.606728627571427e-08
5.639674815308979e-08
6.897583842574110e-08
8.429727282918256e-08
1.029498790226519e-07
1.256667961047337e-07
1.532951610088870e-07
1.869064409884873e-07
2.277924691827259e-07
2.775133381853919e-07
3.379452833023246e-07
4.115367688415979e-07
5.006654618192605e-07
6.090409258163898e-07
7.407388827833015e-07
9.005263636018254e-07
1.094465474303830e-06
1.329836887932412e-06
1.615331556355722e-06
1.961487470079661e-06
2.381113570489952e-06
2.889678859432630e-06
3.505740507575316e-06
4.252032178688723e-06
5.155188857390072e-06
6.248593634707171e-06
7.570918652134208e-06
9.170285119108953e-06
1.110374405128038e-05
1.344061132943923e-05
1.626217426903392e-05
1.966981383132723e-05
2.378254309220576e-05
2.874421287472148e-05
3.472741136062829e-05
4.194051994749611e-05
5.062778824497504e-05
6.108926554922822e-05
7.368270514671577e-05
8.883043203761288e-05
1.070414903359101e-04
1.289287707083270e-04
1.552109891321474e-04
1.867654778402674e-04
2.246097375689472e-04
2.699793196915165e-04
3.243320341091128e-04
3.894367047076668e-04
4.672879408744739e-04
5.603449730750613e-04
6.715568715384611e-04
8.043130407200255e-04
9.626754611716504e-04
1.151364415121517e-03
1.375993310900391e-03
1.643416709511273e-03
1.961195025058276e-03
2.338439341963434e-03
2.786040259665062e-03
3.316494851610759e-03
3.943982797034045e-03
4.685974194978310e-03
5.562605092988704e-03
6.596529866104046e-03
7.813067689245046e-03
9.244427744581297e-03
1.092553553512271e-02
1.289616967018014e-02
1.520363591355548e-02
1.789938225077893e-02
2.104443410579559e-02
2.470496347745354e-02
2.895793064329831e-02
3.388852223061873e-02
3.959080075074507e-02
4.616778200120972e-02
5.373887229543318e-02
6.242606089131184e-02
7.236473488168887e-02
8.370046885941876e-02
9.658380255908636e-02
1.111732729798333e-01
1.276393822633621e-01
1.461184655772060e-01
1.667763952506407e-01
1.897757100014593e-01
2.152167933348007e-01
2.432150957795276e-01
2.738312338581569e-01
3.070836271723755e-01
3.429390491902076e-01
3.812847908269485e-01
4.219286866269130e-01
4.646097712989073e-01
5.089587759621037e-01
5.545355918017453e-01
6.007472721208907e-01
6.469963251516262e-01
6.925867236223189e-01
7.367524773282309e-01
7.787850509930796e-01
8.179569751942438e-01
8.536708296671365e-01
8.854197747584238e-01
9.128633895462690e-01
9.358843524908881e-01
9.545271127334179e-01
9.690646866873515e-01
9.799147736403759e-01
9.876333222780572e-01
9.928308429094908e-01
9.961203527839123e-01
9.980604962842163e-01
9.991156432441366e-01
9.996378436408927e-01
9.998694224975988e-01
9.999559066397298e-01
9.999867014877780e-01
9.999965015652607e-01
9.999991988097139e-01
9.999998447190837e-01
9.999999745064172e-01
9.999999965812173e-01
9.999999996179096e-01
9.999999999681927e-01
9.999999999973850e-01
9.999999999999717e-01
9.999999999999708e-01
1.000000000000006e+00
9.999999999999983e-01
1.000000000000000e+00
9.999999999999999e-01
1.000000000000000e+00
1.000000000000000e+00
1.000000000000000e+00
1.000000000000000e+00
1.000000000000000e+00
1.000000000000000e+00
1.000000000000000e+00
1.000000000000000e+00
1.000000000000000e+00
###1.199999999999999e+01
7.143862564011496e-09
9.020429679035844e-09
1.133727881330206e-08
1.409917639976920e-08
1.748407957596426e-08
2.163047049481525e-08
2.666276620289402e-08
3.278563236518200e-08
4.024445143962015e-08
4.932940378581560e-08
6.038181302361106e-08
7.383871938802438e-08
9.022630020635118e-08
1.101730176770962e-07
1.344613591350956e-07
1.639949099740895e-07
1.999167437255872e-07
2.436043719818662e-07
2.967211770452680e-07
3.612671877802755e-07
4.398519239801153e-07
5.350066491835469e-07
6.506837676840205e-07
7.912239548543720e-07
9.617003532373928e-07
1.168565222094973e-06
1.419565290906437e-06
1.723942831273863e-06
2.092908102736940e-06
2.540073214905458e-06
3.081880019306890e-06
3.738043444540291e-06
4.532711009550922e-06
5.494159697506053e-06
6.657812442037182e-06
8.064749282647341e-06
9.765971735804682e-06
1.182199148075233e-05
1.430629044716917e-05
1.730499027448577e-05
2.092551901749541e-05
2.529388222240296e-05
3.056235787801654e-05
3.691357209405997e-05
4.456795152299104e-05
5.378371429987144e-05
6.487801544087747e-05
7.822882434357032e-05
9.428210225901680e-05
1.135751818901391e-04
1.367547922512105e-04
1.645788465959478e-04
1.979722687474461e-04
2.380070378107660e-04
2.859844124095903e-04
3.434388846222748e-04
4.122317368399148e-04
4.944551538574003e-04
5.927063200688770e-04
7.100708422520728e-04
8.501104237086218e-04
1.017086423332074e-03
1.215947003562355e-03
1.452571157568084e-03
1.734144805633232e-03
2.068569824896439e-03
2.465373353050712e-03
2.935935665328539e-03
3.493302563136327e-03
4.152259218829143e-03
4.931018493542925e-03
5.850550006198761e-03
6.934416656226219e-03
8.208915819775861e-03
9.707504910464964e-03
1.146641516362237e-02
1.352679557793683e-02
1.593763324288025e-02
1.875205246016773e-02
2.203312568166965e-02
2.584869193969775e-02
3.027820792433704e-02
3.540901260245206e-02
4.133748318940853e-02
4.816887047023944e-02
5.602504561889544e-02
6.503003978596206e-02
7.532105839970682e-02
8.704543519218465e-02
1.003542489948189e-01
1.154066138261256e-01
1.323725898324918e-01
1.513851988197193e-01
1.726092787252446e-01
1.962007890930585e-01
2.222533115627918e-01
2.508734744238590e-01
2.821102892815258e-01
3.159682215314309e-01
3.523977730598270e-01
3.912675117877376e-01
4.323649034975606e-01
4.754077159892012e-01
5.200051013707508e-01
5.656967603463646e-01
6.118719863360020e-01
6.579200781965955e-01
7.031378131646977e-01
7.467607501742812e-01
7.880905822002260e-01
8.264207722774231e-01
8.611806841529295e-01
8.919052620805454e-01
9.182981472664290e-01
9.402875665986667e-01
9.579634774948570e-01
9.716354747600300e-01
9.817493098994717e-01
9.888744444150009e-01
9.936212787069409e-01
9.965902809594249e-01
9.983186485375775e-01
9.992450569235102e-01
9.996962105659640e-01
9.998925869167499e-01
9.999644488118078e-01
9.999895061145718e-01
9.999973044349003e-01
9.999993983525965e-01
9.999998866284107e-01
9.999999819215931e-01
9.999999976578788e-01
9.999999997456738e-01
9.999999999799914e-01
9.999999999983017e-01
1.000000000000009e+00
9.999999999999761e-01
1.000000000000006e+00
9.999999999999986e-01
1.000000000000000e+00
9.999999999999999e-01
1.000000000000000e+00
1.000000000000000e+00
1.000000000000000e+00
1.000000000000000e+00
1.000000000000000e+00
1.000000000000000e+00
1.000000000000000e+00
1.000000000000000e+00
1.000000000000000e+00
###1.219999999999999e+01
7.651471013587204e-09
9.660696512693429e-09
1.214215535048260e-08
1.509951849915160e-08
1.872350763096314e-08
2.316215507498988e-08
2.854813619120612e-08
3.510015839940145e-08
4.308049441415866e-08
5.279864402629077e-08
6.461927744701580e-08
7.900878745708515e-08
9.652883446713668e-08
1.178498831649107e-07
1.438067210204635e-07
1.753627144591699e-07
2.137370981201223e-07
2.603971539500466e-07
3.171165539058132e-07
3.860260009649825e-07
4.699054612806499e-07
5.714485589399838e-07
6.948645657524953e-07
8.447742467951789e-07
1.026574185478417e-06
1.247128883891715e-06
1.514677342526307e-06
1.839044028743538e-06
2.232148584750804e-06
2.708450897876679e-06
3.285419070806692e-06
3.983988971958279e-06
4.829798543044653e-06
5.852855162312759e-06
7.090732036533026e-06
8.587042020303425e-06
1.039582243330047e-05
1.258122535127939e-05
1.522111530155252e-05
1.840669831128993e-05
2.225175885629527e-05
2.688965086799687e-05
3.248150376315287e-05
3.922048307368202e-05
4.733965758634877e-05
5.711189771403623e-05
6.887229640536706e-05
8.302001302501393e-05
1.000257690177303e-04
1.204565188082834e-04
1.449944095339716e-04
1.744383537132308e-04
2.097630403731421e-04
2.520973675627621e-04
3.028112225879154e-04
3.635191337497191e-04
4.361788156824891e-04
5.229844790791927e-04
6.266762287296243e-04
7.504826828201805e-04
8.981444475279694e-04
1.074130222140775e-03
1.283624872818544e-03
1.532783281841752e-03
1.829134741665807e-03
2.180935299943751e-03
2.598142738253008e-03
3.092643979876325e-03
3.678051826804760e-03
4.369776256121494e-03
5.186796261013648e-03
6.150940155926052e-03
7.286704892563733e-03
8.621391568584578e-03
1.018973897732722e-02
1.202931353100103e-02
1.418266622019622e-02
1.670049691670382e-02
1.963763539242246e-02
2.305922315168665e-02
2.703480504359304e-02
3.164633282638757e-02
3.698331418602114e-02
4.314443220806698e-02
5.023715160036928e-02
5.838577354372556e-02
6.771629425906328e-02
7.836765251186055e-02
9.048879234331082e-02
1.042311828475498e-01
1.197542773249911e-01
1.372274191073346e-01
1.567799486558879e-01
1.785759235829336e-01
2.027627229084695e-01
2.294280952064638e-01
2.586688911850230e-01
2.905219917521345e-01
3.249774092578232e-01
3.619689217949483e-01
4.013460482619792e-01
4.428756875640716e-01
4.862543714402117e-01
5.310699826575791e-01
5.768426561029081e-01
6.229449619264146e-01
6.687543332789256e-01
7.135621049349624e-01
7.566073929598971e-01
7.972041825168041e-01
8.346688586554131e-01
8.684599554840396e-01
8.981547553675816e-01
9.235016055801883e-01
9.444738378363317e-01
9.612054218547755e-01
9.740404119690693e-01
9.834496323024968e-01
9.900130434431449e-01
9.943382563001688e-01
9.970112180651894e-01
9.985466773355897e-01
9.993575954243621e-01
9.997460598492772e-01
9.999119885143976e-01
9.999714589565208e-01
9.999917578149640e-01
9.999979335982011e-01
9.999995506384228e-01
9.999999177207899e-01
9.999999872597670e-01
9.999999984068880e-01
9.999999998317500e-01
9.999999999875726e-01
9.999999999988888e-01
1.000000000000027e+00
9.999999999999805e-01
1.000000000000005e+00
9.999999999999988e-01
1.000000000000000e+00
9.999999999999999e-01
1.000000000000000e+00
1.000000000000000e+00
1.000000000000000e+00
1.000000000000000e+00
1.000000000000000e+00
1.000000000000000e+00
1.000000000000000e+00
1.000000000000000e+00
1.000000000000000e+00
