#./build/bin/rcbk -ic FILE ./data/ic/3/ic_208_4.dat -rc BALITSKY -alphas_scaling 3.4415974010499184 -maxy 12 -fast -output ./data/bks/3/ic_208_4.dat 
# BK equation solver 20160623 (build May 19 2026 14:19:13)
# Heikki Mäntysaari <mantysaari@bnl.gov>, 2011-2016
# Running coupling: Balitsky
# Scaling factor C^2 in alpha_s: 3.4416
# Initial condition is String is not impelmented for the current IC N(r=0.0333803 1/GeV) = 0.000271447
# \alpha_s = 12 \pi / [ (33.0 - 2.0*Nf) * log(4.0*C^2/(r^2*lambdaqcd^2) ], C^2=3.4416, lambdaqcd=0.241 GeV, maxalphas=0.7 nf=3
# Using fast (and not so accurate) parameters
# Solving BK equation up to y=12
# r limits: 1e-05 - 100 points 150 multiplier 1.11424
# maxy 12 ystep 0.2
###1.000000000000000e-05
###1.114242875232510e+00
###150
###0.000000000000000e+00
###0.000000000000000e+00
0.000000000000000e+00
6.919947097148338e-11
8.499991175322959e-11
1.046963427579897e-10
1.288841257964707e-10
1.586086461545024e-10
1.952083738195628e-10
2.402280291275434e-10
2.956025611852915e-10
3.637166957092828e-10
4.474888978084709e-10
5.505101089378132e-10
6.771930222315968e-10
8.329569439230523e-10
1.024460629114186e-09
1.259882427563804e-09
1.549265437487043e-09
1.904944817156791e-09
2.342065390549785e-09
2.879219286762714e-09
3.539233911378774e-09
4.350126106802774e-09
5.346277905132056e-09
6.569888889027578e-09
8.072732795811081e-09
9.918322804760081e-09
1.218458554500494e-08
1.496709133645807e-08
1.838303738338384e-08
2.257616501870588e-08
2.772269385021465e-08
3.403864205210760e-08
4.178885858933299e-08
5.129791454683504e-08
6.296354529960479e-08
7.727322722037325e-08
9.482415257091853e-08
1.163478988316254e-07
1.427408360589859e-07
1.751007475726739e-07
2.147720959101714e-07
2.634017974469335e-07
3.230063720054886e-07
3.960550378328687e-07
4.855720779324626e-07
5.952600840844519e-07
7.296526868268827e-07
8.943027147312634e-07
1.096008830866466e-06
1.343096901796440e-06
1.645766747333049e-06
2.016510228691792e-06
2.470631440334930e-06
3.026888156585036e-06
3.708266575628725e-06
4.542947648757812e-06
5.565499610475614e-06
6.818321851306885e-06
8.353450389516509e-06
1.023478787609142e-05
1.254081201920941e-05
1.536796976130556e-05
1.883487248534234e-05
2.308740960819440e-05
2.830516602809354e-05
3.470935706133060e-05
4.257253729282171e-05
5.223078815803480e-05
6.409878793663592e-05
7.868831885648941e-05
9.663147546695162e-05
1.187093581480945e-04
1.458874259117311e-04
1.793597381862512e-04
2.206036500891126e-04
2.714473743175672e-04
3.341543085205886e-04
4.115272993419111e-04
5.070376480643563e-04
6.249856858354251e-04
7.706993226492636e-04
9.507798672344219e-04
1.173407149865584e-03
1.448716608635790e-03
1.789265898723684e-03
2.210612177558892e-03
2.732024229678494e-03
3.377361797223925e-03
4.176158160456204e-03
5.164949730369979e-03
6.388910128683963e-03
7.903844230263855e-03
9.778614478437963e-03
1.209809384619312e-02
1.496670576655899e-02
1.851264760038583e-02
2.289292345732361e-02
2.829914458276224e-02
3.496414463086142e-02
4.316946261875931e-02
5.325309989180404e-02
6.561724524054112e-02
8.073546457507887e-02
9.915674457411607e-02
1.215049781192153e-01
1.484712407533373e-01
1.807909762243266e-01
2.192035422026454e-01
2.643856540024735e-01
3.168464361410089e-01
3.767910534732688e-01
4.439344655895731e-01
5.173013747128592e-01
5.950649731528953e-01
6.743914308922442e-01
7.515918031295511e-01
8.225009538388377e-01
8.830232100048905e-01
9.303187837092552e-01
9.633683293009894e-01
9.835330386751763e-01
9.939319799799947e-01
9.982073832853449e-01
9.996365819007011e-01
9.999400620681244e-01
9.999940740575026e-01
9.999996454843592e-01
1.000000007057237e+00
9.999999978529767e-01
9.999999945560296e-01
1.000000002955081e+00
9.999999997950429e-01
9.999999993541510e-01
1.000000000342398e+00
9.999999999799593e-01
9.999999999233831e-01
1.000000000039653e+00
9.999999999981189e-01
9.999999999909172e-01
1.000000000004590e+00
9.999999999998345e-01
9.999999999989240e-01
1.000000000000531e+00
9.999999999999870e-01
9.999999999998725e-01
1.000000000000062e+00
9.999999999999992e-01
9.999999999999846e-01
1.000000000000008e+00
1.000000000000000e+00
###2.000000000000000e-01
7.562591437457111e-12
7.700597579742688e-11
9.489681601145223e-11
1.170821796766614e-10
1.443094904677243e-10
1.778316725521747e-10
2.190594968144190e-10
2.697568644115632e-10
3.321049198531955e-10
4.087901092616337e-10
5.030972828976374e-10
6.190768465433149e-10
7.616900555123650e-10
9.370496003667500e-10
1.152646706945776e-09
1.417700484678508e-09
1.743519943235438e-09
2.144010264872451e-09
2.636248542895763e-09
3.241106592133470e-09
3.984410648315900e-09
4.897667187050074e-09
6.019647502978904e-09
7.398006515603721e-09
9.090860785075447e-09
1.117024540057825e-08
1.372360871531034e-08
1.685899559476565e-08
2.070851381726521e-08
2.543438816517643e-08
3.123551363257537e-08
3.835598168561483e-08
4.709394137935573e-08
5.781630872585916e-08
7.097204948307396e-08
8.711297795805795e-08
1.069123450304747e-07
1.311972731162878e-07
1.609816050363807e-07
1.975039897126096e-07
2.422876579883755e-07
2.971927041373266e-07
3.645019201140844e-07
4.470085575284497e-07
5.481322816861590e-07
6.720766881542171e-07
8.239542458579961e-07
1.010075935264910e-06
1.238115493646334e-06
1.517530768255052e-06
1.859860809044032e-06
2.279246932813652e-06
2.793067544297462e-06
3.422544190294800e-06
4.193727962322578e-06
5.138593548872159e-06
6.296316935128689e-06
7.714864996167407e-06
9.452977593944596e-06
1.158327577412538e-05
1.419454208198021e-05
1.739595899861823e-05
2.132086572532808e-05
2.613507846568167e-05
3.204090320289049e-05
3.928782475319244e-05
4.818277807327590e-05
5.910327436865801e-05
7.251773558348000e-05
8.899507038993841e-05
1.092488287336993e-04
1.341536529102832e-04
1.647833499774449e-04
2.024676530121728e-04
2.488585618273442e-04
3.059705812492790e-04
3.763307706037686e-04
4.630134180703145e-04
5.698633411068593e-04
7.016153357270497e-04
8.640859946835829e-04
1.064506999039941e-03
1.311786224004199e-03
1.616960576253991e-03
1.993610379390325e-03
2.458547548074538e-03
3.032479017389171e-03
3.741045257840738e-03
4.615683620362568e-03
5.695323679294532e-03
7.027742801493092e-03
8.671918165490186e-03
1.069974635096460e-02
1.319995244325929e-02
1.628130789623503e-02
2.007569070665593e-02
2.474459696166607e-02
3.048341333420519e-02
3.752846153761898e-02
4.616238318603670e-02
5.672303172389483e-02
6.960754994268024e-02
8.528248251806909e-02
1.042810080685946e-01
1.272058003809482e-01
1.547041269145278e-01
1.874710818023941e-01
2.261801689404766e-01
2.714323317350611e-01
3.236509444667077e-01
3.829524542934939e-01
4.489830361030859e-01
5.207361460559816e-01
5.964204549690068e-01
6.733462075374843e-01
7.480785608187188e-01
8.167989160314288e-01
8.758196977493869e-01
9.225855615387151e-01
9.561749992830408e-01
9.777225772428468e-01
9.898889991049877e-01
9.958387947593775e-01
9.985128396339145e-01
9.995281982955297e-01
9.998698006133451e-01
9.999693575703534e-01
9.999940067881414e-01
9.999990445349010e-01
9.999998734088028e-01
9.999999895665317e-01
9.999999989442394e-01
9.999999995898565e-01
1.000000000175224e+00
9.999999999966516e-01
9.999999999570457e-01
1.000000000020373e+00
9.999999999994467e-01
9.999999999953798e-01
1.000000000002184e+00
9.999999999999565e-01
9.999999999994984e-01
1.000000000000234e+00
9.999999999999966e-01
9.999999999999463e-01
1.000000000000025e+00
9.999999999999999e-01
9.999999999999941e-01
1.000000000000003e+00
1.000000000000000e+00
###4.000000000000000e-01
1.583535908692849e-11
8.574788643701435e-11
1.059670554914974e-10
1.309264271413963e-10
1.615627060979964e-10
1.993059263938494e-10
2.456975124930900e-10
3.027303752843644e-10
3.728592278886860e-10
4.591076669838419e-10
5.651679414578788e-10
6.956018792962222e-10
8.559801949148420e-10
1.053196671092917e-09
1.295662360139080e-09
1.593750842187333e-09
1.960187520817360e-09
2.410630433923734e-09
2.964268556394721e-09
3.644557791150365e-09
4.480653663141012e-09
5.507888941703006e-09
6.769969618192118e-09
8.320586710215736e-09
1.022491394534404e-08
1.256441549828293e-08
1.543727031837445e-08
1.896499182997985e-08
2.329661872253965e-08
2.861463333162381e-08
3.514317417943851e-08
4.315733608425311e-08
5.299233137383955e-08
6.506175721832953e-08
7.987117336899106e-08
9.804411754783517e-08
1.203383379571193e-07
1.476836893866259e-07
1.812267477603389e-07
2.223606284367260e-07
2.728084109745304e-07
3.346577234683678e-07
4.104920347297197e-07
5.034639903678249e-07
6.174190452425810e-07
7.571087156892808e-07
9.282966058725453e-07
1.138111446902653e-06
1.395205680045620e-06
1.710256899485936e-06
2.096284834652033e-06
2.569232322415891e-06
3.148745598763314e-06
3.858735149784024e-06
4.728595304005321e-06
5.794416581805788e-06
7.100460703506154e-06
8.700644068807219e-06
1.066107413020428e-05
1.306386720484602e-05
1.600885791189389e-05
1.961906776854614e-05
2.404376658414109e-05
2.947024773547580e-05
3.612532237364117e-05
4.428864442948139e-05
5.430482963417070e-05
6.659511834150385e-05
8.168563257134263e-05
1.002065420148175e-04
1.229581640912382e-04
1.509147828173752e-04
1.852654894145354e-04
2.274840411998251e-04
2.794070521086306e-04
3.432464697892459e-04
4.218065958463582e-04
5.184481839222497e-04
6.374074424987577e-04
7.838737827955335e-04
9.641748392712861e-04
1.186198061676991e-03
1.459607949645254e-03
1.796380998704770e-03
2.211131179806446e-03
2.721995045200649e-03
3.351122792917551e-03
4.125977780819303e-03
5.079950185053916e-03
6.254384600821114e-03
7.699685322471220e-03
9.478001649919710e-03
1.166426876806532e-02
1.435102470073079e-02
1.765130266778760e-02
2.170058449630623e-02
2.666467653889149e-02
3.274253933700455e-02
4.017336713570796e-02
4.924157325137889e-02
6.028353910186162e-02
7.369153422267279e-02
8.992458907428569e-02
1.095001856978497e-01
1.329996216388773e-01
1.610289257635797e-01
1.942434202444075e-01
2.332548520714087e-01
2.785933908440159e-01
3.306035635027471e-01
3.893219987447259e-01
4.543344921584790e-01
5.246100897434613e-01
5.983945597538021e-01
6.731312607337870e-01
7.456143752398330e-01
8.123315568255580e-01
8.699468712460894e-01
9.161483359019998e-01
9.500923958996401e-01
9.727242044401690e-01
9.863247885049700e-01
9.936627322069557e-01
9.973966522472432e-01
9.990588422826115e-01
9.997009322202417e-01
9.999178804555207e-01
9.999808573060315e-01
9.999962812152032e-01
9.999994053252980e-01
9.999999257154378e-01
9.999999924645119e-01
9.999999992329908e-01
1.000000000062016e+00
1.000000000000450e+00
9.999999999762488e-01
1.000000000010354e+00
9.999999999999535e-01
9.999999999976479e-01
1.000000000001038e+00
9.999999999999961e-01
9.999999999997664e-01
1.000000000000103e+00
9.999999999999996e-01
9.999999999999774e-01
1.000000000000010e+00
1.000000000000000e+00
9.999999999999978e-01
1.000000000000001e+00
1.000000000000000e+00
###6.000000000000001e-01
2.489075380206788e-11
9.551920135038429e-11
1.183261320470000e-10
1.463758249699503e-10
1.808106457040604e-10
2.232673363521036e-10
2.753966759698096e-10
3.394860207852943e-10
4.182820464568296e-10
5.151816070936777e-10
6.343336250651827e-10
7.808591615555425e-10
9.610178878905012e-10
1.182567517586435e-09
1.454940504327437e-09
1.789790364010395e-09
2.201417980452926e-09
2.707412204640220e-09
3.329350764886737e-09
4.093499726140396e-09
5.032772173008653e-09
6.186673626246673e-09
7.604420811926920e-09
9.346401041218496e-09
1.148560703270027e-08
1.411392150453265e-08
1.734143885303385e-08
2.130459774330720e-08
2.617129223507184e-08
3.214615824152041e-08
3.948136737333529e-08
4.848590522905087e-08
5.953668865482711e-08
7.309844154334674e-08
8.973928748723596e-08
1.101618297624440e-07
1.352171200335178e-07
1.659481415078939e-07
2.036477689770875e-07
2.498797131814327e-07
3.065851783677149e-07
3.761079415415755e-07
4.613506814616293e-07
5.658709121849128e-07
6.939784137100254e-07
8.510220349037699e-07
1.043489136764636e-06
1.279394029513323e-06
1.568466627817094e-06
1.922713896911844e-06
2.356770356248783e-06
2.888568563274399e-06
3.540202488758674e-06
4.338523257651178e-06
5.316578430291184e-06
6.514895326591540e-06
7.983293439688912e-06
9.782125707070471e-06
1.198554309333384e-05
1.468588809511360e-05
1.799496520092655e-05
2.205071489659945e-05
2.701964575768386e-05
3.311214828345637e-05
4.058140881927084e-05
4.973948023753768e-05
6.097141279447113e-05
7.474528037756485e-05
9.164881580042944e-05
1.123777323574615e-04
1.378246762685418e-04
1.690699162620110e-04
2.074250069716088e-04
2.545163743364430e-04
3.123756130475399e-04
3.834235287274565e-04
4.707557923547401e-04
5.780349227828468e-04
7.099069786665847e-04
8.720366586543233e-04
1.071285334665945e-03
1.316222302002609e-03
1.617318490429063e-03
1.987457583832610e-03
2.442385967344314e-03
3.001578250598845e-03
3.688667139920525e-03
4.532969642137785e-03
5.569869610716040e-03
6.843151530795071e-03
8.405870571324898e-03
1.032334920980869e-02
1.267356259446615e-02
1.555282359602914e-02
1.907834492775107e-02
2.338913189995599e-02
2.865512741638510e-02
3.507866670016183e-02
4.290150073869150e-02
5.240944362847901e-02
6.393756474587101e-02
7.787253067256017e-02
9.466562946826279e-02
1.148187469304341e-01
1.388917411973810e-01
1.674516693842907e-01
2.011147857875738e-01
2.404347808497147e-01
2.858756185219714e-01
3.377091725359976e-01
3.959000600497387e-01
4.599809337391380e-01
5.289019773938649e-01
6.009467099370885e-01
6.736811457466977e-01
7.441058990030607e-01
8.089801900399561e-01
8.652708631707487e-01
9.108764739307997e-01
9.450161910384424e-01
9.684778434568936e-01
9.832280416055803e-01
9.917072396584788e-01
9.963333041858002e-01
9.985690480174499e-01
9.995051376402009e-01
9.998505492187879e-01
9.999612210144408e-01
9.999915030950326e-01
9.999984535335877e-01
9.999997725183936e-01
9.999999732989338e-01
9.999999974688496e-01
9.999999998867415e-01
9.999999999943106e-01
9.999999999868301e-01
1.000000000005186e+00
1.000000000000112e+00
9.999999999988014e-01
1.000000000000493e+00
1.000000000000006e+00
9.999999999998914e-01
1.000000000000045e+00
1.000000000000000e+00
9.999999999999905e-01
1.000000000000004e+00
1.000000000000000e+00
9.999999999999992e-01
1.000000000000000e+00
1.000000000000000e+00
###8.000000000000000e-01
3.481396027178386e-11
1.064191249764038e-10
1.321049364154384e-10
1.635848409879998e-10
2.022456733218339e-10
2.499406398869427e-10
3.084532422401922e-10
3.804079460336410e-10
4.688231559881514e-10
5.775676711674103e-10
7.112711036000542e-10
8.756863563601213e-10
1.077835227897479e-09
1.326412051099353e-09
1.632011383362520e-09
2.007695073363790e-09
2.469506265513697e-09
3.037178308008293e-09
3.734935670279326e-09
4.592155854933627e-09
5.645933368679072e-09
6.940381483471229e-09
8.530725321857110e-09
1.048487056023896e-08
1.288444948982653e-08
1.583283935299819e-08
1.945326850647576e-08
2.389874459564114e-08
2.935789501502555e-08
3.605991507222790e-08
4.428783076768527e-08
5.438795905182962e-08
6.678379389997148e-08
8.199512998499977e-08
1.006599740169143e-07
1.235686602005377e-07
1.516722672135178e-07
1.861411748687393e-07
2.284277131588195e-07
2.802833079276468e-07
3.438882089005636e-07
4.218687547317430e-07
5.174801087616283e-07
6.347115109117299e-07
7.783935172528907e-07
9.545294584390568e-07
1.170394081826833e-06
1.434966238694344e-06
1.759158703499168e-06
2.156423485261605e-06
2.643168219163236e-06
3.239481277251494e-06
3.970163655998609e-06
4.865149752758629e-06
5.961574504847844e-06
7.304735942590511e-06
8.950480183577732e-06
1.096613987257218e-05
1.343458057592842e-05
1.645918690737725e-05
2.016465209908786e-05
2.470499741435340e-05
3.026551121378516e-05
3.708099663045884e-05
4.543331013765054e-05
5.566919013454912e-05
6.821685245930859e-05
8.359459740156997e-05
1.024553096373367e-04
1.255662010384741e-04
1.539165434405874e-04
1.886996902608036e-04
2.313570895319410e-04
2.836767827649683e-04
3.478961157289694e-04
4.266564455002498e-04
5.233594889756584e-04
6.419851242074042e-04
7.876097627420245e-04
9.663902316225078e-04
1.185749053132905e-03
1.454962712425308e-03
1.785341453000862e-03
2.190695811554311e-03
2.687951800479160e-03
3.297953776050836e-03
4.045855602939844e-03
4.962852551587885e-03
6.086383344143590e-03
7.462676398007394e-03
9.147467661753913e-03
1.120925494546402e-02
1.372905187031290e-02
1.680690894694398e-02
2.056413950879503e-02
2.514318899105217e-02
3.071796997140159e-02
3.749399754244920e-02
4.571533521053085e-02
5.566884026526348e-02
6.768807577795015e-02
8.215386975679684e-02
9.950940038556014e-02
1.202410470168062e-01
1.448872349818105e-01
1.739780521639925e-01
2.080914710766020e-01
2.477264673245610e-01
2.932849634268154e-01
3.449717294073990e-01
4.026862127232427e-01
4.659141390462807e-01
5.335912987859376e-01
6.040388567101335e-01
6.749356894698351e-01
7.434684082928787e-01
8.066374053677779e-01
8.616717633735916e-01
9.066523403589528e-01
9.408510704006202e-01
9.649246644521834e-01
9.805807884855141e-01
9.899868068052939e-01
9.953539728631231e-01
9.980868970720902e-01
9.992975841207582e-01
9.997730929669196e-01
9.999364993544714e-01
9.999848541564238e-01
9.999969728639869e-01
9.999995038317452e-01
9.999999346737464e-01
9.999999931990283e-01
9.999999995009344e-01
9.999999999712770e-01
9.999999999918616e-01
1.000000000002524e+00
1.000000000000135e+00
9.999999999993883e-01
1.000000000000234e+00
1.000000000000006e+00
9.999999999999496e-01
1.000000000000020e+00
1.000000000000000e+00
9.999999999999960e-01
1.000000000000002e+00
1.000000000000000e+00
9.999999999999997e-01
1.000000000000000e+00
1.000000000000000e+00
###1.000000000000000e+00
4.568687017187644e-11
1.185546545257468e-10
1.474342426966742e-10
1.827217671110094e-10
2.260766828474922e-10
2.795753930999621e-10
3.451872255599681e-10
4.258809325226693e-10
5.249696296926731e-10
6.468608468220785e-10
7.967128158025807e-10
9.809802961880407e-10
1.207525355379328e-09
1.486081479047167e-09
1.828531541836084e-09
2.249491614814837e-09
2.766934786331977e-09
3.402966200742031e-09
4.184737871102853e-09
5.145091917665525e-09
6.325691250777808e-09
7.775738807389978e-09
9.557201589873457e-09
1.174609536904498e-08
1.443382995121669e-08
1.773632502530529e-08
2.179115408763764e-08
2.676989270534851e-08
3.288378173020724e-08
4.038921312213302e-08
4.960314385045431e-08
6.091308336283392e-08
7.479357826254008e-08
9.182563057697702e-08
1.127229298079382e-07
1.383725586752104e-07
1.698359178611267e-07
2.084234097630310e-07
2.557617690442385e-07
3.138084939599249e-07
3.850053667901309e-07
4.722888972099726e-07
5.793006722683883e-07
7.104996532285954e-07
8.712767259837455e-07
1.068385419843152e-06
1.309932501744826e-06
1.605934892746854e-06
1.968634353241114e-06
2.413001118923095e-06
2.957430399635330e-06
3.624327089639089e-06
4.441438163690492e-06
5.442052209067873e-06
6.667709468886908e-06
8.168908195421061e-06
1.000790500985946e-05
1.225970147039136e-05
1.501681403829625e-05
1.839410102659866e-05
2.253032683412151e-05
2.759666621805002e-05
3.379944730649038e-05
4.139803309581197e-05
5.070639766079996e-05
6.210798441461336e-05
7.607619921814310e-05
9.318581297655548e-05
1.141538825802529e-04
1.398321123566868e-04
1.713050078471934e-04
2.098877361439252e-04
2.571610658750370e-04
3.150821926755740e-04
3.861059685900323e-04
4.731062887298269e-04
5.798061456794887e-04
7.105187254216601e-04
8.707774091810480e-04
1.067231737536786e-03
1.307909896392508e-03
1.602816046529911e-03
1.964128993296777e-03
2.406618494683158e-03
2.948425425642007e-03
3.611800233097437e-03
4.423458708453419e-03
5.416500343004631e-03
6.630462882669372e-03
8.114044062749544e-03
9.925681727816955e-03
1.213705198729113e-02
1.483220281182812e-02
1.811488578508583e-02
2.211043882723174e-02
2.696466138984740e-02
3.285527471678588e-02
3.999078277910904e-02
4.861732402471743e-02
5.902249813522607e-02
7.153805584093692e-02
8.653886705750700e-02
1.044596363396519e-01
1.257713125916624e-01
1.509909452089664e-01
1.806134230522656e-01
2.151792694653118e-01
2.551357616634715e-01
3.008265672362334e-01
3.523943169329770e-01
4.096792787468460e-01
4.721255792466522e-01
5.386581840995864e-01
6.076352239290027e-01
6.768392622095016e-01
7.436248733624762e-01
8.052065156397352e-01
8.590423846291871e-01
9.033701584771949e-01
9.375093075518557e-01
9.620080358306438e-01
9.783604005793168e-01
9.885062563551581e-01
9.944787965399892e-01
9.976328692535720e-01
9.990907472762038e-01
9.996909817837583e-01
9.999084461584836e-01
9.999767191390688e-01
9.999950028453719e-01
9.999991120770561e-01
9.999998722166913e-01
9.999999854134957e-01
9.999999987438171e-01
9.999999999177336e-01
9.999999999924766e-01
1.000000000001100e+00
1.000000000000113e+00
9.999999999996868e-01
1.000000000000111e+00
1.000000000000005e+00
9.999999999999767e-01
1.000000000000009e+00
1.000000000000000e+00
9.999999999999983e-01
1.000000000000001e+00
1.000000000000000e+00
9.999999999999999e-01
1.000000000000000e+00
1.000000000000000e+00
###1.200000000000000e+00
5.760223278648246e-11
1.320414590635101e-10
1.644514974979053e-10
2.039684134190030e-10
2.525287357162553e-10
3.124599933792051e-10
3.859576864710954e-10
4.763184448207915e-10
5.872438685911100e-10
7.237035408632454e-10
8.914520367750181e-10
1.097709431784586e-09
1.351274312552988e-09
1.663032141675934e-09
2.046283146273667e-09
2.517362236951955e-09
3.096373035696582e-09
3.808041456643088e-09
4.682745390695471e-09
5.757164043433732e-09
7.078010556273127e-09
8.700027685208079e-09
1.069269767723354e-08
1.314095928533461e-08
1.614712755115084e-08
1.984042809075261e-08
2.437482851224036e-08
2.994217074588388e-08
3.677823577862797e-08
4.516973405643948e-08
5.547077001518277e-08
6.811443007655252e-08
8.363038081577398e-08
1.026677821040306e-07
1.260250397442106e-07
1.546893243475403e-07
1.898490143355751e-07
2.329660936952661e-07
2.858579375351819e-07
3.507080724494804e-07
4.302431014988254e-07
5.277400973566438e-07
6.472622703968045e-07
7.937815429899271e-07
9.733015996958922e-07
1.193390993151524e-06
1.463063467683210e-06
1.793471583349750e-06
2.198297214934135e-06
2.694162993855359e-06
3.301623685644908e-06
4.045599501252415e-06
4.957025009238890e-06
6.072890216299772e-06
7.439344678070062e-06
9.112657809951308e-06
1.116196428189799e-05
1.367052089436534e-05
1.674133231210846e-05
2.050153003638829e-05
2.510504566054058e-05
3.074149639613955e-05
3.763974166709763e-05
4.608555988805570e-05
5.642727326081403e-05
6.908753936261144e-05
8.458789049397142e-05
1.035636904198911e-04
1.268000946618436e-04
1.552383816957400e-04
1.900644753615995e-04
2.327197483724547e-04
2.849402476419696e-04
3.488544678861706e-04
4.271482750720380e-04
5.229406792454760e-04
6.402917322863533e-04
7.838642196188887e-04
9.596685857929410e-04
1.174869476741066e-03
1.438123699456305e-03
1.760174157503780e-03
2.154153355142525e-03
2.635766453144477e-03
3.224423783033118e-03
3.943818848822134e-03
4.822278378655329e-03
5.894832029016344e-03
7.203110309793630e-03
8.798372509818492e-03
1.074175382983483e-02
1.310811204686528e-02
1.598452288134517e-02
1.947840279270501e-02
2.371904052364817e-02
2.885550081357420e-02
3.506915740762745e-02
4.257131524925210e-02
5.160995571717877e-02
6.247313166030821e-02
7.549048887138858e-02
9.103080808117030e-02
1.095199939236316e-01
1.314136262627005e-01
1.572074690712706e-01
1.873627772848852e-01
2.223834761112511e-01
2.626678640965070e-01
3.085045788454912e-01
3.599791812360976e-01
4.168773676303365e-01
4.786064301665788e-01
5.440833846444542e-01
6.117020982655603e-01
6.793407179428259e-01
7.445047678154409e-01
8.045999678251209e-01
8.572845620000396e-01
9.009342970755119e-01
9.349107864019778e-01
9.596733812259876e-01
9.765411403063029e-01
9.872634620112160e-01
9.937194682833169e-01
9.972213316906344e-01
9.988943797205917e-01
9.996090443514111e-01
9.998788865352395e-01
9.999676178395442e-01
9.999926477264363e-01
9.999986083824354e-01
9.999997851034558e-01
9.999999735130602e-01
9.999999974819823e-01
9.999999998179930e-01
9.999999999885733e-01
1.000000000000209e+00
1.000000000000078e+00
9.999999999998387e-01
1.000000000000053e+00
1.000000000000003e+00
9.999999999999892e-01
1.000000000000004e+00
1.000000000000000e+00
9.999999999999993e-01
1.000000000000000e+00
1.000000000000000e+00
1.000000000000000e+00
1.000000000000000e+00
1.000000000000000e+00
###1.400000000000000e+00
7.066006248975952e-11
1.470043842596328e-10
1.833173690981226e-10
2.275197336398893e-10
2.818446971857481e-10
3.488965445670997e-10
4.311193584331152e-10
5.321557412070647e-10
6.562101644996922e-10
8.087882155086125e-10
9.963360666347387e-10
1.226915808355577e-09
1.510355768570837e-09
1.858829285205317e-09
2.287184828497683e-09
2.813651670776785e-09
3.460689624208636e-09
4.255913899683470e-09
5.233244487145280e-09
6.433608145635525e-09
7.909291016856080e-09
9.721059372030622e-09
1.194674441603644e-08
1.468118213115913e-08
1.803833776456074e-08
2.216245340298286e-08
2.722546460843818e-08
3.344115223704078e-08
4.107262414367161e-08
5.043962673362380e-08
6.193716045071210e-08
7.604828037248916e-08
9.336299999865708e-08
1.146052623408048e-07
1.406660258195661e-07
1.726426240453471e-07
2.118620582115397e-07
2.599529734295612e-07
3.189377843886419e-07
3.912519032497793e-07
4.799305760460003e-07
5.886177067711586e-07
7.218440093870645e-07
8.851388100600540e-07
1.085186941728368e-06
1.330396418573437e-06
1.630815254921975e-06
1.998818945139386e-06
2.449645650191172e-06
3.001721853063369e-06
3.677935399199238e-06
4.505935936670466e-06
5.520102742147772e-06
6.761439574689626e-06
8.281085302587999e-06
1.014152195099517e-05
1.241938919514462e-05
1.520661664938418e-05
1.861771085794220e-05
2.279294723332323e-05
2.790254260011352e-05
3.415591089698020e-05
4.180593925815859e-05
5.116709614559283e-05
6.262383633654968e-05
7.664106972730131e-05
9.379159315430593e-05
1.147751123431599e-04
1.404497126843163e-04
1.718510885729591e-04
2.102725180807125e-04
2.572902798761102e-04
3.148019498448137e-04
3.851205834152085e-04
4.711720273179047e-04
5.763339930512172e-04
7.050199444283739e-04
8.622588858451517e-04
1.054559080600338e-03
1.289623027415469e-03
1.576757903069903e-03
1.927477757906757e-03
2.355862332195932e-03
2.878698375710937e-03
3.516584062306814e-03
4.294733337137330e-03
5.243120512209716e-03
6.398747809466467e-03
7.805357994416902e-03
9.516812605640300e-03
1.159696058937754e-02
1.412384487222251e-02
1.718755994853998e-02
2.089915106231743e-02
2.539178574320296e-02
3.081770273138779e-02
3.736177599155680e-02
4.523792593114286e-02
5.469574951735350e-02
6.602347295539639e-02
7.954836009182113e-02
9.563401535187051e-02
1.146940579915662e-01
1.371719236172408e-01
1.635411585766601e-01
1.942307579452524e-01
2.297088979016721e-01
2.703273468707950e-01
3.163228252913009e-01
3.677277792148647e-01
4.242779198838003e-01
4.853475894956503e-01
5.498482704692920e-01
6.162075360975657e-01
6.823916883767625e-01
7.460434079309349e-01
8.047382347723664e-01
8.563106814792126e-01
8.992585141504417e-01
9.329818689879721e-01
9.578689705355974e-01
9.750948787167852e-01
9.862508947258677e-01
9.930812557305265e-01
9.968616717055397e-01
9.987157136985169e-01
9.995312738951835e-01
9.998495259859386e-01
9.999581169304578e-01
9.999900517131247e-01
9.999980190166431e-01
9.999996761838176e-01
9.999999574955772e-01
9.999999956473976e-01
9.999999996596057e-01
9.999999999795064e-01
9.999999999994413e-01
1.000000000000038e+00
9.999999999999163e-01
1.000000000000025e+00
1.000000000000002e+00
9.999999999999951e-01
1.000000000000002e+00
1.000000000000000e+00
9.999999999999998e-01
1.000000000000000e+00
1.000000000000000e+00
1.000000000000000e+00
1.000000000000000e+00
1.000000000000000e+00
###1.600000000000000e+00
8.496861097535243e-11
1.635779618003227e-10
2.042037335083425e-10
2.535861514547403e-10
3.142861909826916e-10
3.892090832327993e-10
4.810805186370794e-10
5.939116359719087e-10
7.324734415029739e-10
9.028598047801478e-10
1.112278505553214e-09
1.369721550776810e-09
1.686163144187557e-09
2.075161251319393e-09
2.553302397787155e-09
3.140889306784265e-09
3.862967338578239e-09
4.750361964046124e-09
5.840835712279749e-09
7.180042024232859e-09
8.826393863491761e-09
1.084720645935702e-08
1.332956926870143e-08
1.637912621634121e-08
2.012255090352214e-08
2.472091860568215e-08
3.036554369803220e-08
3.729433338115149e-08
4.580058744361641e-08
5.623965713026148e-08
6.905193023114358e-08
8.477491350860454e-08
1.040648554160507e-07
1.277273310736334e-07
1.567554853402121e-07
1.923642636649270e-07
2.360360779213658e-07
2.895772639232061e-07
3.552386740715906e-07
4.357244800318314e-07
5.344118465292799e-07
6.553427149966833e-07
8.035548737021716e-07
9.851924115055417e-07
1.207665367480926e-06
1.480305412159131e-06
1.814277944899618e-06
2.223304414737950e-06
2.724269698191134e-06
3.337596127638614e-06
4.088679052308038e-06
5.008124362937132e-06
6.134029201982604e-06
7.511741284424632e-06
9.197790544706610e-06
1.126133975528886e-05
1.378711822484764e-05
1.687643817907558e-05
2.065602950574836e-05
2.528042276406706e-05
3.093730726753021e-05
3.785716519196148e-05
4.631859613001499e-05
5.666765648827707e-05
6.932535073109639e-05
8.480338241532697e-05
1.037286545475106e-04
1.268691441587805e-04
1.551616469306904e-04
1.897381177480047e-04
2.320097092241105e-04
2.836950122458280e-04
3.468596580486735e-04
4.240128212117309e-04
5.183323175328419e-04
6.334676056358640e-04
7.742024858433176e-04
9.459491438613812e-04
1.155734310661909e-03
1.411823775221357e-03
1.724196888054846e-03
2.105170642742639e-03
2.569794426251919e-03
3.135991544257746e-03
3.825564221133984e-03
4.665290303298701e-03
5.686828695145090e-03
6.929191620469104e-03
8.438268119893700e-03
1.027054782780684e-02
1.249261373789899e-02
1.518569756077159e-02
1.844290122387006e-02
2.237886251785660e-02
2.713055691296274e-02
3.285330328123295e-02
3.973532646127172e-02
4.799297849090044e-02
5.787724813282653e-02
6.967626269002772e-02
8.371464063217009e-02
1.003506652607172e-01
1.199853196425309e-01
1.430499796843864e-01
1.699961111514990e-01
2.012216516166998e-01
2.371598555230074e-01
2.781181728417504e-01
3.242842475354383e-01
3.756408222410474e-01
4.318777441084876e-01
4.923396816937649e-01
5.559342289247473e-01
6.211211259646366e-01
6.859479854239501e-01
7.481812833990197e-01
8.055487219462176e-01
8.560408220269738e-01
8.982641448907537e-01
9.316547111888299e-01
9.565456192670484e-01
9.739928780197303e-01
9.854572188049162e-01
9.925645889830237e-01
9.965592115461313e-01
9.985597515089728e-01
9.994607645460341e-01
9.998218220499820e-01
9.999487632379522e-01
9.999873750652055e-01
9.999973799993040e-01
9.999995513582377e-01
9.999999379806203e-01
9.999999932597676e-01
9.999999994377052e-01
9.999999999647500e-01
9.999999999985457e-01
9.999999999999922e-01
9.999999999999558e-01
1.000000000000012e+00
1.000000000000001e+00
9.999999999999978e-01
1.000000000000001e+00
1.000000000000000e+00
9.999999999999999e-01
1.000000000000000e+00
1.000000000000000e+00
1.000000000000000e+00
1.000000000000000e+00
1.000000000000000e+00
###1.800000000000000e+00
1.006587289475185e-10
1.819625966647311e-10
2.272926976990300e-10
2.823944450101239e-10
3.501354142793139e-10
4.337461866835102e-10
5.362480546875371e-10
6.621173949457686e-10
8.166854347519122e-10
1.006720004950385e-09
1.240262215147540e-09
1.527334266034667e-09
1.880158157803517e-09
2.313827688939359e-09
2.846837760010633e-09
3.501770032968080e-09
4.306521508762055e-09
5.295405479493422e-09
6.510339583016944e-09
8.002486430948383e-09
9.836670635734651e-09
1.208743223015531e-08
1.485214710543313e-08
1.824811628163328e-08
2.241613836477534e-08
2.753562871062193e-08
3.381916736157461e-08
4.153109384957382e-08
5.099767659503938e-08
6.261340410515407e-08
7.686834740934322e-08
9.435872680036343e-08
1.158142338911922e-07
1.421292523459462e-07
1.744054943197793e-07
2.139945974931785e-07
2.625401522870234e-07
3.220454490096793e-07
3.950099576008865e-07
4.844298150733658e-07
5.940547164137997e-07
7.283643385720435e-07
8.929361632369970e-07
1.094589760955541e-06
1.341530905324157e-06
1.644080836441170e-06
2.014606498529165e-06
2.468312970131335e-06
3.023852306177818e-06
3.703841634867613e-06
4.536300772829450e-06
5.555141538529155e-06
6.802350585120234e-06
8.328060599094365e-06
1.019464738509499e-05
1.247826715286769e-05
1.527253963626678e-05
1.868899903004052e-05
2.286689736066217e-05
2.797665201180617e-05
3.422470083165411e-05
4.186338548385770e-05
5.119948803877338e-05
6.261247969411665e-05
7.656248395792611e-05
9.361093145115703e-05
1.144423482711560e-04
1.398970147988126e-04
1.709957116963254e-04
2.089717654565020e-04
2.553616048189068e-04
3.120337439214467e-04
3.812310116132027e-04
4.656689412740344e-04
5.687905230033097e-04
6.945300798867145e-04
8.480548465401977e-04
1.035190757365000e-03
1.263488350787574e-03
1.541815231161313e-03
1.880837625901634e-03
2.293708652905756e-03
2.796480225232325e-03
3.408243117023364e-03
4.152043739099992e-03
5.056260006805258e-03
6.154272359069781e-03
7.487140600602929e-03
9.102933295464688e-03
1.106079429968522e-02
1.343005972978653e-02
1.629515364138232e-02
1.975217166482975e-02
2.391930744562557e-02
2.893727417383531e-02
3.496437422553098e-02
4.219203590834494e-02
5.083885978670181e-02
6.115700448318655e-02
7.343423171248893e-02
8.799225329139429e-02
1.051836797825373e-01
1.253971244203781e-01
1.490513746730792e-01
1.765761413040856e-01
2.083393663107018e-01
2.447401666129916e-01
2.860436911087516e-01
3.323910348722860e-01
3.837182918995746e-01
4.396730366092877e-01
4.995730590206015e-01
5.623233167322556e-01
6.264142548184201e-01
6.899686975868444e-01
7.508633432761922e-01
8.069651523878943e-01
8.564023399778661e-01
8.978795305033713e-01
9.308672471511300e-01
9.556563629675447e-01
9.732060229587267e-01
9.848685371957976e-01
9.921663926407686e-01
9.963161463311337e-01
9.984295824762809e-01
9.993997379857127e-01
9.997969418706650e-01
9.999400360218638e-01
9.999847742216769e-01
9.999967314281205e-01
9.999994184993078e-01
9.999999161018664e-01
9.999999904272072e-01
9.999999991574600e-01
9.999999999443603e-01
9.999999999973884e-01
9.999999999999372e-01
9.999999999999756e-01
1.000000000000006e+00
1.000000000000000e+00
9.999999999999990e-01
1.000000000000000e+00
1.000000000000000e+00
1.000000000000000e+00
1.000000000000000e+00
1.000000000000000e+00
1.000000000000000e+00
1.000000000000000e+00
1.000000000000000e+00
###2.000000000000000e+00
1.178227237760617e-10
2.022016615654713e-10
2.527799520494425e-10
3.141866513508039e-10
3.896937556801108e-10
4.828830794308610e-10
5.971021699367486e-10
7.373414234889756e-10
9.095445994232035e-10
1.121231155208724e-09
1.381338199090221e-09
1.701044165117678e-09
2.093924393198162e-09
2.576766647730760e-09
3.170161642589300e-09
3.899189901387371e-09
4.794879466256474e-09
5.895370046318054e-09
7.247132747199528e-09
8.907392313693114e-09
1.094799129774789e-08
1.345131869218387e-08
1.652612216513455e-08
2.030235554396443e-08
2.493672194244819e-08
3.062721166633525e-08
3.761210433391131e-08
4.618280248983806e-08
5.670206962693001e-08
6.960750320991079e-08
8.544260838435293e-08
1.048683650355615e-07
1.286946632649598e-07
1.579128337323626e-07
1.937416491191714e-07
2.376839587413133e-07
2.915555179234592e-07
3.575773365894631e-07
4.385178291350839e-07
5.376908364004523e-07
6.592503568170296e-07
8.081521247581318e-07
9.905637757755947e-07
1.214024081308480e-06
1.487615355219698e-06
1.822725774453590e-06
2.233025990249835e-06
2.735317927931819e-06
3.350173295695658e-06
4.102581230975739e-06
5.023385016128156e-06
6.150071388268195e-06
7.528856829103964e-06
9.214896527385542e-06
1.127700557685047e-05
1.379886633760463e-05
1.688343154363508e-05
2.065342683465383e-05
2.526146927944682e-05
3.089516703800318e-05
3.778040444556502e-05
4.619359232834936e-05
5.647126349573049e-05
6.902767384171031e-05
8.436734884991059e-05
1.031020301758111e-04
1.259779354684105e-04
1.539120548973846e-04
1.880153496020720e-04
2.296270999526776e-04
2.804165735214173e-04
3.424105116046682e-04
4.180382753349858e-04
5.102320008768752e-04
6.227144831511827e-04
7.597173714794960e-04
9.268089955470302e-04
1.130249127017504e-03
1.378132993845376e-03
1.679953311399849e-03
2.047090448171673e-03
2.493563297041122e-03
3.036459732045877e-03
3.696069719182978e-03
4.496723645777008e-03
5.468436435829405e-03
6.646346912748393e-03
8.073600129609480e-03
9.800476644807158e-03
1.188880079107893e-02
1.441067961961218e-02
1.745373278881294e-02
2.111703346721358e-02
2.552229370050598e-02
3.081389776018734e-02
3.715302151036812e-02
4.473416081290858e-02
5.377797808416046e-02
6.453758060309948e-02
7.730010153471556e-02
9.238408492697597e-02
1.101361372555377e-01
1.309326970844362e-01
1.551795029280323e-01
1.832847908589329e-01
2.155874428140442e-01
2.524531941154953e-01
2.941066631724236e-01
3.406447075162041e-01
3.919594837670147e-01
4.476596561842328e-01
5.070378283535266e-01
5.689979569136543e-01
6.320594522575278e-01
6.944168859867387e-01
7.540390305829086e-01
8.089267297480578e-01
8.573289317386559e-01
8.980391640218744e-01
9.305620189893735e-01
9.551569693439441e-01
9.727053134798618e-01
9.844692222771764e-01
9.918808045267585e-01
9.961322736797162e-01
9.983267064100093e-01
9.993495999181126e-01
9.997757330457124e-01
9.999323206853686e-01
9.999823872473790e-01
9.999961124374585e-01
9.999992862544697e-01
9.999998933135364e-01
9.999999873284271e-01
9.999999988339205e-01
9.999999999192319e-01
9.999999999959340e-01
9.999999999998710e-01
9.999999999999848e-01
1.000000000000003e+00
1.000000000000000e+00
9.999999999999996e-01
1.000000000000000e+00
1.000000000000000e+00
1.000000000000000e+00
1.000000000000000e+00
1.000000000000000e+00
1.000000000000000e+00
1.000000000000000e+00
1.000000000000000e+00
###2.200000000000000e+00
1.366098531059626e-10
2.245195501804994e-10
2.808750108361529e-10
3.492228178837096e-10
4.332860025727351e-10
5.370214512757805e-10
6.641394359153285e-10
8.201948794792797e-10
1.011805934622999e-09
1.247313357166385e-09
1.536624230352275e-09
1.892237377922015e-09
2.329154202319412e-09
2.866055990012749e-09
3.525805933737011e-09
4.336254604002128e-09
5.331835131475207e-09
6.554888484023470e-09
8.056892498131860e-09
9.901674316619538e-09
1.216877602431263e-08
1.494914710820269e-08
1.836400009975914e-08
2.255717087132230e-08
2.770266474477737e-08
3.401872752942588e-08
4.177186068072605e-08
5.128309513864451e-08
6.295448600539425e-08
7.727120104713213e-08
9.483483424690710e-08
1.163748927439297e-07
1.427953751434839e-07
1.751853181676621e-07
2.148975650860659e-07
2.635904075880476e-07
3.232748802634752e-07
3.964065295996203e-07
4.860453743699958e-07
5.958504052785979e-07
7.304138865859060e-07
8.952084323787379e-07
1.097042140391743e-06
1.344229942735598e-06
1.646806272438167e-06
2.017311799644238e-06
2.470839306501636e-06
3.025879835251933e-06
3.705117702532188e-06
4.536075982698767e-06
5.552684780384802e-06
6.796190769883971e-06
8.317453561054456e-06
1.017699140870598e-05
1.245054568234027e-05
1.522989796241571e-05
1.862797374230642e-05
2.277949470488456e-05
2.785162301077359e-05
3.404981106116633e-05
4.162115165828875e-05
5.086780357930451e-05
6.215769303223556e-05
7.594223348304178e-05
9.277357705746636e-05
1.133171947776572e-04
1.383829627891456e-04
1.689707384443164e-04
2.062868247936014e-04
2.517823314810392e-04
3.072667762666113e-04
3.749337368765813e-04
4.574087633510078e-04
5.578500073211872e-04
6.802770484554006e-04
8.292351846325487e-04
1.010702950330632e-03
1.231399728225382e-03
1.499993866581224e-03
1.826606802957190e-03
2.223380109377129e-03
2.705222372436512e-03
3.290322215292952e-03
4.000108172444496e-03
4.860327062991566e-03
5.902637798852046e-03
7.163974153862131e-03
8.689604149012778e-03
1.053205199524385e-02
1.275584873638985e-02
1.543588885596931e-02
1.866299032734137e-02
2.253918519474505e-02
2.718966548296574e-02
3.276243180147162e-02
3.942138277487112e-02
4.736398340922205e-02
5.681275832595110e-02
6.802154172316849e-02
8.127657723587416e-02
9.689297879010489e-02
1.152110320562352e-01
1.365951332054506e-01
1.614375644519171e-01
1.901253234820631e-01
2.229690526945276e-01
2.603018120935486e-01
3.023092773301200e-01
3.490461414256876e-01
4.003630505628122e-01
4.558334440590657e-01
5.147238762946698e-01
5.759408791281335e-01
6.380303824601965e-01
6.992523680037918e-01
7.576611876877125e-01
8.113774663947544e-01
8.587598135467561e-01
8.986830087491342e-01
9.306858800770601e-01
9.550058488677029e-01
9.724623257765729e-01
9.842427610401110e-01
9.917002819863334e-01
9.960055381945048e-01
9.982513399604587e-01
9.993110621304874e-01
9.997587394938200e-01
9.999258971643322e-01
9.999803247253041e-01
9.999955571184660e-01
9.999991629368665e-01
9.999998711737559e-01
9.999999841837820e-01
9.999999984897244e-01
9.999999998910057e-01
9.999999999942358e-01
9.999999999997932e-01
9.999999999999885e-01
1.000000000000001e+00
1.000000000000000e+00
9.999999999999998e-01
1.000000000000000e+00
1.000000000000000e+00
1.000000000000000e+00
1.000000000000000e+00
1.000000000000000e+00
1.000000000000000e+00
1.000000000000000e+00
1.000000000000000e+00
###2.400000000000000e+00
1.571633016677014e-10
2.490955026544342e-10
3.119373393822976e-10
3.877875782969044e-10
4.812611810512625e-10
5.965933107084533e-10
7.378930563416090e-10
9.113341850087057e-10
1.124280597937591e-09
1.385956811097243e-09
1.707353206175057e-09
2.102400749136690e-09
2.587644898129276e-09
3.183885403813986e-09
3.916456857018348e-09
4.816289177059493e-09
5.921449384467318e-09
7.278900103885547e-09
8.945667851503330e-09
1.099270476351185e-08
1.350802483552289e-08
1.659194526697227e-08
2.037908600982169e-08
2.502893765602588e-08
3.073373293961970e-08
3.773439837340005e-08
4.632710811296380e-08
5.686752252714985e-08
6.979811043723619e-08
8.565724906362395e-08
1.051091152667865e-07
1.289579594615658e-07
1.582103826395721e-07
1.940614655623957e-07
2.380096434300050e-07
2.918826005394643e-07
3.579016292683288e-07
4.387810836043199e-07
5.378925584057368e-07
6.592722419585480e-07
8.079695418506977e-07
9.900656863923623e-07
1.213014032292009e-06
1.485978792535332e-06
1.820046273250038e-06
2.228971742261877e-06
2.729401881240749e-06
3.341648325429239e-06
4.090687627013773e-06
5.006719378577641e-06
6.127058334223151e-06
7.496962727182291e-06
9.172292617181641e-06
1.121940119608715e-05
1.372126268843278e-05
1.677853270090403e-05
2.051474833628646e-05
2.507738779864391e-05
3.064954042877257e-05
3.745526094487075e-05
4.576450521688839e-05
5.590718544722859e-05
6.828388148154406e-05
8.338597638362441e-05
1.018165126774591e-04
1.242973994734531e-04
1.517076680893127e-04
1.851316384679189e-04
2.258793252351277e-04
2.755190589908043e-04
3.360082959027070e-04
4.097163695162688e-04
4.994750160474808e-04
6.086798201432636e-04
7.416532269173993e-04
9.033028877401294e-04
1.099979912013961e-03
1.338928258155069e-03
1.629395788611483e-03
1.982157575682420e-03
2.410146058922757e-03
2.929190186317820e-03
3.558617711041350e-03
4.321015678621144e-03
5.243599461242441e-03
6.359706742773619e-03
7.708102430584695e-03
9.336215225526320e-03
1.129884379585581e-02
1.366325195950373e-02
1.650713672127862e-02
1.992451631283135e-02
2.402036036343474e-02
2.892330108099974e-02
3.478488209212439e-02
4.177162332669135e-02
5.008380707278232e-02
5.994563644674666e-02
7.161144940470740e-02
8.536633935158223e-02
1.015217251609734e-01
1.204112647494696e-01
1.423873881690414e-01
1.678285544475142e-01
1.971007164331131e-01
2.304869924357413e-01
2.682884198195588e-01
3.106531521751146e-01
3.575955752643946e-01
4.089269894249430e-01
4.641877390957007e-01
5.226208042035485e-01
5.831350519526196e-01
6.443017183495968e-01
7.044406371318249e-01
7.616857986408812e-01
8.142654517338782e-01
8.606390280869640e-01
8.997560486088891e-01
9.311897579903083e-01
9.551639884964928e-01
9.724494881985830e-01
9.841721550879932e-01
9.916160607608712e-01
9.959325522520619e-01
9.982026994798175e-01
9.992842500842294e-01
9.997462269248328e-01
9.999209394793153e-01
9.999786650981217e-01
9.999950923755347e-01
9.999990556737336e-01
9.999998511482368e-01
9.999999812215945e-01
9.999999981513336e-01
9.999999998619058e-01
9.999999999924111e-01
9.999999999997068e-01
9.999999999999893e-01
1.000000000000000e+00
1.000000000000000e+00
9.999999999999999e-01
1.000000000000000e+00
1.000000000000000e+00
1.000000000000000e+00
1.000000000000000e+00
1.000000000000000e+00
1.000000000000000e+00
1.000000000000000e+00
1.000000000000000e+00
###2.600000000000000e+00
1.796356783326591e-10
2.761219685809626e-10
3.459368571933339e-10
4.301823218566142e-10
5.339933029245241e-10
6.620617918713571e-10
8.189356336930150e-10
1.011462808084734e-09
1.247827766294119e-09
1.538218619867369e-09
1.894825300132672e-09
2.333103450544803e-09
2.871374591056688e-09
3.532667930295903e-09
4.345072910202501e-09
5.342793757560316e-09
6.568064239630474e-09
8.072635345795624e-09
9.919922581639046e-09
1.218835031841613e-08
1.497534898063781e-08
1.839128819650053e-08
2.258542695325159e-08
2.773481391723082e-08
3.405105844208709e-08
4.179992986917614e-08
5.130969627764799e-08
6.297406859091173e-08
7.727834120678515e-08
9.482180166972157e-08
1.163336704558341e-07
1.427008145728604e-07
1.750402123864306e-07
2.146625763619150e-07
2.632258957690636e-07
3.227398258563078e-07
3.956480802419988e-07
4.849650361987649e-07
5.943779590131677e-07
7.283424032299002e-07
8.923976276490602e-07
1.093283643251427e-06
1.339160823327567e-06
1.640069462184165e-06
2.008323129914433e-06
2.458906107299553e-06
3.010159547636743e-06
3.684380879210208e-06
4.508961459291298e-06
5.517036861029141e-06
6.749537957381420e-06
8.256037682125807e-06
1.009775883449257e-05
1.234733527524614e-05
1.509546641039962e-05
1.845233011057214e-05
2.255282360038482e-05
2.755805800567158e-05
3.366812419886972e-05
4.112695886274825e-05
5.022888273270479e-05
6.133335581383252e-05
7.487560790315586e-05
9.138993642253458e-05
1.115334611160041e-04
1.360863370750905e-04
1.660027393387716e-04
2.024559004550359e-04
2.468650356238330e-04
3.009223580617099e-04
3.667412394489863e-04
4.468760070481037e-04
5.443749301254448e-04
6.628827546755658e-04
8.070376383847349e-04
9.821299662075588e-04
1.194897880446451e-03
1.453133558251366e-03
1.766679827240736e-03
2.147000559664663e-03
2.607842543018799e-03
3.166008624669202e-03
3.841928737401429e-03
4.659469256816335e-03
5.647308493669840e-03
6.840510184612078e-03
8.279706472234992e-03
1.001452430997868e-02
1.210206675859968e-02
1.461235613492958e-02
1.762590555754969e-02
2.123993443766940e-02
2.556232593846553e-02
3.072511087024284e-02
3.688330140120345e-02
4.420593276190170e-02
5.289595197538390e-02
6.317905402882483e-02
7.530985506389475e-02
8.957203633954328e-02
1.062730528116911e-01
1.257396262303342e-01
1.483122677598918e-01
1.743552550083267e-01
2.042136558419709e-01
2.381436816621826e-01
2.764149464531396e-01
3.191395616749306e-01
3.662926323176747e-01
4.176484368505863e-01
4.727166194082073e-01
5.307179554523892e-01
5.905636671787882e-01
6.508490795874046e-01
7.099489684833828e-01
7.660717696989323e-01
8.175431467863213e-01
8.629154775556676e-01
9.012076550750422e-01
9.320283459802606e-01
9.555948516173278e-01
9.726403547110665e-01
9.842403767042288e-01
9.916186964000112e-01
9.959090005978396e-01
9.981792490181871e-01
9.992688227696004e-01
9.997382248178678e-01
9.999175258485573e-01
9.999774545608585e-01
9.999947365041434e-01
9.999989698545537e-01
9.999998344485869e-01
9.999999786481473e-01
9.999999978449573e-01
9.999999998343873e-01
9.999999999906118e-01
9.999999999996184e-01
9.999999999999887e-01
9.999999999999999e-01
1.000000000000000e+00
9.999999999999999e-01
1.000000000000000e+00
1.000000000000000e+00
1.000000000000000e+00
1.000000000000000e+00
1.000000000000000e+00
1.000000000000000e+00
1.000000000000000e+00
1.000000000000000e+00
###2.800000000000000e+00
2.041878015947676e-10
3.058040552589124e-10
3.832727031004274e-10
4.767297620647672e-10
5.918820283753706e-10
7.339169564351989e-10
9.078782146715444e-10
1.121332207329495e-09
1.383373213255252e-09
1.705220070731485e-09
2.100432270202994e-09
2.586069188694558e-09
3.182428053771482e-09
3.914959667766927e-09
4.814768208497852e-09
5.919619239279509e-09
7.276249968437597e-09
8.941848332241123e-09
1.098656118951415e-08
1.349699790845016e-08
1.658100736551030e-08
2.035942567499166e-08
2.499851200641153e-08
3.069284966023724e-08
3.767673650822576e-08
4.624271937167385e-08
5.675307849092986e-08
6.964323032295432e-08
8.544548707859730e-08
1.048243487219523e-07
1.285794085050438e-07
1.576915196002904e-07
1.933917181600311e-07
2.371157211076672e-07
2.907034273617686e-07
3.563514162006858e-07
4.367516083885527e-07
5.352369363382242e-07
6.558402742993054e-07
8.034711152517392e-07
9.841955198481417e-07
1.205444137973895e-06
1.476198595465428e-06
1.807405999891669e-06
2.212689766463988e-06
2.708393816885385e-06
3.314639910730626e-06
4.055904106197653e-06
4.962153965265632e-06
6.069697261109593e-06
7.423325953844030e-06
9.077262239139049e-06
1.109841928658730e-05
1.356632002177476e-05
1.657980997433291e-05
2.025923893515083e-05
2.475171007758840e-05
3.023287351916287e-05
3.692095171391722e-05
4.508110407109428e-05
5.503359169266013e-05
6.716930244292171e-05
8.196036120751802e-05
9.998685858261081e-05
1.219623029796204e-04
1.487296619055432e-04
1.813221937717450e-04
2.210073408975964e-04
2.693192518954865e-04
3.280809142134090e-04
3.995699031582088e-04
4.865381509747407e-04
5.922519748493584e-04
7.206265304965190e-04
8.766277811334420e-04
1.065943851999679e-03
1.295722254272940e-03
1.574330991997515e-03
1.912200674113642e-03
2.321544322130885e-03
2.816939063630201e-03
3.416196790499911e-03
4.140845590606466e-03
5.016166185106072e-03
6.072244397346803e-03
7.345939670319213e-03
8.879787674475972e-03
1.072565091989074e-02
1.294296589523551e-02
1.560453863342700e-02
1.879371035700009e-02
2.261090130327055e-02
2.716688119848478e-02
3.259703574284448e-02
3.905976945869963e-02
4.672652207872376e-02
5.580275119268636e-02
6.651545340758466e-02
7.911929399518014e-02
9.389627753817406e-02
1.111496207526513e-01
1.311987789857453e-01
1.543724193393001e-01
1.810202284333189e-01
2.114665349976542e-01
2.459411659746266e-01
2.846828704188190e-01
3.277697404226493e-01
3.751363543935724e-01
4.265233978802593e-01
4.814136492828868e-01
5.390044363392238e-01
5.982101141860261e-01
6.576489391581691e-01
7.157461757431504e-01
7.707806264858761e-01
8.211662362293006e-01
8.655410814346834e-01
9.029911935861323e-01
9.331597767160046e-01
9.562642478903555e-01
9.730097280844011e-01
9.844307155497651e-01
9.916983895803416e-01
9.959299740205444e-01
9.981789133842978e-01
9.992640803473259e-01
9.997345708277088e-01
9.999156498400146e-01
9.999767092759383e-01
9.999944991062378e-01
9.999989088816723e-01
9.999998219333044e-01
9.999999766250049e-01
9.999999975930299e-01
9.999999998107336e-01
9.999999999889977e-01
9.999999999995360e-01
9.999999999999873e-01
9.999999999999994e-01
1.000000000000000e+00
9.999999999999999e-01
1.000000000000000e+00
1.000000000000000e+00
1.000000000000000e+00
1.000000000000000e+00
1.000000000000000e+00
1.000000000000000e+00
1.000000000000000e+00
1.000000000000000e+00
###3.000000000000000e+00
2.309998358795290e-10
3.383646663912265e-10
4.242230430583502e-10
5.277760209825286e-10
6.553530252982794e-10
8.126954263932782e-10
1.005376251456649e-09
1.241741877929237e-09
1.531908130986115e-09
1.888210005505133e-09
2.325667602256837e-09
2.863125984190841e-09
3.523035212404801e-09
4.333485960165504e-09
5.328871817312543e-09
6.550840816928654e-09
8.051025384354341e-09
9.892585772686776e-09
1.215295510954224e-08
1.492751103182103e-08
1.833594657781438e-08
2.250999272977679e-08
2.763455553850619e-08
3.392337314674794e-08
4.163513488498938e-08
5.109194604146794e-08
6.269272225384907e-08
7.691726444043456e-08
9.435188061706644e-08
1.157274159556867e-07
1.419248931628383e-07
1.740236440210299e-07
2.133758031846977e-07
2.615619147683351e-07
3.206081367170038e-07
3.929154124035756e-07
4.814567544058510e-07
5.898932742763447e-07
7.226379170738140e-07
8.850897961054793e-07
1.083886442911027e-06
1.327200175202733e-06
1.624871106589533e-06
1.988909011230202e-06
2.434257741972296e-06
2.978763588777146e-06
3.644393228974063e-06
4.458156233797610e-06
5.452601201294549e-06
6.667527310371412e-06
8.151796658184527e-06
9.964686026274431e-06
1.217894572671618e-05
1.488218090315961e-05
1.818133070159696e-05
2.220761425274508e-05
2.712139880254943e-05
3.311377051143706e-05
4.042227087668238e-05
4.933473519813451e-05
6.019887130665649e-05
7.343911089153384e-05
8.956689363010727e-05
1.092118073980549e-04
1.331433417584369e-04
1.622750796207457e-04
1.977224388291659e-04
2.408525539588250e-04
2.933204925223192e-04
3.570871442806053e-04
4.346028992844598e-04
5.288274455861276e-04
6.432553379703303e-04
7.820854232504537e-04
9.506272112880328e-04
1.154979110357959e-03
1.402727418652545e-03
1.702829717543293e-03
2.066325285931062e-03
2.506211209533411e-03
3.037914082456974e-03
3.680300999969555e-03
4.456031426206786e-03
5.391824939320307e-03
6.519220379592137e-03
7.876911702892727e-03
9.509374283237801e-03
1.147074319441763e-02
1.382281639392087e-02
1.664120817675787e-02
2.001209812835137e-02
2.403910542552685e-02
2.883585628406237e-02
3.454104508531469e-02
4.131639027738852e-02
4.933562017094012e-02
5.880654630183201e-02
6.995727222658979e-02
8.304227888515557e-02
9.834162568410851e-02
1.161540103047502e-01
1.367913269254284e-01
1.605703231038026e-01
1.878258077086644e-01
2.188614374152166e-01
2.538811081726474e-01
2.930931967128719e-01
3.365425742854963e-01
3.841251973495928e-01
4.355493456006329e-01
4.902719505130087e-01
5.474691409394323e-01
6.060579738716049e-01
6.646785630467785e-01
7.218030959629419e-01
7.757763676094481e-01
8.250934911124050e-01
8.684726818738342e-01
9.050636975374445e-01
9.345453559378949e-01
9.571403789613234e-01
9.735338296668652e-01
9.847270295316995e-01
9.918453294721403e-01
9.959902367628602e-01
9.981992628984721e-01
9.992690631464651e-01
9.997349554428477e-01
9.999152364224355e-01
9.999764194404672e-01
9.999943817226165e-01
9.999988741549108e-01
9.999998140754929e-01
9.999999752561369e-01
9.999999974117375e-01
9.999999997927541e-01
9.999999999877088e-01
9.999999999994672e-01
9.999999999999859e-01
9.999999999999992e-01
1.000000000000000e+00
9.999999999999999e-01
1.000000000000000e+00
1.000000000000000e+00
1.000000000000000e+00
1.000000000000000e+00
1.000000000000000e+00
1.000000000000000e+00
1.000000000000000e+00
1.000000000000000e+00
###3.200000000000001e+00
2.602602280402403e-10
3.740407359693560e-10
4.690858046784982e-10
5.836917274696195e-10
7.248710102173308e-10
8.989675383958037e-10
1.112124073309251e-09
1.373564976864347e-09
1.694481308708648e-09
2.088479880006118e-09
2.572123383126902e-09
3.166223369582283e-09
3.895579767904986e-09
4.791159300352902e-09
5.890940498280582e-09
7.240799122094957e-09
8.897699498532744e-09
1.093130292113206e-08
1.342697130023666e-08
1.648964980704985e-08
2.025184238600171e-08
2.485730726324446e-08
3.051084340917614e-08
3.744756197086577e-08
4.595190589413469e-08
5.637867985488428e-08
6.916637457432499e-08
8.484274863045123e-08
1.040531848784591e-07
1.275999526882278e-07
1.564524333051614e-07
1.917965910865021e-07
2.351152493251545e-07
2.881471678222255e-07
3.531137756739684e-07
4.326513917120062e-07
5.300227545903357e-07
6.492380074910336e-07
7.951487922050454e-07
9.736564238802785e-07
1.192024195885003e-06
1.459220364806604e-06
1.786011763904775e-06
2.185551646622788e-06
2.674207876985815e-06
3.271426333074562e-06
4.001175724217672e-06
4.893168337003519e-06
5.982667194283531e-06
7.313460973648345e-06
8.938504214830154e-06
1.092257360494285e-05
1.334471145390769e-05
1.630098251820045e-05
1.990728702815944e-05
2.430623355339814e-05
2.967238055946991e-05
3.621327534397949e-05
4.418702693969417e-05
5.390584295904992e-05
6.574622247086457e-05
8.016799756177320e-05
9.772503608731109e-05
1.190992207642134e-04
1.451186825014058e-04
1.767724041564546e-04
2.152623362104789e-04
2.620609860643926e-04
3.189505807236618e-04
3.880372851705994e-04
4.719532265004579e-04
5.738757409435686e-04
6.975400021427460e-04
8.474403815865220e-04
1.029246703114731e-03
1.249483598115649e-03
1.516197544638217e-03
1.838955707624550e-03
2.229433016353267e-03
2.701440910247899e-03
3.271272826669755e-03
3.958878164556564e-03
4.788137621854703e-03
5.787185358606403e-03
6.989072799548653e-03
8.434367863113905e-03
1.016952143448937e-02
1.225097781301361e-02
1.474292337035955e-02
1.772380436933325e-02
2.128264713993598e-02
2.552626611706604e-02
3.057111062127823e-02
3.655913464039760e-02
4.365528935084501e-02
5.203547023273138e-02
6.190968288741432e-02
7.350693796352674e-02
8.708129329495645e-02
1.029105893637338e-01
1.212887166453049e-01
1.425197089145284e-01
1.669086437414888e-01
1.947742068927750e-01
2.264001416965103e-01
2.619647868384039e-01
3.016464643564131e-01
3.454575521408577e-01
3.932570503625866e-01
4.447219240238922e-01
4.992842128405580e-01
5.561007561706416e-01
6.140909981584520e-01
6.719159409587632e-01
7.280916393516502e-01
7.810253319423820e-01
8.292865462207194e-01
8.716697755062531e-01
9.073855494231206e-01
9.361493974315963e-01
9.581936828577173e-01
9.741903051729673e-01
9.851138962176885e-01
9.920498706891995e-01
9.960844360769489e-01
9.982376689467833e-01
9.992826423730570e-01
9.997389642264898e-01
9.999161592084520e-01
9.999765545788997e-01
9.999943791358568e-01
9.999988652853344e-01
9.999998109719457e-01
9.999999745844877e-01
9.999999973098053e-01
9.999999997815893e-01
9.999999999868456e-01
9.999999999994178e-01
9.999999999999847e-01
9.999999999999990e-01
1.000000000000000e+00
9.999999999999999e-01
1.000000000000000e+00
1.000000000000000e+00
1.000000000000000e+00
1.000000000000000e+00
1.000000000000000e+00
1.000000000000000e+00
1.000000000000000e+00
1.000000000000000e+00
###3.400000000000001e+00
2.921713274695255e-10
4.130857721837639e-10
5.181797397878965e-10
6.448733981206110e-10
8.009278399224169e-10
9.933418719711584e-10
1.228878590907393e-09
1.517724810421885e-09
1.872236467299745e-09
2.307417362811177e-09
2.841501559991431e-09
3.497444096776154e-09
4.302607785642787e-09
5.291089811865269e-09
6.504771395339914e-09
7.994126909403501e-09
9.821921636191537e-09
1.206488566169798e-08
1.481699941595093e-08
1.819361747332136e-08
2.234113940281535e-08
2.741642006314758e-08
3.364578621478779e-08
4.128766294425648e-08
5.065425968411911e-08
6.213598022243557e-08
7.621419015956117e-08
9.346861021688579e-08
1.146085732214579e-07
1.405137564098856e-07
1.722490942569992e-07
2.111159173110495e-07
2.587385109804834e-07
3.170264214795809e-07
3.884122607700427e-07
4.757864109761848e-07
5.827242736677658e-07
7.136109861259968e-07
8.737649443977439e-07
1.069653467505895e-06
1.309194534538182e-06
1.602211678976028e-06
1.960473323519776e-06
2.398361991318036e-06
2.933772079972752e-06
3.587823984313494e-06
4.386794375146852e-06
5.363038566840808e-06
6.555032238301627e-06
8.010589355525895e-06
9.787233774970950e-06
1.195545069318613e-05
1.460109247488455e-05
1.782892974545918e-05
2.176530493421570e-05
2.656431261059772e-05
3.241566469941702e-05
3.954452682779983e-05
4.823088636935470e-05
5.881283959169819e-05
7.169758586782698e-05
8.738235116917485e-05
1.064660771174032e-04
1.296859913083853e-04
1.579323026073838e-04
1.922736403412244e-04
2.340032989658585e-04
2.847050496695451e-04
3.462947791299018e-04
4.210315539172020e-04
5.117384790990204e-04
6.218208317892455e-04
7.552709121018158e-04
9.168793360823998e-04
1.112704991883451e-03
1.349711477073692e-03
1.636427075637716e-03
1.983049417165425e-03
2.401916291568173e-03
2.907681492882553e-03
3.517545261987198e-03
4.252538611248449e-03
5.137835751902783e-03
6.203009198216283e-03
7.482661822708628e-03
9.019275385394819e-03
1.086131167703011e-02
1.306756043149089e-02
1.570462219275579e-02
1.885379788334063e-02
2.260696692703888e-02
2.707413328480588e-02
3.237453246946293e-02
3.865332578266940e-02
4.607861266048792e-02
5.482832854675530e-02
6.511450923732588e-02
7.716686686967519e-02
9.123879138955512e-02
1.076056251704890e-01
1.265561551566193e-01
1.483862632778764e-01
1.733907566935264e-01
2.018677465461624e-01
2.340841586406102e-01
2.701931292848394e-01
3.103427846146239e-01
3.545136658294267e-01
4.025292774319746e-01
4.540362763446162e-01
5.084427116516465e-01
5.648877752286707e-01
6.222929868258199e-01
6.793397249742421e-01
7.345849924205103e-01
7.864951459604015e-01
8.337096121240352e-01
8.750948479222803e-01
9.099203864766283e-01
9.379390665457593e-01
9.593967149918592e-01
9.749582872797482e-01
9.855767985135259e-01
9.923027536580776e-01
9.962072711452161e-01
9.982914253940683e-01
9.993035974284943e-01
9.997461165461122e-01
9.999182560863362e-01
9.999770689406440e-01
9.999944808339795e-01
9.999988804102410e-01
9.999998123926629e-01
9.999999745962187e-01
9.999999972884617e-01
9.999999997776476e-01
9.999999999864573e-01
9.999999999993913e-01
9.999999999999841e-01
9.999999999999989e-01
1.000000000000000e+00
9.999999999999999e-01
1.000000000000000e+00
1.000000000000000e+00
1.000000000000000e+00
1.000000000000000e+00
1.000000000000000e+00
1.000000000000000e+00
1.000000000000000e+00
1.000000000000000e+00
###3.600000000000001e+00
3.269517026403455e-10
4.557708924258107e-10
5.718456947271759e-10
7.117449797388126e-10
8.840493825036992e-10
1.096469199839643e-09
1.356443618526244e-09
1.675208113170188e-09
2.066387420753411e-09
2.546507598585885e-09
3.135620348048999e-09
3.859011995346417e-09
4.746837006338207e-09
5.836596352082885e-09
7.174415452212592e-09
8.815765196592160e-09
1.082971529597473e-08
1.330067377893632e-08
1.633197931817063e-08
2.005028293401157e-08
2.461708982312368e-08
3.020342246834190e-08
3.705897625138843e-08
4.546744432383258e-08
5.577113500716359e-08
6.839899662605198e-08
8.387884834157690e-08
1.028466517126731e-07
1.260808945202037e-07
1.545450755950367e-07
1.894072945319832e-07
2.320936197733352e-07
2.843812643098154e-07
3.483639579715273e-07
4.267024382591283e-07
5.225610354370743e-07
6.398522173655220e-07
7.833658350123317e-07
9.589199267277562e-07
1.173584078204913e-06
1.436016569663197e-06
1.756921115862145e-06
2.149156442414608e-06
2.628425227283516e-06
3.214207350549015e-06
3.929573137254348e-06
4.803141103481567e-06
5.870124866016768e-06
7.172448955677498e-06
8.762099611906778e-06
1.070188530038151e-05
1.306800507535232e-05
1.595374189453859e-05
1.947311427589206e-05
2.376318101314234e-05
2.899161576893669e-05
3.536291966523949e-05
4.312144992992201e-05
5.257026552052392e-05
6.407501571586238e-05
7.807613861284337e-05
9.510977241700389e-05
1.158227604839754e-04
1.410108690196929e-04
1.716301205261054e-04
2.088332520787692e-04
2.540093749709762e-04
3.088600092068747e-04
3.754418942113463e-04
4.561742635989453e-04
5.540809751602789e-04
6.728059503404678e-04
8.166118904918852e-04
9.905973507923682e-04
1.201228935113544e-03
1.455926128167812e-03
1.763720898298272e-03
2.135463070216214e-03
2.584180747450485e-03
3.125398224435368e-03
3.777254734852927e-03
4.561890944521333e-03
5.505817600266669e-03
6.640080133572275e-03
8.000871353314554e-03
9.632626977900068e-03
1.158585462948782e-02
1.392172511700910e-02
1.670927761881617e-02
2.003268920692406e-02
2.398669653564102e-02
2.868448502973275e-02
3.424803569599084e-02
4.082566124480228e-02
4.858852108256927e-02
5.771645719109487e-02
6.842336687109259e-02
8.093945159589590e-02
9.551718158911368e-02
1.124291147385705e-01
1.319586290095060e-01
1.543931566726758e-01
1.800167177217579e-01
2.091074328703066e-01
2.419146493306847e-01
2.785666550273619e-01
3.191817998302071e-01
3.637093829812895e-01
4.119387005762690e-01
4.634870359281887e-01
5.177393053912704e-01
5.738184891092656e-01
6.306480959693023e-01
6.869291707035443e-01
7.412575125027484e-01
7.921556883696661e-01
8.383292564336957e-01
8.787131169575303e-01
9.126342429301934e-01
9.398837284448780e-01
9.607242727596097e-01
9.758184034916991e-01
9.861020677439196e-01
9.925952033001768e-01
9.963536143698207e-01
9.983578448157463e-01
9.993306737288099e-01
9.997558975897384e-01
9.999213436352832e-01
9.999779067662005e-01
9.999946726301470e-01
9.999989165827985e-01
9.999998178529017e-01
9.999999752310357e-01
9.999999973424134e-01
9.999999997806510e-01
9.999999999865419e-01
9.999999999993882e-01
9.999999999999841e-01
9.999999999999988e-01
1.000000000000000e+00
9.999999999999999e-01
1.000000000000000e+00
1.000000000000000e+00
1.000000000000000e+00
1.000000000000000e+00
1.000000000000000e+00
1.000000000000000e+00
1.000000000000000e+00
1.000000000000000e+00
###3.800000000000001e+00
3.648282125364804e-10
5.023858113196514e-10
6.304479102997335e-10
7.847595569003927e-10
9.747975313687814e-10
1.209044764654862e-09
1.495676172991943e-09
1.847068696628619e-09
2.278227743773462e-09
2.807336145678832e-09
3.456420427889474e-09
4.253300256401564e-09
5.231166873458289e-09
6.431218933531089e-09
7.904192278976360e-09
9.710981300888250e-09
1.192749994901283e-08
1.464648736498519e-08
1.798143310433719e-08
2.207124361345054e-08
2.709379981651880e-08
3.323546138260649e-08
4.077125629737842e-08
5.001223563144712e-08
6.133329814539632e-08
7.520508605792380e-08
9.220569373326616e-08
1.130318920986572e-07
1.385368833916673e-07
1.697747888737914e-07
2.080250853583292e-07
2.548484836759100e-07
3.121873689255974e-07
3.823338864200770e-07
4.681956018944566e-07
5.732300459172002e-07
7.017145914998901e-07
8.588755989820547e-07
1.051066200608412e-06
1.286004117277075e-06
1.573144772465371e-06
1.924137906785997e-06
2.353012299520731e-06
2.876886816707467e-06
3.516936516357456e-06
4.298343089711098e-06
5.252211136057285e-06
6.416824749424991e-06
7.837795995250390e-06
9.571577056113350e-06
1.168656074016201e-05
1.426519341808218e-05
1.740860271701894e-05
2.124064495726452e-05
2.590982531654189e-05
3.159821124018127e-05
3.852615527265938e-05
4.695835272403225e-05
5.722253921258812e-05
6.971189294762083e-05
8.490586332363944e-05
1.033791960020723e-04
1.258293031706884e-04
1.531143827424909e-04
1.862600719820268e-04
2.265085668964389e-04
2.753475576552879e-04
3.346044442469557e-04
4.064859049523202e-04
4.935739402651878e-04
5.991083771583519e-04
7.269798551828523e-04
8.817358157409045e-04
1.068796711770841e-03
1.295053665385531e-03
1.568400324804275e-03
1.898394554409289e-03
2.296566659072579e-03
2.776645460925049e-03
3.355071940009814e-03
4.050948810223063e-03
4.887561948749741e-03
5.892795052199754e-03
7.099203749497165e-03
8.544609002710682e-03
1.027544073877685e-02
1.234428679815681e-02
1.481473402838800e-02
1.775828328268699e-02
2.126200788391447e-02
2.542350344111382e-02
3.035912617302742e-02
3.619355781457035e-02
4.307820257633796e-02
5.118718717463653e-02
6.070212006180804e-02
7.183858573368138e-02
8.482705550789499e-02
9.991882016049794e-02
1.173833580118249e-01
1.374983224848659e-01
1.605423832855111e-01
1.867882854585550e-01
2.164946016107606e-01
2.498924279848490e-01
2.870854783613015e-01
3.281626890709303e-01
3.730426584226388e-01
4.214816157985594e-01
4.730683455969414e-01
5.271654573568956e-01
5.828810011623925e-01
6.391405169715378e-01
6.946641035103078e-01
7.480846514807280e-01
7.979785005485932e-01
8.431142264556616e-01
8.824923198630921e-01
9.154959437440710e-01
9.419554198853427e-01
9.621529602127910e-01
9.767527715325867e-01
9.866770705860008e-01
9.929190370722346e-01
9.965186061537752e-01
9.984343320727374e-01
9.993626338326785e-01
9.997677851825645e-01
9.999252295962923e-01
9.999790071059708e-01
9.999949381908283e-01
9.999989701608117e-01
9.999998266946000e-01
9.999999763949784e-01
9.999999974614007e-01
9.999999997897713e-01
9.999999999870528e-01
9.999999999994068e-01
9.999999999999849e-01
9.999999999999988e-01
1.000000000000000e+00
9.999999999999999e-01
1.000000000000000e+00
1.000000000000000e+00
1.000000000000000e+00
1.000000000000000e+00
1.000000000000000e+00
1.000000000000000e+00
1.000000000000000e+00
1.000000000000000e+00
###4.000000000000001e+00
4.060467173510699e-10
5.532399347716735e-10
6.943754112431596e-10
8.644008926457046e-10
1.073772305648345e-09
1.331810939743474e-09
1.647491168666639e-09
2.034431428616969e-09
2.509137940367099e-09
3.091594770342987e-09
3.805972051113235e-09
4.682840221141231e-09
5.758688918412311e-09
7.078731088646496e-09
8.698705366494703e-09
1.068538727392611e-08
1.312211329103951e-08
1.611065356234022e-08
1.977549741315939e-08
2.426883499189659e-08
2.978627309148108e-08
3.653077390856310e-08
4.480478899966645e-08
5.494896001171203e-08
6.737344056225193e-08
8.259393013604873e-08
1.012428768416365e-07
1.240827354334658e-07
1.520473529323450e-07
1.862887201093133e-07
2.282064446317668e-07
2.795064313602531e-07
3.423092542575653e-07
4.191206736602230e-07
5.131173515043507e-07
6.280631600864292e-07
7.686372955877122e-07
9.405328269982901e-07
1.150682890339514e-06
1.407486968887826e-06
1.721270613258397e-06
2.104695514118988e-06
2.573044940020166e-06
3.144955705526853e-06
3.843432408142666e-06
4.695883213106543e-06
5.736106738741968e-06
7.005663007567492e-06
8.554103509872301e-06
1.044265483378072e-05
1.274549614714893e-05
1.555203585219596e-05
1.897191670794594e-05
2.313898660138959e-05
2.821415595544254e-05
3.439462712315757e-05
4.191791848654187e-05
5.107017351787570e-05
6.220554421056502e-05
7.574616235415921e-05
9.221101139540402e-05
1.122210626107651e-04
1.365214606258251e-04
1.660391721425018e-04
2.018721863142879e-04
2.453576517009637e-04
2.980882855747574e-04
3.620209539425755e-04
4.395217318305516e-04
5.333454639854328e-04
6.469547622681743e-04
7.844971216644719e-04
9.508229957227571e-04
1.151687250915158e-03
1.394422891817964e-03
1.687416553033621e-03
2.040774566516378e-03
2.466731467771972e-03
2.979743329279787e-03
3.597198850732820e-03
4.339194495009885e-03
5.230197178127271e-03
6.299500544521421e-03
7.581207949918628e-03
9.114806434028389e-03
1.094876042346859e-02
1.313777174535257e-02
1.574787744558749e-02
1.885306155145832e-02
2.254331214658340e-02
2.691908290885194e-02
3.209988728300518e-02
3.821305861950829e-02
4.541302832289469e-02
5.387679286928967e-02
6.378758005336892e-02
7.536248092332833e-02
8.883200987009855e-02
1.044460076927632e-01
1.224705707173499e-01
1.431773006621484e-01
1.668357768980314e-01
1.937070029079767e-01
2.240303234235039e-01
2.580179822341380e-01
2.957493247103176e-01
3.372841854796032e-01
3.825109554372422e-01
4.311538175564766e-01
4.827738841309533e-01
5.367122630123855e-01
5.920632447077999e-01
6.477545472068484e-01
7.025248878925017e-01
7.550428878975377e-01
8.039366718889183e-01
8.480352903576244e-01
8.864025319751480e-01
9.184767860272635e-01
9.441284534647856e-01
9.636615964740063e-01
9.777449885373943e-01
9.872902115558584e-01
9.932666449795180e-01
9.966977226360993e-01
9.985184428265275e-01
9.993982933133783e-01
9.997812713084058e-01
9.999297235674387e-01
9.999803078753562e-01
9.999952603366274e-01
9.999990371740404e-01
9.999998381657479e-01
9.999999779742800e-01
9.999999976320088e-01
9.999999998038179e-01
9.999999999879111e-01
9.999999999994438e-01
9.999999999999861e-01
9.999999999999988e-01
1.000000000000000e+00
9.999999999999999e-01
1.000000000000000e+00
1.000000000000000e+00
1.000000000000000e+00
1.000000000000000e+00
1.000000000000000e+00
1.000000000000000e+00
1.000000000000000e+00
1.000000000000000e+00
###4.200000000000001e+00
4.508695230055693e-10
6.086635045595436e-10
7.640433820587972e-10
9.511852756379126e-10
1.181613984752938e-09
1.465559681447357e-09
1.812864670886343e-09
2.238496133390251e-09
2.760590225628549e-09
3.401087260946209e-09
4.186482059459600e-09
5.150328602944254e-09
6.332659658692486e-09
7.783152359307769e-09
9.562857109556304e-09
1.174495781813455e-08
1.442083310940752e-08
1.770203309339568e-08
2.172495531435459e-08
2.665617302858611e-08
3.271046242825697e-08
4.010874275567968e-08
4.918312665486622e-08
6.030621384218489e-08
7.392627427406769e-08
9.060764910633039e-08
1.110414901065554e-07
1.360611331456165e-07
1.666873900628534e-07
2.041778419611371e-07
2.500615488666256e-07
3.062008391326653e-07
3.749083214771633e-07
4.589195506746713e-07
5.617007420511021e-07
6.873456250017912e-07
8.409648735504307e-07
1.028753508855430e-06
1.258267254279226e-06
1.538638068048891e-06
1.881123959486847e-06
2.299473287560220e-06
2.810313268740471e-06
3.433906315163914e-06
4.195217718485757e-06
5.124035996144539e-06
6.257041110124318e-06
7.639296484939409e-06
9.324558635314079e-06
1.137915306544775e-05
1.388343149668995e-05
1.693418162971113e-05
2.065023459272793e-05
2.517596916127738e-05
3.068551886417779e-05
3.739164087917266e-05
4.555102752247953e-05
5.547229722323884e-05
6.753787567321542e-05
8.220020278917418e-05
1.000197916303098e-04
1.216664933324776e-04
1.479365637628399e-04
1.798291447658823e-04
2.185193530458506e-04
2.654371854305811e-04
3.223028722141907e-04
3.911945196811016e-04
4.746491900515851e-04
5.756044685266103e-04
6.977548739256509e-04
8.455181738738741e-04
1.024060449803922e-03
1.239486457772703e-03
1.499589027533765e-03
1.813267143438223e-03
2.191198524644423e-03
2.646345323948274e-03
3.193921135849401e-03
3.852290693646066e-03
4.642575987813448e-03
5.590461116806191e-03
6.726687200837127e-03
8.086943055939190e-03
9.712419396057151e-03
1.165365538962322e-02
1.396749990372165e-02
1.672247342245043e-02
1.999506295603536e-02
2.387818807045995e-02
2.847515679826267e-02
3.390862305170980e-02
4.030851804445920e-02
4.783223126818815e-02
5.665952601027321e-02
6.697509478440798e-02
7.899734754051184e-02
9.295660569157779e-02
1.091009821060366e-01
1.276928765665634e-01
1.489975010185920e-01
1.732750021735810e-01
2.007741899557568e-01
2.317153965124726e-01
2.662914682009831e-01
3.045575291252258e-01
3.465445793778608e-01
3.921112549905049e-01
4.409506131002812e-01
4.925968844503105e-01
5.463704706249344e-01
6.013529977352795e-01
6.564746159494520e-01
7.104924032942085e-01
7.621096686719370e-01
8.100047407242896e-01
8.530650988727492e-01
8.904160052335365e-01
9.215503340118987e-01
9.463792857209947e-01
9.652306613199779e-01
9.787801593679589e-01
9.879309329298399e-01
9.936310873928931e-01
9.968868183486583e-01
9.986079225018930e-01
9.994365517814716e-01
9.997958783176991e-01
9.999346428554153e-01
9.999817490652485e-01
9.999956221571357e-01
9.999991136214064e-01
9.999998514909079e-01
9.999999798479151e-01
9.999999978394157e-01
9.999999998214107e-01
9.999999999890212e-01
9.999999999994944e-01
9.999999999999877e-01
9.999999999999988e-01
1.000000000000000e+00
9.999999999999999e-01
1.000000000000000e+00
1.000000000000000e+00
1.000000000000000e+00
1.000000000000000e+00
1.000000000000000e+00
1.000000000000000e+00
1.000000000000000e+00
1.000000000000000e+00
###4.400000000000001e+00
4.995764489486391e-10
6.690087574379000e-10
8.398947207936509e-10
1.045663515352456e-09
1.299005449655030e-09
1.611135604645306e-09
1.992837407410836e-09
2.460541936356979e-09
3.034153815230989e-09
3.737735873670372e-09
4.600301717941677e-09
5.658637774464285e-09
6.956614733870187e-09
8.548762244476920e-09
1.050185988709562e-08
1.289605098769168e-08
1.583140202629612e-08
1.943005001687057e-08
2.384127219381808e-08
2.924719961943998e-08
3.588332296885887e-08
4.398995891099152e-08
5.393126844981893e-08
6.611435738625812e-08
8.102864074091795e-08
9.929094398448655e-08
1.216557250924220e-07
1.490327725688633e-07
1.825365831593750e-07
2.235385472000851e-07
2.737070978552728e-07
3.350729316376191e-07
4.101554074496366e-07
5.019370737593335e-07
6.141954287582604e-07
7.513790114046832e-07
9.190614620813071e-07
1.123977103395784e-06
1.374349429435804e-06
1.680096540359592e-06
2.053474979041768e-06
2.509398779416984e-06
3.065933757674464e-06
3.745081761621691e-06
4.573907217894085e-06
5.584740763185047e-06
6.817343891602148e-06
8.320520613625296e-06
1.015251342601920e-05
1.238508826768733e-05
1.510515509281183e-05
1.841742466608220e-05
2.245043509891036e-05
2.735980847548726e-05
3.333371723987401e-05
4.060145748209228e-05
4.944005274789281e-05
6.018179772950993e-05
7.323849364430930e-05
8.909740683779295e-05
1.083599604735854e-04
1.317464674505496e-04
1.601135531174193e-04
1.945302089443545e-04
2.362552376331046e-04
2.868155408423531e-04
3.480606936142335e-04
4.222137955381637e-04
5.119723421365489e-04
6.204724681307340e-04
7.516512925819433e-04
9.102094897740276e-04
1.101642079403419e-03
1.332419674089835e-03
1.610813409030654e-03
1.946254519652893e-03
2.350015399916834e-03
2.835810027970875e-03
3.419639923962727e-03
4.120875047484596e-03
4.961694982971562e-03
5.969037457596123e-03
7.175129076368883e-03
8.617282001327818e-03
1.033842784575227e-02
1.239122061906646e-02
1.483468846512431e-02
1.773986749663060e-02
2.118576567360643e-02
2.526824876916841e-02
3.009347240037611e-02
3.578721069991404e-02
4.248193404361091e-02
5.033791570640573e-02
5.953757692587026e-02
7.026691238745322e-02
8.274545562343434e-02
9.720308967003576e-02
1.138859118986567e-01
1.330522997930668e-01
1.549607255780937e-01
1.798615465801675e-01
2.079909368824007e-01
2.395503408979560e-01
2.747127078034801e-01
3.135090380039093e-01
3.559417265503277e-01
4.018400729772134e-01
4.508668605745371e-01
5.025323243279093e-01
5.561305453621855e-01
6.107379191887969e-01
6.652853050569302e-01
7.185480638227291e-01
7.692633706707773e-01
8.161586169401895e-01
8.581780715232568e-01
8.945070314700029e-01
9.246922819784693e-01
9.486863997941450e-01
9.668424020248373e-01
9.798446664492625e-01
9.885897057763129e-01
9.940062452702152e-01
9.970821582332895e-01
9.987007333724052e-01
9.994764090958032e-01
9.998111705350428e-01
9.999398205677461e-01
9.999832751622691e-01
9.999960078717878e-01
9.999991957354192e-01
9.999998659284669e-01
9.999999818983540e-01
9.999999980689872e-01
9.999999998411482e-01
9.999999999902847e-01
9.999999999995534e-01
9.999999999999895e-01
9.999999999999989e-01
1.000000000000000e+00
9.999999999999999e-01
1.000000000000000e+00
1.000000000000000e+00
1.000000000000000e+00
1.000000000000000e+00
1.000000000000000e+00
1.000000000000000e+00
1.000000000000000e+00
1.000000000000000e+00
###4.600000000000001e+00
5.524656485164913e-10
7.346512677108272e-10
9.224030551173204e-10
1.148422649389564e-09
1.426674668882683e-09
1.769439005221867e-09
2.188518570960772e-09
2.701931870220298e-09
3.331500568777823e-09
4.103588206595984e-09
5.049935107112767e-09
6.210827391145293e-09
7.634295242008047e-09
9.380115313553711e-09
1.152127012065638e-08
1.414542961708847e-08
1.736205353688920e-08
2.130472310325527e-08
2.613663354848736e-08
3.205672811305593e-08
3.932286502265981e-08
4.819628753291627e-08
5.907575920170456e-08
7.240560993412827e-08
8.871962516826470e-08
1.086912027278211e-07
1.331430370382148e-07
1.630672742898321e-07
1.996792582668194e-07
2.444729317925324e-07
2.992666499905135e-07
3.662721871180429e-07
4.482312689217406e-07
5.483917144842569e-07
6.708653794681927e-07
8.204820549478429e-07
1.003311785333995e-06
1.226667743137505e-06
1.499489093168548e-06
1.832536851595835e-06
2.239136113372638e-06
2.735450060835360e-06
3.341083209447560e-06
4.079897150569205e-06
4.981203310562335e-06
6.080036549204186e-06
7.419466429623856e-06
9.052275651120945e-06
1.104149204487562e-05
1.346468129221430e-05
1.641573508954799e-05
2.000780592523730e-05
2.437973751314945e-05
2.969912354969849e-05
3.616903263916005e-05
4.403632967771146e-05
5.359958303379918e-05
6.521618389489391e-05
7.932904741544992e-05
9.646224408418846e-05
1.172605224835391e-04
1.424970666395904e-04
1.730935325794824e-04
2.101901959777475e-04
2.551324878704278e-04
3.095604004329649e-04
3.754456449375123e-04
4.551720762968502e-04
5.515994078647090e-04
6.680761449411188e-04
8.087920678611428e-04
9.787439410384616e-04
1.183768925849489e-03
1.430720362961734e-03
1.728366580867044e-03
2.086691524997126e-03
2.517591082866334e-03
3.035540503404132e-03
3.657375337221353e-03
4.403495669154802e-03
5.297170991625267e-03
6.366629401929423e-03
7.645621418704586e-03
9.173120540560409e-03
1.099383607517899e-02
1.316257673638804e-02
1.574058125363559e-02
1.880143237165301e-02
2.242667496801489e-02
2.671513352779464e-02
3.177580119793477e-02
3.773754827858460e-02
4.473532034875353e-02
5.293219455877930e-02
6.251313482769595e-02
7.366526709201476e-02
8.660904487426846e-02
1.015736576506882e-01
1.188028891125379e-01
1.385507573928219e-01
1.610686326059849e-01
1.865967118895103e-01
2.153580969376344e-01
2.475353914682853e-01
2.832811840367793e-01
3.226024074870247e-01
3.654730500430465e-01
4.116934663433913e-01
4.608969663190944e-01
5.125704856996417e-01
5.659826566285701e-01
6.202055287222268e-01
6.741713498038918e-01
7.266738324780019e-01
7.764832629918085e-01
8.223755115419229e-01
8.633502946727550e-01
8.986518200696788e-01
9.278803274718306e-01
9.510301954653784e-01
9.684807513210613e-01
9.809263088910321e-01
9.892580083257220e-01
9.943865850446868e-01
9.972804271260099e-01
9.987950684161354e-01
9.995169794995554e-01
9.998267617423300e-01
9.999451085629909e-01
9.999848367828462e-01
9.999964034118547e-01
9.999992801505614e-01
9.999998808122804e-01
9.999999840193277e-01
9.999999983073926e-01
9.999999998617423e-01
9.999999999916103e-01
9.999999999996156e-01
9.999999999999913e-01
9.999999999999990e-01
1.000000000000000e+00
9.999999999999999e-01
1.000000000000000e+00
1.000000000000000e+00
1.000000000000000e+00
1.000000000000000e+00
1.000000000000000e+00
1.000000000000000e+00
1.000000000000000e+00
1.000000000000000e+00
###4.800000000000002e+00
6.098548895996710e-10
8.059912754109504e-10
1.012070576711205e-09
1.260088577506837e-09
1.565397277351454e-09
1.941428984734653e-09
2.401089642289411e-09
2.964117565121323e-09
3.654410764710971e-09
4.500824148483395e-09
5.538047576778795e-09
6.810153039733146e-09
8.369673766426858e-09
1.028205613580678e-08
1.262699300423897e-08
1.550028392648423e-08
1.902153865811631e-08
2.333669797877247e-08
2.862398372416586e-08
3.510048992846125e-08
4.304820760531487e-08
5.275093542820306e-08
6.464476476683423e-08
7.921414718623846e-08
9.704067326567382e-08
1.188586663857721e-07
1.455643126499342e-07
1.782383932249096e-07
2.182047197343205e-07
2.670890831666373e-07
3.268709771312239e-07
3.999567460496987e-07
4.893270752540889e-07
5.985142923038510e-07
7.319896073584165e-07
8.949914879519431e-07
1.094122154646779e-06
1.337315400306198e-06
1.634276870215895e-06
1.996673758252024e-06
2.438964064864326e-06
2.978658066629312e-06
3.637001536896253e-06
4.439842911829386e-06
5.418903445028670e-06
6.612076868325279e-06
8.065987209206341e-06
9.837652984065735e-06
1.199519814797289e-05
1.462236608970399e-05
1.782047975891122e-05
2.171166555119637e-05
2.644571486344132e-05
3.220295145732061e-05
3.920224016618217e-05
4.770909244858541e-05
5.804489344507127e-05
7.059361525619231e-05
8.583110399531766e-05
1.043203021003520e-04
1.267517979089278e-04
1.539545690807986e-04
1.869160813704516e-04
2.268593767964219e-04
2.752135955502806e-04
3.337412565438698e-04
4.045407087541150e-04
4.901639741133338e-04
5.936428793208091e-04
7.185470810717730e-04
8.693307932562948e-04
1.051284337099371e-03
1.270649250319209e-03
1.534635172209304e-03
1.852528514748738e-03
2.234901632335459e-03
2.694293492811048e-03
3.245965024615903e-03
3.907617866131355e-03
4.700712737041617e-03
5.649641576226660e-03
6.783959865825554e-03
8.138980835242704e-03
9.755377349317623e-03
1.167967272634578e-02
1.396886989702687e-02
1.668644845458653e-02
1.990856743339396e-02
2.371932243843732e-02
2.822050671704382e-02
3.352393736593468e-02
3.976155267483433e-02
4.707070389874662e-02
5.561718609265291e-02
6.558838372693204e-02
7.717237425461085e-02
9.059031870964192e-02
1.060704475249987e-01
1.238539213527718e-01
1.441900501891033e-01
1.673227268898466e-01
1.934816038976045e-01
2.228762765292636e-01
2.556704879495421e-01
2.919960318883315e-01
3.318357954901744e-01
3.751355322000161e-01
4.216670234854016e-01
4.710348517484155e-01
5.227029712372903e-01
5.759166133939317e-01
6.297431428576046e-01
6.831176018075095e-01
7.348519109552998e-01
7.837494428854799e-01
8.286338538867953e-01
8.685594160986210e-01
9.028283778791759e-01
9.310940504685614e-01
9.533928820399115e-01
9.701313818325248e-01
9.820142043083580e-01
9.899283048375204e-01
9.947672483852158e-01
9.974787282025668e-01
9.988893561694108e-01
9.995574971145315e-01
9.998423188311074e-01
9.999503795972488e-01
9.999863916832968e-01
9.999967967799489e-01
9.999993639997908e-01
9.999998955776654e-01
9.999999861209399e-01
9.999999985433676e-01
9.999999998821076e-01
9.999999999929203e-01
9.999999999996771e-01
9.999999999999932e-01
9.999999999999990e-01
1.000000000000000e+00
9.999999999999999e-01
1.000000000000000e+00
1.000000000000000e+00
1.000000000000000e+00
1.000000000000000e+00
1.000000000000000e+00
1.000000000000000e+00
1.000000000000000e+00
1.000000000000000e+00
###5.000000000000002e+00
6.720824623761193e-10
8.834550196505447e-10
1.109432916671911e-09
1.381327591595229e-09
1.715999194719150e-09
2.128126824223801e-09
2.631808385250447e-09
3.248644120269808e-09
4.004764938935570e-09
4.931763065144103e-09
6.067474459081775e-09
7.460077033602045e-09
9.166974361153820e-09
1.125973471048065e-08
1.382530333809764e-08
1.696825348260010e-08
2.081915312860077e-08
2.553727989911383e-08
3.131706535959055e-08
3.839518199266628e-08
4.707963957961596e-08
5.767847061669554e-08
7.066815347939761e-08
8.657619960819842e-08
1.060357090841046e-07
1.298465658952915e-07
1.589840387484018e-07
1.946242200852937e-07
2.382074908821215e-07
2.915013671070229e-07
3.566583982466539e-07
4.362938222770116e-07
5.336449013092325e-07
6.525489786174976e-07
7.978627458633047e-07
9.752628515392653e-07
1.191921375214508e-06
1.456437030309185e-06
1.779335678744367e-06
2.173254816057392e-06
2.653861664282019e-06
3.240108798225252e-06
3.954994346326438e-06
4.826487760416538e-06
5.888882705428105e-06
7.183122047790843e-06
8.759616744209118e-06
1.067990083950781e-05
1.301752154931680e-05
1.586279734902545e-05
1.932495473927560e-05
2.353565309128271e-05
2.865630587177528e-05
3.488076111172450e-05
4.244462401591972e-05
5.163318032991808e-05
6.279196415127294e-05
7.633307933938509e-05
9.276720121744467e-05
1.126983044734604e-04
1.368654335746134e-04
1.661563931957703e-04
2.016274727894843e-04
2.445869652877566e-04
2.965608237479712e-04
3.594304778979851e-04
4.354309039350602e-04
5.272892780663223e-04
6.382196038013586e-04
7.720218632200108e-04
9.334267641931915e-04
1.128030599482656e-03
1.362498746548003e-03
1.644409996095177e-03
1.983600452793477e-03
2.391219334342717e-03
2.880506346326979e-03
3.467525349469732e-03
4.170873042867755e-03
5.013103045598698e-03
6.019762541012792e-03
7.221771645112620e-03
8.656045418479856e-03
1.036499408973703e-02
1.239699076663487e-02
1.481127164618046e-02
1.767358631342471e-02
2.106269824899933e-02
2.506526525985956e-02
2.978605671883934e-02
3.533969630860157e-02
4.186115768961202e-02
4.949012234657417e-02
5.839501083709225e-02
6.876549865939452e-02
8.079042583359525e-02
9.469143896555261e-02
1.106955331770854e-01
1.290409250951890e-01
1.499718556957934e-01
1.737243525695947e-01
2.005171255786417e-01
2.305458300983950e-01
2.639552715854209e-01
3.008560388511874e-01
3.412069678051012e-01
3.849257293965160e-01
4.317558908737688e-01
4.812740137105495e-01
5.329214813579342e-01
5.859219712324134e-01
6.393382395249908e-01
6.921090844611428e-01
7.430651200815762e-01
7.910428361626185e-01
8.349132591531655e-01
8.737845821194032e-01
9.070164237883617e-01
9.343147884632692e-01
9.557583869374234e-01
9.717811933170396e-01
9.830987119791157e-01
9.905939798230151e-01
9.951440285402472e-01
9.976745837355184e-01
9.989822585850296e-01
9.995973147959475e-01
9.998575629963313e-01
9.999555280952568e-01
9.999879051389089e-01
9.999971782103947e-01
9.999994449727156e-01
9.999999097742641e-01
9.999999881322291e-01
9.999999987681042e-01
9.999999999014070e-01
9.999999999941551e-01
9.999999999997350e-01
9.999999999999950e-01
9.999999999999991e-01
1.000000000000000e+00
9.999999999999999e-01
1.000000000000000e+00
1.000000000000000e+00
1.000000000000000e+00
1.000000000000000e+00
1.000000000000000e+00
1.000000000000000e+00
1.000000000000000e+00
1.000000000000000e+00
###5.200000000000002e+00
7.395084692648375e-10
9.674962146493817e-10
1.215060539990171e-09
1.512848896992969e-09
1.879359443682199e-09
2.330619216101101e-09
2.882013111225259e-09
3.557155309917790e-09
4.384589072862876e-09
5.398871661713653e-09
6.641230479615308e-09
8.164279956280119e-09
1.003068637166670e-08
1.231862321052643e-08
1.512286682503096e-08
1.855745173034590e-08
2.276476673794102e-08
2.791846907484544e-08
3.423046181835459e-08
4.195851766188456e-08
5.143867674958394e-08
6.300479527972536e-08
7.717758332599623e-08
9.453015892455384e-08
1.157512631986536e-07
1.417112740201362e-07
1.734704872078576e-07
2.123074030736617e-07
2.597875787317578e-07
3.178307455087472e-07
3.887751747899674e-07
4.754601537221354e-07
5.813982396154859e-07
7.107535775743515e-07
8.687959118134537e-07
1.061671412458373e-06
1.297161905788435e-06
1.584577864990161e-06
1.935322244847482e-06
2.363069913049042e-06
2.884779999137176e-06
3.520945901719016e-06
4.296436001539973e-06
5.241482337473505e-06
6.393122319761223e-06
7.795548510456476e-06
9.503203602728376e-06
1.158243142944847e-05
1.411254666216189e-05
1.719086046141874e-05
2.093499890285005e-05
2.548674135990273e-05
3.101983130703773e-05
3.774247230661169e-05
4.590800023328549e-05
5.582265430218210e-05
6.785751230424415e-05
8.245442965490734e-05
1.001608933942068e-04
1.216241670233801e-04
1.476344734844297e-04
1.791416062544299e-04
2.172743296230435e-04
2.634306287765462e-04
3.192382200010396e-04
3.867034023119647e-04
4.682046687747229e-04
5.666499835735164e-04
6.854509747757639e-04
8.286423163499671e-04
1.001245383690043e-03
1.209178386544008e-03
1.459540755288724e-03
1.760302964373631e-03
2.121871796417321e-03
2.555990440208974e-03
3.076626852478613e-03
3.700677011212866e-03
4.447661634353527e-03
5.341260129807231e-03
6.408207958751766e-03
7.680827319000320e-03
9.197674482943849e-03
1.100293493474198e-02
1.314686672888222e-02
1.569097779872221e-02
1.870331554612715e-02
2.226527438626473e-02
2.646608324554354e-02
3.141349204061615e-02
3.722490958027370e-02
4.403830746359508e-02
5.199561563770355e-02
6.126778082338486e-02
7.204663205067843e-02
8.452157315959881e-02
9.891450419987928e-02
1.154508971861944e-01
1.343656913373014e-01
1.558976847860715e-01
1.802746381724999e-01
2.077039068876771e-01
2.383667698689693e-01
2.723889662184733e-01
3.098594858166221e-01
3.507130797103061e-01
3.948394624540373e-01
4.419543194030289e-01
4.916068211757091e-01
5.432162177646171e-01
5.959859420947983e-01
6.489744363855188e-01
7.011185754224984e-01
7.503775133062219e-01
7.983204242645913e-01
8.411840320907890e-01
8.789984275579501e-01
9.111923719640879e-01
9.375221098321477e-01
9.581100598061488e-01
9.734172754559053e-01
9.841705382479756e-01
9.912488481355968e-01
9.955131048168392e-01
9.978657845996921e-01
9.990726227315619e-01
9.996358863010057e-01
9.998722637727291e-01
9.999604684572898e-01
9.999893495292088e-01
9.999975400874745e-01
9.999995213041818e-01
9.999999230645072e-01
9.999999900012594e-01
9.999999989752971e-01
9.999999999190547e-01
9.999999999952738e-01
9.999999999997871e-01
9.999999999999966e-01
9.999999999999992e-01
1.000000000000000e+00
9.999999999999999e-01
1.000000000000000e+00
1.000000000000000e+00
1.000000000000000e+00
1.000000000000000e+00
1.000000000000000e+00
1.000000000000000e+00
1.000000000000000e+00
1.000000000000000e+00
###5.400000000000002e+00
8.125159450708775e-10
1.058597636792378e-09
1.329560381675252e-09
1.655407005661914e-09
2.056413134949951e-09
2.550062109234730e-09
3.153127184491434e-09
3.891399127877558e-09
4.796027721342023e-09
5.904772015848407e-09
7.262519645282251e-09
8.926672595927920e-09
1.096557887339884e-08
1.346453340483965e-08
1.652676116632170e-08
2.027649141290708e-08
2.486885400492410e-08
3.049299762189151e-08
3.737964185048182e-08
4.580928064380292e-08
5.614812955029623e-08
6.875780555164817e-08
8.420659725153750e-08
1.031166896516814e-07
1.262366057509281e-07
1.545124640503825e-07
1.890959045101126e-07
2.313753742763298e-07
2.830507451804231e-07
3.462050988624558e-07
4.233758564991339e-07
5.176424627428601e-07
6.328125450957880e-07
7.734002390728951e-07
9.451174636801140e-07
1.154613083871251e-06
1.410320909711387e-06
1.722312713976000e-06
2.102928661895235e-06
2.566951840527865e-06
3.132720652573323e-06
3.822373222984650e-06
4.662772636261772e-06
5.686562705272370e-06
6.933705319246648e-06
8.451853697627417e-06
1.029974014587129e-05
1.254882764828177e-05
1.528456018906776e-05
1.861164012835024e-05
2.265673484392624e-05
2.757223891296871e-05
3.354500854005675e-05
4.079847286179612e-05
4.960473634237993e-05
6.029222445285620e-05
7.325901807903669e-05
8.897841541012987e-05
1.080367849458791e-04
1.311270348679754e-04
1.590933991804244e-04
1.929509542480551e-04
2.339047356561038e-04
2.834470405449044e-04
3.433124842639500e-04
4.156384191575098e-04
5.029539744206281e-04
6.083582044067117e-04
7.354630346240022e-04
8.885555608643402e-04
1.072958085326995e-03
1.294926825851482e-03
1.561983481040723e-03
1.882581777015185e-03
2.267649601432934e-03
2.729567242352878e-03
3.283064742763159e-03
3.945889570164711e-03
4.738520007709010e-03
5.685794746508322e-03
6.815670777610036e-03
8.161910001475200e-03
9.764749486170763e-03
1.167018769388911e-02
1.393040208930442e-02
1.660921013135264e-02
1.977698342957455e-02
2.351777201718368e-02
2.792338211261862e-02
3.310454545372590e-02
3.918143016822670e-02
4.629496329206838e-02
5.458923486175508e-02
6.423761117927784e-02
7.543392899982403e-02
8.836794723414118e-02
1.032615767993425e-01
1.203384672212245e-01
1.398299347259062e-01
1.619689483406876e-01
1.869745875876878e-01
2.150424296130879e-01
2.463389388860033e-01
2.809706193605702e-01
3.190044876286229e-01
3.603515238731325e-01
4.048725319730860e-01
4.522567366845565e-01
5.020262075121245e-01
5.535785959999024e-01
6.060985725471791e-01
6.586406216233627e-01
7.101395575851931e-01
7.587798684237015e-01
8.055819845660245e-01
8.474336569356429e-01
8.841870727595826e-01
9.153412697221910e-01
9.407022430624866e-01
9.604358321632148e-01
9.750300001603081e-01
9.852226061562307e-01
9.918881830044411e-01
9.958715345411913e-01
9.980506211627517e-01
9.991595507060580e-01
9.996727902229257e-01
9.998862453726132e-01
9.999651365295084e-01
9.999907046156127e-01
9.999978769622062e-01
9.999995917668971e-01
9.999999352216649e-01
9.999999916943424e-01
9.999999991610322e-01
9.999999999347009e-01
9.999999999962539e-01
9.999999999998321e-01
9.999999999999978e-01
9.999999999999993e-01
1.000000000000000e+00
9.999999999999999e-01
1.000000000000000e+00
1.000000000000000e+00
1.000000000000000e+00
1.000000000000000e+00
1.000000000000000e+00
1.000000000000000e+00
1.000000000000000e+00
1.000000000000000e+00
###5.600000000000002e+00
8.915121570663432e-10
1.157272573607759e-09
1.453577898015639e-09
1.809804248541848e-09
2.248154543074913e-09
2.787684458854245e-09
3.446663677170237e-09
4.253233438114245e-09
5.241357660205727e-09
6.452250037542218e-09
7.934745477877744e-09
9.751408419683268e-09
1.197671571396908e-08
1.470363487233690e-08
1.804449799959327e-08
2.213451115911618e-08
2.714252618746254e-08
3.327436817461337e-08
4.078100602176253e-08
4.996738082951759e-08
6.123216967141303e-08
7.496680402884031e-08
9.179071978605220e-08
1.123788450279701e-07
1.375438853544048e-07
1.683132761504692e-07
2.059367108368939e-07
2.519205877601625e-07
3.081087912649426e-07
3.767595660423181e-07
4.606237202670265e-07
5.630379396134715e-07
6.881258857183023e-07
8.407761746270005e-07
1.027173811457506e-06
1.254505397228257e-06
1.531901433350497e-06
1.870247335032215e-06
2.282884017225612e-06
2.785777573750043e-06
3.398737923404745e-06
4.145657507371898e-06
5.055525345578291e-06
6.163554319721095e-06
7.512820958413121e-06
9.154661334602392e-06
1.115236867015145e-05
1.358285034682677e-05
1.653805981232605e-05
2.013055134938858e-05
2.449658080060426e-05
2.979980368472016e-05
3.624096739678375e-05
4.405963697815876e-05
5.354777264448111e-05
6.505727465876302e-05
7.901475313739229e-05
9.592671424516197e-05
1.164205678689578e-04
1.412373250655325e-04
1.712781774993176e-04
2.076269146406154e-04
2.515687893692928e-04
3.046952136881099e-04
3.688530274371632e-04
4.463170520539921e-04
5.397743909954121e-04
6.525180469408819e-04
7.883841838251135e-04
9.519142032006402e-04
1.148742576751192e-03
1.385482248248155e-03
1.670091868678099e-03
2.011523378935510e-03
2.421252274301197e-03
2.912320698536197e-03
3.500242767149898e-03
4.203647085569669e-03
5.044000582271354e-03
6.047335311943835e-03
7.242863239768035e-03
8.665823728741220e-03
1.035817437275288e-02
1.236776409202669e-02
1.474872345837413e-02
1.756721644764812e-02
2.089596370958876e-02
2.482169360968289e-02
2.943879291055797e-02
3.486097307366538e-02
4.121113116400424e-02
4.863310177947217e-02
5.727303978723641e-02
6.730661692168234e-02
7.892952321427127e-02
9.233165359546161e-02
1.077346766086544e-01
1.253601082169873e-01
1.454352839663611e-01
1.681869455091937e-01
1.938250655625516e-01
2.225330091660900e-01
2.544619884224483e-01
2.896990717881803e-01
3.282889639434733e-01
3.701203358927198e-01
4.150206229286635e-01
4.626575238007412e-01
5.125252322452286e-01
5.640004475842161e-01
6.162508056743419e-01
6.683274532859903e-01
7.191679509241085e-01
7.671362003764756e-01
8.128306869489419e-01
8.536542993161143e-01
8.893409951360446e-01
9.194522469719015e-01
9.438447488824474e-01
9.627264596519770e-01
9.766119579791827e-01
9.862495094449808e-01
9.925084055091169e-01
9.962171225888374e-01
9.982278347692396e-01
9.992423897410265e-01
9.997077224400231e-01
9.998993849244330e-01
9.999694887572065e-01
9.999919571311850e-01
9.999981854209372e-01
9.999996556305502e-01
9.999999461194112e-01
9.999999931941429e-01
9.999999993234868e-01
9.999999999482017e-01
9.999999999970876e-01
9.999999999998699e-01
9.999999999999988e-01
9.999999999999993e-01
1.000000000000000e+00
9.999999999999999e-01
1.000000000000000e+00
1.000000000000000e+00
1.000000000000000e+00
1.000000000000000e+00
1.000000000000000e+00
1.000000000000000e+00
1.000000000000000e+00
1.000000000000000e+00
###5.800000000000002e+00
9.769274831962385e-10
1.264066575683721e-09
1.587799078542110e-09
1.976893307710916e-09
2.455640298093670e-09
3.044792074513028e-09
3.764230184092273e-09
4.644631802393105e-09
5.722997025439553e-09
7.044264153783421e-09
8.661521543686894e-09
1.064289628897729e-08
1.306947090872588e-08
1.604247362333024e-08
1.968404538305626e-08
2.414120287858087e-08
2.959756382847993e-08
3.627689299443563e-08
4.445193367838238e-08
5.445391063181892e-08
6.671639640047943e-08
8.166281638666749e-08
9.996755355678552e-08
1.223621834856660e-07
1.497282686414671e-07
1.831804843832684e-07
2.240736997160380e-07
2.740407580170065e-07
3.350798415911377e-07
4.096368835129754e-07
5.006911694114487e-07
6.118547232284680e-07
7.475894403669070e-07
9.131843363102612e-07
1.115330222043920e-06
1.361788457141085e-06
1.662433510429762e-06
2.029019773167844e-06
2.475955972416665e-06
3.020470137944435e-06
3.683941046810063e-06
4.492130988566496e-06
5.476293232531856e-06
6.674375433321238e-06
8.132768898347610e-06
9.906726334768430e-06
1.206438720408633e-05
1.468844499989025e-05
1.787776215900330e-05
2.175322798245914e-05
2.646126136128455e-05
3.217745513643555e-05
3.911726410988701e-05
4.753734119269361e-05
5.775064053704830e-05
7.013388340386840e-05
8.514380411707694e-05
1.033219588476166e-04
1.253390516097021e-04
1.519867599279393e-04
1.842262974024280e-04
2.232137366640901e-04
2.703186474526642e-04
3.272365470744889e-04
3.959320193864516e-04
4.788240039323726e-04
5.787651455986465e-04
6.992503585612210e-04
8.443449552926905e-04
1.018874181834451e-03
1.228770378985535e-03
1.481058218995767e-03
1.784113441990795e-03
2.147414107847273e-03
2.583004714780007e-03
3.104631221101207e-03
3.728596689735146e-03
4.474447994299348e-03
5.364671606632604e-03
6.426527537047098e-03
7.690516333512590e-03
9.193392673951402e-03
1.097887447654002e-02
1.309669827620229e-02
1.560298057247792e-02
1.856626792036595e-02
2.206165311028000e-02
2.617856339135993e-02
3.101396615997102e-02
3.668454684487271e-02
4.331589614557744e-02
5.105470259521682e-02
6.004908332978380e-02
7.047689329971379e-02
8.253551215364895e-02
9.641474096608525e-02
1.123357413591198e-01
1.305175723404354e-01
1.511832184000095e-01
1.745527829383602e-01
2.008266941191527e-01
2.301756604261676e-01
2.627352014261379e-01
2.985725098087136e-01
3.377102932136871e-01
3.800138474538461e-01
4.252786547235010e-01
4.731501765370890e-01
5.230958545750499e-01
5.744721546891488e-01
6.264313093829139e-01
6.780219577032913e-01
7.281880927999168e-01
7.754378342712620e-01
8.200472011614029e-01
8.598291707548882e-01
8.944448510930323e-01
9.235108357077956e-01
9.469370951271447e-01
9.649717990892918e-01
9.781554890091068e-01
9.872459589977630e-01
9.931061669751301e-01
9.965479203590892e-01
9.983963675892351e-01
9.993206206285744e-01
9.997404591029041e-01
9.999115954912731e-01
9.999734963594337e-01
9.999930990262776e-01
9.999984635946766e-01
9.999997125493670e-01
9.999999557089988e-01
9.999999944959551e-01
9.999999994624319e-01
9.999999999595697e-01
9.999999999977776e-01
9.999999999999007e-01
9.999999999999996e-01
9.999999999999993e-01
1.000000000000000e+00
9.999999999999999e-01
1.000000000000000e+00
1.000000000000000e+00
1.000000000000000e+00
1.000000000000000e+00
1.000000000000000e+00
1.000000000000000e+00
1.000000000000000e+00
1.000000000000000e+00
###6.000000000000003e+00
1.069211503746414e-09
1.379559269415085e-09
1.732952686758712e-09
2.157580069375951e-09
2.679992805316033e-09
3.322772117980286e-09
4.107533945095276e-09
5.067689914858697e-09
6.243512097411693e-09
7.683954610628943e-09
9.446682742836365e-09
1.160581411483480e-08
1.424954527796655e-08
1.748799211359596e-08
2.145385170924767e-08
2.630683985397687e-08
3.224645188781594e-08
3.951573626873709e-08
4.841083384935059e-08
5.929120616453322e-08
7.262790925829952e-08
8.887867963211152e-08
1.087768851873345e-07
1.331148956402016e-07
1.628480924083715e-07
1.991846789020968e-07
2.435922560586616e-07
2.978391207350025e-07
3.640886560257370e-07
4.449877574805978e-07
5.437601744831132e-07
6.643124308349762e-07
8.114681550018793e-07
9.909441688804226e-07
1.209971714703779e-06
1.476926006080714e-06
1.802475477010143e-06
2.199301866508645e-06
2.682952547422929e-06
3.272000723784444e-06
3.989496699227696e-06
4.863194353868521e-06
5.926756842784862e-06
7.221041265759867e-06
8.795964094364122e-06
1.071094044205667e-05
1.303925626604596e-05
1.586975246686166e-05
1.930861203393153e-05
2.348557392537443e-05
2.855782023948852e-05
3.471358952272455e-05
4.218389932897835e-05
5.124348568951367e-05
6.222748761208042e-05
7.553885476146124e-05
9.166666472319237e-05
1.111877795302947e-04
1.348202095673975e-04
1.634084206396798e-04
1.979768318985048e-04
2.397575132661644e-04
2.902086104843349e-04
3.511355777567275e-04
4.246245057610205e-04
5.132472954697512e-04
6.200292752745563e-04
7.486716648126459e-04
9.034948806277843e-04
1.089591752242980e-03
1.313243081614594e-03
1.581875690538895e-03
1.904304147055788e-03
2.290549868371774e-03
2.753260468766628e-03
3.306890663342555e-03
3.968575640113916e-03
4.758805519786137e-03
5.701117588592902e-03
6.824034891993255e-03
8.159380291825214e-03
9.745461677136134e-03
1.162779709193076e-02
1.385804742164951e-02
1.649434695195792e-02
1.960765979870603e-02
2.327547212063926e-02
2.758992822722907e-02
3.265057287207446e-02
3.857705575136389e-02
4.549762069091646e-02
5.356175042602238e-02
6.291941413711273e-02
7.375051930832405e-02
8.625396188594618e-02
1.006192080452534e-01
1.170666361877561e-01
1.358125124036519e-01
1.570750868371201e-01
1.810674011957515e-01
2.079798891609035e-01
2.379701486049117e-01
2.711575555258623e-01
3.075882616371103e-01
3.472654503546503e-01
3.900279165105200e-01
4.356411159712089e-01
4.837277906695290e-01
5.337296846913603e-01
5.849838339557117e-01
6.366286385811948e-01
6.877112336021461e-01
7.371849567943211e-01
7.836752678459313e-01
8.272138577616958e-01
8.659424424748025e-01
8.994830403747464e-01
9.275039460488321e-01
9.499681484386859e-01
9.671630061584799e-01
9.796540601231797e-01
9.882074720484604e-01
9.936787848103495e-01
9.968624326227601e-01
9.985554437079952e-01
9.993938828460800e-01
9.997708540542719e-01
9.999228260008693e-01
9.999771445969423e-01
9.999941269658106e-01
9.999987109718149e-01
9.999997625021870e-01
9.999999640051155e-01
9.999999956050075e-01
9.999999995788563e-01
9.999999999689291e-01
9.999999999983347e-01
9.999999999999253e-01
1.000000000000000e+00
9.999999999999994e-01
1.000000000000000e+00
9.999999999999999e-01
1.000000000000000e+00
1.000000000000000e+00
1.000000000000000e+00
1.000000000000000e+00
1.000000000000000e+00
1.000000000000000e+00
1.000000000000000e+00
1.000000000000000e+00
###6.200000000000003e+00
1.168863942521799e-09
1.504366217700211e-09
1.889812826794662e-09
2.352826475185395e-09
2.922403850021833e-09
3.623097234377678e-09
4.478387330555108e-09
5.524632164458417e-09
6.805652930822773e-09
8.374653395231146e-09
1.029429730440635e-08
1.264512338426957e-08
1.552298389600062e-08
1.904755037197595e-08
2.336287488149833e-08
2.864230843968743e-08
3.510241684176026e-08
4.300695878654914e-08
5.267720004069310e-08
6.450291186311031e-08
7.899538823866915e-08
9.664913531525523e-08
1.182607971394883e-07
1.446879384167585e-07
1.769650243714470e-07
2.164004584725212e-07
2.645825865905697e-07
3.234247084273310e-07
3.952669591831907e-07
4.829712576174433e-07
5.900227437507253e-07
7.206427169420604e-07
8.800414052647648e-07
1.074392406498178e-06
1.311504010439598e-06
1.600406554351729e-06
1.952615269324833e-06
2.381800849982921e-06
2.904724015337822e-06
3.541390936278653e-06
4.316631664878884e-06
5.260319907518968e-06
6.408682087397355e-06
7.805668454537771e-06
9.504912367829022e-06
1.157033861954178e-05
1.408060627713479e-05
1.713112263713569e-05
2.083579270585232e-05
2.533377502491848e-05
3.079363433873396e-05
3.741699637004064e-05
4.545133748413249e-05
5.519051699102144e-05
6.699310425848481e-05
8.128974930121740e-05
9.860371264007796e-05
1.195488463404698e-04
1.448932293930410e-04
1.755368064823353e-04
2.125705079346553e-04
2.573062659699459e-04
3.112959970038866e-04
3.764582610314678e-04
4.550085467682393e-04
5.496784335390506e-04
6.636738720959040e-04
8.009145901402042e-04
9.659790998637584e-04
1.164247427302018e-03
1.402360644184581e-03
1.688163624100696e-03
2.030928827671361e-03
2.441236559847688e-03
2.932360932934345e-03
3.519503352807026e-03
4.220642518582825e-03
5.057248070523069e-03
6.053939682833242e-03
7.240538973494822e-03
8.650224926293918e-03
1.032289653413576e-02
1.230591169349487e-02
1.465289186589019e-02
1.742401991353360e-02
2.069271127438999e-02
2.453886466742317e-02
2.905735706459308e-02
3.435030371400735e-02
4.054030465428623e-02
4.775821083971832e-02
5.615623301513293e-02
6.588607418147578e-02
7.712955482226626e-02
9.008690380814512e-02
1.049469998913497e-01
1.219291499118761e-01
1.412464783681015e-01
1.631121049520040e-01
1.877315740294729e-01
2.152848640318948e-01
2.459159996438837e-01
2.797277645333313e-01
3.167461869771827e-01
3.569510977806087e-01
4.001580360393139e-01
4.461021350459022e-01
4.943831141106523e-01
5.444180353176863e-01
5.955253874294557e-01
6.468312802316593e-01
6.973824943395920e-01
7.461440948914206e-01
7.918384729068179e-01
8.343144271146337e-01
8.719790299349029e-01
9.044419418503015e-01
9.314197842976409e-01
9.529280917652440e-01
9.692924560144441e-01
9.811021930389675e-01
9.891304638582182e-01
9.942241902494567e-01
9.971595748047901e-01
9.987045394342311e-01
9.994619562677247e-01
9.997988300069214e-01
9.999330560106822e-01
9.999804304453366e-01
9.999950414787622e-01
9.999989281187435e-01
9.999998057178033e-01
9.999999710703920e-01
9.999999965336166e-01
9.999999996745708e-01
9.999999999764771e-01
9.999999999987742e-01
9.999999999999444e-01
1.000000000000001e+00
9.999999999999994e-01
1.000000000000000e+00
1.000000000000000e+00
1.000000000000000e+00
1.000000000000000e+00
1.000000000000000e+00
1.000000000000000e+00
1.000000000000000e+00
1.000000000000000e+00
1.000000000000000e+00
1.000000000000000e+00
###6.400000000000003e+00
1.276402804693227e-09
1.639140795197109e-09
2.059201017677231e-09
2.563653469887908e-09
3.184138232292316e-09
3.947330131681241e-09
4.878713299502867e-09
6.017818322717957e-09
7.412291053607878e-09
9.119894082328794e-09
1.120867874620123e-08
1.376608358481410e-08
1.689619358155271e-08
2.072894708057451e-08
2.542061002219358e-08
3.115913841470057e-08
3.817946330256282e-08
4.676756190695895e-08
5.727166008169688e-08
7.011404367252229e-08
8.584917081466043e-08
1.050109201279447e-07
1.284637760278021e-07
1.571351644592631e-07
1.921442176058315e-07
2.349066146272112e-07
2.871399393097234e-07
3.509126117008353e-07
4.287537511315832e-07
5.237551898967062e-07
6.396813617015572e-07
7.810898035479514e-07
9.536036129578541e-07
1.163883799814396e-06
1.420354389653873e-06
1.732744390169065e-06
2.113471608455587e-06
2.577260706699920e-06
3.142164533654213e-06
3.829714695460431e-06
4.666635041854979e-06
5.685054059901761e-06
6.923922926463105e-06
8.430477520470547e-06
1.026215577674364e-05
1.248810227392662e-05
1.519224265607987e-05
1.847708981926204e-05
2.246473331183388e-05
2.730430797257864e-05
3.317642411776465e-05
4.029687057251112e-05
4.893052044064808e-05
5.939144312077029e-05
7.206294044507348e-05
8.740489845500605e-05
1.059765699266967e-04
1.284308865775077e-04
1.555885400572699e-04
1.884078661467027e-04
2.280497418373704e-04
2.759099826941626e-04
3.336389968954952e-04
4.032736000315576e-04
4.871652535672078e-04
5.882124531824912e-04
7.098101127927740e-04
8.561069284856353e-04
1.031948931514135e-03
1.243017195605149e-03
1.496327370584769e-03
1.800158742065957e-03
2.164260986015225e-03
2.599772265212312e-03
3.120645347026047e-03
3.742885380323926e-03
4.485273705242413e-03
5.370319005113233e-03
6.423755512491756e-03
7.676739331891633e-03
9.163839440358139e-03
1.092658376792014e-02
1.301420963809849e-02
1.548233471220553e-02
1.839322003646391e-02
2.182276477244386e-02
2.585329717591252e-02
3.058243971846549e-02
3.611486744307325e-02
4.257611232522512e-02
5.009958063411330e-02
5.884013815274556e-02
6.895109511356717e-02
8.061603625213122e-02
9.403632755252828e-02
1.094000020690930e-01
1.269249884553006e-01
1.468209100934835e-01
1.692953474872533e-01
1.945459002179880e-01
2.227416210409658e-01
2.540124489476560e-01
2.884442633973178e-01
3.260427340582494e-01
3.667635674605156e-01
4.103993357392665e-01
4.566554860111274e-01
5.051085616941349e-01
5.551519428022882e-01
6.060865305573134e-01
6.570276819156127e-01
7.070230984464663e-01
7.550516111874873e-01
7.999171431123835e-01
8.413339905925900e-01
8.779264305666936e-01
9.093093918256727e-01
9.352478549335409e-01
9.558083878216531e-01
9.713536890656833e-01
9.824954062594181e-01
9.900121495550482e-01
9.947408765922661e-01
9.974386326643530e-01
9.988433549973483e-01
9.995247430270376e-01
9.998243693322018e-01
9.999422905766584e-01
9.999833603812047e-01
9.999958461341533e-01
9.999991164192539e-01
9.999998426057730e-01
9.999999769991748e-01
9.999999972986251e-01
9.999999997518700e-01
9.999999999824474e-01
9.999999999991136e-01
9.999999999999589e-01
1.000000000000001e+00
9.999999999999996e-01
1.000000000000000e+00
1.000000000000000e+00
1.000000000000000e+00
1.000000000000000e+00
1.000000000000000e+00
1.000000000000000e+00
1.000000000000000e+00
1.000000000000000e+00
1.000000000000000e+00
1.000000000000000e+00
###6.600000000000003e+00
1.392377615552150e-09
1.784576146632460e-09
2.241988904019470e-09
2.791144176951623e-09
3.466537650082596e-09
4.297128383169129e-09
5.310550465128600e-09
6.549750648651162e-09
8.066485664574131e-09
9.923422337767931e-09
1.219439879765395e-08
1.497426784137659e-08
1.837596164406592e-08
2.254044245914210e-08
2.763709464858746e-08
3.386953635062372e-08
4.149241434342087e-08
5.081553612947255e-08
6.221603708043915e-08
7.615105931131208e-08
9.322133487566525e-08
1.140028673619214e-07
1.394328343316860e-07
1.705134680740552e-07
2.084544854034192e-07
2.547863411029124e-07
3.113648541098622e-07
3.804242790412088e-07
4.646956658785638e-07
5.675165144204639e-07
6.929494914345908e-07
8.459111008727316e-07
1.032464976168324e-06
1.259791984334116e-06
1.536972729182142e-06
1.874480814874745e-06
2.285695528945400e-06
2.786463970535794e-06
3.396214242493162e-06
4.138100746313052e-06
5.040861247957279e-06
6.139021019456125e-06
7.474425872649663e-06
9.097799445922814e-06
1.107062911473816e-05
1.346756836652955e-05
1.637815432579148e-05
1.991241834520942e-05
2.420111965714558e-05
2.940395270005153e-05
3.571426786638638e-05
4.336282876106831e-05
5.263288667294650e-05
6.385985611329708e-05
7.745313196667793e-05
9.390343798519457e-05
1.138079108467700e-04
1.378607290544722e-04
1.669378566499496e-04
2.020590471064657e-04
2.444586935622999e-04
2.956206718658224e-04
3.572986252631421e-04
4.316534374587622e-04
5.211788728050807e-04
6.289480012238103e-04
7.585533100006678e-04
9.143827498607099e-04
1.101561113942290e-03
1.326083252473863e-03
1.595354619530167e-03
1.918105760677200e-03
2.304583074217294e-03
2.766488939530218e-03
3.318519706399055e-03
3.977476757354298e-03
4.762959739674581e-03
5.698577195827007e-03
6.811199623938274e-03
8.133353852997911e-03
9.701032728853637e-03
1.155743083243441e-02
1.375370425310605e-02
1.634750176987609e-02
1.940319092110104e-02
2.299918547624181e-02
2.722025781766654e-02
3.216678576216629e-02
3.794598938741219e-02
4.468630940932116e-02
5.252364949834513e-02
6.161545034535657e-02
7.211649413855374e-02
8.421197150373079e-02
9.810418075509235e-02
1.139800334397350e-01
1.320557663364739e-01
1.525371274051367e-01
1.756257365556572e-01
2.015107897323604e-01
2.303499325668129e-01
2.622583566155954e-01
2.973051644597665e-01
3.354747779856256e-01
3.766988041817060e-01
4.207465583005878e-01
4.672945734595126e-01
5.158962121682987e-01
5.659221729206760e-01
6.166568064976040e-01
6.672062685796336e-01
7.166205679053077e-01
7.638941250297431e-01
8.079008788484352e-01
8.482588091970077e-01
8.837722476659930e-01
9.140744386692440e-01
9.389789058399766e-01
9.586017111117537e-01
9.733413444475046e-01
9.838301405588091e-01
9.908504591842411e-01
9.952278453279392e-01
9.976992201513762e-01
9.989717829204691e-01
9.995822492112839e-01
9.998475037898087e-01
9.999505553581185e-01
9.999859482868904e-01
9.999965467336843e-01
9.999992778351198e-01
9.999998736953747e-01
9.999999819053458e-01
9.999999979192804e-01
9.999999998132548e-01
9.999999999870846e-01
9.999999999993703e-01
9.999999999999699e-01
1.000000000000001e+00
9.999999999999996e-01
1.000000000000000e+00
1.000000000000000e+00
1.000000000000000e+00
1.000000000000000e+00
1.000000000000000e+00
1.000000000000000e+00
1.000000000000000e+00
1.000000000000000e+00
1.000000000000000e+00
1.000000000000000e+00
###6.800000000000003e+00
1.517371115155098e-09
1.941407383494054e-09
2.439100817614203e-09
3.036447226320697e-09
3.771024828774008e-09
4.674249565985525e-09
5.776061493063804e-09
7.123081519693239e-09
8.771484036820147e-09
1.078920723362996e-08
1.325630065679847e-08
1.627557938234189e-08
1.996947599862391e-08
2.449078224385749e-08
3.002295928489247e-08
3.678642037383278e-08
4.505695343301965e-08
5.516991149972835e-08
6.753340951221810e-08
8.264193141427979e-08
1.011457848010165e-07
1.236660117291156e-07
1.512176360314813e-07
1.848829357190339e-07
2.259684814068198e-07
2.761274492209182e-07
3.373634202761090e-07
4.120878243982592e-07
5.032473388013206e-07
6.144417919841671e-07
7.500520885671372e-07
9.153777535412008e-07
1.116952210565007e-06
1.362510362210804e-06
1.661832546194834e-06
2.026185387062565e-06
2.469971796885111e-06
3.010233465806353e-06
3.667861340378122e-06
4.467735117096755e-06
5.440732933314260e-06
6.623926227189207e-06
8.062234070632421e-06
9.810080412110250e-06
1.193325837016835e-05
1.451223599153076e-05
1.764252158229155e-05
2.144209891967647e-05
2.605090505787322e-05
3.163980502415644e-05
3.841561650396253e-05
4.662492665759443e-05
5.657039147758179e-05
6.860995558067152e-05
8.318052796618675e-05
1.008053401251636e-04
1.221213890190275e-04
1.478663476936106e-04
1.789742310240270e-04
2.165293548165413e-04
2.618433359241011e-04
3.164924474699033e-04
3.823384926272022e-04
4.616724402079729e-04
5.571369122484580e-04
6.719874814793517e-04
8.100230943836564e-04
9.758815632666986e-04
1.174978051426408e-03
1.413634260422332e-03
1.699661118834164e-03
2.042257771282885e-03
2.452187185201522e-03
2.941736549919549e-03
3.526370147398994e-03
4.223710756585502e-03
5.054205810859101e-03
6.042597483868034e-03
7.216923910634030e-03
8.611119138900785e-03
1.026263370462061e-02
1.221636636802310e-02
1.452543099885961e-02
1.724954159866535e-02
2.045519907897229e-02
2.422336103075513e-02
2.864125597478019e-02
3.381202371739848e-02
3.984541029152121e-02
4.687273689064908e-02
5.503234025075276e-02
6.448414834756790e-02
7.538427102050349e-02
8.791933646951144e-02
1.022923597851808e-01
1.186888417542491e-01
1.373230020216981e-01
1.583963255412808e-01
1.821040378959443e-01
2.086264616846739e-01
2.381093453766776e-01
2.706526883346067e-01
3.063082839804245e-01
3.450390845773653e-01
3.867524051750894e-01
4.311940871931917e-01
4.780124615232870e-01
5.267378400217992e-01
5.767192561992651e-01
6.272256248309162e-01
6.773554801587125e-01
7.261626232155780e-01
7.726587628355231e-01
8.157793453367985e-01
8.550762283023351e-01
8.895051527481921e-01
9.187272849373342e-01
9.426048713155056e-01
9.613018804681812e-01
9.752510874603254e-01
9.851036901663961e-01
9.916439549160480e-01
9.956845498544400e-01
9.979412378827549e-01
9.990898806623548e-01
9.996345671111803e-01
9.998683049658490e-01
9.999578920161345e-01
9.999882135083507e-01
9.999971506779961e-01
9.999994146906033e-01
9.999998995831793e-01
9.999999859114930e-01
9.999999984155362e-01
9.999999998612313e-01
9.999999999906236e-01
9.999999999995607e-01
9.999999999999779e-01
1.000000000000001e+00
9.999999999999996e-01
1.000000000000000e+00
1.000000000000000e+00
1.000000000000000e+00
1.000000000000000e+00
1.000000000000000e+00
1.000000000000000e+00
1.000000000000000e+00
1.000000000000000e+00
1.000000000000000e+00
1.000000000000000e+00
###7.000000000000004e+00
1.652000955491835e-09
2.110413744938645e-09
2.651515808288598e-09
3.300780178883936e-09
4.099107781777328e-09
5.080556204291654e-09
6.277537690657485e-09
7.740621273031490e-09
9.530726292747442e-09
1.172145313220602e-08
1.439951350590030e-08
1.767626868963171e-08
2.168447253032161e-08
2.658922267896106e-08
3.258945541550689e-08
3.992345591318745e-08
4.888966734901242e-08
5.985080917327642e-08
7.324817291898290e-08
8.961622126510951e-08
1.096583405691837e-07
1.340436954191123e-07
1.638706234721201e-07
2.003069976618774e-07
2.447628807352830e-07
2.990225841397084e-07
3.652475343475826e-07
4.460383345028860e-07
5.445717710357851e-07
6.647276182320232e-07
8.112261868278126e-07
9.897753290454836e-07
1.207409271939961e-06
1.472452968885758e-06
1.795432024544599e-06
2.188457132499134e-06
2.667020358947670e-06
3.249433990047865e-06
3.958144068037154e-06
4.819863448784427e-06
5.867743708645163e-06
7.141559524897251e-06
8.689490969986168e-06
1.056988569543716e-05
1.285311084959481e-05
1.562577171295980e-05
1.898972304063409e-05
2.307135685520826e-05
2.802032008471848e-05
3.401928805854568e-05
4.128930688921753e-05
5.009367456435704e-05
6.075552493203778e-05
7.365656946958904e-05
8.926271485776768e-05
1.081314410625009e-04
1.309416689026263e-04
1.584772472980945e-04
1.917320926304770e-04
2.318593989629080e-04
2.802515067218182e-04
3.385815875396517e-04
4.088247153897492e-04
4.934068849668816e-04
5.951302192681298e-04
7.174371395500346e-04
8.643435050784325e-04
1.040747924013233e-03
1.252367907505702e-03
1.505865435032852e-03
1.809473029883318e-03
2.172876264199231e-03
2.607374901633867e-03
3.125861930453505e-03
3.744592480734819e-03
4.482040749504038e-03
5.359531405416694e-03
6.402970498796946e-03
7.641597460916172e-03
9.110790358794077e-03
1.084949111774771e-02
1.290433996157787e-02
1.533044713848602e-02
1.818962505285764e-02
2.155053331420579e-02
2.549670071360507e-02
3.011782115107019e-02
3.551979964328028e-02
4.181488452656405e-02
4.913724384909832e-02
5.762757634359039e-02
6.744820180896099e-02
7.875640407805487e-02
9.174007031103332e-02
1.066027053201679e-01
1.235280974996960e-01
1.427281111702466e-01
1.643995678971487e-01
1.887308533477755e-01
2.158929368408577e-01
2.460191731374951e-01
2.791939164782174e-01
3.154511379301156e-01
3.547320908380710e-01
3.969196236840113e-01
4.417359548464849e-01
4.888018861574895e-01
5.376249332620663e-01
5.875335101702034e-01
6.377822872982977e-01
6.874637956366658e-01
7.356372017502693e-01
7.813331367421597e-01
8.235423679249034e-01
8.617745546574185e-01
8.951147397014904e-01
9.232590140266047e-01
9.461179507642655e-01
9.638335079090606e-01
9.770776293848447e-01
9.863133663642716e-01
9.923913446497573e-01
9.961106081339037e-01
9.981647171828173e-01
9.991978062418055e-01
9.996818401073529e-01
9.998868687529689e-01
9.999643513261651e-01
9.999901786138180e-01
9.999976662254952e-01
9.999995294786908e-01
9.999999208880006e-01
9.999999891407697e-01
9.999999988068311e-01
9.999999998981446e-01
9.999999999932840e-01
9.999999999996982e-01
9.999999999999840e-01
1.000000000000001e+00
9.999999999999997e-01
1.000000000000000e+00
1.000000000000000e+00
1.000000000000000e+00
1.000000000000000e+00
1.000000000000000e+00
1.000000000000000e+00
1.000000000000000e+00
1.000000000000000e+00
1.000000000000000e+00
1.000000000000000e+00
###7.200000000000004e+00
1.796921577518409e-09
2.292420721714669e-09
2.880269535097347e-09
3.585433108372506e-09
4.452384225089294e-09
5.518021554041932e-09
6.817405982755797e-09
8.405346368175400e-09
1.034785533503564e-08
1.272461240680609e-08
1.562946699827927e-08
1.918295120884873e-08
2.352890677026844e-08
2.884555630152355e-08
3.534848354031488e-08
4.329509299887216e-08
5.300809016614500e-08
6.487949550970313e-08
7.938610483901924e-08
9.710515706473662e-08
1.187968322314728e-07
1.451816801134796e-07
1.774471514450952e-07
2.168525883746901e-07
2.649185716923623e-07
3.235694537813295e-07
3.951351734043958e-07
4.824181948190241e-07
5.888407196535758e-07
7.185810855410833e-07
8.767213676200957e-07
1.069404498477297e-06
1.304198141747140e-06
1.590055383559116e-06
1.938295109070444e-06
2.361925841458507e-06
2.877597882952039e-06
3.504974143487432e-06
4.268152854785461e-06
5.195793529712864e-06
6.323461133967765e-06
7.693798677017477e-06
9.358444470070282e-06
1.137990454133285e-05
1.383340093345758e-05
1.681201627877196e-05
2.042434349792036e-05
2.480566127059918e-05
3.011588332992746e-05
3.655016479488972e-05
4.434457649239011e-05
5.378005452537885e-05
6.520133198333441e-05
7.901517762000448e-05
9.571804445119067e-05
1.159034744940620e-04
1.402944747369159e-04
1.697251746015917e-04
2.052473121235386e-04
2.480914460131951e-04
2.997329602066901e-04
3.619465827865032e-04
4.368259259334847e-04
5.269322948525755e-04
6.352529780769154e-04
7.654071253761394e-04
9.216430687309211e-04
1.109131531803569e-03
1.333904716621453e-03
1.602978668512105e-03
1.925024077605928e-03
2.310231259013693e-03
2.770457386389325e-03
3.319222567438117e-03
3.973588511639078e-03
4.752935412331336e-03
5.679470562887892e-03
6.780302810562896e-03
8.085906692296375e-03
9.633141334003481e-03
1.146247358501774e-02
1.362232209334525e-02
1.616983157945014e-02
1.916894498414966e-02
2.269050425031391e-02
2.682063474191483e-02
3.165150200904170e-02
3.729177585020951e-02
4.385617841522829e-02
5.148168534013742e-02
6.031127922433066e-02
7.050956806615061e-02
8.223484634720175e-02
9.567607096807462e-02
1.110369976177507e-01
1.284993881148631e-01
1.482724002674533e-01
1.705477793583451e-01
1.955066139501620e-01
2.233100309073120e-01
2.540784893513738e-01
2.878802401502674e-01
3.247309379155913e-01
3.645499064505654e-01
4.071953732014710e-01
4.523658560670284e-01
4.996552749486403e-01
5.485487218130478e-01
5.983550766442332e-01
6.483160347663456e-01
6.975197887011231e-01
7.450325244921963e-01
7.899054074299812e-01
8.311801369258943e-01
8.683431836277311e-01
9.005918686797202e-01
9.276622855880896e-01
9.495131382215802e-01
9.663498462476234e-01
9.788202388519021e-01
9.874588266566789e-01
9.930927823582992e-01
9.965064993422881e-01
9.983701493378436e-01
9.992959390587053e-01
9.997243104430588e-01
9.999033298599642e-01
9.999699975497174e-01
9.999918697645503e-01
9.999981023665303e-01
9.999996192925615e-01
9.999999381416400e-01
9.999999917192761e-01
9.999999991073768e-01
9.999999999271606e-01
9.999999999949403e-01
9.999999999998869e-01
9.999999999999624e-01
1.000000000000008e+00
9.999999999999977e-01
1.000000000000001e+00
9.999999999999998e-01
1.000000000000000e+00
1.000000000000000e+00
1.000000000000000e+00
1.000000000000000e+00
1.000000000000000e+00
1.000000000000000e+00
1.000000000000000e+00
1.000000000000000e+00
###7.400000000000004e+00
1.952826064896312e-09
2.488303107062526e-09
3.126464151757505e-09
3.891772406618844e-09
4.832546183342570e-09
5.988735140708997e-09
7.398235970390745e-09
9.120407375968662e-09
1.122672703953165e-08
1.380339409399515e-08
1.695190603262908e-08
2.080262484914482e-08
2.551127030206803e-08
3.127013753901754e-08
3.831262479450817e-08
4.691660545827415e-08
5.743074754086394e-08
7.027843804894121e-08
8.597443225492774e-08
1.051417139328951e-07
1.286011966199966e-07
1.571282635560169e-07
1.920056267970059e-07
2.345903136065463e-07
2.865208558590700e-07
3.498710674550673e-07
4.271506799082726e-07
5.213774293178933e-07
6.362351020282459e-07
7.762202651645209e-07
9.468003522934102e-07
1.154581630585309e-06
1.407699635007348e-06
1.715775705880313e-06
2.090972629883625e-06
2.547253421082297e-06
3.102499347466829e-06
3.777808255582010e-06
4.599032556499927e-06
5.596897936788705e-06
6.809529834023327e-06
8.282613038393779e-06
1.007145123463019e-05
1.224295523315242e-05
1.487749581423394e-05
1.807499158880152e-05
2.195118211339784e-05
2.665073465797962e-05
3.234441249151604e-05
3.924055098593043e-05
4.759107844401737e-05
5.769553753633522e-05
6.992143213882411e-05
8.470193411188717e-05
1.025656583786024e-04
1.241440980990235e-04
1.502066045249554e-04
1.816400517448474e-04
2.195572205986318e-04
2.652694730255312e-04
3.203394409350287e-04
3.866482354008134e-04
4.664134562876469e-04
5.623386133352619e-04
6.776029663688510e-04
8.160116738402951e-04
9.820549859839063e-04
1.181187419714128e-03
1.419768585491548e-03
1.705182745682448e-03
2.046555785907790e-03
2.454601567533726e-03
2.941755679105613e-03
3.522187039651564e-03
4.213790933592100e-03
5.036877059923530e-03
6.014572245405640e-03
7.175217258761311e-03
8.550555620612112e-03
1.017896475221814e-02
1.210246972596591e-02
1.437130417995319e-02
1.704468479113604e-02
2.018871600474229e-02
2.387644389721712e-02
2.819661359728910e-02
3.324386540262227e-02
3.912962957665003e-02
4.597106849642996e-02
5.390792016875726e-02
6.308536556386179e-02
7.367018874728248e-02
8.582152151929945e-02
9.972919038048664e-02
1.155969510129780e-01
1.336042118056396e-01
1.539570598932885e-01
1.768417390497086e-01
2.024315725626844e-01
2.308773473088068e-01
2.622861208132387e-01
2.967095798033134e-01
3.341445879865316e-01
3.744881472246655e-01
4.175742362764733e-01
4.630771553330170e-01
5.105647578287205e-01
5.595001921389285e-01
6.091739383643289e-01
6.588160632525770e-01
7.075121365628554e-01
7.543370894041276e-01
7.983642338879051e-01
8.386831925515120e-01
8.747723845894071e-01
9.059282874330634e-01
9.319305888876126e-01
9.527861028143527e-01
9.687566529204079e-01
9.804785209128187e-01
9.885397144217772e-01
9.937486872647410e-01
9.968727698721696e-01
9.985580938549750e-01
9.993846865880793e-01
9.997622392682690e-01
9.999178297215510e-01
9.999748969713939e-01
9.999933133890361e-01
9.999984681175478e-01
9.999996999999509e-01
9.999999520688370e-01
9.999999937448881e-01
9.999999993399220e-01
9.999999999483491e-01
9.999999999963036e-01
9.999999999999721e-01
9.999999999999617e-01
1.000000000000009e+00
9.999999999999976e-01
1.000000000000001e+00
9.999999999999998e-01
1.000000000000000e+00
1.000000000000000e+00
1.000000000000000e+00
1.000000000000000e+00
1.000000000000000e+00
1.000000000000000e+00
1.000000000000000e+00
1.000000000000000e+00
###7.600000000000004e+00
2.120448154956727e-09
2.698986949722616e-09
3.391264916975094e-09
4.221244637079903e-09
5.241384901579236e-09
6.494908793151110e-09
8.022747323144589e-09
9.889139155218485e-09
1.217142126637509e-08
1.496278148883504e-08
1.837290707965601e-08
2.254269001862670e-08
2.764056710967786e-08
3.387391175424130e-08
4.149517546679826e-08
5.080413135522010e-08
6.217721879201730e-08
7.607136488568722e-08
9.304190264184576e-08
1.137606999064964e-07
1.391135792072373e-07
1.699344014913785e-07
2.076076542563825e-07
2.535946246917201e-07
3.096596570059331e-07
3.780359843058706e-07
4.614250580081312e-07
5.630740536061522e-07
6.869454163708687e-07
8.378747076991068e-07
1.021739629655053e-06
1.245639551140283e-06
1.518314239797929e-06
1.850095546890891e-06
2.254043530065167e-06
2.745135293521881e-06
3.342559705675003e-06
4.068938171626682e-06
4.951984767377049e-06
6.024616759783424e-06
7.327674710952806e-06
8.910067333842650e-06
1.083098113607168e-05
1.316199037928119e-05
1.598892185830841e-05
1.941890794077878e-05
2.357526072437220e-05
2.861256245130542e-05
3.471303580425000e-05
4.209892846680136e-05
5.103889688051973e-05
6.185210152818871e-05
7.493004031489956e-05
9.073369138266409e-05
1.098255159880330e-04
1.328769256607501e-04
1.607059678923603e-04
1.942548304157082e-04
2.347006593523253e-04
2.834392227864207e-04
3.421247462132190e-04
4.127497296234040e-04
4.976614135378889e-04
5.997125873121838e-04
7.222816492192082e-04
8.693692163065390e-04
1.045717254999818e-03
1.257076090866306e-03
1.510145842566987e-03
1.812693506058675e-03
2.174317651576415e-03
2.606274978569747e-03
3.121600888836878e-03
3.735135206077022e-03
4.465634329580409e-03
5.334361828398326e-03
6.365400520857920e-03
7.588353115830166e-03
9.036265990281653e-03
1.074907224709202e-02
1.277038817243485e-02
1.515229848846363e-02
1.795612859447982e-02
2.125017411767616e-02
2.510970508030628e-02
2.962610720665336e-02
3.489649525592234e-02
4.103505150654877e-02
4.816133961665991e-02
5.641780848841713e-02
6.595174429422579e-02
7.693198618685107e-02
8.951831967876094e-02
1.039012295150227e-01
1.202842082259089e-01
1.388439711623660e-01
1.597831577074772e-01
1.832820728595654e-01
2.095057960794140e-01
2.385942693390268e-01
2.706406396640382e-01
3.056795692110990e-01
3.436886702842293e-01
3.845416914421039e-01
4.280504429805542e-01
4.738628894459193e-01
5.215221770985440e-01
5.704701063838482e-01
6.199799455832583e-01
6.692715571204931e-01
7.174296568338718e-01
7.635397096475952e-01
8.066988001780340e-01
8.460425183183580e-01
8.810533141952965e-01
9.111166909421649e-01
9.360583389539393e-01
9.559328464388325e-01
9.710526890727504e-01
9.820511022929937e-01
9.895559619204072e-01
9.943595400363965e-01
9.972101500970025e-01
9.987292070676715e-01
9.994645191111716e-01
9.997959134357852e-01
9.999305195357538e-01
9.999791181311865e-01
9.999945360731261e-01
9.999987722056261e-01
9.999997652161597e-01
9.999999632107639e-01
9.999999953184795e-01
9.999999995180616e-01
9.999999999635512e-01
9.999999999974095e-01
9.999999999999950e-01
9.999999999999715e-01
1.000000000000007e+00
9.999999999999982e-01
1.000000000000000e+00
9.999999999999999e-01
1.000000000000000e+00
1.000000000000000e+00
1.000000000000000e+00
1.000000000000000e+00
1.000000000000000e+00
1.000000000000000e+00
1.000000000000000e+00
1.000000000000000e+00
###7.800000000000004e+00
2.300564410782256e-09
2.925452281003123e-09
3.675904200436903e-09
4.575380727770159e-09
5.680795913527631e-09
7.038882884464065e-09
8.693817470965012e-09
1.071506921885501e-08
1.318625317826378e-08
1.620804443958410e-08
1.989889485807165e-08
2.441096960570362e-08
2.992631378905104e-08
3.666844461876463e-08
4.491018228153530e-08
5.497471583500334e-08
6.726817354131195e-08
8.228332605625389e-08
1.006188576365280e-07
1.229988444337007e-07
1.503784402022767e-07
1.836538343101032e-07
2.243181879107036e-07
2.739439995940998e-07
3.344297330318371e-07
4.081785713349005e-07
4.980962812736076e-07
6.076744416108801e-07
7.411721784092348e-07
9.037859627281676e-07
1.101830044251606e-06
1.342928274912815e-06
1.636462986752032e-06
1.993521061808341e-06
2.428116049546937e-06
2.956301844591928e-06
3.598655597012487e-06
4.379415462178503e-06
5.328270205386693e-06
6.480460418552404e-06
7.879704250311459e-06
9.578325563094343e-06
1.163962184514182e-05
1.414010211582386e-05
1.717137083721922e-05
2.084817122870797e-05
2.530183253921048e-05
3.069740365182457e-05
3.722920386764418e-05
4.513415890184218e-05
5.469856299800295e-05
6.626224997584650e-05
8.024198847690430e-05
9.712802536617548e-05
1.175184237947919e-04
1.421265615529676e-04
1.718216310852454e-04
2.076038098090944e-04
2.507180384961709e-04
3.026482602014374e-04
3.651447860474901e-04
4.403166945908184e-04
5.306467269829128e-04
6.391442181310214e-04
7.693942302700283e-04
9.256024719868717e-04
1.112772777202257e-03
1.336963640196115e-03
1.605229173004353e-03
1.925733991091997e-03
2.308567301504049e-03
2.765548421017343e-03
3.310334358826101e-03
3.958458331700006e-03
4.729565933428549e-03
5.645899761079140e-03
6.732534691842020e-03
8.020366198936658e-03
9.543777359853121e-03
1.134429443501828e-02
1.346715753817693e-02
1.596633801184840e-02
1.890530591606392e-02
2.235457631516478e-02
2.639166084283156e-02
3.111060410502513e-02
3.661099143639797e-02
4.300974430181490e-02
5.042878305806937e-02
5.901320948498949e-02
6.891231378957632e-02
8.029686006988680e-02
9.332709338904896e-02
1.081939339112289e-01
1.251003354261322e-01
1.442199678720835e-01
1.657516330367459e-01
1.898692482569010e-01
2.167291610554581e-01
2.464599573959380e-01
2.791403639471358e-01
3.147875609096721e-01
3.533594698112275e-01
3.947065313473311e-01
4.386179220588313e-01
4.847158002126362e-01
5.325191224064886e-01
5.814490390053867e-01
6.307628557378294e-01
6.796717307079493e-01
7.271581886068110e-01
7.726295507901757e-01
8.148988377891199e-01
8.532496091503566e-01
8.871780090501745e-01
9.161507106696648e-01
9.400409193472287e-01
9.589503490132095e-01
9.732372948281014e-01
9.835374039831212e-01
9.905080366985762e-01
9.949261968053457e-01
9.975195845358247e-01
9.988842581705633e-01
9.995359578848257e-01
9.998256386003141e-01
9.999415550876967e-01
9.999827296731447e-01
9.999955637147578e-01
9.999990228933493e-01
9.999998175482109e-01
9.999999720172413e-01
9.999999965287202e-01
9.999999996521600e-01
9.999999999744884e-01
9.999999999982304e-01
9.999999999999998e-01
9.999999999999809e-01
1.000000000000004e+00
9.999999999999989e-01
1.000000000000000e+00
9.999999999999999e-01
1.000000000000000e+00
1.000000000000000e+00
1.000000000000000e+00
1.000000000000000e+00
1.000000000000000e+00
1.000000000000000e+00
1.000000000000000e+00
1.000000000000000e+00
###8.000000000000004e+00
2.493996256473168e-09
3.168735875937506e-09
3.981685746896301e-09
4.955800204279005e-09
6.152784298486386e-09
7.623132867296874e-09
9.414489467603267e-09
1.160192753283176e-08
1.427578502567451e-08
1.754475357743216e-08
2.153665955832411e-08
2.641572996132677e-08
3.237856413829906e-08
3.966595238252057e-08
4.857247891956388e-08
5.944635488273622e-08
7.272542941791534e-08
8.894075663590341e-08
1.087373087278654e-07
1.328948886773762e-07
1.624426649000381e-07
1.983432168283719e-07
2.422056862781195e-07
2.957211280513290e-07
3.609309017480249e-07
4.404192666384496e-07
5.373096062177904e-07
6.553536989391124e-07
7.991263649886363e-07
9.742081057468914e-07
1.187377427929310e-06
1.446815741517254e-06
1.762588324797631e-06
2.146583994337005e-06
2.613828967111800e-06
3.181519876478549e-06
3.871707060239568e-06
4.710343385362214e-06
5.729211048860633e-06
6.966012458779323e-06
8.467513818347160e-06
1.028965484982713e-05
1.250008333694483e-05
1.518052753242806e-05
1.842876260894367e-05
2.236739028168668e-05
2.713639053412727e-05
3.291180009005166e-05
3.990070082546212e-05
4.835549674119333e-05
5.858107035233865e-05
7.093902907825317e-05
8.587274533968737e-05
1.039032580218360e-04
1.256660611730102e-04
1.519186298564861e-04
1.835838498787202e-04
2.217226746574383e-04
2.676513783488375e-04
3.229460183283564e-04
3.894576339507279e-04
4.694172599351684e-04
5.654492096609190e-04
6.807268258983815e-04
8.190497197091070e-04
9.848385180804746e-04
1.183369427728770e-03
1.421021822531787e-03
1.705217680697807e-03
2.044534495005544e-03
2.449570525507720e-03
2.932727969872881e-03
3.508307633767953e-03
4.192559000640171e-03
5.006045469400185e-03
5.972014809234811e-03
7.116569231920182e-03
8.471928718705944e-03
1.007384683264939e-02
1.196548048994139e-02
1.419372579075377e-02
1.681447557887520e-02
1.989337956327053e-02
2.350319892449029e-02
2.772370226283025e-02
3.265160858373539e-02
3.838896607016511e-02
4.505541788377548e-02
5.277519055768113e-02
6.169597380746314e-02
7.196895235532914e-02
8.376667553452467e-02
9.724964283180360e-02
1.126089752088375e-01
1.300467992479251e-01
1.497333740813856e-01
1.718632610855863e-01
1.966035293283334e-01
2.241012967267121e-01
2.544732759590665e-01
2.877832625080793e-01
3.240305000105301e-01
3.631528009047491e-01
4.049772289847763e-01
4.492699520317172e-01
4.956278110254383e-01
5.435461141359311e-01
5.924258914238488e-01
6.415098092709035e-01
6.899975071149825e-01
7.364454711002175e-01
7.815807104006317e-01
8.229481734076730e-01
8.602913781014588e-01
8.931362126713314e-01
9.210232410099153e-01
9.438730522449125e-01
9.618355190622135e-01
9.753097896461048e-01
9.849374542417749e-01
9.913966704171548e-01
9.954497571814451e-01
9.978021351988754e-01
9.990240775815860e-01
9.995995491765184e-01
9.998517269772431e-01
9.999510915981996e-01
9.999857982646296e-01
9.999964208963318e-01
9.999992278411829e-01
9.999998592368903e-01
9.999999789011857e-01
9.999999974500927e-01
9.999999997516327e-01
9.999999999823218e-01
9.999999999988113e-01
1.000000000000001e+00
9.999999999999877e-01
1.000000000000003e+00
9.999999999999993e-01
1.000000000000000e+00
9.999999999999999e-01
1.000000000000000e+00
1.000000000000000e+00
1.000000000000000e+00
1.000000000000000e+00
1.000000000000000e+00
1.000000000000000e+00
1.000000000000000e+00
1.000000000000000e+00
###8.200000000000003e+00
2.701612449835947e-09
3.429934256633340e-09
4.309988439623500e-09
5.364215828240931e-09
6.659468838212125e-09
8.250276217621172e-09
1.018798063218278e-08
1.255365713629761e-08
1.544483875886613e-08
1.897879590145286e-08
2.329337573312426e-08
2.856570367562405e-08
3.500793703137266e-08
4.287933518006847e-08
5.249772621380482e-08
6.423804382663936e-08
7.857201044160314e-08
9.607154693289493e-08
1.174310216272421e-07
1.434896868873665e-07
1.753556770961513e-07
2.140622642067628e-07
2.613422872746393e-07
3.190131212233734e-07
3.892682901807490e-07
4.748848798897321e-07
5.792179317715083e-07
7.062960924454247e-07
8.610299278097968e-07
1.049408351913418e-06
1.278703334343292e-06
1.557688690547872e-06
1.897155183739533e-06
2.309842945725610e-06
2.811853074908613e-06
3.421594347397717e-06
4.162679649163051e-06
5.062879408205790e-06
6.156194067231890e-06
7.482933171328989e-06
9.093090006579910e-06
1.104643074738364e-05
1.341520436347945e-05
1.628665783081283e-05
1.976530398028672e-05
2.398138962834261e-05
2.908467984855593e-05
3.526259076177288e-05
4.273566039692617e-05
5.177260780191044e-05
6.269789543473222e-05
7.589605291275925e-05
9.183844573862144e-05
1.110784915255845e-04
1.342910205033800e-04
1.622798213929404e-04
1.960241246747865e-04
2.366485576627789e-04
2.855443851202545e-04
3.443838871331240e-04
4.151236311466185e-04
5.001221780807098e-04
6.021517007439262e-04
7.245572183952288e-04
8.713611333954569e-04
1.047209024391178e-03
1.257660332460777e-03
1.509428380174473e-03
1.810317276378057e-03
2.169333025594019e-03
2.597601824614883e-03
3.108129500622150e-03
3.715883242470539e-03
4.437852054923649e-03
5.295546249949267e-03
6.313245463058602e-03
7.518114514482136e-03
8.943730128193664e-03
1.062725005095050e-02
1.261349931629150e-02
1.495106164604356e-02
1.769778552636070e-02
2.092153424851782e-02
2.469734008835264e-02
2.910724150683712e-02
3.425064449622203e-02
4.023204833039090e-02
4.717379551158923e-02
5.520236207347033e-02
6.446795359111453e-02
7.512353124339581e-02
8.734328015815485e-02
1.012877381595161e-01
1.171479805270681e-01
1.351250056744101e-01
1.553852840871725e-01
1.781187219296606e-01
2.034850692937237e-01
2.316217097162081e-01
2.626329628021208e-01
2.965671863507625e-01
3.334052439498853e-01
3.730644520778961e-01
4.153484390342307e-01
4.600000977758268e-01
5.065914788593717e-01
5.545948776728116e-01
6.033920601194468e-01
6.522123860930457e-01
7.002453962851186e-01
7.461647779263338e-01
7.903967005510842e-01
8.308427171897274e-01
8.671639272641588e-01
8.989240264269368e-01
9.257307698427615e-01
9.475531933509248e-01
9.645878129351106e-01
9.772711428219002e-01
9.862522154212687e-01
9.922233769547949e-01
9.959316934037545e-01
9.980591009863258e-01
9.991495988620895e-01
9.996558750047061e-01
9.998744982228222e-01
9.999592829489204e-01
9.999883882468417e-01
9.999971306639134e-01
9.999993940475262e-01
9.999998921920503e-01
9.999999842272530e-01
9.999999981442981e-01
9.999999998244724e-01
9.999999999878842e-01
9.999999999992107e-01
1.000000000000001e+00
9.999999999999920e-01
1.000000000000002e+00
9.999999999999996e-01
1.000000000000000e+00
1.000000000000000e+00
1.000000000000000e+00
1.000000000000000e+00
1.000000000000000e+00
1.000000000000000e+00
1.000000000000000e+00
1.000000000000000e+00
1.000000000000000e+00
1.000000000000000e+00
###8.400000000000002e+00
2.924333027335381e-09
3.710206528649315e-09
4.662269873610859e-09
5.802438022435237e-09
7.203084142485567e-09
8.923079203379283e-09
1.101769077632457e-08
1.357442415149816e-08
1.669850768113339e-08
2.051638950451096e-08
2.517662008700813e-08
3.087011115952120e-08
3.782564232386111e-08
4.632220804471506e-08
5.670244927049721e-08
6.936982176450293e-08
8.483220001856687e-08
1.037051054509061e-07
1.267355907246342e-07
1.548262906268730e-07
1.891672246194103e-07
2.308738720870640e-07
2.818039595832728e-07
3.439116937906869e-07
4.195525527044470e-07
5.117088521883793e-07
6.239821081065342e-07
7.606954165240220e-07
9.271162268288205e-07
1.129667567855168e-06
1.376145642465018e-06
1.675953371100875e-06
2.040651786071917e-06
2.483884259722219e-06
3.022892329279517e-06
3.677369629132719e-06
4.472585964489858e-06
5.438236971172998e-06
6.610672496690318e-06
8.032961850100276e-06
9.758513122100914e-06
1.185113976627848e-05
1.438795492875969e-05
1.746203748635440e-05
2.118482890522094e-05
2.569520809082556e-05
3.115270258681376e-05
3.775691783833135e-05
4.574257463800607e-05
5.539557989877092e-05
6.706101130046843e-05
8.114751846877685e-05
9.815590813356841e-05
1.186736290313041e-04
1.434168302495323e-04
1.732379198135304e-04
2.091752295879166e-04
2.524200743720906e-04
3.044424867614539e-04
3.670152526527927e-04
4.422054284979143e-04
5.325048686037157e-04
6.408401117340776e-04
7.707357366809353e-04
9.264455366206633e-04
1.112850292165620e-03
1.335803898182120e-03
1.602367058963917e-03
1.920740672703014e-03
2.300375268728269e-03
2.752944332963146e-03
3.292078552366109e-03
3.933434481520151e-03
4.694764270206766e-03
5.598554653421405e-03
6.670144675126272e-03
7.937796640674654e-03
9.436476827017749e-03
1.120478073653580e-02
1.328923887654920e-02
1.574015361975235e-02
1.861736239730604e-02
2.199097483583369e-02
2.593831743643447e-02
3.054370878033884e-02
3.590925129875643e-02
4.214187933649392e-02
4.936660725335915e-02
5.771209747275916e-02
6.733099192056610e-02
7.837790132455773e-02
9.102848714542255e-02
1.054430982459126e-01
1.218125057402989e-01
1.403362662919785e-01
1.611766715728219e-01
1.845185460528927e-01
2.105138406405857e-01
2.392896935524634e-01
2.709375103501344e-01
3.054897106719330e-01
3.429083481184680e-01
3.830898885181300e-01
4.258144829302019e-01
4.708015832555605e-01
5.175990186778497e-01
5.656567960805164e-01
6.143384974208128e-01
6.628615947772770e-01
7.104091963924647e-01
7.557506711765313e-01
7.990758075655159e-01
8.385773670432459e-01
8.738639793941179e-01
9.045376952051138e-01
9.302707042862605e-01
9.510802317287599e-01
9.672072818627020e-01
9.791226024023164e-01
9.874832536746699e-01
9.929899764369731e-01
9.963736763162062e-01
9.982918685140465e-01
9.992617877481541e-01
9.997055222348442e-01
9.998942670991490e-01
9.999662771198634e-01
9.999905600109639e-01
9.999977141470843e-01
9.999995277723721e-01
9.999999180389610e-01
9.999999883077805e-01
9.999999986619740e-01
9.999999998771764e-01
9.999999999917925e-01
9.999999999994801e-01
1.000000000000002e+00
9.999999999999947e-01
1.000000000000001e+00
9.999999999999997e-01
1.000000000000000e+00
1.000000000000000e+00
1.000000000000000e+00
1.000000000000000e+00
1.000000000000000e+00
1.000000000000000e+00
1.000000000000000e+00
1.000000000000000e+00
1.000000000000000e+00
1.000000000000000e+00
###8.600000000000001e+00
3.163135875766299e-09
4.010777596934564e-09
5.040070378278400e-09
6.272379867507695e-09
7.786005777240889e-09
9.644464451256332e-09
1.190721144628053e-08
1.466862904620902e-08
1.804217269829511e-08
2.216410016184230e-08
2.719439154662263e-08
3.333868478144614e-08
4.084350945620441e-08
5.000893618054677e-08
6.120408001220247e-08
7.486282261830770e-08
9.153160232171648e-08
1.118724326370793e-07
1.366885276699585e-07
1.669500555031369e-07
2.039339217764459e-07
2.488442697540226e-07
3.036706849983077e-07
3.705133819311120e-07
4.519001314658015e-07
5.510315668558462e-07
6.717713079607324e-07
8.187554361312485e-07
9.976305585875775e-07
1.215280901127941e-06
1.480059306418112e-06
1.802036423742107e-06
2.193590716943124e-06
2.669323378672792e-06
3.247685353899375e-06
3.949731691943020e-06
4.802487788442694e-06
5.837688133330239e-06
7.094169218999621e-06
8.617920397158069e-06
1.046596153279709e-05
1.270638481622287e-05
1.542144300672393e-05
1.871037503597609e-05
2.269213311910092e-05
2.751411366778087e-05
3.334672938370715e-05
4.040224062839444e-05
4.893030861545921e-05
5.923493943331814e-05
7.168290615780870e-05
8.670822691539209e-05
1.048426587848726e-04
1.267094014839113e-04
1.530679861848327e-04
1.848218370606165e-04
2.230712523012206e-04
2.690773677800559e-04
3.243928841443690e-04
3.908955543667247e-04
4.707680507335979e-04
5.666414895618056e-04
6.816035055266807e-04
8.193663417303841e-04
9.844241388124865e-04
1.181903356407240e-03
1.417963921945885e-03
1.700027723684331e-03
2.036707503965972e-03
2.437914710013068e-03
2.915889937706995e-03
3.484910441713442e-03
4.161345516385438e-03
4.963734437670285e-03
5.915570527351573e-03
7.043279927705717e-03
8.376257457425741e-03
9.950892112607974e-03
1.180725055054964e-02
1.399360593011091e-02
1.656200960960794e-02
1.957432032072898e-02
2.310292546562386e-02
2.722746689104027e-02
3.203455073822316e-02
3.762898197550007e-02
4.412010948909380e-02
5.163558660795188e-02
6.030619230178565e-02
7.028691758119188e-02
8.173388664142471e-02
9.482406747034082e-02
1.097173811894690e-01
1.266040240415328e-01
1.456817846113859e-01
1.671083732929404e-01
1.910630949104427e-01
2.176896119269362e-01
2.471043008305479e-01
2.793851319179597e-01
3.145480932544015e-01
3.525360133147151e-01
3.932241839857595e-01
4.363692565345716e-01
4.816671610570541e-01
5.286421127845014e-01
5.767226160282095e-01
6.252552180507522e-01
6.734470136261481e-01
7.204778337518835e-01
7.651961166358140e-01
8.076073698292666e-01
8.461438846546266e-01
8.803851364087679e-01
9.099724807310696e-01
9.346396366162479e-01
9.544528400907831e-01
9.696941399663864e-01
9.808657622075382e-01
9.886323883615263e-01
9.936984543499269e-01
9.967775764631602e-01
9.985018636550049e-01
9.993616139392851e-01
9.997490684135479e-01
9.999113371012315e-01
9.999722137424497e-01
9.999923692166642e-01
9.999981903970503e-01
9.999996345237379e-01
9.999999381491377e-01
9.999999914044703e-01
9.999999990440743e-01
9.999999999148824e-01
9.999999999945061e-01
9.999999999996593e-01
1.000000000000002e+00
9.999999999999963e-01
1.000000000000001e+00
9.999999999999998e-01
1.000000000000000e+00
1.000000000000000e+00
1.000000000000000e+00
1.000000000000000e+00
1.000000000000000e+00
1.000000000000000e+00
1.000000000000000e+00
1.000000000000000e+00
1.000000000000000e+00
1.000000000000000e+00
###8.800000000000001e+00
3.419037184964539e-09
4.332941505196073e-09
5.445017284779402e-09
6.776062400305379e-09
8.410735133868085e-09
1.041751901261120e-08
1.286033580228645e-08
1.584091869535950e-08
1.948151416360839e-08
2.392885917544523e-08
2.935513290228689e-08
3.598169509003549e-08
4.407401992551387e-08
5.395467335087210e-08
6.602100344293296e-08
8.073933134320867e-08
9.869721040494920e-08
1.206062039224898e-07
1.473293630074166e-07
1.799087760655189e-07
2.197139894255893e-07
2.680432117413084e-07
3.270266640619034e-07
3.989197831611810e-07
4.864335372472523e-07
5.930006819010100e-07
7.227634192139920e-07
8.806903520915424e-07
1.072830707238426e-06
1.306558434514097e-06
1.590817133180943e-06
1.936385789782342e-06
2.356510015711427e-06
2.866806111160113e-06
3.487006971546222e-06
4.239609462070189e-06
5.153498235121295e-06
6.262565824509267e-06
7.608279959777719e-06
9.239716991466415e-06
1.121771578550926e-05
1.361489019500152e-05
1.651892048476727e-05
2.003555022556739e-05
2.429170769730520e-05
2.944361339324669e-05
3.567331137850183e-05
4.320634824049300e-05
5.230811512077388e-05
6.330166832978099e-05
7.657660292076622e-05
9.259360627507313e-05
1.119169579335759e-04
1.352073980653713e-04
1.632699862123976e-04
1.970616533984849e-04
2.377476421518048e-04
2.866621608454808e-04
3.454446113682393e-04
4.160823540988958e-04
5.008789749622292e-04
6.026110267670081e-04
7.245345679349195e-04
8.705567289278118e-04
1.045422422927129e-03
1.254514131443599e-03
1.504309754450223e-03
1.802606540839760e-03
2.158444529996307e-03
2.582212861489934e-03
3.086739530285191e-03
3.686970540466517e-03
4.400011687367514e-03
5.245213699743451e-03
6.247107135000084e-03
7.433233477225069e-03
8.834154797842836e-03
1.048771641014870e-02
1.243548930387629e-02
1.472752621412787e-02
1.741765703477169e-02
2.056979309744594e-02
2.425862957339310e-02
2.856614260640914e-02
3.358123033438565e-02
3.941140279313639e-02
4.616839813317122e-02
5.398247009413033e-02
6.298643733987221e-02
7.333754464884608e-02
8.519328415108285e-02
9.873174995263775e-02
1.141121850017200e-01
1.315239276632399e-01
1.511626593248673e-01
1.731810947005819e-01
1.977525700374153e-01
2.250119619159151e-01
2.550643644982256e-01
2.879737893717236e-01
3.237393202920001e-01
3.622841520528077e-01
4.034621167842590e-01
4.470063695552696e-01
4.925893296303561e-01
5.397122266908623e-01
5.877829381365457e-01
6.361321885024723e-01
6.839582943487571e-01
7.304405927433401e-01
7.744938781931460e-01
8.159815660501432e-01
8.535346888474479e-01
8.867217191870139e-01
9.152244439390961e-01
9.388360015485271e-01
9.576705634277097e-01
9.720492647999353e-01
9.825026020828751e-01
9.897018203215944e-01
9.943510223073972e-01
9.971453277576857e-01
9.986905548880701e-01
9.994500476182780e-01
9.997870779114381e-01
9.999259980794795e-01
9.999772232150346e-01
9.999938666997348e-01
9.999985763838019e-01
9.999997190858110e-01
9.999999536703393e-01
9.999999937328409e-01
9.999999993232691e-01
9.999999999415677e-01
9.999999999963679e-01
9.999999999997773e-01
1.000000000000003e+00
9.999999999999973e-01
1.000000000000001e+00
9.999999999999999e-01
1.000000000000000e+00
1.000000000000000e+00
1.000000000000000e+00
1.000000000000000e+00
1.000000000000000e+00
1.000000000000000e+00
1.000000000000000e+00
1.000000000000000e+00
1.000000000000000e+00
1.000000000000000e+00
###9.000000000000000e+00
3.693119342655307e-09
4.678064773167879e-09
5.878829062970913e-09
7.315619734238472e-09
9.079913363148610e-09
1.124550212205833e-08
1.388106811962906e-08
1.709619794048777e-08
2.102252695239396e-08
2.581798036393746e-08
3.166775132378374e-08
3.880997548338164e-08
4.753033676884352e-08
5.817539750035415e-08
7.117260035117516e-08
8.702283504169205e-08
1.063574670448702e-07
1.299408418456292e-07
1.586997312039229e-07
1.937527783348060e-07
2.365682437682150e-07
2.885441106015516e-07
3.519604899399646e-07
4.292377672937492e-07
5.232816039838865e-07
6.377714340154742e-07
7.771454084612785e-07
9.467252339051385e-07
1.152987459635767e-06
1.403825796463126e-06
1.708810503589666e-06
2.079471651529832e-06
2.529974183110448e-06
3.077009815211774e-06
3.741669597866385e-06
4.547976618405013e-06
5.526783645603885e-06
6.714266317553224e-06
8.154675023606598e-06
9.900348958756705e-06
1.201616253329141e-05
1.457950532195610e-05
1.768378720731762e-05
2.144161633913683e-05
2.598831799244345e-05
3.148945664654655e-05
3.813928765649138e-05
4.617736937466171e-05
5.588564694087871e-05
6.760721873205685e-05
8.175567674414029e-05
9.881973208213840e-05
1.193978239982681e-04
1.441900943958677e-04
1.740493629771748e-04
2.099886553290954e-04
2.532412514222764e-04
3.052178065797874e-04
3.676485938576259e-04
4.426354034769374e-04
5.326082088278876e-04
6.404953939172839e-04
7.697303991572696e-04
9.244184566485238e-04
1.109570269147116e-03
1.330833544053039e-03
1.595016442150545e-03
1.910306131002798e-03
2.286185798440314e-03
2.733539432910732e-03
3.265803185173100e-03
3.898614459340859e-03
4.649839694431673e-03
5.539665730255120e-03
6.593691477997920e-03
7.840602503343888e-03
9.312162601356184e-03
1.104770734718108e-02
1.309034497042304e-02
1.549194437355365e-02
1.830814265821082e-02
2.160493388399655e-02
2.545934940065848e-02
2.995571626647131e-02
3.518522586102955e-02
4.125809203254274e-02
4.828841192836722e-02
5.640899520570337e-02
6.575461608527748e-02
7.648466945909184e-02
8.875786013944803e-02
1.027532170993353e-01
1.186290428841308e-01
1.365735225981151e-01
1.567798786507424e-01
1.793954040497553e-01
2.045870071610277e-01
2.324802740518823e-01
2.631684931737782e-01
2.967012009814061e-01
3.330601052295856e-01
3.721483902160260e-01
4.137981751942509e-01
4.577191551006624e-01
5.035603338254839e-01
5.508006293371294e-01
5.988282423835876e-01
6.469593585975111e-01
6.943851947096308e-01
7.402871187956526e-01
7.836366527972253e-01
8.241893632857639e-01
8.607428714069808e-01
8.928687740242383e-01
9.202904368832912e-01
9.428585519037959e-01
9.607336743659239e-01
9.742741485081841e-01
9.840355284172376e-01
9.906940633978321e-01
9.949501592911283e-01
9.974789530942080e-01
9.988594285014079e-01
9.995280455961285e-01
9.998200948928374e-01
9.999385234201905e-01
9.999814258009054e-01
9.999950982894961e-01
9.999988870342428e-01
9.999997855606150e-01
9.999999655534754e-01
9.999999954676794e-01
9.999999995252472e-01
9.999999999602558e-01
9.999999999976291e-01
9.999999999998543e-01
1.000000000000003e+00
9.999999999999980e-01
1.000000000000000e+00
9.999999999999999e-01
1.000000000000000e+00
1.000000000000000e+00
1.000000000000000e+00
1.000000000000000e+00
1.000000000000000e+00
1.000000000000000e+00
1.000000000000000e+00
1.000000000000000e+00
1.000000000000000e+00
1.000000000000000e+00
###9.199999999999999e+00
3.986524911459121e-09
5.047589975035522e-09
6.343319842167599e-09
7.893304660735420e-09
9.796328287711594e-09
1.213185370882994e-08
1.497363419510200e-08
1.843964225770561e-08
2.267153551918400e-08
2.783917873228005e-08
3.414164094815255e-08
4.183494956737252e-08
5.122633743956352e-08
6.268795049515790e-08
7.667929548992617e-08
9.373808015750374e-08
1.145423335208625e-07
1.399125984537965e-07
1.708434692593303e-07
2.085350380839534e-07
2.545606876952733e-07
3.104242061017466e-07
3.785653356954314e-07
4.615797180049195e-07
5.625797769296266e-07
6.855069821657827e-07
8.351137301792303e-07
1.017096506811733e-06
1.238385184326128e-06
1.507424849153513e-06
1.834450185783198e-06
2.231787317604392e-06
2.714575333269810e-06
3.300644763613149e-06
4.012524866974848e-06
4.875853508407623e-06
5.923565881530066e-06
7.194251865465098e-06
8.735103280603894e-06
1.060190653761922e-05
1.286379836523386e-05
1.560321064410013e-05
1.891959745625253e-05
2.293280982031697e-05
2.778700978542883e-05
3.365764718909246e-05
4.075179714677902e-05
4.932378574436028e-05
5.967297198121246e-05
7.216353060505880e-05
8.723427471598829e-05
1.054033498858589e-04
1.273050592708712e-04
1.536808818284787e-04
1.854337173755108e-04
2.236353733519082e-04
2.695903788675415e-04
3.247893384827101e-04
3.910577015890784e-04
4.706167017173447e-04
5.660283524740541e-04
6.803794827075936e-04
8.172882646815957e-04
9.810670021654206e-04
1.177002047286334e-03
1.411017639343700e-03
1.690264848071119e-03
2.023335701957061e-03
2.420172789418531e-03
2.892172486239358e-03
3.453400322062992e-03
4.120208214935956e-03
4.911247764690889e-03
5.847566896582624e-03
6.955864445377627e-03
8.265999242879131e-03
9.810971011481420e-03
1.163163980506894e-02
1.377268367179326e-02
1.628782385865815e-02
1.923453236956378e-02
2.268091483118384e-02
2.670636545272911e-02
3.139757632119442e-02
3.684802991854683e-02
4.317063864139378e-02
5.048182313339192e-02
5.891689827268651e-02
6.861250214336988e-02
7.973006747606895e-02
9.242934654042304e-02
1.068901008603066e-01
1.232694184407485e-01
1.417540233432185e-01
1.625343146928117e-01
1.857517265795842e-01
2.115662704844739e-01
2.400937312205196e-01
2.714150669060320e-01
3.055648285686163e-01
3.425068883675763e-01
3.821240695879935e-01
4.242265638827341e-01
4.685010104293957e-01
5.145721863773002e-01
5.618984142596777e-01
6.098489142338145e-01
6.577266907218348e-01
7.047176106497063e-01
7.500074142438091e-01
7.926171834362438e-01
8.322224784838831e-01
8.677622065411281e-01
8.988220712518249e-01
9.251680766797827e-01
9.467066648455723e-01
9.636431107509086e-01
9.763708366702228e-01
9.854673241560267e-01
9.916120125345564e-01
9.954984379619209e-01
9.977805304862614e-01
9.990099674836342e-01
9.995965395467766e-01
9.998486378215193e-01
9.999491680046302e-01
9.999849311494305e-01
9.999961048141421e-01
9.999991335891507e-01
9.999998374233408e-01
9.999999745769383e-01
9.999999967490543e-01
9.999999996697960e-01
9.999999999732558e-01
9.999999999984573e-01
9.999999999999096e-01
1.000000000000002e+00
9.999999999999990e-01
1.000000000000000e+00
1.000000000000000e+00
1.000000000000000e+00
1.000000000000000e+00
1.000000000000000e+00
1.000000000000000e+00
1.000000000000000e+00
1.000000000000000e+00
1.000000000000000e+00
1.000000000000000e+00
1.000000000000000e+00
1.000000000000000e+00
###9.399999999999999e+00
4.300459555102629e-09
5.443039453287081e-09
6.840404082392574e-09
8.511494439585350e-09
1.056292154708464e-08
1.308020319939364e-08
1.614249202312429e-08
1.987671084714177e-08
2.443521024520077e-08
3.000058974796730e-08
3.678670619013651e-08
4.506865926656837e-08
5.517664771578287e-08
6.751007882063538e-08
8.256260621004139e-08
1.009111315506171e-07
1.232833603913908e-07
1.505596401145618e-07
1.838067183804694e-07
2.243113022837061e-07
2.737586559802876e-07
3.337647382695792e-07
4.069391306498425e-07
4.960637791623543e-07
6.044704067263581e-07
7.363787578824799e-07
8.968747435265607e-07
1.092052447343083e-06
1.329322422773974e-06
1.617714387135527e-06
1.968167169434081e-06
2.393850226443900e-06
2.910934355332565e-06
3.538455517942042e-06
4.300465233289834e-06
5.224309064952316e-06
6.345124589798527e-06
7.704053333390401e-06
9.351395386348051e-06
1.134657310653520e-05
1.376323443593063e-05
1.668912126226625e-05
2.023006588971701e-05
2.451355630937560e-05
2.969305258421713e-05
3.595445267210336e-05
4.351828961442692e-05
5.265444532873160e-05
6.368058838415772e-05
7.698304859513636e-05
9.302713576180862e-05
1.123618982218387e-04
1.356592763767855e-04
1.637040978603523e-04
1.974517533971269e-04
2.380356218455171e-04
2.868348152080206e-04
3.454235192409446e-04
4.157268077588075e-04
5.000905622172631e-04
6.012146736210355e-04
7.223512478129485e-04
8.673107915773253e-04
1.040621867233391e-03
1.247856731510075e-03
1.495227706587923e-03
1.790241788660308e-03
2.141911196476018e-03
2.560654573545587e-03
3.058398602608490e-03
3.649859879808145e-03
4.352128407817579e-03
5.184665830379859e-03
6.169406431844749e-03
7.334180972318000e-03
8.710051122927064e-03
1.033128647329062e-02
1.224030596634492e-02
1.448338965628306e-02
1.711614681371624e-02
2.019791095756727e-02
2.379892670956642e-02
2.800097594218394e-02
3.289312720843476e-02
3.857114837206033e-02
4.515064087931608e-02
5.275030788985728e-02
6.150791233717952e-02
7.156185665203736e-02
8.307549023478666e-02
9.620943737931978e-02
1.111439785833923e-01
1.280347011942447e-01
1.470665480799221e-01
1.684267184777265e-01
1.922503396286160e-01
2.186900482867874e-01
2.478513123728149e-01
2.798022355415561e-01
3.145618807218270e-01
3.520758427261645e-01
3.922062603679901e-01
4.347412380589739e-01
4.793458686715174e-01
5.256167300976916e-01
5.729965424764337e-01
6.208352885178542e-01
6.684242018245939e-01
7.149456178246857e-01
7.595918657941845e-01
8.014283606150021e-01
8.400733559342486e-01
8.745871607533567e-01
9.045781048593096e-01
9.298557266964770e-01
9.503804538764777e-01
9.664004297832544e-01
9.783418742792305e-01
9.868011034907855e-01
9.924587103603737e-01
9.959985388165489e-01
9.980521612907464e-01
9.991436330898161e-01
9.996564264272456e-01
9.998731953619511e-01
9.999581669596533e-01
9.999878381866131e-01
9.999969222284000e-01
9.999993313708805e-01
9.999998775590212e-01
9.999999813780539e-01
9.999999976856268e-01
9.999999997727415e-01
9.999999999820495e-01
9.999999999990441e-01
9.999999999999333e-01
1.000000000000004e+00
9.999999999999986e-01
1.000000000000000e+00
1.000000000000000e+00
1.000000000000000e+00
1.000000000000000e+00
1.000000000000000e+00
1.000000000000000e+00
1.000000000000000e+00
1.000000000000000e+00
1.000000000000000e+00
1.000000000000000e+00
1.000000000000000e+00
1.000000000000000e+00
###9.599999999999998e+00
4.636195160891896e-09
5.866019205005282e-09
7.372101468296339e-09
9.172696854635966e-09
1.138279607027652e-08
1.409437877529755e-08
1.739234311401520e-08
2.141316032170114e-08
2.632058372983369e-08
3.231078950006417e-08
3.961338612154179e-08
4.852379425139120e-08
5.939667723189098e-08
7.266047638083187e-08
8.884519393753673e-08
1.085694341988744e-07
1.326137617372626e-07
1.619221364979418e-07
1.976380308111975e-07
2.411402181741104e-07
2.942329692829447e-07
3.586525814720358e-07
4.371849628504095e-07
5.328141152942781e-07
6.491030574946019e-07
7.905668304732901e-07
9.626451443193545e-07
1.171853697404432e-06
1.426112491645714e-06
1.735070859654692e-06
2.110413520030733e-06
2.566202935589140e-06
3.119702109089335e-06
3.791222339962156e-06
4.606425654155554e-06
5.594462764670557e-06
6.792799425998416e-06
8.245272965393740e-06
1.000546613032267e-05
1.213662057511223e-05
1.471720061575687e-05
1.784049328762537e-05
2.161907356730357e-05
2.618847806624565e-05
3.171194792085553e-05
3.838641432649571e-05
4.644653690673157e-05
5.617857427327251e-05
6.791943906367569e-05
8.207873976432018e-05
9.914961111146774e-05
1.197135322422313e-04
1.444819255043036e-04
1.742850574353345e-04
2.101333138014617e-04
2.532245401690145e-04
3.050158900722257e-04
3.671688953468417e-04
4.417128496319668e-04
5.311236814253347e-04
6.382451863066398e-04
7.665018014542367e-04
9.199042274124641e-04
1.103206696495793e-03
1.322278020745710e-03
1.583630409183960e-03
1.895140172745702e-03
2.266255440478874e-03
2.707887968276149e-03
3.232513045407931e-03
3.855520483343491e-03
4.594762389931085e-03
5.470535691643253e-03
6.505686586310724e-03
7.729210171383278e-03
9.173400871400617e-03
1.087383180143982e-02
1.287451532377663e-02
1.522336522900246e-02
1.797791390352797e-02
2.119938180448314e-02
2.496017843744321e-02
2.934449611139621e-02
3.444378842642731e-02
4.035609912405173e-02
4.719970473597068e-02
5.509554422981065e-02
6.418376469146503e-02
7.460442529356749e-02
8.652266177633873e-02
1.000997845916365e-01
1.155163681953622e-01
1.329262011329723e-01
1.525121126259363e-01
1.744577133574715e-01
1.988913656696683e-01
2.259578457066333e-01
2.557517852404902e-01
2.883279114748279e-01
3.236893062552723e-01
3.617628652088546e-01
4.023897497327582e-01
4.453358634672346e-01
4.902445752872534e-01
5.366855738218422e-01
5.840858299168374e-01
6.317776475974227e-01
6.790419728968951e-01
7.250594867714313e-01
7.690312440220974e-01
8.100632887529036e-01
8.477351405524657e-01
8.812128902182863e-01
9.101340818325678e-01
9.343524703597917e-01
9.538806894972686e-01
9.690077595159970e-01
9.801902510023824e-01
9.880402644603492e-01
9.932373745222774e-01
9.964532106401121e-01
9.982959444640582e-01
9.992618494783893e-01
9.997085610637809e-01
9.998942235956636e-01
9.999657350837794e-01
9.999902352846585e-01
9.999975819565423e-01
9.999994871665600e-01
9.999999084211066e-01
9.999999864599038e-01
9.999999983658362e-01
9.999999998449054e-01
9.999999999880768e-01
9.999999999994117e-01
9.999999999999530e-01
1.000000000000004e+00
9.999999999999987e-01
1.000000000000000e+00
9.999999999999999e-01
1.000000000000000e+00
1.000000000000000e+00
1.000000000000000e+00
1.000000000000000e+00
1.000000000000000e+00
1.000000000000000e+00
1.000000000000000e+00
1.000000000000000e+00
1.000000000000000e+00
1.000000000000000e+00
###9.799999999999997e+00
4.995072996255825e-09
6.318222935381971e-09
7.940542004950809e-09
9.879561584522383e-09
1.225922387787500e-08
1.517841658280433e-08
1.872814417867315e-08
2.305505897913929e-08
2.833506845158089e-08
3.477881570382860e-08
4.263267986459108e-08
5.221372258064981e-08
6.390265637561580e-08
7.815883074412540e-08
9.555091763940632e-08
1.167418774422899e-07
1.425684918649709e-07
1.740423529056587e-07
2.123884801584802e-07
2.590834632565318e-07
3.160580910333562e-07
3.851764083539548e-07
4.694110949962662e-07
5.719611794198101e-07
6.966348259008852e-07
8.482602868741727e-07
1.032652420624660e-06
1.256773801221634e-06
1.529084126600902e-06
1.859889127242240e-06
2.261663275181457e-06
2.749414213037106e-06
3.341560684772760e-06
4.059762894763865e-06
4.931385349378182e-06
5.987486712524340e-06
7.267992612817039e-06
8.819587243514256e-06
1.069931854968899e-05
1.297445922170440e-05
1.572855045812879e-05
1.906072916973644e-05
2.309067437837702e-05
2.796240204293652e-05
3.384943799742827e-05
4.096035698376504e-05
4.954464472252740e-05
5.990574546499934e-05
7.240092771926278e-05
8.746411170522729e-05
1.056176852260021e-04
1.274771478377352e-04
1.537953221574712e-04
1.854500848060372e-04
2.235094168266608e-04
2.692386343093664e-04
3.241765194071928e-04
3.900758509261181e-04
4.690748893970411e-04
5.637852080126633e-04
6.772007278530903e-04
8.129254994181444e-04
9.751785358236225e-04
1.168949383200227e-03
1.400414455030403e-03
1.676397911589545e-03
2.005159138964812e-03
2.396598290366848e-03
2.862137694134208e-03
3.414819923134726e-03
4.070730611599209e-03
4.848508433543016e-03
5.769311181463959e-03
6.856922781548173e-03
8.141535467481959e-03
9.656706622076627e-03
1.143934624141773e-02
1.353509468141306e-02
1.599353067308752e-02
1.887414413048115e-02
2.224006657059695e-02
2.616589659977406e-02
3.073825754809601e-02
3.605099360368948e-02
4.220441089254685e-02
4.931944236839195e-02
5.751921012178716e-02
6.694617447843529e-02
7.774193541828667e-02
9.007327525680264e-02
1.041019941033408e-01
1.200087237663784e-01
1.379451438142905e-01
1.580916251653367e-01
1.806277895649757e-01
2.056747669101758e-01
2.333689797355848e-01
2.637937022007874e-01
2.969897669276348e-01
3.329437936855183e-01
3.715635792828708e-01
4.126690484479477e-01
4.560038331436291e-01
5.011895136709931e-01
5.477701247907719e-01
5.951569753621536e-01
6.426662528871498e-01
6.895701814366302e-01
7.350497155019181e-01
7.783167203746016e-01
8.185153706396185e-01
8.552016651957707e-01
8.876352464221120e-01
9.154879128732106e-01
9.386580856014178e-01
9.572087756868179e-01
9.714677510793338e-01
9.819193484979506e-01
9.891884431012540e-01
9.939513530231153e-01
9.968652362280293e-01
9.985139534462302e-01
9.993659912281602e-01
9.997537506896044e-01
9.999121443588530e-01
9.999720668257718e-01
9.999922006594855e-01
9.999981110870676e-01
9.999996090826707e-01
9.999999319730360e-01
9.999999902273530e-01
9.999999988554121e-01
9.999999998950615e-01
9.999999999921541e-01
9.999999999996424e-01
9.999999999999676e-01
1.000000000000004e+00
9.999999999999990e-01
1.000000000000000e+00
9.999999999999999e-01
1.000000000000000e+00
1.000000000000000e+00
1.000000000000000e+00
1.000000000000000e+00
1.000000000000000e+00
1.000000000000000e+00
1.000000000000000e+00
1.000000000000000e+00
1.000000000000000e+00
1.000000000000000e+00
###9.999999999999996e+00
5.378507081792932e-09
6.801436226526073e-09
8.547971263882830e-09
1.063487281316337e-08
1.319565540166024e-08
1.633657101015035e-08
2.015511916499294e-08
2.480880145253625e-08
3.048647432635469e-08
3.741418923592722e-08
4.585617260602984e-08
5.615252222704429e-08
6.871167413400480e-08
8.402587213490475e-08
1.027048882756756e-07
1.254588599031425e-07
1.531843233709765e-07
1.869647429074208e-07
2.281117717180655e-07
2.782058775233668e-07
3.393122828162897e-07
4.134302956969391e-07
5.037312491890376e-07
6.136419792430195e-07
7.472306619038310e-07
9.096576166800416e-07
1.107135309337697e-06
1.347099753372736e-06
1.638582133161383e-06
1.992583236151494e-06
2.422413363752054e-06
2.944080122097453e-06
3.577224695029520e-06
4.344934194310211e-06
5.276362771580905e-06
6.404607763564095e-06
7.772171327195777e-06
9.428749807111985e-06
1.143504730212534e-05
1.386258904469172e-05
1.680026592703800e-05
2.035338315763660e-05
2.464910154829843e-05
2.984036572919403e-05
3.611151454912148e-05
4.368339939568119e-05
5.282106432977094e-05
6.384602096982790e-05
7.713693502899243e-05
9.315323121102839e-05
1.124479973641694e-04
1.356724064342928e-04
1.636226756549674e-04
1.972265462145201e-04
2.376122935396305e-04
2.861158195198132e-04
3.443612542005619e-04
4.141966627444779e-04
4.978741763049355e-04
5.981468128338169e-04
7.181650373185087e-04
8.617200286006075e-04
1.033247493826396e-03
1.237982176511439e-03
1.482419533409562e-03
1.773708007742336e-03
2.120504194518767e-03
2.533176781457223e-03
3.023676531671990e-03
3.605632353893037e-03
4.295848765004419e-03
5.113775898911266e-03
6.081458328232223e-03
7.223643761826984e-03
8.571754727406376e-03
1.016064201071025e-02
1.202858551895620e-02
1.422288814130976e-02
1.679482415223843e-02
1.980587462884351e-02
2.332110485157566e-02
2.741732493539945e-02
3.218360746475747e-02
3.771618952881301e-02
4.411762194605769e-02
5.151147049372688e-02
6.002298147373995e-02
6.979685025106340e-02
8.097609314443531e-02
9.372898955197850e-02
1.082176219395327e-01
1.246224311512191e-01
1.430926656144834e-01
1.638058812400542e-01
1.869372991302026e-01
2.126003404381626e-01
2.409225750761965e-01
2.719753972302044e-01
3.057852327716574e-01
3.423217728126998e-01
3.814733407352554e-01
4.230384022843690e-01
4.667382936222157e-01
5.121728487704100e-01
5.588616355935128e-01
6.062005970054219e-01
6.534913831624851e-01
6.999991388798142e-01
7.449070654499874e-01
7.874398895272551e-01
8.267783550963623e-01
8.624674436310011e-01
8.938507696468797e-01
9.206382008311519e-01
9.427730176289572e-01
9.603667095355868e-01
9.737835309705576e-01
9.835328891477656e-01
9.902494688159036e-01
9.946040821669875e-01
9.972374017438332e-01
9.987082169795320e-01
9.994573734909100e-01
9.997927511455839e-01
9.999273445204255e-01
9.999773367085508e-01
9.999938029287078e-01
9.999985328469017e-01
9.999997038571007e-01
9.999999498124408e-01
9.999999929984379e-01
9.999999992046984e-01
9.999999999296147e-01
9.999999999948807e-01
9.999999999997864e-01
9.999999999999777e-01
1.000000000000003e+00
9.999999999999992e-01
1.000000000000000e+00
9.999999999999999e-01
1.000000000000000e+00
1.000000000000000e+00
1.000000000000000e+00
1.000000000000000e+00
1.000000000000000e+00
1.000000000000000e+00
1.000000000000000e+00
1.000000000000000e+00
1.000000000000000e+00
1.000000000000000e+00
###1.020000000000000e+01
5.787987405186768e-09
7.317540902089409e-09
9.196755868822785e-09
1.144156771158125e-08
1.419573059699191e-08
1.757332487292217e-08
2.167877188009439e-08
2.668112408419298e-08
3.278302741853327e-08
4.022693674072931e-08
4.929606291344615e-08
6.035501429548442e-08
7.384171760187451e-08
9.028339978933491e-08
1.103335261519499e-07
1.347523587570362e-07
1.644999299080501e-07
2.007360478194454e-07
2.448643617400796e-07
2.985756061492310e-07
3.640777764541147e-07
4.435133661983178e-07
5.402648573351250e-07
6.580003645176594e-07
8.010637078323601e-07
9.749671122417617e-07
1.186344269552291e-06
1.443132557117094e-06
1.754968044710388e-06
2.133587192952229e-06
2.593184509796007e-06
3.150825074588860e-06
3.827442494067720e-06
4.647631350480994e-06
5.642403860532372e-06
6.847109297168727e-06
8.306870305310413e-06
1.007459434256780e-05
1.221484199417757e-05
1.480362253127970e-05
1.793546208273163e-05
2.172216691509262e-05
2.629877425965331e-05
3.182762643726741e-05
3.850442798709326e-05
4.656296495515519e-05
5.628460543545283e-05
6.800985596642756e-05
8.213983583645828e-05
9.916074365455708e-05
1.196578636636805e-04
1.443197605868086e-04
1.739881184821230e-04
2.096428834545725e-04
2.524754261255607e-04
3.038954639612973e-04
3.656163304685875e-04
4.395855563299800e-04
5.281742099452709e-04
6.342827590023350e-04
7.612248351136903e-04
9.129864957011559e-04
1.094228790182081e-03
1.310441789754217e-03
1.568451832527252e-03
1.875744249852478e-03
2.241387353827322e-03
2.676235275693688e-03
3.192785476875000e-03
3.805272625601864e-03
4.531243628906339e-03
5.390985396037014e-03
6.407455510159092e-03
7.606391732661271e-03
9.020480374986489e-03
1.068589625535167e-02
1.264232186941828e-02
1.493875706443362e-02
1.762820158182818e-02
2.077416042040575e-02
2.444365378882533e-02
2.871572376772650e-02
3.368190791070547e-02
3.944083510098197e-02
4.609727874632305e-02
5.377740867581285e-02
6.260853001588731e-02
7.273748747218339e-02
8.430858030280068e-02
9.749142569749852e-02
1.124481701508717e-01
1.293588034395038e-01
1.483698087402628e-01
1.696555585055097e-01
1.933864505593066e-01
2.196677130963609e-01
2.486175594887396e-01
2.802949823867692e-01
3.147114966771181e-01
3.518194150845377e-01
3.914872410147154e-01
4.334917989759979e-01
4.775321560110533e-01
5.231865440504493e-01
5.699512245659523e-01
6.172072579149692e-01
6.642433634564268e-01
7.103193210786284e-01
7.546225911597346e-01
7.963927880998666e-01
8.348463892867442e-01
8.695276629442285e-01
8.998566860266566e-01
9.255842243984344e-01
9.466983482460144e-01
9.633570388975343e-01
9.759586526658725e-01
9.850348858610656e-01
9.912273210959566e-01
9.951990483182171e-01
9.975724695336547e-01
9.988807027691209e-01
9.995372441662186e-01
9.998262645373635e-01
9.999401760431841e-01
9.999817000933213e-01
9.999951017832736e-01
9.999988669487687e-01
9.999997770449842e-01
9.999999632252906e-01
9.999999950206739e-01
9.999999994517351e-01
9.999999999532055e-01
9.999999999966852e-01
9.999999999998755e-01
9.999999999999845e-01
1.000000000000002e+00
9.999999999999993e-01
1.000000000000000e+00
9.999999999999999e-01
1.000000000000000e+00
1.000000000000000e+00
1.000000000000000e+00
1.000000000000000e+00
1.000000000000000e+00
1.000000000000000e+00
1.000000000000000e+00
1.000000000000000e+00
1.000000000000000e+00
1.000000000000000e+00
###1.040000000000000e+01
6.225083861893873e-09
7.868519673071914e-09
9.889389337871553e-09
1.230274180648952e-08
1.526327220912041e-08
1.889340036765309e-08
2.330489940767950e-08
2.867912127240509e-08
3.523338981860120e-08
4.322761471782996e-08
5.296519186819015e-08
6.483679650509319e-08
7.931171437484256e-08
9.695435771305900e-08
1.184646224124676e-07
1.446560034999576e-07
1.765559748870310e-07
2.154054034929160e-07
2.627055860379286e-07
3.202642574010135e-07
3.904428231163800e-07
4.755297293615872e-07
5.791373220454972e-07
7.051873373331886e-07
8.583156671223865e-07
1.044407306973498e-06
1.270542004401861e-06
1.545187845376365e-06
1.878620862370169e-06
2.283355847136626e-06
2.774522300160800e-06
3.370303104149522e-06
4.092997714000255e-06
4.968792591582763e-06
6.030664958171750e-06
7.316334099936845e-06
8.873694582562525e-06
1.075903794659558e-05
1.304099103491643e-05
1.580028912337341e-05
1.913739245073943e-05
2.317095551706543e-05
2.804430473639855e-05
3.392966917345557e-05
4.103469681189436e-05
4.960679257936939e-05
5.994444889254220e-05
7.240813197161108e-05
8.742251562517384e-05
1.055018924811647e-04
1.272652998891446e-04
1.534404799213966e-04
1.849167360788248e-04
2.227286480135863e-04
2.681335868861701e-04
3.226184331069851e-04
3.879897170756336e-04
4.662987630290904e-04
5.600408045692717e-04
6.722699753683499e-04
8.064699037553096e-04
9.668295170716769e-04
1.158244124888064e-03
1.386469509722290e-03
1.658675126130596e-03
1.982696077880091e-03
2.368027277543695e-03
2.826025609243896e-03
3.369753895805292e-03
4.014072355469678e-03
4.777294234343010e-03
5.680568942430037e-03
6.747793603945075e-03
8.005722492943056e-03
9.488339495866914e-03
1.123317422327948e-02
1.328134405014447e-02
1.568358001028686e-02
1.849463647353474e-02
2.178007413790307e-02
2.560888764117532e-02
3.006236938968650e-02
3.523453493098474e-02
4.122640021948556e-02
4.814493452244188e-02
5.611887753627062e-02
6.527752110229822e-02
7.576976578427919e-02
8.774105130626886e-02
1.013621632528205e-01
1.167950826940617e-01
1.342190763681153e-01
1.537775163092141e-01
1.756412115459173e-01
1.999753036297043e-01
2.268763365581909e-01
2.564526595755565e-01
2.887503447217874e-01
3.237655017271461e-01
3.614326346673504e-01
4.016001114180676e-01
4.440229761843756e-01
4.883781081226983e-01
5.342223793116824e-01
5.810298971790603e-01
6.281674921117379e-01
6.749125941995026e-01
7.205213985448956e-01
7.641876690891775e-01
8.051679135429816e-01
8.427140613377843e-01
8.763781772069370e-01
9.056508994211376e-01
9.303259189764541e-01
9.504357630159975e-01
9.661828190551591e-01
9.779970483527460e-01
9.864295934645262e-01
9.921260882138312e-01
9.957397532071108e-01
9.978731543745747e-01
9.990333040577610e-01
9.996067784000646e-01
9.998549381670209e-01
9.999509567059228e-01
9.999852942009717e-01
9.999961487244411e-01
9.999991299810852e-01
9.999998331887038e-01
9.999999732362259e-01
9.999999964848709e-01
9.999999996249810e-01
9.999999999691657e-01
9.999999999978684e-01
9.999999999999301e-01
9.999999999999890e-01
1.000000000000002e+00
9.999999999999994e-01
1.000000000000000e+00
9.999999999999999e-01
1.000000000000000e+00
1.000000000000000e+00
1.000000000000000e+00
1.000000000000000e+00
1.000000000000000e+00
1.000000000000000e+00
1.000000000000000e+00
1.000000000000000e+00
1.000000000000000e+00
1.000000000000000e+00
###1.059999999999999e+01
6.691449928261315e-09
8.456460903896435e-09
1.062849808308418e-08
1.322165543697013e-08
1.640231289673198e-08
2.030177034091918e-08
2.503960587983262e-08
3.081026223942168e-08
3.784667997700184e-08
4.642733417485952e-08
5.687707285118548e-08
6.961428113357292e-08
8.514157600161468e-08
1.040628795108474e-07
1.271274015079346e-07
1.552051509180786e-07
1.893952013997368e-07
2.310244477843833e-07
2.816977884471490e-07
3.433470554596903e-07
4.184967233524008e-07
5.095886992403233e-07
6.204802774216181e-07
7.553613619901646e-07
9.191771722317552e-07
1.118207413450632e-06
1.360003981317929e-06
1.653596498035894e-06
2.009937777150396e-06
2.442365757936806e-06
2.966998199443539e-06
3.603199078846505e-06
4.374710700127327e-06
5.309399891979917e-06
6.442320769464407e-06
7.813686696993234e-06
9.474322283248028e-06
1.148408435978525e-05
1.391588543903911e-05
1.685543967503413e-05
2.040945402146244e-05
2.470379370863245e-05
2.989050554637898e-05
3.615221482116102e-05
4.370911728172082e-05
5.282294780232221e-05
6.381015937510612e-05
7.705218112192310e-05
9.299838804640467e-05
1.121925394042915e-04
1.352890446186738e-04
1.630566778199688e-04
1.964345974450895e-04
2.365145360703394e-04
2.846228781633506e-04
3.423271351540657e-04
4.115311702741454e-04
4.943945782164513e-04
5.935421546085928e-04
7.121881295561901e-04
8.539931699152629e-04
1.023357309840684e-03
1.225418697369453e-03
1.466211307132288e-03
1.753258505278841e-03
2.094758949754203e-03
2.500649411947956e-03
2.982807239980703e-03
3.554879678469050e-03
4.232372647769476e-03
5.034390116025248e-03
5.982970116634971e-03
7.102976127450552e-03
8.422205558501450e-03
9.975973931461414e-03
1.180319648364247e-02
1.394645733472886e-02
1.645825265402229e-02
1.939511975257723e-02
2.282470571495729e-02
2.681799731660545e-02
3.145855340170671e-02
3.684287767079295e-02
4.307436461169646e-02
5.026214777578152e-02
5.853749689001519e-02
6.803161143221627e-02
7.889534631528680e-02
9.127512993500671e-02
1.053427365937929e-01
1.212597412343596e-01
1.392044037043549e-01
1.593166273849179e-01
1.817632667475294e-01
2.067037642953040e-01
2.342254826248316e-01
2.644263968604609e-01
2.973391436460823e-01
3.329439456769772e-01
3.711570902426807e-01
4.118065280454607e-01
4.546254304110967e-01
4.992686276349000e-01
5.452719693444616e-01
5.920885682966468e-01
6.390718311605893e-01
6.854895804642179e-01
7.305962662471297e-01
7.735940253408219e-01
8.137582425853003e-01
8.503764349334673e-01
8.830155013143656e-01
9.112319805078894e-01
9.348638546097394e-01
9.539875164411128e-01
9.688475686153121e-01
9.799029810863664e-01
9.877214619120955e-01
9.929499282080391e-01
9.962296827146779e-01
9.981421030416381e-01
9.991678289265955e-01
9.996670749479072e-01
9.998793645526171e-01
9.999599713284760e-01
9.999882393206010e-01
9.999969878403552e-01
9.999993357877048e-01
9.999998759720302e-01
9.999999806537943e-01
9.999999975367406e-01
9.999999997454609e-01
9.999999999798649e-01
9.999999999986373e-01
9.999999999999627e-01
9.999999999999921e-01
1.000000000000001e+00
9.999999999999996e-01
1.000000000000000e+00
9.999999999999999e-01
1.000000000000000e+00
1.000000000000000e+00
1.000000000000000e+00
1.000000000000000e+00
1.000000000000000e+00
1.000000000000000e+00
1.000000000000000e+00
1.000000000000000e+00
1.000000000000000e+00
1.000000000000000e+00
###1.079999999999999e+01
7.188826514709963e-09
9.083563484561382e-09
1.141684736460733e-08
1.420174134884021e-08
1.761709826942257e-08
2.180366978715373e-08
2.688931651558831e-08
3.308240809823952e-08
4.063252653817568e-08
4.983778565190924e-08
6.104592172929151e-08
7.470473041637148e-08
9.135224155895679e-08
1.116343365089639e-07
1.363525838469827e-07
1.664369598238602e-07
2.030625212652184e-07
2.476474263176546e-07
3.019064451430337e-07
3.679029786128028e-07
4.483343574536888e-07
5.458049920682305e-07
6.644318432185107e-07
8.086886723096780e-07
9.838481554375710e-07
1.196607766400031e-06
1.455018967209539e-06
1.768707380283095e-06
2.149334948455085e-06
2.611116071522596e-06
3.171210584859342e-06
3.850229912836460e-06
4.673439928188190e-06
5.670480559841750e-06
6.878599861598615e-06
8.340635548344161e-06
1.011050737177462e-05
1.225182720003352e-05
1.484202257697757e-05
1.797205094651917e-05
2.175519257219221e-05
2.632490188983247e-05
3.184239576999861e-05
3.850122853810087e-05
4.653477318462306e-05
5.621983385782903e-05
6.789169855978566e-05
8.195380107796345e-05
9.888141229208973e-05
1.192491848461962e-04
1.437485825296187e-04
1.731913381509097e-04
2.085687856979342e-04
2.510324233192863e-04
3.019807718863453e-04
3.630655657543490e-04
4.362922829669471e-04
5.239334176232041e-04
6.287488971945273e-04
7.541196961623804e-04
9.038907780452699e-04
1.082681757652118e-03
1.295880726569570e-03
1.549817910241818e-03
1.852376481652460e-03
2.212134456730411e-03
2.639486116144840e-03
3.146847383394275e-03
3.748469381420788e-03
4.460524239982465e-03
5.302931458091954e-03
6.298644198391608e-03
7.473519367466818e-03
8.856424268565139e-03
1.048404035314026e-02
1.239669933986256e-02
1.463848348256389e-02
1.726368767471660e-02
2.033065954067064e-02
2.390916203625134e-02
2.807218985724904e-02
3.290558199638773e-02
3.850833741918784e-02
4.498621659318323e-02
5.245048070998551e-02
6.103488379713382e-02
7.087244668709387e-02
8.211586883715470e-02
9.491240604076599e-02
1.094346311333321e-01
1.258434609076879e-01
1.443158526041369e-01
1.649878720446555e-01
1.880220172455505e-01
2.135715798336615e-01
2.417142387714166e-01
2.725370842202698e-01
3.060588087758576e-01
3.422432808203311e-01
3.809881875437069e-01
4.221008177909304e-01
4.652924268607673e-01
5.101959962678101e-01
5.563267833945166e-01
6.031180852353336e-01
6.499108311755660e-01
6.959649611842452e-01
7.405350730585375e-01
7.828337621644287e-01
8.221572487956299e-01
8.578290775762012e-01
8.894368042679449e-01
9.165991531409530e-01
9.391992112248054e-01
9.573563953853796e-01
9.713552248993530e-01
9.816809976609009e-01
9.889150915697730e-01
9.937030324235855e-01
9.966722790832767e-01
9.983818770566213e-01
9.992859921070713e-01
9.997191541418639e-01
9.999000823174049e-01
9.999674733950342e-01
9.999906401239380e-01
9.999976565832274e-01
9.999994958288805e-01
9.999999083581027e-01
9.999999861100963e-01
9.999999982865133e-01
9.999999998285534e-01
9.999999999869714e-01
9.999999999991331e-01
9.999999999999818e-01
9.999999999999942e-01
1.000000000000001e+00
9.999999999999997e-01
1.000000000000000e+00
9.999999999999999e-01
1.000000000000000e+00
1.000000000000000e+00
1.000000000000000e+00
1.000000000000000e+00
1.000000000000000e+00
1.000000000000000e+00
1.000000000000000e+00
1.000000000000000e+00
1.000000000000000e+00
1.000000000000000e+00
###1.099999999999999e+01
7.719046112835910e-09
9.752142078795643e-09
1.225734720974843e-08
1.524661289216895e-08
1.891209702708536e-08
2.340460836566546e-08
2.886079296966375e-08
3.550383079791460e-08
4.360115942684436e-08
5.347126703070472e-08
6.548668992964426e-08
8.012629658719588e-08
9.796572516762977e-08
1.196953983376827e-07
1.461724543102300e-07
1.783904731009234e-07
2.176051144632852e-07
2.653313202849987e-07
3.234003069864337e-07
3.940149360100382e-07
4.800556858305903e-07
5.842989761651389e-07
7.111369089038058e-07
8.653436056479677e-07
1.052538240330306e-06
1.279860282715431e-06
1.555889546578357e-06
1.890876935243348e-06
2.297248209479605e-06
2.790129424403844e-06
3.387785826162146e-06
4.112145848310120e-06
4.990083524594462e-06
6.053109033269447e-06
7.340786787759557e-06
8.898715546558405e-06
1.078408258827401e-05
1.306445341889794e-05
1.582201043418400e-05
1.915323035509602e-05
2.317830829982400e-05
2.803868268336292e-05
3.390520985713196e-05
4.098292860991639e-05
4.951904600246036e-05
5.980620532584460e-05
7.219943914657978e-05
8.712527189567097e-05
1.050861122925283e-04
1.266889891364851e-04
1.526641691531869e-04
1.838683437349033e-04
2.213474307385943e-04
2.663154026352538e-04
3.202461523238004e-04
3.848793567741274e-04
4.623265402225603e-04
5.549778805026876e-04
6.657341839365087e-04
7.981500390748175e-04
9.562621845310025e-04
1.144918534094921e-03
1.369766401456784e-03
1.637444960294979e-03
1.956209130723596e-03
2.335030470316272e-03
2.784776813742908e-03
3.318421169973978e-03
3.950838388882147e-03
4.698887665105252e-03
5.583329253685647e-03
6.628058320272003e-03
7.859952516323971e-03
9.308975898566611e-03
1.101321033987196e-02
1.301443485531705e-02
1.535826069922367e-02
1.810081462881549e-02
2.130228091656309e-02
2.503456666815495e-02
2.937268789240908e-02
3.440477520315598e-02
4.023232660571029e-02
4.696345176797928e-02
5.471149759947438e-02
6.361265055937144e-02
7.380165909738072e-02
8.543294890025581e-02
9.865443218614994e-02
1.136392794892592e-01
1.305474860474660e-01
1.495543989686184e-01
1.707918664909677e-01
1.944176179727581e-01
2.205783340399249e-01
2.493415039578374e-01
2.807828227027579e-01
3.149065382875983e-01
3.516597144971397e-01
3.909210826992257e-01
4.324770650872082e-01
4.760170102554083e-01
5.211523149184446e-01
5.673781654100619e-01
6.141092515359254e-01
6.606751001262676e-01
7.063295382075826e-01
7.503292500468766e-01
7.918993830604114e-01
8.303589188733767e-01
8.650680832300728e-01
8.956399013318567e-01
9.217522780300123e-01
9.433337513658935e-01
9.605456809682542e-01
9.737100991025500e-01
9.833358825279932e-01
9.900151907378324e-01
9.943895918059098e-01
9.970709164836946e-01
9.985949384606313e-01
9.993894090984695e-01
9.997639572833202e-01
9.999175789255027e-01
9.999736869777832e-01
9.999925870463751e-01
9.999981865301230e-01
9.999996195167006e-01
9.999999327111216e-01
9.999999900948198e-01
9.999999988168061e-01
9.999999998853909e-01
9.999999999916449e-01
9.999999999994504e-01
9.999999999999927e-01
9.999999999999957e-01
1.000000000000001e+00
9.999999999999998e-01
1.000000000000000e+00
1.000000000000000e+00
1.000000000000000e+00
1.000000000000000e+00
1.000000000000000e+00
1.000000000000000e+00
1.000000000000000e+00
1.000000000000000e+00
1.000000000000000e+00
1.000000000000000e+00
1.000000000000000e+00
1.000000000000000e+00
###1.119999999999999e+01
8.284036988658838e-09
1.046463242311367e-08
1.315306214146077e-08
1.636007225104447e-08
2.029201106820406e-08
2.511038273505799e-08
3.096114831901310e-08
3.808323098126914e-08
4.676303557539803e-08
5.734070982922748e-08
7.021509698321352e-08
8.589806097749510e-08
1.050051637165317e-07
1.282740902098594e-07
1.566209319267832e-07
1.911067017871168e-07
2.330725274060931e-07
2.841359871765648e-07
3.462515441034508e-07
4.217699933089287e-07
5.137655916268041e-07
6.251969177940754e-07
7.607474266736298e-07
9.255089522047639e-07
1.125467158648065e-06
1.368228958675932e-06
1.662932729426717e-06
2.020490272020209e-06
2.454133924097899e-06
2.979952916300910e-06
3.617379437631309e-06
4.389731811256255e-06
5.325580862790314e-06
6.458408759382995e-06
7.830224293482529e-06
9.489530619384713e-06
1.149696250154543e-05
1.392424688858509e-05
1.685857163995307e-05
2.040222086703755e-05
2.468266149925678e-05
2.984972766091296e-05
3.608440486601669e-05
4.360379559103252e-05
5.266962521444639e-05
6.359117850132987e-05
7.674417916270663e-05
9.257937200646217e-05
1.116275953895257e-04
1.345297948075183e-04
1.620568563352057e-04
1.951125056189803e-04
2.347997427971374e-04
2.823978217427233e-04
3.394593599060615e-04
4.078158262164272e-04
4.896893760380098e-04
5.875928140770346e-04
7.045737539800509e-04
8.443674946508701e-04
1.011210252424493e-03
1.210187219066568e-03
1.447215084526299e-03
1.729253155570621e-03
2.064942227337362e-03
2.463661288608243e-03
2.936768144829645e-03
3.497811802614611e-03
4.162311073524937e-03
4.947833412873994e-03
5.876005462400742e-03
6.971691615787146e-03
8.262817803233400e-03
9.780471765421506e-03
1.156417044473952e-02
1.365717086727378e-02
1.610664358112293e-02
1.897057980434724e-02
2.231102566240496e-02
2.620205963976633e-02
3.072072906221859e-02
3.595746609150962e-02
4.201626774787479e-02
4.900757168304379e-02
5.704676309711181e-02
6.627240263516798e-02
7.682086493897648e-02
8.884817487303237e-02
1.025027202210913e-01
1.179580576022643e-01
1.353729858836356e-01
1.549209228071432e-01
1.767291082127709e-01
2.009500808493807e-01
2.277234426937036e-01
2.571059847397763e-01
2.891614987534776e-01
3.238792978104915e-01
3.611892102667112e-01
4.009506863153224e-01
4.429291195749397e-01
4.867920165897559e-01
5.321295197573527e-01
5.784173550273494e-01
6.250528513501030e-01
6.713553253374551e-01
7.165743050443008e-01
7.599705381552955e-01
8.007838163380179e-01
8.383577673955890e-01
8.720900916121870e-01
9.016232447225958e-01
9.266918338446607e-01
9.472697906463629e-01
9.635591093048946e-01
9.759168315143110e-01
9.848726129828198e-01
9.910265356239759e-01
9.950137660908308e-01
9.974288798518769e-01
9.987836384335630e-01
9.994795923659164e-01
9.998023473478130e-01
9.999322893085987e-01
9.999788087916979e-01
9.999941576798256e-01
9.999986041093651e-01
9.999997145214967e-01
9.999999509021283e-01
9.999999929839968e-01
9.999999991889649e-01
9.999999999239555e-01
9.999999999946957e-01
9.999999999996522e-01
9.999999999999986e-01
9.999999999999967e-01
1.000000000000001e+00
9.999999999999998e-01
1.000000000000000e+00
1.000000000000000e+00
1.000000000000000e+00
1.000000000000000e+00
1.000000000000000e+00
1.000000000000000e+00
1.000000000000000e+00
1.000000000000000e+00
1.000000000000000e+00
1.000000000000000e+00
1.000000000000000e+00
1.000000000000000e+00
###1.139999999999999e+01
8.885827616604937e-09
1.122359692876707e-08
1.410721479090440e-08
1.754611917552543e-08
2.176178625763573e-08
2.692708978207953e-08
3.319786322446669e-08
4.082975765597555e-08
5.012931861039915e-08
6.145970809487804e-08
7.524766540573647e-08
9.204007640300826e-08
1.124948681283891e-07
1.373998535827366e-07
1.677336425485932e-07
2.046287124280743e-07
2.495167795957841e-07
3.041241689897865e-07
3.705358969079675e-07
4.512596581941970e-07
5.495740946948083e-07
6.686312353428970e-07
8.134227137194160e-07
9.893763156406529e-07
1.202865180641119e-06
1.461990382558659e-06
1.776480572228454e-06
2.157945803630170e-06
2.620469858870576e-06
3.181159147506064e-06
3.860677260842995e-06
4.683808802103000e-06
5.680914199905855e-06
6.887554119637423e-06
8.348315581650015e-06
1.011475638513051e-05
1.225114661983776e-05
1.483359204770310e-05
1.795454780056713e-05
2.172240595154172e-05
2.627227846044269e-05
3.176282415794951e-05
3.838566855499659e-05
4.637058151257444e-05
5.599452092243352e-05
6.758424446197876e-05
8.153715631039758e-05
9.832939489676955e-05
1.185215715177106e-04
1.427901486692589e-04
1.719485174265691e-04
2.069495926613216e-04
2.489560452768685e-04
2.993153211607463e-04
3.596622335098417e-04
4.319240261828998e-04
5.184382268911257e-04
6.218440667695489e-04
7.453460001451636e-04
8.928634437552468e-04
1.068841329060087e-03
1.278611369687230e-03
1.528370051175180e-03
1.825408330296457e-03
2.178767353828873e-03
2.598247753496466e-03
3.095714093440932e-03
3.685310690899777e-03
4.383220934951322e-03
5.207742068622895e-03
6.181393144765106e-03
7.330035343266751e-03
8.682670599586006e-03
1.027153730400045e-02
1.213762223242432e-02
1.432569096886028e-02
1.688450302156526e-02
1.987394603011176e-02
2.335795194244139e-02
2.741279574632778e-02
3.211756535689148e-02
3.756499989792138e-02
4.386159231724857e-02
5.112008238853000e-02
5.945784044636439e-02
6.901573647035783e-02
7.993166193549281e-02
9.236310489219349e-02
1.064587377769032e-01
1.223922807865791e-01
1.403210502005733e-01
1.604162035951908e-01
1.827999711961464e-01
2.076192700372916e-01
2.350061492157418e-01
2.650061916687186e-01
2.976707818572116e-01
3.329738198543803e-01
3.708274897491378e-01
4.110716683724221e-01
4.534502744340798e-01
4.976100857990370e-01
5.431193992122187e-01
5.894355092315087e-01
6.359396743327304e-01
6.819423011404772e-01
7.266904751590426e-01
7.694510147837957e-01
8.094804369612925e-01
8.461488497017969e-01
8.788922991396118e-01
9.073859124162680e-01
9.314188958054171e-01
9.510101661154108e-01
9.664008311506661e-01
9.779803470756447e-01
9.862963159697169e-01
9.919539329207551e-01
9.955796559817129e-01
9.977493468868386e-01
9.989502085683208e-01
9.995579493954901e-01
9.998351107012192e-01
9.999446022486654e-01
9.999830104241137e-01
9.999954181413399e-01
9.999989312796949e-01
9.999997870464172e-01
9.999999644000909e-01
9.999999950638843e-01
9.999999994481272e-01
9.999999999499141e-01
9.999999999966656e-01
9.999999999997801e-01
1.000000000000001e+00
9.999999999999974e-01
1.000000000000000e+00
9.999999999999999e-01
1.000000000000000e+00
1.000000000000000e+00
1.000000000000000e+00
1.000000000000000e+00
1.000000000000000e+00
1.000000000000000e+00
1.000000000000000e+00
1.000000000000000e+00
1.000000000000000e+00
1.000000000000000e+00
1.000000000000000e+00
1.000000000000000e+00
###1.159999999999999e+01
9.526551207779024e-09
1.203173065819013e-08
1.512319443608378e-08
1.880895997494328e-08
2.332662352625243e-08
2.886114028025300e-08
3.557880263650762e-08
4.375302863541398e-08
5.371174259315387e-08
6.584254835577614e-08
8.060175668202685e-08
9.857341018390709e-08
1.204603744248403e-07
1.471036079129282e-07
1.795479938726572e-07
2.190017156165232e-07
2.669925555965288e-07
3.253617538029448e-07
3.963328244477524e-07
4.825794299182753e-07
5.875965674629964e-07
7.147407553058285e-07
8.693297511717039e-07
1.057146473068326e-06
1.284973539186229e-06
1.561434235958009e-06
1.896880759389205e-06
2.303660581136647e-06
2.796755995756575e-06
3.394346987305675e-06
4.118396627107646e-06
4.995235270391179e-06
6.057110297094395e-06
7.341772338239924e-06
8.896526551979072e-06
1.077614277671270e-05
1.304872256143836e-05
1.579497775567784e-05
1.911290376608042e-05
2.311731481294224e-05
2.795135713296240e-05
3.378296187827153e-05
4.081492700537109e-05
4.929031875210882e-05
5.950207181397870e-05
7.179528109017529e-05
8.659006137347336e-05
1.043891644473318e-04
1.257843706038098e-04
1.514893205298410e-04
1.823618691745281e-04
2.194063534852071e-04
2.638478011709783e-04
3.171048621496731e-04
3.808981378140018e-04
4.572547680801005e-04
5.486325183894018e-04
6.577960669343140e-04
7.881319415970062e-04
9.437323451261381e-04
1.129265293392679e-03
1.350318583967427e-03
1.613379179729380e-03
1.926081541831766e-03
2.297881998320967e-03
2.739017358299295e-03
3.261876102996742e-03
3.881217572259010e-03
4.613910723764387e-03
5.479004435972090e-03
6.499936579462481e-03
7.703592989495834e-03
9.120079502695928e-03
1.078281211805847e-02
1.273428228534605e-02
1.502079445116286e-02
1.769272607566161e-02
2.081189243852018e-02
2.444413393829796e-02
2.866794550618830e-02
3.356446240116239e-02
3.922873307883065e-02
4.576973951969328e-02
5.330249290423739e-02
6.194628958940612e-02
7.184423718640719e-02
8.313562653043635e-02
9.597926367911337e-02
1.105239046164729e-01
1.269431996346106e-01
1.453926848475745e-01
1.660409154890717e-01
1.890047009905855e-01
2.144248970819101e-01
2.424255201493022e-01
2.730404354450563e-01
3.063081217894848e-01
3.421866024264779e-01
3.805700329777369e-01
4.212784576037573e-01
4.640343053932237e-01
5.084636650053627e-01
5.541136071046756e-01
6.004237207746874e-01
6.467605381533951e-01
6.924269540608211e-01
7.366695079120528e-01
7.787631177265557e-01
8.179830854666806e-01
8.537277718901339e-01
8.854724676390998e-01
9.129275944808337e-01
9.359351115600011e-01
9.545582025621483e-01
9.690753707682890e-01
9.799058101271890e-01
9.876122265822006e-01
9.928021850845585e-01
9.960912783396414e-01
9.980353730712965e-01
9.990967545908812e-01
9.996257823828322e-01
9.998629596978941e-01
9.999548638938038e-01
9.999864406223817e-01
9.999964243945443e-01
9.999991861588046e-01
9.999998420702310e-01
9.999999743493194e-01
9.999999965505183e-01
9.999999996272131e-01
9.999999999672501e-01
9.999999999979249e-01
9.999999999998608e-01
1.000000000000003e+00
9.999999999999981e-01
1.000000000000000e+00
9.999999999999999e-01
1.000000000000000e+00
1.000000000000000e+00
1.000000000000000e+00
1.000000000000000e+00
1.000000000000000e+00
1.000000000000000e+00
1.000000000000000e+00
1.000000000000000e+00
1.000000000000000e+00
1.000000000000000e+00
1.000000000000000e+00
1.000000000000000e+00
###1.179999999999999e+01
1.020845061839503e-08
1.289186789308764e-08
1.620456477114747e-08
2.015301709196690e-08
2.499199067692349e-08
3.091927339498665e-08
3.811223351816917e-08
4.686315211025726e-08
5.752263818609617e-08
7.050424132371932e-08
8.629560924719114e-08
1.055201903130887e-07
1.289284998878833e-07
1.574178178239754e-07
1.921032554231547e-07
2.342731638426532e-07
2.855574119626068e-07
3.479178677930188e-07
4.237256699134813e-07
5.158297250690445e-07
6.279539661523733e-07
7.636709890814178e-07
9.286435313205862e-07
1.129029768407576e-06
1.372044899062394e-06
1.666863851190366e-06
2.024497264944201e-06
2.458071086228744e-06
2.983515462793527e-06
3.620143182224198e-06
4.391287662032749e-06
5.324908766827390e-06
6.455242244264564e-06
7.822345634830834e-06
9.476388340208532e-06
1.147551702880889e-05
1.389186962963410e-05
1.681100123086741e-05
2.033673222475000e-05
2.459062772020405e-05
2.972427386234491e-05
3.591534079151514e-05
4.337835386724806e-05
5.237033086733773e-05
6.320095866107531e-05
7.623456756790045e-05
9.191505561975260e-05
1.107730552456640e-04
1.334329664324297e-04
1.606473318038997e-04
1.933205046927601e-04
2.325105574841170e-04
2.795076594833577e-04
3.358047816858509e-04
4.032120335550970e-04
4.838607085406155e-04
5.803338319131226e-04
6.955272295543757e-04
8.330154500266862e-04
9.970718843597070e-04
1.192595705423540e-03
1.425440646620168e-03
1.702395101663321e-03
2.031449225865171e-03
2.422489716051146e-03
2.886204414990552e-03
3.435523248730740e-03
4.085840687820170e-03
4.854732618214239e-03
5.762021711310992e-03
6.832091429040978e-03
8.092880422813933e-03
9.575626464409818e-03
1.131495007776919e-02
1.335488225231237e-02
1.574329629964944e-02
1.853221587193966e-02
2.178541427446555e-02
2.557066153034656e-02
2.996869413683433e-02
3.506269878728649e-02
4.095003241067957e-02
4.774215512285811e-02
5.555631373467041e-02
6.451366533705993e-02
7.475947639082350e-02
8.643431126884546e-02
9.969813949990933e-02
1.146995891908977e-01
1.316119962081551e-01
1.505888076506436e-01
1.717956230937732e-01
1.953434105498756e-01
2.213665171223100e-01
2.499804421482943e-01
2.812068253271746e-01
3.150707489579446e-01
3.515139126364334e-01
3.904120863384813e-01
4.315652620216417e-01
4.746744073682079e-01
5.193450459822734e-01
5.651036914225259e-01
6.113732334017977e-01
6.575063199686845e-01
7.028003749726160e-01
7.465031392262089e-01
7.878996720660202e-01
8.262860882688855e-01
8.610907006785878e-01
8.918289301447491e-01
9.182485786963153e-01
9.402426758865889e-01
9.579176779652692e-01
9.715875849182991e-01
9.816985858625119e-01
9.888256488608952e-01
9.935760585789727e-01
9.965525444761572e-01
9.982898796104095e-01
9.992252523308600e-01
9.996842893515044e-01
9.998865359558065e-01
9.999633780974141e-01
9.999892275222182e-01
9.999972234955716e-01
9.999993835903321e-01
9.999998835593359e-01
9.999999816341892e-01
9.999999976055738e-01
9.999999997500173e-01
9.999999999787377e-01
9.999999999987227e-01
9.999999999999116e-01
1.000000000000003e+00
9.999999999999986e-01
1.000000000000000e+00
9.999999999999999e-01
1.000000000000000e+00
1.000000000000000e+00
1.000000000000000e+00
1.000000000000000e+00
1.000000000000000e+00
1.000000000000000e+00
1.000000000000000e+00
1.000000000000000e+00
1.000000000000000e+00
1.000000000000000e+00
1.000000000000000e+00
1.000000000000000e+00
###1.199999999999999e+01
1.093388328247823e-08
1.380698596326948e-08
1.735507164399090e-08
2.158293888817017e-08
2.676363444907588e-08
3.310857150032452e-08
4.080684293843212e-08
5.017080350130960e-08
6.157495932316180e-08
7.546055416035576e-08
9.234837767655070e-08
1.129036522626347e-07
1.379273988441386e-07
1.683765604639095e-07
2.054406391986706e-07
2.504928469569164e-07
3.052711983743856e-07
3.718650115654041e-07
4.528018266364130e-07
5.511156916154773e-07
6.707730661718297e-07
8.155744159201697e-07
9.915473740798812e-07
1.205246510657789e-06
1.464343829554938e-06
1.778596771953201e-06
2.159711017175750e-06
2.621634009361268e-06
3.181295466379109e-06
3.859203035903845e-06
4.680134586200849e-06
5.673767170066189e-06
6.876431267791767e-06
8.330613334076359e-06
1.008949981156246e-05
1.221478570370240e-05
1.478286167570853e-05
1.788437133488376e-05
2.162925880852275e-05
2.614618166800056e-05
3.159558998842134e-05
3.816537864085623e-05
4.608237909904767e-05
5.561824275322667e-05
6.710021610724822e-05
8.091279805235105e-05
9.752478659703602e-05
1.174960114190267e-04
1.414849976440432e-04
1.702849808621853e-04
2.048489210964991e-04
2.462910250582853e-04
2.959694912558559e-04
3.554548359232720e-04
4.266505240736282e-04
5.117964048916214e-04
6.136059594648548e-04
7.351119903514994e-04
8.800833174011332e-04
1.052983055473098e-03
1.258949896276644e-03
1.504113628650205e-03
1.795575310163173e-03
2.141693313945846e-03
2.552800255273158e-03
3.040050187525762e-03
3.616932376919603e-03
4.299496925337410e-03
5.106048367737511e-03
6.057205623680698e-03
7.178324870772915e-03
8.498426007600547e-03
1.004990688046576e-02
1.186861937231863e-02
1.400016885098048e-02
1.649402712859673e-02
1.940389145825595e-02
2.279552263188613e-02
2.673863989611644e-02
3.131624098413130e-02
3.661356529042586e-02
4.273027396714916e-02
4.978029015652720e-02
5.788305524586397e-02
6.716151538176988e-02
7.776300978203921e-02
8.982924198553573e-02
1.035211809156034e-01
1.189871049596717e-01
1.363997799671892e-01
1.559102440268756e-01
1.776807768900557e-01
2.018160756584076e-01
2.284435245719204e-01
2.576696182168253e-01
2.895032662492013e-01
3.239556730610799e-01
3.609517870211433e-01
4.003486651241540e-01
4.419260699594492e-01
4.853635834909761e-01
5.302463718925763e-01
5.760811223079116e-01
6.222757251236830e-01
6.681680083401573e-01
7.130538536912728e-01
7.561834136448184e-01
7.968539163813255e-01
8.343842763474270e-01
8.682343713982453e-01
8.979605928028327e-01
9.233497339246810e-01
9.443443032515880e-01
9.610927875751243e-01
9.739426216641947e-01
9.833641946705454e-01
9.899419187172490e-01
9.942802550189445e-01
9.969672414427136e-01
9.985156440806658e-01
9.993375457031543e-01
9.997345664570707e-01
9.999064141016573e-01
9.999704109942525e-01
9.999914808112206e-01
9.999978547526340e-01
9.999995356506592e-01
9.999999146504113e-01
9.999999869329362e-01
9.999999983490457e-01
9.999999998335846e-01
9.999999999862916e-01
9.999999999992227e-01
9.999999999999436e-01
1.000000000000003e+00
9.999999999999989e-01
1.000000000000000e+00
9.999999999999999e-01
1.000000000000000e+00
1.000000000000000e+00
1.000000000000000e+00
1.000000000000000e+00
1.000000000000000e+00
1.000000000000000e+00
1.000000000000000e+00
1.000000000000000e+00
1.000000000000000e+00
1.000000000000000e+00
1.000000000000000e+00
1.000000000000000e+00
###1.219999999999999e+01
1.170532644866974e-08
1.478021468273919e-08
1.857865148620723e-08
2.310361003204179e-08
2.864759398546773e-08
3.543647606204612e-08
4.367175785195946e-08
5.368736169197483e-08
6.588231228347682e-08
8.072804479678999e-08
9.878017360490125e-08
1.207481885660029e-07
1.474866206781134e-07
1.800155950868687e-07
2.196033829277081e-07
2.677129905617110e-07
3.261968603485978e-07
3.972792001497700e-07
4.836529038373502e-07
5.885471603830227e-07
7.161867027488586e-07
8.706107658500705e-07
1.058233276649844e-06
1.286027379492080e-06
1.562147286055724e-06
1.896965324589502e-06
2.302920575333411e-06
2.794827053728002e-06
3.390668236928250e-06
4.112211596338419e-06
4.985757031450269e-06
6.042790484339865e-06
7.321848538608697e-06
8.867974033175744e-06
1.073753008480554e-05
1.299594024598624e-05
1.572407124358504e-05
1.901791366467515e-05
2.299384648624071e-05
2.778797590190922e-05
3.357005858186074e-05
4.053871842187648e-05
4.893369763740715e-05
5.904199067944143e-05
7.120924426277018e-05
8.584109482151730e-05
1.034324035133515e-04
1.245735627391757e-04
1.499587871679737e-04
1.804238641538669e-04
2.169725454939688e-04
2.607776594222246e-04
3.132684222598934e-04
3.760962341272130e-04
4.512618937571450e-04
5.411183559091103e-04
6.485149273460481e-04
7.766273546495812e-04
9.294252795434318e-04
1.111570220426125e-03
1.328449038767677e-03
1.586477970610577e-03
1.893082253398872e-03
2.257001336382174e-03
2.689029668598848e-03
3.200803035687265e-03
3.806388228484166e-03
4.522511945353774e-03
5.368229418140742e-03
6.364978554006951e-03
7.539115704297295e-03
8.920770691721171e-03
1.054352964893007e-02
1.244450252578355e-02
1.467090382799217e-02
1.727383307045213e-02
2.030868760187987e-02
2.384324412955653e-02
2.794918903742793e-02
3.271179886842558e-02
3.821836400442823e-02
4.457084199238406e-02
5.188559948022189e-02
6.028422588867444e-02
6.989137813208558e-02
8.085637455799559e-02
9.332191475469587e-02
1.074497932572040e-01
1.233877063913110e-01
1.413075833241334e-01
1.613577221545772e-01
1.836967081249156e-01
2.084225296896013e-01
2.356551479393632e-01
2.654915628501979e-01
2.979274544759761e-01
3.329596793614042e-01
3.704960280802727e-01
4.103745498640292e-01
4.523546358037799e-01
4.960930929803368e-01
5.411596133430113e-01
5.870372726741696e-01
6.331212834834001e-01
6.787366618313404e-01
7.231788816613615e-01
7.657026905106628e-01
8.056195105435282e-01
8.422729891294674e-01
8.751560882789575e-01
9.038669265778744e-01
9.282324865544577e-01
9.482431952161237e-01
9.640881047595786e-01
9.761458779079781e-01
9.849082720618590e-01
9.909663686801450e-01
9.949193849560237e-01
9.973390160891930e-01
9.987152935320247e-01
9.994353464466038e-01
9.997776112280061e-01
9.999231059228997e-01
9.999761943419533e-01
9.999932938070678e-01
9.999983507894873e-01
9.999996520974002e-01
9.999999378059090e-01
9.999999907614218e-01
9.999999988692621e-01
9.999999998900213e-01
9.999999999912219e-01
9.999999999995328e-01
9.999999999999638e-01
1.000000000000002e+00
9.999999999999992e-01
1.000000000000000e+00
9.999999999999999e-01
1.000000000000000e+00
1.000000000000000e+00
1.000000000000000e+00
1.000000000000000e+00
1.000000000000000e+00
1.000000000000000e+00
1.000000000000000e+00
1.000000000000000e+00
1.000000000000000e+00
1.000000000000000e+00
1.000000000000000e+00
1.000000000000000e+00
