#./build/bin/rcbk -ic FILE ./data/ic/95/ic_208_24.dat -rc BALITSKY -alphas_scaling 6.491900078685395 -maxy 12 -fast -output ./data/bks/95/ic_208_24.dat 
# BK equation solver 20160623 (build May 19 2026 14:19:13)
# Heikki Mäntysaari <mantysaari@bnl.gov>, 2011-2016
# Running coupling: Balitsky
# Scaling factor C^2 in alpha_s: 6.4919
# Initial condition is String is not impelmented for the current IC N(r=0.0333803 1/GeV) = 0.000181305
# \alpha_s = 12 \pi / [ (33.0 - 2.0*Nf) * log(4.0*C^2/(r^2*lambdaqcd^2) ], C^2=6.4919, lambdaqcd=0.241 GeV, maxalphas=0.7 nf=3
# Using fast (and not so accurate) parameters
# Solving BK equation up to y=12
# r limits: 1e-05 - 100 points 150 multiplier 1.11424
# maxy 12 ystep 0.2
###1.000000000000000e-05
###1.114242875232510e+00
###150
###0.000000000000000e+00
###0.000000000000000e+00
0.000000000000000e+00
4.721495757072216e-11
5.799556719356839e-11
7.143443046043198e-11
8.793771570282079e-11
1.082186178162069e-10
1.331903846929185e-10
1.639070865205939e-10
2.016887568577439e-10
2.481623032484171e-10
3.053189883837513e-10
3.756088641397884e-10
4.620425270150373e-10
5.683171894909801e-10
6.989757304038758e-10
8.595977052821556e-10
1.057034727601792e-09
1.299702064410313e-09
1.597931544205732e-09
1.964406366426859e-09
2.414698799892696e-09
2.967920764644868e-09
3.647525490891824e-09
4.482297913055274e-09
5.507552404994762e-09
6.766609023736600e-09
8.312616285579130e-09
1.021075299669112e-08
1.254094294505994e-08
1.540120545383139e-08
1.891169861226346e-08
2.321970600395105e-08
2.850578767083885e-08
3.499119619971269e-08
4.294702742707552e-08
5.270550089540337e-08
6.467354864244634e-08
7.934959193346695e-08
9.734421197727112e-08
1.194050315492421e-07
1.464474563406415e-07
1.795925334728863e-07
2.202124974784376e-07
2.699870965385296e-07
3.309729340166786e-07
4.056868672185999e-07
4.972092749372221e-07
6.093111656354425e-07
7.466070691372310e-07
9.147446575228999e-07
1.120638162582031e-06
1.372749313641549e-06
1.681436463231219e-06
2.059384513810150e-06
2.522123024296285e-06
3.088671598710592e-06
3.782335170570473e-06
4.631664328270283e-06
5.671654688609732e-06
6.945226100125163e-06
8.505013768960116e-06
1.041561097498281e-05
1.275633745846536e-05
1.562460309052763e-05
1.914012837550294e-05
2.345015770839382e-05
2.873581810775533e-05
3.522010662771414e-05
4.317775989105565e-05
5.294734001977049e-05
6.494641339361248e-05
7.969030683061755e-05
9.781516162990835e-05
1.201068441023832e-04
1.475366686751767e-04
1.813054462915821e-04
2.228985879610080e-04
2.741542003753387e-04
3.373472499154733e-04
4.152945497807025e-04
5.114845311269016e-04
6.302378574807210e-04
7.769071990897817e-04
9.581241753169452e-04
1.182105074655321e-03
1.459029982797325e-03
1.801511063603352e-03
2.225171717116985e-03
2.749362131737428e-03
3.398040932371528e-03
4.200862493981831e-03
5.194512348573911e-03
6.424343335401570e-03
7.946381252438135e-03
9.829760777899333e-03
1.215967477212174e-02
1.504094425615390e-02
1.860225536328243e-02
2.300116003933238e-02
2.842996108572165e-02
3.512233275737160e-02
4.336066454373150e-02
5.348407277111436e-02
6.589604482118362e-02
8.107116304092232e-02
9.955991409456275e-02
1.219876236033350e-01
1.490456119907074e-01
1.814703778435932e-01
2.200005481127690e-01
2.653099671488226e-01
3.179051790450234e-01
3.779800582389451e-01
4.452452194004626e-01
5.187098947385634e-01
5.965104473193625e-01
6.758433936394203e-01
7.529630989455159e-01
8.236831558632896e-01
8.840244223605073e-01
9.310269552588881e-01
9.638619859023152e-01
9.837725990797873e-01
9.940416175160718e-01
9.982885313063459e-01
9.996194411406230e-01
9.999508882490591e-01
9.999931318543568e-01
9.999997288009219e-01
1.000000093000076e+00
9.999999425333437e-01
1.000000003963742e+00
1.000000012491507e+00
9.999999933776039e-01
1.000000000387613e+00
1.000000001481866e+00
9.999999992330562e-01
1.000000000036382e+00
1.000000000175673e+00
9.999999999112240e-01
1.000000000003201e+00
1.000000000020812e+00
9.999999999897291e-01
1.000000000000250e+00
1.000000000002464e+00
9.999999999988114e-01
1.000000000000015e+00
1.000000000000298e+00
9.999999999998421e-01
1.000000000000000e+00
###2.000000000000000e-01
5.070529278654808e-12
5.245141890956738e-11
6.463281571601128e-11
7.973946212570811e-11
9.827896498936180e-11
1.211047065948589e-10
1.491764378948132e-10
1.836961789477408e-10
2.261479720296381e-10
2.783607161417251e-10
3.425706668765752e-10
4.215390441297826e-10
5.186309515072438e-10
6.380234344135032e-10
7.848116323839045e-10
9.652556684716372e-10
1.187070517965789e-09
1.459712833028385e-09
1.794797166838983e-09
2.206565476996690e-09
2.712544365538628e-09
3.334216148285891e-09
4.097938393346005e-09
5.036146483022584e-09
6.188387776744297e-09
7.603602885374647e-09
9.341480149075054e-09
1.147536102999925e-08
1.409515326559406e-08
1.731117779880740e-08
2.125873783178243e-08
2.610358923769965e-08
3.204923872990908e-08
3.934436916092256e-08
4.829438115254279e-08
5.927471127947054e-08
7.274255595802448e-08
8.926009133954032e-08
1.095161085949076e-07
1.343521195271347e-07
1.648017603401265e-07
2.021293492479439e-07
2.478830887444112e-07
3.039586152765760e-07
3.726838930840586e-07
4.568814112263988e-07
5.600477995829642e-07
6.864403899906506e-07
8.412667383069590e-07
1.030938244603309e-06
1.263192231005732e-06
1.547667212431500e-06
1.896063395729086e-06
2.322704322500837e-06
2.845140768283181e-06
3.484942922502292e-06
4.268453180816524e-06
5.227930022143037e-06
6.402819145986584e-06
7.841832628240137e-06
9.604505134587983e-06
1.176373919176876e-05
1.440880593279998e-05
1.765031561508671e-05
2.162311252085144e-05
2.649326651678672e-05
3.246481659609304e-05
3.978839259056753e-05
4.877331535255494e-05
5.980020136397542e-05
7.333722385646427e-05
8.996293780149198e-05
1.103882590074776e-04
1.354882029863522e-04
1.663521163062323e-04
2.043067618248258e-04
2.510151517431380e-04
3.085006891786935e-04
3.792944476379696e-04
4.664979475737476e-04
5.739445978542603e-04
7.063785603370485e-04
8.696909916386516e-04
1.071071193563278e-03
1.319493687700627e-03
1.626031184597857e-03
2.004304407231949e-03
2.471108990817946e-03
3.047320141564842e-03
3.758565874973756e-03
4.636442846084484e-03
5.720014617205288e-03
7.057025141308375e-03
8.706541718378657e-03
1.074125772561410e-02
1.324966812205943e-02
1.634071566035438e-02
2.014711683057819e-02
2.483071972623224e-02
3.058713781497718e-02
3.765290439047955e-02
4.631252257624885e-02
5.690472781887244e-02
6.982926227899146e-02
8.555090221170077e-02
1.046055699416823e-01
1.275955216749519e-01
1.551763184114905e-01
1.880363368140372e-01
2.268567192655601e-01
2.722307260471263e-01
3.245861478625611e-01
3.840316579315619e-01
4.502112604098383e-01
5.221062410363770e-01
5.978944213671921e-01
6.749056215753009e-01
7.496527048518568e-01
8.182909437333988e-01
8.772050113204456e-01
9.237382267101142e-01
9.571054455903043e-01
9.783622634489271e-01
9.903073163590341e-01
9.961101892497699e-01
9.985664879284775e-01
9.995468306379389e-01
9.998741509925638e-01
9.999707978919186e-01
9.999944187393655e-01
9.999990694021345e-01
9.999998889917388e-01
9.999999961892614e-01
9.999999955340498e-01
1.000000000028812e+00
1.000000000874266e+00
9.999999995855829e-01
1.000000000009269e+00
1.000000000095894e+00
9.999999999549939e-01
1.000000000000714e+00
1.000000000010493e+00
9.999999999951329e-01
1.000000000000056e+00
1.000000000001132e+00
9.999999999994811e-01
1.000000000000002e+00
1.000000000000125e+00
9.999999999999368e-01
9.999999999999988e-01
###4.000000000000000e-01
1.061066069490339e-11
5.830628877389477e-11
7.204517499792853e-11
8.900840956539475e-11
1.098283153363883e-10
1.354791891852802e-10
1.670030662509998e-10
2.057601133408745e-10
2.534152858543147e-10
3.120220851564868e-10
3.840894814085322e-10
4.727247563386398e-10
5.816877144676931e-10
7.156882606234092e-10
8.804377324248425e-10
1.082950064483533e-09
1.331900764354703e-09
1.637904296180062e-09
2.013999967025068e-09
2.476161187186687e-09
3.044086067157798e-09
3.741887029822282e-09
4.599147722213129e-09
5.652350156917376e-09
6.945746265279394e-09
8.534500453680339e-09
1.048556002263493e-08
1.288130245702360e-08
1.582272361729119e-08
1.943375102744116e-08
2.386646333753505e-08
2.930706982736238e-08
3.598445998561082e-08
4.417767949460099e-08
5.423006235100923e-08
6.656476585700789e-08
8.169458002693066e-08
1.002520651426089e-07
1.230123196100505e-07
1.509205065137328e-07
1.851405820442982e-07
2.270947920947587e-07
2.785251817531605e-07
3.415650960054733e-07
4.188407388536033e-07
5.135114663642075e-07
6.295305535722223e-07
7.716895541216049e-07
9.458471181305296e-07
1.159250613672413e-06
1.420542354416473e-06
1.740646186521077e-06
2.132730956391208e-06
2.612911580285175e-06
3.200946436534668e-06
3.921186049734915e-06
4.803283711371542e-06
5.883534378760405e-06
7.206227799452336e-06
8.826362069461291e-06
1.081095801074944e-05
1.324192369358112e-05
1.621931387433263e-05
1.986798782021356e-05
2.433912857836621e-05
2.981909741555542e-05
3.653659602211007e-05
4.477197325810906e-05
5.487282025556893e-05
6.726130352683396e-05
8.246325940286685e-05
1.011243335669698e-04
1.240328776999258e-04
1.521611515481150e-04
1.867228808920094e-04
2.291787235505824e-04
2.813793526051259e-04
3.455435809882462e-04
4.244725238975290e-04
5.215669472633809e-04
6.410220671718987e-04
7.880252219428191e-04
9.690282042389395e-04
1.191802435208280e-03
1.466108200991910e-03
1.803939140781506e-03
2.219962543158850e-03
2.732175089314344e-03
3.363013455538927e-03
4.139810685805753e-03
5.096139631708297e-03
6.273465869009351e-03
7.721951071562657e-03
9.503717935920943e-03
1.169497489328177e-02
1.438752534937109e-02
1.769434893564084e-02
2.175209346255681e-02
2.672673037429208e-02
3.281700644759206e-02
4.026207055002873e-02
4.934859646910564e-02
6.041341217695999e-02
7.385280305111323e-02
9.012284883111744e-02
1.097432833565127e-01
1.332940223321185e-01
1.613960592480998e-01
1.946917511471125e-01
2.338073042713362e-01
2.792613044115316e-01
3.314084093736057e-01
3.902803117843553e-01
4.554622589461635e-01
5.259135883689507e-01
5.998536215882604e-01
6.747365823058228e-01
7.473079094621342e-01
8.140244130832905e-01
8.715910966304540e-01
9.176080734347533e-01
9.513296805574524e-01
9.736508543094573e-01
9.869693302608952e-01
9.940798261940907e-01
9.975151037125624e-01
9.990930974545346e-01
9.997134277828199e-01
9.999221307469600e-01
9.999820786896274e-01
9.999965166760899e-01
9.999994569219272e-01
9.999999360169072e-01
9.999999913300440e-01
9.999999994676846e-01
1.000000000486652e+00
9.999999997767275e-01
9.999999999990989e-01
1.000000000052222e+00
9.999999999772640e-01
9.999999999998898e-01
1.000000000005283e+00
9.999999999976990e-01
9.999999999999964e-01
1.000000000000520e+00
9.999999999997737e-01
9.999999999999994e-01
1.000000000000052e+00
9.999999999999747e-01
9.999999999999991e-01
###6.000000000000001e-01
1.666782508833400e-11
6.483786648259839e-11
8.030837875092910e-11
9.933682777502836e-11
1.226935300957693e-10
1.514925821209420e-10
1.868499220794442e-10
2.303203454836457e-10
2.837629470169579e-10
3.494818655810590e-10
4.302878451385365e-10
5.296724449945234e-10
6.518341334212087e-10
8.020738850197523e-10
9.867883672447152e-10
1.213826115649365e-09
1.492928530149058e-09
1.835994445269371e-09
2.257643853146177e-09
2.775768001257220e-09
3.412472283509467e-09
4.194783755076331e-09
5.155861624927626e-09
6.336664800420502e-09
7.786660505087220e-09
9.567894629090643e-09
1.175534880544552e-08
1.444139672329173e-08
1.773929906639439e-08
2.178801581287475e-08
2.675816930879200e-08
3.285855776276962e-08
4.034609735616172e-08
4.953335763623369e-08
6.080552971569758e-08
7.463835741355928e-08
9.160597198536213e-08
1.124184601098839e-07
1.379459621842962e-07
1.692477974255108e-07
2.076312582719386e-07
2.546922748790991e-07
3.123859454543890e-07
3.831067479364271e-07
4.698080057368592e-07
5.760193366071866e-07
7.061940269096637e-07
8.657091046977699e-07
1.061136384185174e-06
1.300632435664884e-06
1.593844016774808e-06
1.953084082965953e-06
2.393129290633483e-06
2.932048494291217e-06
3.592005874422340e-06
4.400376756852403e-06
5.390415532042285e-06
6.602802071164870e-06
8.087086923015322e-06
9.905077749524278e-06
1.213190182521234e-05
1.485920776933541e-05
1.819870999163817e-05
2.229062476247591e-05
2.730375062564078e-05
3.344628102983064e-05
4.097341783021680e-05
5.019741215171575e-05
6.150573415837370e-05
7.536832991601257e-05
9.236931433438592e-05
1.132269268408748e-04
1.388120278839292e-04
1.702002122435356e-04
2.087369788554686e-04
2.560250416944184e-04
3.141129518707770e-04
3.854260638310492e-04
4.730491893361422e-04
5.806974978960890e-04
7.129452542922338e-04
8.754430964285408e-04
1.075226264441720e-03
1.320672876301347e-03
1.622357093340155e-03
1.993214762424555e-03
2.449020949282179e-03
3.008979276503997e-03
3.697132476697725e-03
4.542554204171731e-03
5.580827051161480e-03
6.855843244484574e-03
8.420206858899685e-03
1.033910185335235e-02
1.269223420581722e-02
1.557469452303251e-02
1.910342548523100e-02
2.341890776595149e-02
2.869107021839301e-02
3.512161740448953e-02
4.295208009689634e-02
5.247100910611259e-02
6.401290768232376e-02
7.797041799500419e-02
9.479062998364429e-02
1.149772577539773e-01
1.390880277169171e-01
1.677104842289902e-01
2.014429157940659e-01
2.408590191533078e-01
2.864079992573402e-01
3.383765181239648e-01
3.967265241306246e-01
4.609912594200581e-01
5.301127793494445e-01
6.023522720751712e-01
6.752787272620832e-01
7.458471485922399e-01
8.107819947851426e-01
8.670692047749107e-01
9.125289012292894e-01
9.464519932538145e-01
9.695952065271887e-01
9.840268940956980e-01
9.922270591523075e-01
9.965046692590114e-01
9.986209729543490e-01
9.995267696476698e-01
9.998584390652412e-01
9.999636449640306e-01
9.999920880710191e-01
9.999985815508519e-01
9.999997958954538e-01
9.999999750701669e-01
9.999999978149717e-01
1.000000000157389e+00
9.999999998749624e-01
9.999999999959868e-01
1.000000000028368e+00
9.999999999885563e-01
9.999999999997009e-01
1.000000000002655e+00
9.999999999989149e-01
9.999999999999837e-01
1.000000000000239e+00
9.999999999999014e-01
9.999999999999990e-01
1.000000000000022e+00
9.999999999999899e-01
9.999999999999996e-01
###8.000000000000000e-01
2.329826136501005e-11
7.211740232499648e-11
8.950815608792381e-11
1.108259197112467e-10
1.370011459711864e-10
1.692901965987862e-10
2.089107231377971e-10
2.576265092681675e-10
3.174857512033137e-10
3.911023181874740e-10
4.816109932500675e-10
5.929273507706292e-10
7.297403542029762e-10
8.980018956650823e-10
1.104869434499383e-09
1.359117497208837e-09
1.671664771689260e-09
2.055832642869845e-09
2.527991127271952e-09
3.108154082363184e-09
3.821090674288920e-09
4.697046455873095e-09
5.773140425139420e-09
7.095273361913210e-09
8.718682919232058e-09
1.071301514972856e-08
1.316210862287052e-08
1.616938988303930e-08
1.986165240381940e-08
2.439442871262308e-08
2.995880958969303e-08
3.678847716501915e-08
4.517123254468341e-08
5.545658284231723e-08
6.807580961142585e-08
8.356249414482179e-08
1.025582950378724e-07
1.258585252076290e-07
1.544377682836956e-07
1.894807865281024e-07
2.324522098122523e-07
2.851385744657952e-07
3.497286511540996e-07
4.289031724738628e-07
5.259735658995693e-07
6.448753886512329e-07
7.906084250767946e-07
9.691899682429955e-07
1.187971180258726e-06
1.456079965036564e-06
1.784322366236472e-06
2.186462366780409e-06
2.679048623131818e-06
3.282276936209558e-06
4.020927853629693e-06
4.925661373024149e-06
6.033640723839761e-06
7.390299864540540e-06
9.050890708838784e-06
1.108458503974255e-05
1.357527190133341e-05
1.662511574740657e-05
2.035841230015158e-05
2.493190437323840e-05
3.053334688999863e-05
3.739438361898994e-05
4.579864395066430e-05
5.609256088469612e-05
6.870599920079975e-05
8.416073289091582e-05
1.031022575400706e-04
1.263260998992517e-04
1.547915433868089e-04
1.896831953891828e-04
2.324862408150234e-04
2.849538422564788e-04
3.493430645493196e-04
4.282971978770000e-04
5.251988996557388e-04
6.440932760459998e-04
7.899513031025353e-04
9.689074991681778e-04
1.188604023518064e-03
1.458050436978456e-03
1.788663503906934e-03
2.194352941047981e-03
2.692033597769330e-03
3.302151413321938e-03
4.050390524972193e-03
4.967600675072160e-03
6.091407405429937e-03
7.468154764103769e-03
9.152912118346207e-03
1.121393067519977e-02
1.373439763294919e-02
1.681266690104069e-02
2.056957264312417e-02
2.514933040515084e-02
3.072566624288615e-02
3.750306860485465e-02
4.572522227750560e-02
5.568220162747111e-02
6.770601282175175e-02
8.218525329434910e-02
9.955783130277591e-02
1.203115921145942e-01
1.449822477234413e-01
1.741249351998524e-01
2.082956816320177e-01
2.480179684592133e-01
2.936763624703229e-01
3.454942105946499e-01
4.033700816368227e-01
4.667909117703463e-01
5.346859528848614e-01
6.053566154082433e-01
6.764789431158125e-01
7.451962405765712e-01
8.084713163825300e-01
8.635368850763219e-01
9.084026830614824e-01
9.423946204301433e-01
9.661521830223488e-01
9.814720710555739e-01
9.905697214956513e-01
9.955633393926233e-01
9.981546761388186e-01
9.993278188927447e-01
9.997847882323061e-01
9.999403277184497e-01
9.999858890841531e-01
9.999972148011961e-01
9.999995505943097e-01
9.999999408809166e-01
9.999999940066177e-01
9.999999997150121e-01
9.999999999117724e-01
9.999999999950443e-01
1.000000000015354e+00
9.999999999942605e-01
9.999999999997244e-01
1.000000000001332e+00
9.999999999994897e-01
9.999999999999852e-01
1.000000000000110e+00
9.999999999999571e-01
9.999999999999992e-01
1.000000000000009e+00
9.999999999999960e-01
9.999999999999998e-01
###1.000000000000000e+00
3.055528325254328e-11
8.021152263378787e-11
9.973030767750457e-11
1.235858849619962e-10
1.528879508914307e-10
1.890444681454489e-10
2.333948931797197e-10
2.879288874534531e-10
3.549019228830963e-10
4.372739680157016e-10
5.385378747225274e-10
6.630745647496791e-10
8.161283417009720e-10
1.004357578925701e-09
1.235758685501836e-09
1.520152738671051e-09
1.869735395875003e-09
2.299408722506635e-09
2.827475906932720e-09
3.476295644295712e-09
4.273578930794664e-09
5.253122299584190e-09
6.456418324239023e-09
7.934814651442572e-09
9.749919548511491e-09
1.197975112627880e-08
1.471791791412354e-08
1.808001480236091e-08
2.220775383477362e-08
2.727490760505598e-08
3.349509513429573e-08
4.112940044123661e-08
5.049952483521417e-08
6.199565414027548e-08
7.609970378287759e-08
9.340874774966305e-08
1.146386299553970e-07
1.406781721183134e-07
1.726165107269206e-07
2.117759709308878e-07
2.597935572828795e-07
3.186645696058558e-07
3.908335564264090e-07
4.792944190047339e-07
5.877498949843473e-07
7.205795645127540e-07
8.833794870747139e-07
1.082865738593829e-06
1.327239399739293e-06
1.626687162179699e-06
1.993276133256219e-06
2.442350458186799e-06
2.992384342095037e-06
3.665884399957904e-06
4.490471080512987e-06
5.500365027872221e-06
6.736964393283633e-06
8.250848051105830e-06
1.010343471819770e-05
1.237184717432952e-05
1.514942805216447e-05
1.854967485394107e-05
2.271043380955779e-05
2.780620770866189e-05
3.404511543675815e-05
4.168394972362879e-05
5.103678780282053e-05
6.248662946219734e-05
7.650864253963904e-05
9.367982778693272e-05
1.147111161944390e-04
1.404791189270048e-04
1.720401814675977e-04
2.106913181156108e-04
2.580664460582218e-04
3.160778190119528e-04
3.872020737683130e-04
4.743121061779518e-04
5.811030676934503e-04
7.119659202896732e-04
8.722864441086309e-04
1.068704087926018e-03
1.309492061548079e-03
1.604316307483001e-03
1.965465567867795e-03
2.407855520685865e-03
2.949573307633731e-03
3.612344804943625e-03
4.423524181129748e-03
5.415780056104353e-03
6.628811329813071e-03
8.111439467532363e-03
9.921220340039501e-03
1.212947840774330e-02
1.482286668123372e-02
1.810297599879840e-02
2.209446225270522e-02
2.694517816919747e-02
3.283249162229885e-02
3.996350233599334e-02
4.858382600730204e-02
5.898472830707733e-02
7.149553857225437e-02
8.650044010093363e-02
1.044279799370704e-01
1.257502672744205e-01
1.509811880428461e-01
1.806444387047444e-01
2.152554542880440e-01
2.552896567516416e-01
3.010712236162238e-01
3.527644395649893e-01
4.102100896408304e-01
4.728539023287834e-01
5.396154646754631e-01
6.088350778154382e-01
6.782879451193815e-01
7.452871076567046e-01
8.070080344889402e-01
8.609002724843842e-01
9.051396142858894e-01
9.390808221424427e-01
9.628846590131670e-01
9.792778839740068e-01
9.891119623490627e-01
9.947068942615925e-01
9.977110184657065e-01
9.991273061722750e-01
9.997058925400888e-01
9.999136040916344e-01
9.999782275086532e-01
9.999953795391177e-01
9.999991903447673e-01
9.999998845568199e-01
9.999999870635382e-01
9.999999989847399e-01
9.999999998970626e-01
9.999999999932602e-01
1.000000000008301e+00
9.999999999971049e-01
9.999999999998052e-01
1.000000000000665e+00
9.999999999997614e-01
9.999999999999895e-01
1.000000000000050e+00
9.999999999999813e-01
9.999999999999996e-01
1.000000000000004e+00
9.999999999999984e-01
9.999999999999999e-01
###1.200000000000000e+00
3.849958360833573e-11
8.919613114303371e-11
1.110647758476827e-10
1.377352172176043e-10
1.705020284115111e-10
2.109384533716944e-10
2.605347822097350e-10
3.215041865123603e-10
3.963523832384532e-10
4.884173650630729e-10
6.015855503800062e-10
7.407524887433780e-10
9.117755701848953e-10
1.122094028682374e-09
1.380631469250708e-09
1.698360704694424e-09
2.088888679900193e-09
2.568861821131335e-09
3.158715977880185e-09
3.883389809457014e-09
4.773844213333763e-09
5.867785918098517e-09
7.211524378774989e-09
8.862408165768996e-09
1.088905953041650e-08
1.337870504939442e-08
1.643571519897876e-08
2.018904928231133e-08
2.479683824275327e-08
3.045290081850444e-08
3.739559695435386e-08
4.591611496689099e-08
5.637335660485840e-08
6.920216798714786e-08
8.493999287510506e-08
1.042535069686475e-07
1.279398880274312e-07
1.569903386030728e-07
1.926194414234500e-07
2.363000735910503e-07
2.898578934479666e-07
3.555159875136229e-07
4.359987939936322e-07
5.346421051059641e-07
6.555753380665937e-07
8.036628888493936e-07
9.851502837469061e-07
1.207514813716895e-06
1.479882714662533e-06
1.813592662090839e-06
2.222081188959022e-06
2.722409948761777e-06
3.335141983261504e-06
4.085289888617838e-06
5.003551138347944e-06
6.127999830625577e-06
7.504614295709936e-06
9.189531756512893e-06
1.125082914175505e-05
1.377420077933814e-05
1.686317273595290e-05
2.064343639715115e-05
2.526740717759560e-05
3.092864756305365e-05
3.785711727201323e-05
4.633654009251059e-05
5.671355765873938e-05
6.941023069229536e-05
8.495006933862549e-05
1.039688536980923e-04
1.272471676399105e-04
1.557477528222642e-04
1.906297498164599e-04
2.333093304586702e-04
2.855774632700343e-04
3.495143893488101e-04
4.278278048947380e-04
5.236321683099216e-04
6.409502784079945e-04
7.845352688529364e-04
9.602062552989966e-04
1.175129146916996e-03
1.438232993710003e-03
1.759865274290965e-03
2.153216728729528e-03
2.634241524653460e-03
3.222232173331222e-03
3.940241124157676e-03
4.817293835928460e-03
5.887948392350355e-03
7.193998080357537e-03
8.786767566344970e-03
1.072631886197543e-02
1.308705557966528e-02
1.595908179757993e-02
1.944719654550938e-02
2.367980905934261e-02
2.880831162489433e-02
3.501356252107079e-02
4.250510099134542e-02
5.153025449751204e-02
6.238116564729769e-02
7.538430049120554e-02
9.091908525236939e-02
1.094045349126476e-01
1.312971366793929e-01
1.570891436705528e-01
1.872737048785849e-01
2.223272011382009e-01
2.626790098329571e-01
3.085967254827862e-01
3.601894254625485e-01
4.172450301427488e-01
4.791724459025177e-01
5.448841028387261e-01
6.127576388182903e-01
6.806599917223786e-01
7.460574709549305e-01
8.063157355877716e-01
8.590758943973068e-01
9.026598038843771e-01
9.364489875637962e-01
9.606358884513310e-01
9.774404411756034e-01
9.878602973261343e-01
9.939504120887971e-01
9.973039484033974e-01
9.989345278173187e-01
9.996261568950982e-01
9.998850914133111e-01
9.999695439403531e-01
9.999931579230463e-01
9.999987213557527e-01
9.999998047690144e-01
9.999999763129703e-01
9.999999978252586e-01
9.999999998264359e-01
9.999999999892226e-01
1.000000000004289e+00
9.999999999985384e-01
9.999999999998737e-01
1.000000000000331e+00
9.999999999998889e-01
9.999999999999933e-01
1.000000000000023e+00
9.999999999999919e-01
9.999999999999998e-01
1.000000000000002e+00
9.999999999999993e-01
1.000000000000000e+00
###1.400000000000000e+00
4.719647040155524e-11
9.915272297982942e-11
1.236162931407963e-10
1.534018206000847e-10
1.900016986090358e-10
2.351702869366063e-10
2.905684539784785e-10
3.586333431542272e-10
4.422064239531397e-10
5.449855256758777e-10
6.713100219686145e-10
8.266428691921977e-10
1.017519465248210e-09
1.252235351280096e-09
1.540742587673624e-09
1.895276153076444e-09
2.331002681105599e-09
2.866488827929086e-09
3.524520714505322e-09
4.332868609051499e-09
5.326077780179614e-09
6.546161580388267e-09
8.044708030048780e-09
9.885682045079202e-09
1.214541123179878e-08
1.492124382736373e-08
1.832934584447056e-08
2.251337682683340e-08
2.764947404202668e-08
3.395347724968748e-08
4.169086898374696e-08
5.118579740319258e-08
6.283799034698981e-08
7.713119977596930e-08
9.466367185075164e-08
1.161782436483106e-07
1.425611491050355e-07
1.749153684981622e-07
2.145927438467735e-07
2.632305860992879e-07
3.228605136643626e-07
3.959542170693945e-07
4.855413011811681e-07
5.953306230274003e-07
7.299154218386972e-07
8.946890245052858e-07
1.096603061484366e-06
1.343962578863529e-06
1.646899110070794e-06
2.018002543691141e-06
2.472194102631091e-06
3.028398914373090e-06
3.709442345244680e-06
4.543049974259968e-06
5.563247641584689e-06
6.812273305255824e-06
8.341050763362877e-06
1.021171260677012e-05
1.249951248331140e-05
1.529937189890261e-05
1.872576979654032e-05
2.291749764288904e-05
2.804261019174361e-05
3.431509810333631e-05
4.198831073612993e-05
5.137477150511189e-05
6.285590265911819e-05
7.689543301495797e-05
9.406838972841971e-05
1.150730430995727e-04
1.407640188120596e-04
1.721954409247367e-04
2.106352093852990e-04
2.576256327024663e-04
3.151233828632084e-04
3.853858427069575e-04
4.713636913881308e-04
5.764252042645018e-04
7.049364916477782e-04
8.620295812874939e-04
1.053975901951954e-03
1.288489842497595e-03
1.575181738750621e-03
1.925105993918878e-03
2.352386001431111e-03
2.874047391936222e-03
3.510621616936626e-03
4.286521836895634e-03
5.232483548548522e-03
6.384987847992178e-03
7.787955494864611e-03
9.495240313904661e-03
1.156942856044492e-02
1.408800867513301e-02
1.714452146856882e-02
2.084694311449202e-02
2.532736874439267e-02
3.074063238552505e-02
3.727093443792557e-02
4.513008228695952e-02
5.456689910157479e-02
6.587410489508429e-02
7.937510964226660e-02
9.544426090074683e-02
1.144908761519281e-01
1.369559152648985e-01
1.633101897183485e-01
1.940171221916095e-01
2.295154518734107e-01
2.701903854990776e-01
3.162563436873267e-01
3.677706829561880e-01
4.244727820743963e-01
4.857384908331773e-01
5.504745224145081e-01
6.170958102629664e-01
6.835524199286518e-01
7.474499784036533e-01
8.063244936550330e-01
8.579875201753610e-01
9.008898944276025e-01
9.344412795969043e-01
9.588488498486288e-01
9.759485536362593e-01
9.868162675662674e-01
9.933031083882118e-01
9.969436831992253e-01
9.987569372505336e-01
9.995494968964503e-01
9.998564055747753e-01
9.999603589310684e-01
9.999906765330328e-01
9.999981651359315e-01
9.999997035128737e-01
9.999999616281989e-01
9.999999961489442e-01
9.999999996942961e-01
9.999999999813163e-01
1.000000000001817e+00
9.999999999992538e-01
9.999999999999216e-01
1.000000000000164e+00
9.999999999999484e-01
9.999999999999961e-01
1.000000000000011e+00
9.999999999999964e-01
9.999999999999999e-01
1.000000000000001e+00
9.999999999999998e-01
1.000000000000000e+00
###1.600000000000000e+00
5.672684628703593e-11
1.101694126813308e-10
1.374973458428003e-10
1.707233573138171e-10
2.115576272518701e-10
2.619520918430363e-10
3.237573595841867e-10
3.996557819863696e-10
4.928605495107915e-10
6.074655646249196e-10
7.483095876192688e-10
9.214789717467690e-10
1.134263573706843e-09
1.395881908425558e-09
1.717438403851840e-09
2.112547555506470e-09
2.598094117505891e-09
3.194753840752239e-09
3.927861945048826e-09
4.828410980401062e-09
5.934777469164941e-09
7.293755291377481e-09
8.962668433232328e-09
1.101279082146226e-08
1.352893726366374e-08
1.661952713288095e-08
2.041362032788672e-08
2.507105084589660e-08
3.078766319221034e-08
3.780343510692430e-08
4.641352784599875e-08
5.697814432153583e-08
6.994172952027265e-08
8.584150999795703e-08
1.053421712640986e-07
1.292697876764693e-07
1.586078562785738e-07
1.945814081734043e-07
2.386920081781737e-07
2.927563337171630e-07
3.590304615420450e-07
4.402571806220011e-07
5.397978248922461e-07
6.617676044156761e-07
8.112597062943086e-07
9.942559123732210e-07
1.218461177620826e-06
1.493083706073674e-06
1.829345614327989e-06
2.241193563297184e-06
2.745155969867325e-06
3.362176441291220e-06
4.117526835662900e-06
5.041865106784515e-06
6.172811665704880e-06
7.557097133311355e-06
9.250976979395131e-06
1.132304078361108e-05
1.385626568089580e-05
1.695549251166934e-05
2.074696375110411e-05
2.538352429852627e-05
3.104999192051805e-05
3.798222523013994e-05
4.645858668008493e-05
5.682235742427301e-05
6.949205965639256e-05
8.497581430240024e-05
1.039034802253815e-04
1.270396917362568e-04
1.553176823031330e-04
1.898884222104003e-04
2.321347719677932e-04
2.837323920713268e-04
3.468126496917604e-04
4.238194906698845e-04
5.179589432835434e-04
6.328656621231988e-04
7.732652500196261e-04
9.446857669322152e-04
1.153870385554988e-03
1.409104491441437e-03
1.720705805746497e-03
2.100461293792039e-03
2.563458283396844e-03
3.127827290142985e-03
3.815372707917334e-03
4.651902535443292e-03
5.669901306074194e-03
6.907806872292552e-03
8.411700050533297e-03
1.023798990932420e-02
1.245180353575515e-02
1.513371952290308e-02
1.838070122900105e-02
2.230386861945467e-02
2.703893577378980e-02
3.274408013489064e-02
3.960669824888675e-02
4.784069411228951e-02
5.769617272542644e-02
6.946614402954243e-02
8.347076285894917e-02
1.000789933869050e-01
1.196902924561727e-01
1.427301670922055e-01
1.696481702473212e-01
2.008787492682530e-01
2.368242948732361e-01
2.778275779914595e-01
3.240528972494425e-01
3.755090355330776e-01
4.318906279058473e-01
4.925436968430704e-01
5.563708233125791e-01
6.218224408523929e-01
6.869252958815604e-01
7.494113624331785e-01
8.069699496739092e-01
8.575648202894594e-01
8.997613560056563e-01
9.329990777098567e-01
9.574897084792084e-01
9.747774875890097e-01
9.859724267481840e-01
9.927666908011078e-01
9.966356174634240e-01
9.985994043918428e-01
9.994788977574066e-01
9.998289230170071e-01
9.999511751146304e-01
9.999880782302932e-01
9.999975525499405e-01
9.999995855455631e-01
9.999999434357081e-01
9.999999939458495e-01
9.999999994981106e-01
9.999999999684218e-01
1.000000000000023e+00
9.999999999995973e-01
9.999999999999527e-01
1.000000000000081e+00
9.999999999999761e-01
9.999999999999978e-01
1.000000000000005e+00
9.999999999999984e-01
9.999999999999999e-01
1.000000000000000e+00
9.999999999999999e-01
1.000000000000000e+00
###1.800000000000000e+00
6.715515704013226e-11
1.223408817696033e-10
1.528269666647026e-10
1.898481062465066e-10
2.353537011339688e-10
2.915129754346399e-10
3.603707676486994e-10
4.449178764113581e-10
5.487408235229057e-10
6.763811626799605e-10
8.332221087390147e-10
1.026048618457782e-09
1.262967039602462e-09
1.554215408593155e-09
1.912165054859385e-09
2.351943806340490e-09
2.892325047511350e-09
3.556299806803715e-09
4.372006402152168e-09
5.373963141532220e-09
6.604880951168060e-09
8.116385460289345e-09
9.972571437849351e-09
1.225241758641147e-08
1.505031671242049e-08
1.848635116241013e-08
2.270437203028327e-08
2.788135945473446e-08
3.423489421072445e-08
4.203136190188801e-08
5.159836182843240e-08
6.333558561050541e-08
7.773608489308470e-08
9.539576279923284e-08
1.170519878436648e-07
1.436206578513810e-07
1.761923201244501e-07
2.161248079084578e-07
2.650827130774923e-07
3.250780517790533e-07
3.986111427300530e-07
4.887196989938588e-07
5.991259443511789e-07
7.343857371162153e-07
9.001138460786245e-07
1.102997170143751e-06
1.351491108961573e-06
1.655804443033037e-06
2.028341056181669e-06
2.484516450989213e-06
3.042596337481366e-06
3.725707291368824e-06
4.561765214224795e-06
5.584586134592656e-06
6.835673442971548e-06
8.366596219704479e-06
1.023934963908629e-05
1.252946754568102e-05
1.532822678056784e-05
1.875111770754181e-05
2.293699985811169e-05
2.805377392508191e-05
3.430419996081553e-05
4.194751824639534e-05
5.128880519184303e-05
6.270415049866980e-05
7.665160229786625e-05
9.368651839946372e-05
1.144970486948831e-04
1.399182330813147e-04
1.709666614583376e-04
2.088958322378258e-04
2.552100103512717e-04
3.117256673164691e-04
3.807582035721804e-04
4.649478245369866e-04
5.677687233762109e-04
6.931348137425486e-04
8.461478952068911e-04
1.032749622399633e-03
1.260174802524120e-03
1.537302840075930e-03
1.875185593186895e-03
2.286368487948746e-03
2.786934685541689e-03
3.396153456202480e-03
4.137136551880869e-03
5.037120925837047e-03
6.130379376581267e-03
7.457340396472994e-03
9.066276928058876e-03
1.101617937997994e-02
1.337473074181725e-02
1.622560457526953e-02
1.966917248074311e-02
2.381966243946329e-02
2.881634061540120e-02
3.482062741586086e-02
4.202268088260692e-02
5.063920590701906e-02
6.092050224763232e-02
7.315987936132907e-02
8.767403356352424e-02
1.048262533729627e-01
1.250059716767320e-01
1.486232962817308e-01
1.761066918401875e-01
2.078623131184310e-01
2.442573822861048e-01
2.855938337680527e-01
3.319885755564582e-01
3.834046534238807e-01
4.394952958616135e-01
4.995794709150299e-01
5.625569573883332e-01
6.269115440825094e-01
6.907407966885295e-01
7.518925594895278e-01
8.081928452231079e-01
8.577431738931185e-01
8.992112967183145e-01
9.320680176343291e-01
9.565243017757005e-01
9.739025031907523e-01
9.853188391685573e-01
9.923396762281810e-01
9.963823676874051e-01
9.984651579368883e-01
9.994165733820097e-01
9.998037724825334e-01
9.999424462517630e-01
9.999855068605433e-01
9.999969193809378e-01
9.999994575992710e-01
9.999999226492077e-01
9.999999912888000e-01
9.999999992419696e-01
9.999999999501856e-01
9.999999999984306e-01
9.999999999997445e-01
9.999999999999715e-01
1.000000000000040e+00
9.999999999999890e-01
9.999999999999988e-01
1.000000000000002e+00
9.999999999999993e-01
1.000000000000000e+00
1.000000000000000e+00
1.000000000000000e+00
1.000000000000000e+00
###2.000000000000000e+00
7.855254690656720e-11
1.357688279492589e-10
1.697323432499782e-10
2.109351883083939e-10
2.615874624420306e-10
3.240959875103202e-10
4.007211095496763e-10
4.947917927510259e-10
6.103049451604180e-10
7.522943198950727e-10
9.267402927127412e-10
1.141197134622181e-09
1.404664020704590e-09
1.728501717206031e-09
2.126471266698967e-09
2.615361221474627e-09
3.216013167613465e-09
3.953954582334074e-09
4.860412673447820e-09
5.973747438778176e-09
7.341463546402402e-09
9.020373652159355e-09
1.108208434618234e-08
1.361400177455132e-08
1.672103470023331e-08
2.053578563830424e-08
2.521836587124580e-08
3.096489907413278e-08
3.801619354228744e-08
4.666776844925917e-08
5.728248747707766e-08
7.030254530884903e-08
8.627596487580462e-08
1.058606205192421e-07
1.298752238842100e-07
1.593292563855957e-07
1.954340392652102e-07
2.396905805576735e-07
2.939407752410406e-07
3.604089101502665e-07
4.418603544566541e-07
5.416549706963227e-07
6.639046856422010e-07
8.136426080015307e-07
9.970547579082224e-07
1.221584312652153e-06
1.496504962340839e-06
1.833105287679280e-06
2.245069347492199e-06
2.749394694539927e-06
3.366237462606604e-06
4.121066903937582e-06
5.044655086314930e-06
6.174221225889089e-06
7.555450480600937e-06
9.245118219717334e-06
1.131139012254185e-05
1.383725831130338e-05
1.692290623900609e-05
2.069524355637935e-05
2.530664496302700e-05
3.094112020673176e-05
3.782060864909820e-05
4.622932258506303e-05
5.650083350582371e-05
6.904618638175511e-05
8.436549155871082e-05
1.030643132591513e-04
1.258927010578949e-04
1.537603147002006e-04
1.877720375192958e-04
2.292898022991345e-04
2.799459707783021e-04
3.417055357313249e-04
4.170776222692835e-04
5.089086754815985e-04
6.209543258670389e-04
7.574209526885375e-04
9.238037861224467e-04
1.126476070257800e-03
1.373184603070742e-03
1.673426342041973e-03
2.039014684159817e-03
2.483279685225774e-03
3.023332848128179e-03
3.679616511773631e-03
4.476584595671993e-03
5.442937105384303e-03
6.614774538410815e-03
8.034549989774056e-03
9.752760059825708e-03
1.183100247800909e-02
1.433952967273707e-02
1.736511431810203e-02
2.101152155690295e-02
2.539604907241241e-02
3.066144787136324e-02
3.697227798395807e-02
4.452129116966953e-02
5.352790590543683e-02
6.424232304219508e-02
7.695789882053466e-02
9.198766354288582e-02
1.096889466070502e-01
1.304409910488120e-01
1.546385375756218e-01
1.826891159441605e-01
2.149712050328941e-01
2.518179311208269e-01
2.934918605945679e-01
3.400651467720975e-01
3.914570750069660e-01
4.472829773725002e-01
5.068369578609778e-01
5.690170167566074e-01
6.323382386402203e-01
6.949639203572813e-01
7.548467424208799e-01
8.099385860939394e-01
8.584631865549587e-01
8.991819170766201e-01
9.315976141401895e-01
9.559189162356817e-01
9.732990469407073e-01
9.848436284925364e-01
9.920181652511104e-01
9.961844000197242e-01
9.983559783749159e-01
9.993640247513246e-01
9.997818123850069e-01
9.999345510425922e-01
9.999830938898900e-01
9.999963016762505e-01
9.999993274355952e-01
9.999999005197163e-01
9.999999883208897e-01
9.999999989379879e-01
9.999999999270858e-01
9.999999999967896e-01
9.999999999997862e-01
9.999999999999815e-01
1.000000000000020e+00
9.999999999999950e-01
9.999999999999993e-01
1.000000000000001e+00
9.999999999999998e-01
1.000000000000000e+00
1.000000000000000e+00
1.000000000000000e+00
1.000000000000000e+00
###2.200000000000000e+00
9.101673469036469e-11
1.505625438250951e-10
1.883514440901508e-10
2.341541520076458e-10
2.904711395057776e-10
3.599642268437765e-10
4.451328161613054e-10
5.496770839603457e-10
6.780461410779163e-10
8.358082318462638e-10
1.029605173523579e-09
1.267830091072864e-09
1.560459657316332e-09
1.920093086148386e-09
2.362010948831198e-09
2.904828574386072e-09
3.571640523275997e-09
4.390734577188849e-09
5.396782170820721e-09
6.632279180901052e-09
8.150020507167603e-09
1.001248435689273e-08
1.229934316607665e-08
1.510759344465329e-08
1.855315961739622e-08
2.278265524311406e-08
2.797378195729205e-08
3.434365143742958e-08
4.215816787133217e-08
5.174518518864320e-08
6.350546728213902e-08
7.792778773709919e-08
9.561979693559402e-08
1.173070965673281e-07
1.438963480706681e-07
1.765002725186530e-07
2.164586338151722e-07
2.654328260998733e-07
3.254530529059211e-07
3.989748525772824e-07
4.890497419486406e-07
5.993943145152583e-07
7.345361754313729e-07
9.000194159490307e-07
1.102674163313390e-06
1.350728502214328e-06
1.654361216150236e-06
2.026023474066167e-06
2.480782630123360e-06
3.037318235336919e-06
3.717898293166014e-06
4.550446327856008e-06
5.568833458518638e-06
6.813945640211416e-06
8.335955855855932e-06
1.019724331745281e-05
1.247259601126427e-05
1.525300619146606e-05
1.864820279579289e-05
2.279732569088070e-05
2.786720922245005e-05
3.405907829648803e-05
4.161534857686447e-05
5.084687413985244e-05
6.211758581689287e-05
7.587572982886995e-05
9.266612901390387e-05
1.131476523578480e-04
1.381360119308486e-04
1.686198793152758e-04
2.057975624064181e-04
2.511455653274793e-04
3.064312935207489e-04
3.737762299157386e-04
4.558932762128463e-04
5.558453888065860e-04
6.776826281412716e-04
8.259196128804344e-04
1.006460542240986e-03
1.226129428432330e-03
1.493205887685810e-03
1.817828482375589e-03
2.212600198675511e-03
2.691662168267763e-03
3.273187344895931e-03
3.978825889159408e-03
4.834409068662284e-03
5.870134016445226e-03
7.123968534442932e-03
8.640424304619178e-03
1.047225254909944e-02
1.268368406967708e-02
1.534755270587527e-02
1.855373357338866e-02
2.240937002258930e-02
2.703478861132869e-02
3.257615712393588e-02
3.920107084092811e-02
4.710476291643483e-02
5.650910718262837e-02
6.766407942073453e-02
8.086278078661061e-02
9.641436001405224e-02
1.146699100614659e-01
1.359983131118259e-01
1.607789530219464e-01
1.893985581497035e-01
2.222084849374943e-01
2.595087351281866e-01
3.015238586407603e-01
3.482842479165326e-01
3.996652646384877e-01
4.552493684082246e-01
5.143070634856556e-01
5.757352782986259e-01
6.380786394354849e-01
6.995613734559297e-01
7.582319331235682e-01
8.121565889961547e-01
8.596702130927413e-01
8.996197779933351e-01
9.315409017162927e-01
9.556404815329205e-01
9.729426403999237e-01
9.845336102626473e-01
9.917964674688639e-01
9.960404187302765e-01
9.982724793394984e-01
9.993221196957345e-01
9.997636328545093e-01
9.999277766986240e-01
9.999809491664166e-01
9.999957323268265e-01
9.999992028131236e-01
9.999998784563974e-01
9.999999852312957e-01
9.999999986053665e-01
9.999999999003745e-01
9.999999999950199e-01
9.999999999997674e-01
9.999999999999859e-01
1.000000000000010e+00
9.999999999999977e-01
9.999999999999997e-01
1.000000000000000e+00
9.999999999999999e-01
1.000000000000000e+00
1.000000000000000e+00
1.000000000000000e+00
1.000000000000000e+00
###2.400000000000000e+00
1.046395858370738e-10
1.668393428494038e-10
2.088564488519824e-10
2.596898815299224e-10
3.222314271370118e-10
3.993994673706212e-10
4.939538894671565e-10
6.100002486412948e-10
7.524899032315686e-10
9.275690116367221e-10
1.142609790462934e-09
1.406915115650208e-09
1.731549981186775e-09
2.130452961726600e-09
2.620573881889084e-09
3.222510713511424e-09
3.961847719096978e-09
4.869903648328424e-09
5.985073791332620e-09
7.354386203020269e-09
9.036445148022609e-09
1.109983791985370e-08
1.363315382922178e-08
1.674361763345624e-08
2.055966479166746e-08
2.524277935310717e-08
3.098990716471646e-08
3.804103998805176e-08
4.668947088325984e-08
5.729798036110961e-08
7.030907193969841e-08
8.626251826927991e-08
1.058297960724405e-07
1.298100133641767e-07
1.592074567161825e-07
1.952447456514614e-07
2.394023203634906e-07
2.935148864879298e-07
3.598164736961205e-07
4.410168431478566e-07
5.404740251337470e-07
6.622866356867831e-07
8.114455211502573e-07
9.940390461880632e-07
1.217608687251291e-06
1.491182647647805e-06
1.825968777111617e-06
2.235655613455891e-06
2.736802732918289e-06
3.349904772980942e-06
4.099499440474637e-06
5.016157727130513e-06
6.137071012516563e-06
7.507101163065145e-06
9.181206908984447e-06
1.122779438333318e-05
1.372875294939824e-05
1.678363177449538e-05
2.051241960347452e-05
2.506729808095950e-05
3.063056792498909e-05
3.742183013703196e-05
4.570533590289035e-05
5.582033311783592e-05
6.816306233237035e-05
8.322131961728001e-05
1.015874083425277e-04
1.239767335741849e-04
1.512745916761311e-04
1.845532408729193e-04
2.251097445738342e-04
2.745415521620727e-04
3.347583200517475e-04
4.080462546768955e-04
4.973324550216712e-04
6.059069368328231e-04
7.381248376964315e-04
8.988336937304016e-04
1.094354221907486e-03
1.331983608819500e-03
1.620555626001484e-03
1.970875010330094e-03
2.396363036432393e-03
2.911998638351900e-03
3.537049920745298e-03
4.294410048750197e-03
5.211323166241855e-03
6.319517566254481e-03
7.658868099112244e-03
9.275978973098573e-03
1.122588637989476e-02
1.357547959289728e-02
1.640018420876835e-02
1.979298012640086e-02
2.386437265944009e-02
2.873767375236968e-02
3.456239864173152e-02
4.150907202078886e-02
4.977529031364513e-02
5.958513449134727e-02
7.118821413478341e-02
8.487708281118671e-02
1.009567836357579e-01
1.197719777403374e-01
1.416807723393455e-01
1.670474183784182e-01
1.962378752565659e-01
2.295768692052269e-01
2.673321535281828e-01
3.096914954159330e-01
3.566452872753350e-01
4.080275734579115e-01
4.633895492246840e-01
5.219804262551392e-01
5.826960700721685e-01
6.441097176077527e-01
7.045015565954121e-01
7.620080505961297e-01
8.147999226773872e-01
8.613137344499123e-01
9.004754603075704e-01
9.318541493803019e-01
9.556568837742764e-01
9.728095516858348e-01
9.843748489976192e-01
9.916676299255633e-01
9.959478854845747e-01
9.982143171937951e-01
9.992911837698703e-01
9.997495737410182e-01
9.999223207301112e-01
9.999791559212097e-01
9.999952386590096e-01
9.999990907263466e-01
9.999998578475014e-01
9.999999822291059e-01
9.999999982677134e-01
9.999999998719308e-01
9.999999999931508e-01
9.999999999997143e-01
9.999999999999870e-01
1.000000000000005e+00
9.999999999999989e-01
9.999999999999999e-01
1.000000000000000e+00
1.000000000000000e+00
1.000000000000000e+00
1.000000000000000e+00
1.000000000000000e+00
1.000000000000000e+00
###2.600000000000000e+00
1.195229159558890e-10
1.847252713813049e-10
2.313796587182123e-10
2.877394581185163e-10
3.571136259487167e-10
4.427032461469076e-10
5.475576768959277e-10
6.762225824664186e-10
8.342000226446159e-10
1.028267177042662e-09
1.266603749871970e-09
1.559498124165950e-09
1.919208617681359e-09
2.361139039347242e-09
2.904064277868880e-09
3.570747066943177e-09
4.389489028712852e-09
5.394929499510740e-09
6.629518692035953e-09
8.145196491720873e-09
1.000703229705096e-08
1.229002376725487e-08
1.509287108037412e-08
1.853358402946156e-08
2.275433382858141e-08
2.793302533348512e-08
3.428726695421418e-08
4.208183750888287e-08
5.164051084186178e-08
6.336331336382081e-08
7.773846810584756e-08
9.536121908873283e-08
1.169715460796541e-07
1.434503087807859e-07
1.759058157526005e-07
2.156800221336612e-07
2.644087303766515e-07
3.241111841684786e-07
3.972426362747930e-07
4.867898773665803e-07
5.964417519488643e-07
7.307098714329750e-07
8.950799439294377e-07
1.096247224282667e-06
1.342499223914195e-06
1.643743297222152e-06
2.012274758329341e-06
2.463159713412665e-06
3.014522368652518e-06
3.688837450866916e-06
4.513067499173198e-06
5.520639207103914e-06
6.752258366026374e-06
8.257209936963185e-06
1.009543363947296e-05
1.234184694590255e-05
1.508594606035732e-05
1.843636386647537e-05
2.252428004694203e-05
2.751559232445847e-05
3.360918419118181e-05
4.104425112412910e-05
5.010830349195504e-05
6.117082034531860e-05
7.466239145822456e-05
9.111281747487550e-05
1.111647719482162e-04
1.355935645813772e-04
1.653581617764563e-04
2.016191713075722e-04
2.457779487806553e-04
2.995595062939423e-04
3.650232251513086e-04
4.446285413362002e-04
5.415275468667529e-04
6.592481636117859e-04
8.024653970899495e-04
9.763737784721157e-04
1.187729602840872e-03
1.444322412965001e-03
1.755561964399157e-03
2.132944262257950e-03
2.590738213436420e-03
3.144787562340780e-03
3.815489843447569e-03
4.627016827403680e-03
5.608061382755569e-03
6.791916930307182e-03
8.220405211027324e-03
9.942256781994263e-03
1.201482248166203e-02
1.450767497051085e-02
1.749884024821257e-02
2.108440416527818e-02
2.537821657627992e-02
3.050652847470086e-02
3.662213155430038e-02
4.389837207319271e-02
5.253508583962467e-02
6.275832040891945e-02
7.481716425965033e-02
8.900333742515612e-02
1.056175476186653e-01
1.249980966628459e-01
1.474910779201971e-01
1.734466210821043e-01
2.032096645662887e-01
2.370787327181716e-01
2.752901179292089e-01
3.179959229990839e-01
3.651481328085309e-01
4.165417735734951e-01
4.716983359454160e-01
5.298474378095118e-01
5.898844134109806e-01
6.504092351413506e-01
7.097544659135797e-01
7.661374986979871e-01
8.178249248703860e-01
8.633469502062362e-01
9.017031114760887e-01
9.324966141507356e-01
9.559372909100273e-01
9.728767751977895e-01
9.843530226389934e-01
9.916238421269824e-01
9.959033453017518e-01
9.981804151062287e-01
9.992710937241703e-01
9.997397547929867e-01
9.999182922194368e-01
9.999777690979637e-01
9.999948408262906e-01
9.999989968167915e-01
9.999998399107152e-01
9.999999795144149e-01
9.999999979497909e-01
9.999999998439686e-01
9.999999999912810e-01
9.999999999996440e-01
9.999999999999861e-01
1.000000000000002e+00
9.999999999999994e-01
1.000000000000000e+00
1.000000000000000e+00
1.000000000000000e+00
1.000000000000000e+00
1.000000000000000e+00
1.000000000000000e+00
1.000000000000000e+00
###2.800000000000000e+00
1.357755896724057e-10
2.043550907639573e-10
2.560675625856424e-10
3.185135928075801e-10
3.953795278398391e-10
4.902008415257546e-10
6.063421589124682e-10
7.488364789264170e-10
9.237791040286791e-10
1.138649178728396e-09
1.402496405988810e-09
1.726692725337138e-09
2.124798229901085e-09
2.613817578034013e-09
3.214518597386197e-09
3.952024954103254e-09
4.857604249765103e-09
5.969517669241925e-09
7.334636812010585e-09
9.010260247817329e-09
1.106850259623301e-08
1.359138838486406e-08
1.668846500969620e-08
2.048980580053342e-08
2.515204268604073e-08
3.087137258485186e-08
3.788773136423344e-08
4.649281776218023e-08
5.704361508364663e-08
6.998052825199396e-08
8.584145177549408e-08
1.052818344991362e-07
1.291158841602471e-07
1.583134792774713e-07
1.940942687832017e-07
2.379328248361694e-07
2.916300231112866e-07
3.574053340930638e-07
4.379550840474929e-07
5.365640944330176e-07
6.572798985607662e-07
8.050594519618195e-07
9.859232738330122e-07
1.207221450791389e-06
1.478045405319430e-06
1.809253513372526e-06
2.214306505076323e-06
2.709760862915945e-06
3.315404124155654e-06
4.055900899451737e-06
4.960740143233003e-06
6.066461442595077e-06
7.417541938672362e-06
9.067968797126641e-06
1.108316638448335e-05
1.354474134198815e-05
1.655057410044629e-05
2.021891058637485e-05
2.469294674524055e-05
3.015315882580079e-05
3.681613624346998e-05
4.494193821744226e-05
5.484283334259341e-05
6.692045464700341e-05
8.164187284239549e-05
9.958145755773277e-05
1.214352677384248e-04
1.480420278219166e-04
1.804386290319335e-04
2.198789850061467e-04
2.678744919673624e-04
3.262845922970338e-04
3.973261391126594e-04
4.836405843360958e-04
5.886161914553615e-04
7.160299518929303e-04
8.708919856199676e-04
1.058758335312662e-03
1.286840405845961e-03
1.563439773222416e-03
1.898564483179538e-03
2.304427432247737e-03
2.796175142120711e-03
3.390543455405315e-03
4.109094180398730e-03
4.977313697149561e-03
6.025379736842814e-03
7.288184722547073e-03
8.809537179809968e-03
1.064032764271126e-02
1.284025053587006e-02
1.548158619999813e-02
1.864496788946874e-02
2.242958720175069e-02
2.695261964808516e-02
3.234320587061289e-02
3.875734091309458e-02
4.637108218847781e-02
5.538637513192624e-02
6.603099881067075e-02
7.855335256377957e-02
9.324404102168354e-02
1.103991980460657e-01
1.303504321242819e-01
1.534317853866105e-01
1.799790421547746e-01
2.103162460676820e-01
2.447156231047186e-01
2.833841237627813e-01
3.264377881113728e-01
3.737920950687558e-01
4.252050908308325e-01
4.801699980478242e-01
5.378982533207152e-01
5.972851385292738e-01
6.569556674455108e-01
7.152915421931750e-01
7.705849258961042e-01
8.211908828553854e-01
8.657264971344014e-01
9.032601631870908e-01
9.334303273858704e-01
9.564522768935436e-01
9.731221191302387e-01
9.844537352186947e-01
9.916567821640019e-01
9.959026950360660e-01
9.981691474182307e-01
9.992613739588245e-01
9.997341118511046e-01
9.999157213414765e-01
9.999768163022207e-01
9.999945512438032e-01
9.999989250488938e-01
9.999998255890303e-01
9.999999772554147e-01
9.999999976742174e-01
9.999999998187026e-01
9.999999999895415e-01
9.999999999995692e-01
9.999999999999842e-01
1.000000000000001e+00
9.999999999999997e-01
1.000000000000000e+00
1.000000000000000e+00
1.000000000000000e+00
1.000000000000000e+00
1.000000000000000e+00
1.000000000000000e+00
1.000000000000000e+00
###3.000000000000000e+00
1.535112773362638e-10
2.258733062247613e-10
2.831262226716411e-10
3.522382718044866e-10
4.373095227625715e-10
5.422393259919383e-10
6.707368917203595e-10
8.283688061563079e-10
1.021877165348400e-09
1.259513251022639e-09
1.551263084881915e-09
1.909690265912532e-09
2.349776150346687e-09
2.890270092386213e-09
3.554113575084138e-09
4.369002296514015e-09
5.369437291180875e-09
6.597625576734560e-09
8.105254279128313e-09
9.955459662364000e-09
1.222802736771926e-08
1.501261821791543e-08
1.843056757630301e-08
2.262512128093452e-08
2.776853830480901e-08
3.407697379546354e-08
4.181458998882387e-08
5.130232264873281e-08
6.293318417780156e-08
7.719141234562013e-08
9.466876787172470e-08
1.160859605314215e-07
1.423376780929340e-07
1.744901821543307e-07
2.138836918285010e-07
2.621363819012905e-07
3.212275991596844e-07
3.935909316282666e-07
4.821882004334797e-07
5.906252405164499e-07
7.233347684884860e-07
8.857540184697145e-07
1.084481352487265e-06
1.327572618801572e-06
1.624984932709770e-06
1.988598980483422e-06
2.433139355632281e-06
2.976734308534465e-06
3.641018776702864e-06
4.452961930972448e-06
5.444771129542323e-06
6.656333848925606e-06
8.136175351175156e-06
9.943232360662210e-06
1.214902963279435e-05
1.484209379547435e-05
1.812936293253815e-05
2.213934529752553e-05
2.702804086990145e-05
3.299167122503556e-05
4.026514814765549e-05
4.913123898171466e-05
5.992838988529156e-05
7.309239108147173e-05
8.912902133042432e-05
1.086598968860931e-04
1.324376069100407e-04
1.613679465235788e-04
1.965701607804182e-04
2.393966242356187e-04
2.914747398993989e-04
3.548055046608508e-04
4.317712696380084e-04
5.252045764077759e-04
6.387414287760095e-04
7.764193738625720e-04
9.435993587674724e-04
1.146213894077566e-03
1.391949509361483e-03
1.689639987535137e-03
2.049914451182435e-03
2.485728841933000e-03
3.013137912772709e-03
3.649797167404911e-03
4.418468081913046e-03
5.345988033931387e-03
6.464056011183451e-03
7.809197186139295e-03
9.427246762245864e-03
1.137128860192326e-02
1.370338883955544e-02
1.649855902383886e-02
1.984004460952122e-02
2.383014115536927e-02
2.858932919262408e-02
3.424958631162184e-02
4.097003524486836e-02
4.892933103878314e-02
5.833139294833357e-02
6.940545047074313e-02
8.239918167597411e-02
9.760164717379589e-02
1.153042073668955e-01
1.358314495175079e-01
1.595052907046645e-01
1.866469494457717e-01
2.175596599151979e-01
2.524896742513247e-01
2.916152374502524e-01
3.350172406038680e-01
3.825759429378797e-01
4.340142199479108e-01
4.887983379958011e-01
5.461227906899063e-01
6.048832005977172e-01
6.637281315906891e-01
7.210855369099419e-01
7.753170179319931e-01
8.248600524197268e-01
8.684122350447548e-01
9.051071649497254e-01
9.346199163367402e-01
9.571738761748912e-01
9.735242953829751e-01
9.846627862550943e-01
9.917578838124044e-01
9.959414162894994e-01
9.981785016990118e-01
9.992612837454072e-01
9.997324330576909e-01
9.999145718238571e-01
9.999763005628344e-01
9.999943750225180e-01
9.999988776195681e-01
9.999998154941078e-01
9.999999755743642e-01
9.999999974589484e-01
9.999999997980454e-01
9.999999999880644e-01
9.999999999995004e-01
9.999999999999820e-01
1.000000000000001e+00
9.999999999999998e-01
1.000000000000000e+00
1.000000000000000e+00
1.000000000000000e+00
1.000000000000000e+00
1.000000000000000e+00
1.000000000000000e+00
1.000000000000000e+00
###3.200000000000001e+00
1.728530477320748e-10
2.494345932014181e-10
3.127500950799785e-10
3.891553844182268e-10
4.832036810598520e-10
5.991901379751277e-10
7.412002911130786e-10
9.153831998906739e-10
1.129186558325130e-09
1.391705991046218e-09
1.713943713205681e-09
2.109764085512250e-09
2.595699621373681e-09
3.192399744544186e-09
3.925173954513171e-09
4.824516962519705e-09
5.928450683794475e-09
7.283476115822504e-09
8.946519238507894e-09
1.098706157828336e-08
1.349325176733865e-08
1.656300741718508e-08
2.033050544998510e-08
2.495328823680128e-08
3.062058638160089e-08
3.757021516612091e-08
4.609262424856160e-08
5.654046363361321e-08
6.934579653948645e-08
8.504038422299409e-08
1.042743355472921e-07
1.278390240413186e-07
1.567162931693108e-07
1.920766453713901e-07
2.353910280123702e-07
2.884319995901879e-07
3.533725868344644e-07
4.328780775784605e-07
5.301945728520853e-07
6.492743188804874e-07
7.949728722709411e-07
9.732364769568330e-07
1.191289107755284e-06
1.457946465944723e-06
1.784093673303203e-06
2.182710776503583e-06
2.669905364108818e-06
3.265458929500175e-06
3.993012295903521e-06
4.881966784516759e-06
5.967537047436548e-06
7.293110817349906e-06
8.911583742714302e-06
1.088718140011845e-05
1.329785005016699e-05
1.623980699455398e-05
1.982935321468996e-05
2.420606438803603e-05
2.953965929999804e-05
3.604298272844639e-05
4.397058043276366e-05
5.362919186750393e-05
6.538556161097601e-05
7.971085902744449e-05
9.715261112720572e-05
1.183822754234409e-04
1.442122226754797e-04
1.756191520895992e-04
2.138092618919150e-04
2.602387469193313e-04
3.166572067618844e-04
3.852145804762425e-04
4.684670287436485e-04
5.694475508710853e-04
6.920518578217766e-04
8.405898675636525e-04
1.020789542676009e-03
1.238975259206630e-03
1.503329180744984e-03
1.823237968155078e-03
2.209975090250083e-03
2.677266217534884e-03
3.242105579160167e-03
3.923096170130621e-03
4.744235061110245e-03
5.733747377882441e-03
6.924889977495550e-03
8.355854361293696e-03
1.007454224538323e-02
1.213626380619531e-02
1.460548410653461e-02
1.755996851510790e-02
2.108557759511291e-02
2.528770727858217e-02
3.029012041714838e-02
3.622757527830354e-02
4.326224351909273e-02
5.157526067421631e-02
6.137237591075715e-02
7.288381766284120e-02
8.635702406185308e-02
1.020786592795699e-01
1.203349704132799e-01
1.414434982903664e-01
1.657138298100373e-01
1.934523963822613e-01
2.249416731922492e-01
2.604022997294980e-01
2.999841172665782e-01
3.437339519022193e-01
3.914979284750099e-01
4.429653490659439e-01
4.975767382211746e-01
5.545107211058862e-01
6.126636672434576e-01
6.707063334975092e-01
7.271103991896924e-01
7.803023132807305e-01
8.287965207905130e-01
8.713662090239230e-01
9.072072941698729e-01
9.360324430487934e-01
9.580756518285575e-01
9.740630589718714e-01
9.849663570204537e-01
9.919185964974659e-01
9.960147895700893e-01
9.982062152882395e-01
9.992698888529797e-01
9.997343949622569e-01
9.999147537823955e-01
9.999762040340698e-01
9.999943106812197e-01
9.999988550378622e-01
9.999998098947189e-01
9.999999745402115e-01
9.999999973156752e-01
9.999999997833886e-01
9.999999999869584e-01
9.999999999994454e-01
9.999999999999799e-01
1.000000000000001e+00
9.999999999999998e-01
1.000000000000000e+00
1.000000000000000e+00
1.000000000000000e+00
1.000000000000000e+00
1.000000000000000e+00
1.000000000000000e+00
1.000000000000000e+00
###3.400000000000001e+00
1.939325229266102e-10
2.752036753126315e-10
3.451471772707908e-10
4.295236715899731e-10
5.333829373423089e-10
6.614503813596290e-10
8.182221768233256e-10
1.010482240975674e-09
1.246447305820208e-09
1.536133850731556e-09
1.891649582827239e-09
2.328274293501594e-09
2.864228118018123e-09
3.522238442147941e-09
4.330181156879647e-09
5.321597307313179e-09
6.538338317829610e-09
8.031573082790985e-09
9.863920713883844e-09
1.211175823059035e-08
1.487232234346741e-08
1.825246897275129e-08
2.240034128258454e-08
2.748898048832417e-08
3.372602957422640e-08
4.137278534128816e-08
5.074819006423014e-08
6.223925680247379e-08
7.632033092597643e-08
9.357463634291199e-08
1.147154178190252e-07
1.406104894740715e-07
1.723359617612722e-07
2.111749703331231e-07
2.587412244829795e-07
3.169694981037389e-07
3.882463492904587e-07
4.754857841096615e-07
5.822426030667856e-07
7.128351870735918e-07
8.725819933076319e-07
1.067975212506155e-06
1.306911973853965e-06
1.599025212834601e-06
1.956188902145825e-06
2.392592118903510e-06
2.925799227130462e-06
3.577376697424717e-06
4.373115294469290e-06
5.345020422297703e-06
6.531546733763009e-06
7.979784983127332e-06
9.747370915020210e-06
1.190413673012369e-05
1.453488024582569e-05
1.774408227793198e-05
2.165786152170357e-05
2.642771958615136e-05
3.223838662381844e-05
3.931948435954969e-05
4.794715330527849e-05
5.845380403919052e-05
7.123650410059415e-05
8.680121498105370e-05
1.057431711740075e-04
1.287842844756493e-04
1.568001298768707e-04
1.908455473464055e-04
2.322148529016948e-04
2.824748160552936e-04
3.435036574998013e-04
4.176079153800001e-04
5.075261637586308e-04
6.165015285644955e-04
7.487018010114388e-04
9.087214179188484e-04
1.102672034452348e-03
1.337285729637138e-03
1.621261316153824e-03
1.964559500645625e-03
2.379121852240855e-03
2.879470982285659e-03
3.483572462819268e-03
4.211004867954450e-03
5.087037302902320e-03
6.141319731041888e-03
7.408703669024067e-03
8.929080315900222e-03
1.075245761249738e-02
1.293640457854814e-02
1.554781142175855e-02
1.866721887667768e-02
2.238310334576628e-02
2.680395552621863e-02
3.205679553825905e-02
3.827910222448528e-02
4.563601394501532e-02
5.431102539470556e-02
6.451156484551032e-02
7.646866169579677e-02
9.042922605218570e-02
1.066773371133059e-01
1.254937994066483e-01
1.471888058273437e-01
1.720594710771451e-01
2.003972136128921e-01
2.324637671000249e-01
2.684544575443069e-01
3.084910005474413e-01
3.525871149737553e-01
4.005557799621307e-01
4.520541707538097e-01
5.064981714170891e-01
5.630514460084269e-01
6.206116992111963e-01
6.778705163496902e-01
7.333411734356887e-01
7.855110407747121e-01
8.329668508212861e-01
8.745534165998846e-01
9.095265421860254e-01
9.376372251376718e-01
9.591327082326476e-01
9.747193134030595e-01
9.853511644166401e-01
9.921305141984047e-01
9.961180354394227e-01
9.982498899747002e-01
9.992861327563002e-01
9.997395964083057e-01
9.999161381858308e-01
9.999764928178588e-01
9.999943513147733e-01
9.999988563452088e-01
9.999998087449219e-01
9.999999741688212e-01
9.999999972493271e-01
9.999999997754836e-01
9.999999999862926e-01
9.999999999994096e-01
9.999999999999784e-01
1.000000000000000e+00
9.999999999999998e-01
1.000000000000000e+00
1.000000000000000e+00
1.000000000000000e+00
1.000000000000000e+00
1.000000000000000e+00
1.000000000000000e+00
1.000000000000000e+00
###3.600000000000001e+00
2.168903561426929e-10
3.033589398092214e-10
3.805399516706664e-10
4.736194920477954e-10
5.881903392504961e-10
7.294445984604185e-10
9.023259527305120e-10
1.114309748122464e-09
1.374449931924729e-09
1.693766134760871e-09
2.085567576644217e-09
2.566672856785676e-09
3.157122040608036e-09
3.881954236497403e-09
4.771779582715699e-09
5.863472869762934e-09
7.203038518063580e-09
8.846716985813870e-09
1.086330768335772e-08
1.333667285456418e-08
1.637391450300605e-08
2.009155661551215e-08
2.465291590441222e-08
3.024781056921381e-08
3.710384587200048e-08
4.550774552704937e-08
5.580930203622164e-08
6.843272175641507e-08
8.389808140474154e-08
1.028442978831648e-07
1.260528029706338e-07
1.544740651344624e-07
1.892860304480603e-07
2.318934120553906e-07
2.840639199026003e-07
3.479076116080215e-07
4.260409711049845e-07
5.216462999551710e-07
6.386113052413531e-07
7.816473545806822e-07
9.565722261683151e-07
1.170465346519895e-06
1.431947427569723e-06
1.751529484386859e-06
2.142149410123833e-06
2.619289613944991e-06
3.202081170310451e-06
3.914004165006232e-06
4.783151651184574e-06
5.844320373030062e-06
7.139388874608683e-06
8.719483478511999e-06
1.064732689590965e-05
1.299864113334847e-05
1.586557794963267e-05
1.936131804905789e-05
2.362265670189583e-05
2.881369946539933e-05
3.513528403490081e-05
4.283469449417407e-05
5.221093302634189e-05
6.362388135486940e-05
7.750247384931954e-05
9.438996384802821e-05
1.149317806702014e-04
1.399028932661018e-04
1.702463961160747e-04
2.070991767924792e-04
2.518483486984945e-04
3.061771897268433e-04
3.720992099451700e-04
4.520854790561188e-04
5.490658872106600e-04
6.665036633206736e-04
8.088514659397934e-04
9.810007375571134e-04
1.189463999868948e-03
1.441397314501996e-03
1.746037672619989e-03
2.113941491894180e-03
2.557742679755456e-03
3.092788526506312e-03
3.738048427117867e-03
4.514104867378682e-03
5.447535919155068e-03
6.569453783349802e-03
7.916341560571461e-03
9.529823254411032e-03
1.146205255211237e-02
1.377288928982033e-02
1.653167392981999e-02
1.982174288885284e-02
2.373418681441923e-02
2.838058330477270e-02
3.389118204586776e-02
4.040611823929731e-02
4.809341087780955e-02
5.713878776578643e-02
6.775119917039706e-02
8.016227125693545e-02
9.461809828944533e-02
1.113999504590082e-01
1.307829123013417e-01
1.530694672267579e-01
1.785441052932863e-01
2.074830001700740e-01
2.401271299175538e-01
2.766467501736256e-01
3.171357039750591e-01
3.615754506759719e-01
4.097467319432064e-01
4.612758984576593e-01
5.155552198931331e-01
5.717343423049175e-01
6.287125485209151e-01
6.852014255066601e-01
7.397539206963462e-01
7.909149939500253e-01
8.373397188588808e-01
8.779412128256492e-01
9.120331028059396e-01
9.394057494096884e-01
9.603218253114348e-01
9.754747796262705e-01
9.858045418892855e-01
9.923855263500651e-01
9.962464441242534e-01
9.983070858923325e-01
9.993089004941633e-01
9.997475876598068e-01
9.999185691922828e-01
9.999771213930422e-01
9.999944859052343e-01
9.999988794157024e-01
9.999998117334922e-01
9.999999744290429e-01
9.999999972584372e-01
9.999999997744344e-01
9.999999999860905e-01
9.999999999993954e-01
9.999999999999775e-01
1.000000000000000e+00
9.999999999999998e-01
1.000000000000000e+00
1.000000000000000e+00
1.000000000000000e+00
1.000000000000000e+00
1.000000000000000e+00
1.000000000000000e+00
1.000000000000000e+00
###3.800000000000001e+00
2.418768001222200e-10
3.340886414071795e-10
4.191664879720105e-10
5.217384881145397e-10
6.479923525674845e-10
8.036262511392639e-10
9.940706100688697e-10
1.227553147005079e-09
1.514037323976579e-09
1.865637453295466e-09
2.296964283987825e-09
2.826508887047328e-09
3.476291331771303e-09
4.273859105719150e-09
5.252793144253414e-09
6.453585783693063e-09
7.926747708427006e-09
9.734021486046042e-09
1.195090890933588e-08
1.466938898849733e-08
1.800726144864027e-08
2.209149932104337e-08
2.710188050308607e-08
3.324637964363781e-08
4.077420860673738e-08
4.999960156002453e-08
6.130571990184146e-08
7.515698527160650e-08
9.212288924996689e-08
1.129025340127074e-07
1.383509763720476e-07
1.695079159731471e-07
2.076612150415932e-07
2.543466816347697e-07
3.114969808407259e-07
3.814144170195742e-07
4.669597755366766e-07
5.716054677643588e-07
6.995973332744764e-07
8.560697576373659e-07
1.047376977224734e-06
1.281229945984225e-06
1.567026420452493e-06
1.916219954733804e-06
2.342890756993797e-06
2.863907087829734e-06
3.500079711051064e-06
4.276939348133523e-06
5.225042341165829e-06
6.382174115597414e-06
7.793861486697754e-06
9.515574918727344e-06
1.161543619189518e-05
1.417546786676301e-05
1.729565627924560e-05
2.109844122645639e-05
2.573202187265279e-05
3.137390101807726e-05
3.824185307884514e-05
4.660247650431531e-05
5.677849582382922e-05
6.915862216018361e-05
8.420664058698847e-05
1.025047903009213e-04
1.247511778053398e-04
1.517761517535522e-04
1.845958136281868e-04
2.244343018303120e-04
2.727737380804166e-04
3.314212126024056e-04
4.025324381543021e-04
4.887512321264222e-04
5.932080081971888e-04
7.195963888159105e-04
8.726671084109879e-04
1.057621446995663e-03
1.281390471018560e-03
1.551570947877846e-03
1.877960099399695e-03
2.271732216020830e-03
2.746238264439274e-03
3.317678473458805e-03
4.006059145430904e-03
4.832995238675442e-03
5.826411193182759e-03
7.018919124914099e-03
8.448670730093012e-03
1.015905560439488e-02
1.220441243828051e-02
1.464692319579429e-02
1.755840248084220e-02
2.102500131194314e-02
2.514042049138483e-02
3.001931415835408e-02
3.579513089401943e-02
4.261059362743327e-02
5.063651161065836e-02
6.006071447706648e-02
7.109351060978372e-02
8.396691195207560e-02
9.892590765177746e-02
1.162487206653237e-01
1.362044263258446e-01
1.590874375059082e-01
1.851694378021713e-01
2.147111163877813e-01
2.479326518312134e-01
2.849794220166506e-01
3.259176255534542e-01
3.706972146008249e-01
4.190675310246633e-01
4.706252828303619e-01
5.247400922052484e-01
5.805484699970689e-01
6.369515563046173e-01
6.926806678828906e-01
7.463256562584796e-01
7.964874207597750e-01
8.418856984005869e-01
8.814991449632269e-01
9.146977590089003e-01
9.413115618379098e-01
9.616211570180558e-01
9.763128341504625e-01
9.863145731231652e-01
9.926759152034533e-01
9.963954670517413e-01
9.983753958358118e-01
9.993370513480029e-01
9.997578966670900e-01
9.999218763853059e-01
9.999780366760349e-01
9.999947006610066e-01
9.999989212847640e-01
9.999998183494091e-01
9.999999752525349e-01
9.999999973362066e-01
9.999999997797780e-01
9.999999999863309e-01
9.999999999994029e-01
9.999999999999772e-01
1.000000000000000e+00
9.999999999999998e-01
1.000000000000000e+00
1.000000000000000e+00
1.000000000000000e+00
1.000000000000000e+00
1.000000000000000e+00
1.000000000000000e+00
1.000000000000000e+00
###4.000000000000001e+00
2.690522640739236e-10
3.675945803425949e-10
4.612799231645552e-10
5.741961979509375e-10
7.131802160269280e-10
8.844793496141753e-10
1.094052772652078e-09
1.350946046737735e-09
1.666105524339681e-09
2.052851486183429e-09
2.527190591952512e-09
3.109434598950116e-09
3.823754116549402e-09
4.700417206635293e-09
5.776229294819832e-09
7.095602857456532e-09
8.713934975791172e-09
1.069893101998806e-08
1.313335419370967e-08
1.611797613935478e-08
1.978218556795203e-08
2.426423856916325e-08
2.976175190295226e-08
3.650233144379881e-08
4.475855128144070e-08
5.487438174085827e-08
6.726904204653816e-08
8.245039346516540e-08
1.010412715767207e-07
1.238057486389033e-07
1.516783139566180e-07
1.857948926529779e-07
2.275618749734334e-07
2.786562333295745e-07
3.411833087990199e-07
4.176677731948868e-07
5.112178863694752e-07
6.256233109398016e-07
7.655148591155254e-07
9.364832721881011e-07
1.145454147082782e-06
1.400821405746216e-06
1.712815017286505e-06
2.093899320496936e-06
2.559380652300497e-06
3.127606154648965e-06
3.821195004891095e-06
4.667865744574200e-06
5.700810242348819e-06
6.961010626553936e-06
8.497877454352025e-06
1.037155451730877e-05
1.265588741792223e-05
1.543963221297565e-05
1.883111588712542e-05
2.296264718891102e-05
2.799455302478380e-05
3.411858265347397e-05
4.157042578197086e-05
5.063735161831652e-05
6.166712064348155e-05
7.507893912987313e-05
9.137355793999376e-05
1.111760155053252e-04
1.352348332230358e-04
1.644457365345604e-04
1.998974798315693e-04
2.429074814821858e-04
2.950582745742647e-04
3.582859057227197e-04
4.348954953640665e-04
5.277132595907128e-04
6.400790802475149e-04
7.759275817303866e-04
9.403212123304732e-04
1.138784272557313e-03
1.378684561591952e-03
1.668076722457446e-03
2.017340789071755e-03
2.438291582449253e-03
2.945022329056371e-03
3.554614973561721e-03
4.288146402633092e-03
5.168292820465054e-03
6.224362885118212e-03
7.490506546274427e-03
9.006581256964978e-03
1.081780470338782e-02
1.298064866189021e-02
1.555973843514275e-02
1.862935541629153e-02
2.227848239552401e-02
2.660342359217072e-02
3.172189655915311e-02
3.777051481913581e-02
4.489451566047735e-02
5.326740347002325e-02
6.307897269091017e-02
7.454071871132037e-02
8.788482090771939e-02
1.033548710601138e-01
1.212257926348891e-01
1.417603502831195e-01
1.652445235788130e-01
1.919369805870881e-01
2.220826768880091e-01
2.558809198324335e-01
2.934523569400617e-01
3.348357465068507e-01
3.799502038253075e-01
4.285144478913354e-01
4.800966270764687e-01
5.340446383939855e-01
5.894827023395343e-01
6.453141448460146e-01
7.002895086195458e-01
7.530342819942166e-01
8.022029225999944e-01
8.465771263316502e-01
8.851987996334768e-01
9.174931454047445e-01
9.433301563340387e-01
9.630104814746151e-01
9.772178560724695e-01
9.868701371031828e-01
9.929944381182001e-01
9.965607863796512e-01
9.984525051709350e-01
9.993694734196032e-01
9.997700503980990e-01
9.999258839328967e-01
9.999791824926924e-01
9.999949802608533e-01
9.999989784812656e-01
9.999998279521580e-01
9.999999765451238e-01
9.999999974719592e-01
9.999999997906062e-01
9.999999999869589e-01
9.999999999994299e-01
9.999999999999778e-01
1.000000000000001e+00
9.999999999999998e-01
1.000000000000000e+00
1.000000000000000e+00
1.000000000000000e+00
1.000000000000000e+00
1.000000000000000e+00
1.000000000000000e+00
1.000000000000000e+00
###4.200000000000001e+00
2.985878521684831e-10
4.040921396743085e-10
5.071509965149903e-10
6.313293304206336e-10
7.841714146855606e-10
9.725203389780565e-10
1.202908923249187e-09
1.485270944180468e-09
1.831619828895557e-09
2.256585029323137e-09
2.777686572242029e-09
3.417210237283603e-09
4.201660780128478e-09
5.164253542573963e-09
6.345290457895935e-09
7.793428277880663e-09
9.569357502251702e-09
1.174723942546801e-08
1.441769687744832e-08
1.769101689793826e-08
2.170913016197401e-08
2.662246782346235e-08
3.264795647062025e-08
4.003440956959226e-08
4.907963659467422e-08
6.015971987158102e-08
7.373280533187854e-08
9.035363190672115e-08
1.107025673864986e-07
1.356137513562406e-07
1.661072918638670e-07
2.034227829941389e-07
2.490943035819891e-07
3.049506501383642e-07
3.732835145546865e-07
4.568558992486518e-07
5.590428400641465e-07
6.839747595910093e-07
8.366959391639274e-07
1.023287538521289e-06
1.251287327755352e-06
1.529822876341868e-06
1.870016083912348e-06
2.285414304434092e-06
2.792642108812890e-06
3.411615187921843e-06
4.166902090693025e-06
5.088556137135654e-06
6.212584581112269e-06
7.583385509547785e-06
9.254513190205512e-06
1.129109635045269e-05
1.377308142045330e-05
1.679640111816139e-05
2.047825553796436e-05
2.496146212811762e-05
3.041923566764044e-05
3.705846153738218e-05
4.513381866868791e-05
5.495452695779611e-05
6.689489424100767e-05
8.140640523989494e-05
9.902803899109181e-05
1.204325795087897e-04
1.464192677457751e-04
1.779539761827923e-04
2.162016645845254e-04
2.625777103004888e-04
3.187737158005159e-04
3.868524848106659e-04
4.692842326958492e-04
5.690798577311982e-04
6.898105297498349e-04
8.356507239283909e-04
1.011992668820249e-03
1.224697244507229e-03
1.481587682560080e-03
1.791194122147303e-03
2.164502525601028e-03
2.613991397275537e-03
3.154521899193494e-03
3.804086980325004e-03
4.584868369966080e-03
5.520632481390597e-03
6.642110467343356e-03
7.985028229101573e-03
9.590986288371437e-03
1.150706601566153e-02
1.379189844963787e-02
1.651259379291245e-02
1.974591813404959e-02
2.358370120091869e-02
2.812484105826564e-02
3.349010251675878e-02
3.981922647095087e-02
4.725988614202271e-02
5.598818071753638e-02
6.619572620137880e-02
7.809502617209640e-02
9.191820119409277e-02
1.079071490876794e-01
1.263332275902991e-01
1.474525767194610e-01
1.715423762660455e-01
1.988480444299831e-01
2.295985437751092e-01
2.639722130983537e-01
3.020651157716969e-01
3.438886338712979e-01
3.893317638732666e-01
4.380832893422008e-01
4.896838023061890e-01
5.434603658570354e-01
5.985257363779816e-01
6.537858116677256e-01
7.080099620000155e-01
7.598585232042362e-01
8.080373634037694e-01
8.513879835037282e-01
8.890136668101301e-01
9.203938789688898e-01
9.454388745196172e-01
9.644711078594853e-01
9.781753650325872e-01
9.874609391909012e-01
9.933343769801718e-01
9.967383710023893e-01
9.985362347046093e-01
9.994051075950796e-01
9.997835916597834e-01
9.999304188724462e-01
9.999805022776566e-01
9.999953089465553e-01
9.999990473290186e-01
9.999998398365406e-01
9.999999781986582e-01
9.999999976527340e-01
9.999999998057328e-01
9.999999999878955e-01
9.999999999994722e-01
9.999999999999790e-01
1.000000000000001e+00
9.999999999999998e-01
1.000000000000000e+00
1.000000000000000e+00
1.000000000000000e+00
1.000000000000000e+00
1.000000000000000e+00
1.000000000000000e+00
1.000000000000000e+00
###4.400000000000001e+00
3.306660626051266e-10
4.438110268287882e-10
5.570684775418977e-10
6.934970805006618e-10
8.614111555064557e-10
1.068299874819371e-09
1.321317649959989e-09
1.631361977647440e-09
2.011603669704759e-09
2.478092059529585e-09
3.049986416993958e-09
3.751710798576730e-09
4.612301211116773e-09
5.668162754491762e-09
6.963385171847237e-09
8.551216449059675e-09
1.049807603645768e-08
1.288510859147584e-08
1.581143629963763e-08
1.939763400422850e-08
2.379919359917639e-08
2.917964730465739e-08
3.577687772653448e-08
4.386251385546165e-08
5.376162397296424e-08
6.588493785435309e-08
8.073258220603869e-08
9.890984187014567e-08
1.211590757295675e-07
1.483899204215914e-07
1.817146852334445e-07
2.224845530412710e-07
2.723710307609214e-07
3.333661646510949e-07
4.079622327219740e-07
4.991778488056325e-07
6.106751619241567e-07
7.469503163152638e-07
9.134912931371850e-07
1.116905442912903e-06
1.365386890873178e-06
1.668849576530014e-06
2.039370831188594e-06
2.491657444784559e-06
3.043744912714856e-06
3.717226559169388e-06
4.538753919000342e-06
5.540876091768072e-06
6.762605030296483e-06
8.251985751609240e-06
1.006699013468959e-05
1.227805980706103e-05
1.497163874814213e-05
1.825130178811519e-05
2.224368197321390e-05
2.710277622875316e-05
3.301548502241175e-05
4.020476150782216e-05
4.894540086066956e-05
5.956991084002087e-05
7.248072582817859e-05
8.816346956203268e-05
1.071974008609718e-04
1.303050851681741e-04
1.583419857816155e-04
1.923450035965910e-04
2.335604536312719e-04
2.835064032684061e-04
3.439894279399721e-04
4.172057642984294e-04
5.057982511979156e-04
6.129713179929381e-04
7.425387584173944e-04
8.989250130520767e-04
1.087866903975658e-03
1.315575834725892e-03
1.590349695522857e-03
1.921212187279224e-03
2.319778859904200e-03
2.799215543159030e-03
3.375177482372646e-03
4.066598418352658e-03
4.896799748090815e-03
5.890667219485650e-03
7.080393139020632e-03
8.503317637614553e-03
1.020282149850234e-02
1.222787902483571e-02
1.463932380852606e-02
1.750677391031769e-02
2.090950214025802e-02
2.494219845526958e-02
2.970634210932898e-02
3.532572574457683e-02
4.194317610791513e-02
4.970871853586357e-02
5.880094102555938e-02
6.941313117105365e-02
8.175861376374023e-02
9.606921585005269e-02
1.125848392265991e-01
1.315729956342377e-01
1.532828738621839e-01
1.779824821310798e-01
2.059037310224357e-01
2.372593198003518e-01
2.722064980369128e-01
3.108168174977111e-01
3.530744425982970e-01
3.988387961490805e-01
4.477694112714849e-01
4.993802648149628e-01
5.529784596520884e-01
6.076661104376578e-01
6.623521421999193e-01
7.158245393312317e-01
7.667779040367737e-01
8.139678072041308e-01
8.562937553040522e-01
8.929190339555209e-01
9.233767204069631e-01
9.476168281138886e-01
9.659858245894231e-01
9.791720637843678e-01
9.880775321883486e-01
9.936895735112370e-01
9.969245685615812e-01
9.986245744766541e-01
9.994429699798831e-01
9.997980917544548e-01
9.999353175031236e-01
9.999819418139676e-01
9.999956713870413e-01
9.999991241901556e-01
9.999998532933524e-01
9.999999801014471e-01
9.999999978647294e-01
9.999999998238573e-01
9.999999999890489e-01
9.999999999995253e-01
9.999999999999807e-01
1.000000000000001e+00
9.999999999999998e-01
1.000000000000000e+00
1.000000000000000e+00
1.000000000000000e+00
1.000000000000000e+00
1.000000000000000e+00
1.000000000000000e+00
1.000000000000000e+00
###4.600000000000001e+00
3.654813638451489e-10
4.869960987762859e-10
6.113401976675998e-10
7.610819131503594e-10
9.453739525409862e-10
1.172404816791679e-09
1.450002048323310e-09
1.790107826386197e-09
2.207147331620460e-09
2.718708072324112e-09
3.345723729360849e-09
4.114932128134654e-09
5.058112588512871e-09
6.215118543859490e-09
7.634139486795420e-09
9.373385735833748e-09
1.150547146351442e-08
1.411908851299741e-08
1.732254194293844e-08
2.124751937239684e-08
2.606416313509043e-08
3.194999586186077e-08
3.916590482900162e-08
4.800776138128947e-08
5.883014313405337e-08
7.208113733758533e-08
8.830608696814436e-08
1.081647477750221e-07
1.324662099450572e-07
1.622013853075218e-07
1.985817863539863e-07
2.430786060335485e-07
2.975111278681933e-07
3.640467851408886e-07
4.453935505993708e-07
5.448440232185731e-07
6.663689975184274e-07
8.148568263558355e-07
9.962712290985612e-07
1.217783628670983e-06
1.488291298441045e-06
1.818550331195380e-06
2.221660650459541e-06
2.713569273116872e-06
3.313820541595076e-06
4.045800559559520e-06
4.938384921657640e-06
6.026788242002256e-06
7.353226741672324e-06
8.969619352469845e-06
1.093869283333691e-05
1.333649793619653e-05
1.625640958395461e-05
1.981013344996352e-05
2.413432379315630e-05
2.939486012666765e-05
3.579316551206900e-05
4.356923617977785e-05
5.301916551860508e-05
6.450014598128675e-05
7.844438797101849e-05
9.537359822559455e-05
1.159095639334486e-04
1.408273924581536e-04
1.710419400782979e-04
2.076648340939175e-04
2.520281189365673e-04
3.057575005007396e-04
3.707806274089669e-04
4.494340557584951e-04
5.445410943060696e-04
6.595096271742866e-04
7.984002566286211e-04
9.659155377735896e-04
1.168136089766008e-03
1.411643182929526e-03
1.705229155602982e-03
2.058429774149468e-03
2.483514384687705e-03
2.994360268966026e-03
3.607443368934521e-03
4.342668493436510e-03
5.224532081750214e-03
6.279068478227416e-03
7.539970146992632e-03
9.046229843708856e-03
1.084304561634712e-02
1.298131369837583e-02
1.552411203285820e-02
1.854358927021977e-02
2.212154476206772e-02
2.635553991608597e-02
3.134961921695401e-02
3.723058016711897e-02
4.414428955452372e-02
5.224303526952762e-02
6.170778202012634e-02
7.273333179499321e-02
8.553363494360039e-02
1.003399813244920e-01
1.173899668989463e-01
1.369467064445977e-01
1.592528737654930e-01
1.845661536089910e-01
2.131049235808576e-01
2.450653403488736e-01
2.805834219698076e-01
3.197062437401540e-01
3.623909160971697e-01
4.084677641251512e-01
4.575677303713374e-01
5.091790720992404e-01
5.625898014695363e-01
6.168922198988901e-01
6.709988168623526e-01
7.237161522356167e-01
7.737727151596157e-01
8.199724554641374e-01
8.612712941835174e-01
8.968918766647433e-01
9.264196455599619e-01
9.498448100382972e-01
9.675388550766810e-01
9.801958183920670e-01
9.887113215289042e-01
9.940544467703540e-01
9.971160408972256e-01
9.987157042583716e-01
9.994821671542203e-01
9.998131610918944e-01
9.999404300096979e-01
9.999834512116456e-01
9.999960533829948e-01
9.999992056665593e-01
9.999998676520038e-01
9.999999821468726e-01
9.999999980945653e-01
9.999999998436987e-01
9.999999999903272e-01
9.999999999995847e-01
9.999999999999827e-01
1.000000000000001e+00
9.999999999999998e-01
1.000000000000000e+00
1.000000000000000e+00
1.000000000000000e+00
1.000000000000000e+00
1.000000000000000e+00
1.000000000000000e+00
1.000000000000000e+00
###4.800000000000002e+00
4.032409101304352e-10
5.339082692445267e-10
6.702941279961635e-10
8.344917082775405e-10
1.036565303647705e-09
1.285460245669363e-09
1.589732211998347e-09
1.962454803695230e-09
2.419411406512419e-09
2.979854624661266e-09
3.666637069151872e-09
4.508998686433185e-09
5.541687537087024e-09
6.808283541789628e-09
8.361408904254252e-09
1.026463283496383e-08
1.259726231970134e-08
1.545613834792048e-08
1.895947888024419e-08
2.325096484375847e-08
2.851655213843413e-08
3.494882483548653e-08
4.283348831219179e-08
5.249255050541857e-08
6.431237059516224e-08
7.878127272521094e-08
9.649328527279778e-08
1.181667883205881e-07
1.446826539975134e-07
1.771192146255772e-07
2.167946264702159e-07
2.653090490594744e-07
3.246405281049258e-07
3.971447666333467e-07
4.857614600658847e-07
5.940767134594717e-07
7.263927740780679e-07
8.880182375656259e-07
1.085426552565014e-06
1.326393286306665e-06
1.620568388805599e-06
1.979609097123516e-06
2.417708920156108e-06
2.952140463559863e-06
3.604060313033545e-06
4.398768831833947e-06
5.367514538647654e-06
6.548356419265580e-06
7.986925195672325e-06
9.739266420243024e-06
1.187317563222335e-05
1.447066526511428e-05
1.763248287745896e-05
2.147897800817041e-05
2.615744386799060e-05
3.184637931549287e-05
3.876260744724434e-05
4.716418819293676e-05
5.736975195851674e-05
6.976263461893729e-05
8.480654496539006e-05
1.030613028656481e-04
1.251935694302273e-04
1.520338731568421e-04
1.845597539598784e-04
2.239614220703380e-04
2.716611816813401e-04
3.293966962440173e-04
3.992255454651634e-04
4.836291577642576e-04
5.856203216019378e-04
7.088205393185607e-04
8.575464925439766e-04
1.036793422930047e-03
1.252999295925910e-03
1.513130269987657e-03
1.826493500679005e-03
2.203155759729919e-03
2.656064952042990e-03
3.199834417364093e-03
3.851787864897481e-03
4.632831924141851e-03
5.568673982284640e-03
6.686526347453204e-03
8.021620952868708e-03
9.614641639159649e-03
1.151264047052840e-02
1.376846423117568e-02
1.644747550731273e-02
1.962437580440531e-02
2.338350852250017e-02
2.782531545425462e-02
3.305638682780673e-02
3.920649821612657e-02
4.642450598910226e-02
5.486486493582057e-02
6.471079782082648e-02
7.615845612524128e-02
8.942221096261789e-02
1.047325618467836e-01
1.223244801954039e-01
1.424563726775621e-01
1.653640669465274e-01
1.912945219722746e-01
2.204522802119836e-01
2.530166678824533e-01
2.891023101415210e-01
3.287318166570644e-01
3.718353909791737e-01
4.182147023772201e-01
4.674727383114592e-01
5.190729010754721e-01
5.722849824722062e-01
6.261923356928137e-01
6.797116221782853e-01
7.316681107778933e-01
7.808239910373683e-01
8.260306055097347e-01
8.662992625220592e-01
9.009107855433259e-01
9.295025659071452e-01
9.521052168015267e-01
9.691158127883467e-01
9.812356313578784e-01
9.893545594145559e-01
9.944239979396273e-01
9.973098131302870e-01
9.988080048301758e-01
9.995219054921824e-01
9.998284533384660e-01
9.999456234951341e-01
9.999849862086090e-01
9.999964422988068e-01
9.999992887365000e-01
9.999998823148216e-01
9.999999842395565e-01
9.999999983302774e-01
9.999999998640984e-01
9.999999999916473e-01
9.999999999996459e-01
9.999999999999849e-01
1.000000000000001e+00
9.999999999999998e-01
1.000000000000000e+00
1.000000000000000e+00
1.000000000000000e+00
1.000000000000000e+00
1.000000000000000e+00
1.000000000000000e+00
1.000000000000000e+00
###5.000000000000002e+00
4.441652701500477e-10
5.848253638301827e-10
7.342795195708691e-10
9.141606929288209e-10
1.135523426732148e-09
1.408131683530128e-09
1.741327886213259e-09
2.149410066866589e-09
2.649630958039306e-09
3.263044220555145e-09
4.014575746184040e-09
4.936169310201239e-09
6.065782641042724e-09
7.451019590459062e-09
9.149290827325420e-09
1.122994817772072e-08
1.377952290610916e-08
1.690364829309182e-08
2.073123413480525e-08
2.541889391751145e-08
3.116963850208692e-08
3.819225236834695e-08
4.679919483384553e-08
5.734062710583055e-08
7.023710915495104e-08
8.602026773551963e-08
1.053365083636870e-07
1.289672533126027e-07
1.578705263649473e-07
1.932186119476956e-07
2.364442187715056e-07
2.892859748694226e-07
3.538923586326114e-07
4.328210097108545e-07
5.292603305513753e-07
6.471106647012344e-07
7.910298269644800e-07
9.667764006198741e-07
1.181369513300442e-06
1.443231273715821e-06
1.762816698042363e-06
2.152746519143589e-06
2.628382830856674e-06
3.208413835914680e-06
3.915660790311573e-06
4.777637184216275e-06
5.827950830151682e-06
7.107751139935804e-06
8.666301483324975e-06
1.056404660329444e-05
1.287417003461769e-05
1.568502623690254e-05
1.910519623819082e-05
2.326421155515673e-05
2.832065277621465e-05
3.446640980572165e-05
4.193467905679487e-05
5.100249037293750e-05
6.201247016472630e-05
7.537556683255973e-05
9.158878532566424e-05
1.112521777399606e-04
1.350797246732106e-04
1.639603771454853e-04
1.989377740709564e-04
2.412847267089577e-04
2.925184936477364e-04
3.544941686362608e-04
4.294035052207037e-04
5.198859230622238e-04
6.291444301342383e-04
7.610346051403518e-04
9.201308732266595e-04
1.111736104239220e-03
1.342659653297698e-03
1.620276158670096e-03
1.954419299151814e-03
2.355709301078808e-03
2.837797943096170e-03
3.416059702683371e-03
4.108693574091083e-03
4.937639222784165e-03
5.929851398844733e-03
7.113749815037881e-03
8.526145450518352e-03
1.020945170202266e-02
1.221261108197331e-02
1.459044904118405e-02
1.741065156780074e-02
2.075049458495972e-02
2.469688061922980e-02
2.935313826878489e-02
3.482838027920947e-02
4.125532935538500e-02
4.878577604373034e-02
5.757623992403608e-02
6.781207619470155e-02
7.969061278057135e-02
9.342642733434020e-02
1.092489659154050e-01
1.273902490969377e-01
1.481036985331755e-01
1.716178040718450e-01
1.981683801690770e-01
2.279462314022776e-01
2.611130899718607e-01
2.977621655987153e-01
3.378915930162020e-01
3.814048037311351e-01
4.280752278787512e-01
4.774785181551441e-01
5.290540686108179e-01
5.820543358279363e-01
6.355546256564536e-01
6.884764652539760e-01
7.396641257518275e-01
7.879137341044209e-01
8.321226100565218e-01
8.713573909277863e-01
9.049558919562580e-01
9.326070641128552e-01
9.543820897736767e-01
9.707036593471926e-01
9.822816114368907e-01
9.900003312373590e-01
9.947938057729246e-01
9.975032753188922e-01
9.989000687496105e-01
9.995614959944018e-01
9.998436690544058e-01
9.999507838153771e-01
9.999865089360084e-01
9.999968274399665e-01
9.999993708418298e-01
9.999998967787711e-01
9.999999862994611e-01
9.999999985618333e-01
9.999999998840927e-01
9.999999999929399e-01
9.999999999997056e-01
9.999999999999870e-01
1.000000000000001e+00
9.999999999999998e-01
1.000000000000000e+00
1.000000000000000e+00
1.000000000000000e+00
1.000000000000000e+00
1.000000000000000e+00
1.000000000000000e+00
1.000000000000000e+00
###5.200000000000002e+00
4.884891617347923e-10
6.400430750998883e-10
8.036680788339074e-10
1.000550957839911e-09
1.242821060033451e-09
1.541127269517964e-09
1.905661191461987e-09
2.352044967585329e-09
2.899119979255030e-09
3.569885134450174e-09
4.391505834603012e-09
5.398844943449803e-09
6.633327257067272e-09
8.146898442364322e-09
1.000213745649102e-08
1.227463105781423e-08
1.505870205517588e-08
1.846946219346422e-08
2.264734387334357e-08
2.776289444083273e-08
3.403750319085580e-08
4.169736740954338e-08
5.108376358320176e-08
6.257715271728803e-08
7.663486971501710e-08
9.383510604855006e-08
1.148805706818171e-07
1.406204244380443e-07
1.720955479156745e-07
2.105791170820298e-07
2.576267917438348e-07
3.151257480769337e-07
3.854072918606552e-07
4.712454644916945e-07
5.760953947455429e-07
7.041936542084304e-07
8.605791301865578e-07
1.051491885093497e-06
1.284534774317359e-06
1.568821262888136e-06
1.915666817716232e-06
2.338721542483985e-06
2.854595291677598e-06
3.483486641350225e-06
4.249985047770031e-06
5.183988755696103e-06
6.321594191090891e-06
7.707256224448289e-06
9.394087327671282e-06
1.144723143082768e-05
1.394559153597690e-05
1.698426336690910e-05
2.068014548569029e-05
2.517251575983459e-05
3.063192215980222e-05
3.726445517577407e-05
4.532090909335811e-05
5.509760852623791e-05
6.696332421884768e-05
8.135794678065243e-05
9.881365105018709e-05
1.199729324568424e-04
1.455997172679832e-04
1.766445992008062e-04
2.142201137778805e-04
2.596867553187091e-04
3.146612665996609e-04
3.811194220153905e-04
4.614007873778650e-04
5.583014156485909e-04
6.752321526039146e-04
8.162871701761106e-04
9.863112324427011e-04
1.190927184242869e-03
1.437318685866760e-03
1.733327848196438e-03
2.089292269693387e-03
2.516419884488127e-03
3.029092349654166e-03
3.643470806075748e-03
4.378657499304320e-03
5.257656790227307e-03
6.308707695945315e-03
7.561466809374751e-03
9.054363956314242e-03
1.083158050902707e-02
1.294398546818209e-02
1.544841043439416e-02
1.841490197173537e-02
2.192333105858836e-02
2.606317184690898e-02
3.094064343257441e-02
3.666735384563428e-02
4.337893757287054e-02
5.123006357799426e-02
6.037919236640179e-02
7.101369347549233e-02
8.333188462648980e-02
9.754832588847033e-02
1.138911363105063e-01
1.325890505978828e-01
1.538902000717055e-01
1.780152671676739e-01
2.051879297213976e-01
2.355869479658366e-01
2.693541002301920e-01
3.065616543113996e-01
3.471832549335849e-01
3.910956871593979e-01
4.380445427946629e-01
4.875787536865885e-01
5.391145465907208e-01
5.918879522063197e-01
6.449671752467782e-01
6.972793917919982e-01
7.476883299214515e-01
7.950251848603291e-01
8.382298790337328e-01
8.764267143978370e-01
9.090088070938099e-01
9.357162619780534e-01
9.566607353251946e-01
9.722906545067058e-01
9.833249375273175e-01
9.906425401660433e-01
9.951600134481920e-01
9.976941741706669e-01
9.989906803369518e-01
9.996003546403767e-01
9.998585575293866e-01
9.999558161394552e-01
9.999879882413288e-01
9.999972000701368e-01
9.999994499225717e-01
9.999999106428741e-01
9.999999882637258e-01
9.999999987814350e-01
9.999999999029465e-01
9.999999999941511e-01
9.999999999997612e-01
9.999999999999890e-01
1.000000000000001e+00
9.999999999999998e-01
1.000000000000000e+00
1.000000000000000e+00
1.000000000000000e+00
1.000000000000000e+00
1.000000000000000e+00
1.000000000000000e+00
1.000000000000000e+00
###5.400000000000002e+00
5.364622523575911e-10
6.998759936462092e-10
8.788552404254921e-10
1.094154068726108e-09
1.359067431372350e-09
1.685200123293901e-09
2.083659592810437e-09
2.571498666655738e-09
3.169274638677850e-09
3.902086843912682e-09
4.799516718290469e-09
5.899576568053368e-09
7.247433149756870e-09
8.899713393714309e-09
1.092456988976705e-08
1.340430685866830e-08
1.644164370875116e-08
2.016190236875311e-08
2.471792335672511e-08
3.029525470050596e-08
3.713507413000105e-08
4.548228210155380e-08
5.570916926077585e-08
6.822878027335559e-08
8.353796231149122e-08
1.022649406608572e-07
1.251729011668125e-07
1.531837328525058e-07
1.874272315372579e-07
2.292848327569192e-07
2.804440678893055e-07
3.429513292974395e-07
4.193339074067502e-07
5.125975989714847e-07
6.264833067193124e-07
7.655871594395164e-07
9.353560740602884e-07
1.142544936273267e-06
1.395380557655051e-06
1.703715119907948e-06
2.079783070261525e-06
2.538333418214564e-06
3.097307366085053e-06
3.778513859621049e-06
4.608431201955250e-06
5.619488671158892e-06
6.850441999705679e-06
8.349260503190677e-06
1.017315126561936e-05
1.239225478330529e-05
1.509154813444234e-05
1.837328718044312e-05
2.236319625316594e-05
2.721089108856499e-05
3.309960018738265e-05
4.025046230162973e-05
4.893287522442187e-05
5.946362325692293e-05
7.223904253696544e-05
8.772962940985057e-05
1.065046822498909e-04
1.292514477882964e-04
1.567868264216473e-04
1.901252437831000e-04
2.304527474830724e-04
2.792216803006824e-04
3.381532397180225e-04
4.093511375773011e-04
4.953056822551849e-04
5.989812897121379e-04
7.240044953253787e-04
8.747187347828144e-04
1.056251258054581e-03
1.274556985689907e-03
1.537212438540982e-03
1.852545186854396e-03
2.231407760918657e-03
2.685627792938185e-03
3.230339215339326e-03
3.882515809868379e-03
4.662191466585556e-03
5.593467328684486e-03
6.705904047088231e-03
8.030424565214307e-03
9.607117532551931e-03
1.148197060021863e-02
1.370781482852968e-02
1.634351468447862e-02
1.946151284393374e-02
2.314429481881177e-02
2.748391617046844e-02
3.258948722349075e-02
3.857507981412561e-02
4.557920031782418e-02
5.375935230346375e-02
6.327575244379018e-02
7.431771214117379e-02
8.708432595335833e-02
1.017899016876277e-01
1.186609470945877e-01
1.379225664830547e-01
1.598172502367855e-01
1.845574837282083e-01
2.123545121075180e-01
2.433743716058160e-01
2.777389105928711e-01
3.154991174274538e-01
3.566041218867874e-01
4.009041850219130e-01
4.481174524303971e-01
4.977667511373904e-01
5.492459864743920e-01
6.017757049050744e-01
6.544180086755258e-01
7.061065970821619e-01
7.557252511456306e-01
8.021402507389501e-01
8.443347787337244e-01
8.814894970419781e-01
9.130525397598569e-01
9.388147396668626e-01
9.589279614111679e-01
9.738662945912320e-01
9.843578102962192e-01
9.912758755168112e-01
9.955193069970455e-01
9.978806054207385e-01
9.990788289374859e-01
9.996379997673576e-01
9.998729144917871e-01
9.999606440547690e-01
9.999893995893064e-01
9.999975534294330e-01
9.999995244164146e-01
9.999999236096334e-01
9.999999900865354e-01
9.999999989835724e-01
9.999999999201480e-01
9.999999999952466e-01
9.999999999998109e-01
9.999999999999908e-01
1.000000000000001e+00
9.999999999999998e-01
1.000000000000000e+00
1.000000000000000e+00
1.000000000000000e+00
1.000000000000000e+00
1.000000000000000e+00
1.000000000000000e+00
1.000000000000000e+00
###5.600000000000002e+00
5.883499639605136e-10
7.646585883081643e-10
9.602614867098010e-10
1.195492681067665e-09
1.484910236665734e-09
1.841150848625512e-09
2.276308904790268e-09
2.808981804262013e-09
3.461578743996276e-09
4.261465470139539e-09
5.240827695419952e-09
6.441073254981140e-09
7.911404176928495e-09
9.713491017913243e-09
1.192149227481209e-08
1.462494408538415e-08
1.793560749039865e-08
2.198979438202674e-08
2.695369676329775e-08
3.302899929330770e-08
4.047817043156691e-08
4.956618324468397e-08
6.069868418055465e-08
7.432372858232405e-08
9.098058535578981e-08
1.113512007392166e-07
1.362636711247577e-07
1.667179120780820e-07
2.039390645927675e-07
2.494246426504899e-07
3.050035001928004e-07
3.728925867617165e-07
4.558290736217305e-07
5.570668382174046e-07
6.806526644930002e-07
8.315669784649366e-07
1.015693211524822e-06
1.240336345895615e-06
1.514389674706034e-06
1.848494113962637e-06
2.255864911812057e-06
2.752423361581808e-06
3.357530196637217e-06
4.094710158012739e-06
4.992457344895257e-06
6.085886767779787e-06
7.416592401148852e-06
9.036278253277949e-06
1.100650405572493e-05
1.340271936838117e-05
1.631634786755899e-05
1.985724507648952e-05
2.416049437001958e-05
2.938666908416226e-05
3.573242568050576e-05
4.343483790997833e-05
5.278296111713648e-05
6.411525204671166e-05
7.785710298873265e-05
9.451134895995620e-05
1.146864491411510e-04
1.391168081267959e-04
1.686750590750925e-04
2.044428540553340e-04
2.476835597108186e-04
2.999458994105852e-04
3.630607468666829e-04
4.392661968590141e-04
5.312095427047135e-04
6.420324565459621e-04
7.755863939408953e-04
9.364750593563243e-04
1.130120669016296e-03
1.362821429861679e-03
1.642568937461964e-03
1.978208894582087e-03
2.381071316218422e-03
2.863684483730081e-03
3.441942003070853e-03
4.133656538723409e-03
4.959822452134605e-03
5.945670147232967e-03
7.122119710653124e-03
8.521389857581224e-03
1.018526816097310e-02
1.216158667117074e-02
1.450513224785187e-02
1.727695187242561e-02
2.055179432274882e-02
2.441481901780463e-02
2.896066983079522e-02
3.430134584616722e-02
4.055334672283683e-02
4.785800586016310e-02
5.637558618761532e-02
6.626794422897610e-02
7.772617651615406e-02
9.094995752042619e-02
1.061530974610925e-01
1.235601974119833e-01
1.433923770901205e-01
1.658861550117381e-01
1.912453182456455e-01
2.196684556251620e-01
2.513082046029008e-01
2.862664459186838e-01
3.245725685509287e-01
3.661511519336196e-01
4.108260578811767e-01
4.582883764282744e-01
5.080354559455520e-01
5.594397409025964e-01
6.117072747799359e-01
6.638951142619215e-01
7.149444474268254e-01
7.637598314093499e-01
8.092428588408488e-01
8.504206278801530e-01
8.865291976843872e-01
9.170714467962144e-01
9.418884775148407e-01
9.611719434486842e-01
9.754212629705479e-01
9.853734075652048e-01
9.918957113134321e-01
9.958688868669284e-01
9.980609904379908e-01
9.991636935547975e-01
9.996740470138472e-01
9.998865803650293e-01
9.999652094854629e-01
9.999907247326678e-01
9.999978826598999e-01
9.999995932308735e-01
9.999999354783294e-01
9.999999917385763e-01
9.999999991648373e-01
9.999999999353991e-01
9.999999999962063e-01
9.999999999998539e-01
9.999999999999923e-01
1.000000000000001e+00
9.999999999999998e-01
1.000000000000000e+00
1.000000000000000e+00
1.000000000000000e+00
1.000000000000000e+00
1.000000000000000e+00
1.000000000000000e+00
1.000000000000000e+00
###5.800000000000002e+00
6.444343448415353e-10
8.347462834974503e-10
1.048333681808880e-09
1.305122209108713e-09
1.621037745076241e-09
2.009830062563113e-09
2.484656419536590e-09
3.065780339454304e-09
3.777608209133326e-09
4.649949465690700e-09
5.717794878430151e-09
7.026210474380565e-09
8.628746379101559e-09
1.059250337084428e-08
1.299810657866592e-08
1.594287222285075e-08
1.954829015262634e-08
2.396249288543057e-08
2.936602826123513e-08
3.597792646588434e-08
4.408354648842482e-08
5.396938647837613e-08
6.607694284638794e-08
8.089185973874018e-08
9.899891834634360e-08
1.211377025974593e-07
1.482059269753571e-07
1.812871566890591e-07
2.217086984313123e-07
2.710924376236344e-07
3.314185695068265e-07
4.050866174350091e-07
4.950583731909753e-07
6.048530197490334e-07
7.388445421519130e-07
9.024238732987479e-07
1.101941016213462e-06
1.345288358232075e-06
1.642070596162652e-06
2.003770185389129e-06
2.444648432665886e-06
2.981876319999589e-06
3.636327085698268e-06
4.433352463155552e-06
5.403595609250814e-06
6.585021029442076e-06
8.022248303361688e-06
9.770948207433096e-06
1.189730417070566e-05
1.448240300292959e-05
1.762450627755839e-05
2.144153003285072e-05
2.607847602569318e-05
3.170752424961012e-05
3.853954218516201e-05
4.682846568018891e-05
5.688411394439168e-05
6.906858916538329e-05
8.383576038961618e-05
1.017247459785117e-04
1.233845814327801e-04
1.495993334634144e-04
1.813002424348003e-04
2.196391413873488e-04
2.659623835786536e-04
3.219180693271668e-04
3.894527281365674e-04
4.709452622941406e-04
5.692071858711293e-04
6.875658207222108e-04
8.301073572683272e-04
1.001707123220308e-03
1.208095077719019e-03
1.455919568906021e-03
1.753621863641060e-03
2.110571301502686e-03
2.538598038846253e-03
3.050952293561328e-03
3.664317281433519e-03
4.397368309447457e-03
5.272092285242974e-03
6.314880777231655e-03
7.558051496032075e-03
9.035148172074670e-03
1.078969749144573e-02
1.287141240987044e-02
1.533687870112816e-02
1.824993101053685e-02
2.168707772287897e-02
2.573635753142273e-02
3.049500856951780e-02
3.607791242980019e-02
4.260395605225460e-02
5.021724958163113e-02
5.908073412558224e-02
6.935778082795904e-02
8.124110709937581e-02
9.493076007792524e-02
1.106397961557032e-01
1.285906030689177e-01
1.489999516180303e-01
1.720980391092337e-01
1.980794563230365e-01
2.271298731333163e-01
2.593878906444002e-01
2.949353331496747e-01
3.337796864752234e-01
3.758209392741685e-01
4.208566859781126e-01
4.685513575291083e-01
5.183774676522080e-01
5.696868839790742e-01
6.216721744698690e-01
6.733864701409347e-01
7.237795038409396e-01
7.717774508994905e-01
8.163176258355963e-01
8.564717039511190e-01
8.915304439290143e-01
9.210511905453570e-01
9.449248015136560e-01
9.633821398867783e-01
9.769473752701516e-01
9.863658361137552e-01
9.924981647939591e-01
9.962064386525259e-01
9.982340570647374e-01
9.992446287553723e-01
9.997082024761694e-01
9.998994368877036e-01
9.999694710041266e-01
9.999919511588073e-01
9.999981845381526e-01
9.999996556937029e-01
9.999999461341347e-01
9.999999932043703e-01
9.999999993236474e-01
9.999999999485778e-01
9.999999999970243e-01
9.999999999998899e-01
9.999999999999936e-01
1.000000000000001e+00
9.999999999999998e-01
1.000000000000000e+00
1.000000000000000e+00
1.000000000000000e+00
1.000000000000000e+00
1.000000000000000e+00
1.000000000000000e+00
1.000000000000000e+00
###6.000000000000003e+00
7.050149614931969e-10
9.105166717481964e-10
1.143546546931500e-09
1.423632674208508e-09
1.768180996478061e-09
2.192141289803828e-09
2.709814287491220e-09
3.343259607247140e-09
4.119035995344909e-09
5.069585661605119e-09
6.232918533661111e-09
7.658038999737397e-09
9.403178803894407e-09
1.154128101903247e-08
1.415992805826369e-08
1.736480081984219e-08
2.128784844600896e-08
2.608990916087535e-08
3.196695516278183e-08
3.915664801177544e-08
4.796893981540823e-08
5.871339377451756e-08
7.187001111777749e-08
8.796476211069105e-08
1.076312213756127e-07
1.316707689252979e-07
1.610557330183288e-07
1.969592931538605e-07
2.408181528461739e-07
2.943873599230550e-07
3.598090662095251e-07
4.396780951363682e-07
5.371964616959322e-07
6.561668883344662e-07
8.013150228003949e-07
9.784642709234726e-07
1.194468711378417e-06
1.457845660544995e-06
1.778958631121454e-06
2.170187343828053e-06
2.646908017451184e-06
3.227622936199475e-06
3.934815814421191e-06
4.795782569066521e-06
5.843455413381416e-06
7.118821280214664e-06
8.669721892451992e-06
1.055603887081897e-05
1.284886405094031e-05
1.563526601555011e-05
1.902075502957366e-05
2.313179066819400e-05
2.812387957645995e-05
3.418148782530394e-05
4.153051395787404e-05
5.044272500450415e-05
6.124986535610781e-05
7.433912590959053e-05
9.019407420767306e-05
1.093924000063047e-04
1.326258046310542e-04
1.607306205381183e-04
1.946996737554843e-04
2.357558859303486e-04
2.853410378700033e-04
3.451991802262848e-04
4.174008298722434e-04
5.044723751787357e-04
6.093970417134316e-04
7.356964447260475e-04
8.877016668316256e-04
1.070571368794441e-03
1.290356356659540e-03
1.554069325460572e-03
1.870618362933998e-03
2.249914733033722e-03
2.704313063849170e-03
3.247804902874934e-03
3.897892452293106e-03
4.674140484403755e-03
5.599558283097091e-03
6.701731724240252e-03
8.014414689545304e-03
9.572504995314510e-03
1.142130863351150e-02
1.361245524354671e-02
1.620438013949274e-02
1.926368689969525e-02
2.286871839686313e-02
2.711038720282872e-02
3.208852898009813e-02
3.792089780421594e-02
4.472872238500783e-02
5.265883362841253e-02
6.187676327016036e-02
7.254726272409968e-02
8.486449795315236e-02
9.902867087303716e-02
1.152518166700626e-01
1.337537914221019e-01
1.547466422483126e-01
1.784538785301166e-01
2.050603982279939e-01
2.347386559242265e-01
2.676126102904007e-01
3.037438984608924e-01
3.431178151273344e-01
3.856097179181937e-01
4.309910774457484e-01
4.789000752178425e-01
5.287850589107848e-01
5.799782351095069e-01
6.316597753287546e-01
6.828800714696628e-01
7.325985454533249e-01
7.797639428010706e-01
8.233498620993029e-01
8.624732278079700e-01
8.964790004881841e-01
9.249786924413230e-01
9.479123268619497e-01
9.655492326597925e-01
9.784375225974349e-01
9.873300794822678e-01
9.930800115846986e-01
9.965301002901302e-01
9.983988166446861e-01
9.993211502361763e-01
9.997402545611220e-01
9.999114030464433e-01
9.999734019114653e-01
9.999930714153622e-01
9.999984573511722e-01
9.999997114924820e-01
9.999999555343034e-01
9.999999944799993e-01
9.999999994598516e-01
9.999999999597035e-01
9.999999999977043e-01
9.999999999999191e-01
9.999999999999947e-01
1.000000000000001e+00
9.999999999999998e-01
1.000000000000000e+00
1.000000000000000e+00
1.000000000000000e+00
1.000000000000000e+00
1.000000000000000e+00
1.000000000000000e+00
1.000000000000000e+00
###6.200000000000003e+00
7.704098758000631e-10
9.923707345260735e-10
1.246404091827502e-09
1.551650522022773e-09
1.927116131405379e-09
2.389043626007024e-09
2.952962992272638e-09
3.642868718867150e-09
4.487636664315482e-09
5.522545630430618e-09
6.788850822102536e-09
8.339794279966171e-09
1.023864484117314e-08
1.256462672037473e-08
1.541280237468633e-08
1.889783882232094e-08
2.316292320347191e-08
2.838254013221078e-08
3.476922286829174e-08
4.258063130383830e-08
5.215312093515985e-08
6.382095416870791e-08
7.810545914368279e-08
9.557583789088511e-08
1.169179401541762e-07
1.429993547118178e-07
1.748723224101697e-07
2.138059607899429e-07
2.613540327493397e-07
3.194140631440464e-07
3.903014022672461e-07
4.768196458769650e-07
5.824275471058898e-07
7.112306723162553e-07
8.683380346915004e-07
1.060011076462600e-06
1.293665198205858e-06
1.578476454400849e-06
1.925617167313619e-06
2.348423130535817e-06
2.863458066808876e-06
3.490641583806423e-06
4.254171023003329e-06
5.183410018447817e-06
6.313726796725477e-06
7.689313251315197e-06
9.361439246617793e-06
1.139445394627878e-05
1.386465646757983e-05
1.686545868897320e-05
2.051005061105545e-05
2.493394146669622e-05
3.030375728718452e-05
3.681696128234363e-05
4.471534126337943e-05
5.428950808773045e-05
6.589434581019088e-05
7.994349380992672e-05
9.695192867341161e-05
1.175378641003289e-04
1.424379849477512e-04
1.725436005835717e-04
2.089122172068611e-04
2.528417242264339e-04
3.058734615880695e-04
3.698526619429867e-04
4.469795184424407e-04
5.399348295255618e-04
6.518812853843571e-04
7.865436943138841e-04
9.485085372969254e-04
1.143229878028280e-03
1.377092831817760e-03
1.657488982890766e-03
1.993806825809854e-03
2.396530821370499e-03
2.878552171138466e-03
3.454664292932808e-03
4.143108873043901e-03
4.964476885100246e-03
5.942793642528111e-03
7.106872808396346e-03
8.491943347438826e-03
1.013428603201635e-02
1.208102628388701e-02
1.438574609661512e-02
1.710877760511726e-02
2.031947941602835e-02
2.409809522443068e-02
2.853840708037001e-02
3.374284749162955e-02
3.983202912983391e-02
4.692947160211770e-02
5.518466461111277e-02
6.476563616257248e-02
7.583837426489919e-02
8.859831250119082e-02
1.032455787737054e-01
1.199909082326641e-01
1.390512951096774e-01
1.606336774243170e-01
1.849544934857894e-01
2.121884520753319e-01
2.424944671702134e-01
2.759811757380545e-01
3.126901641826557e-01
3.525839634233469e-01
3.955133653272607e-01
4.412238768771722e-01
4.893278593315861e-01
5.392501945128098e-01
5.903043824887014e-01
6.416593333662780e-01
6.923639555670477e-01
7.413885840110611e-01
7.877046237080513e-01
8.303255579096220e-01
8.684113434444243e-01
9.013617344358622e-01
9.288420856258782e-01
9.508409008817607e-01
9.676650657962295e-01
9.798856110512715e-01
9.882619450382903e-01
9.936386398480604e-01
9.968384267487715e-01
9.985545388558519e-01
9.993929196784117e-01
9.997700650376262e-01
9.999224305933690e-01
9.999769881760325e-01
9.999940823666508e-01
9.999987006252152e-01
9.999997606092141e-01
9.999999636935293e-01
9.999999955705361e-01
9.999999995744132e-01
9.999999999688962e-01
9.999999999982567e-01
9.999999999999420e-01
9.999999999999956e-01
1.000000000000001e+00
9.999999999999998e-01
1.000000000000000e+00
1.000000000000000e+00
1.000000000000000e+00
1.000000000000000e+00
1.000000000000000e+00
1.000000000000000e+00
1.000000000000000e+00
###6.400000000000003e+00
8.409566282156928e-10
1.080734046900487e-09
1.357441390337895e-09
1.689840599365658e-09
2.098666807088021e-09
2.601554783640561e-09
3.215355006779409e-09
3.966144889316934e-09
4.885293624921755e-09
6.011132272267160e-09
7.388403830287062e-09
9.074906112243272e-09
1.113932377201829e-08
1.366762957462070e-08
1.676292223435081e-08
2.054951588863171e-08
2.518266412161473e-08
3.085149819864352e-08
3.778632073875264e-08
4.626624240198772e-08
5.665594550359537e-08
6.931612587292766e-08
8.481243584372141e-08
1.037603923410163e-07
1.269018128402924e-07
1.551751750460409e-07
1.897182498765267e-07
2.319027940849910e-07
2.834077456066030e-07
3.462829714747587e-07
4.230289189959869e-07
5.166722101616516e-07
6.309458084828878e-07
7.702785526713061e-07
9.401900980522341e-07
1.147404340120421e-06
1.399939873711311e-06
1.707673455264472e-06
2.082638917344795e-06
2.539190103141344e-06
3.095154773880533e-06
3.771960464532352e-06
4.595626810740060e-06
5.597715043549853e-06
6.816183895089092e-06
8.298622653863559e-06
1.009994518343637e-05
1.228923804000373e-05
1.494832124004629e-05
1.817732916386793e-05
2.209758363162068e-05
2.685417363804544e-05
3.262548821747894e-05
3.962273156970815e-05
4.810447849736289e-05
5.838124155733237e-05
7.083231385439662e-05
8.589920330323496e-05
1.041300723204736e-04
1.261857032806306e-04
1.528501721135476e-04
1.850725869370838e-04
2.239783558639150e-04
2.709443408236209e-04
3.276157795040739e-04
3.959444603969893e-04
4.782661658496908e-04
5.774232678887863e-04
6.967659436110113e-04
8.402313558870565e-04
1.012672244245113e-03
1.219850512578671e-03
1.468499412229657e-03
1.766404320100496e-03
2.123453552206956e-03
2.550720758693793e-03
3.061661921373600e-03
3.671897392074595e-03
4.400421461968622e-03
5.268895936640552e-03
6.302387530718528e-03
7.530971193108138e-03
8.991390218308725e-03
1.072133693760335e-02
1.276979619495415e-02
1.519233776170869e-02
1.805123471446238e-02
2.141859079192876e-02
2.537660890785878e-02
3.002193656658539e-02
3.545959837628837e-02
4.181304757475054e-02
4.920803815909112e-02
5.779665036954409e-02
6.774930691582445e-02
7.923307916151259e-02
9.244447829084219e-02
1.075833182317380e-01
1.248587435378160e-01
1.444845443726996e-01
1.666621533739051e-01
1.916005389682899e-01
2.194637236141974e-01
2.503967268464359e-01
2.844918804424423e-01
3.217718319905257e-01
3.621747986872785e-01
4.055274009010194e-01
4.515493699742994e-01
4.998277011119898e-01
5.497645487811823e-01
6.006557060066994e-01
6.516600164127785e-01
7.018262306424697e-01
7.501368969711641e-01
7.955872844880826e-01
8.372314084612424e-01
8.742731119717544e-01
9.061665944676341e-01
9.326306747235168e-01
9.537015508240525e-01
9.697225868373952e-01
9.812865039655705e-01
9.891580080437486e-01
9.941720028254690e-01
9.971303526844347e-01
9.987007254947987e-01
9.994597285370174e-01
9.997975598528975e-01
9.999324994331793e-01
9.999802264975154e-01
9.999949844085879e-01
9.999989148723866e-01
9.999998032542372e-01
9.999999706696898e-01
9.999999964875106e-01
9.999999996690628e-01
9.999999999763391e-01
9.999999999986969e-01
9.999999999999594e-01
9.999999999999964e-01
1.000000000000001e+00
9.999999999999998e-01
1.000000000000000e+00
1.000000000000000e+00
1.000000000000000e+00
1.000000000000000e+00
1.000000000000000e+00
1.000000000000000e+00
1.000000000000000e+00
###6.600000000000003e+00
9.170025489501798e-10
1.176058039925819e-09
1.477225998633494e-09
1.838908178378053e-09
2.283706675753112e-09
2.830754154950196e-09
3.498318543676470e-09
4.314718071669803e-09
5.314003183085864e-09
6.537786620695245e-09
8.034557562461864e-09
9.867008582296374e-09
1.210964294675719e-08
1.485567954591143e-08
1.821684495822436e-08
2.232780322377144e-08
2.735675515892322e-08
3.350854178394532e-08
4.103251900066547e-08
5.023079011580744e-08
6.149840777635510e-08
7.522433962790621e-08
9.202174477205880e-08
1.125557245808985e-07
1.376279785920129e-07
1.682528347647122e-07
2.056595464419178e-07
2.513296071372998e-07
3.070757210406026e-07
3.751105417272182e-07
4.581321945359218e-07
5.594054159980249e-07
6.829558299279285e-07
8.335571435735007e-07
1.017166429992143e-06
1.241001937294050e-06
1.513723542143097e-06
1.845954957112619e-06
2.250647152088737e-06
2.743237304782460e-06
3.342897854246860e-06
4.072659663934815e-06
4.960479030152285e-06
6.040251428220128e-06
7.352688307595754e-06
8.948979126949915e-06
1.088790789998172e-05
1.324358209946694e-05
1.610367159388197e-05
1.957543086047665e-05
2.378878746935976e-05
2.889896518475213e-05
3.509678988658149e-05
4.260798460175362e-05
5.170884978283380e-05
6.273090441767640e-05
7.607917682110648e-05
9.222452566041598e-05
1.117501448910180e-04
1.353615248697941e-04
1.638926331275452e-04
1.983533138786699e-04
2.399408085529607e-04
2.901133414833193e-04
3.506263395640093e-04
4.235430935376378e-04
5.113411127845528e-04
6.170317520379333e-04
7.441609710065806e-04
8.968877170624630e-04
1.080342206927294e-03
1.300606993787825e-03
1.564777656584883e-03
1.881048650477951e-03
2.259827922587753e-03
2.712788234765369e-03
3.253999142661651e-03
3.899906156235349e-03
4.670297741294877e-03
5.587930379337327e-03
6.678944846707171e-03
7.974711201669234e-03
9.513496258518559e-03
1.133452311275998e-02
1.348858491885308e-02
1.603330457339846e-02
1.903293720128797e-02
2.256232504539032e-02
2.670568120990812e-02
3.156251443558365e-02
3.724043250937495e-02
4.386570676259931e-02
5.156626320400994e-02
6.049669771442744e-02
7.082971860698006e-02
8.273331755225449e-02
9.640488386946282e-02
1.120436663497660e-01
1.298569164226225e-01
1.500548696482438e-01
1.728338730357013e-01
1.983925135608566e-01
2.268861207474366e-01
2.584446258980895e-01
2.931436121430942e-01
3.309863094445956e-01
3.718866627290351e-01
4.156470042021583e-01
4.619615042452379e-01
5.103922782176681e-01
5.603195352447001e-01
6.110224113897048e-01
6.616509420187172e-01
7.112551158279196e-01
7.588310750726578e-01
8.033993978699704e-01
8.440548567158048e-01
8.800465205554310e-01
9.108825914924970e-01
9.363348537536808e-01
9.564864372855713e-01
9.717157915802903e-01
9.826359637753991e-01
9.900155573730833e-01
9.946785731416756e-01
9.974051554929625e-01
9.988370844148940e-01
9.995214764892102e-01
9.998227196751972e-01
9.999416130229659e-01
9.999831229371919e-01
9.999957807595646e-01
9.999991013571541e-01
9.999998398062355e-01
9.999999765503006e-01
9.999999972467204e-01
9.999999997459245e-01
9.999999999822554e-01
9.999999999990402e-01
9.999999999999724e-01
9.999999999999971e-01
1.000000000000000e+00
9.999999999999999e-01
1.000000000000000e+00
1.000000000000000e+00
1.000000000000000e+00
1.000000000000000e+00
1.000000000000000e+00
1.000000000000000e+00
1.000000000000000e+00
###6.800000000000003e+00
9.989350723876742e-10
1.278821419629379e-09
1.606359785403069e-09
1.999601098619257e-09
2.483162060190489e-09
3.077786100538985e-09
3.803261563113126e-09
4.690315834047966e-09
5.775880743024855e-09
7.105095136184307e-09
8.730468991555616e-09
1.071995072006314e-08
1.315429062554478e-08
1.613448301830282e-08
1.978151365800108e-08
2.424113621955742e-08
2.969544181776324e-08
3.636610816841336e-08
4.452290848563334e-08
5.449257346720779e-08
6.670269751138175e-08
8.157246712082217e-08
9.976592618907678e-08
1.220012259873883e-07
1.491440954520246e-07
1.822899696331413e-07
2.227658884313302e-07
2.721705959067537e-07
3.324596532523528e-07
4.060195467140124e-07
4.957593888910463e-07
6.051980003567662e-07
7.386731011995683e-07
9.013261208681060e-07
1.099579847238072e-06
1.341180453179316e-06
1.635469371226618e-06
1.993865988793710e-06
2.430297063903505e-06
2.961351865984768e-06
3.607632438271554e-06
4.393873379906235e-06
5.350087958827331e-06
6.512649596218164e-06
7.925192728534601e-06
9.642720505381386e-06
1.172812397889445e-05
1.426082928200507e-05
1.733470103514114e-05
2.106453051513894e-05
2.558934765486155e-05
3.107509184799413e-05
3.772573100735425e-05
4.578232005130145e-05
5.553986612872299e-05
6.735204790991834e-05
8.165101376595004e-05
9.893851942693189e-05
1.198347077131574e-04
1.450920133064362e-04
1.755968921018890e-04
2.124229814531164e-04
2.568429407644719e-04
3.104003108893528e-04
3.749657792182588e-04
4.527197260603879e-04
5.462877526153090e-04
6.588578568062437e-04
7.941803542932037e-04
9.566456810166261e-04
1.151673112105433e-03
1.385679035967154e-03
1.666135920123725e-03
2.001662966723991e-03
2.403207954641024e-03
2.883059333915401e-03
3.455931426291210e-03
4.139111831915035e-03
4.953218382305610e-03
5.922127266012565e-03
7.073085909125808e-03
8.438792638300959e-03
1.005893612469457e-02
1.197472689677111e-02
1.423837845667282e-02
1.690974111026888e-02
2.005509168743696e-02
2.375200667981965e-02
2.808675348986312e-02
3.316169714115286e-02
3.908701536931604e-02
4.599177040403201e-02
5.400599175139152e-02
6.328670908821374e-02
7.400879932326818e-02
8.634100139888717e-02
1.004813734062484e-01
1.166283366238921e-01
1.349869346638486e-01
1.557634907081000e-01
1.791488922408813e-01
2.053307452868955e-01
2.344553446499384e-01
2.666371167198598e-01
3.019344486799646e-01
3.403307041230362e-01
3.817155720925938e-01
4.258670197463055e-01
4.724538991684719e-01
5.210135454999030e-01
5.709063275847728e-01
6.213945553028895e-01
6.716212041144194e-01
7.206389656956766e-01
7.674590305899305e-01
8.111287470158102e-01
8.507840656006491e-01
8.857204577445387e-01
9.154997658587264e-01
9.399460089123252e-01
9.591887906071743e-01
9.736397902444267e-01
9.839305911853992e-01
9.908325380973084e-01
9.951572939650500e-01
9.976624178217113e-01
9.989635033546942e-01
9.995781638911022e-01
9.998455710293398e-01
9.999497939444805e-01
9.999856900619262e-01
9.999964767506728e-01
9.999992618794099e-01
9.999998707561570e-01
9.999999814413382e-01
9.999999978659816e-01
9.999999998073428e-01
9.999999999868755e-01
9.999999999993031e-01
9.999999999999817e-01
9.999999999999977e-01
1.000000000000000e+00
9.999999999999999e-01
1.000000000000000e+00
1.000000000000000e+00
1.000000000000000e+00
1.000000000000000e+00
1.000000000000000e+00
1.000000000000000e+00
1.000000000000000e+00
###7.000000000000004e+00
1.087158557522947e-09
1.389531595791814e-09
1.745480701299044e-09
2.172712013114367e-09
2.698014734306342e-09
3.343863417746795e-09
4.131676006342533e-09
5.094768498628633e-09
6.273167171397832e-09
7.715797183053542e-09
9.479481158016874e-09
1.163780762165597e-08
1.427822941737269e-08
1.751007905904394e-08
2.146427943848455e-08
2.629843812951675e-08
3.220955956649681e-08
3.943734765439661e-08
4.827343977177884e-08
5.907093103066582e-08
7.229225927993140e-08
8.838889203257614e-08
1.080793422201534e-07
1.321384822164540e-07
1.615004624817943e-07
1.973473924288936e-07
2.411107721428498e-07
2.945145469025311e-07
3.596667489135860e-07
4.391393795140959e-07
5.360665889698180e-07
6.542381802259195e-07
7.983245163007422e-07
9.738588250236374e-07
1.187760508738598e-06
1.448336029582241e-06
1.765653901922538e-06
2.151979502161834e-06
2.622277177394552e-06
3.194360677387874e-06
3.890351049538589e-06
4.736792260398293e-06
5.765881060007930e-06
7.016619868568786e-06
8.535744785557485e-06
1.038229733995281e-05
1.262352371068184e-05
1.534448119614843e-05
1.864559068095398e-05
2.264961677156314e-05
2.750521192897145e-05
3.338963886547835e-05
4.052074521374733e-05
4.915576735223933e-05
5.960944405393147e-05
7.225881714766245e-05
8.756460055120992e-05
1.060610594261321e-04
1.284072771072762e-04
1.554049683105332e-04
1.879957734594486e-04
2.273203005914724e-04
2.747302361722468e-04
3.318588715816530e-04
4.006971018660748e-04
4.835482587037836e-04
5.831926354576342e-04
7.030027904121535e-04
8.469422517069705e-04
1.019642928521162e-03
1.226825103201323e-03
1.475252567543711e-03
1.772789615121811e-03
2.128496246339125e-03
2.553880718317183e-03
3.061865840475051e-03
3.667837850705198e-03
4.389948353529614e-03
5.249677946558642e-03
6.272048944691880e-03
7.485447789825437e-03
8.923934183266653e-03
1.062866967489589e-02
1.264285238669130e-02
1.502018432975324e-02
1.782276384438110e-02
2.111892670488174e-02
2.498898131060509e-02
2.952128685459681e-02
3.482105847519842e-02
4.100102612444151e-02
4.819301072685183e-02
5.652907032706637e-02
6.616857927649596e-02
7.728845777150513e-02
9.005800867137762e-02
1.046757391872724e-01
1.213389688000785e-01
1.402502064633155e-01
1.616114912344060e-01
1.856077093795516e-01
2.124153540276136e-01
2.421708651128474e-01
2.749728878331724e-01
3.108621744344328e-01
3.498018009821032e-01
3.916572014005714e-01
4.361819415235868e-01
4.830198139010678e-01
5.316821475181397e-01
5.815158141162571e-01
6.317620389692036e-01
6.815598755521870e-01
7.299662804389461e-01
7.760090074458570e-01
8.187636538184715e-01
8.574079154114626e-01
8.912846991650081e-01
9.200091647765468e-01
9.434569894661237e-01
9.618028328703925e-01
9.754903428665482e-01
9.851677632082291e-01
9.916074957064390e-01
9.956075316051886e-01
9.979019906563195e-01
9.990800246676438e-01
9.996298675545575e-01
9.998661776482650e-01
9.999570797760488e-01
9.999879454976893e-01
9.999970792061154e-01
9.999993985872816e-01
9.999998966573890e-01
9.999999854576247e-01
9.999999983640686e-01
9.999999998556749e-01
9.999999999904231e-01
9.999999999995008e-01
9.999999999999883e-01
9.999999999999981e-01
1.000000000000000e+00
9.999999999999999e-01
1.000000000000000e+00
1.000000000000000e+00
1.000000000000000e+00
1.000000000000000e+00
1.000000000000000e+00
1.000000000000000e+00
1.000000000000000e+00
###7.200000000000004e+00
1.182099211663399e-09
1.508726249632103e-09
1.895264713433483e-09
2.359080787364715e-09
2.929304822424489e-09
3.630270714027963e-09
4.485141993339364e-09
5.530014486579519e-09
6.808240492007468e-09
8.372793608287448e-09
1.028513276453196e-08
1.262489205035772e-08
1.548671030461936e-08
1.898885634813442e-08
2.327290302379876e-08
2.850914464676758e-08
3.491056352911746e-08
4.273615932398177e-08
5.230096848891735e-08
6.398629257346541e-08
7.829185412837210e-08
9.570358442527738e-08
1.169982660448311e-07
1.430113800810919e-07
1.747501487439551e-07
2.134892461515654e-07
2.607716970534699e-07
3.184550562430315e-07
3.888099898419642e-07
4.746063639729512e-07
5.792182311321077e-07
7.067241584182470e-07
8.621489141138564e-07
1.051442912792633e-06
1.282058654932853e-06
1.562885295822398e-06
1.904778112897645e-06
2.320897624837478e-06
2.827310823315966e-06
3.443132126079189e-06
4.192095653401783e-06
5.102665817781564e-06
6.209355828262182e-06
7.553955814592777e-06
9.186490993758883e-06
1.117027753148933e-05
1.357717653092337e-05
1.649820431297407e-05
2.004071673449807e-05
2.433590892897162e-05
2.954260045974029e-05
3.585001290323496e-05
4.349064496867587e-05
5.273880188567091e-05
6.393002439974976e-05
7.746597294996775e-05
9.383743515353204e-05
1.136128660735787e-04
1.374923582869436e-04
1.663293442245611e-04
2.011234477778512e-04
2.430855488598200e-04
2.936501143340226e-04
3.545447570218170e-04
4.278857533950020e-04
5.161054134840276e-04
6.221455626786161e-04
7.495714993678084e-04
9.025691089077135e-04
1.086022045084111e-03
1.305963918661105e-03
1.569519880033355e-03
1.884961366857188e-03
2.261805612823032e-03
2.712142456895038e-03
3.249548415828335e-03
3.890109279518598e-03
4.652862765815442e-03
5.560185073880873e-03
6.638273233000488e-03
7.916684467867864e-03
9.430873350046063e-03
1.122352380262705e-02
1.333982519119236e-02
1.583503151908231e-02
1.877351098916842e-02
2.222569243357865e-02
2.627461527023932e-02
3.101076157283599e-02
3.654218876019073e-02
4.298415657002953e-02
5.047120712611646e-02
5.913734531904271e-02
6.914419346434590e-02
8.067058109116924e-02
9.388618104970879e-02
1.089897194352163e-01
1.261771275209961e-01
1.456480406213270e-01
1.675998280945064e-01
1.922108406113215e-01
2.196462704103273e-01
2.500319289211747e-01
2.834505650590185e-01
3.199242905653257e-01
3.593960772318552e-01
4.017069061738238e-01
4.465859476490620e-01
4.936522304384005e-01
5.423921171105966e-01
5.921387399411140e-01
6.421146902710059e-01
6.914560839119477e-01
7.392258711399027e-01
7.844696343125761e-01
8.262930146816176e-01
8.639160254915503e-01
8.967299083655601e-01
9.244028141074349e-01
9.468613753867504e-01
9.643236891202673e-01
9.772642001069918e-01
9.863455695759388e-01
9.923395189708094e-01
9.960290197320022e-01
9.981239579873864e-01
9.991868210647409e-01
9.996767333254594e-01
9.998846325419851e-01
9.999635193179074e-01
9.999899105231390e-01
9.999975959033881e-01
9.999995138582760e-01
9.999999180931008e-01
9.999999887154293e-01
9.999999987593629e-01
9.999999998931539e-01
9.999999999931042e-01
9.999999999996469e-01
9.999999999999929e-01
9.999999999999986e-01
1.000000000000000e+00
9.999999999999999e-01
1.000000000000000e+00
1.000000000000000e+00
1.000000000000000e+00
1.000000000000000e+00
1.000000000000000e+00
1.000000000000000e+00
1.000000000000000e+00
###7.400000000000004e+00
1.284208420285358e-09
1.636974647511154e-09
2.056427770518125e-09
2.559596891926772e-09
3.178133830443456e-09
3.938368366221983e-09
4.865332134402385e-09
5.998105947578224e-09
7.383633558501324e-09
9.079152915587705e-09
1.115116816794161e-08
1.368576649079220e-08
1.678530749781041e-08
2.057757065857075e-08
2.521559378916492e-08
3.088322920606914e-08
3.781055898761405e-08
4.627722764774670e-08
5.662329848626354e-08
6.926023174460839e-08
8.472762311828594e-08
1.035481765830842e-07
1.265609726712629e-07
1.546662161270254e-07
1.889491202387702e-07
2.307831588664848e-07
2.818303506102871e-07
3.440907498746338e-07
4.200083950996296e-07
5.125640661623945e-07
6.253874143252014e-07
7.628645535787768e-07
9.303975908249372e-07
1.134380938521048e-06
1.382833582420359e-06
1.685266178481247e-06
2.053368448102624e-06
2.501252887485181e-06
3.046157600509253e-06
3.708577832789448e-06
4.513959715799750e-06
5.492804861811401e-06
6.682082660302177e-06
8.126537635357413e-06
9.879680760501410e-06
1.200935100962066e-05
1.459229651105229e-05
1.772583636473329e-05
2.152465800731960e-05
2.612886573424922e-05
3.170801608904422e-05
3.846395399732750e-05
4.664463544506800e-05
5.654236108670578e-05
6.851459098197431e-05
8.298891339518960e-05
1.004877625194957e-04
1.216155340075248e-04
1.471154781639252e-04
1.778952875647253e-04
2.150154745509644e-04
2.597606192852521e-04
3.136518698791454e-04
3.785158740415651e-04
4.565996924967548e-04
5.504708124622770e-04
6.632396746947648e-04
7.986727657154782e-04
9.611877658027211e-04
1.155930637015487e-03
1.389261016583046e-03
1.668679760276181e-03
2.002881152155904e-03
2.401856478270620e-03
2.878298726824069e-03
3.446458115707164e-03
4.123147134691107e-03
4.928313620336049e-03
5.885264652589986e-03
7.021393329361162e-03
8.367466591380549e-03
9.960365522476285e-03
1.184434450946018e-02
1.406659082375686e-02
1.668396961559223e-02
1.976314161505088e-02
2.337665977612458e-02
2.761029455370686e-02
3.255667581931859e-02
3.832669333696111e-02
4.503810930347392e-02
5.282814397141387e-02
6.183266036981116e-02
7.221542417510915e-02
8.415703131549618e-02
9.782731992951715e-02
1.134249938980607e-01
1.311442976775777e-01
1.511816418669017e-01
1.737293273948897e-01
1.989586403850051e-01
2.270232357922465e-01
2.580375703389333e-01
2.920690040586780e-01
3.291180387340916e-01
3.691097154191864e-01
4.118597370847622e-01
4.570729158663834e-01
5.043438650494767e-01
5.531349934487301e-01
6.027657183511255e-01
6.524422918148808e-01
7.012990411741912e-01
7.484065797085752e-01
7.928299500930364e-01
8.337063175829988e-01
8.702987610888494e-01
9.020476275776765e-01
9.286736989219796e-01
9.501537243500762e-01
9.667477094177463e-01
9.789589569242901e-01
9.874627599507821e-01
9.930281883087453e-01
9.964218134667273e-01
9.983286022489885e-01
9.992841730366433e-01
9.997189592316337e-01
9.999010508334728e-01
9.999691692502344e-01
9.999916087284808e-01
9.999980351212668e-01
9.999996101047951e-01
9.999999356436577e-01
9.999999913270061e-01
9.999999990690617e-01
9.999999999218094e-01
9.999999999950996e-01
9.999999999997531e-01
9.999999999999960e-01
9.999999999999988e-01
1.000000000000000e+00
9.999999999999999e-01
1.000000000000000e+00
1.000000000000000e+00
1.000000000000000e+00
1.000000000000000e+00
1.000000000000000e+00
1.000000000000000e+00
1.000000000000000e+00
###7.600000000000004e+00
1.393964021024883e-09
1.774879828925104e-09
2.229727875166153e-09
2.775201975236136e-09
3.445667802752545e-09
4.269596312371505e-09
5.274017920044181e-09
6.501214433918813e-09
8.001979034399587e-09
9.838122126864445e-09
1.208154791833201e-08
1.482525617437638e-08
1.817997566883422e-08
2.228336392675639e-08
2.730103070174368e-08
3.343122992961842e-08
4.092233291759196e-08
5.007606136247280e-08
6.125922836948785e-08
7.491552218800829e-08
9.162715392572288e-08
1.119560430629650e-07
1.368078347559635e-07
1.671518112654870e-07
2.041563793345860e-07
2.493004074651076e-07
3.043728037304557e-07
3.715255168375162e-07
4.533872993339865e-07
5.531636257392528e-07
6.747563139338254e-07
8.228788433297424e-07
1.003334858240528e-06
1.222991017064983e-06
1.490468028713162e-06
1.815938836544704e-06
2.211977915945690e-06
2.693709562338721e-06
3.279614925879830e-06
3.991654483086329e-06
4.857090358270679e-06
5.908584049395391e-06
7.185707859220414e-06
8.736335708432162e-06
1.061767039622049e-05
1.290233462320246e-05
1.567224809849199e-05
1.903139303775347e-05
2.310220378147109e-05
2.803419454243302e-05
3.400825507655540e-05
4.123954799520412e-05
4.999232899064829e-05
6.057786122908586e-05
7.337669003887650e-05
8.884369630686283e-05
1.075346005145125e-04
1.300915620336532e-04
1.573032196625826e-04
1.901341763441063e-04
2.297088471275986e-04
2.773890715593171e-04
3.347867307159039e-04
4.038323686826114e-04
4.869094650960789e-04
5.867270842995516e-04
7.065715445527814e-04
8.504193110761623e-04
1.022929571744246e-03
1.229521458131834e-03
1.476893713235518e-03
1.772937640767559e-03
2.126786461074561e-03
2.548922716101648e-03
3.052664580090908e-03
3.652956590575408e-03
4.367365219360383e-03
5.216773289554294e-03
6.225461564392661e-03
7.422017982395740e-03
8.838456619924807e-03
1.051318384242282e-02
1.249199683207491e-02
1.482411455776833e-02
1.756806856036948e-02
2.079283523884533e-02
2.457311973764618e-02
2.899742396551298e-02
3.416054451191514e-02
4.017619103325394e-02
4.716459575255508e-02
5.526560811444568e-02
6.461685327985606e-02
7.538412748000441e-02
8.774964079718940e-02
1.018831809644405e-01
1.179831773928435e-01
1.362418768669999e-01
1.568521020347358e-01
1.800006740700980e-01
2.058512888258232e-01
2.345457860645248e-01
2.661865778524640e-01
3.008251289263909e-01
3.384403521389558e-01
3.789385818307036e-01
4.221104235934929e-01
4.676364137269871e-01
5.150871516367228e-01
5.639020977640106e-01
6.133872119681700e-01
6.627345878024516e-01
7.110780553921934e-01
7.574975885891365e-01
8.010794162559965e-01
8.409936486973757e-01
8.765472315501806e-01
9.072302616508169e-01
9.328157312107466e-01
9.533295253897682e-01
9.690718989895718e-01
9.805729578313868e-01
9.885186841696771e-01
9.936735225741531e-01
9.967863127479695e-01
9.985163742782780e-01
9.993724479900763e-01
9.997567831659780e-01
9.999155633717632e-01
9.999740912641719e-01
9.999930648816944e-01
9.999984052723146e-01
9.999996897076306e-01
9.999999498646326e-01
9.999999933968201e-01
9.999999993086952e-01
9.999999999434233e-01
9.999999999965626e-01
9.999999999998290e-01
9.999999999999981e-01
9.999999999999990e-01
1.000000000000000e+00
9.999999999999999e-01
1.000000000000000e+00
1.000000000000000e+00
1.000000000000000e+00
1.000000000000000e+00
1.000000000000000e+00
1.000000000000000e+00
1.000000000000000e+00
###7.800000000000004e+00
1.511871677776871e-09
1.923079864860989e-09
2.415966439619626e-09
3.006892518284828e-09
3.733140581395599e-09
4.625478091618008e-09
5.713072729016779e-09
7.041636734140564e-09
8.666087605170174e-09
1.065313469396721e-08
1.308045922615768e-08
1.604846150196767e-08
1.967682335824331e-08
2.411378229444609e-08
2.953838227192187e-08
3.616427737874632e-08
4.425938616351505e-08
5.414903326506836e-08
6.622859947952659e-08
8.097619546969625e-08
9.901955040554077e-08
1.209623837495482e-07
1.477814221241453e-07
1.805196299346521e-07
2.204341069124237e-07
2.691160880340135e-07
3.284897143130564e-07
4.008687522114656e-07
4.890786421286694e-07
5.965641014323439e-07
7.275165882304235e-07
8.869978681130035e-07
1.081238628665250e-06
1.317607530208924e-06
1.605364197203273e-06
1.955386655385180e-06
2.381187252051046e-06
2.898964912726314e-06
3.528519642819494e-06
4.293365724703817e-06
5.222690602809729e-06
6.351444519250450e-06
7.721956735743944e-06
9.385414250251981e-06
1.140292756355413e-05
1.385217717239147e-05
1.682055195184479e-05
2.041907481129301e-05
2.477836182796632e-05
3.005786069981155e-05
3.645041797239589e-05
4.418523927006784e-05
5.354375989088398e-05
6.485721452925115e-05
7.853045002213370e-05
9.504706209881262e-05
1.149977662365796e-04
1.390643829937634e-04
1.680832563725958e-04
2.030786596919491e-04
2.452420378670073e-04
2.960161833338887e-04
3.571079161336854e-04
4.305566916583893e-04
5.188882779101413e-04
6.249598817247323e-04
7.522412694043785e-04
9.049278978957018e-04
1.087930496777029e-03
1.306952530802962e-03
1.569045313340329e-03
1.882505738648753e-03
2.256922443441187e-03
2.703286812499297e-03
3.235564714594633e-03
3.869416248800639e-03
4.623189267688181e-03
5.518727228761101e-03
6.581316073314532e-03
7.840771523749068e-03
9.330380069221118e-03
1.109017264772953e-02
1.316736529370416e-02
1.561338152305989e-02
1.848841860799985e-02
2.186379180593495e-02
2.581643203515543e-02
3.043742674924450e-02
3.582389828438214e-02
4.209231268054200e-02
4.936533414037205e-02
5.778538624591979e-02
6.749175266139146e-02
7.865213885860668e-02
9.145020716717302e-02
1.060554680402745e-01
1.226658127028939e-01
1.414711671203085e-01
1.626603905794824e-01
1.864144010695160e-01
2.128887799510648e-01
2.422132383494744e-01
2.744774809504718e-01
3.097165838533039e-01
3.478878409897685e-01
3.888782037373686e-01
4.324533442167456e-01
4.782696568637936e-01
5.258741802262529e-01
5.746844345750706e-01
6.239933685976303e-01
6.729810011917408e-01
7.207819435009015e-01
7.664872967117266e-01
8.092037942597544e-01
8.477057472449342e-01
8.826451772897608e-01
9.122681371213741e-01
9.368215514934867e-01
9.563839566266900e-01
9.712932995177604e-01
9.821047867593120e-01
9.895129732803452e-01
9.942757872196399e-01
9.971230502071942e-01
9.986878293200203e-01
9.994520673068275e-01
9.997904672750396e-01
9.999283096702668e-01
9.999783491767276e-01
9.999943039056868e-01
9.999987145934408e-01
9.999997549373899e-01
9.999999612713709e-01
9.999999950191609e-01
9.999999994918809e-01
9.999999999595126e-01
9.999999999976200e-01
9.999999999998826e-01
9.999999999999994e-01
9.999999999999992e-01
1.000000000000000e+00
9.999999999999999e-01
1.000000000000000e+00
1.000000000000000e+00
1.000000000000000e+00
1.000000000000000e+00
1.000000000000000e+00
1.000000000000000e+00
1.000000000000000e+00
###8.000000000000004e+00
1.638466285499606e-09
2.082249700682474e-09
2.615988934534813e-09
3.255722628990838e-09
4.041857275877709e-09
5.007625076020659e-09
6.184477733261058e-09
7.621802018482056e-09
9.378930846490327e-09
1.152781998334442e-08
1.415232741676909e-08
1.736077167835005e-08
2.128240760206980e-08
2.607679627660114e-08
3.193733083843266e-08
3.909412324692729e-08
4.783597500542878e-08
5.851342248014683e-08
7.155234662313970e-08
8.746760043205487e-08
1.069355056033970e-07
1.306043113047560e-07
1.595266064741240e-07
1.948239053931203e-07
2.378478119792197e-07
2.903092948603041e-07
3.542765409942864e-07
4.322356121998889e-07
5.272212723418831e-07
6.429328335874932e-07
7.838698329369554e-07
9.554643495786958e-07
1.164401024635087e-06
1.418581852341285e-06
1.727944588804798e-06
2.104117268796141e-06
2.561606128670272e-06
3.117750752146621e-06
3.793749718588745e-06
4.614764174956359e-06
5.612021740219991e-06
6.822896690630488e-06
8.292636907458597e-06
1.007593509206624e-05
1.223803579054068e-05
1.486196470686632e-05
1.804089127268323e-05
2.189327465963484e-05
2.655836708103440e-05
3.220609770165383e-05
3.904192149553317e-05
4.730984457806547e-05
5.730940052508553e-05
6.939284795518512e-05
8.399060346628659e-05
1.016164591647431e-04
1.228979054535670e-04
1.485583988104497e-04
1.794843919242016e-04
2.167627032876508e-04
2.616550504729360e-04
3.156890103926093e-04
3.806707058844814e-04
4.587536774062234e-04
5.526120886969095e-04
6.652580407223717e-04
8.003525876814690e-04
9.623194629928491e-04
1.156331283571134e-03
1.388387318908677e-03
1.665905307177507e-03
1.997603279746254e-03
2.393542164424327e-03
2.865240157197778e-03
3.427333824737954e-03
4.096225781821889e-03
4.891057350224584e-03
5.834674435298005e-03
6.953394606217893e-03
8.278275463240265e-03
9.843964122137873e-03
1.169209723959670e-02
1.387144509575175e-02
1.643540403379658e-02
1.944613892175298e-02
2.297723218589718e-02
2.710788505817151e-02
3.193174454431696e-02
3.754828337008723e-02
4.407670078193204e-02
5.164204893799279e-02
6.038926412071216e-02
7.045917695581534e-02
8.202127205039995e-02
9.526049213131893e-02
1.103458321383404e-01
1.274743697973735e-01
1.468333748035226e-01
1.686073557641449e-01
1.929708925861109e-01
2.200709285988083e-01
2.500247027326329e-01
2.829085747280367e-01
3.187407519720316e-01
3.574568419498217e-01
3.989238276375575e-01
4.428826076325678e-01
4.889656235847140e-01
5.366968644193022e-01
5.854729400443472e-01
6.345744190060404e-01
6.831712727137982e-01
7.304003189787737e-01
7.753655315283593e-01
8.171944231303331e-01
8.547933911453287e-01
8.885874442401505e-01
9.171555414312589e-01
9.406870797278631e-01
9.593142500934820e-01
9.734105077156566e-01
9.835539685602737e-01
9.904459937511586e-01
9.948357158102619e-01
9.974328341518889e-01
9.988436633140000e-01
9.995235145073655e-01
9.998202964119046e-01
9.999394355299460e-01
9.999820075730057e-01
9.999953503087428e-01
9.999989709658362e-01
9.999998079094574e-01
9.999999703308449e-01
9.999999962771309e-01
9.999999996302763e-01
9.999999999713380e-01
9.999999999983734e-01
9.999999999999200e-01
1.000000000000000e+00
9.999999999999993e-01
1.000000000000000e+00
9.999999999999999e-01
1.000000000000000e+00
1.000000000000000e+00
1.000000000000000e+00
1.000000000000000e+00
1.000000000000000e+00
1.000000000000000e+00
1.000000000000000e+00
###8.200000000000003e+00
1.774313435316315e-09
2.253103099718603e-09
2.830696434872024e-09
3.522806984475412e-09
4.373197872106178e-09
5.417740944385446e-09
6.690327339480119e-09
8.244277648749071e-09
1.014364935484906e-08
1.246601310094520e-08
1.530182786122423e-08
1.876787938569079e-08
2.300365334420359e-08
2.818082185707042e-08
3.450809777819321e-08
4.223317081912284e-08
5.166714121190046e-08
6.318745798576653e-08
7.725255026970890e-08
9.441646723154145e-08
1.154073759812936e-07
1.409209407854129e-07
1.720906685434339e-07
2.101217677944150e-07
2.564664845942278e-07
3.129633029133248e-07
3.818337607475927e-07
4.657472734040250e-07
5.679612568052998e-07
6.924458114134192e-07
8.440279920477219e-07
1.028533405069787e-06
1.253128992243594e-06
1.526283080124708e-06
1.858652877039683e-06
2.262663582197851e-06
2.753874364587350e-06
3.350834833135255e-06
4.076225901650570e-06
4.956953409052862e-06
6.026405671375578e-06
7.324523016784190e-06
8.899641533258453e-06
1.081016161537200e-05
1.312569891480543e-05
1.593492580440607e-05
1.933711792940908e-05
2.345858475856684e-05
2.844768993287012e-05
3.448541677741822e-05
4.179050991362362e-05
5.062256593221501e-05
6.130017623592974e-05
7.419772026243235e-05
8.977250667513954e-05
1.085700664595830e-04
1.312565184141322e-04
1.585990082638968e-04
1.915365933591576e-04
2.312216270912492e-04
2.789894624588224e-04
3.364564342032490e-04
4.055324931629667e-04
4.884906026239732e-04
5.881596706017976e-04
7.077136404605484e-04
8.510129535869778e-04
1.022719195373392e-03
1.228277527155149e-03
1.473994807413817e-03
1.767669446822698e-03
2.118456565248211e-03
2.536906648941859e-03
3.035083052753653e-03
3.628324386607863e-03
4.333775013869638e-03
5.171419584528639e-03
6.165126979213295e-03
7.342277069885563e-03
8.735113863887745e-03
1.037994576592843e-02
1.231977514021654e-02
1.460508156134928e-02
1.729120218073757e-02
2.044235281036801e-02
2.413439572629777e-02
2.844881773097701e-02
3.348183439383325e-02
3.933525917001646e-02
4.613100697883758e-02
5.399646823034190e-02
6.307902372768275e-02
7.352093141347073e-02
8.549331581342498e-02
9.918221809633992e-02
1.147558678692546e-01
1.324102424834454e-01
1.523296075974487e-01
1.746937222694824e-01
1.996703827193883e-01
2.273973701478312e-01
2.579788954769382e-01
2.914779254868538e-01
3.278947691967623e-01
3.671434399047304e-01
4.090704528380129e-01
4.533921037074398e-01
4.997176260996125e-01
5.475470398239620e-01
5.962586086320301e-01
6.451208504110384e-01
6.932957069084503e-01
7.399239096673487e-01
7.841240871074074e-01
8.250479984841608e-01
8.617141476666837e-01
8.943785747337701e-01
9.218917557106678e-01
9.444120128473904e-01
9.621202489856205e-01
9.754239950239685e-01
9.849215852916866e-01
9.913189574144973e-01
9.953545581852191e-01
9.977167607355669e-01
9.989847111752702e-01
9.995873302060224e-01
9.998465744003923e-01
9.999490906835724e-01
9.999851306663146e-01
9.999962277558692e-01
9.999991817870659e-01
9.999998505563674e-01
9.999999774581971e-01
9.999999972424877e-01
9.999999997336485e-01
9.999999999799236e-01
9.999999999989028e-01
9.999999999999456e-01
1.000000000000001e+00
9.999999999999994e-01
1.000000000000000e+00
9.999999999999999e-01
1.000000000000000e+00
1.000000000000000e+00
1.000000000000000e+00
1.000000000000000e+00
1.000000000000000e+00
1.000000000000000e+00
1.000000000000000e+00
###8.400000000000002e+00
1.920011012108816e-09
2.436394600769404e-09
3.061037617985307e-09
3.809323888400623e-09
4.728621021421315e-09
5.857626320521804e-09
7.232834859963079e-09
8.911776404133280e-09
1.096356099108230e-08
1.347176512848587e-08
1.653389837384588e-08
2.027579576644869e-08
2.484787160532198e-08
3.043474234590753e-08
3.726146981010578e-08
4.559450661385360e-08
5.576875079499285e-08
6.819036431932777e-08
8.335249141782773e-08
1.018509727547908e-07
1.244692626718928e-07
1.519534840791774e-07
1.855234111091258e-07
2.264733793203455e-07
2.763627573367810e-07
3.371657606391115e-07
4.112670989391902e-07
5.015312071198293e-07
6.114522071878326e-07
7.452880621565396e-07
9.082138299655824e-07
1.106473098217910e-06
1.347744968053030e-06
1.641098819791715e-06
1.997954820890112e-06
2.431584841177725e-06
2.958663217966391e-06
3.599022375268928e-06
4.376913607359318e-06
5.321090095949556e-06
6.467227427454132e-06
7.857980955941628e-06
9.544952812340370e-06
1.159046280662608e-05
1.406874592079361e-05
1.707443724089470e-05
2.071325907851428e-05
2.511980447718772e-05
3.045204531453030e-05
3.690261754983169e-05
4.470426677809560e-05
5.413300509263881e-05
6.552748219141588e-05
7.928534197781108e-05
9.589216247700720e-05
1.159268198136681e-04
1.400959902747490e-04
1.692126433803483e-04
2.042710315943212e-04
2.464921519034862e-04
2.972884786194913e-04
3.583692232204301e-04
4.317528548075089e-04
5.198372665043974e-04
6.256127039835492e-04
7.524221038005159e-04
9.043336578595870e-04
1.086256675502040e-03
1.303919835788516e-03
1.563949688507837e-03
1.874539963979928e-03
2.245299243623456e-03
2.687285225548846e-03
3.213125385212056e-03
3.838921328133566e-03
4.582469357539060e-03
5.464738847213390e-03
6.510610927635311e-03
7.748558964872606e-03
9.212054214322174e-03
1.093907989051320e-02
1.297405200763626e-02
1.536919782161129e-02
1.818181786918042e-02
2.147820765901454e-02
2.533653972581999e-02
2.984059589508104e-02
3.508916802047298e-02
4.118639647035313e-02
4.825688955721855e-02
5.643032035396791e-02
6.585643893479842e-02
7.667880255425903e-02
8.907002703456114e-02
1.032170596141905e-01
1.192871030650445e-01
1.374747356739209e-01
1.579608591498852e-01
1.809200727132861e-01
2.065129332307848e-01
2.348675344305655e-01
2.660746619185451e-01
3.001833312861742e-01
3.371753246911102e-01
3.769434018893531e-01
4.193127442701947e-01
4.639753821272867e-01
5.105176369232639e-01
5.584162148496380e-01
6.070322901335347e-01
6.556228136060109e-01
7.033442008216004e-01
7.493426911122389e-01
7.927534037550320e-01
8.327552575969842e-01
8.684635414435971e-01
9.000112123051961e-01
9.264722012800515e-01
9.479934105073871e-01
9.648006229880267e-01
9.773336331732067e-01
9.862083812116853e-01
9.921330305421724e-01
9.958335788186478e-01
9.979759446981809e-01
9.991118129168548e-01
9.996440527236722e-01
9.998696002696762e-01
9.999574202647714e-01
9.999877795385291e-01
9.999969582989034e-01
9.999993537984633e-01
9.999998845972660e-01
9.999999830130550e-01
9.999999979757274e-01
9.999999998100009e-01
9.999999999860830e-01
9.999999999992696e-01
9.999999999999631e-01
1.000000000000001e+00
9.999999999999996e-01
1.000000000000000e+00
9.999999999999999e-01
1.000000000000000e+00
1.000000000000000e+00
1.000000000000000e+00
1.000000000000000e+00
1.000000000000000e+00
1.000000000000000e+00
1.000000000000000e+00
###8.600000000000001e+00
2.076190791781566e-09
2.632921556149631e-09
3.308014994903732e-09
4.116518443150284e-09
5.109666767148397e-09
6.329183598148932e-09
7.814338493622295e-09
9.627163683544888e-09
1.184216981339510e-08
1.454935375406792e-08
1.785375208400674e-08
2.189086602856473e-08
2.682277785008725e-08
3.284793098201457e-08
4.020882625997344e-08
4.919193316644106e-08
6.015753420582899e-08
7.354240892064765e-08
8.987670837894833e-08
1.098008086126207e-07
1.341567513578061e-07
1.637453474687785e-07
1.998772756441961e-07
2.439420735884727e-07
2.976130717540641e-07
3.630088885531597e-07
4.426877661119610e-07
5.397214616287886e-07
6.578556160435936e-07
8.016540505929541e-07
9.766614063807168e-07
1.189565002886821e-06
1.448587533587958e-06
1.763435950660170e-06
2.146339212957763e-06
2.611467697648804e-06
3.176676701681733e-06
3.863157619660919e-06
4.696824657826497e-06
5.708386152281272e-06
6.935937718152904e-06
8.425005969321029e-06
1.023064550725115e-05
1.241931739785296e-05
1.507013578644852e-05
1.828402965580377e-05
2.217352401392469e-05
2.688194814695534e-05
3.257740173063586e-05
3.946479853650453e-05
4.779162772416358e-05
5.785117771293683e-05
7.000319976126383e-05
8.466979386992050e-05
1.023662420052617e-04
1.237064369951828e-04
1.494396192560100e-04
1.804268020939694e-04
2.177201188919222e-04
2.626124419292683e-04
3.165969791891116e-04
3.814800871141774e-04
4.593936120580474e-04
5.528660582854845e-04
6.650558509993380e-04
7.994822787329733e-04
9.604299154314599e-04
1.153065967743606e-03
1.383413925800145e-03
1.658432453998371e-03
1.986725651004037e-03
2.378372349506530e-03
2.844955507808473e-03
3.399686137149559e-03
4.059450972777122e-03
4.842726492407146e-03
5.771490667794902e-03
6.871666277325322e-03
8.172851337615425e-03
9.709784206949939e-03
1.152213946186911e-02
1.365579192593148e-02
1.616475450113694e-02
1.910831357350606e-02
2.255487169828137e-02
2.658493996016566e-02
3.128460239278303e-02
3.675523170915006e-02
4.310327701094671e-02
5.045601274629870e-02
5.894533288290651e-02
6.872327419792780e-02
7.993455658544432e-02
9.275312892210205e-02
1.073666414334961e-01
1.239409968251338e-01
1.426690637025615e-01
1.637280079706018e-01
1.872868476785321e-01
2.134984353454460e-01
2.424806518428292e-01
2.743104791226794e-01
3.090223304853285e-01
3.465784583623691e-01
3.868521925776423e-01
4.296450726611675e-01
4.746257103265654e-01
5.213578381255866e-01
5.692957120162493e-01
6.177851326721100e-01
6.660704754604010e-01
7.133067807471785e-01
7.586469127120878e-01
8.012443407497617e-01
8.403076432800701e-01
8.750371862283282e-01
9.054791131693797e-01
9.308931214090852e-01
9.514291528644877e-01
9.673547569900139e-01
9.791399010689469e-01
9.874155369452313e-01
9.928897055871871e-01
9.962742430395776e-01
9.982116051176388e-01
9.992258484211161e-01
9.996942286103069e-01
9.998896700413326e-01
9.999645645807002e-01
9.999900118751446e-01
9.999975622771679e-01
9.999994930680041e-01
9.999999115406543e-01
9.999999873026071e-01
9.999999985271049e-01
9.999999998657810e-01
9.999999999904501e-01
9.999999999995203e-01
9.999999999999751e-01
1.000000000000001e+00
9.999999999999997e-01
1.000000000000000e+00
9.999999999999999e-01
1.000000000000000e+00
1.000000000000000e+00
1.000000000000000e+00
1.000000000000000e+00
1.000000000000000e+00
1.000000000000000e+00
1.000000000000000e+00
###8.800000000000001e+00
2.243521409517378e-09
2.843526206908048e-09
3.572687525646845e-09
4.445705783368832e-09
5.517958050254625e-09
6.834421849159079e-09
8.437307256595208e-09
1.039346483962146e-08
1.278317415338100e-08
1.570329408371825e-08
1.926689051046747e-08
2.361978513439938e-08
2.893651146297009e-08
3.543027383890349e-08
4.336216646573892e-08
5.304000181873209e-08
6.485112545288283e-08
7.926494840326878e-08
9.685105113862391e-08
1.182972398297238e-07
1.445062840155121e-07
1.763422165572631e-07
2.152074558488347e-07
2.625944940883274e-07
3.202978463387353e-07
3.905896812614606e-07
4.762127002574417e-07
5.804589517906784e-07
7.073412022140012e-07
8.617480915095171e-07
1.049616567442110e-06
1.278104787311648e-06
1.556012114520669e-06
1.893721477992708e-06
2.304318855469167e-06
2.802927641075017e-06
3.408652955037896e-06
4.144125461743690e-06
5.037019253396816e-06
6.120110999431146e-06
7.434055584926215e-06
9.027414644071303e-06
1.095889061444147e-05
1.329931817808707e-05
1.613296253889650e-05
1.956739347471514e-05
2.372231050869743e-05
2.875025290278879e-05
3.482999070474865e-05
4.217936815010384e-05
5.106139316412186e-05
6.178752819541174e-05
7.473971373363517e-05
9.036574702741937e-05
1.092121077200171e-04
1.319294442191311e-04
1.593116487693186e-04
1.922700829801235e-04
2.319175488861586e-04
2.796221504798097e-04
3.369615718565359e-04
4.058437357987326e-04
4.885188973466012e-04
5.876520324900619e-04
7.065768401288876e-04
8.489965328999628e-04
1.019420970660918e-03
1.223285736979695e-03
1.466920750147030e-03
1.757629536265559e-03
2.104442014317681e-03
2.517924471329348e-03
3.010203574575268e-03
3.595093613684899e-03
4.290289399710103e-03
5.114975540125404e-03
6.092163440918742e-03
7.248847170419853e-03
8.615781051212742e-03
1.022911943883689e-02
1.212991576953380e-02
1.436587751352968e-02
1.699272633207424e-02
2.007177097863883e-02
2.367353206034024e-02
2.788089019778332e-02
3.278223635133933e-02
3.848152532344827e-02
4.508749218933782e-02
5.273004505920727e-02
6.154323056418735e-02
7.168128204712325e-02
8.328993641051961e-02
9.654430752451518e-02
1.116325345441431e-01
1.287189351405593e-01
1.479943456410233e-01
1.696318126221896e-01
1.937943410701823e-01
2.206266056975257e-01
2.502357496564276e-01
2.826845558569059e-01
3.179922153406018e-01
3.561012265742744e-01
3.968650106067292e-01
4.400615365213376e-01
4.853361017552277e-01
5.322302099348758e-01
5.801766880269728e-01
6.285067692533596e-01
6.764540164317078e-01
7.231736241081714e-01
7.678271191391630e-01
8.095881976398689e-01
8.476972827680501e-01
8.814309059228793e-01
9.107770514055766e-01
9.351515589423299e-01
9.547178942691890e-01
9.697827053808646e-01
9.808438312171106e-01
9.885446486728101e-01
9.935907664216909e-01
9.966781781916394e-01
9.984250369296758e-01
9.993277195676080e-01
9.997384026899236e-01
9.999070719297427e-01
9.999706571562442e-01
9.999918813338869e-01
9.999980581706374e-01
9.999996049753863e-01
9.999999326900390e-01
9.999999905851604e-01
9.999999989376618e-01
9.999999999060957e-01
9.999999999935117e-01
9.999999999996894e-01
9.999999999999831e-01
1.000000000000001e+00
9.999999999999997e-01
1.000000000000000e+00
9.999999999999999e-01
1.000000000000000e+00
1.000000000000000e+00
1.000000000000000e+00
1.000000000000000e+00
1.000000000000000e+00
1.000000000000000e+00
1.000000000000000e+00
###9.000000000000000e+00
2.422713223189314e-09
3.069097984271969e-09
3.856173522352721e-09
4.798274682934141e-09
5.955219402525463e-09
7.375462295499908e-09
9.104347692500807e-09
1.121387332398730e-08
1.379047871162625e-08
1.693835066755836e-08
2.077911813916380e-08
2.546961544163968e-08
3.119765691493656e-08
3.819219557618491e-08
4.673414102166180e-08
5.715405060456845e-08
6.986810798368025e-08
8.538048457453757e-08
1.043027502634928e-07
1.273731972179278e-07
1.555593250513225e-07
1.897921874064724e-07
2.315720362595954e-07
2.825007558731327e-07
3.445016655877207e-07
4.200101306681486e-07
5.119648308700362e-07
6.238917720157999e-07
7.600872823140064e-07
9.257847896810638e-07
1.127337468409347e-06
1.372402794152559e-06
1.670391713681883e-06
2.032403403475551e-06
2.472431587534249e-06
3.006609896169424e-06
3.655365672481589e-06
4.442853179533578e-06
5.398608228005386e-06
6.557593966324800e-06
7.963171019619734e-06
9.667107962669697e-06
1.173195920990785e-05
1.423317650543730e-05
1.726046054494702e-05
2.092838510648364e-05
2.536421254464608e-05
3.073018744881029e-05
3.721631666853008e-05
4.505405622338515e-05
5.452274164870409e-05
6.595294527270352e-05
7.974993039004774e-05
9.638848378965814e-05
1.164478375143989e-04
1.406172040661753e-04
1.697372981570615e-04
2.047722219262189e-04
2.468983389302196e-04
2.975624684421266e-04
3.584306470702918e-04
4.315169424011946e-04
5.191952258347903e-04
6.242729899248864e-04
7.502665577492139e-04
9.010708567956473e-04
1.081430213368856e-03
1.297059378839659e-03
1.554606644457959e-03
1.861733472328920e-03
2.227911460290530e-03
2.664211968863612e-03
3.183324223505189e-03
3.799685865756961e-03
4.531823506248211e-03
5.399657623170058e-03
6.427265278966102e-03
7.642723900367236e-03
9.077990780897799e-03
1.077068744838726e-02
1.276321810406338e-02
1.510520959607721e-02
1.785409303543174e-02
2.107329030034083e-02
2.483539420378230e-02
2.922570146468330e-02
3.433491225632417e-02
4.026956111334087e-02
4.714064155679070e-02
5.508065741101146e-02
6.422573301582309e-02
7.473220030025678e-02
8.674665833865404e-02
1.004452078909383e-01
1.160162518090549e-01
1.336222260146559e-01
1.534515999985487e-01
1.756729061676649e-01
2.004426944392168e-01
2.278969808504361e-01
2.581316470543612e-01
2.911948687461082e-01
3.270900276565035e-01
3.657396355285473e-01
4.069767880609999e-01
4.505559691816622e-01
4.960993275808278e-01
5.431265665398969e-01
5.910501591682185e-01
6.391876780080139e-01
6.867636676502735e-01
7.329350925041782e-01
7.768741802562309e-01
8.177767389609737e-01
8.549169763287684e-01
8.876408317849952e-01
9.159007431820402e-01
9.392453307383657e-01
9.578590233647579e-01
9.720851452271156e-01
9.824469570488330e-01
9.895976771896504e-01
9.942382415617265e-01
9.970471388980240e-01
9.986175858504810e-01
9.994183347380512e-01
9.997771098073849e-01
9.999220825766466e-01
9.999758233334242e-01
9.999934371544251e-01
9.999984625436856e-01
9.999996942249876e-01
9.999999491559906e-01
9.999999930747681e-01
9.999999992404137e-01
9.999999999349264e-01
9.999999999956345e-01
9.999999999998018e-01
9.999999999999885e-01
1.000000000000001e+00
9.999999999999998e-01
1.000000000000000e+00
1.000000000000000e+00
1.000000000000000e+00
1.000000000000000e+00
1.000000000000000e+00
1.000000000000000e+00
1.000000000000000e+00
1.000000000000000e+00
1.000000000000000e+00
###9.199999999999999e+00
2.614503399772856e-09
3.310575828478033e-09
4.159653548238595e-09
5.175691153242137e-09
6.423265087671874e-09
7.954543787611995e-09
9.818210564871211e-09
1.209175884901007e-08
1.486820260103799e-08
1.825954953264921e-08
2.239655698106229e-08
2.744780434628987e-08
3.361526500237269e-08
4.114468508397020e-08
5.033808254558271e-08
6.155024111541641e-08
7.522805906373542e-08
9.191271778745047e-08
1.122604807693613e-07
1.370633537089349e-07
1.673577885472126e-07
2.041458756975097e-07
2.490321230372361e-07
3.037346014412623e-07
3.703134658859363e-07
4.513774474465128e-07
5.500733426492946e-07
6.701755100198436e-07
8.162811436566043e-07
9.939894829309903e-07
1.210095099290335e-06
1.472784770778973e-06
1.792117650433108e-06
2.179951556567843e-06
2.651241319273456e-06
3.223190758017869e-06
3.917625554889090e-06
4.760311953045549e-06
5.782754375273322e-06
7.022226588561908e-06
8.524948185668611e-06
1.034607455891615e-05
1.255222626447589e-05
1.522372672624098e-05
1.845600973734758e-05
2.237103304724169e-05
2.710402737295076e-05
3.282746023703590e-05
3.974316658135367e-05
4.809692500725417e-05
5.818524277695494e-05
7.035877691859710e-05
8.504729468896111e-05
1.027539175005948e-04
1.240922474893768e-04
1.497919413769133e-04
1.807427924556663e-04
2.179641273533496e-04
2.626988680518321e-04
3.164761669619809e-04
3.810544260182120e-04
4.585585968120199e-04
5.514915548534143e-04
6.628095431343898e-04
7.962191196514027e-04
9.558149409717432e-04
1.146585260940945e-03
1.374535105388254e-03
1.646643414762149e-03
1.970942991859490e-03
2.357363380555602e-03
2.817499049133476e-03
3.364621025603505e-03
4.013810707979143e-03
4.784450978797851e-03
5.697225746001799e-03
6.777304856025916e-03
8.053885192022082e-03
9.560137364874072e-03
1.133520376107671e-02
1.342288764607340e-02
1.587470637165723e-02
1.874989564938347e-02
2.211398976666761e-02
2.604168087731931e-02
3.062070083037475e-02
3.594407601211942e-02
4.212086194668948e-02
4.926433070461943e-02
5.750952061276195e-02
6.699455177308050e-02
7.787774860541746e-02
9.030640810031965e-02
1.044574295073752e-01
1.205192428737820e-01
1.386520938040579e-01
1.590417386453055e-01
1.818517896992959e-01
2.072318903994569e-01
2.353089107545551e-01
2.661669488753837e-01
2.998391564257633e-01
3.363125502236569e-01
3.754894213488353e-01
4.171821835976062e-01
4.611219425188822e-01
5.069079266458892e-01
5.540385462662317e-01
6.019070283885972e-01
6.498183160802538e-01
6.969897462892209e-01
7.425817568199999e-01
7.857793031679652e-01
8.258021894720770e-01
8.619601399882159e-01
8.936633694096148e-01
9.208465751980250e-01
9.431721780492202e-01
9.607895321754754e-01
9.742616778571251e-01
9.839506711470555e-01
9.905765260464372e-01
9.948341007941827e-01
9.973828775251043e-01
9.987905817507021e-01
9.994985763746965e-01
9.998108609729603e-01
9.999349617979836e-01
9.999801786479190e-01
9.999947238034419e-01
9.999987900247835e-01
9.999997648725620e-01
9.999999618713818e-01
9.999999949463013e-01
9.999999994615293e-01
9.999999999553316e-01
9.999999999970898e-01
9.999999999998758e-01
9.999999999999920e-01
1.000000000000001e+00
9.999999999999998e-01
1.000000000000000e+00
1.000000000000000e+00
1.000000000000000e+00
1.000000000000000e+00
1.000000000000000e+00
1.000000000000000e+00
1.000000000000000e+00
1.000000000000000e+00
1.000000000000000e+00
###9.399999999999999e+00
2.819676854107404e-09
3.568950578696139e-09
4.484373439256752e-09
5.579502185106125e-09
6.924009451917187e-09
8.574028471377639e-09
1.058179782312090e-08
1.303067585991680e-08
1.602069002481068e-08
1.967219066961229e-08
2.412566167741529e-08
2.956220249301045e-08
3.619887482538513e-08
4.429932187823540e-08
5.418803736625802e-08
6.624559669847130e-08
8.095159546629171e-08
9.888660134448949e-08
1.207544268987314e-07
1.474041986755687e-07
1.799457739910439e-07
2.194567074525435e-07
2.676519774647838e-07
3.263735615496093e-07
3.978267286978022e-07
4.848042921128209e-07
5.906739515704523e-07
7.194735760918172e-07
8.761194364156483e-07
1.066598708860652e-06
1.298173834607189e-06
1.579592437567421e-06
1.921600341499474e-06
2.336858569409701e-06
2.841339130835012e-06
3.453378890915697e-06
4.196281841622583e-06
5.097518887073165e-06
6.190675085218053e-06
7.515465151069686e-06
9.121128003010999e-06
1.106639421476560e-05
1.342217475078769e-05
1.627393089612182e-05
1.972314126584870e-05
2.389954450142173e-05
2.894676319951444e-05
3.504802851339306e-05
4.241762048292761e-05
5.131638190312773e-05
6.205887149977100e-05
7.501684696099853e-05
9.064580953146955e-05
1.094786148129865e-04
1.321649177283092e-04
1.594767729847345e-04
1.923553967435726e-04
2.318779175807870e-04
2.793569220363790e-04
3.364076491105408e-04
4.048850194561135e-04
4.870297726115422e-04
5.854793598337136e-04
7.033452022421712e-04
8.445319678926001e-04
1.013342285001103e-03
1.215018080677705e-03
1.455866082241997e-03
1.743208490574632e-03
2.085463186933337e-03
2.493034339071723e-03
2.978057972808430e-03
3.554406554964087e-03
4.237825970944156e-03
5.048580564653070e-03
6.008145030495462e-03
7.142808642603037e-03
8.482919071220969e-03
1.006289307428701e-02
1.192342294970692e-02
1.410975167412143e-02
1.667532507721426e-02
1.968116877344059e-02
2.319500609259813e-02
2.729363246717173e-02
3.206723212666127e-02
3.761123396698045e-02
4.403683182248639e-02
5.146016951673860e-02
6.001830390757094e-02
6.985138830536758e-02
8.111962603698197e-02
9.397083790176081e-02
1.085825228620557e-01
1.251428901945437e-01
1.438096748178516e-01
1.647655619850006e-01
1.881688272690945e-01
2.141617468065631e-01
2.428613872405702e-01
2.743399971196001e-01
3.086149174619907e-01
3.456563076615694e-01
3.853460541432158e-01
4.274755890373734e-01
4.717527808788746e-01
5.177542255254874e-01
5.649576287567425e-01
6.127381198737218e-01
6.603889521983630e-01
7.071227063752125e-01
7.521044614366734e-01
7.945341205413358e-01
8.336573468079981e-01
8.688209611650601e-01
8.994955980633262e-01
9.256122064714127e-01
9.469322223664930e-01
9.636494846337166e-01
9.763157407982043e-01
9.853580317811869e-01
9.914841460504936e-01
9.953808903313172e-01
9.976874104612862e-01
9.989454576467043e-01
9.995693505392133e-01
9.998401611261327e-01
9.999459582165376e-01
9.999838305326553e-01
9.999957814961998e-01
9.999990534948490e-01
9.999998203915054e-01
9.999999716133416e-01
9.999999963410503e-01
9.999999996215387e-01
9.999999999696211e-01
9.999999999980789e-01
9.999999999999231e-01
9.999999999999946e-01
1.000000000000000e+00
9.999999999999998e-01
1.000000000000000e+00
1.000000000000000e+00
1.000000000000000e+00
1.000000000000000e+00
1.000000000000000e+00
1.000000000000000e+00
1.000000000000000e+00
1.000000000000000e+00
1.000000000000000e+00
###9.599999999999998e+00
3.039061588231455e-09
3.845267523637162e-09
4.831647506546646e-09
6.011339710288179e-09
7.459471812685312e-09
9.236407803680934e-09
1.139816998881779e-08
1.403437249684995e-08
1.725252125128642e-08
2.118186124638081e-08
2.597323549118489e-08
3.182108310032210e-08
3.895853711196143e-08
4.766830420336614e-08
5.829879965016572e-08
7.125804322573571e-08
8.706042246555167e-08
1.063284003983765e-07
1.298163530908333e-07
1.584341234530197e-07
1.933696689072147e-07
2.357814114138151e-07
2.874991554590254e-07
3.504991285631730e-07
4.271396857515441e-07
5.204090179288358e-07
6.339091933289693e-07
7.719575454921660e-07
9.398085817955524e-07
1.143860686930162e-06
1.391872012189840e-06
1.693184188491650e-06
2.059270104166503e-06
2.503640808972863e-06
3.043344396992658e-06
3.697916654211252e-06
4.492223897712656e-06
5.455538759011121e-06
6.623644582122499e-06
8.038833269658253e-06
9.753531207747131e-06
1.183024177344932e-05
1.434439978119652e-05
1.738688422361867e-05
2.106554316056634e-05
2.551831199275163e-05
3.089764693301635e-05
3.739810760180421e-05
4.524706196797042e-05
5.472119119586283e-05
6.615402214566535e-05
7.993947129448936e-05
9.656005446833849e-05
1.165798172253897e-04
1.406862168318747e-04
1.696957360644220e-04
2.046034485421898e-04
2.465469584600776e-04
2.969117353760787e-04
3.574029973577499e-04
4.299764814287626e-04
5.169937873098523e-04
6.212327017182503e-04
7.459664499689072e-04
8.953059538898464e-04
1.073770288896911e-03
1.286865089630372e-03
1.541210536602030e-03
1.844485040412362e-03
2.205505633649921e-03
2.635168197915227e-03
3.146169181701268e-03
3.753002514956940e-03
4.472099623944230e-03
5.324632188128979e-03
6.332892867979656e-03
7.524317797290563e-03
8.930436846156393e-03
1.058694555456384e-02
1.253608739957270e-02
1.482466615438108e-02
1.750800061259173e-02
2.064896464783253e-02
2.431749314477748e-02
2.859250542685695e-02
3.356665290066820e-02
3.933774991190534e-02
4.601912352639726e-02
5.372976931861113e-02
6.260867141664622e-02
7.279793022041953e-02
8.445950680765960e-02
9.774156169431480e-02
1.128219840933197e-01
1.298885006487699e-01
1.490960108548686e-01
1.706237520439507e-01
1.946242385568627e-01
2.212319096161480e-01
2.505535267364801e-01
2.826488014601582e-01
3.175194005450405e-01
3.551175605134844e-01
3.953046096645371e-01
4.378511342607827e-01
4.824415639597596e-01
5.286303436728550e-01
5.758751414566255e-01
6.235341756589664e-01
6.708893946923660e-01
7.171530267643315e-01
7.614943067981329e-01
8.031306438996690e-01
8.413355003181726e-01
8.754942273578049e-01
9.051349783925452e-01
9.301958701129123e-01
9.505257468016880e-01
9.663611277365447e-01
9.782503612691628e-01
9.866718686054086e-01
9.923233994405468e-01
9.958810900841101e-01
9.979626953549039e-01
9.990835859651940e-01
9.996315146302894e-01
9.998654801345330e-01
9.999552996499966e-01
9.999868756417448e-01
9.999966456947633e-01
9.999992640559212e-01
9.999998637058722e-01
9.999999790181446e-01
9.999999973716215e-01
9.999999997362436e-01
9.999999999795317e-01
9.999999999987429e-01
9.999999999999534e-01
9.999999999999962e-01
1.000000000000000e+00
9.999999999999999e-01
1.000000000000000e+00
1.000000000000000e+00
1.000000000000000e+00
1.000000000000000e+00
1.000000000000000e+00
1.000000000000000e+00
1.000000000000000e+00
1.000000000000000e+00
1.000000000000000e+00
###9.799999999999997e+00
3.273530749571021e-09
4.140628996514304e-09
5.202861801926859e-09
6.472924649247175e-09
8.031781452199478e-09
9.944308802238884e-09
1.227055348438438e-08
1.510679973333937e-08
1.856852371137716e-08
2.279444905353851e-08
2.794644655684113e-08
3.423316155764113e-08
4.190483779854902e-08
5.126447742133640e-08
6.268594526641544e-08
7.660644992846487e-08
9.357738267195741e-08
1.142657503227706e-07
1.394796730235937e-07
1.701935034867036e-07
2.076782456465255e-07
2.531779517475719e-07
3.086446172749029e-07
3.761969243915314e-07
4.583555218202922e-07
5.583159152483813e-07
6.799287147901835e-07
8.278075061822007e-07
1.007565181073217e-06
1.226035810779299e-06
1.491502515191342e-06
1.813935769308052e-06
2.205577978130247e-06
2.680839349966941e-06
3.257905924393958e-06
3.957581461384239e-06
4.806382755563031e-06
5.835485972903264e-06
7.082996037031027e-06
8.593924598561112e-06
1.042406150950966e-05
1.263988966609458e-05
1.532161283049678e-05
1.856581931069233e-05
2.248706610213517e-05
2.723192009633400e-05
3.296213196146099e-05
3.988417916202185e-05
4.823918882597117e-05
5.832048639037661e-05
7.048152261473934e-05
8.513947423863259e-05
1.028052045346472e-04
1.240754627157905e-04
1.496773269158427e-04
1.804738164476472e-04
2.175163900713765e-04
2.620058999964064e-04
3.154040326891110e-04
3.795100202726536e-04
4.563848613063189e-04
5.485162608147150e-04
6.588282919406755e-04
7.907628132675832e-04
9.486454168557366e-04
1.137220338061774e-03
1.362267245344495e-03
1.630731852521692e-03
1.950662070026213e-03
2.331288491467924e-03
2.784016214872678e-03
3.322121387721227e-03
3.960739806280087e-03
4.717009808132402e-03
5.613036938391879e-03
6.671958839305580e-03
7.922386590976733e-03
9.397063764943618e-03
1.113299622653862e-02
1.317387632658192e-02
1.556850478806599e-02
1.837369873289865e-02
2.165435170512246e-02
2.548262096216044e-02
2.993957146453092e-02
3.512033397132093e-02
4.112508901076465e-02
4.806930947114228e-02
5.607474443852263e-02
6.528228154144512e-02
7.583585004421370e-02
8.789903836141111e-02
1.016201527180351e-01
1.171772521623838e-01
1.347573096647115e-01
1.545120460732363e-01
1.766168697391726e-01
2.012180971367530e-01
2.284418544372459e-01
2.583841239957553e-01
2.910915306863555e-01
3.265496172534495e-01
3.646923156106012e-01
4.053601535420731e-01
4.483026984583607e-01
4.931811474231238e-01
5.395282204876448e-01
5.867822945577200e-01
6.342859146651667e-01
6.813112868564102e-01
7.270711424939166e-01
7.707426969409739e-01
8.115613173650953e-01
8.488304798281652e-01
8.819753721666208e-01
9.105794572182623e-01
9.345964861396044e-01
9.539532365475232e-01
9.689269285820775e-01
9.800679613456676e-01
9.878951599791981e-01
9.930971815357296e-01
9.963372221375830e-01
9.982106747453855e-01
9.992063073920974e-01
9.996858865382003e-01
9.998872579619370e-01
9.999631950685217e-01
9.999894006892268e-01
9.999973475273969e-01
9.999994312226219e-01
9.999998972553928e-01
9.999999846025074e-01
9.999999981266348e-01
9.999999998177193e-01
9.999999999863364e-01
9.999999999991843e-01
9.999999999999724e-01
9.999999999999973e-01
1.000000000000000e+00
9.999999999999999e-01
1.000000000000000e+00
1.000000000000000e+00
1.000000000000000e+00
1.000000000000000e+00
1.000000000000000e+00
1.000000000000000e+00
1.000000000000000e+00
1.000000000000000e+00
1.000000000000000e+00
###9.999999999999996e+00
3.524004878719014e-09
4.456197129323026e-09
5.599477593321857e-09
6.966071207477037e-09
8.643182918907225e-09
1.070050025611744e-08
1.320234880494601e-08
1.625212109090336e-08
1.997378385605730e-08
2.451615681636927e-08
3.005284519242315e-08
3.680761633197221e-08
4.504892332466019e-08
5.510136441218984e-08
6.736586832199723e-08
8.231067322601325e-08
1.005265087463719e-07
1.227277199610647e-07
1.497795256585657e-07
1.827247892423344e-07
2.229227716853143e-07
2.717081844932390e-07
3.311630168082943e-07
4.035568858939389e-07
4.915825952006945e-07
5.986554734353396e-07
7.288895865678474e-07
8.872124307073194e-07
1.079616461982048e-06
1.313397173335933e-06
1.597393395560089e-06
1.942241036823959e-06
2.360996602129741e-06
2.869021013240422e-06
3.485703196335733e-06
4.233187232737966e-06
5.139732884232555e-06
6.238526529250970e-06
7.570123673744137e-06
9.182405243931913e-06
1.113470883984315e-05
1.349771272626004e-05
1.635664630758391e-05
1.981411186517633e-05
2.399172971697098e-05
2.904515281251031e-05
3.514590675230414e-05
4.251300199968709e-05
5.140202440867778e-05
6.212378390062275e-05
7.505265036748003e-05
9.063020707758513e-05
1.093970517676561e-04
1.319842106795817e-04
1.591602724153389e-04
1.918369819659193e-04
2.311248068580180e-04
2.782907206532174e-04
3.348760796536600e-04
4.027783111011232e-04
4.841682710380499e-04
5.816651919971182e-04
6.983455798460410e-04
8.378269627920845e-04
1.004658296979102e-03
1.203817932019882e-03
1.441370192479289e-03
1.724598738265179e-03
2.061934613372076e-03
2.463036720166568e-03
2.939837289836230e-03
3.506211856818691e-03
4.177958863513407e-03
4.972945240247958e-03
5.914237556092993e-03
7.025845311084144e-03
8.337583248745098e-03
9.883440189701895e-03
1.170176335293947e-02
1.383774575007918e-02
1.634216009949095e-02
1.927340771219852e-02
2.269841644428125e-02
2.669158391922018e-02
3.133615976790593e-02
3.672966022748821e-02
4.297472690222917e-02
5.018894160295780e-02
5.849670913316979e-02
6.804078481662174e-02
7.896680263277593e-02
9.143983845953735e-02
1.056081400960617e-01
1.216497050065812e-01
1.397504703655110e-01
1.600586222430837e-01
1.827453496249805e-01
2.079503249543185e-01
2.357908795101339e-01
2.663517370795553e-01
2.996658973927550e-01
3.357023392225965e-01
3.743763288643813e-01
4.155074027068331e-01
4.588239236884966e-01
5.039641780265262e-01
5.504396350980839e-01
5.976702059973711e-01
6.449840590485418e-01
6.916452712149851e-01
7.368686044203573e-01
7.798413922172406e-01
8.198190510392952e-01
8.561366804043121e-01
8.882604844707134e-01
9.158275233632919e-01
9.388136753287020e-01
9.572158143745441e-01
9.713497272441737e-01
9.817714195623474e-01
9.890311437623800e-01
9.938085335619579e-01
9.967518546551611e-01
9.984332811523318e-01
9.993149249450013e-01
9.997332434987741e-01
9.999059036048117e-01
9.999698346512663e-01
9.999914830797764e-01
9.999979140689432e-01
9.999995630665816e-01
9.999999230556762e-01
9.999999887813010e-01
9.999999986751188e-01
9.999999998750716e-01
9.999999999909626e-01
9.999999999994750e-01
9.999999999999841e-01
9.999999999999981e-01
1.000000000000000e+00
9.999999999999999e-01
1.000000000000000e+00
1.000000000000000e+00
1.000000000000000e+00
1.000000000000000e+00
1.000000000000000e+00
1.000000000000000e+00
1.000000000000000e+00
1.000000000000000e+00
1.000000000000000e+00
###1.020000000000000e+01
3.791453985622996e-09
4.793196755342915e-09
6.023034969141333e-09
7.492691393329042e-09
9.296041602491876e-09
1.150789984058799e-08
1.419713883246547e-08
1.747472285950209e-08
2.147365952778245e-08
2.635351725839088e-08
3.230038212542940e-08
3.955411098873850e-08
4.840252708655776e-08
5.919319885197066e-08
7.235581970694575e-08
8.839160307151236e-08
1.079330790894535e-07
1.317448782735487e-07
1.607528554363925e-07
1.960726015180084e-07
2.391571232233233e-07
2.914370994141554e-07
3.551327137152597e-07
4.326734610959999e-07
5.269346710661605e-07
6.415646585670363e-07
7.809566329472122e-07
9.503705689273714e-07
1.156200744948518e-06
1.406231122436861e-06
1.709888533291694e-06
2.078512738272542e-06
2.526021142552364e-06
3.068779466910753e-06
3.727447672437353e-06
4.525585942365918e-06
5.493294000362478e-06
6.665880233128866e-06
8.086485723253819e-06
9.806017258951371e-06
1.188755301103626e-05
1.440619240799401e-05
1.745245881440138e-05
2.113528804904324e-05
2.558409039073140e-05
3.096300339344667e-05
3.745490481826232e-05
4.529162297576213e-05
5.474393058036894e-05
6.614099739277414e-05
7.987914863073382e-05
9.642556695411702e-05
1.163520269257448e-04
1.403254668811303e-04
1.691579487128676e-04
2.038122152613373e-04
2.454604655524320e-04
2.954387702055588e-04
3.553717318390381e-04
4.272593030205342e-04
5.133869480185025e-04
6.165110297693964e-04
7.398668324821846e-04
8.872548028583475e-04
1.063456236159783e-03
1.273692796767302e-03
1.524324387620685e-03
1.822985364412270e-03
2.178503884592310e-03
2.600982246532211e-03
3.102898145278199e-03
3.698746604255008e-03
4.405009866834802e-03
5.240305441585508e-03
6.228688682128778e-03
7.395067707463813e-03
8.770490260559566e-03
1.039022196440937e-02
1.229398265932558e-02
1.452855557511433e-02
1.714654420712565e-02
2.020813440255825e-02
2.378226394115642e-02
2.794561179433925e-02
3.278353657055157e-02
3.839603011200627e-02
4.488814896188410e-02
5.237957687820043e-02
6.099727602619205e-02
7.088582194073380e-02
8.219242272186139e-02
9.508349222082051e-02
1.097070053441875e-01
1.262406555050690e-01
1.448690503069312e-01
1.657364738432896e-01
1.890094947509678e-01
2.148206870801441e-01
2.432781005067693e-01
2.744547174808450e-01
3.083693861939064e-01
3.449740939866769e-01
3.841651040267263e-01
4.257407988311039e-01
4.694082200476682e-01
5.147831044757560e-01
5.613562213265444e-01
6.085299176039428e-01
6.556193494480477e-01
7.018821236557934e-01
7.465366564778254e-01
7.887825236088942e-01
8.278972343523594e-01
8.632490702002117e-01
8.943462997722645e-01
9.208782166972894e-01
9.428477191071573e-01
9.603151925333702e-01
9.736327195761293e-01
9.833640019704165e-01
9.900832714101726e-01
9.944606016392672e-01
9.971275731366832e-01
9.986324176212634e-01
9.994106936105588e-01
9.997743177411025e-01
9.999217941049906e-01
9.999753900531028e-01
9.999931908539303e-01
9.999983686543132e-01
9.999996663719918e-01
9.999999427555439e-01
9.999999918842273e-01
9.999999990702422e-01
9.999999999150844e-01
9.999999999940766e-01
9.999999999996648e-01
9.999999999999911e-01
9.999999999999987e-01
1.000000000000000e+00
9.999999999999999e-01
1.000000000000000e+00
1.000000000000000e+00
1.000000000000000e+00
1.000000000000000e+00
1.000000000000000e+00
1.000000000000000e+00
1.000000000000000e+00
1.000000000000000e+00
1.000000000000000e+00
###1.040000000000000e+01
4.076900120843348e-09
5.152918383422317e-09
6.475156628729382e-09
8.054800498418068e-09
9.992849453472939e-09
1.236958110628510e-08
1.525869743223531e-08
1.877922456615274e-08
2.307379268453962e-08
2.831340850805141e-08
3.469742711904538e-08
4.248281718453891e-08
5.197799648320134e-08
6.355496055055325e-08
7.767394629224212e-08
9.487120999710305e-08
1.158236740431133e-07
1.413493619721309e-07
1.724384930385168e-07
2.102838290832986e-07
2.564378994304052e-07
3.124329575964757e-07
3.806359926718860e-07
4.636458048798898e-07
5.645311547045717e-07
6.871871909872233e-07
8.363027614601709e-07
1.017489840105361e-06
1.237567908112136e-06
1.504837811922461e-06
1.829348287122872e-06
2.223183283715011e-06
2.701170208902722e-06
3.280736307942199e-06
3.983884065368971e-06
4.835669123078325e-06
5.868132827669544e-06
7.118822715686057e-06
8.633606738802897e-06
1.046658136524971e-05
1.268476700966484e-05
1.536792062691050e-05
1.861213973505195e-05
2.253302850308955e-05
2.726823916682661e-05
3.299068124716107e-05
3.989531278766248e-05
4.822738670718338e-05
5.827361891712370e-05
7.038245094544240e-05
8.497324178621429e-05
1.025400142441354e-04
1.236872194060076e-04
1.491194062170692e-04
1.796941480691365e-04
2.164275432317314e-04
2.605563455762627e-04
3.134888072737462e-04
3.769364767866891e-04
4.530063157543697e-04
5.441033071169083e-04
6.531267304309903e-04
7.834771976710411e-04
9.391455392184618e-04
1.125154650436347e-03
1.346978960851045e-03
1.611285177334771e-03
1.926071441347074e-03
2.300577351826151e-03
2.745364030232640e-03
3.273473380152828e-03
3.900040425523598e-03
4.642252731714123e-03
5.519500665742254e-03
6.556856701605614e-03
7.780158443224476e-03
9.221703841589636e-03
1.091807953008729e-02
1.291040482081815e-02
1.524704615779426e-02
1.798258487148630e-02
2.117890190122467e-02
2.490701496267554e-02
2.924588878945026e-02
3.428301037260983e-02
4.012085199255824e-02
4.686684708898018e-02
5.464277391117103e-02
6.357805256327154e-02
7.381901991915728e-02
8.551432070584464e-02
9.883154748175846e-02
1.139181773405703e-01
1.309513460503269e-01
1.501140262574356e-01
1.715462220661638e-01
1.954094706661794e-01
2.218287859362628e-01
2.509024453708459e-01
2.826912059542191e-01
3.171992511223408e-01
3.543611645922221e-01
3.940538950673050e-01
4.360545413512676e-01
4.800487754587252e-01
5.256301916500115e-01
5.722694863110331e-01
6.193524251828620e-01
6.661825703840503e-01
7.120127764628791e-01
7.560668146048051e-01
7.975586091107514e-01
8.357897513588159e-01
8.701631966229494e-01
9.002301920374107e-01
9.257311309522984e-01
9.466995212589515e-01
9.632536261582828e-01
9.757794338465099e-01
9.848493000728799e-01
9.910551639968084e-01
9.950565992469289e-01
9.974669545167592e-01
9.988099411276491e-01
9.994948120767505e-01
9.998097935713933e-01
9.999352743023410e-01
9.999800149473526e-01
9.999945836964664e-01
9.999987312237753e-01
9.999997467889608e-01
9.999999576909173e-01
9.999999941706453e-01
9.999999993525297e-01
9.999999999427541e-01
9.999999999961524e-01
9.999999999997877e-01
9.999999999999952e-01
9.999999999999990e-01
1.000000000000000e+00
9.999999999999999e-01
1.000000000000000e+00
1.000000000000000e+00
1.000000000000000e+00
1.000000000000000e+00
1.000000000000000e+00
1.000000000000000e+00
1.000000000000000e+00
1.000000000000000e+00
1.000000000000000e+00
###1.059999999999999e+01
4.381419710165894e-09
5.536721241719840e-09
6.957551700699933e-09
8.654523611819570e-09
1.073623583306385e-08
1.328878064739580e-08
1.639099822828776e-08
2.017048964825828e-08
2.478012232886554e-08
3.040306976364977e-08
3.725278788310683e-08
4.560443601472110e-08
5.578832044705341e-08
6.820239247474493e-08
8.333933045799731e-08
1.017725925288701e-07
1.242262328324864e-07
1.515749435336496e-07
1.848772366843290e-07
2.254077255594955e-07
2.748245445257629e-07
3.347674295257155e-07
4.077592277643089e-07
4.965779746489748e-07
6.044973243948968e-07
7.356738222722024e-07
8.951092988598476e-07
1.088790337764146e-06
1.323979853576919e-06
1.609531743863261e-06
1.956150140862633e-06
2.376705494931263e-06
2.886986733553096e-06
3.505542274009363e-06
4.255791549617746e-06
5.164369275626839e-06
6.265364826769254e-06
7.598687394555272e-06
9.213079782141200e-06
1.116599944323905e-05
1.352861997709146e-05
1.638560273872085e-05
1.983891235361598e-05
2.401117059512355e-05
2.904867098219081e-05
3.513361320484534e-05
4.247357682951873e-05
5.132794360055899e-05
6.200016084659669e-05
7.485889126477111e-05
9.034765001068220e-05
1.089885899843706e-04
1.314203976985422e-04
1.583869965738699e-04
1.907935873208937e-04
2.297120690565034e-04
2.764466779319651e-04
3.324810416560485e-04
3.996174823397820e-04
4.800746114202216e-04
5.763820031705616e-04
6.915878284245984e-04
8.292647834808879e-04
9.936017684286757e-04
1.189872829656383e-03
1.423814866451230e-03
1.702412921272304e-03
2.034042355109076e-03
2.428368886819803e-03
2.896428228262841e-03
3.451845650116928e-03
4.110417094671490e-03
4.890057335858823e-03
5.810952157573965e-03
6.899220164500339e-03
8.181674793840896e-03
9.691834452009997e-03
1.146769822787265e-02
1.355179584808902e-02
1.599410515936086e-02
1.885122584070680e-02
2.218674973584967e-02
2.607383208902374e-02
3.059364968132764e-02
3.583591075535252e-02
4.190550813295071e-02
4.891231857030529e-02
5.698009161120735e-02
6.624063921867096e-02
7.684198982991494e-02
8.893408676590246e-02
1.026855116056807e-01
1.182430286528716e-01
1.357829444283500e-01
1.554862797447960e-01
1.774883701587898e-01
2.019453008286766e-01
2.289740568940142e-01
2.586626506248319e-01
2.910591298256666e-01
3.261525146211650e-01
3.638595908492657e-01
4.040377103932591e-01
4.464425950540329e-01
4.907385674930391e-01
5.364975367723658e-01
5.831708310630679e-01
6.301286962279963e-01
6.766645777987721e-01
7.220283465012826e-01
7.654508942017438e-01
8.061625776433204e-01
8.434909972076126e-01
8.768751928029287e-01
9.059101654738017e-01
9.303864114339725e-01
9.503705708575488e-01
9.660338679382273e-01
9.777937029350424e-01
9.862311743608977e-01
9.919505705759312e-01
9.955997731109126e-01
9.977725441839774e-01
9.989676486991619e-01
9.995684164005170e-01
9.998403057626665e-01
9.999466572124264e-01
9.999838458488807e-01
9.999957134646512e-01
9.999990186752523e-01
9.999998089821817e-01
9.999999689343613e-01
9.999999958426004e-01
9.999999995525466e-01
9.999999999617222e-01
9.999999999975226e-01
9.999999999998667e-01
9.999999999999976e-01
9.999999999999993e-01
1.000000000000000e+00
9.999999999999999e-01
1.000000000000000e+00
1.000000000000000e+00
1.000000000000000e+00
1.000000000000000e+00
1.000000000000000e+00
1.000000000000000e+00
1.000000000000000e+00
1.000000000000000e+00
1.000000000000000e+00
###1.079999999999999e+01
4.706146158622803e-09
5.946036568571238e-09
7.472019878656937e-09
9.294090623534621e-09
1.152896008244291e-08
1.426890588755515e-08
1.759822413009123e-08
2.165363707009186e-08
2.659889872132135e-08
3.263011842077109e-08
3.997573079752732e-08
4.893022440874190e-08
5.984715960201636e-08
7.315205554305219e-08
8.937203391413733e-08
1.091200299005241e-07
1.331701170026555e-07
1.624571074652829e-07
1.981119439912274e-07
2.414960220196843e-07
2.943808557108549e-07
3.585157558457980e-07
4.365930695579597e-07
5.315791524285833e-07
6.469645951489026e-07
7.871826489195715e-07
9.575663600405628e-07
1.164498854152464e-06
1.415711033587550e-06
1.720642395716209e-06
2.090689441179251e-06
2.539553490673193e-06
3.084039027186679e-06
3.743878844503285e-06
4.543979481598283e-06
5.512661622365422e-06
6.686156181256613e-06
8.106867918017144e-06
9.826569354366556e-06
1.190625802670760e-05
1.442148127249778e-05
1.746206274258518e-05
2.113614014557281e-05
2.557371712603434e-05
3.093014720952311e-05
3.739745605268318e-05
4.519641370974460e-05
5.460126246270375e-05
6.593300163858804e-05
7.958150374870738e-05
9.601560733489061e-05
1.157869364632780e-04
1.395700328840644e-04
1.681500256459358e-04
2.024819384624423e-04
2.436960070209890e-04
2.931669841153233e-04
3.524571792420773e-04
4.234636475088455e-04
5.085214515724622e-04
6.102899955587746e-04
7.319725086374355e-04
8.773207389846904e-04
1.050729567472108e-03
1.257734036206480e-03
1.504343478212440e-03
1.797873110958163e-03
2.147089296071535e-03
2.562098902425961e-03
3.054428339076222e-03
3.638305814807122e-03
4.330209510413157e-03
5.148803647717980e-03
6.115092256776164e-03
7.256269645532297e-03
8.600150056821850e-03
1.018150658032686e-02
1.203977852192235e-02
1.421893799354836e-02
1.677060978785752e-02
1.975342820804986e-02
2.323273426425183e-02
2.728384436333949e-02
3.199014399638991e-02
3.744357970838294e-02
4.375145673061517e-02
5.102606536945373e-02
5.939308798403621e-02
6.898662796090733e-02
7.995632512704030e-02
9.245329918391290e-02
1.066468490948712e-01
1.226828723040975e-01
1.407365401451258e-01
1.609865929664032e-01
1.835632991723843e-01
2.086168622900485e-01
2.362557643924487e-01
2.665572581564732e-01
2.995562009972113e-01
3.352259673101384e-01
3.734652215166255e-01
4.141113180370125e-01
4.568986987417730e-01
5.014703762512021e-01
5.473770865791581e-01
5.940515718334718e-01
6.408496964416494e-01
6.870563266115242e-01
7.319201630569284e-01
7.746810365628636e-01
8.145877912477630e-01
8.509958926440354e-01
8.833817816442255e-01
9.113848443705087e-01
9.348447472035846e-01
9.538629052050681e-01
9.686591233453713e-01
9.796796330982159e-01
9.875137014788432e-01
9.927733289917990e-01
9.960933723902600e-01
9.980468358720125e-01
9.991072661700759e-01
9.996325754574086e-01
9.998664388043605e-01
9.999562249108999e-01
9.999870031285985e-01
9.999966248312657e-01
9.999992452127454e-01
9.999998567699308e-01
9.999999773391119e-01
9.999999970559775e-01
9.999999996931146e-01
9.999999999744205e-01
9.999999999984189e-01
9.999999999999168e-01
9.999999999999989e-01
9.999999999999996e-01
1.000000000000000e+00
9.999999999999999e-01
1.000000000000000e+00
1.000000000000000e+00
1.000000000000000e+00
1.000000000000000e+00
1.000000000000000e+00
1.000000000000000e+00
1.000000000000000e+00
1.000000000000000e+00
1.000000000000000e+00
###1.099999999999999e+01
5.052272464521898e-09
6.382370920612745e-09
8.020455589662924e-09
9.975852962042204e-09
1.237392945316433e-08
1.531354287650947e-08
1.888477687762493e-08
2.323405294457098e-08
2.853669738826103e-08
3.500256716463430e-08
4.287600156026087e-08
5.247201940911371e-08
6.416887626984937e-08
7.842135812514699e-08
9.579314093722989e-08
1.169390338236549e-07
1.426861722895258e-07
1.740331243594724e-07
2.121876205456069e-07
2.586030322987690e-07
3.151712966554414e-07
3.837568967244645e-07
4.672326231827782e-07
5.687638560553406e-07
6.920707682624618e-07
8.418794065790581e-07
1.023873184538742e-06
1.244854369386375e-06
1.513048913958105e-06
1.838514797454658e-06
2.233380082020840e-06
2.712223488985429e-06
3.292921707715063e-06
3.996457108580219e-06
4.849282823422036e-06
5.881565500279617e-06
7.131725638796544e-06
8.644820350834637e-06
1.047581394748702e-05
1.268941166016259e-05
1.536582401665942e-05
1.860024743885444e-05
2.250733193778947e-05
2.722484229007647e-05
3.291763128027978e-05
3.978810416688967e-05
4.807082032728129e-05
5.805563181743326e-05
7.008197313712937e-05
8.456192699458018e-05
1.019908786154936e-04
1.229513167905589e-04
1.481553211423938e-04
1.784311269278827e-04
2.147858582077540e-04
2.584107162556912e-04
3.107541145168416e-04
3.734604655706582e-04
4.485256517097133e-04
5.384061526483631e-04
6.458966103914810e-04
7.743616758264396e-04
9.277393313905525e-04
1.110638578924557e-03
1.328865600563925e-03
1.588712384989681e-03
1.897836479488864e-03
2.265409375871937e-03
2.701994475587893e-03
3.219625329926889e-03
3.833153067059647e-03
4.559759823254992e-03
5.418881846666815e-03
6.432364503007219e-03
7.628507844749258e-03
9.036151946870524e-03
1.069135872913735e-02
1.263503584523176e-02
1.491262918999563e-02
1.757748370324687e-02
2.069016937674416e-02
2.431792769708008e-02
2.853821454991741e-02
3.343663482029451e-02
3.910737109157671e-02
4.566014083842608e-02
5.320959391184846e-02
6.188332046473927e-02
7.181788854832599e-02
8.316360160378927e-02
9.607344515081347e-02
1.107169782062335e-01
1.272389583763100e-01
1.458131406157524e-01
1.666156448226863e-01
1.897712638944238e-01
2.154238818642573e-01
2.436729986871805e-01
2.745846131477901e-01
3.081799156485223e-01
3.444161721455482e-01
3.831737946176487e-01
4.242692578916407e-01
4.674163776061053e-01
5.122368004823392e-01
5.582606570280697e-01
6.049029635642300e-01
6.515064168979671e-01
6.973488991633439e-01
7.416801689550329e-01
7.837497347063141e-01
8.228280658733809e-01
8.582998964459234e-01
8.896802774634521e-01
9.166534610119776e-01
9.391073579902001e-01
9.571790726258811e-01
9.711330064335524e-01
9.814415705008116e-01
9.887011275876598e-01
9.935273294241319e-01
9.965406211243510e-01
9.982922543948693e-01
9.992279863230070e-01
9.996882879971095e-01
9.998887272600265e-01
9.999642298216258e-01
9.999895921579957e-01
9.999973559928444e-01
9.999994226811444e-01
9.999998932516199e-01
9.999999835779486e-01
9.999999979299280e-01
9.999999997911031e-01
9.999999999831936e-01
9.999999999989977e-01
9.999999999999489e-01
9.999999999999994e-01
9.999999999999997e-01
1.000000000000000e+00
1.000000000000000e+00
1.000000000000000e+00
1.000000000000000e+00
1.000000000000000e+00
1.000000000000000e+00
1.000000000000000e+00
1.000000000000000e+00
1.000000000000000e+00
1.000000000000000e+00
1.000000000000000e+00
###1.119999999999999e+01
5.421053992832239e-09
6.847309677844798e-09
8.604852167038923e-09
1.070228498383475e-08
1.327420399655391e-08
1.642646457043406e-08
2.025528714589313e-08
2.491740282537964e-08
3.060043406720188e-08
3.752884201302125e-08
4.596384696989947e-08
5.624226465991032e-08
6.876856594448812e-08
8.402859382879541e-08
1.026248038114967e-07
1.252564030045886e-07
1.528067938268022e-07
1.863421281090769e-07
2.271515107159559e-07
2.767857542519965e-07
3.372643502683811e-07
4.105736775120844e-07
4.997776357918172e-07
6.082521668507384e-07
7.399603067625060e-07
8.999378013418193e-07
1.094238542044596e-06
1.330106876881069e-06
1.616294568287752e-06
1.963510202713334e-06
2.384655302508357e-06
2.895234759188479e-06
3.514256840220347e-06
4.264021712441848e-06
5.172609748524781e-06
6.272146401536797e-06
7.603346714471324e-06
9.214065721959969e-06
1.116262895901160e-05
1.351764145549261e-05
1.636422916804635e-05
1.980323117949841e-05
2.395614666969657e-05
2.896889806060170e-05
3.501629613927879e-05
4.231169956637744e-05
5.110408361234106e-05
6.169966306767017e-05
7.445730709202022e-05
8.981226872079433e-05
1.082877779701851e-04
1.304986362869312e-04
1.571962084976624e-04
1.892538078364597e-04
2.277330209234835e-04
2.738887386131921e-04
3.292462919001920e-04
3.955357356426013e-04
4.748560117013067e-04
5.697901509297565e-04
6.832736144550374e-04
8.188390385934013e-04
9.806180411784831e-04
1.173442118473123e-03
1.403399040169964e-03
1.677073936599010e-03
2.002479155680659e-03
2.389205801348645e-03
2.848289543578420e-03
3.392287857687961e-03
4.036695181332407e-03
4.799419718810711e-03
5.700692658107736e-03
6.763224036075193e-03
8.016450136865477e-03
9.490261940698361e-03
1.122204431872596e-02
1.325420166429992e-02
1.563368562387602e-02
1.841577498278653e-02
2.166244663859030e-02
2.544341985290352e-02
2.983812733605198e-02
3.493439973708289e-02
4.082865059798532e-02
4.763300440979210e-02
5.546441384668106e-02
6.445234392601012e-02
7.473574006395235e-02
8.646537414615486e-02
9.979601359031945e-02
1.148972678961025e-01
1.319124705215524e-01
1.510136673746381e-01
1.723740067523933e-01
1.961123886094707e-01
2.223659319100851e-01
2.512246719411164e-01
2.827428605806931e-01
3.169275513994623e-01
3.537194591523699e-01
3.929803793232206e-01
4.345058383794509e-01
4.779889501306676e-01
5.230302700525048e-01
5.691399520033978e-01
6.157162251613116e-01
6.620899061986444e-01
7.075335589035622e-01
7.513014495579619e-01
7.926499048196358e-01
8.308777079547190e-01
8.653990289518111e-01
8.957685931146713e-01
9.217158470888920e-01
9.431759805167705e-01
9.603220972431368e-01
9.734594976037160e-01
9.830840671967047e-01
9.897978239622249e-01
9.942164799698510e-01
9.969446922936170e-01
9.985111200662661e-01
9.993369759222056e-01
9.997364252586124e-01
9.999076509207124e-01
9.999708918771594e-01
9.999917042262925e-01
9.999979390713963e-01
9.999995608910515e-01
9.999999209058010e-01
9.999999881797413e-01
9.999999985535838e-01
9.999999998591673e-01
9.999999999889576e-01
9.999999999993944e-01
9.999999999999620e-01
1.000000000000002e+00
9.999999999999993e-01
1.000000000000000e+00
9.999999999999999e-01
1.000000000000000e+00
1.000000000000000e+00
1.000000000000000e+00
1.000000000000000e+00
1.000000000000000e+00
1.000000000000000e+00
1.000000000000000e+00
1.000000000000000e+00
1.000000000000000e+00
###1.139999999999999e+01
5.813811384993842e-09
7.342520723209033e-09
9.227306140085097e-09
1.147598970720392e-08
1.423300267017070e-08
1.761163952809602e-08
2.171462517685290e-08
2.670964465309864e-08
3.279738043188058e-08
4.021780136385663e-08
4.925003795024035e-08
6.025403815969140e-08
7.366209071900587e-08
8.999298198810948e-08
1.098902912897625e-07
1.341002812543826e-07
1.635659958247947e-07
1.994252073515836e-07
2.430531993893566e-07
2.961039963289549e-07
3.607321407089915e-07
4.390529681784075e-07
5.343327010897448e-07
6.501699701643201e-07
7.907846180301356e-07
9.615398425246284e-07
1.168881109588555e-06
1.420515862047447e-06
1.725763196206691e-06
2.096006751823600e-06
2.544968484084153e-06
3.089130581041608e-06
3.748695089300600e-06
4.547351426795698e-06
5.514897546249564e-06
6.685517995371227e-06
8.102349929918366e-06
9.816192639991409e-06
1.188891001711575e-05
1.439321140428809e-05
1.741938982759922e-05
2.107422064428620e-05
2.548639979174074e-05
3.081042056881581e-05
3.723153150896862e-05
4.497463927027386e-05
5.430379061193886e-05
6.554237485504726e-05
7.906964850383100e-05
9.534512074068427e-05
1.149211858730973e-04
1.384464620016539e-04
1.667134129440637e-04
2.006424751600874e-04
2.413521469341975e-04
2.901638305281468e-04
3.486831470922635e-04
4.187294537071388e-04
5.025091256522725e-04
6.027370510369927e-04
7.224952681425709e-04
8.654911666343781e-04
1.036057623320319e-03
1.239257239422227e-03
1.481470126959955e-03
1.769585310692306e-03
2.111982728173804e-03
2.518687931536924e-03
3.001224948659755e-03
3.572692295254318e-03
4.249248513429582e-03
5.049550373999848e-03
5.994647237590536e-03
7.108137376469965e-03
8.420624214421489e-03
9.963074721765547e-03
1.177423073360782e-02
1.389802198093442e-02
1.638293754060077e-02
1.928620730262054e-02
2.267127082298672e-02
2.661031484957441e-02
3.118478066430675e-02
3.648472785729145e-02
4.260879281674203e-02
4.967154965904781e-02
5.779209905703497e-02
6.710178443615131e-02
7.774169992575670e-02
8.986316561805495e-02
1.036224514912960e-01
1.191890302913784e-01
1.367045184874196e-01
1.563389484610324e-01
1.782621352542761e-01
2.025866597228722e-01
2.294424234317226e-01
2.589095119879675e-01
2.910299402061849e-01
3.257961639061991e-01
3.631319247301552e-01
4.028800729123216e-01
4.448151420843426e-01
4.886095360228395e-01
5.338430570334985e-01
5.800065768496565e-01
6.264825527724862e-01
6.725912808317003e-01
7.176017251453868e-01
7.607741798125888e-01
8.013748176189368e-01
8.387314962987579e-01
8.722898526765916e-01
9.016452198821339e-01
9.265724056382008e-01
9.470528470000712e-01
9.632954362145719e-01
9.756428975201006e-01
9.846118441517244e-01
9.908082457343003e-01
9.948446791232041e-01
9.973086921678744e-01
9.987057121792793e-01
9.994323447400174e-01
9.997779324212883e-01
9.999236569054033e-01
9.999764164432866e-01
9.999934188042473e-01
9.999984018877045e-01
9.999996678666933e-01
9.999999417549605e-01
9.999999915463187e-01
9.999999989967597e-01
9.999999999056695e-01
9.999999999928257e-01
9.999999999996312e-01
9.999999999999747e-01
1.000000000000002e+00
9.999999999999994e-01
1.000000000000000e+00
9.999999999999999e-01
1.000000000000000e+00
1.000000000000000e+00
1.000000000000000e+00
1.000000000000000e+00
1.000000000000000e+00
1.000000000000000e+00
1.000000000000000e+00
1.000000000000000e+00
1.000000000000000e+00
###1.159999999999999e+01
6.231933586881903e-09
7.869758274253854e-09
9.890024307583004e-09
1.229970478913927e-08
1.525371071503417e-08
1.887324099685465e-08
2.326791189562867e-08
2.861704239627961e-08
3.513531495996407e-08
4.307875602354949e-08
5.274589353105724e-08
6.452108100271481e-08
7.886611424613665e-08
9.633470908500367e-08
1.176140382860057e-07
1.435002173597018e-07
1.749994840720161e-07
2.133254987985938e-07
2.599447144394514e-07
3.166204999564350e-07
3.856503106594819e-07
4.692858576181926e-07
5.710074666324141e-07
6.946492039389698e-07
8.447023517235950e-07
1.026876199706388e-06
1.248029922367017e-06
1.516360196251438e-06
1.841784755182626e-06
2.236400161060539e-06
2.714793957392279e-06
3.294479178041139e-06
3.996916802134308e-06
4.847260317007606e-06
5.877119683245373e-06
7.122843742318072e-06
8.630124862347716e-06
1.045285972814529e-05
1.265663565334468e-05
1.531847972593933e-05
1.853411512557156e-05
2.241655957759971e-05
2.710206842368387e-05
3.275413666151081e-05
3.956895134997383e-05
4.778358440061250e-05
5.767783912513630e-05
6.959313229988049e-05
8.393007023072513e-05
1.011735753546103e-04
1.219065679482325e-04
1.468130441426631e-04
1.767284492652328e-04
2.126224634535897e-04
2.556730350713620e-04
3.072710003194405e-04
3.691057612275134e-04
4.430897611766054e-04
5.315413273237298e-04
6.373126869801725e-04
7.636383939833713e-04
9.144075673499874e-04
1.094162192518980e-03
1.308204827017181e-03
1.563218991177956e-03
1.866408626284435e-03
2.226534368714926e-03
2.654071410543192e-03
3.161048580014005e-03
3.761122881482294e-03
4.471138156945009e-03
5.310522618364008e-03
6.301167335207264e-03
7.467582589460246e-03
8.841570246318112e-03
1.045519831464147e-02
1.234859944265088e-02
1.456725743179475e-02
1.716122951063141e-02
2.018971483075604e-02
2.371766656334596e-02
2.781973096886400e-02
3.257938549176149e-02
3.808891943554171e-02
4.444918064765503e-02
5.177718338003644e-02
6.019409851334667e-02
6.983310434339050e-02
8.083728877609825e-02
9.335847021181107e-02
1.075541636692486e-01
1.235935197454462e-01
1.416161363657093e-01
1.617897163127034e-01
1.842803695555268e-01
2.091939236177582e-01
2.366526045561391e-01
2.667260628335475e-01
2.994437865568250e-01
3.347827395718421e-01
3.726494401507227e-01
4.128677469145679e-01
4.551910400719137e-01
4.992710718965494e-01
5.446672951351154e-01
5.908520613081346e-01
6.371931463806448e-01
6.830017545074961e-01
7.275450099875983e-01
7.700908525993649e-01
8.099181366693770e-01
8.463847013860732e-01
8.789694812485942e-01
9.073092232465981e-01
9.312240938235944e-01
9.507406541708178e-01
9.661029420167102e-01
9.776877850476576e-01
9.860297556350114e-01
9.917368936622332e-01
9.954157835216492e-01
9.976356351264110e-01
9.988781667467136e-01
9.995155273899397e-01
9.998135781234757e-01
9.999371377485188e-01
9.999809760109534e-01
9.999948037183252e-01
9.999987672001120e-01
9.999997501811729e-01
9.999999573703422e-01
9.999999939928287e-01
9.999999993091719e-01
9.999999999372350e-01
9.999999999953871e-01
9.999999999997742e-01
9.999999999999842e-01
1.000000000000001e+00
9.999999999999997e-01
1.000000000000000e+00
1.000000000000000e+00
1.000000000000000e+00
1.000000000000000e+00
1.000000000000000e+00
1.000000000000000e+00
1.000000000000000e+00
1.000000000000000e+00
1.000000000000000e+00
1.000000000000000e+00
1.000000000000000e+00
###1.179999999999999e+01
6.676880975596255e-09
8.430866837695889e-09
1.059532610798588e-08
1.317630868590185e-08
1.633988725193263e-08
2.021565624357125e-08
2.492053031827148e-08
3.064617991392440e-08
3.762216833790921e-08
4.612148956698493e-08
5.646330545200784e-08
6.905782704106822e-08
8.439813706334317e-08
1.030749720204787e-07
1.258216965778841e-07
1.534872266989377e-07
1.871447277622092e-07
2.280882175737066e-07
2.778806331461701e-07
3.384012651648857e-07
4.120981734257224e-07
5.013678332506674e-07
6.099168470115227e-07
7.418281133410227e-07
9.018797027001074e-07
1.096146562214461e-06
1.331924799517928e-06
1.617927725346024e-06
1.964704558866692e-06
2.385104455978838e-06
2.894627841640553e-06
3.511874709137815e-06
4.259633179216621e-06
5.164599121514674e-06
6.260293191272169e-06
7.585338806892375e-06
9.188122431948041e-06
1.112579827670410e-05
1.346787044424066e-05
1.629590635024868e-05
1.971133449378837e-05
2.383373376231433e-05
2.880729729030260e-05
3.480497066526558e-05
4.203440312733072e-05
5.074546965818251e-05
6.123444809695100e-05
7.386166790150394e-05
8.905008665656292e-05
1.073112418255225e-04
1.292599939441891e-04
1.556173386503015e-04
1.872636541609525e-04
2.252200638073996e-04
2.707265956266188e-04
3.252465460745693e-04
3.905567084271329e-04
4.686665251261400e-04
5.620109406537241e-04
6.735851835793360e-04
8.067824454740569e-04
9.656807626152261e-04
1.155039308427091e-03
1.380409692494753e-03
1.648790224621147e-03
1.967711056368636e-03
2.346326954232051e-03
2.795578298970222e-03
3.328015513900250e-03
3.957871868608555e-03
4.702698095977438e-03
5.582717091133009e-03
6.620685457682241e-03
7.842049451027214e-03
9.279841044602223e-03
1.096725425760346e-02
1.294584621739129e-02
1.526268357048093e-02
1.796942144273640e-02
2.112724703686678e-02
2.480267355639370e-02
2.907280058112802e-02
3.402316520757653e-02
3.974828456686737e-02
4.635120272815462e-02
5.395134894069213e-02
6.267190096981638e-02
7.264781025745005e-02
8.402401763344858e-02
9.695274779665322e-02
1.115925072129941e-01
1.281119272149245e-01
1.466482768181940e-01
1.673666018986252e-01
1.904289257599936e-01
2.159338810074356e-01
2.439955552914911e-01
2.746726795886550e-01
3.079817472833510e-01
3.438837566600338e-01
3.822676516663865e-01
4.229380514687621e-01
4.656271999275603e-01
5.099664979257968e-01
5.554949965811301e-01
6.016678808632223e-01
6.478392357102765e-01
6.933126680634594e-01
7.373552604509652e-01
7.792442928014970e-01
8.182739664977506e-01
8.538331078967067e-01
8.854355896132259e-01
9.127602385118105e-01
9.356724054270972e-01
9.542425427201224e-01
9.687488253501599e-01
9.795989767451168e-01
9.873427551485034e-01
9.925882803486511e-01
9.959335853106358e-01
9.979284311752972e-01
9.990305100355849e-01
9.995878339021493e-01
9.998440677693030e-01
9.999484435464202e-01
9.999847213585206e-01
9.999959167128976e-01
9.999990539492900e-01
9.999998131461951e-01
9.999999689895657e-01
9.999999957587576e-01
9.999999995276950e-01
9.999999999585191e-01
9.999999999970635e-01
9.999999999998610e-01
9.999999999999908e-01
1.000000000000001e+00
9.999999999999998e-01
1.000000000000000e+00
1.000000000000000e+00
1.000000000000000e+00
1.000000000000000e+00
1.000000000000000e+00
1.000000000000000e+00
1.000000000000000e+00
1.000000000000000e+00
1.000000000000000e+00
1.000000000000000e+00
1.000000000000000e+00
###1.199999999999999e+01
7.150188536838580e-09
9.027785223360506e-09
1.134564957941972e-08
1.410882688545195e-08
1.749527293923395e-08
2.164349589720050e-08
2.667813689583617e-08
3.280397447816247e-08
4.026635405236241e-08
4.935627824455612e-08
6.041476279004366e-08
7.387943293261955e-08
9.027653305536462e-08
1.102360226061918e-07
1.345401912736593e-07
1.640938547627521e-07
2.000411009103088e-07
2.437608055266687e-07
2.969181904163694e-07
3.615151272946215e-07
4.401588682775733e-07
5.353989672501191e-07
6.511812501100122e-07
7.918515119704668e-07
9.624907199151488e-07
1.169560005823065e-06
1.420816770298822e-06
1.725519678426374e-06
2.094883877392706e-06
2.542552642454124e-06
3.084988905928514e-06
3.741938289838879e-06
4.537587481771900e-06
5.500256682437688e-06
6.665480348300341e-06
8.074272037167650e-06
9.777857238242671e-06
1.183681515930926e-05
1.432476827368856e-05
1.732805694199323e-05
2.095410205160941e-05
2.532937617238379e-05
3.060640469021278e-05
3.696805139853754e-05
4.463397433745860e-05
5.386751258612361e-05
6.498216862838514e-05
7.835810375954807e-05
9.444166847747724e-05
1.137722624160039e-04
1.369981573573810e-04
1.648790282198489e-04
1.983422121634477e-04
2.384625535154448e-04
2.865448842610045e-04
3.441280916639654e-04
4.130800996146557e-04
4.955113881993777e-04
5.939783357641692e-04
7.116250194228922e-04
8.520095775896585e-04
1.019406367411698e-03
1.218800062921590e-03
1.456000669416479e-03
1.738332986376477e-03
2.073664943178545e-03
2.471559191509615e-03
2.943437207568915e-03
3.502388155419187e-03
4.163239670695022e-03
4.944271358186958e-03
5.866524396041858e-03
6.953645021207460e-03
8.232039593960822e-03
9.736002198417155e-03
1.149987771891431e-02
1.356668121927577e-02
1.598509091804956e-02
1.880838858031982e-02
2.209976864452003e-02
2.592734643755685e-02
3.037066996307719e-02
3.551735541424082e-02
4.146414298591976e-02
4.831625369119432e-02
5.619550177950490e-02
6.522700344661884e-02
7.554741259487226e-02
8.730337825142299e-02
1.006474231256723e-01
1.157387897514135e-01
1.327453778072185e-01
1.518018080503736e-01
1.730701312265120e-01
1.967078930039098e-01
2.228060827928874e-01
2.514701831323034e-01
2.827475221968823e-01
3.166411010127288e-01
3.530955807303225e-01
3.919819790379386e-01
4.330854214658420e-01
4.761171053024743e-01
5.206890300214885e-01
5.663180944919131e-01
6.124454858530554e-01
6.584121107849987e-01
7.035155199072505e-01
7.470245879208236e-01
7.882276885377811e-01
8.264375443353218e-01
8.610730355837921e-01
8.916864176928820e-01
9.179983572093551e-01
9.399193494445324e-01
9.575620700001345e-01
9.712376172329151e-01
9.813814868678085e-01
9.885558618240499e-01
9.933668989821119e-01
9.964017903715668e-01
9.981898733296567e-01
9.991646527114082e-01
9.996504708647977e-01
9.998700435668111e-01
9.999578847524242e-01
9.999877833625858e-01
9.999968066482461e-01
9.999992777827903e-01
9.999998610252111e-01
9.999999775792561e-01
9.999999970248136e-01
9.999999996793832e-01
9.999999999727702e-01
9.999999999981491e-01
9.999999999999140e-01
9.999999999999950e-01
1.000000000000000e+00
9.999999999999999e-01
1.000000000000000e+00
1.000000000000000e+00
1.000000000000000e+00
1.000000000000000e+00
1.000000000000000e+00
1.000000000000000e+00
1.000000000000000e+00
1.000000000000000e+00
1.000000000000000e+00
1.000000000000000e+00
1.000000000000000e+00
###1.219999999999999e+01
7.653469292187449e-09
9.662551654541440e-09
1.214355681885947e-08
1.510043867696840e-08
1.872379833791918e-08
2.316160426748499e-08
2.854667416336804e-08
3.509769236919866e-08
4.307673645087950e-08
5.279391384244277e-08
6.461337917228052e-08
7.900181066583045e-08
9.652058872279008e-08
1.178412107486672e-07
1.437977730194961e-07
1.753542456066656e-07
2.137300905319286e-07
2.603930216928975e-07
3.171173925501510e-07
3.860343636362428e-07
4.699195231433384e-07
5.714841073087223e-07
6.949268000437476e-07
8.448710543236997e-07
1.026717631464206e-06
1.247335377875250e-06
1.514968530916077e-06
1.839451203753430e-06
2.232700578204704e-06
2.709197420311729e-06
3.286419465141149e-06
3.985319131682811e-06
4.831556287345082e-06
5.855161405244407e-06
7.093790413376194e-06
8.590968006413016e-06
1.040091000185309e-05
1.258779549341833e-05
1.522957547152067e-05
1.841760646385191e-05
2.226560113133220e-05
2.690727224673612e-05
3.250388864833242e-05
3.924871933456414e-05
4.737400142758662e-05
5.715722327875918e-05
6.892989519002912e-05
8.309296452989707e-05
1.001172576930536e-04
1.205713315831282e-04
1.451383952990111e-04
1.746185457537306e-04
2.099881817445469e-04
2.523782252437161e-04
3.031611357388144e-04
3.639546290966601e-04
4.367216262036193e-04
5.236778161609608e-04
6.275059843419800e-04
7.515050888649913e-04
8.994047158494530e-04
1.075683166372229e-03
1.285559164446011e-03
1.535110705970940e-03
1.832001103104598e-03
2.184447906191714e-03
2.602435732268148e-03
3.097883418358237e-03
3.684436364050139e-03
4.377534991214679e-03
5.196210141166909e-03
6.162345222080262e-03
7.300500460714791e-03
8.638066597988414e-03
1.021063213551913e-02
1.205371752447995e-02
1.421182897297178e-02
1.673528486635095e-02
1.967902131321884e-02
2.310825933304783e-02
2.709275432624943e-02
3.171449866965496e-02
3.706320308186531e-02
4.323782296151583e-02
5.034573276491199e-02
5.851109668623949e-02
6.786089545541854e-02
7.853340585568644e-02
9.067683562775652e-02
1.044438816542238e-01
1.199942642792296e-01
1.374949220022626e-01
1.570768953708008e-01
1.789007135230319e-01
2.031172258952736e-01
2.298099235006941e-01
2.590752181852209e-01
2.909485536119625e-01
3.254189557550183e-01
3.624143874721404e-01
4.017876196493640e-01
4.433040786738206e-01
4.866540446971678e-01
5.314302287880731e-01
5.771284080068122e-01
6.231763075232983e-01
6.689031332220333e-01
7.136019822540396e-01
7.565453843154272e-01
7.970346021987484e-01
8.344032309379017e-01
8.681013325278611e-01
8.977207557515279e-01
9.230239861296563e-01
9.439674104116573e-01
9.607031742644340e-01
9.735741268223771e-01
9.830404862424977e-01
9.896741268079069e-01
9.940771943282153e-01
9.968239990731479e-01
9.984226274396413e-01
9.992823864176826e-01
9.997045500942713e-01
9.998920862834051e-01
9.999657351155714e-01
9.999902748917273e-01
9.999975146128872e-01
9.999994515371129e-01
9.999998972167827e-01
9.999999838883480e-01
9.999999979263391e-01
9.999999997838899e-01
9.999999999822439e-01
9.999999999988451e-01
9.999999999999463e-01
9.999999999999976e-01
1.000000000000000e+00
1.000000000000000e+00
1.000000000000000e+00
1.000000000000000e+00
1.000000000000000e+00
1.000000000000000e+00
1.000000000000000e+00
1.000000000000000e+00
1.000000000000000e+00
1.000000000000000e+00
1.000000000000000e+00
1.000000000000000e+00
1.000000000000000e+00
