#./build/bin/rcbk -ic FILE ./data/ic/63/ic_208_0.dat -rc BALITSKY -alphas_scaling 5.020477239016248 -maxy 12 -fast -output ./data/bks/63/ic_208_0.dat 
# BK equation solver 20160623 (build May 19 2026 14:19:13)
# Heikki Mäntysaari <mantysaari@bnl.gov>, 2011-2016
# Running coupling: Balitsky
# Scaling factor C^2 in alpha_s: 5.02048
# Initial condition is String is not impelmented for the current IC N(r=0.0333803 1/GeV) = 0.000278433
# \alpha_s = 12 \pi / [ (33.0 - 2.0*Nf) * log(4.0*C^2/(r^2*lambdaqcd^2) ], C^2=5.02048, lambdaqcd=0.241 GeV, maxalphas=0.7 nf=3
# Using fast (and not so accurate) parameters
# Solving BK equation up to y=12
# r limits: 1e-05 - 100 points 150 multiplier 1.11424
# maxy 12 ystep 0.2
###1.000000000000000e-05
###1.114242875232510e+00
###150
###0.000000000000000e+00
###0.000000000000000e+00
0.000000000000000e+00
7.255016219349925e-11
8.911560976827022e-11
1.097657086191638e-10
1.351244981900557e-10
1.662880014086903e-10
2.046595130480650e-10
2.518584570736659e-10
3.099134264455187e-10
3.813244682721722e-10
4.691510586961124e-10
5.771579541369202e-10
7.099712764158587e-10
8.732720528987547e-10
1.074040905711256e-09
1.320851383489213e-09
1.624231513600320e-09
1.997112060464110e-09
2.455368788854040e-09
3.018490581270750e-09
3.710405662810459e-09
4.560481109255677e-09
5.604754582526887e-09
6.887456731142261e-09
8.462851176543616e-09
1.039750249734724e-08
1.277307760730305e-08
1.568972881861140e-08
1.927026496512456e-08
2.366530008811144e-08
2.905946569609958e-08
3.567907275937318e-08
4.380156359461187e-08
5.376690646439511e-08
6.599165533963012e-08
8.098628286347690e-08
9.937605935000739e-08
1.219268297475401e-07
1.495767731392130e-07
1.834746321346027e-07
2.250269449213854e-07
2.759562111460697e-07
3.383708679495283e-07
4.148518273120397e-07
5.085590075496590e-07
6.233594584363365e-07
7.639860075295367e-07
9.362325278046436e-07
1.147188806546888e-06
1.405531829338136e-06
1.721884331821178e-06
2.109246327781469e-06
2.583531358589943e-06
3.164226828334723e-06
3.875189730305901e-06
4.745637821568718e-06
5.811370953230852e-06
7.116245751692825e-06
8.714017312539211e-06
1.067061047892602e-05
1.306686983640804e-05
1.600200292968968e-05
1.959783032113659e-05
2.400394903554490e-05
2.940421110364945e-05
3.602472556610701e-05
4.414361764875906e-05
5.410328729272263e-05
6.632555522853032e-05
8.133020812925646e-05
9.975828884560701e-05
1.224008729989329e-04
1.502344343451682e-04
1.844651911597462e-04
2.265838933912720e-04
2.784333645933637e-04
3.422929813750021e-04
4.209830396664417e-04
5.179937086989287e-04
6.376458293750468e-04
7.852895628773899e-04
9.675501242466595e-04
1.192633189433955e-03
1.470702028773822e-03
1.814343958021676e-03
2.239147881158636e-03
2.764416288268389e-03
3.414044225829680e-03
4.217601880564811e-03
5.211663602709031e-03
6.441441089166982e-03
7.962776687686064e-03
9.844568122504749e-03
1.217171926986078e-02
1.504867762726540e-02
1.860365399273279e-02
2.299365030330698e-02
2.841025405138270e-02
3.508624552453227e-02
4.330307054306476e-02
5.339858562461214e-02
6.577476881861902e-02
8.090489236647394e-02
9.933754992953001e-02
1.216961263175117e-01
1.486710599240262e-01
1.809970296163031e-01
2.194125184386801e-01
2.645932985983884e-01
3.170475833235823e-01
3.769797998811708e-01
4.441045470858385e-01
5.174468138191861e-01
5.951809356378696e-01
6.744752899160152e-01
7.516440473581364e-01
8.225255702406128e-01
8.830273961643460e-01
9.303112249260924e-01
9.633571555308873e-01
9.835236227563323e-01
9.939263241863154e-01
9.982049255252969e-01
9.996358242304564e-01
9.999399113987000e-01
9.999940520769425e-01
9.999996432802705e-01
1.000000007411217e+00
9.999999978153560e-01
9.999999944580510e-01
1.000000003008284e+00
9.999999997913529e-01
9.999999993425231e-01
1.000000000348562e+00
9.999999999795984e-01
9.999999999220037e-01
1.000000000040367e+00
9.999999999980851e-01
9.999999999907536e-01
1.000000000004673e+00
9.999999999998315e-01
9.999999999989045e-01
1.000000000000541e+00
9.999999999999868e-01
9.999999999998703e-01
1.000000000000063e+00
9.999999999999992e-01
9.999999999999843e-01
1.000000000000008e+00
1.000000000000000e+00
###2.000000000000000e-01
7.774525611180820e-12
8.056189581252675e-11
9.927287160076740e-11
1.224761120488841e-10
1.509516129750717e-10
1.860098374609876e-10
2.291250900751202e-10
2.821420846999104e-10
3.473409209716673e-10
4.275299383303126e-10
5.261424318257218e-10
6.474133010538417e-10
7.965237620441973e-10
9.798736795094634e-10
1.205280946385250e-09
1.482385670126199e-09
1.823004017461719e-09
2.241663906091293e-09
2.756206287157244e-09
3.388464722660323e-09
4.165551498102359e-09
5.119903560296650e-09
6.292509476346411e-09
7.732982067829336e-09
9.502021090919272e-09
1.167479495556570e-08
1.434277643815014e-08
1.761864211558243e-08
2.164033413796984e-08
2.657720038782379e-08
3.263683215428480e-08
4.007371087312904e-08
4.919967268100886e-08
6.039675724894192e-08
7.413331481474590e-08
9.098541011969910e-08
1.116543954755209e-07
1.370026655315002e-07
1.680867850959874e-07
2.061971565594660e-07
2.529200989309150e-07
3.101936481113932e-07
3.803923482634377e-07
4.664229957294328e-07
5.718471466676049e-07
7.010188652734128e-07
8.592666301221995e-07
1.053132771758068e-06
1.290596576716552e-06
1.581450457929008e-06
1.937656473216365e-06
2.373876475953860e-06
2.908076562990847e-06
3.562199161196828e-06
4.363154445530499e-06
5.343906306527749e-06
6.544911087923309e-06
8.015422625420605e-06
9.815956983992464e-06
1.202111603386421e-05
1.472180656037540e-05
1.802978604700524e-05
2.208168201995381e-05
2.704662588123225e-05
3.313091723646556e-05
4.058854871081191e-05
4.973152706396364e-05
6.094303586529053e-05
7.469786709839400e-05
9.157181779537582e-05
1.122861590838412e-04
1.377238548707674e-04
1.689675878594373e-04
2.073566163384705e-04
2.545531078473130e-04
3.125819363089574e-04
3.839812996479687e-04
4.718365183283616e-04
5.800032881489090e-04
7.132269379427360e-04
8.773338435351045e-04
1.079532867222546e-03
1.328834124475742e-03
1.636164891668526e-03
2.015185056648816e-03
2.482691327384959e-03
3.059384824819542e-03
3.770745391581266e-03
4.648406481282365e-03
5.731151663881003e-03
7.066723930872870e-03
8.714034195563332e-03
1.074488886691710e-02
1.324791884524588e-02
1.633176403632731e-02
2.012812455363314e-02
2.479831890875402e-02
3.053751742793439e-02
3.758151205523878e-02
4.621337343910401e-02
5.677013787296877e-02
6.965035045745104e-02
8.531913398840625e-02
1.043092179044772e-01
1.272217820556972e-01
1.547122144785593e-01
1.874715637775560e-01
2.261764762389660e-01
2.714301580385783e-01
3.236609796337689e-01
3.829903210055680e-01
4.490688324965230e-01
5.208953431551764e-01
5.966783604372281e-01
6.737272496533819e-01
7.485951322727149e-01
8.174458755147846e-01
8.765649976825531e-01
9.233714767189859e-01
9.569245314810760e-01
9.783615085449384e-01
9.903682201245497e-01
9.961465912333050e-01
9.986292672606819e-01
9.995426918278627e-01
9.998731612794438e-01
9.999705945630094e-01
9.999943215968684e-01
9.999991061615526e-01
9.999998822159419e-01
9.999999908508088e-01
9.999999990099054e-01
9.999999995861770e-01
1.000000000182287e+00
9.999999999969194e-01
9.999999999547527e-01
1.000000000021504e+00
9.999999999993733e-01
9.999999999951581e-01
1.000000000002297e+00
9.999999999999523e-01
9.999999999994731e-01
1.000000000000246e+00
9.999999999999962e-01
9.999999999999435e-01
1.000000000000026e+00
9.999999999999999e-01
9.999999999999938e-01
1.000000000000003e+00
1.000000000000000e+00
###4.000000000000000e-01
1.625626807108791e-11
8.950668410389698e-11
1.106000284910607e-10
1.366405887632846e-10
1.686014593826415e-10
2.079747313873768e-10
2.563667967856691e-10
3.158562022899441e-10
3.890014493628711e-10
4.789545139004146e-10
5.895628035701771e-10
7.255834334117773e-10
8.928160881601100e-10
1.098455150574907e-09
1.351252009866803e-09
1.662025462137469e-09
2.044023666185740e-09
2.513550041481184e-09
3.090606233113879e-09
3.799647016536881e-09
4.671333464407697e-09
5.741416464264813e-09
7.056456826758962e-09
8.671994547172868e-09
1.065586621228459e-08
1.309273867551813e-08
1.608501759820568e-08
1.975904133478565e-08
2.426969418490630e-08
2.980689695569475e-08
3.660366227729144e-08
4.494558331212043e-08
5.518242860039815e-08
6.774268622079880e-08
8.315190777722623e-08
1.020583353012851e-07
1.252473803310023e-07
1.536874526618466e-07
1.885657223078825e-07
2.313288514801802e-07
2.837608745128817e-07
3.480342566819597e-07
4.268191511358835e-07
5.233813249178767e-07
6.417161176615147e-07
7.867146049758931e-07
9.643660978140702e-07
1.182021260328466e-06
1.448639440407254e-06
1.775226933603899e-06
2.175213747973393e-06
2.665075818887880e-06
3.265012738018463e-06
3.999644640372124e-06
4.899212916050322e-06
6.000728967531225e-06
7.349723927718982e-06
9.001284031925669e-06
1.102334556090105e-05
1.349979283573781e-05
1.653245410786384e-05
2.024666611054078e-05
2.479494326488789e-05
3.036752632213878e-05
3.719483958164732e-05
4.556081406976514e-05
5.581378269742261e-05
6.838062189799696e-05
8.379263670707332e-05
1.026855823018796e-04
1.258660211948586e-04
1.543146184139910e-04
1.892268684706619e-04
2.320830133698596e-04
2.847261084025408e-04
3.493736757955120e-04
4.288355891792298e-04
5.264764328326704e-04
6.465343368403447e-04
7.941981763130507e-04
9.757914132223318e-04
1.199130909065047e-03
1.474057987111614e-03
1.812293686988405e-03
2.228601351299182e-03
2.741019086150477e-03
3.371680139593972e-03
4.147684878548375e-03
5.102759926580458e-03
6.277926816302612e-03
7.723481106363236e-03
9.501401736497887e-03
1.168640898310192e-02
1.437082213589398e-02
1.766739249532043e-02
2.171123901912046e-02
2.666782728963688e-02
3.273572212348572e-02
4.015347045701189e-02
4.920546900219310e-02
6.022765655974287e-02
7.361476873794785e-02
8.982353341811808e-02
1.093713636888558e-01
1.328361339887784e-01
1.608406421721201e-01
1.940332477028914e-01
2.330321691635839e-01
2.783725725577468e-01
3.304088083690426e-01
3.891868816247024e-01
4.543006496735142e-01
5.247280192953379e-01
5.987127928430469e-01
6.736941487246250e-01
7.464421922687206e-01
8.134104323992080e-01
8.712145873371124e-01
9.174983620241637e-01
9.513869563918150e-01
9.738335311794402e-01
9.871642285069248e-01
9.942112259527779e-01
9.976202273361890e-01
9.990991446735891e-01
9.997132111880646e-01
9.999224891185681e-01
9.999821552229006e-01
9.999965795742715e-01
9.999994591233687e-01
9.999999342428555e-01
9.999999933115293e-01
9.999999993218232e-01
1.000000000067268e+00
1.000000000002858e+00
9.999999999736310e-01
1.000000000011481e+00
9.999999999998581e-01
9.999999999974740e-01
1.000000000001124e+00
9.999999999999947e-01
9.999999999997465e-01
1.000000000000112e+00
9.999999999999993e-01
9.999999999999754e-01
1.000000000000011e+00
1.000000000000000e+00
9.999999999999976e-01
1.000000000000001e+00
1.000000000000000e+00
###6.000000000000001e-01
2.551543466506917e-11
9.947597975276253e-11
1.232089469839688e-10
1.524007780966460e-10
1.882340239264163e-10
2.324107245161949e-10
2.866502054235484e-10
3.533272211463662e-10
4.352980645142696e-10
5.360936922470927e-10
6.600227955042479e-10
8.124166420185649e-10
9.997664494823815e-10
1.230143035169830e-09
1.513335592214489e-09
1.861461829019322e-09
2.289360046842919e-09
2.815292175902948e-09
3.461665614277948e-09
4.255820553946849e-09
5.232346475168478e-09
6.430678418968394e-09
7.903501221689838e-09
9.712929519157475e-09
1.193468572725290e-08
1.466391360995503e-08
1.801509193467792e-08
2.212966008269527e-08
2.718125072979039e-08
3.338226404538805e-08
4.099394231911167e-08
5.033603964240669e-08
6.180025348656531e-08
7.586612126043419e-08
9.312219295070225e-08
1.142960563872289e-07
1.402661111645828e-07
1.721158452171003e-07
2.111772940573593e-07
2.590683202904190e-07
3.177898947729668e-07
3.897730287199176e-07
4.780074687131647e-07
5.861568343235287e-07
7.186874588501957e-07
8.810846563784076e-07
1.080053714328172e-06
1.323830534016593e-06
1.622444572512561e-06
1.988221338629108e-06
2.436205694228414e-06
2.984834793656687e-06
3.656742808358384e-06
4.479462087415167e-06
5.486853447888190e-06
6.720315201701569e-06
8.230869460481182e-06
1.007980990600942e-05
1.234350502733031e-05
1.511543388458624e-05
1.850936049915297e-05
2.266525867679183e-05
2.775274427572060e-05
3.398474423193146e-05
4.161759186949663e-05
5.096730931997645e-05
6.242111299053017e-05
7.645260687447368e-05
9.365331890735948e-05
1.147230440650629e-04
1.405589314670157e-04
1.722453844279742e-04
2.110975354510779e-04
2.587448240327557e-04
3.172210310661967e-04
3.889471632109351e-04
4.770181321589692e-04
5.850922712441778e-04
7.178075913847429e-04
8.808160428211175e-04
1.080959371944195e-03
1.326687108580739e-03
1.628699514920027e-03
1.999540924659292e-03
2.455109693781127e-03
3.014703836769056e-03
3.701968531564829e-03
4.545613799676390e-03
5.581505238401193e-03
6.852930606684683e-03
8.412758555604393e-03
1.032603661846122e-02
1.267038626135657e-02
1.554182191792412e-02
1.905708448138315e-02
2.335465247449018e-02
2.860397606194150e-02
3.500683022169762e-02
4.280426891957282e-02
5.228172969582803e-02
6.377378583323064e-02
7.767101492496993e-02
9.442152953055923e-02
1.145275775694145e-01
1.385437989912877e-01
1.670616212108831e-01
2.006880112648737e-01
2.399858794275729e-01
2.854264975175835e-01
3.372954761185323e-01
3.955702375475953e-01
4.597940775456715e-01
5.289283050226556e-01
6.012523840092656e-01
6.743250809877763e-01
7.451131054191531e-01
8.103292254270836e-01
8.668769736948602e-01
9.125981387543700e-01
9.466746522058793e-01
9.699056097601308e-01
9.843167198903510e-01
9.924279766969536e-01
9.966434613571256e-01
9.986373233879015e-01
9.995286261361018e-01
9.998597778811652e-01
9.999640598878322e-01
9.999922334531269e-01
9.999986053463014e-01
9.999997993569252e-01
9.999999766997482e-01
9.999999978580584e-01
9.999999999080023e-01
9.999999999995958e-01
9.999999999842913e-01
1.000000000006172e+00
1.000000000000007e+00
9.999999999986902e-01
1.000000000000547e+00
1.000000000000007e+00
9.999999999998780e-01
1.000000000000051e+00
1.000000000000000e+00
9.999999999999892e-01
1.000000000000004e+00
1.000000000000000e+00
9.999999999999990e-01
1.000000000000000e+00
1.000000000000000e+00
###8.000000000000000e-01
3.563516230653780e-11
1.105643515768142e-10
1.372263917258661e-10
1.699064962227162e-10
2.100355487837139e-10
2.595280398648249e-10
3.202615854734140e-10
3.949260535388323e-10
4.866651616163374e-10
5.994817648122340e-10
7.381775582508793e-10
9.087178886372560e-10
1.118368609842762e-09
1.376144477088966e-09
1.693010144312653e-09
2.082505321824901e-09
2.561228175452128e-09
3.149605391291555e-09
3.872700637553898e-09
4.761046343365835e-09
5.853557306620549e-09
7.193788715780993e-09
8.841056000689649e-09
1.086482358004713e-08
1.334952226543995e-08
1.640182239090055e-08
2.014944229855468e-08
2.475055240141521e-08
3.039937159028967e-08
3.733317730878318e-08
4.584409219336620e-08
5.628932365945830e-08
6.910706459052121e-08
8.483270258984682e-08
1.041239754040176e-07
1.277957467163387e-07
1.568281422784664e-07
1.924313732933745e-07
2.360959210286502e-07
2.896274140805108e-07
3.552641393594851e-07
4.357208046629017e-07
5.343363857358083e-07
6.552081504350345e-07
8.033081418564613e-07
9.848030734686751e-07
1.207145690180185e-06
1.479548581140580e-06
1.813206563506285e-06
2.221878288740961e-06
2.722376638245548e-06
3.335259261437320e-06
4.085811376783819e-06
5.004714700476257e-06
6.129764543164099e-06
7.507107594703293e-06
9.193668061308938e-06
1.125768654944711e-05
1.378414990796771e-05
1.687729581246247e-05
2.066362208467357e-05
2.529884638505408e-05
3.097097970005608e-05
3.791727464545800e-05
4.642184839345805e-05
5.683506832607052e-05
6.958570818649234e-05
8.519726415145833e-05
1.043253693635845e-04
1.277380799334274e-04
1.564286642991948e-04
1.915915322081084e-04
2.346685104336097e-04
2.874467279111653e-04
3.521609023775699e-04
4.314466125418746e-04
5.286976812239368e-04
6.478809397360418e-04
7.940522762793645e-04
9.733467207038628e-04
1.193145972057029e-03
1.462593065593248e-03
1.793167815198255e-03
2.198394723225113e-03
2.695244685839797e-03
3.304366006310384e-03
4.050938022610005e-03
4.965310833745035e-03
6.085511996320353e-03
7.457133698889266e-03
9.135634026043182e-03
1.118913002798801e-02
1.369807509430529e-02
1.676236901331855e-02
2.050240234041412e-02
2.506006484200296e-02
3.060861181245862e-02
3.735284855968347e-02
4.553609737532962e-02
5.544456135849674e-02
6.741118833944174e-02
8.182207309544247e-02
9.911648007540226e-02
1.197810534414552e-01
1.443491954532712e-01
1.733801437872336e-01
2.074413681207043e-01
2.470433325520257e-01
2.925972048638283e-01
3.443246373930701e-01
4.021404796338293e-01
4.655428845167218e-01
5.334801119462538e-01
6.042670942189506e-01
6.755726974318512e-01
7.445418479011361e-01
8.081196890533161e-01
8.634620058101068e-01
9.085852885209149e-01
9.427216694847290e-01
9.665422156958767e-01
9.818216458259812e-01
9.908162696446999e-01
9.957247918622982e-01
9.981792955536335e-01
9.993319135182031e-01
9.997871926183289e-01
9.999411553659275e-01
9.999861269778400e-01
9.999972723561705e-01
9.999995618690845e-01
9.999999431901865e-01
9.999999942499683e-01
9.999999995804586e-01
9.999999999812599e-01
9.999999999899111e-01
1.000000000003289e+00
1.000000000000049e+00
9.999999999993205e-01
1.000000000000266e+00
1.000000000000008e+00
9.999999999999414e-01
1.000000000000023e+00
1.000000000000000e+00
9.999999999999953e-01
1.000000000000002e+00
1.000000000000000e+00
9.999999999999996e-01
1.000000000000000e+00
1.000000000000000e+00
###1.000000000000000e+00
4.669402825641691e-11
1.228756432112756e-10
1.527783536903756e-10
1.893200247384328e-10
2.342074994952618e-10
2.895829620584304e-10
3.575094811757347e-10
4.410229633219024e-10
5.435715709404902e-10
6.696950047893229e-10
8.247320097674229e-10
1.015354686157447e-09
1.249676622855615e-09
1.537760224099923e-09
1.891868187032154e-09
2.327105419528140e-09
2.862013988237284e-09
3.519407809460085e-09
4.327278957792772e-09
5.319686676017314e-09
6.540294818248407e-09
8.037210347129436e-09
9.877079903520474e-09
1.213734136872209e-08
1.491223682340097e-08
1.832086805697977e-08
2.250567366181062e-08
2.764318834111618e-08
3.395021252880360e-08
4.169140677839965e-08
5.119279137094373e-08
6.285272404852798e-08
7.716054829202048e-08
9.471264813965171e-08
1.162424050126517e-07
1.426612496438705e-07
1.750593326155529e-07
2.147869544170138e-07
2.635073396573998e-07
3.232316207294845e-07
3.964572529956684e-07
4.862092207531496e-07
5.962098471512970e-07
7.310230295810011e-07
8.961798674756731e-07
1.098585192491612e-06
1.346512450100889e-06
1.650223434335553e-06
2.022192535483085e-06
2.477730452333250e-06
3.035572457703633e-06
3.718576458887006e-06
4.554918317507148e-06
5.578638417053395e-06
6.831842301993980e-06
8.365793599912713e-06
1.024379041838820e-05
1.254159139495841e-05
1.535340516866022e-05
1.879512000520718e-05
2.300690830459210e-05
2.816139504353683e-05
3.446634221369636e-05
4.218505252916756e-05
5.163138893806400e-05
6.319242318870514e-05
7.734128059126702e-05
9.465464860295104e-05
1.158563249996711e-04
1.417869938427083e-04
1.735418188267968e-04
2.124317220472474e-04
2.600325178786903e-04
3.182978029842869e-04
3.896738230863475e-04
4.770220806617311e-04
5.840496974702734e-04
7.150470323944597e-04
8.755064068330345e-04
1.072066420606817e-03
1.312670948108857e-03
1.607187939239673e-03
1.967886753759725e-03
2.409323780505817e-03
2.949559478001559e-03
3.610636862851846e-03
4.419299662554436e-03
5.407589530477773e-03
6.615677676428692e-03
8.091537134245793e-03
9.893218523379719e-03
1.209190965130834e-02
1.477089843539123e-02
1.803400730264913e-02
2.200494878905413e-02
2.682922159711766e-02
3.268362686626260e-02
3.977582836685804e-02
4.835118521233912e-02
5.869640003521813e-02
7.114254180644010e-02
8.607091639525888e-02
1.039116335087666e-01
1.251361891253761e-01
1.502565663257967e-01
1.798009254013210e-01
2.142984302978418e-01
2.542097186846410e-01
2.998893140725905e-01
3.514992350952736e-01
4.088970728216522e-01
4.715405436227482e-01
5.383677515249972e-01
6.077284743214207e-01
6.773930600868660e-01
7.446678115645633e-01
8.067065931459759e-01
8.608876221743061e-01
9.053813782782602e-01
9.394663961425239e-01
9.637074816549013e-01
9.796699701723864e-01
9.893870592558975e-01
9.948828375556005e-01
9.977418844460156e-01
9.991335287408488e-01
9.997093030367041e-01
9.999148600748283e-01
9.999786185339241e-01
9.999954790425569e-01
9.999992119358597e-01
9.999998884566330e-01
9.999999875950506e-01
9.999999989389897e-01
9.999999999385566e-01
9.999999999910612e-01
1.000000000001832e+00
1.000000000000000e+00
9.999999999996626e-01
1.000000000000125e+00
1.000000000000007e+00
9.999999999999716e-01
1.000000000000010e+00
1.000000000000000e+00
9.999999999999980e-01
1.000000000000001e+00
1.000000000000000e+00
9.999999999999998e-01
1.000000000000000e+00
1.000000000000000e+00
###1.200000000000000e+00
5.878090737835460e-11
1.365215093421559e-10
1.699972135021349e-10
2.108160092583600e-10
2.609669089348885e-10
3.228449713955225e-10
3.987366585590920e-10
4.920191482205653e-10
6.065189626009125e-10
7.473506773776996e-10
9.204467472929742e-10
1.133257040713556e-09
1.394831948551348e-09
1.716389069461082e-09
2.111621720394599e-09
2.597357217002721e-09
3.194278708290609e-09
3.927831482313631e-09
4.829227910745049e-09
5.936424860875622e-09
7.298272330343743e-09
8.967922452801398e-09
1.102006187983895e-08
1.354091173389038e-08
1.663560391243229e-08
2.043649326816016e-08
2.510261871010938e-08
3.083056516252147e-08
3.786172662984033e-08
4.649099747606792e-08
5.708148982565874e-08
7.007677701758500e-08
8.602187735614828e-08
1.055803357009609e-07
1.295701740871176e-07
1.590024848922425e-07
1.950937213979042e-07
2.393453720333796e-07
2.936091744368925e-07
3.601206168876815e-07
4.416602918915721e-07
5.415909489256784e-07
6.640532282212846e-07
8.141191853724423e-07
9.979293418862839e-07
1.223189520215136e-06
1.499067203820358e-06
1.836962877236551e-06
2.250747934368051e-06
2.757395318286266e-06
3.377744844805311e-06
4.137139823043382e-06
5.066880101775766e-06
6.204671904893299e-06
7.597196338580063e-06
9.301314441793920e-06
1.138717366234325e-05
1.393862827591034e-05
1.705981825864868e-05
2.087914904729440e-05
2.555148118161248e-05
3.126757012652452e-05
3.825634922216180e-05
4.680898358766829e-05
5.727113413141232e-05
7.006904456504391e-05
8.572311028132756e-05
1.048666480736406e-04
1.282958615511981e-04
1.569285805326604e-04
1.919678888046930e-04
2.348479708559979e-04
2.872861654725139e-04
3.514116090435815e-04
4.298930514216869e-04
5.258295447777334e-04
6.432564137714779e-04
7.868028660019729e-04
9.624167606405658e-04
1.177261253186562e-03
1.439864942643491e-03
1.760845615772916e-03
2.153293749644655e-03
2.632824825565117e-03
3.218624699340443e-03
3.934164363507628e-03
4.807786379273429e-03
5.873257469688606e-03
7.172926360083914e-03
8.757171213223046e-03
1.068665489309303e-02
1.303563774418916e-02
1.589024157588152e-02
1.935815614130373e-02
2.356638049745361e-02
2.866390956909572e-02
3.483095441180161e-02
4.227785942633811e-02
5.125179491710392e-02
6.203970479880114e-02
7.497053112350674e-02
9.042050065372823e-02
1.088104087719191e-01
1.305966341266336e-01
1.562699742265095e-01
1.863284022317977e-01
2.212639116500210e-01
2.614897047322988e-01
3.073068146444162e-01
3.588215316397573e-01
4.158388862259179e-01
4.777802401847853e-01
5.435757495380678e-01
6.116093144525028e-01
6.797447755251382e-01
7.454349958268592e-01
8.060211181047220e-01
8.590787920004573e-01
9.029148109101982e-01
9.368511198576476e-01
9.613655793192607e-01
9.778490399116250e-01
9.881453354634268e-01
9.941301095610909e-01
9.973375842894916e-01
9.989419617909768e-01
9.996302428357087e-01
9.998866912658867e-01
9.999700730765241e-01
9.999933007941085e-01
9.999987546292616e-01
9.999998109328954e-01
9.999999772349686e-01
9.999999978622719e-01
9.999999998556811e-01
9.999999999884832e-01
1.000000000000883e+00
9.999999999999686e-01
9.999999999998367e-01
1.000000000000057e+00
1.000000000000006e+00
9.999999999999861e-01
1.000000000000005e+00
1.000000000000000e+00
9.999999999999991e-01
1.000000000000000e+00
1.000000000000000e+00
9.999999999999999e-01
1.000000000000000e+00
1.000000000000000e+00
###1.400000000000000e+00
7.199261548211235e-11
1.516220353391653e-10
1.890372380720810e-10
2.345823450918089e-10
2.905472482293575e-10
3.596047325374077e-10
4.442956711964810e-10
5.483286927046311e-10
6.760518617390575e-10
8.331137918336529e-10
1.026136863006785e-09
1.263424997260402e-09
1.555053554317668e-09
1.913531509002595e-09
2.354109712431761e-09
2.895506744482974e-09
3.560770168786440e-09
4.378238400938227e-09
5.382649699103579e-09
6.616261051069631e-09
8.133609963097099e-09
9.993388860370778e-09
1.227910997911066e-08
1.508673510642665e-08
1.853303503767410e-08
2.276521122944213e-08
2.796043055655704e-08
3.433713225521214e-08
4.216377766684728e-08
5.176828937474849e-08
6.355441537005006e-08
7.801517088811048e-08
9.575649757281801e-08
1.175153339920490e-07
1.442020017320258e-07
1.769369365196183e-07
2.170743183754621e-07
2.662798008421503e-07
3.266115611366276e-07
4.005489579450932e-07
4.911829297338620e-07
6.022404637221655e-07
7.383201234095954e-07
9.050475508988897e-07
1.109237496665199e-06
1.359419843823103e-06
1.665780543199416e-06
2.040940714888100e-06
2.500282144161853e-06
3.062583099523534e-06
3.750956278587178e-06
4.593434941322146e-06
5.624690608379747e-06
6.886397507861787e-06
8.430159670130432e-06
1.031887679578595e-05
1.263007007481354e-05
1.545629814878505e-05
1.891237921421623e-05
2.314014909662736e-05
2.831022129782395e-05
3.463276688054307e-05
4.235937782449347e-05
5.181098485893177e-05
6.336719254071622e-05
7.749599624601625e-05
9.476810827108995e-05
1.158770563805332e-04
1.416958778698261e-04
1.732242226874827e-04
2.117793744582398e-04
2.589257809074210e-04
3.165300921889447e-04
3.869063576781997e-04
4.729571992851347e-04
5.780311291050757e-04
7.065070989670622e-04
8.633687904446662e-04
1.055039257691029e-03
1.289227698980475e-03
1.575070319640207e-03
1.923960361023750e-03
2.349841041643159e-03
2.869415095740715e-03
3.503029435665766e-03
4.275616931422214e-03
5.217153595615817e-03
6.363164258447462e-03
7.758209097356619e-03
9.455095620969987e-03
1.151711767461489e-02
1.402161033852808e-02
1.705752529103885e-02
2.073636785674019e-02
2.518838395749814e-02
3.056595415958975e-02
3.705256483665954e-02
4.486106523796916e-02
5.424021584558664e-02
6.547694991121632e-02
7.889783852075047e-02
9.487375219416888e-02
1.138160160217494e-01
1.361659141905742e-01
1.623932822860877e-01
1.929667202503096e-01
2.283421239717130e-01
2.688874397332612e-01
3.148530810275340e-01
3.662931324073863e-01
4.229642154283898e-01
4.842548744295836e-01
5.490892027521459e-01
6.158840592272963e-01
6.825890662994243e-01
7.467914475645467e-01
8.060000371722079e-01
8.579663359590330e-01
9.011193354443069e-01
9.348214349913084e-01
9.594808174191928e-01
9.763429228359868e-01
9.870913560335040e-01
9.934742241856631e-01
9.969752289210830e-01
9.987637780769371e-01
9.995535538400270e-01
9.998581069237189e-01
9.999609585949439e-01
9.999908489067536e-01
9.999982080951554e-01
9.999997119445714e-01
9.999999629797112e-01
9.999999962658800e-01
9.999999997206961e-01
9.999999999814395e-01
1.000000000000095e+00
9.999999999999427e-01
9.999999999999249e-01
1.000000000000025e+00
1.000000000000004e+00
9.999999999999932e-01
1.000000000000002e+00
1.000000000000000e+00
9.999999999999997e-01
1.000000000000000e+00
1.000000000000000e+00
1.000000000000000e+00
1.000000000000000e+00
1.000000000000000e+00
###1.600000000000000e+00
8.652229458107927e-11
1.683066068840127e-10
2.100638046323605e-10
2.608212333127032e-10
3.231997127373688e-10
4.001732604833576e-10
4.945628620717839e-10
6.104513965018139e-10
7.527499779518011e-10
9.276983904366547e-10
1.142678506461699e-09
1.406932872404256e-09
1.731672207311736e-09
2.130799528249617e-09
2.621300192908552e-09
3.223966320919787e-09
3.964437084858854e-09
4.874223261494937e-09
5.991939835325503e-09
7.364560121237500e-09
9.052858578098262e-09
1.112159767453811e-08
1.366398294483945e-08
1.678659716930668e-08
2.061901294812785e-08
2.532466392469019e-08
3.110055889771346e-08
3.818905872981584e-08
4.688826699679241e-08
5.756205050890533e-08
7.065875066676706e-08
8.672525942790445e-08
1.064341384230589e-07
1.306024098058815e-07
1.602411391373119e-07
1.965896007098863e-07
2.411525511471639e-07
2.957749659645466e-07
3.627370028638595e-07
4.447887152014837e-07
5.453523255087189e-07
6.685562449697606e-07
8.194916638644485e-07
1.004388914167126e-06
1.230795623810157e-06
1.508127502016908e-06
1.847680909370573e-06
2.263402958917263e-06
2.772293800893042e-06
3.395101116443930e-06
4.157385167251030e-06
5.090085640959763e-06
6.231508283882915e-06
7.627609411809297e-06
9.335298263039681e-06
1.142396430302862e-05
1.397906064920392e-05
1.710249160498639e-05
2.092053932069125e-05
2.558943167207147e-05
3.129665321042205e-05
3.827313991678673e-05
4.679469919455579e-05
5.721402459699377e-05
6.994690684224645e-05
8.550578849476471e-05
1.045148780129746e-04
1.277316440305785e-04
1.561098259989460e-04
1.907379838788789e-04
2.330518886818302e-04
2.847542609385599e-04
3.478691060696128e-04
4.249050688979906e-04
5.190104100062780e-04
6.337953078100292e-04
7.739982899238975e-04
9.449734848651974e-04
1.153648769871788e-03
1.408272982447566e-03
1.718641516549033e-03
2.096940005397864e-03
2.557996077970609e-03
3.119628788249788e-03
3.803381632135503e-03
4.635683853495698e-03
5.648179689130340e-03
6.878184643550250e-03
8.372504315303867e-03
1.018639963039149e-02
1.238581317086940e-02
1.505115714433923e-02
1.827420588234925e-02
2.217023138641859e-02
2.687268284549039e-02
3.253721736349728e-02
3.935046285411798e-02
4.752759898554153e-02
5.731875892058042e-02
6.901061813135527e-02
8.292713532528635e-02
9.943355759866676e-02
1.189315848505706e-01
1.418474195635634e-01
1.686301448653709e-01
1.997197286872417e-01
2.355369757210498e-01
2.764065601844565e-01
3.225308792688369e-01
3.739139038642801e-01
4.302707880510767e-01
4.909570634371254e-01
5.548933552313990e-01
6.205281428445849e-01
6.858901150214287e-01
7.486888168836786e-01
8.065850183399543e-01
8.574868313464733e-01
8.999337639927899e-01
9.333267125160082e-01
9.580185411978510e-01
9.751340644372150e-01
9.862214169717045e-01
9.929188493889445e-01
9.966605238327565e-01
9.986038166535077e-01
9.994821156073971e-01
9.998304163171292e-01
9.999517469541460e-01
9.999882547654384e-01
9.999975999640845e-01
9.999995955133054e-01
9.999999451439537e-01
9.999999941328003e-01
9.999999995263603e-01
9.999999999692382e-01
9.999999999992361e-01
9.999999999999151e-01
9.999999999999690e-01
1.000000000000009e+00
1.000000000000003e+00
9.999999999999966e-01
1.000000000000001e+00
1.000000000000000e+00
9.999999999999999e-01
1.000000000000000e+00
1.000000000000000e+00
1.000000000000000e+00
1.000000000000000e+00
1.000000000000000e+00
###1.800000000000000e+00
1.023152288932205e-10
1.867139122551645e-10
2.332514681441603e-10
2.897498677041475e-10
3.591936316742906e-10
4.448843967295891e-10
5.499348704955523e-10
6.788943894900550e-10
8.372370548055119e-10
1.031871111518661e-09
1.271011658731654e-09
1.564933880086622e-09
1.926090103030983e-09
2.369917792635131e-09
2.915304999003261e-09
3.585315575449822e-09
4.408430661100535e-09
5.419637935120870e-09
6.661821483871393e-09
8.187064393980970e-09
1.006302506338113e-08
1.236108296364347e-08
1.518508279264853e-08
1.865308894220066e-08
2.290888827615008e-08
2.813370744133034e-08
3.454594290595639e-08
4.241426516386315e-08
5.206910810539634e-08
6.391368239828307e-08
7.844482046762499e-08
9.626813633178720e-08
1.181290405844834e-07
1.449318503466906e-07
1.777979590977760e-07
2.180934584030097e-07
2.674896238436512e-07
3.280259250582301e-07
4.022248995276571e-07
4.931262071472705e-07
6.045165300959761e-07
7.409587054051741e-07
9.080780260448374e-07
1.112759633731022e-06
1.363344965831034e-06
1.670218286580593e-06
2.045856132689774e-06
2.505658603450451e-06
3.068366475954124e-06
3.756861542656650e-06
4.599330925773979e-06
5.629859971824065e-06
6.890666050229630e-06
8.432310709017825e-06
1.031737224714397e-05
1.262234854258478e-05
1.544106822326121e-05
1.888550417991298e-05
2.309422893076906e-05
2.823884232733207e-05
3.452499033049247e-05
4.220563059514077e-05
5.158250984724889e-05
6.304215767072840e-05
7.703889347043471e-05
9.413242090477861e-05
1.150037609045576e-04
1.404781846757163e-04
1.715913062578296e-04
2.095366371410794e-04
2.558642318330315e-04
3.124262183386620e-04
3.814122966215330e-04
4.655357017388963e-04
5.682025082086912e-04
6.932970737364206e-04
8.459339802341242e-04
1.031854152605159e-03
1.258512637833392e-03
1.534715299129612e-03
1.870945311955969e-03
2.280206227864229e-03
2.778241811933105e-03
3.384017362377473e-03
4.120308388464071e-03
5.015075557912099e-03
6.101666230007598e-03
7.419218692081237e-03
9.016817904470679e-03
1.095220205684495e-02
1.329397921573356e-02
1.612564107440764e-02
1.954177435046065e-02
2.366137103960816e-02
2.862103622155267e-02
3.457959528391926e-02
4.172668419228070e-02
5.027963924470866e-02
6.048975123879608e-02
7.264319414247931e-02
8.706107418957526e-02
1.041027549711668e-01
1.241601550615093e-01
1.476443959935172e-01
1.749840003298874e-01
2.065909757541690e-01
2.428519739194612e-01
2.840501998673339e-01
3.303423912821753e-01
3.816852837721514e-01
4.377557995568731e-01
4.978789193342472e-01
5.609736405424172e-01
6.255179799153651e-01
6.896138033359294e-01
7.510823834645129e-01
8.077222007550792e-01
8.575818989714004e-01
8.993015493515750e-01
9.323192068322538e-01
9.569449182671710e-01
9.742033762805609e-01
9.855288818637998e-01
9.924645073300075e-01
9.963966660556012e-01
9.984653950155054e-01
9.994181387663870e-01
9.998047244130488e-01
9.999428739395732e-01
9.999856540856682e-01
9.999969632475781e-01
9.999994676740647e-01
9.999999245082283e-01
9.999999915204066e-01
9.999999992729490e-01
9.999999999515748e-01
9.999999999981594e-01
9.999999999998798e-01
9.999999999999901e-01
1.000000000000002e+00
1.000000000000002e+00
9.999999999999982e-01
1.000000000000001e+00
1.000000000000000e+00
1.000000000000000e+00
1.000000000000000e+00
1.000000000000000e+00
1.000000000000000e+00
1.000000000000000e+00
1.000000000000000e+00
###2.000000000000000e+00
1.195495927160603e-10
2.069927612739365e-10
2.587874322458758e-10
3.216039126890585e-10
3.988181814101931e-10
4.940961892140756e-10
6.108708002470317e-10
7.542020091470935e-10
9.301819147771047e-10
1.146454335410558e-09
1.412144642659091e-09
1.738661322905092e-09
2.139818747061883e-09
2.632735535189384e-09
3.238385376507968e-09
3.982317410700074e-09
4.896125912325856e-09
6.018604400295674e-09
7.397309291228389e-09
9.089917271292787e-09
1.117159872157485e-08
1.372093260177969e-08
1.685353017666158e-08
2.069984074377992e-08
2.541943193729259e-08
3.121251618326927e-08
3.832105013962134e-08
4.704252729395106e-08
5.774251445237605e-08
7.086715443873511e-08
8.696605233229557e-08
1.067088334822592e-07
1.309203491381323e-07
1.605994658902630e-07
1.969876654814817e-07
2.415899916389240e-07
2.962568616507719e-07
3.632402512710849e-07
4.453257618816055e-07
5.458662880790171e-07
6.690446140306042e-07
8.198942572560679e-07
1.004620487905828e-06
1.230812823622530e-06
1.507679146846919e-06
1.846640989516178e-06
2.261457191554941e-06
2.769094311237853e-06
3.390173017166387e-06
4.149892894673225e-06
5.079220184446463e-06
6.215692349342603e-06
7.605684654541864e-06
9.304719304673248e-06
1.138158027500847e-05
1.392010359180978e-05
1.702337330856199e-05
2.081405463515286e-05
2.544387775461329e-05
3.110077488428419e-05
3.801019860715002e-05
4.644800190899369e-05
5.674397177909165e-05
6.932057308879733e-05
8.467309898055281e-05
1.034114512952183e-04
1.262769206330668e-04
1.541665918854148e-04
1.882029904226281e-04
2.296898507288323e-04
2.802985342939402e-04
3.420383077644671e-04
4.172731869093678e-04
5.089313141262395e-04
6.206891667896335e-04
7.567181063563303e-04
9.225257843020919e-04
1.124256598991454e-03
1.369913874155786e-03
1.668883852029823e-03
2.032361002630239e-03
2.474194763685433e-03
3.011084937811975e-03
3.663149788039977e-03
4.454456208174033e-03
5.414523846885370e-03
6.578438185873608e-03
7.987191932651908e-03
9.692183268948591e-03
1.175365117979647e-02
1.424288490881078e-02
1.724645774843990e-02
2.086175555965398e-02
2.521144526814399e-02
3.043523676889162e-02
3.669501573109438e-02
4.418329241863216e-02
5.311938591864775e-02
6.375553101486411e-02
7.637715849661195e-02
9.130228203947734e-02
1.088841261925130e-01
1.295046687733011e-01
1.535599375109400e-01
1.814580660968752e-01
2.135837075963553e-01
2.502902302371460e-01
2.918210057212613e-01
3.382892511751759e-01
3.896072526443597e-01
4.454159558087094e-01
5.050117802666901e-01
5.673156604244605e-01
6.308308953137609e-01
6.937278259403789e-01
7.539302555083283e-01
8.093616385834803e-01
8.581976107073203e-01
8.991702365925289e-01
9.317540302315953e-01
9.562268944965586e-01
9.735310368629220e-01
9.850049120725943e-01
9.921092661991381e-01
9.961848355144529e-01
9.983505185729736e-01
9.993631835016241e-01
9.997818974926858e-01
9.999347131568749e-01
9.999831742930765e-01
9.999963323617167e-01
9.999993356127209e-01
9.999999022037825e-01
9.999999885534275e-01
9.999999989691806e-01
9.999999999287971e-01
9.999999999967963e-01
9.999999999998334e-01
9.999999999999988e-01
9.999999999999993e-01
1.000000000000001e+00
9.999999999999990e-01
1.000000000000000e+00
1.000000000000000e+00
1.000000000000000e+00
1.000000000000000e+00
1.000000000000000e+00
1.000000000000000e+00
1.000000000000000e+00
1.000000000000000e+00
###2.200000000000000e+00
1.383693945741790e-10
2.293029837799243e-10
2.868727732976203e-10
3.566288663442597e-10
4.423837077496681e-10
5.481930616051538e-10
6.778446902559858e-10
8.369580572832425e-10
1.032303339314620e-09
1.272327897638510e-09
1.567159605685031e-09
1.929437621957105e-09
2.374477721586013e-09
2.921232408298692e-09
3.592963073665105e-09
4.417928562208666e-09
5.431133451205236e-09
6.675529948949871e-09
8.203777021851996e-09
1.007967736821376e-08
1.238657994415275e-08
1.521095212044781e-08
1.868119957871932e-08
2.294136789661725e-08
2.816810450874249e-08
3.458242677243030e-08
4.245198336633910e-08
5.210560494615043e-08
6.394705604367943e-08
7.846933145551583e-08
9.627941124804479e-08
1.181169020307158e-07
1.448919513357431e-07
1.777071760003109e-07
2.179330938756709e-07
2.672289414230270e-07
3.276361485530801e-07
4.016383502095270e-07
4.923062308606620e-07
6.033321725483508e-07
7.393277300080685e-07
9.058360313424687e-07
1.109689613306419e-06
1.359239694824847e-06
1.664629800716364e-06
2.038402291821629e-06
2.495702335720989e-06
3.055175816153311e-06
3.739484924890930e-06
4.576304788233870e-06
5.599612292714215e-06
6.850647420660335e-06
8.380248749684214e-06
1.024928032878059e-05
1.253316219359334e-05
1.532365535590802e-05
1.873363048366907e-05
2.289726319128432e-05
2.798045481442451e-05
3.418867306747468e-05
4.176778919639593e-05
5.101885517968488e-05
6.230125397967720e-05
7.607564158184625e-05
9.288085601054159e-05
1.133803379499330e-04
1.383784175456941e-04
1.688490009953543e-04
2.060064651942169e-04
2.512702951310328e-04
3.064403827908836e-04
3.736911758627783e-04
4.555698997876355e-04
5.552302540570928e-04
6.766321274766286e-04
8.242470304340439e-04
1.003993242180123e-03
1.222435649815980e-03
1.488147614548645e-03
1.811119439545448e-03
2.203280982712401e-03
2.679356333414727e-03
3.257071167233689e-03
3.957613726251435e-03
4.806491742498531e-03
5.834782564473633e-03
7.079344475966347e-03
8.583055808674212e-03
1.039966164893579e-02
1.259192490042684e-02
1.523383055640736e-02
1.841503516130695e-02
2.223570753443960e-02
2.682214552089989e-02
3.231710907865097e-02
3.888543580707984e-02
4.672237571021966e-02
5.604905603691059e-02
6.711844232311535e-02
8.021492043023172e-02
9.565335256479532e-02
1.137803884990144e-01
1.349679615227569e-01
1.595969776872781e-01
1.880553312059982e-01
2.207008631658836e-01
2.578544597248649e-01
2.997211412575445e-01
3.463725443029593e-01
3.976789913284767e-01
4.532474886073320e-01
5.123486573919414e-01
5.739052040552803e-01
6.364450405678780e-01
6.982014360244451e-01
7.571931578796780e-01
8.114568819439836e-01
8.592839170420745e-01
8.994910277646084e-01
9.315890016147653e-01
9.558324916179569e-01
9.730966790928497e-01
9.846391440098275e-01
9.918493196152027e-01
9.960245605510674e-01
9.982600891744580e-01
9.993182364605476e-01
9.997625632938554e-01
9.999275613990877e-01
9.999809255336893e-01
9.999957395079603e-01
9.999992067841279e-01
9.999998795504583e-01
9.999999854062180e-01
9.999999986314121e-01
9.999999999019540e-01
9.999999999951564e-01
9.999999999997732e-01
1.000000000000001e+00
9.999999999999982e-01
1.000000000000001e+00
9.999999999999994e-01
1.000000000000000e+00
1.000000000000000e+00
1.000000000000000e+00
1.000000000000000e+00
1.000000000000000e+00
1.000000000000000e+00
1.000000000000000e+00
1.000000000000000e+00
###2.400000000000000e+00
1.589111024863499e-10
2.538161803842886e-10
3.178953594430418e-10
3.950950826043647e-10
4.902231029510517e-10
6.075870989541671e-10
7.513649062509671e-10
9.277881739961610e-10
1.144370031344813e-09
1.410435067008893e-09
1.737209291517830e-09
2.138679276298768e-09
2.631803018560055e-09
3.237532621849711e-09
3.981632599554749e-09
4.895310407723589e-09
6.017312543898472e-09
7.395127018290888e-09
9.086969125933771e-09
1.116334482413072e-08
1.371650941018348e-08
1.684160166643631e-08
2.068080699360516e-08
2.539322816866905e-08
3.117367963263494e-08
3.826627941610061e-08
4.696661269650119e-08
5.763723055237629e-08
7.072382215948091e-08
8.677009371051132e-08
1.064454831687939e-07
1.305655907866798e-07
1.601331095694675e-07
1.963632969558827e-07
2.407666263422015e-07
2.951695450458623e-07
3.618206892856516e-07
4.434539178787430e-07
5.434470691024168e-07
6.658663428464933e-07
8.157829219630657e-07
9.992849158162011e-07
1.223890681290512e-06
1.498772423250886e-06
1.835079453111371e-06
2.246566598175213e-06
2.749871841542874e-06
3.365451225551548e-06
4.118160857879669e-06
5.038339977679007e-06
6.163216448559867e-06
7.537964224921769e-06
9.218252521655513e-06
1.127067691830295e-05
1.377772288001268e-05
1.683968717655708e-05
2.057979738299434e-05
2.514458128935309e-05
3.071550523148037e-05
3.751600268194981e-05
4.581413260651338e-05
5.593765218305403e-05
6.827860070721260e-05
8.333496105419473e-05
1.016953627076913e-04
1.240776835159922e-04
1.513534237802158e-04
1.845798105011170e-04
2.250659527468658e-04
2.743536966577322e-04
3.343789018853538e-04
4.074895548487263e-04
4.964252645232722e-04
6.045762767234897e-04
7.361993271627891e-04
8.960795473669414e-04
1.090563952689182e-03
1.326655278445677e-03
1.613519334623307e-03
1.961774502450903e-03
2.384110695842175e-03
2.896156038777627e-03
3.516692365860964e-03
4.268014489642708e-03
5.177101424479664e-03
6.276627261184356e-03
7.605257678534127e-03
9.207787333127233e-03
1.114034167603731e-02
1.346823013840039e-02
1.626814683717419e-02
1.963283254074899e-02
2.366521988849513e-02
2.849519414117547e-02
3.426850682639832e-02
4.115283818303347e-02
4.934604186642819e-02
5.907087720428528e-02
7.058082436930609e-02
8.415871889615222e-02
1.001168303900308e-01
1.187941819110298e-01
1.405527498791527e-01
1.657582783140648e-01
1.947785469059842e-01
2.279450677936998e-01
2.655469792536660e-01
3.077522910982163e-01
3.545928173442847e-01
4.058991376853584e-01
4.612461638887421e-01
5.198810768230681e-01
5.807282086806714e-01
6.423393139150231e-01
7.030059405436022e-01
7.608342174684081e-01
8.139647088183687e-01
8.607943833491892e-01
9.002185590364815e-01
9.317844368561785e-01
9.557311421459540e-01
9.728798285451804e-01
9.844200660568526e-01
9.916792597742675e-01
9.959140840583062e-01
9.981941003959458e-01
9.992837726000118e-01
9.997471177534034e-01
9.999216325744835e-01
9.999789949649402e-01
9.999952125496749e-01
9.999990881483657e-01
9.999998579007665e-01
9.999999822780626e-01
9.999999982812746e-01
9.999999998727274e-01
9.999999999933119e-01
9.999999999997004e-01
1.000000000000000e+00
9.999999999999979e-01
1.000000000000001e+00
9.999999999999997e-01
1.000000000000000e+00
1.000000000000000e+00
1.000000000000000e+00
1.000000000000000e+00
1.000000000000000e+00
1.000000000000000e+00
1.000000000000000e+00
1.000000000000000e+00
###2.600000000000000e+00
1.813207607777297e-10
2.807164444754132e-10
3.517741716382873e-10
4.372900819043905e-10
5.426928843473379e-10
6.727198111397004e-10
8.319758275315052e-10
1.027362151730519e-09
1.267204040240815e-09
1.561785016878076e-09
1.923530509238643e-09
2.367903529681599e-09
2.913641680005918e-09
3.583894979295311e-09
4.407152117632952e-09
5.417850452566108e-09
6.658787864809892e-09
8.182436127713289e-09
1.005301749308004e-08
1.234838628176426e-08
1.517049789928554e-08
1.862389405156402e-08
2.286581667600337e-08
2.807167473645982e-08
3.445617118876986e-08
4.228839729096553e-08
5.189439043156833e-08
6.367334692565101e-08
7.811662907332501e-08
9.582248674930520e-08
1.175286720649166e-07
1.441329944070057e-07
1.767386544221059e-07
2.166834051514014e-07
2.656276826209254e-07
3.255807602684329e-07
3.990159971336933e-07
4.889345554330680e-07
5.990503691277140e-07
7.338316880838719e-07
8.988464018812276e-07
1.100774430741241e-06
1.347863956987139e-06
1.650188120613271e-06
2.019960729822619e-06
2.472258068729130e-06
3.025321101893676e-06
3.701556401519397e-06
4.528164959590605e-06
5.538362591780904e-06
6.772864213471784e-06
8.281056864918508e-06
1.012379451219281e-05
1.237381416265882e-05
1.512115474603748e-05
1.847524772392332e-05
2.257037682374234e-05
2.756629923525469e-05
3.366101376593323e-05
4.109715281752958e-05
5.016638240660441e-05
6.122500729498456e-05
7.469945401810757e-05
9.112740088917682e-05
1.111505669678731e-04
1.355440099907350e-04
1.652505877117006e-04
2.014157603141424e-04
2.454483991639047e-04
2.990189386224352e-04
3.642068685591110e-04
4.435416549414600e-04
5.399669622765364e-04
6.571187072965300e-04
7.995650791286135e-04
9.724186362288456e-04
1.182473794548788e-03
1.437188847398896e-03
1.746345112344923e-03
2.121213407591465e-03
2.575268937411612e-03
3.125073721381145e-03
3.790496674230446e-03
4.594975438775815e-03
5.566991793074407e-03
6.740855497364394e-03
8.157074290791410e-03
9.862389287958399e-03
1.191533948474974e-02
1.438380282492359e-02
1.734719463587834e-02
2.090133998584071e-02
2.515191320490255e-02
3.023234346838559e-02
3.629131156264188e-02
4.349922958939483e-02
5.205641676853522e-02
6.218708624240181e-02
7.414501476772362e-02
8.821129745683264e-02
1.046952177403430e-01
1.239280677883242e-01
1.462616288461054e-01
1.720464258883118e-01
2.016302240075382e-01
2.353186324952977e-01
2.733697106124779e-01
3.159156688444389e-01
3.629500909855388e-01
4.142658007066314e-01
4.694072873414585e-01
5.276003139983223e-01
5.877707150507956e-01
6.484932739326589e-01
7.081136754130689e-01
7.648187179182518e-01
8.168444683850383e-01
8.626858532196020e-01
9.013106171647877e-01
9.323030595302503e-01
9.558935503878125e-01
9.728601741320071e-01
9.843354898871733e-01
9.915927976354262e-01
9.958506841972538e-01
9.981518209489777e-01
9.992598357527774e-01
9.997357487183481e-01
9.999170588549969e-01
9.999774442418694e-01
9.999947731418231e-01
9.999989855862079e-01
9.999998384964091e-01
9.999999793679705e-01
9.999999979426502e-01
9.999999998432185e-01
9.999999999913810e-01
9.999999999996191e-01
9.999999999999973e-01
9.999999999999979e-01
1.000000000000001e+00
9.999999999999998e-01
1.000000000000000e+00
1.000000000000000e+00
1.000000000000000e+00
1.000000000000000e+00
1.000000000000000e+00
1.000000000000000e+00
1.000000000000000e+00
1.000000000000000e+00
###2.800000000000000e+00
2.057529096250297e-10
3.102008606931402e-10
3.888577603786321e-10
4.835204248409972e-10
6.001739444985064e-10
7.440634487169809e-10
9.202588981633357e-10
1.136397429005342e-09
1.401684863293174e-09
1.727455505831664e-09
2.127444886627538e-09
2.618723990411041e-09
3.221972262138652e-09
3.962736303523654e-09
4.872475405298856e-09
5.989145974506687e-09
7.359968226764380e-09
9.042806367488807e-09
1.110846231821898e-08
1.364278332913715e-08
1.675825679015851e-08
2.056960594814652e-08
2.525060353135529e-08
3.099409392174485e-08
3.803692545765993e-08
4.667466529253419e-08
5.726677858955035e-08
7.025220671505262e-08
8.617171653078841e-08
1.056831123549010e-07
1.295976841270346e-07
1.589021198321804e-07
1.948093440215538e-07
2.387890534942055e-07
2.926641634278696e-07
3.586419081490116e-07
4.394378029243732e-07
5.383430809252617e-07
6.594335587571566e-07
8.076126943736549e-07
9.889816656822500e-07
1.210862115458889e-06
1.482287125094727e-06
1.814297721511413e-06
2.220258602010419e-06
2.716669167730849e-06
3.323480242527750e-06
4.065208568771947e-06
4.971568753362121e-06
6.078870053503417e-06
7.431545829750137e-06
9.083518529029565e-06
1.110119479463540e-05
1.356385750234869e-05
1.656967087715322e-05
2.023774850783068e-05
2.471424783535681e-05
3.017300670462159e-05
3.682962230053759e-05
4.494719946826221e-05
5.484249922122121e-05
6.690216016527088e-05
8.158885969341001e-05
9.948312138883670e-05
1.212823275754309e-04
1.478216830801701e-04
1.801201673818031e-04
2.194160175210357e-04
2.672235588347136e-04
3.253481523634771e-04
3.960207881043585e-04
4.819578757863808e-04
5.863276146054506e-04
7.130125819578198e-04
8.669102382325015e-04
1.053474747975966e-03
1.279967146578715e-03
1.554319357117839e-03
1.886951908022754e-03
2.289812769196012e-03
2.777188222703745e-03
3.366604523732239e-03
4.079049191119347e-03
4.939138674540968e-03
5.976889937965801e-03
7.228287226050919e-03
8.735715018783863e-03
1.054789041056912e-02
1.272579876328841e-02
1.533990777656318e-02
1.847236468669121e-02
2.222207781815196e-02
2.669743800585802e-02
3.203537435062525e-02
3.838743064631941e-02
4.592663805601585e-02
5.485564077883111e-02
6.539992463008565e-02
7.781334322561982e-02
9.237505015443552e-02
1.093909655934035e-01
1.291845206640052e-01
1.520970636397517e-01
1.784638241590322e-01
2.086126272064106e-01
2.428235512944256e-01
2.813241826062380e-01
3.242120255893705e-01
3.714438756814245e-01
4.227765871191838e-01
4.777267656328555e-01
5.354974194803862e-01
5.950190697253190e-01
6.548870835989161e-01
7.134982269025839e-01
7.691138966051797e-01
8.200586031994591e-01
8.649173979051441e-01
9.027277833116031e-01
9.331099159546373e-01
9.562917762706626e-01
9.730177909143926e-01
9.843728311062931e-01
9.915829353444398e-01
9.958309319081055e-01
9.981319568413620e-01
9.992461168322675e-01
9.997284650019789e-01
9.999138988067759e-01
9.999763096184586e-01
9.999944360072257e-01
9.999989035283818e-01
9.999998223506493e-01
9.999999768526863e-01
9.999999976385444e-01
9.999999998156403e-01
9.999999999895062e-01
9.999999999995364e-01
9.999999999999938e-01
9.999999999999981e-01
1.000000000000000e+00
9.999999999999999e-01
1.000000000000000e+00
1.000000000000000e+00
1.000000000000000e+00
1.000000000000000e+00
1.000000000000000e+00
1.000000000000000e+00
1.000000000000000e+00
1.000000000000000e+00
###3.000000000000000e+00
2.323766188994672e-10
3.424783264471859e-10
4.294482622775117e-10
5.341148949662704e-10
6.630748171953383e-10
8.221217149445069e-10
1.016836870091157e-09
1.255658426039596e-09
1.548752986305994e-09
1.908606967889138e-09
2.350368422434608e-09
2.892869158494976e-09
3.558908080112487e-09
4.376638618528748e-09
5.380755510152182e-09
6.613042787812140e-09
8.125534105430695e-09
9.981959675662856e-09
1.226027663562342e-08
1.505503043242434e-08
1.849013335172899e-08
2.269137246794112e-08
2.785048509281157e-08
3.417929742902336e-08
4.193851922880714e-08
5.145261827085792e-08
6.311723380753173e-08
7.741454621175619e-08
9.493842159871411e-08
1.164116541209508e-07
1.427249253624816e-07
1.749610790486373e-07
2.144523537100027e-07
2.628095693462232e-07
3.220330146648826e-07
3.945435244972259e-07
4.833158852953832e-07
5.919580862118688e-07
7.249327549528131e-07
8.876148654510686e-07
1.086679481884733e-06
1.330139845450590e-06
1.627878644502956e-06
1.991963799532224e-06
2.437008352455253e-06
2.981047966144210e-06
3.645868494526296e-06
4.458222937803025e-06
5.450558647652555e-06
6.662479831490666e-06
8.142411884056517e-06
9.949130340803111e-06
1.215502024909000e-05
1.484624064323885e-05
1.812975805155210e-05
2.213497193210401e-05
2.702071231173010e-05
3.297581110941026e-05
4.023458354352265e-05
4.908200450725023e-05
5.986130745248569e-05
7.299147863248066e-05
8.897357811836692e-05
1.084350265315401e-04
1.321277781272659e-04
1.609549322118635e-04
1.960144328615497e-04
2.386422842321574e-04
2.904668970040008e-04
3.534274629402074e-04
4.299211068212448e-04
5.228605640533369e-04
6.356450526986223e-04
7.724188721004755e-04
9.384224346921588e-04
1.139466045431647e-03
1.383297139905190e-03
1.678339708152709e-03
2.035677835680568e-03
2.467961706702977e-03
2.990309761850435e-03
3.621259138843076e-03
4.382932249364014e-03
5.301165298633418e-03
6.407543733945234e-03
7.739764980197960e-03
9.342124891541638e-03
1.126534540381321e-02
1.357289061629986e-02
1.633783836530436e-02
1.964507698458526e-02
2.359659566929365e-02
2.830347340861045e-02
3.390609427645135e-02
4.055879471599225e-02
4.843710957239349e-02
5.774586435901340e-02
6.871163287314874e-02
8.158812312756575e-02
9.665233534092278e-02
1.142064616732007e-01
1.345659180125127e-01
1.580613795556191e-01
1.850126848575811e-01
2.157277674717288e-01
2.504614961719022e-01
2.894115301271406e-01
3.326416536539445e-01
3.800731802254800e-01
4.314286067498960e-01
4.861980128750822e-01
5.435632054470180e-01
6.024592700301630e-01
6.615014467963043e-01
7.191343168728253e-01
7.736887693903981e-01
8.235716796573864e-01
8.674518499619853e-01
9.044332752858070e-01
9.341721890843988e-01
9.568993023970984e-01
9.733333148047298e-01
9.845194266490452e-01
9.916422146062643e-01
9.958509087259538e-01
9.981328021515491e-01
9.992420303324917e-01
9.997251267895567e-01
9.999121440254624e-01
9.999756035953475e-01
9.999942089139696e-01
9.999988447881133e-01
9.999998101856014e-01
9.999999748700910e-01
9.999999973884631e-01
9.999999997920122e-01
9.999999999878341e-01
9.999999999994597e-01
9.999999999999900e-01
9.999999999999983e-01
1.000000000000000e+00
9.999999999999999e-01
1.000000000000000e+00
1.000000000000000e+00
1.000000000000000e+00
1.000000000000000e+00
1.000000000000000e+00
1.000000000000000e+00
1.000000000000000e+00
1.000000000000000e+00
###3.200000000000001e+00
2.613706845073586e-10
3.777735972870514e-10
4.738282710966903e-10
5.894250017056104e-10
7.318306376665554e-10
9.074341980267128e-10
1.122376055484120e-09
1.385963092776784e-09
1.709415234908937e-09
2.106477997351747e-09
2.593808889935464e-09
3.192184384260065e-09
3.926704695866924e-09
4.828357066776639e-09
5.935355967707215e-09
7.293644411528305e-09
8.960489236475308e-09
1.100599476893988e-08
1.351589083080980e-08
1.659418397836708e-08
2.037714614631374e-08
2.500270810044162e-08
3.068176476901168e-08
3.764730604104001e-08
4.618504762194700e-08
5.665152956998361e-08
6.948131215675790e-08
8.520342291165527e-08
1.044691416921074e-07
1.280716560086398e-07
1.569874332760221e-07
1.924033391856530e-07
2.357804845544339e-07
2.888821682874025e-07
3.539009323382302e-07
4.334857741669345e-07
5.308935395663551e-07
6.500735319500482e-07
7.959041954795197e-07
9.742678021384774e-07
1.192458613934650e-06
1.459233736339696e-06
1.785389209978857e-06
2.184096952524780e-06
2.671317791445297e-06
3.266715875651709e-06
3.994066789615343e-06
4.882526076942375e-06
5.967447027286491e-06
7.291952477545697e-06
8.908777499962316e-06
1.088187095645197e-05
1.328999257403415e-05
1.622668304159562e-05
1.980824314059855e-05
2.417508581084367e-05
2.949952795274654e-05
3.598635806592788e-05
4.388978489129543e-05
5.351805262199298e-05
6.524254133765272e-05
7.951636354745407e-05
9.688132674321423e-05
1.180149629825424e-04
1.437259536142562e-04
1.749899153394590e-04
2.129879005979480e-04
2.591588780945394e-04
3.152519145214565e-04
3.833454524521310e-04
4.660123272011352e-04
5.663712810420169e-04
6.880624620884168e-04
8.355046519411031e-04
1.014296259327379e-03
1.230618606618123e-03
1.492725879174766e-03
1.809552939588854e-03
2.192872417525303e-03
2.656062120481186e-03
3.215098736886389e-03
3.889564101777033e-03
4.702745689334435e-03
5.681735666597455e-03
6.859722060269917e-03
8.276154039315890e-03
9.977273350874576e-03
1.201583491648525e-02
1.445781339649304e-02
1.737891615383177e-02
2.086678016407974e-02
2.502647153664302e-02
2.997172576704176e-02
3.584633552456394e-02
4.280735522491187e-02
5.103270490221672e-02
6.072924405701220e-02
7.212444556070818e-02
8.547164562361124e-02
1.010454685728500e-01
1.191440225899042e-01
1.400745315907653e-01
1.641567529388672e-01
1.916950188423848e-01
2.229773941457448e-01
2.582338109720123e-01
2.976324907230777e-01
3.412043857062111e-01
3.888365124154372e-01
4.402189229713675e-01
4.948148486482694e-01
5.517882060922089e-01
6.100775196669865e-01
6.683175339127130e-01
7.249976874193571e-01
7.785139617931233e-01
8.273503483966149e-01
8.702541068718251e-01
9.063926937182257e-01
9.354590881982289e-01
9.576909598369815e-01
9.737880863094160e-01
9.847627463141359e-01
9.917630079852773e-01
9.959063972160836e-01
9.981523610366788e-01
9.992467839225339e-01
9.997254770392038e-01
9.999117321162686e-01
9.999753180006701e-01
9.999940932077728e-01
9.999988105428484e-01
9.999998024052897e-01
9.999999735098933e-01
9.999999972065442e-01
9.999999997739382e-01
9.999999999864908e-01
9.999999999993959e-01
9.999999999999865e-01
9.999999999999986e-01
1.000000000000000e+00
9.999999999999999e-01
1.000000000000000e+00
1.000000000000000e+00
1.000000000000000e+00
1.000000000000000e+00
1.000000000000000e+00
1.000000000000000e+00
1.000000000000000e+00
1.000000000000000e+00
###3.400000000000001e+00
2.929295352006841e-10
4.163268102627537e-10
5.222996943781420e-10
6.498262740432128e-10
8.069071289853731e-10
1.000577034855784e-09
1.237585532796238e-09
1.528185149364967e-09
1.884742475047984e-09
2.322372981229270e-09
2.859375521012183e-09
3.518638307830262e-09
4.327767910789770e-09
5.320829452157373e-09
6.539862381836398e-09
8.035324106877343e-09
9.870164777753687e-09
1.212140757129248e-08
1.488321672659038e-08
1.826986007398211e-08
2.243102136166877e-08
2.751778744204752e-08
3.376178059320735e-08
4.141896092451926e-08
5.080211771716295e-08
6.230249997352520e-08
7.639677623670333e-08
9.366464831891196e-08
1.148194860015509e-07
1.407305444886491e-07
1.724669700487638e-07
2.113279904989559e-07
2.589137800734074e-07
3.171522087760869e-07
3.884431165164872e-07
4.756815284485966e-07
5.824282005892097e-07
7.130000606482777e-07
8.727243144170185e-07
1.068029613808329e-06
1.306867119823194e-06
1.598804951405453e-06
1.955616022350888e-06
2.391657950853572e-06
2.924339305588746e-06
3.575074445662657e-06
4.369748627211534e-06
5.340120672010977e-06
6.524636336941930e-06
7.970198311588178e-06
9.734150914457658e-06
1.188592825946855e-05
1.451111971275641e-05
1.771121961776184e-05
2.161230959994087e-05
2.636666291641142e-05
3.216093088092128e-05
3.921684898333834e-05
4.780976764386304e-05
5.827264264192692e-05
7.100673415820347e-05
8.650127315644488e-05
1.053412011474499e-04
1.282570111244033e-04
1.561175641535465e-04
1.899747557594296e-04
2.310973727271202e-04
2.810327535306144e-04
3.416568664348652e-04
4.151945873923940e-04
5.044030411815434e-04
6.126169764409396e-04
7.437284493181212e-04
9.024432165100208e-04
1.094733406918426e-03
1.327166593775335e-03
1.608524638223131e-03
1.948272453400784e-03
2.358896839762512e-03
2.854529022198476e-03
3.452031553560630e-03
4.172062181607027e-03
5.039107179398642e-03
6.081549683674516e-03
7.334215058006080e-03
8.838342636580558e-03
1.064215438623848e-02
1.280047342135611e-02
1.538179260448856e-02
1.846449061813090e-02
2.213895099333338e-02
2.651331099316721e-02
3.170392752066763e-02
3.785795358758650e-02
4.513508235689996e-02
5.371549691409167e-02
6.380793919798190e-02
7.564058737782579e-02
8.946617501656588e-02
1.055567173657361e-01
1.242058884219016e-01
1.457125221035032e-01
1.703852067662303e-01
1.985126336669067e-01
2.303629965552082e-01
2.661415192751934e-01
3.059874277774416e-01
3.499006175973267e-01
3.977319568047530e-01
4.491452353616524e-01
5.035709952465293e-01
5.601627672187356e-01
6.178601477059498e-01
6.753169904036948e-01
7.310650548619640e-01
7.835619625722706e-01
8.313632458119488e-01
8.732912153005138e-01
9.085739393974476e-01
9.369417783675882e-01
9.586428813531715e-01
9.743642428458815e-01
9.850905405612654e-01
9.919376314667916e-01
9.959930358587519e-01
9.981884629220716e-01
9.992594429726194e-01
9.997291719973350e-01
9.999125584537274e-01
9.999754276689327e-01
9.999940846287400e-01
9.999988005182643e-01
9.999997991029780e-01
9.999999728107668e-01
9.999999971005874e-01
9.999999997624477e-01
9.999999999855674e-01
9.999999999993507e-01
9.999999999999833e-01
9.999999999999989e-01
1.000000000000000e+00
9.999999999999999e-01
1.000000000000000e+00
1.000000000000000e+00
1.000000000000000e+00
1.000000000000000e+00
1.000000000000000e+00
1.000000000000000e+00
1.000000000000000e+00
1.000000000000000e+00
###3.600000000000001e+00
3.272546360485736e-10
4.583943683924041e-10
5.751848959461040e-10
7.157196081218018e-10
8.888014961982203e-10
1.102165427069026e-09
1.363223553182140e-09
1.683256962825288e-09
2.075878666713151e-09
2.557694500745223e-09
3.148784939461742e-09
3.874329830279000e-09
4.764662165894644e-09
5.857186490284189e-09
7.198094902523350e-09
8.842739925086964e-09
1.086023746707817e-08
1.333511311045184e-08
1.637067400358188e-08
2.009229357651091e-08
2.466423089113242e-08
3.025174935922695e-08
3.710896016102855e-08
4.551665587577846e-08
5.581692932263224e-08
6.843855501481741e-08
8.390371249932916e-08
1.028468610127444e-07
1.260484422054177e-07
1.544598355796010e-07
1.892502156013225e-07
2.318400383114913e-07
2.839794036828720e-07
3.477736051265140e-07
4.258458060742072e-07
5.213560253141099e-07
6.381921531868957e-07
7.810667908037698e-07
9.557896131281943e-07
1.169374210616591e-06
1.430483738905172e-06
1.749551387611223e-06
2.139400213421678e-06
2.615660011475993e-06
3.197289410236306e-06
3.907583859554529e-06
4.774678861127882e-06
5.833124708354394e-06
7.124673518771534e-06
8.700290212519894e-06
1.062217967421059e-05
1.296568314032924e-05
1.582366116355534e-05
1.930608686626502e-05
2.354953141196846e-05
2.871870886689832e-05
3.501566875595785e-05
4.268010798373760e-05
5.200976725435239e-05
6.336393315039322e-05
7.717540002496403e-05
9.397177047959550e-05
1.143835153032901e-04
1.391971159947254e-04
1.693450841934955e-04
2.059598945754857e-04
2.504020393516807e-04
3.043336329405021e-04
3.697637603432007e-04
4.490711495247063e-04
5.452061035413548e-04
6.617297030915594e-04
8.027984193130554e-04
9.734142816587271e-04
1.179942877341056e-03
1.429352430942830e-03
1.730965422721588e-03
2.094822187320762e-03
2.534124178713756e-03
3.063790735098262e-03
3.701598384774136e-03
4.469312576849369e-03
5.392652472627689e-03
6.501327065944953e-03
7.831834408247593e-03
9.427242245826152e-03
1.133778709040331e-02
1.362042307238158e-02
1.634608143477913e-02
1.959593903225182e-02
2.346309391818998e-02
2.805874630072690e-02
3.350183581935274e-02
3.994282522554944e-02
4.754396239308747e-02
5.648756715348686e-02
6.698410754045660e-02
7.926226773706191e-02
9.357394229945340e-02
1.101882934742997e-01
1.293942139010574e-01
1.514819292746665e-01
1.767485998174685e-01
2.054671220488563e-01
2.378857916179108e-01
2.741853109405392e-01
3.144763091317966e-01
3.587283477671049e-01
4.067570982551108e-01
4.582008389273187e-01
5.124597281593204e-01
5.686769931016405e-01
6.257935039816703e-01
6.824818665735967e-01
7.373140062045166e-01
7.888058946944939e-01
8.355808173279973e-01
8.765323064374777e-01
9.109470173937485e-01
9.385932840167118e-01
9.597327740967582e-01
9.750448028074211e-01
9.854909941891918e-01
9.921585520208751e-01
9.961064401526594e-01
9.982388477353512e-01
9.992789872434261e-01
9.997358100104961e-01
9.999144877125666e-01
9.999758945783709e-01
9.999941745057459e-01
9.999988132018482e-01
9.999998000984976e-01
9.999999727639024e-01
9.999999970720832e-01
9.999999997579408e-01
9.999999999851111e-01
9.999999999993272e-01
9.999999999999811e-01
9.999999999999991e-01
1.000000000000000e+00
1.000000000000000e+00
1.000000000000000e+00
1.000000000000000e+00
1.000000000000000e+00
1.000000000000000e+00
1.000000000000000e+00
1.000000000000000e+00
1.000000000000000e+00
1.000000000000000e+00
###3.800000000000001e+00
3.645628820389508e-10
5.042499249616763e-10
6.328278835938415e-10
7.875328533057467e-10
9.780442529386592e-10
1.212855689151506e-09
1.500098950201902e-09
1.852172858970890e-09
2.284044058510879e-09
2.813937842080508e-09
3.463866846856838e-09
4.261495759701702e-09
5.240119510674858e-09
6.440762820192155e-09
7.914121324604704e-09
9.720850564403126e-09
1.193674878606490e-08
1.465446861544896e-08
1.798721821348132e-08
2.207239075754693e-08
2.709003257489877e-08
3.322070456891884e-08
4.074287994725041e-08
4.996417346136991e-08
6.125835977008572e-08
7.509474559895165e-08
9.204465159766684e-08
1.128016477695463e-07
1.382185585461032e-07
1.693353321640570e-07
2.074290063150068e-07
2.540506981830857e-07
3.111120000290869e-07
3.809092627062305e-07
4.663066440603495e-07
5.707474626243397e-07
6.984732469208558e-07
8.546222893179357e-07
1.045520411009581e-06
1.278809574574141e-06
1.563919255968155e-06
1.912209290691996e-06
2.337628807773087e-06
2.857171139048757e-06
3.491456191377216e-06
4.265788051264361e-06
5.210715247913845e-06
6.363769662996526e-06
7.770237130937059e-06
9.485418510207904e-06
1.157671611857301e-05
1.412574808397937e-05
1.723313758522192e-05
2.101788690531159e-05
2.562772629185416e-05
3.124061302645852e-05
3.807493904208357e-05
4.638948255247613e-05
5.650575889193642e-05
6.881103414373534e-05
8.377110427393944e-05
1.019545854094742e-04
1.240399224056648e-04
1.508727499110310e-04
1.834528114331904e-04
2.229973968173081e-04
2.709638864359341e-04
3.291338763803607e-04
3.996579028143699e-04
4.850752262430925e-04
5.885387484031852e-04
7.138465431291076e-04
8.654312916881736e-04
1.048604130305850e-03
1.270141134126576e-03
1.537426981815001e-03
1.860345542542362e-03
2.249536794372297e-03
2.718939533910470e-03
3.284288980546439e-03
3.964304084402633e-03
4.781842880995786e-03
5.764035018997953e-03
6.941807150659976e-03
8.353413041198835e-03
1.004378714828109e-02
1.206521454390288e-02
1.447680278313215e-02
1.735195888642133e-02
2.077466509737655e-02
2.484073947454458e-02
2.966443457104264e-02
3.536723026978403e-02
4.210284570117642e-02
5.003599431599585e-02
5.935100168964057e-02
7.025990026780968e-02
8.299167480184229e-02
9.779713817302724e-02
1.149423447728491e-01
1.347110593841151e-01
1.573846619703736e-01
1.832486160384035e-01
2.125598508040374e-01
2.455467123308719e-01
2.823655300301659e-01
3.230986860162898e-01
3.676858836468919e-01
4.159090048790461e-01
4.673810197343992e-01
5.214738951656069e-01
5.773207467487884e-01
6.338639484137987e-01
6.897945813564808e-01
7.437229265598554e-01
7.942204511098456e-01
8.399751699256413e-01
8.799484413002048e-01
9.134839018801367e-01
9.403884410836502e-01
9.609398338341099e-01
9.758137306376946e-01
9.859528203879653e-01
9.924184874666288e-01
9.962423074648455e-01
9.983012465851347e-01
9.993043561857916e-01
9.997449558629953e-01
9.999173646944715e-01
9.999766716904840e-01
9.999943509414468e-01
9.999988461340941e-01
9.999998049909742e-01
9.999999733201701e-01
9.999999971168823e-01
9.999999997602218e-01
9.999999999851245e-01
9.999999999993262e-01
9.999999999999798e-01
9.999999999999993e-01
1.000000000000000e+00
1.000000000000000e+00
1.000000000000000e+00
1.000000000000000e+00
1.000000000000000e+00
1.000000000000000e+00
1.000000000000000e+00
1.000000000000000e+00
1.000000000000000e+00
1.000000000000000e+00
###4.000000000000001e+00
4.050862514151233e-10
5.541853138149497e-10
6.955955719968721e-10
8.657222139753425e-10
1.075201136065080e-09
1.333347570992902e-09
1.649074020357721e-09
2.035992766344277e-09
2.510539143889221e-09
3.092696306604778e-09
3.806570469494304e-09
4.682518923775969e-09
5.757049106128700e-09
7.075108333269321e-09
8.692270961756962e-09
1.067493227435444e-08
1.310612523728466e-08
1.608729803776778e-08
1.974237034764718e-08
2.422173221969806e-08
2.972251302950954e-08
3.644176581401694e-08
4.468432923801007e-08
5.478675986388355e-08
6.715705382326796e-08
8.230825595595329e-08
1.008646981536814e-07
1.235836993897732e-07
1.513961228189816e-07
1.854373447621771e-07
2.271006060199039e-07
2.780777147165190e-07
3.404540532855723e-07
4.167315440687825e-07
5.100364825679339e-07
6.241076866247528e-07
7.635756704260343e-07
9.340327623178765e-07
1.142363782778989e-06
1.396870309204270e-06
1.707818121393884e-06
2.087555159723488e-06
2.551236903451959e-06
3.117316824228257e-06
3.808201849980922e-06
4.651314487191629e-06
5.679812812462669e-06
6.934402794058117e-06
8.464143345439826e-06
1.032895982179733e-05
1.260182623329809e-05
1.537099969077380e-05
1.874534230831828e-05
2.285354404046880e-05
2.785516367628572e-05
3.394225938232653e-05
4.135052601208337e-05
5.035899989854034e-05
6.131435478653784e-05
7.463353605355802e-05
9.081757183216160e-05
1.104776940134443e-04
1.343434617135460e-04
1.633230009456723e-04
1.984869664604319e-04
2.411416948875208e-04
2.928468003629353e-04
3.555087661505792e-04
4.314280917726565e-04
5.233108201902560e-04
6.345228755735339e-04
7.691097425450696e-04
9.317927244928944e-04
1.128205792752740e-03
1.365552336238757e-03
1.651649893937124e-03
1.996966740341010e-03
2.412762093380677e-03
2.913740386390634e-03
3.516479236039719e-03
4.240668619121765e-03
5.110285530444967e-03
6.153926422274293e-03
7.403749189327998e-03
8.899805381871559e-03
1.068893459543542e-02
1.282550393332203e-02
1.537079628100012e-02
1.840072961676337e-02
2.200209849704762e-02
2.627344357269397e-02
3.133205670706901e-02
3.730191147161941e-02
4.433992683834809e-02
5.261318731266246e-02
6.230788799915683e-02
7.363745819732183e-02
8.683097101023607e-02
1.021379079278005e-01
1.198209495380734e-01
1.401583849605192e-01
1.634224923931279e-01
1.898867597650870e-01
2.197919580860004e-01
2.533464090196857e-01
2.906821822383743e-01
3.318537186870337e-01
3.767713110478434e-01
4.251842962939977e-01
4.766806231222725e-01
5.306059917328151e-01
5.860836918839819e-01
6.420578780987768e-01
6.972379491720396e-01
7.502709717969812e-01
7.997815969971412e-01
8.445199831946653e-01
8.835124987959223e-01
9.161584353365310e-01
9.423038780929249e-01
9.622444902779496e-01
9.766559767050309e-01
9.864653445349530e-01
9.927103735573894e-01
9.963964877913014e-01
9.983734368447836e-01
9.993344877061785e-01
9.997561615717029e-01
9.999210246698931e-01
9.999777067549720e-01
9.999945999349343e-01
9.999988962126055e-01
9.999998132215651e-01
9.999999744001515e-01
9.999999972263596e-01
9.999999997686061e-01
9.999999999855692e-01
9.999999999993464e-01
9.999999999999793e-01
9.999999999999996e-01
1.000000000000000e+00
1.000000000000000e+00
1.000000000000000e+00
1.000000000000000e+00
1.000000000000000e+00
1.000000000000000e+00
1.000000000000000e+00
1.000000000000000e+00
1.000000000000000e+00
1.000000000000000e+00
###4.200000000000001e+00
4.490718803240124e-10
6.085116455323794e-10
7.638790658636372e-10
9.507737361708849e-10
1.180875115094412e-09
1.464386818269524e-09
1.811067592311216e-09
2.235845898827060e-09
2.756749164005085e-09
3.395666696005879e-09
4.178971216921901e-09
5.139934845605940e-09
6.318539193947091e-09
7.764000042164514e-09
9.537148996077843e-09
1.171059583175140e-08
1.437519924049522e-08
1.764191720966916e-08
2.164624713979934e-08
2.655261965809806e-08
3.257663134596500e-08
3.993310071793211e-08
4.895537679026976e-08
6.001120110029911e-08
7.354551519896238e-08
9.011851543128162e-08
1.104116619495293e-07
1.352509676463752e-07
1.656513497902817e-07
2.028509145000433e-07
2.483679720596893e-07
3.040456822115611e-07
3.721562849630821e-07
4.554226972287492e-07
5.572526489652900e-07
6.817027903585104e-07
8.338207151315054e-07
1.019685990455147e-06
1.246782865564090e-06
1.524120407172661e-06
1.862859981361364e-06
2.276407568879492e-06
2.781209868869472e-06
3.397282543476219e-06
4.148941849242186e-06
5.065875936114770e-06
6.184028246897847e-06
7.547492306945090e-06
9.209352136075618e-06
1.123446151623088e-05
1.370172990382104e-05
1.670649157233858e-05
2.036635352682921e-05
2.482031957236280e-05
3.024051184858197e-05
3.683405000501504e-05
4.485482903777296e-05
5.460342338862023e-05
6.645302439556617e-05
8.085215069992393e-05
9.833909766611080e-05
1.195701818542831e-04
1.453286148469196e-04
1.765886435027722e-04
2.144958551614862e-04
2.604504005939212e-04
3.161177973013123e-04
3.835397670590454e-04
4.651669983960752e-04
5.638861664046371e-04
6.832853646832198e-04
8.276669311907013e-04
1.002054764886038e-03
1.212419298643927e-03
1.466405187264826e-03
1.772293943577369e-03
2.141139197725706e-03
2.584855340758579e-03
3.118937048898201e-03
3.760831321138743e-03
4.531228218347605e-03
5.455259762879841e-03
6.563018007466146e-03
7.887933256254314e-03
9.471888151510743e-03
1.136366546813733e-02
1.361974725547693e-02
1.630361293391913e-02
1.949372441200365e-02
2.327969486734040e-02
2.776278712826239e-02
3.306331661742482e-02
3.930769975361233e-02
4.665599521522532e-02
5.527755832237821e-02
6.536031180651095e-02
7.711890782153269e-02
9.078228829502670e-02
1.065983458254769e-01
1.248261100348923e-01
1.457380434648957e-01
1.695970487844760e-01
1.966643485715278e-01
2.271643470322144e-01
2.612852446989858e-01
2.991349329245666e-01
3.407401786573364e-01
3.859822855432659e-01
4.345791551966703e-01
4.860940704743091e-01
5.398481792372367e-01
5.949553062105919e-01
6.503617328736530e-01
7.047951977057881e-01
7.569380324533204e-01
8.054664200716991e-01
8.491904146959309e-01
8.871990667811694e-01
9.189462235629541e-01
9.443175090016769e-01
9.636285250368886e-01
9.775574949970947e-01
9.870185602927883e-01
9.930277446550813e-01
9.965650556502319e-01
9.984532928987339e-01
9.993683518661493e-01
9.997689839432200e-01
9.999253009378569e-01
9.999789455735310e-01
9.999949065206049e-01
9.999989599695913e-01
9.999998241356227e-01
9.999999759048877e-01
9.999999973888487e-01
9.999999997820560e-01
9.999999999863773e-01
9.999999999993848e-01
9.999999999999797e-01
9.999999999999998e-01
9.999999999999999e-01
1.000000000000000e+00
1.000000000000000e+00
1.000000000000000e+00
1.000000000000000e+00
1.000000000000000e+00
1.000000000000000e+00
1.000000000000000e+00
1.000000000000000e+00
1.000000000000000e+00
###4.400000000000001e+00
4.967830734528093e-10
6.675603368395929e-10
8.380950408800596e-10
1.043206070711467e-09
1.295708452370313e-09
1.606767642069966e-09
1.987058110979835e-09
2.452934554408033e-09
3.024148739733555e-09
3.724654935198769e-09
4.583277478001772e-09
5.636441014757044e-09
6.927850705655302e-09
8.511454096363476e-09
1.045365110394553e-08
1.283380454702474e-08
1.575123048224476e-08
1.932715972112649e-08
2.370959224911781e-08
2.907811340309031e-08
3.566826435750270e-08
4.371398601422878e-08
5.357941816730971e-08
6.566590119010341e-08
8.045820027168237e-08
9.856731527336611e-08
1.207361925904060e-07
1.478648263372952e-07
1.810585759949367e-07
2.216660435608666e-07
2.713400309156138e-07
3.320863733823242e-07
4.063780434567772e-07
4.971753198090375e-07
6.081878537335408e-07
7.438137727647420e-07
9.095475619173918e-07
1.111991172175694e-06
1.359271118719032e-06
1.661154573878939e-06
2.029761208398673e-06
2.479628991619411e-06
3.028585483622034e-06
3.698316283705832e-06
4.515176144328340e-06
5.511273109674109e-06
6.725523947249891e-06
8.205632111856493e-06
1.000897282023606e-05
1.220564804252604e-05
1.488086493230622e-05
1.813754877982925e-05
2.210254378180703e-05
2.692582310296969e-05
3.279285006326173e-05
3.992671856490003e-05
4.860062555866723e-05
5.913794718229427e-05
7.194012076197136e-05
8.748851823937185e-05
1.063613464252166e-04
1.292626389479554e-04
1.570313509345402e-04
1.907124631477624e-04
2.315295537145915e-04
2.809818875225782e-04
3.408470293956786e-04
4.133038842640752e-04
5.009699344926741e-04
6.069139949258074e-04
7.349569109875008e-04
8.896714182316260e-04
1.076395698476903e-03
1.301451683048698e-03
1.572926913614062e-03
1.899652599868060e-03
2.293183636197906e-03
2.766185419600768e-03
3.334957139632701e-03
4.017829461323243e-03
4.836534997630374e-03
5.817392592742305e-03
6.992020086727398e-03
8.395159963384880e-03
1.007056007685784e-02
1.206898397591528e-02
1.444906092998362e-02
1.727648724346327e-02
2.063229948828850e-02
2.460893487256680e-02
2.931037482595472e-02
3.485993961937939e-02
4.138643311040412e-02
4.905298957468811e-02
5.803112882360798e-02
6.851035316372731e-02
8.070635662447764e-02
9.484772257465028e-02
1.111804888227020e-01
1.299597454074127e-01
1.514517729107747e-01
1.759098075914738e-01
2.035825056540843e-01
2.346776790107656e-01
2.693632900236551e-01
3.077231046878267e-01
3.497564497698000e-01
3.953160387192158e-01
4.440893368958483e-01
4.956153744676333e-01
5.491922846731834e-01
6.039248931949062e-01
6.587619966634551e-01
7.124496761116232e-01
7.637046923489127e-01
8.112530693393225e-01
8.539630154219607e-01
8.909843482896180e-01
9.218247225285044e-01
9.464090612617698e-01
9.650752068406931e-01
9.785052748290983e-01
9.876032079762602e-01
9.933645106853123e-01
9.967443538173054e-01
9.985388212503036e-01
9.994049720782344e-01
9.997829989280074e-01
9.999300320615419e-01
9.999803346601046e-01
9.999952556404387e-01
9.999990338534928e-01
9.999998370418282e-01
9.999999777263128e-01
9.999999975911034e-01
9.999999997993380e-01
9.999999999874619e-01
9.999999999994374e-01
9.999999999999806e-01
1.000000000000000e+00
9.999999999999999e-01
1.000000000000000e+00
1.000000000000000e+00
1.000000000000000e+00
1.000000000000000e+00
1.000000000000000e+00
1.000000000000000e+00
1.000000000000000e+00
1.000000000000000e+00
1.000000000000000e+00
###4.600000000000001e+00
5.485000952919482e-10
7.316842817712346e-10
9.186885685753359e-10
1.143570414098474e-09
1.420384924600718e-09
1.761335525053418e-09
2.178087022139038e-09
2.688538231585283e-09
3.314306893438265e-09
4.081582173716050e-09
5.021838088349131e-09
6.174905563537182e-09
7.588521648503188e-09
9.321739145358333e-09
1.144697308774220e-08
1.405089330723237e-08
1.724192903420331e-08
2.115240460057877e-08
2.594380956451950e-08
3.181207245935612e-08
3.901425500156168e-08
4.780486534511338e-08
5.858126439656022e-08
7.178096542953467e-08
8.793161792893316e-08
1.076989028696356e-07
1.318919228318857e-07
1.614902430360557e-07
1.976964650394704e-07
2.419779407653964e-07
2.961319659348972e-07
3.623390846275015e-07
4.432877214760175e-07
5.421928693654191e-07
6.630878635223602e-07
8.107372618207411e-07
9.911141362853533e-07
1.211379948976792e-06
1.480348860274686e-06
1.808599627718528e-06
2.209276569966128e-06
2.698127757054250e-06
3.294456261405185e-06
4.021731307550558e-06
4.908482446192558e-06
5.989396832240524e-06
7.306572456144143e-06
8.911547087847093e-06
1.086627023425777e-05
1.324642832486564e-05
1.614392416785674e-05
1.966976216947237e-05
2.396059180692842e-05
2.917802591527200e-05
3.552168402752023e-05
4.323159032627714e-05
5.260139616118486e-05
6.397860111965887e-05
7.779450860952660e-05
9.456523583598362e-05
1.149111039298710e-04
1.395865568216752e-04
1.694892997408280e-04
2.057382002798157e-04
2.496407940935483e-04
3.027975049912237e-04
3.671061151159727e-04
4.448877546770519e-04
5.389364511524312e-04
6.525101436125517e-04
7.896734705607052e-04
9.552827047885522e-04
1.155000226983971e-03
1.395517334993263e-03
1.685382833984107e-03
2.033992539235232e-03
2.453431112321085e-03
2.957132924832206e-03
3.562233072451469e-03
4.287972358441382e-03
5.157156996840658e-03
6.197328474465903e-03
7.441661837153550e-03
8.926250167480235e-03
1.069674133284695e-02
1.280591597048638e-02
1.531437523750288e-02
1.829067604637640e-02
2.181783478229414e-02
2.599132236321993e-02
3.091783317228358e-02
3.672367016652116e-02
4.353996454361625e-02
5.153285765533198e-02
6.087592107702544e-02
7.176008201062986e-02
8.440188790449893e-02
9.902932781256239e-02
1.158863098464142e-01
1.352236843017232e-01
1.573011886157209e-01
1.823620854594212e-01
2.106421520975003e-01
2.423323669048385e-01
2.775803183400860e-01
3.164456751737261e-01
3.589005296202487e-01
4.047693847687410e-01
4.537101796253910e-01
5.052381551975778e-01
5.586298375114003e-01
6.129815971994056e-01
6.672452065718344e-01
7.201852134284923e-01
7.705522045584795e-01
8.171207071349750e-01
8.588156596622519e-01
8.948460780966193e-01
9.247726275737426e-01
9.485597710227396e-01
9.665687814735181e-01
9.794873490171838e-01
9.882106898143999e-01
9.937150499172026e-01
9.969310222475988e-01
9.986281866977023e-01
9.994434466860104e-01
9.997978120639113e-01
9.999350658294315e-01
9.999818234230049e-01
9.999956328897412e-01
9.999991144134817e-01
9.999998512603021e-01
9.999999797562739e-01
9.999999978195745e-01
9.999999998191538e-01
9.999999999887307e-01
9.999999999994995e-01
9.999999999999819e-01
1.000000000000000e+00
9.999999999999999e-01
1.000000000000000e+00
1.000000000000000e+00
1.000000000000000e+00
1.000000000000000e+00
1.000000000000000e+00
1.000000000000000e+00
1.000000000000000e+00
1.000000000000000e+00
1.000000000000000e+00
###4.800000000000002e+00
6.045211187668240e-10
8.012590716361006e-10
1.006130840201217e-09
1.252453984769363e-09
1.555632143466896e-09
1.928990032220421e-09
2.385262249230043e-09
2.944017881455610e-09
3.628892309025041e-09
4.468491121232523e-09
5.497150063200502e-09
6.758378217208104e-09
8.304271710908545e-09
1.019939005864817e-08
1.252264481691368e-08
1.536858849907517e-08
1.885547948115616e-08
2.312760545371741e-08
2.836099829229596e-08
3.476919674837702e-08
4.263246329694316e-08
5.222741037349343e-08
6.398720974786558e-08
7.838828850768284e-08
9.600443525233395e-08
1.175601376625119e-07
1.439356204320416e-07
1.761959609466289e-07
2.156482253958245e-07
2.638872822938599e-07
3.228655424740447e-07
3.949510156811941e-07
4.830632018046570e-07
5.906900433726781e-07
7.222120686130431e-07
8.827862676137008e-07
1.078897954927797e-06
1.318307464557967e-06
1.610564547231883e-06
1.967119802774456e-06
2.402201039279189e-06
2.932860189738629e-06
3.579971983810775e-06
4.368909188364350e-06
5.330530314534964e-06
6.502242186739255e-06
7.929561465702031e-06
9.668098909280947e-06
1.178467160156238e-05
1.436090397135447e-05
1.749581656006204e-05
2.130899276113781e-05
2.594749555449235e-05
3.158527623543704e-05
3.843696400226986e-05
4.676051421100212e-05
5.687123752771523e-05
6.914213841133157e-05
8.403607950146180e-05
1.021058951748887e-04
1.240163192079204e-04
1.505749418106997e-04
1.827418455349213e-04
2.217125316742285e-04
2.688832483459255e-04
3.259612606935757e-04
3.949700643005788e-04
4.783816664099993e-04
5.791699694121504e-04
7.007955463248915e-04
8.475762292928840e-04
1.024667511079329e-03
1.238059655985622e-03
1.494838181675263e-03
1.804029737274965e-03
2.175610547369631e-03
2.622223260960994e-03
3.158097648234614e-03
3.801213558611355e-03
4.571773344922688e-03
5.493678388522157e-03
6.595729507873004e-03
7.912691503433714e-03
9.482045171524203e-03
1.135137372525410e-02
1.357550952672000e-02
1.621703239217099e-02
1.934745921798560e-02
2.305173381707134e-02
2.742838412085476e-02
3.258681005188675e-02
3.865627222088098e-02
4.577038923499826e-02
5.409755653639975e-02
6.381395626051886e-02
7.511155540743499e-02
8.820755698191318e-02
1.033291113281451e-01
1.207177122594045e-01
1.406196585461761e-01
1.632877764320357e-01
1.889550322598131e-01
2.178440002578188e-01
2.501285694617749e-01
2.859358019037810e-01
3.253012760402612e-01
3.681700321922661e-01
4.143387281267658e-01
4.634366161188175e-01
5.149556573337661e-01
5.681520804476554e-01
6.221144208266415e-01
6.757979652322844e-01
7.279859743895296e-01
7.774624743230697e-01
8.230494699657213e-01
8.637274848894282e-01
8.987634488225621e-01
9.277703183889172e-01
9.507523208144020e-01
9.680949094682442e-01
9.804926514676277e-01
9.888331820188476e-01
9.940742448824086e-01
9.971220156647999e-01
9.987197284752897e-01
9.994829574054293e-01
9.998130649422138e-01
9.999402639935497e-01
9.999833656930365e-01
9.999960250614959e-01
9.999991984815867e-01
9.999998661610704e-01
9.999999818939216e-01
9.999999980615308e-01
9.999999998402649e-01
9.999999999900947e-01
9.999999999995662e-01
9.999999999999835e-01
1.000000000000000e+00
9.999999999999998e-01
1.000000000000000e+00
1.000000000000000e+00
1.000000000000000e+00
1.000000000000000e+00
1.000000000000000e+00
1.000000000000000e+00
1.000000000000000e+00
1.000000000000000e+00
1.000000000000000e+00
###5.000000000000002e+00
6.651633395233636e-10
8.766842467870173e-10
1.100923900940824e-09
1.370481256588781e-09
1.702224017427857e-09
2.110687965490153e-09
2.609761904185091e-09
3.220820444997592e-09
3.969676070537550e-09
4.887552885609837e-09
6.011866674516385e-09
7.390098112518009e-09
9.079051611752570e-09
1.114922228783886e-08
1.368653303393315e-08
1.679402958240138e-08
2.060056628190593e-08
2.526332103911914e-08
3.097398977097011e-08
3.796507141388345e-08
4.654181869456523e-08
5.700458489547474e-08
6.982510809944331e-08
8.552164691269108e-08
1.047175884067420e-07
1.282006137788523e-07
1.569273474378444e-07
1.920546896144136e-07
2.350018377643559e-07
2.875004845177199e-07
3.516694261934840e-07
4.300776554227497e-07
5.258923312797554e-07
6.428937474359165e-07
7.858341965940025e-07
9.602909685370744e-07
1.173297122569841e-06
1.433253479273930e-06
1.750496084496864e-06
2.137407081279722e-06
2.609371628546263e-06
3.184832812322050e-06
3.886342310886470e-06
4.741302868438983e-06
5.783053624072174e-06
7.051901316568669e-06
8.596998946817339e-06
1.047829209348516e-05
1.276777366577323e-05
1.555337757743841e-05
1.894168511226078e-05
2.306138325495592e-05
2.807058593543097e-05
3.415631544907815e-05
4.154910384973163e-05
5.052588520295542e-05
6.142488876839102e-05
7.464606703691259e-05
9.068561056205961e-05
1.101351255752903e-04
1.337061553976709e-04
1.622622874410685e-04
1.968293323127221e-04
2.386837418970147e-04
2.893135373583767e-04
3.505397527175779e-04
4.245171094402624e-04
5.138761575813324e-04
6.217779072873888e-04
7.518957254055986e-04
9.088116356503131e-04
1.097993352924504e-03
1.325772155997673e-03
1.599643952968137e-03
1.929133284168591e-03
2.324813433699616e-03
2.799913269250112e-03
3.369512610423597e-03
4.052362683781706e-03
4.869761348677205e-03
5.846700444045231e-03
7.013276459929142e-03
8.405877568326876e-03
1.006340820439785e-02
1.203542263959423e-02
1.437883927764939e-02
1.715826247978981e-02
2.044814573224926e-02
2.433542657214641e-02
2.892167202204096e-02
3.431897600321478e-02
4.065952926987146e-02
4.807938785495529e-02
5.674905080674221e-02
6.684725285592823e-02
7.856681518939333e-02
9.212538815347329e-02
1.077490299120314e-01
1.256765253042308e-01
1.461492978758918e-01
1.694128871345407e-01
1.956896253156475e-01
2.251885484761959e-01
2.580661870045813e-01
2.944289095514821e-01
3.342881933983164e-01
3.775621919717414e-01
4.240200725591474e-01
4.732631867074427e-01
5.247607685618354e-01
5.777499894538984e-01
6.313122440481611e-01
6.844069555241944e-01
7.358364626494126e-01
7.844180459571694e-01
8.290204369151984e-01
8.686788418729169e-01
9.027170516839952e-01
9.307996781228797e-01
9.529707954761457e-01
9.696405210837074e-01
9.815111880868734e-01
9.894636129694504e-01
9.944374937032651e-01
9.973146147740560e-01
9.988119706662256e-01
9.995227797811258e-01
9.998284408612019e-01
9.999455048133994e-01
9.999849207864034e-01
9.999964205400385e-01
9.999992832667026e-01
9.999998811911234e-01
9.999999840505510e-01
9.999999983057659e-01
9.999999998615809e-01
9.999999999914755e-01
9.999999999996333e-01
9.999999999999852e-01
1.000000000000001e+00
9.999999999999998e-01
1.000000000000000e+00
1.000000000000000e+00
1.000000000000000e+00
1.000000000000000e+00
1.000000000000000e+00
1.000000000000000e+00
1.000000000000000e+00
1.000000000000000e+00
1.000000000000000e+00
###5.200000000000002e+00
7.307639095569174e-10
9.583845855704645e-10
1.203601785384764e-09
1.498316062848194e-09
1.860983200165235e-09
2.307446137116329e-09
2.852838006828302e-09
3.520483395530895e-09
4.338530769145944e-09
5.341073491117602e-09
6.568805642825169e-09
8.073504441085620e-09
9.917055155527754e-09
1.217634638260240e-08
1.494486125601592e-08
1.833478967687391e-08
2.248639933196422e-08
2.757074598739058e-08
3.379638449187151e-08
4.141621131622007e-08
5.076237511922943e-08
6.216065655832176e-08
7.612444977054148e-08
9.321679097761358e-08
1.141143928039625e-07
1.396727917904508e-07
1.709306176694112e-07
2.091432930102867e-07
2.558502802266320e-07
3.129299716256097e-07
3.826795090160846e-07
4.678831602859210e-07
5.719733359642032e-07
6.990432810981091e-07
8.542429439483567e-07
1.043599465125052e-06
1.274731201991627e-06
1.556723422560511e-06
1.900752056328767e-06
2.320193802382022e-06
2.831669149743067e-06
3.455104379573904e-06
4.214839171763697e-06
5.140439421742189e-06
6.267884722123043e-06
7.640571332374319e-06
9.311517625761240e-06
1.134527929883216e-05
1.381934887857081e-05
1.682835342819093e-05
2.048691926352164e-05
2.493336771346020e-05
3.033753799680716e-05
3.690029076280992e-05
4.486899576714268e-05
5.454066117417377e-05
6.627775050194262e-05
8.050867125397190e-05
9.776478851432130e-05
1.186786204594413e-04
1.440110182598811e-04
1.746845334751249e-04
2.117941007183652e-04
2.567012915552246e-04
3.109905506629331e-04
3.766022098622316e-04
4.558285080032402e-04
5.514644949047376e-04
6.668716918544422e-04
8.059408271854086e-04
9.735314106839278e-04
1.175436122225709e-03
1.418344953078846e-03
1.710173676381958e-03
2.060975418149754e-03
2.481916916653505e-03
2.986865234776705e-03
3.591759016195795e-03
4.316157931188321e-03
5.182480351683854e-03
6.216840953182172e-03
7.450668123569362e-03
8.921978643656427e-03
1.067122325246906e-02
1.274987536659500e-02
1.521700264091048e-02
1.813927634920847e-02
2.159406775204995e-02
2.567036544527530e-02
3.047275851829318e-02
3.611601906430127e-02
4.273523600438925e-02
5.046880380611475e-02
5.948930085002067e-02
6.997782911637894e-02
8.212787889837674e-02
9.615736552472340e-02
1.122909802806096e-01
1.307644940686306e-01
1.518141195613498e-01
1.756777258746846e-01
2.025666591244362e-01
2.326760714160246e-01
2.661448532544723e-01
3.030585006614047e-01
3.434043649867005e-01
3.870738650807966e-01
4.338090275142322e-01
4.831840501498862e-01
5.346460359206709e-01
5.874142923878370e-01
6.405638426771051e-01
6.930589343201808e-01
7.437215256741881e-01
7.914020927770495e-01
8.350156026871467e-01
8.736512504973611e-01
9.066888207300438e-01
9.338439940489701e-01
9.552006310448462e-01
9.711937410335059e-01
9.825339414130071e-01
9.900956476288824e-01
9.948007087067496e-01
9.975064290352568e-01
9.989036258174947e-01
9.995622857922188e-01
9.998436670264630e-01
9.999506841050873e-01
9.999864541323930e-01
9.999968095127586e-01
9.999993664274051e-01
9.999998958894349e-01
9.999999861527636e-01
9.999999985430642e-01
9.999999998822137e-01
9.999999999928089e-01
9.999999999996975e-01
9.999999999999870e-01
1.000000000000001e+00
9.999999999999998e-01
1.000000000000000e+00
1.000000000000000e+00
1.000000000000000e+00
1.000000000000000e+00
1.000000000000000e+00
1.000000000000000e+00
1.000000000000000e+00
1.000000000000000e+00
1.000000000000000e+00
###5.400000000000002e+00
8.016810633417966e-10
1.046811501962433e-09
1.314731998768353e-09
1.636663788279498e-09
2.032783780849990e-09
2.520344877076633e-09
3.115820537967329e-09
3.844639663046805e-09
4.737470907699144e-09
5.831501313948471e-09
7.170958007990209e-09
8.812247146273033e-09
1.082273215055258e-08
1.328618361530290e-08
1.630422980928808e-08
1.999889842043086e-08
2.452274122714023e-08
3.006174366720668e-08
3.684259145847342e-08
4.514010816686441e-08
5.531536699894900e-08
6.772115784477161e-08
8.291644173783638e-08
1.015115429918084e-07
1.242406611054791e-07
1.520321404457246e-07
1.860125665922052e-07
2.275429929166875e-07
2.782917713822986e-07
3.402944661997057e-07
4.160392245525610e-07
5.085407703214068e-07
6.215153308780546e-07
7.593909825678385e-07
9.277426691830647e-07
1.133078614028852e-06
1.383642192654456e-06
1.689249573058569e-06
2.061973140434138e-06
2.516250641547365e-06
3.070020144636092e-06
3.744788208839845e-06
4.566799520854772e-06
5.567923307190807e-06
6.786948137586646e-06
8.270558921827978e-06
1.007588028157259e-05
1.227236748333554e-05
1.494335243844675e-05
1.819053314083426e-05
2.213716453454247e-05
2.693168317783340e-05
3.275638455767493e-05
3.982677141775003e-05
4.840802894628827e-05
5.881838469522724e-05
7.144591025155560e-05
8.674904116499664e-05
1.052962440977332e-04
1.277631775230951e-04
1.549626031255521e-04
1.878791231177231e-04
2.276803262083695e-04
2.758172345245356e-04
3.339755342436626e-04
4.042205923144980e-04
4.889886820265517e-04
5.912513114090603e-04
7.145669428111821e-04
8.630657882841834e-04
1.041892751007651e-03
1.257178674111854e-03
1.515992149526454e-03
1.826671666716220e-03
2.199833307638451e-03
2.647243840644904e-03
3.183454858132291e-03
3.825266949923374e-03
4.593090265941090e-03
5.510489291406274e-03
6.604733932316385e-03
7.908620019805588e-03
9.461717621540324e-03
1.130639294244356e-02
1.349574014071495e-02
1.609111887152199e-02
1.916130748402102e-02
2.278657976190230e-02
2.705802446582101e-02
3.208323593721268e-02
3.797964425339476e-02
4.488519974206579e-02
5.294053384005348e-02
6.232026572282195e-02
7.320771064325161e-02
8.579673857466830e-02
1.003054300259559e-01
1.169567951271218e-01
1.359832746102708e-01
1.576155228675336e-01
1.820833462756433e-01
2.095867394246160e-01
2.403066147653119e-01
2.743639311815868e-01
3.118231231226288e-01
3.526473810838804e-01
3.967015341015927e-01
4.437008177701562e-01
4.931929977173190e-01
5.446036849006249e-01
5.971354901927242e-01
6.498579080677578e-01
7.017407154420188e-01
7.516263602550026e-01
7.983984109617482e-01
8.410178557271535e-01
8.786273616051575e-01
9.106619826604564e-01
9.368879033871733e-01
9.574285637238638e-01
9.727438481158763e-01
9.835528412775191e-01
9.907236701976829e-01
9.951603076909920e-01
9.976953913138241e-01
9.989935932515324e-01
9.996009441246476e-01
9.998585149744433e-01
9.999557154529516e-01
9.999879374140064e-01
9.999971840474260e-01
9.999994460963335e-01
9.999999098935768e-01
9.999999881437338e-01
9.999999987664036e-01
9.999999999014971e-01
9.999999999940477e-01
9.999999999997562e-01
9.999999999999887e-01
1.000000000000001e+00
9.999999999999998e-01
1.000000000000000e+00
1.000000000000000e+00
1.000000000000000e+00
1.000000000000000e+00
1.000000000000000e+00
1.000000000000000e+00
1.000000000000000e+00
1.000000000000000e+00
1.000000000000000e+00
###5.600000000000002e+00
8.782930705946783e-10
1.142444462900635e-09
1.434917330783557e-09
1.786273656683819e-09
2.218554071515962e-09
2.750531412552027e-09
3.400121678180233e-09
4.195022873257910e-09
5.168620465647524e-09
6.361434763309160e-09
7.821497448644319e-09
9.610198246897521e-09
1.180080205291677e-08
1.448448250346715e-08
1.777163585238963e-08
2.179486617790492e-08
2.671993638979853e-08
3.274888127019463e-08
4.012787058992462e-08
4.915528178575278e-08
6.022327038893041e-08
7.371358147562330e-08
9.023409842749370e-08
1.104459031717170e-07
1.351448295523802e-07
1.653372873288400e-07
2.022441312651617e-07
2.473395838436136e-07
3.024300269081271e-07
3.697192955121195e-07
4.518999506956604e-07
5.522332443111135e-07
6.747388976923558e-07
8.242028769307269e-07
1.006654128612283e-06
1.229114903275996e-06
1.500495585945028e-06
1.831392294980733e-06
2.234833573741248e-06
2.726388339713311e-06
3.325398962622675e-06
4.055054617133021e-06
4.943628214346456e-06
6.025439944597604e-06
7.342264550465356e-06
8.944284904923331e-06
1.089298537606197e-05
1.326302452566497e-05
1.614393040289449e-05
1.964490168098778e-05
2.389833369733881e-05
2.906338224735636e-05
3.533553083369087e-05
4.294576559547047e-05
5.217810938832221e-05
6.337320589671595e-05
7.694616914648160e-05
9.338710373155379e-05
1.133035880792518e-04
1.374167405285301e-04
1.665939434668089e-04
2.018850595196533e-04
2.445339996791209e-04
2.960857340287979e-04
3.583321820216517e-04
4.334696957785325e-04
5.240853571882925e-04
6.333376162269883e-04
7.649836506787485e-04
9.234104920895132e-04
1.114058486034263e-03
1.343410226462778e-03
1.618928355475901e-03
1.949391345313584e-03
2.345998180475176e-03
2.821136233443493e-03
3.390071023547880e-03
4.070482894350930e-03
4.883664965252473e-03
5.854362816442797e-03
7.011030540807377e-03
8.387866492343946e-03
1.002601156461755e-02
1.196984141686834e-02
1.427404730655789e-02
1.700232995941537e-02
2.022561246000978e-02
2.402705875005032e-02
2.849989910370170e-02
3.375471592326398e-02
3.991157253743183e-02
4.711123892180084e-02
5.549647877891628e-02
6.524389983075420e-02
7.653883955744899e-02
8.957535538713367e-02
1.045714741292900e-01
1.217482371383867e-01
1.413344275080249e-01
1.635547821020232e-01
1.886306433402223e-01
2.167502763422526e-01
2.480799890825189e-01
2.827225083897925e-01
3.207210110090663e-01
3.620144854076390e-01
4.064413130620115e-01
4.536902935496607e-01
5.032834680275907e-01
5.546256397075134e-01
6.069038802368175e-01
6.591830731370384e-01
7.104394298149233e-01
7.595365301847610e-01
8.053914209049787e-01
8.470109637716972e-01
8.835909258609903e-01
9.146210129932419e-01
9.399173433244260e-01
9.596425804198265e-01
9.742812324321175e-01
9.845607323258634e-01
9.913427614119278e-01
9.955131957720073e-01
9.978797474526686e-01
9.990809533171374e-01
9.996383176979189e-01
9.998727995034937e-01
9.999605300272216e-01
9.999893484800864e-01
9.999975380621005e-01
9.999995208728024e-01
9.999999229379534e-01
9.999999899829645e-01
9.999999989709187e-01
9.999999999189849e-01
9.999999999951610e-01
9.999999999998082e-01
9.999999999999902e-01
1.000000000000001e+00
9.999999999999998e-01
1.000000000000000e+00
1.000000000000000e+00
1.000000000000000e+00
1.000000000000000e+00
1.000000000000000e+00
1.000000000000000e+00
1.000000000000000e+00
1.000000000000000e+00
1.000000000000000e+00
###5.800000000000002e+00
9.609947617629393e-10
1.245792398160447e-09
1.564797739677035e-09
1.947941051991767e-09
2.419279514875304e-09
2.999223375272385e-09
3.707240155584600e-09
4.573472579284515e-09
5.634232920195639e-09
6.933630158930924e-09
8.523789862514008e-09
1.047146339532634e-08
1.285626811039029e-08
1.577733580509398e-08
1.935449601473457e-08
2.373170892667183e-08
2.908894086880178e-08
3.564546568913719e-08
4.366837587247978e-08
5.348133193682652e-08
6.550986573743944e-08
8.016674093599687e-08
9.811233122098257e-08
1.200621569658046e-07
1.468780864508394e-07
1.796501725817274e-07
2.197002341288830e-07
2.686236526138320e-07
3.283745216657889e-07
4.013367043551176e-07
4.904213699856728e-07
5.991533040498635e-07
7.318765360198965e-07
8.937593048178865e-07
1.091315224122639e-06
1.332115339869872e-06
1.625781408514209e-06
1.983741287606685e-06
2.420042629785942e-06
2.951459456562462e-06
3.598829830664177e-06
4.387133364589989e-06
5.346800885758330e-06
6.514758919456162e-06
7.935954789610150e-06
9.664289113555261e-06
1.176587256082468e-05
1.432088578196979e-05
1.742542725125559e-05
2.119664685630947e-05
2.577661709725884e-05
3.133584511747367e-05
3.808376845108869e-05
4.626773670083176e-05
5.619167870690481e-05
6.821990437037799e-05
8.279606704509941e-05
1.004436516481086e-04
1.218114443227858e-04
1.476684370066092e-04
1.789394536314801e-04
2.167429538372984e-04
2.624029807930471e-04
3.175631208773306e-04
3.841266954580136e-04
4.644272107176829e-04
5.612095640861166e-04
6.778272633124964e-04
8.182483636531406e-04
9.871211154915420e-04
1.190200706191004e-03
1.434326584027420e-03
1.727380432385945e-03
2.078594868250489e-03
2.499772320570949e-03
3.003941839965498e-03
3.607109518008377e-03
4.327860001562621e-03
5.188402049847982e-03
6.214691830306669e-03
7.436399777013328e-03
8.889162006543131e-03
1.061573622330413e-02
1.266251603498488e-02
1.508585022411916e-02
1.795180128111836e-02
2.133347128099220e-02
2.531690428349885e-02
2.999750600800563e-02
3.548882879156449e-02
4.191353975338180e-02
4.941518149170826e-02
5.813854132305363e-02
6.826214984441208e-02
7.997316363038569e-02
9.346565495930342e-02
1.089573366968064e-01
1.266669932022290e-01
1.468194115334911e-01
1.696330398738326e-01
1.953203466380947e-01
2.240574778499848e-01
2.559957641253976e-01
2.912193929995714e-01
3.297500828561224e-01
3.715025766758441e-01
4.162889531636982e-01
4.637719413099592e-01
5.134485627570826e-01
5.647035439014598e-01
6.167095797171892e-01
6.685279357648172e-01
7.191422447575283e-01
7.674379786423202e-01
8.123661685070402e-01
8.529795607333800e-01
8.885269381963312e-01
9.185515948419247e-01
9.429195028438315e-01
9.618318693081016e-01
9.757973507161100e-01
9.855513372642005e-01
9.919486686029092e-01
9.958567462966529e-01
9.980580498347696e-01
9.991649586128027e-01
9.996740572254618e-01
9.998863763931403e-01
9.999650755736192e-01
9.999906709505183e-01
9.999978672092725e-01
9.999995897918329e-01
9.999999348471479e-01
9.999999916449676e-01
9.999999991537114e-01
9.999999999344283e-01
9.999999999961328e-01
9.999999999998528e-01
9.999999999999916e-01
1.000000000000001e+00
9.999999999999998e-01
1.000000000000000e+00
1.000000000000000e+00
1.000000000000000e+00
1.000000000000000e+00
1.000000000000000e+00
1.000000000000000e+00
1.000000000000000e+00
1.000000000000000e+00
1.000000000000000e+00
###6.000000000000003e+00
1.050224893175353e-09
1.357395520551338e-09
1.705052339534262e-09
2.122509984789298e-09
2.636005758110374e-09
3.267712842537367e-09
4.038765902505881e-09
4.981940050917940e-09
6.136702531410036e-09
7.551010042778761e-09
9.281403443821978e-09
1.140039412308064e-08
1.399443211986916e-08
1.717119835361136e-08
2.106067269653270e-08
2.581897331166929e-08
3.164135347772872e-08
3.876558094689556e-08
4.748120121366367e-08
5.813899220996337e-08
7.120030293329138e-08
8.711110002367217e-08
1.065880407386355e-07
1.304049865541423e-07
1.594945058240858e-07
1.950362089655015e-07
2.384599744873885e-07
2.914908072228348e-07
3.562407630384471e-07
4.352861810499036e-07
5.317718579243116e-07
6.495040970637005e-07
7.931732518685368e-07
9.683555783062813e-07
1.182081782458200e-06
1.442508375105982e-06
1.760015328318809e-06
2.146916900123179e-06
2.618346161450629e-06
3.192360193134435e-06
3.891389002184701e-06
4.742316198119686e-06
5.777866917964145e-06
7.037737584756184e-06
8.570243991225735e-06
1.043323524725084e-05
1.269772841523405e-05
1.544976076835212e-05
1.879239364957350e-05
2.285120037330296e-05
2.777849325998995e-05
3.375679209465747e-05
4.101029007341320e-05
4.980362034654307e-05
6.046173393644118e-05
7.337391211892770e-05
8.901402246252568e-05
1.079403740305199e-04
1.308454851678550e-04
1.585486189630464e-04
1.920349756032545e-04
2.324950788775696e-04
2.813370594988208e-04
3.403080969242273e-04
4.114278650393098e-04
4.971738164378681e-04
6.004557572203120e-04
7.248258217958134e-04
8.744880363641656e-04
1.054349197437959e-03
1.270490906135868e-03
1.530130319518022e-03
1.841582886453037e-03
2.214553009246559e-03
2.661466159687760e-03
3.196019206826749e-03
3.834981155240111e-03
4.597867154716243e-03
5.507836183236404e-03
6.592083294340740e-03
7.881528079102558e-03
9.413279821546468e-03
1.123175800764574e-02
1.338538522037449e-02
1.593222409083680e-02
1.894072041771865e-02
2.248618617570487e-02
2.665753718301619e-02
3.155238146895104e-02
3.728722171667979e-02
4.398729446071184e-02
5.179886236522202e-02
6.086862311606933e-02
7.137695153777526e-02
8.351261821944500e-02
9.746952327045769e-02
1.134647976969926e-01
1.317146684455716e-01
1.524395770548071e-01
1.758513001302425e-01
2.021530132735765e-01
2.315083431284125e-01
2.640532631768774e-01
2.998531096438637e-01
3.389079401998908e-01
3.811082105311114e-01
4.262398490077823e-01
4.739398950505270e-01
5.236810626361718e-01
5.748287815845790e-01
6.265425496827987e-01
6.778810826573308e-01
7.278365022838726e-01
7.753170411928553e-01
8.193083236495680e-01
8.589083214688076e-01
8.934217866922478e-01
9.224406008434365e-01
9.458827815754429e-01
9.639867750442243e-01
9.772846819938661e-01
9.865192348926479e-01
9.925377751104922e-01
9.961887751165122e-01
9.982291120085203e-01
9.992450221756951e-01
9.997078936962023e-01
9.998991392015127e-01
9.999693150222833e-01
9.999918937276447e-01
9.999981687028094e-01
9.999996522759526e-01
9.999999455250046e-01
9.999999931172197e-01
9.999999993135639e-01
9.999999999477429e-01
9.999999999969593e-01
9.999999999998898e-01
9.999999999999928e-01
1.000000000000001e+00
9.999999999999998e-01
1.000000000000000e+00
1.000000000000000e+00
1.000000000000000e+00
1.000000000000000e+00
1.000000000000000e+00
1.000000000000000e+00
1.000000000000000e+00
1.000000000000000e+00
1.000000000000000e+00
###6.200000000000003e+00
1.146437885956550e-09
1.477826795438106e-09
1.856401697956395e-09
2.310875767556411e-09
2.869841828334711e-09
3.557369969429863e-09
4.396384833481374e-09
5.422494075186257e-09
6.678580917966639e-09
8.216671956822586e-09
1.009811938656981e-08
1.240160057427297e-08
1.522090957790350e-08
1.867290554194800e-08
2.289846932040994e-08
2.806676448610675e-08
3.438944817383410e-08
4.212412716737551e-08
5.158442471946954e-08
6.315018626999737e-08
7.732116692521687e-08
9.457885378276713e-08
1.157002138101837e-07
1.415215869591495e-07
1.730511863187495e-07
2.115644479540124e-07
2.586068269339124e-07
3.160419137443027e-07
3.861505735493835e-07
4.717147951265034e-07
5.761288850206908e-07
7.034996735327070e-07
8.588871128438882e-07
1.048302656173339e-06
1.279328357215320e-06
1.560744856052999e-06
1.903739804650391e-06
2.321571418392015e-06
2.830528181017630e-06
3.450032259232453e-06
4.204206977141704e-06
5.121959454032582e-06
6.238452668236984e-06
7.596324672016003e-06
9.247465844547500e-06
1.125391584429011e-05
1.369189229367847e-05
1.665363996882647e-05
2.024959447925798e-05
2.461424722006344e-05
2.991073987377262e-05
3.633429655924048e-05
4.412470443386134e-05
5.356484215480534e-05
6.500184846021589e-05
7.885134102719468e-05
9.561957862078855e-05
1.158998929708393e-04
1.404324674376167e-04
1.700889027581419e-04
2.059178231222639e-04
2.491854182595432e-04
3.013881717246999e-04
3.643820449955969e-04
4.403071387459380e-04
5.317932445704538e-04
6.419218843754497e-04
7.744522719745765e-04
9.338356691616507e-04
1.125246638366422e-03
1.355108897066962e-03
1.631030743312810e-03
1.961777895646465e-03
2.357545159156895e-03
2.831398982507329e-03
3.397737698766321e-03
4.074108883297775e-03
4.880987398257675e-03
5.842522171320089e-03
6.987160253002329e-03
8.347099775717400e-03
9.961023408057915e-03
1.187496328841785e-02
1.413943820926620e-02
1.681426563855068e-02
1.997029671307426e-02
2.368509088048344e-02
2.805039867336167e-02
3.316608027166397e-02
3.915155724212333e-02
4.613459603519935e-02
5.426412102916016e-02
6.368862183138753e-02
7.459022624519339e-02
8.715911060558218e-02
1.015888017680806e-01
1.180955725862915e-01
1.368927799585503e-01
1.581961591995084e-01
1.822104209516398e-01
2.091290206174260e-01
2.391026556121047e-01
2.722515569067807e-01
3.086218947159050e-01
3.481918645852752e-01
3.908275989377320e-01
4.362890350299640e-01
4.841868839259850e-01
5.339734261830417e-01
5.849924912273626e-01
6.363926132673331e-01
6.872311100692530e-01
7.365097379430073e-01
7.831604578509539e-01
8.262041856732408e-01
8.647844386154380e-01
8.982614337577528e-01
9.262760084765271e-01
9.487967292098026e-01
9.660987374433453e-01
9.787366741249329e-01
9.874598266879044e-01
9.931070633680387e-01
9.965075117794767e-01
9.983920167661842e-01
9.993207044010102e-01
9.997396406578802e-01
9.999110156941617e-01
9.999732248510728e-01
9.999930104336385e-01
9.999984411177053e-01
9.999997080787597e-01
9.999999549415302e-01
9.999999943978654e-01
9.999999994505921e-01
9.999999999589737e-01
9.999999999976458e-01
9.999999999999197e-01
9.999999999999938e-01
1.000000000000001e+00
9.999999999999998e-01
1.000000000000000e+00
1.000000000000000e+00
1.000000000000000e+00
1.000000000000000e+00
1.000000000000000e+00
1.000000000000000e+00
1.000000000000000e+00
1.000000000000000e+00
1.000000000000000e+00
###6.400000000000003e+00
1.250115503817200e-09
1.607693829985902e-09
2.019609721459337e-09
2.513987607024978e-09
3.121963475269450e-09
3.869647193055264e-09
4.781883882954112e-09
5.897327043812903e-09
7.262531104653147e-09
8.933897427385283e-09
1.097794251289861e-08
1.347996487453721e-08
1.654164611411647e-08
2.028969296154826e-08
2.487668515190571e-08
3.048577437046869e-08
3.734620854524514e-08
4.573686208147237e-08
5.599716081847118e-08
6.853808786435376e-08
8.390055108299800e-08
1.026040150114926e-07
1.254900272383273e-07
1.534617904239338e-07
1.876084001898205e-07
2.293077580344440e-07
2.802288546375471e-07
3.423833513073260e-07
4.182323955676939e-07
5.107775623858488e-07
6.236794424939189e-07
7.613655141623520e-07
9.292898696380863e-07
1.133927877864087e-06
1.383449102120773e-06
1.687299063907340e-06
2.057525284883212e-06
2.508390578020071e-06
3.057412597920497e-06
3.725464938263706e-06
4.538470931086194e-06
5.527486947743517e-06
6.730264702785030e-06
8.192564330449669e-06
9.970036679071763e-06
1.212925791528355e-05
1.475186301227790e-05
1.793671902747516e-05
2.180201807917948e-05
2.649173640157008e-05
3.218044633074339e-05
3.907679942733660e-05
4.743705327859199e-05
5.756333710490447e-05
6.982619410094343e-05
8.466900345591147e-05
1.026321021979035e-04
1.243457917601797e-04
1.506002750806003e-04
1.823222212661403e-04
2.206268452232898e-04
2.668597469204088e-04
3.226107827214267e-04
3.898475909105909e-04
4.708387495413362e-04
5.683724504185738e-04
6.857096539528689e-04
8.268282256955445e-04
9.964296781832035e-04
1.199975063865619e-03
1.444241574009970e-03
1.737244393058674e-03
2.088215886790758e-03
2.507876378088306e-03
3.009923340986429e-03
3.609478471903915e-03
4.324928493458815e-03
5.177717906377124e-03
6.193020122072689e-03
7.400562636431136e-03
8.833853603799065e-03
1.053324764871842e-02
1.254625992769869e-02
1.492568871931316e-02
1.773309738742720e-02
2.104176226105087e-02
2.493156815549214e-02
2.949695120734148e-02
3.484017564877172e-02
4.108351278945412e-02
4.835721366102957e-02
5.681279998743093e-02
6.660042905617329e-02
7.790387807226884e-02
9.091451654796556e-02
1.058252832272274e-01
1.228513074949709e-01
1.422027513973081e-01
1.640902720063038e-01
1.887111084845138e-01
2.162485603910862e-01
2.468399777029401e-01
2.805894593991786e-01
3.175239087138628e-01
3.575988189889143e-01
4.006566156546128e-01
4.464312015150726e-01
4.945073904353340e-01
5.443178223107502e-01
5.951855938647557e-01
6.462494866027998e-01
6.965666546418628e-01
7.451497097928350e-01
7.909553975737073e-01
8.330407066289959e-01
8.705048549488538e-01
9.030338232129815e-01
9.300468917614121e-01
9.516519914583168e-01
9.681602500781266e-01
9.801476968496852e-01
9.883691190676767e-01
9.936540732306629e-01
9.968115686448883e-01
9.985460854357205e-01
9.993916990047342e-01
9.997691752014339e-01
9.999219637499930e-01
9.999767932941788e-01
9.999940185957263e-01
9.999986841613664e-01
9.999997572238568e-01
9.999999631190708e-01
9.999999954932441e-01
9.999999995659046e-01
9.999999999682584e-01
9.999999999982033e-01
9.999999999999435e-01
9.999999999999947e-01
1.000000000000001e+00
9.999999999999998e-01
1.000000000000000e+00
1.000000000000000e+00
1.000000000000000e+00
1.000000000000000e+00
1.000000000000000e+00
1.000000000000000e+00
1.000000000000000e+00
1.000000000000000e+00
1.000000000000000e+00
###6.600000000000003e+00
1.361768259834192e-09
1.747640533824141e-09
2.195486032748048e-09
2.732851434390750e-09
3.393616592294070e-09
4.206083472924701e-09
5.197156010366669e-09
6.408761274935859e-09
7.891396140573004e-09
9.706161466962231e-09
1.192511293644290e-08
1.464065497545978e-08
1.796303809062269e-08
2.202921654961678e-08
2.700462843611264e-08
3.308731041526618e-08
4.052536232442227e-08
4.962044239137360e-08
6.073960942201644e-08
7.432718010720535e-08
9.096813102651487e-08
1.112224993144170e-07
1.360009494319414e-07
1.662781877894328e-07
2.032297381065389e-07
2.483429973452552e-07
3.034189149947673e-07
3.706272568393180e-07
4.526215826148689e-07
5.526377820033420e-07
6.746204454459989e-07
8.233390232076419e-07
1.004667532651088e-06
1.225575643457919e-06
1.494858574147944e-06
1.822669659950905e-06
2.221971326388879e-06
2.708094856501858e-06
3.299864744479316e-06
4.019696856627769e-06
4.895426769627645e-06
5.960392298820725e-06
7.255092481373347e-06
8.828598364607617e-06
1.074039867812693e-05
1.306232596501567e-05
1.588130373851246e-05
1.930335588573274e-05
2.345488342654354e-05
2.848988952900294e-05
3.459502381897255e-05
4.199312097200692e-05
5.095782501318744e-05
6.181156527925619e-05
7.494955917819819e-05
9.084443310782707e-05
1.100723643661727e-04
1.333026415106146e-04
1.613779483169422e-04
1.952828555999546e-04
2.362024601790876e-04
2.855656598706704e-04
3.450600800149197e-04
4.167704595712199e-04
5.030997521022325e-04
6.070016443512418e-04
7.319245086177083e-04
8.820742633616835e-04
1.062413377960781e-03
1.278701055192120e-03
1.538082204740221e-03
1.848995030423146e-03
2.221155438942467e-03
2.665820719335778e-03
3.197364340128461e-03
3.831644529839066e-03
4.587888547995928e-03
5.488569829914838e-03
6.559909275629916e-03
7.832929560621232e-03
9.342533764947442e-03
1.113072550090926e-02
1.324666461836663e-02
1.574517951025932e-02
1.868987266383263e-02
2.215637062462910e-02
2.622693474743628e-02
3.099867585751231e-02
3.657625723261891e-02
4.308477831094760e-02
5.065692365128931e-02
5.944674160884262e-02
6.960592660602914e-02
8.131978955327221e-02
9.478067529995876e-02
1.101807060309476e-01
1.277335728818124e-01
1.476459060258740e-01
1.701229011625211e-01
1.953539090560356e-01
2.235116324324138e-01
2.547196465399057e-01
2.890655354236665e-01
3.265575514492990e-01
3.671254682951923e-01
4.105908028712419e-01
4.566607091094509e-01
5.048947401433782e-01
5.547061340878263e-01
6.053987506023729e-01
6.561026787015232e-01
7.058761941238963e-01
7.537439672661657e-01
7.986886490781155e-01
8.398025884329110e-01
8.761795857858699e-01
9.077222426819933e-01
9.337411148455145e-01
9.544386121557112e-01
9.701638850131177e-01
9.815124125544458e-01
9.892435941075015e-01
9.941766823525174e-01
9.970998175134522e-01
9.986908094091119e-01
9.994578007207765e-01
9.997964262996887e-01
9.999319651303644e-01
9.999800179415829e-01
9.999949188693613e-01
9.999988983860213e-01
9.999997999384540e-01
9.999999701185094e-01
9.999999964154097e-01
9.999999996612787e-01
9.999999999757891e-01
9.999999999986473e-01
9.999999999999617e-01
9.999999999999953e-01
1.000000000000001e+00
9.999999999999998e-01
1.000000000000000e+00
1.000000000000000e+00
1.000000000000000e+00
1.000000000000000e+00
1.000000000000000e+00
1.000000000000000e+00
1.000000000000000e+00
1.000000000000000e+00
1.000000000000000e+00
###6.800000000000003e+00
1.481936943158468e-09
1.898349018858822e-09
2.384887535770818e-09
2.968532884042556e-09
3.686120903985922e-09
4.568308884922848e-09
5.644205420665755e-09
6.959255809090901e-09
8.568186006823486e-09
1.053714221107806e-08
1.294411820020140e-08
1.588913937722994e-08
1.949166361847400e-08
2.389957403208446e-08
2.929214178285924e-08
3.588332671588773e-08
4.394141894726506e-08
5.379246894394512e-08
6.583311011216145e-08
8.054332103285745e-08
9.855523898150861e-08
1.204722189192823e-07
1.472788528243463e-07
1.800262631434706e-07
2.199822703093471e-07
2.687512064464747e-07
3.282748900871101e-07
4.008918004330464e-07
4.894607262909325e-07
5.974674387771886e-07
7.291592611845717e-07
8.896700008501446e-07
1.085321030800948e-06
1.323608210855890e-06
1.613992677285834e-06
1.967380809373057e-06
2.397707938076054e-06
2.921441066909335e-06
3.558793280089500e-06
4.333818265760346e-06
5.276381868144517e-06
6.422242285002499e-06
7.814812458289295e-06
9.506672344446421e-06
1.156138774154400e-05
1.405633040208263e-05
1.708404954128824e-05
2.075812799615542e-05
2.521364955573238e-05
3.061521164252263e-05
3.716221770806622e-05
4.509247507873368e-05
5.469797111766114e-05
6.632253085636546e-05
8.038737047472229e-05
9.739591189116288e-05
1.179620117460963e-04
1.427960362595003e-04
1.727957205482409e-04
2.090064762967974e-04
2.526867010926475e-04
3.053526237857586e-04
3.687942007492713e-04
4.452188804162904e-04
5.371700931446800e-04
6.477743634866795e-04
7.806757004895742e-04
9.403177828312704e-04
1.131935053579136e-03
1.361596858283162e-03
1.636830468683616e-03
1.966513641801693e-03
2.360863109382458e-03
2.831690110026854e-03
3.394074451390889e-03
4.064622416665500e-03
4.863449957703151e-03
5.814067844658233e-03
6.943784112492505e-03
8.284866911561823e-03
9.873896473356089e-03
1.175430698431261e-02
1.397704873590131e-02
1.659894933576428e-02
1.968573472954707e-02
2.331539517031161e-02
2.757257703093850e-02
3.255707092132784e-02
3.837592945558518e-02
4.515705451759967e-02
5.303550747272322e-02
6.216778591207996e-02
7.270698412210025e-02
8.483981901392260e-02
9.875938687652877e-02
1.146567514076260e-01
1.327438609604672e-01
1.532234645738785e-01
1.762949025830335e-01
2.021392080068500e-01
2.309180454059354e-01
2.627407761666320e-01
2.976780893176263e-01
3.357190972982289e-01
3.767681714941587e-01
4.206254111589690e-01
4.669716505291921e-01
5.153418194940276e-01
5.651301260483192e-01
6.156226549885534e-01
6.659419681677844e-01
7.151488300119910e-01
7.622813547136051e-01
8.063492944910481e-01
8.464815255885529e-01
8.818525753230618e-01
9.123235122806345e-01
9.373526221634835e-01
9.571514662267002e-01
9.721052121751422e-01
9.828275857897588e-01
9.900811113921667e-01
9.946736487973932e-01
9.973716541962713e-01
9.988259686530413e-01
9.995189474836566e-01
9.998213877150874e-01
9.999410281202770e-01
9.999829056967587e-01
9.999957147880809e-01
9.999990851497563e-01
9.999998366136227e-01
9.999999760301390e-01
9.999999971803720e-01
9.999999997388983e-01
9.999999999817893e-01
9.999999999989945e-01
9.999999999999754e-01
9.999999999999959e-01
1.000000000000001e+00
9.999999999999998e-01
1.000000000000000e+00
1.000000000000000e+00
1.000000000000000e+00
1.000000000000000e+00
1.000000000000000e+00
1.000000000000000e+00
1.000000000000000e+00
1.000000000000000e+00
1.000000000000000e+00
###7.000000000000004e+00
1.611194169701565e-09
2.060541588116381e-09
2.588719340519188e-09
3.222160330632823e-09
4.000873756186894e-09
4.958048986829641e-09
6.125155151248758e-09
7.551413349451688e-09
9.296086006444533e-09
1.143073264221740e-08
1.403970543396532e-08
1.723120154634004e-08
2.113454206314046e-08
2.590932605751927e-08
3.174962886013882e-08
3.888645623319498e-08
4.760970794127057e-08
5.827153307521112e-08
7.130019785078923e-08
8.721381027668777e-08
1.066949449932374e-07
1.303931791560308e-07
1.593721295155928e-07
1.947645323120877e-07
2.379367136844953e-07
2.906178063975037e-07
3.548999233276619e-07
4.333014678662328e-07
5.288999957014243e-07
6.454476014398939e-07
7.875141164337730e-07
9.606213653636224e-07
1.171566895862149e-06
1.428406487479801e-06
1.741309618954154e-06
2.121983315640294e-06
2.585396928527686e-06
3.149223971697065e-06
3.835152076890421e-06
4.668973272289205e-06
5.682707708195854e-06
6.914679950808672e-06
8.411391750426640e-06
1.022913987765897e-05
1.243581733143410e-05
1.511463345664463e-05
1.836411449244328e-05
2.230582440767274e-05
2.708402530116206e-05
3.287450250902699e-05
3.989012071504529e-05
4.838448461278070e-05
5.866892404577137e-05
7.110980293754782e-05
8.615571744359722e-05
1.043424980210265e-04
1.263235990103361e-04
1.528526307374684e-04
1.848850621021337e-04
2.235301940603499e-04
2.701232750709582e-04
3.262720473590976e-04
3.938735304625657e-04
4.752636810947273e-04
5.731327153700070e-04
6.907875915364404e-04
8.320764371372130e-04
1.001690709385040e-03
1.205148158168232e-03
1.448840599944142e-03
1.740692718015054e-03
2.090038761187245e-03
2.507614013071680e-03
3.005803024562705e-03
3.600416762719150e-03
4.308832375309185e-03
5.152086529028476e-03
6.154750925105308e-03
7.345255112869406e-03
8.757151929241981e-03
1.042871646546916e-02
1.240486022119093e-02
1.473836121153581e-02
1.748806994800294e-02
2.072186452667603e-02
2.452012849309463e-02
2.896989967757074e-02
3.417365090770754e-02
4.024080974850287e-02
4.730205045760527e-02
5.549474856038523e-02
6.497776651828673e-02
7.590545400622657e-02
8.846579433005318e-02
1.028524044184066e-01
1.192550342762798e-01
1.378835746806552e-01
1.589365322731670e-01
1.826069871311906e-01
2.090672186552828e-01
2.384673958746152e-01
2.709022328378546e-01
3.064251383478707e-01
3.450056334135146e-01
3.865229412549942e-01
4.307553392228013e-01
4.773577668977424e-01
5.258411856841083e-01
5.755812632185162e-01
6.258477530198838e-01
6.757569413711068e-01
7.243735121009726e-01
7.707504797628815e-01
8.139259398842973e-01
8.530668368426989e-01
8.874212071735218e-01
9.168289449465691e-01
9.408736873144060e-01
9.597843802724761e-01
9.739796096969977e-01
9.840899725993143e-01
9.908797187516976e-01
9.951439469267680e-01
9.976266467797062e-01
9.989514564637488e-01
9.995751442985219e-01
9.998440877296608e-01
9.999491752132141e-01
9.999854691556641e-01
9.999964116744225e-01
9.999992462484116e-01
9.999998677368216e-01
9.999999809592953e-01
9.999999978060542e-01
9.999999998011037e-01
9.999999999864891e-01
9.999999999992610e-01
9.999999999999853e-01
9.999999999999964e-01
1.000000000000001e+00
9.999999999999998e-01
1.000000000000000e+00
1.000000000000000e+00
1.000000000000000e+00
1.000000000000000e+00
1.000000000000000e+00
1.000000000000000e+00
1.000000000000000e+00
1.000000000000000e+00
1.000000000000000e+00
###7.200000000000004e+00
1.750145991352886e-09
2.234982858800731e-09
2.807946486768607e-09
3.494928140394849e-09
4.339354120968823e-09
5.377130080087455e-09
6.642250999837555e-09
8.187987573895111e-09
1.007846576971021e-08
1.239104818390905e-08
1.521689471233286e-08
1.867295628852449e-08
2.289911472094960e-08
2.806751995283527e-08
3.438808243118394e-08
4.211004399467163e-08
5.154641459597014e-08
6.307726507897374e-08
7.716466115610484e-08
9.436745896088543e-08
1.154221416499011e-07
1.410275783787259e-07
1.723318107843831e-07
2.105546857304088e-07
2.571675985947185e-07
3.140328025075337e-07
3.834026624727531e-07
4.679873502870198e-07
5.710974813468272e-07
6.967688332645064e-07
8.499146084040838e-07
1.036469594429932e-06
1.263737949185285e-06
1.540370858704024e-06
1.877290872894886e-06
2.287055766484017e-06
2.785733256550288e-06
3.392277873600231e-06
4.129942106801390e-06
5.026362053579362e-06
6.115842476850008e-06
7.439427628268793e-06
9.046891643630779e-06
1.099846631154319e-05
1.336663326246125e-05
1.624075428610819e-05
1.972569840415161e-05
2.395145372357927e-05
2.907197879913046e-05
3.527486781033096e-05
4.278718614579196e-05
5.187919677478395e-05
6.288261514579938e-05
7.618753641295291e-05
9.227137645568546e-05
1.117040541387461e-04
1.351806214408035e-04
1.635005335138823e-04
1.976787235799622e-04
2.388926096431303e-04
2.885576203487295e-04
3.483773468835857e-04
4.203607779294281e-04
5.069770724156805e-04
6.110736544777838e-04
7.361418687151423e-04
8.862440056681629e-04
1.066329635437973e-03
1.282211469796385e-03
1.540616463645193e-03
1.849882171780694e-03
2.219816684306846e-03
2.661692009746184e-03
3.188485753433041e-03
3.816763224482545e-03
4.564703712528803e-03
5.454285615388337e-03
6.511172835608679e-03
7.764949183744731e-03
9.250512734478947e-03
1.100778755277153e-02
1.308327287369473e-02
1.553158930804010e-02
1.841363371876221e-02
2.179946358893835e-02
2.577188315922565e-02
3.042032594495613e-02
3.584994651615537e-02
4.217252817900143e-02
4.952148280406958e-02
5.803643122481450e-02
6.787850916147747e-02
7.920316954168803e-02
9.219951064998629e-02
1.070614316126160e-01
1.239771004398999e-01
1.431540249606337e-01
1.647860963442648e-01
1.890597189042297e-01
2.161379734482838e-01
2.461590707410554e-01
2.792026414322789e-01
3.153044298967449e-01
3.544139493148080e-01
3.963852981152484e-01
4.409751725302593e-01
4.878124993069706e-01
5.363851347281523e-01
5.860508057942619e-01
6.360643753943541e-01
6.855371862746459e-01
7.335393337532730e-01
7.791402363194088e-01
8.214074492077693e-01
8.595478795014529e-01
8.928770645422353e-01
9.212297254468723e-01
9.442973352977987e-01
9.623319398234781e-01
9.757832418272351e-01
9.852971915967522e-01
9.916379702269428e-01
9.955869351352347e-01
9.978646129628748e-01
9.990673087943215e-01
9.996264707381227e-01
9.998645892025273e-01
9.999564433636694e-01
9.999877257053765e-01
9.999970162260741e-01
9.999993838046184e-01
9.999998938548915e-01
9.999999850192028e-01
9.999999983109865e-01
9.999999998502278e-01
9.999999999901119e-01
9.999999999994622e-01
9.999999999999925e-01
9.999999999999968e-01
1.000000000000001e+00
9.999999999999998e-01
1.000000000000000e+00
1.000000000000000e+00
1.000000000000000e+00
1.000000000000000e+00
1.000000000000000e+00
1.000000000000000e+00
1.000000000000000e+00
1.000000000000000e+00
1.000000000000000e+00
###7.400000000000004e+00
1.899433658488159e-09
2.422481681591366e-09
3.043586302027785e-09
3.788100125030790e-09
4.703126755544262e-09
5.827484213819734e-09
7.197868497820268e-09
8.871890606803545e-09
1.091888852604447e-08
1.342244073082974e-08
1.648099270807347e-08
2.022086636090588e-08
2.479324449206951e-08
3.038371379917040e-08
3.721911328742754e-08
4.556818219042328e-08
5.576863512990784e-08
6.823038461889373e-08
8.345160258721984e-08
1.020346625169387e-07
1.247736319212112e-07
1.524199120560469e-07
1.862116916225936e-07
2.274617373402410e-07
2.777534499994423e-07
3.390909966521592e-07
4.138975129790448e-07
5.050874462487682e-07
6.162195550340926e-07
7.516316202136679e-07
9.166022111700218e-07
1.117505398327446e-06
1.362184020316655e-06
1.659922038963612e-06
2.022442186536555e-06
2.463205732005700e-06
2.999446447542633e-06
3.651478198660643e-06
4.444213420019982e-06
5.407243196219775e-06
6.577293813801562e-06
7.998290184850626e-06
9.723471414686408e-06
1.181723328532704e-05
1.435691918937078e-05
1.743837522777505e-05
2.117319401807557e-05
2.570025243830053e-05
3.118374744002793e-05
3.782373074718961e-05
4.586224132246330e-05
5.558709894964612e-05
6.735149323005646e-05
8.157049376821660e-05
9.875183691788069e-05
1.195012785730382e-04
1.445575612630788e-04
1.747700260865987e-04
2.112107960966230e-04
2.551338626794294e-04
3.080369539411217e-04
3.717239904811826e-04
4.483209805718825e-04
5.404302516055153e-04
6.510820317303041e-04
7.839413490517372e-04
9.432998465831039e-04
1.134375914014543e-03
1.363289199447717e-03
1.637114810725071e-03
1.964619046958107e-03
2.356101603679481e-03
2.823389836030431e-03
3.380074458895003e-03
4.043490848233168e-03
4.832676272496820e-03
5.770548238375535e-03
6.883902428337341e-03
8.203510466439544e-03
9.765755925438992e-03
1.161192372996673e-02
1.379045251902137e-02
1.635772396655638e-02
1.937675358045500e-02
2.291975384684942e-02
2.707199128325010e-02
3.192529699092216e-02
3.758750364104083e-02
4.417272608370546e-02
5.181707405860261e-02
6.066233835997260e-02
7.087182884441674e-02
8.260194144340909e-02
9.604272628596527e-02
1.113881178953839e-01
1.288244211182098e-01
1.485564245629024e-01
1.707730193326707e-01
1.956535081495872e-01
2.233513198661654e-01
2.539922398736528e-01
2.876403779995151e-01
3.243134338210193e-01
3.639405226713618e-01
4.063500144795869e-01
4.512791664886343e-01
4.983289906265694e-01
5.469657102384721e-01
5.965298270356881e-01
6.462627621232275e-01
6.952723239059809e-01
7.426355691203496e-01
7.874398584393388e-01
8.287828200287940e-01
8.659147294007560e-01
8.982123085182395e-01
9.255180706495248e-01
9.476175333326651e-01
9.647896420356362e-01
9.775130739029098e-01
9.864474386501474e-01
9.923550745863086e-01
9.960023274486495e-01
9.980855923968602e-01
9.991736848832049e-01
9.996730678959120e-01
9.998829826471057e-01
9.999628800734568e-01
9.999896961057975e-01
9.999975360266841e-01
9.999995001132440e-01
9.999999155385663e-01
9.999999883237892e-01
9.999999987132485e-01
9.999999998884790e-01
9.999999999928616e-01
9.999999999996115e-01
9.999999999999974e-01
9.999999999999971e-01
1.000000000000001e+00
9.999999999999998e-01
1.000000000000000e+00
1.000000000000000e+00
1.000000000000000e+00
1.000000000000000e+00
1.000000000000000e+00
1.000000000000000e+00
1.000000000000000e+00
1.000000000000000e+00
1.000000000000000e+00
###7.600000000000004e+00
2.059735371046338e-09
2.623894116034246e-09
3.296714825530473e-09
4.103012914545128e-09
5.093846530582101e-09
6.311154509151667e-09
7.794519437863455e-09
9.606201893037884e-09
1.182112084932502e-08
1.452950994222982e-08
1.783760690623125e-08
2.188175938687394e-08
2.682523704782289e-08
3.286800143910248e-08
4.025498041222363e-08
4.927574640525687e-08
6.029440907052367e-08
7.375275302934846e-08
9.018750143605394e-08
1.102474742086730e-07
1.347882168685100e-07
1.646170804488231e-07
2.010684594810593e-07
2.455541784420686e-07
2.997769706249502e-07
3.658922064208681e-07
4.465048992493702e-07
5.447469729117768e-07
6.644412403387451e-07
8.102468116478034e-07
9.878308245737965e-07
1.204034334678847e-06
1.467272683504562e-06
1.787501945309265e-06
2.177294653924348e-06
2.651070989655173e-06
3.227302046830332e-06
3.927743333796937e-06
4.779067161653178e-06
5.812936070926782e-06
7.068641617951655e-06
8.593158308033265e-06
1.044339218635179e-05
1.268814308268923e-05
1.540994868036529e-05
1.871134779733061e-05
2.271119422398344e-05
2.755769376294998e-05
3.342584756223395e-05
4.052884329040828e-05
4.912450059871636e-05
5.951913357293662e-05
7.208854146147882e-05
8.727406406518600e-05
1.056153216716586e-04
1.277557269921027e-04
1.544798958479126e-04
1.866894214652576e-04
2.255167222636659e-04
2.722956754547244e-04
3.286103330766021e-04
3.963695821449187e-04
4.778216708773861e-04
5.757087279755085e-04
6.932502833890131e-04
8.342939489733169e-04
1.003369701163425e-03
1.205975799602240e-03
1.448551132855312e-03
1.738532323374373e-03
2.085130704502232e-03
2.499155759210321e-03
2.993009252267369e-03
3.580915415393188e-03
4.281006659812891e-03
5.113202294925748e-03
6.101389589416175e-03
7.273523145905137e-03
8.661598295624856e-03
1.030351330755921e-02
1.224195592642831e-02
1.452732519712568e-02
1.721780598009920e-02
2.037856182676117e-02
2.408397633115349e-02
2.842180312673310e-02
3.348627029009859e-02
3.938788155142593e-02
4.624305395261959e-02
5.419055007736187e-02
6.337424857268860e-02
7.395952649617779e-02
8.610355407789164e-02
9.999715839144531e-02
1.158340537381975e-01
1.337983877969188e-01
1.540918827679699e-01
1.768980337858606e-01
2.023886063593130e-01
2.307069165688695e-01
2.619658541146313e-01
2.962135714804899e-01
3.334493494654428e-01
3.735815477912797e-01
4.164131445852168e-01
4.616613013170698e-01
5.089001203819344e-01
5.575747400142824e-01
6.070092512169966e-01
6.564331027757490e-01
7.049520504308813e-01
7.516517160796323e-01
7.956389763776011e-01
8.360431014075680e-01
8.721582260803018e-01
9.034197347387860e-01
9.296871886111034e-01
9.508291634379783e-01
9.671538480477214e-01
9.791668229769348e-01
9.875395028016964e-01
9.930305919193798e-01
9.963901514133449e-01
9.982898158892033e-01
9.992708459960064e-01
9.997151259060947e-01
9.998993790640410e-01
9.999685402057953e-01
9.999914032595314e-01
9.999979791429243e-01
9.999995975278068e-01
9.999999333549736e-01
9.999999909831709e-01
9.999999990297483e-01
9.999999999178648e-01
9.999999999949174e-01
9.999999999997209e-01
1.000000000000001e+00
9.999999999999974e-01
1.000000000000001e+00
9.999999999999998e-01
1.000000000000000e+00
1.000000000000000e+00
1.000000000000000e+00
1.000000000000000e+00
1.000000000000000e+00
1.000000000000000e+00
1.000000000000000e+00
1.000000000000000e+00
1.000000000000000e+00
###7.800000000000004e+00
2.231768142261940e-09
2.840125040952780e-09
3.568469845302373e-09
4.441079759943231e-09
5.513263028949620e-09
6.830300790636506e-09
8.434858806610419e-09
1.039417559372701e-08
1.278914285528026e-08
1.571711549225495e-08
1.929266072626486e-08
2.366284635824019e-08
2.900386245536584e-08
3.553103909639938e-08
4.350862308791805e-08
5.324843428811538e-08
6.514276756281155e-08
7.966742913698851e-08
9.740028082507889e-08
1.190396876791003e-07
1.455067894742737e-07
1.776685042716098e-07
2.169618327790839e-07
2.649041434497387e-07
3.233252388836032e-07
3.945415019664559e-07
4.813515475104535e-07
5.871187036738825e-07
7.159466153704791e-07
8.728361005019060e-07
1.063867316017577e-06
1.296377484764860e-06
1.579390066153847e-06
1.923574662412807e-06
2.342405824822050e-06
2.851320889969716e-06
3.470103241641916e-06
4.222036516390394e-06
5.135657836646647e-06
6.244823582838051e-06
7.591541336963072e-06
9.226012512842126e-06
1.120902180171517e-05
1.361402575780297e-05
1.652928356098638e-05
2.006370246646477e-05
2.434450123109485e-05
2.952949748499600e-05
3.580508592111154e-05
4.339829929705531e-05
5.258358070895436e-05
6.368671540449698e-05
7.710729721946636e-05
9.331428562598203e-05
1.128808132966960e-04
1.364898425996431e-04
1.649741332647004e-04
1.992899947794622e-04
2.406333428001115e-04
2.904214044182985e-04
3.503287136015181e-04
4.223739276955486e-04
5.089329457627415e-04
6.128944962745943e-04
7.376742487483703e-04
8.873114524572394e-04
1.066583728426105e-03
1.281280578495322e-03
1.538172774258291e-03
1.845072162444868e-03
2.211651821380629e-03
2.649249624295955e-03
3.170861243333332e-03
3.791365216500913e-03
4.529718358322709e-03
5.406746667507824e-03
6.447340455841770e-03
7.680637567090444e-03
9.139887611614555e-03
1.086454364153909e-02
1.289873244813593e-02
1.529483580219899e-02
1.811288489897642e-02
2.142021047513102e-02
2.529339121494000e-02
2.982268736253326e-02
3.510481527850414e-02
4.125262967363016e-02
4.838517044393816e-02
5.664363858372106e-02
6.617393410162507e-02
7.714338630148167e-02
8.970976217041698e-02
1.040644790147610e-01
1.204007660511940e-01
1.389003070282140e-01
1.597613996411249e-01
1.831617361005432e-01
2.092650999394997e-01
2.382042270448166e-01
2.700786390829747e-01
3.049200977647142e-01
3.427090965794710e-01
3.833321611142098e-01
4.265694589975461e-01
4.721152798030498e-01
5.195185134668445e-01
5.682038509732887e-01
6.174798751168467e-01
6.665655622550738e-01
7.145661649691335e-01
7.605775231185894e-01
8.037276347240900e-01
8.431789403102684e-01
8.782699562519947e-01
9.084928388085980e-01
9.337312279636858e-01
9.539279835192588e-01
9.694217368015529e-01
9.807429051417542e-01
9.885727343859032e-01
9.936644939476449e-01
9.967507068737400e-01
9.984776757252388e-01
9.993591347194876e-01
9.997528725922674e-01
9.999139042364573e-01
9.999734833181946e-01
9.999928711703183e-01
9.999983537503636e-01
9.999996783748145e-01
9.999999478474733e-01
9.999999930999498e-01
9.999999992757853e-01
9.999999999401488e-01
9.999999999964317e-01
9.999999999998000e-01
1.000000000000003e+00
9.999999999999977e-01
1.000000000000001e+00
9.999999999999998e-01
1.000000000000000e+00
1.000000000000000e+00
1.000000000000000e+00
1.000000000000000e+00
1.000000000000000e+00
1.000000000000000e+00
1.000000000000000e+00
1.000000000000000e+00
1.000000000000000e+00
###8.000000000000004e+00
2.416289797369247e-09
3.072130827417696e-09
3.860053889037351e-09
4.803794261538371e-09
5.963223762813322e-09
7.387205337482740e-09
9.121691725536400e-09
1.123924941441673e-08
1.382715849959480e-08
1.699038952571358e-08
2.085240858565650e-08
2.557173975556285e-08
3.133837729020500e-08
3.838407180564919e-08
4.699369262110960e-08
5.750280362021296e-08
7.033377998281133e-08
8.599872405869523e-08
1.051193732773273e-07
1.284469144532200e-07
1.569724349901451e-07
1.916262365273437e-07
2.339546942910745e-07
2.855875688349787e-07
3.484898980649578e-07
4.251494309741472e-07
5.185707530580747e-07
6.323632854928358e-07
7.709291886405365e-07
9.396324682010844e-07
1.144992056950805e-06
1.394872074312701e-06
1.698941596844207e-06
2.068627306758941e-06
2.518360717644676e-06
3.064657509524511e-06
3.728692240300930e-06
4.535367431858235e-06
5.515195255148418e-06
6.704354277486601e-06
8.147726337173663e-06
9.898925654949686e-06
1.202283744335986e-05
1.459783949856185e-05
1.771797019373720e-05
2.149964907437312e-05
2.607813168910779e-05
3.162163690482563e-05
3.832856862148290e-05
4.644054535303853e-05
5.624951295486423e-05
6.810174709599263e-05
8.242187053093711e-05
9.970786828903481e-05
1.205680798730250e-04
1.457269865867679e-04
1.760678528378380e-04
2.126042691580577e-04
2.565989497349422e-04
3.095560907164496e-04
3.732450034452707e-04
4.497990905848866e-04
5.417275066585002e-04
6.520725524588201e-04
7.844532124205505e-04
9.431095924999269e-04
1.133076600321001e-03
1.360446679609504e-03
1.632335470282153e-03
1.956944103430528e-03
2.344424536695094e-03
2.806662058823278e-03
3.357266177703090e-03
4.011790900373129e-03
4.790045215794693e-03
5.713786990843463e-03
6.808939426350346e-03
8.105855307139016e-03
9.639069643517333e-03
1.144962302450320e-02
1.358312836389998e-02
1.609395038614720e-02
1.904402612265177e-02
2.250287060466287e-02
2.654927694058259e-02
3.127602951779399e-02
3.678233423558703e-02
4.318324465434768e-02
5.060073812012700e-02
5.917806576013661e-02
6.906315710147362e-02
8.042517166211112e-02
9.342228627883016e-02
1.082463100446401e-01
1.250897101119017e-01
1.441313943385528e-01
1.655658595438403e-01
1.895645798713293e-01
2.162829035177985e-01
2.458425132659054e-01
2.783290897483333e-01
3.137575754067664e-01
3.520893157249034e-01
3.931886990150317e-01
4.368134376043870e-01
4.826345246293041e-01
5.301765500899437e-01
5.788444836342606e-01
6.279323880731369e-01
6.766503034528172e-01
7.241045919213691e-01
7.694030069831866e-01
8.116962944570572e-01
8.501815472723921e-01
8.842421945686963e-01
9.134256922732694e-01
9.376450652772816e-01
9.569099257955869e-01
9.715379235725746e-01
9.822389960186777e-01
9.895465080482787e-01
9.942568233200774e-01
9.970843945635977e-01
9.986496318009859e-01
9.994389280704706e-01
9.997865522717329e-01
9.999266899501050e-01
9.999777704275560e-01
9.999941238252781e-01
9.999986678271241e-01
9.999997448676090e-01
9.999999595201695e-01
9.999999947667439e-01
9.999999994648167e-01
9.999999999568299e-01
9.999999999975326e-01
9.999999999998561e-01
1.000000000000004e+00
9.999999999999979e-01
1.000000000000001e+00
9.999999999999999e-01
1.000000000000000e+00
1.000000000000000e+00
1.000000000000000e+00
1.000000000000000e+00
1.000000000000000e+00
1.000000000000000e+00
1.000000000000000e+00
1.000000000000000e+00
1.000000000000000e+00
###8.200000000000003e+00
2.614102494903466e-09
3.320921858584979e-09
4.172737436969999e-09
5.192734323161004e-09
6.445676142259477e-09
7.984278831251420e-09
9.857980824666170e-09
1.214505359843668e-08
1.493960658857902e-08
1.835474993792484e-08
2.252345197661596e-08
2.761647300041319e-08
3.383854819820590e-08
4.143896160637690e-08
5.072458634569911e-08
6.205631322814378e-08
7.588860305559441e-08
9.277226013325416e-08
1.133757913714737e-07
1.385066686970808e-07
1.692301001477137e-07
2.065450836865780e-07
2.521132359552940e-07
3.076843659476991e-07
3.753673625007438e-07
4.578322644280112e-07
5.583026730312730e-07
6.806495872024434e-07
8.295923136107328e-07
1.010880677250088e-06
1.231499508071521e-06
1.499872167525009e-06
1.826352809438140e-06
2.223171026159643e-06
2.705772983349853e-06
3.291816955259983e-06
4.003951883185725e-06
4.868794114862350e-06
5.918946653178532e-06
7.193044980321605e-06
8.739011011454849e-06
1.061406659649753e-05
1.288742993621301e-05
1.564267589054745e-05
1.897995749092614e-05
2.302358409496766e-05
2.791732488721087e-05
3.384034800242581e-05
4.100371198398840e-05
4.966439347071036e-05
6.013275869853110e-05
7.277663626109686e-05
8.804696381791575e-05
1.064722157213787e-04
1.286977012702464e-04
1.554914682977298e-04
1.877897395733899e-04
2.266660550284164e-04
2.734533314945033e-04
3.297465114610050e-04
3.974141207445957e-04
4.787094575383132e-04
5.762807334781631e-04
6.933309764049670e-04
8.336899968841120e-04
1.001808153805515e-03
1.202987615003387e-03
1.443635798529504e-03
1.731226544453474e-03
2.074364680621452e-03
2.483698603982438e-03
2.971680467250348e-03
3.552553968049584e-03
4.242570109639050e-03
5.062418229333259e-03
6.034813734474061e-03
7.186742737608009e-03
8.549804145561956e-03
1.015985192465459e-02
1.205954490966882e-02
1.429602086873073e-02
1.692565965162036e-02
2.001231418270970e-02
2.362773195871117e-02
2.785292962156724e-02
3.278323032790841e-02
3.852030880615470e-02
4.518143439559807e-02
5.289142445162378e-02
6.179555482466419e-02
7.204366777741095e-02
8.380662261891145e-02
9.724280970205179e-02
1.125442196062608e-01
1.299022727411013e-01
1.494927699457543e-01
1.715060267882719e-01
1.961068717577919e-01
2.234417566604668e-01
2.536208339422472e-01
2.867154714355459e-01
3.227233710021945e-01
3.615863863020424e-01
4.031466430157570e-01
4.471393052490722e-01
4.932122076990798e-01
5.408663984470915e-01
5.894879281322283e-01
6.383574131945571e-01
6.866775332044589e-01
7.335574317952938e-01
7.781185089709489e-01
8.195358978392021e-01
8.570427785600958e-01
8.900680211527979e-01
9.182132370953620e-01
9.414247770968606e-01
9.597730409880052e-01
9.736194881191735e-01
9.836561239928590e-01
9.904616964974308e-01
9.948085560718759e-01
9.973921087470303e-01
9.988063957816641e-01
9.995107275067321e-01
9.998164517996420e-01
9.999378814713948e-01
9.999814652658313e-01
9.999951853899557e-01
9.999989291257805e-01
9.999997990916267e-01
9.999999688335935e-01
9.999999960659881e-01
9.999999996083710e-01
9.999999999691842e-01
9.999999999983163e-01
9.999999999998972e-01
1.000000000000005e+00
9.999999999999981e-01
1.000000000000000e+00
9.999999999999999e-01
1.000000000000000e+00
1.000000000000000e+00
1.000000000000000e+00
1.000000000000000e+00
1.000000000000000e+00
1.000000000000000e+00
1.000000000000000e+00
1.000000000000000e+00
1.000000000000000e+00
###8.400000000000002e+00
2.826056856426669e-09
3.587565311934048e-09
4.507862377982202e-09
5.609566447920573e-09
6.962689508189877e-09
8.624066880491862e-09
1.064685417409042e-08
1.311542060031688e-08
1.613117145944234e-08
1.981591461368244e-08
2.431275668984667e-08
2.980552131059627e-08
3.651467640667229e-08
4.470821775283894e-08
5.471648387197969e-08
6.692736640178051e-08
8.182953275765769e-08
1.000150324660747e-07
1.222022002554233e-07
1.492584459950920e-07
1.823257905408788e-07
2.224827202721555e-07
2.715071114409652e-07
3.312786077686620e-07
4.040590447152890e-07
4.927122706260350e-07
6.006946561520674e-07
7.321550954897848e-07
8.921496635704502e-07
1.086837839995381e-06
1.323698900463526e-06
1.611749482221699e-06
1.962070324673727e-06
2.387742077657329e-06
2.905286300683541e-06
3.533571387444200e-06
4.296807653080695e-06
5.223425456662677e-06
6.348239687037506e-06
7.712484312390056e-06
9.367295090305556e-06
1.137370575010696e-05
1.380551079890223e-05
1.675177229749566e-05
2.031938044062537e-05
2.464010766405871e-05
2.986755496185775e-05
3.619214339082370e-05
4.383825701189427e-05
5.307903705346315e-05
6.424422701037787e-05
7.772431545244818e-05
9.399789443782520e-05
1.136254510123129e-04
1.372910980647086e-04
1.658085779446242e-04
2.001696209225113e-04
2.415104918515686e-04
2.912378201972325e-04
3.510412328589125e-04
4.228930535854129e-04
5.091718051985167e-04
6.126707590152702e-04
7.367610140246266e-04
8.854910531290295e-04
1.063531071763051e-03
1.276460804040375e-03
1.531015012476436e-03
1.835039418979515e-03
2.197557314815350e-03
2.629731522813898e-03
3.144600930344619e-03
3.757064195608990e-03
4.484091200782012e-03
5.347280205054268e-03
6.370330285364832e-03
7.581320618534510e-03
9.013127744890088e-03
1.070295743049592e-02
1.269498173322363e-02
1.503830976686558e-02
1.779095251066857e-02
2.101885161890447e-02
2.479600210862509e-02
2.920566225418476e-02
3.434570566286990e-02
4.032025311631152e-02
4.724879763547805e-02
5.525890013577663e-02
6.449782402677789e-02
7.511720170693217e-02
8.728945257153407e-02
1.011729745431248e-01
1.169597175046935e-01
1.348397606598117e-01
1.549854530001492e-01
1.775825393597767e-01
2.027887648680957e-01
2.307411745510290e-01
2.615380376424239e-01
2.952358128392413e-01
3.318145920845507e-01
3.711964128139947e-01
4.132010296201509e-01
4.575410143655614e-01
5.038412502059870e-01
5.515800204230421e-01
6.001253355032401e-01
6.487455221619988e-01
6.966375183926571e-01
7.428153729626501e-01
7.867146962165698e-01
8.272378495802842e-01
8.637550790480475e-01
8.957411969487669e-01
9.228510392546334e-01
9.450670975458814e-01
9.625157696299869e-01
9.755980253236912e-01
9.849952081000902e-01
9.913191187844358e-01
9.953207206681081e-01
9.976747655051678e-01
9.989487014265214e-01
9.995750260796168e-01
9.998428567828644e-01
9.999476206231811e-01
9.999846292807866e-01
9.999960786679677e-01
9.999991448416793e-01
9.999998429319807e-01
9.999999761961815e-01
9.999999970683304e-01
9.999999997162248e-01
9.999999999782122e-01
9.999999999988708e-01
9.999999999999257e-01
1.000000000000005e+00
9.999999999999983e-01
1.000000000000000e+00
9.999999999999999e-01
1.000000000000000e+00
1.000000000000000e+00
1.000000000000000e+00
1.000000000000000e+00
1.000000000000000e+00
1.000000000000000e+00
1.000000000000000e+00
1.000000000000000e+00
1.000000000000000e+00
###8.600000000000001e+00
3.053040942431535e-09
3.873187911999800e-09
4.866845492458642e-09
6.056050057939628e-09
7.516441309220463e-09
9.309256587336214e-09
1.149161329180762e-08
1.415439487488236e-08
1.740679752694746e-08
2.137991586829542e-08
2.622767030056683e-08
3.214782274284077e-08
3.937762386037164e-08
4.820502754440521e-08
5.898538432043717e-08
7.213535591497811e-08
8.818005877587123e-08
1.077554753387903e-07
1.316329992632051e-07
1.607438333936816e-07
1.963118634750066e-07
2.394998440374094e-07
2.922095981443863e-07
3.564587161750630e-07
4.346715728609804e-07
5.299179702517099e-07
6.459015424745968e-07
7.870662676640848e-07
9.588256461204156e-07
1.167773907037588e-06
1.421914809511563e-06
1.730894014490486e-06
2.106562640009260e-06
2.562902837849639e-06
3.117575454127914e-06
3.790729868816483e-06
4.608229117238418e-06
5.600422619870753e-06
6.804464660058384e-06
8.264334928068026e-06
1.003456591744445e-05
1.218021745226439e-05
1.477991454925825e-05
1.792851077342875e-05
2.173998813471346e-05
2.635402195104184e-05
3.193453617761532e-05
3.868381864863291e-05
4.684027809112325e-05
5.669406167572665e-05
6.859528770017857e-05
8.295825777161512e-05
1.002906130998092e-04
1.211864382563099e-04
1.463705564123328e-04
1.767046155715754e-04
2.132385019149038e-04
2.571740853696636e-04
3.099953349940187e-04
3.734906595194262e-04
4.497409154359831e-04
5.412553624343249e-04
6.509785383428785e-04
7.824571540798293e-04
9.399665452917303e-04
1.128406524668409e-03
1.353645032114151e-03
1.622756886850907e-03
1.943973727202869e-03
2.326752429676042e-03
2.782788656820957e-03
3.325728321388897e-03
3.971146221373019e-03
4.736753344423071e-03
5.645085839493104e-03
6.720853057015691e-03
7.993257387498749e-03
9.496484840079634e-03
1.126912485272065e-02
1.335687734948128e-02
1.581091351390207e-02
1.869084709393247e-02
2.206475851460115e-02
2.600890564156881e-02
3.060880798555379e-02
3.596488487581338e-02
4.218369127315797e-02
4.938693859686851e-02
5.770483482856814e-02
6.728658237992369e-02
7.828547480429209e-02
9.087534238397250e-02
1.052143748058512e-01
1.214942469749816e-01
1.399033920113101e-01
1.606103500649824e-01
1.837958953023966e-01
2.096102410646497e-01
2.381803672792856e-01
2.695927379809393e-01
3.038878802813301e-01
3.410280564450709e-01
3.809151866950106e-01
4.233465652603450e-01
4.680121792417248e-01
5.145142172648293e-01
5.623090050488038e-01
6.107474053937850e-01
6.590866959370532e-01
7.065187442054275e-01
7.520839374255045e-01
7.951792293495851e-01
8.347926749533925e-01
8.703104612515575e-01
9.012555375248218e-01
9.273348762734386e-01
9.485691913450446e-01
9.651366601254666e-01
9.774739466003280e-01
9.862566109691316e-01
9.921197700400717e-01
9.957944227212562e-01
9.979333751240735e-01
9.990773184163277e-01
9.996323316389524e-01
9.998660530845465e-01
9.999560470787046e-01
9.999873216070564e-01
9.999968251304950e-01
9.999993215728328e-01
9.999998780888507e-01
9.999999819636102e-01
9.999999978340326e-01
9.999999997963714e-01
9.999999999847359e-01
9.999999999992570e-01
9.999999999999456e-01
1.000000000000005e+00
9.999999999999986e-01
1.000000000000000e+00
9.999999999999999e-01
1.000000000000000e+00
1.000000000000000e+00
1.000000000000000e+00
1.000000000000000e+00
1.000000000000000e+00
1.000000000000000e+00
1.000000000000000e+00
1.000000000000000e+00
1.000000000000000e+00
###8.800000000000001e+00
3.295995151336558e-09
4.178978878633101e-09
5.251182148033315e-09
6.534042073915483e-09
8.109229494858754e-09
1.004268350645311e-08
1.239574179068686e-08
1.526624327609983e-08
1.877169985886121e-08
2.305311579214492e-08
2.827594073847261e-08
3.465280061252450e-08
4.243884011765459e-08
5.194328899230029e-08
6.354814562628022e-08
7.770071127016459e-08
9.496492123273514e-08
1.160235304568374e-07
1.417044038235876e-07
1.730066071300442e-07
2.112412202976511e-07
2.576605331468472e-07
3.142977646835677e-07
3.833176619430468e-07
4.673170293916474e-07
5.695844207110543e-07
6.940860025853078e-07
8.455789356608348e-07
1.029855884774807e-06
1.253972239124900e-06
1.526487838491364e-06
1.857714982204101e-06
2.260321088001714e-06
2.749242917512209e-06
3.343347680542819e-06
4.064140103109111e-06
4.939231825281508e-06
6.001001488394173e-06
7.289076296880772e-06
8.850336541568789e-06
1.074290259786603e-05
1.303608429763897e-05
1.581360380573962e-05
1.917642383327840e-05
2.324599093965409e-05
2.817033956037384e-05
3.412423239345755e-05
4.132246371336058e-05
5.001819635358474e-05
6.051946052878559e-05
7.319778961314570e-05
8.849249824782862e-05
1.069417288214551e-04
1.291748116581369e-04
1.559592621178812e-04
1.882069305307252e-04
2.270286088992957e-04
2.736947635767836e-04
3.297704440340168e-04
3.971471062447142e-04
4.780190285634962e-04
5.750319070113279e-04
6.912879608525275e-04
8.305172577897293e-04
9.972305010152833e-04
1.196567108092661e-03
1.434694199765478e-03
1.719039711631297e-03
2.058235589543932e-03
2.462187773677636e-03
2.943143609459889e-03
3.515376749543849e-03
4.195159718732445e-03
5.000967171491344e-03
5.956302505795877e-03
7.086912283050602e-03
8.423152528003347e-03
1.000055070751806e-02
1.185911184340783e-02
1.404615039382766e-02
1.661477212339870e-02
1.962638177060913e-02
2.315117507300963e-02
2.726770346897518e-02
3.206372944785583e-02
3.764221307125808e-02
4.411215938618958e-02
5.159746899240933e-02
6.023089928009937e-02
7.016353204935968e-02
8.155018616151029e-02
9.456594396637311e-02
1.093685610117929e-01
1.261491910613939e-01
1.450943056559847e-01
1.663682675963444e-01
1.901464703509472e-01
2.165711387756923e-01
2.457587465303843e-01
2.777833662132524e-01
3.126692427360783e-01
3.503603815300795e-01
3.907383108123224e-01
4.335778038171278e-01
4.785463282209785e-01
5.252237115898732e-01
5.730451784174476e-01
6.213454892443379e-01
6.693721758538553e-01
7.163141085683309e-01
7.612358324315116e-01
8.035079271641917e-01
8.421944688185107e-01
8.767039098221401e-01
9.066070036487771e-01
9.316622275602497e-01
9.519296206353054e-01
9.676353859165070e-01
9.792483584633884e-01
9.874413582834407e-01
9.928650553152559e-01
9.962310220708894e-01
9.981690781028141e-01
9.991930726428023e-01
9.996831672765085e-01
9.998863262057440e-01
9.999632967248010e-01
9.999895983865174e-01
9.999974446740579e-01
9.999994652861450e-01
9.999999054973427e-01
9.999999864417000e-01
9.999999984129128e-01
9.999999998553947e-01
9.999999999893585e-01
9.999999999995356e-01
9.999999999999549e-01
1.000000000000006e+00
9.999999999999982e-01
1.000000000000000e+00
9.999999999999999e-01
1.000000000000000e+00
1.000000000000000e+00
1.000000000000000e+00
1.000000000000000e+00
1.000000000000000e+00
1.000000000000000e+00
1.000000000000000e+00
1.000000000000000e+00
1.000000000000000e+00
###9.000000000000000e+00
3.555913402201248e-09
4.506192937293590e-09
5.662450116242762e-09
7.045501641619312e-09
8.743478344681730e-09
1.082733880757165e-08
1.336291408635894e-08
1.645546572824732e-08
2.023137728755619e-08
2.484222196303920e-08
3.046573528917245e-08
3.733038649817502e-08
4.571038996275911e-08
5.593764402954372e-08
6.842252430988999e-08
8.364494657262037e-08
1.022101682466513e-07
1.248507155775701e-07
1.524545269433628e-07
1.860928273811444e-07
2.271695097793733e-07
2.770328192175739e-07
3.378526329399600e-07
4.119531678113993e-07
5.021131929366047e-07
6.118535041550677e-07
7.454188792668605e-07
9.078987120952624e-07
1.105487700991248e-06
1.345730179591128e-06
1.637775286446552e-06
1.992641513885063e-06
2.423860789488510e-06
2.947380285113586e-06
3.583344003223089e-06
4.354690009638598e-06
5.290879169873088e-06
6.426434823559833e-06
7.803596966185089e-06
9.472308998979217e-06
1.149447905703215e-05
1.394390154797799e-05
1.690967442115405e-05
2.049920209683364e-05
2.484178532742730e-05
3.009429276019316e-05
3.644286641017981e-05
4.411547347439326e-05
5.338079164341398e-05
6.456564861286858e-05
7.806407616705604e-05
9.434165153179306e-05
1.139685290421991e-04
1.376109983402309e-04
1.660813265076033e-04
2.003439505005346e-04
2.415734228603912e-04
2.911119107800853e-04
3.506094046528332e-04
4.220648423240130e-04
5.077909723677361e-04
6.105758175673805e-04
7.336859056935778e-04
8.810426167495391e-04
1.057400870931975e-03
1.268149893826360e-03
1.519767299027735e-03
1.820047549767040e-03
2.178037649606892e-03
2.604108437680055e-03
3.111078214944233e-03
3.713869510275775e-03
4.429474562063386e-03
5.277154575345538e-03
6.281409939509973e-03
7.469055883660470e-03
8.871620189479342e-03
1.052601635705414e-02
1.247369285275478e-02
1.476361535591901e-02
1.745084378414858e-02
2.059861321293547e-02
2.427929849031627e-02
2.857364097141425e-02
3.357176504715975e-02
3.937912337480821e-02
4.610720134826402e-02
5.388200319327173e-02
6.283875963467683e-02
7.313036151568397e-02
8.491302541140722e-02
9.836287031218809e-02
1.136370281788143e-01
1.309258579908277e-01
1.504135434482611e-01
1.722598902657743e-01
1.966344913919537e-01
2.236711196700384e-01
2.534752917395169e-01
2.861081185022004e-01
3.215772049437042e-01
3.598078961275352e-01
4.006610796488201e-01
4.438889778544965e-01
4.891366600820458e-01
5.359619935116563e-01
5.837800028845661e-01
6.319104004965369e-01
6.795925395864177e-01
7.260141242577496e-01
7.702623358451793e-01
8.116923694518154e-01
8.494361326107566e-01
8.829297062132471e-01
9.117914569922067e-01
9.358306908298619e-01
9.551472866406876e-01
9.700120279367361e-01
9.809226292622272e-01
9.885508180106699e-01
9.935566025078839e-01
9.966320182146712e-01
9.983830806924163e-01
9.992968114198506e-01
9.997280543753353e-01
9.999039542259709e-01
9.999694990503450e-01
9.999915119619753e-01
9.999979554248776e-01
9.999995812874450e-01
9.999999277858717e-01
9.999999898810643e-01
9.999999988477101e-01
9.999999998979509e-01
9.999999999927459e-01
9.999999999996871e-01
9.999999999999728e-01
1.000000000000003e+00
9.999999999999991e-01
1.000000000000000e+00
1.000000000000000e+00
1.000000000000000e+00
1.000000000000000e+00
1.000000000000000e+00
1.000000000000000e+00
1.000000000000000e+00
1.000000000000000e+00
1.000000000000000e+00
1.000000000000000e+00
1.000000000000000e+00
###9.199999999999999e+00
3.833843944757023e-09
4.856153472559562e-09
6.102313514817333e-09
7.592495019746246e-09
9.421744498268487e-09
1.166637669067059e-08
1.439700426832924e-08
1.772680626003870e-08
2.179162609223188e-08
2.675430367820448e-08
3.280566021039754e-08
4.019104388065931e-08
4.920498196674276e-08
6.020351278695952e-08
7.362721718145916e-08
8.999071001003130e-08
1.099432149217603e-07
1.342701949140552e-07
1.639234633123466e-07
2.000509372267654e-07
2.441552451960306e-07
2.976862486862121e-07
3.629593108414921e-07
4.424679108990684e-07
5.391837826463249e-07
6.568742204967470e-07
8.000795385306189e-07
9.742414090075605e-07
1.185980614971982e-06
1.443359646980663e-06
1.756151862004054e-06
2.136123513158077e-06
2.597721643378467e-06
3.157962437725963e-06
3.838340619838502e-06
4.663309359260057e-06
5.664284328304576e-06
6.878054493353808e-06
8.349619441833094e-06
1.013215561629680e-05
1.229156793071954e-05
1.490638166546315e-05
1.807136057769433e-05
2.190069951564533e-05
2.653196083791841e-05
3.213134160058337e-05
3.889692942428415e-05
4.707055917507251e-05
5.693721553558712e-05
6.884347709356945e-05
8.320700252277419e-05
1.005209317327255e-04
1.213890025002578e-04
1.465162446698506e-04
1.767618163062160e-04
2.131452161155557e-04
2.569077189843062e-04
3.094664130856184e-04
3.725602145923088e-04
4.483001495847466e-04
5.391226485151583e-04
6.479641473065522e-04
7.782627148990045e-04
9.341380449543528e-04
1.120599630947859e-03
1.343296542674780e-03
1.609028536978339e-03
1.925970371436441e-03
2.303599219183351e-03
2.752767011024411e-03
3.286882705373362e-03
3.921539262074648e-03
4.674471016132216e-03
5.565748910088387e-03
6.620900565601021e-03
7.867856958662191e-03
9.339289342443286e-03
1.107358827517963e-02
1.311365790213873e-02
1.551010987791407e-02
1.832010274553643e-02
2.160861515417457e-02
2.545026376241119e-02
2.992799119435369e-02
3.513428986151651e-02
4.117710320720570e-02
4.817036748577894e-02
5.624215673792746e-02
6.553013353560226e-02
7.618874457717896e-02
8.837569530010760e-02
1.022676948374988e-01
1.180212143077575e-01
1.358254797295466e-01
1.558620491507980e-01
1.782857806190368e-01
2.032600374686833e-01
2.309096708150660e-01
2.613287821036986e-01
2.945649657779079e-01
3.306088263904510e-01
3.693666701534947e-01
4.106785245097884e-01
4.542740658618446e-01
4.997761438946352e-01
5.467211345063246e-01
5.945048117988396e-01
6.424327710733946e-01
6.897384175687519e-01
7.356094920728955e-01
7.791544553781650e-01
8.197245925311656e-01
8.565111098374465e-01
8.889827662510474e-01
9.168054439092369e-01
9.398385258933571e-01
9.582217513976503e-01
9.722672583272736e-01
9.824985118868258e-01
9.895868207261542e-01
9.941962705922098e-01
9.969990407682791e-01
9.985766438684973e-01
9.993893942307238e-01
9.997675070123710e-01
9.999192049041258e-01
9.999747759983254e-01
9.999931104993884e-01
9.999983736914235e-01
9.999996742436997e-01
9.999999451897547e-01
9.999999925087533e-01
9.999999991700799e-01
9.999999999287693e-01
9.999999999950671e-01
9.999999999998022e-01
9.999999999999808e-01
1.000000000000002e+00
9.999999999999993e-01
1.000000000000000e+00
1.000000000000000e+00
1.000000000000000e+00
1.000000000000000e+00
1.000000000000000e+00
1.000000000000000e+00
1.000000000000000e+00
1.000000000000000e+00
1.000000000000000e+00
1.000000000000000e+00
1.000000000000000e+00
###9.399999999999999e+00
4.130891969298544e-09
5.230255840777332e-09
6.572526978581873e-09
8.177200738782789e-09
1.014672332053615e-08
1.256312234987852e-08
1.550209587524964e-08
1.908526466277092e-08
2.345855422697365e-08
2.879680912095061e-08
3.530478149043708e-08
4.324579319490377e-08
5.293599862898359e-08
6.475712991388588e-08
7.918190452531489e-08
9.676183628680987e-08
1.181929063130924e-07
1.443168546947654e-07
1.761533797121799e-07
2.149318711006511e-07
2.622599336102573e-07
3.196950213103363e-07
3.897073362839074e-07
4.749697435292186e-07
5.786587205903936e-07
7.048029997862489e-07
8.582562410294747e-07
1.044833479376722e-06
1.271606863691080e-06
1.547187757351979e-06
1.882010419496903e-06
2.288632513778799e-06
2.782469360205962e-06
3.381667626095441e-06
4.109150333189232e-06
4.990971483978439e-06
6.060612212361036e-06
7.357253931252870e-06
8.928809557397005e-06
1.083186598199613e-05
1.313654449267931e-05
1.592635770626808e-05
1.930204009919249e-05
2.338493972128908e-05
2.832130736318707e-05
3.428718242270930e-05
4.149319098264908e-05
5.019575888303450e-05
6.069700412066767e-05
7.336424900868906e-05
8.863995370326445e-05
1.070461734024419e-04
1.292218634947255e-04
1.559126442656294e-04
1.880267862088251e-04
2.266414181199097e-04
2.730676093756249e-04
3.288007077013002e-04
3.956726684305859e-04
4.759113878285253e-04
5.720823569796246e-04
6.872767218404365e-04
8.251130200031353e-04
9.899120045766447e-04
1.186952902422757e-03
1.422153488359447e-03
1.702647474141634e-03
2.037004202780337e-03
2.435146436834227e-03
2.908423748007878e-03
3.470855882032919e-03
4.138728199427232e-03
4.930539897114909e-03
5.867195135735787e-03
6.975279410088121e-03
8.283865981159808e-03
9.826803631824787e-03
1.164398874185768e-02
1.377981384388190e-02
1.628657426926227e-02
1.922354107876886e-02
2.265747824695324e-02
2.666523221878806e-02
3.133204547041357e-02
3.675269260604382e-02
4.303763559414601e-02
5.030321516820629e-02
5.867954866527043e-02
6.830688678603460e-02
7.934034238194605e-02
9.193973493961272e-02
1.062819477263361e-01
1.225224972962708e-01
1.408492084166541e-01
1.614406645683712e-01
1.844463750468802e-01
2.100230357640266e-01
2.382861011185373e-01
2.693177937191593e-01
3.031516523495583e-01
3.397609218974235e-01
3.790325179639910e-01
4.207854204640112e-01
4.647268034439906e-01
5.104575356271630e-01
5.574930402176065e-01
6.052108440461240e-01
6.529037465921081e-01
6.998005461179321e-01
7.450911621929958e-01
7.879052563485783e-01
8.275971589560331e-01
8.634134166188043e-01
8.948586584067727e-01
9.216461944326009e-01
9.436846435303317e-01
9.611532042036076e-01
9.744022944322446e-01
9.839781161487000e-01
9.905514776771792e-01
9.947861080653611e-01
9.973338167001391e-01
9.987510613293559e-01
9.994716790499492e-01
9.998020252257270e-01
9.999323328233549e-01
9.999792410135431e-01
9.999944378797225e-01
9.999987139699250e-01
9.999997481969570e-01
9.999999586814465e-01
9.999999944979867e-01
9.999999994070395e-01
9.999999999508064e-01
9.999999999966560e-01
9.999999999998829e-01
9.999999999999849e-01
1.000000000000002e+00
9.999999999999993e-01
1.000000000000000e+00
1.000000000000000e+00
1.000000000000000e+00
1.000000000000000e+00
1.000000000000000e+00
1.000000000000000e+00
1.000000000000000e+00
1.000000000000000e+00
1.000000000000000e+00
1.000000000000000e+00
1.000000000000000e+00
###9.599999999999998e+00
4.448222328744155e-09
5.629970806183216e-09
7.074939981185574e-09
8.801914963682502e-09
1.092125551785013e-08
1.352107972849202e-08
1.668249180077682e-08
2.053610860272869e-08
2.523859597258689e-08
3.097758318846104e-08
3.797264640159717e-08
4.650623783859373e-08
5.691752772966896e-08
6.961558241654217e-08
8.510729563509392e-08
1.039834010904878e-07
1.269895828479589e-07
1.550273816665917e-07
1.891886090692569e-07
2.307891679314374e-07
2.815482116202167e-07
3.431370930406721e-07
4.181906880451319e-07
5.095719213787256e-07
6.206744025320905e-07
7.558040235157905e-07
9.201465231454782e-07
1.119912469607606e-06
1.362651942890931e-06
1.657557460810885e-06
2.015762711080594e-06
2.450662595271964e-06
2.978696516792298e-06
3.619206098152083e-06
4.396624038514813e-06
5.338695006100956e-06
6.481081584459993e-06
7.865490477098748e-06
9.542908659556240e-06
1.157351966710032e-05
1.403189044597436e-05
1.700678917734006e-05
2.060523974617747e-05
2.495612281514642e-05
3.021482235083806e-05
3.656775623358342e-05
4.423870859446285e-05
5.349944112589535e-05
6.467009168018558e-05
7.813973437732626e-05
9.437686207599621e-05
1.139338514783471e-04
1.374865747373271e-04
1.658231640992111e-04
1.999033085382374e-04
2.408644310262680e-04
2.900905809949435e-04
3.491588253832116e-04
4.199984046061286e-04
5.049590452830705e-04
6.067408500957550e-04
7.285961792025462e-04
8.743312426191609e-04
1.048476648739760e-03
1.256591030628773e-03
1.504871873300812e-03
1.800799127638854e-03
2.153351239243862e-03
2.572912390338341e-03
3.071346697532386e-03
3.663305249925189e-03
4.365788188146387e-03
5.198082703916024e-03
6.181949936693279e-03
7.345064217828824e-03
8.717668085340436e-03
1.033482147246315e-02
1.223795585439189e-02
1.447298429642178e-02
1.709392232795053e-02
2.016216851239246e-02
2.374631047183037e-02
2.792544094918098e-02
3.278711007661647e-02
3.842837417723430e-02
4.496220720523533e-02
5.250730489710265e-02
6.119579296535418e-02
7.117036921325767e-02
8.258679055428648e-02
9.560672973929746e-02
1.104071084258237e-01
1.271421876283862e-01
1.459981090277534e-01
1.671501221915122e-01
1.907419765163030e-01
2.169232546613468e-01
2.457995349959299e-01
2.774406942378268e-01
3.118656921745669e-01
3.490300599846803e-01
3.888009995491292e-01
4.309762909185443e-01
4.752406914861462e-01
5.211733908952266e-01
5.682694674903742e-01
6.158891965167518e-01
6.633141611770632e-01
7.097697913456389e-01
7.544503518686602e-01
7.965071149547450e-01
8.353031576204867e-01
8.701376518003825e-01
9.005535991235485e-01
9.263116065254519e-01
9.473685823872215e-01
9.639424218015441e-01
9.764188500546674e-01
9.853638751674155e-01
9.914471562115934e-01
9.953283127903609e-01
9.976381399001396e-01
9.989076396448732e-01
9.995445109141862e-01
9.998320895622592e-01
9.999435772880680e-01
9.999829984595827e-01
9.999955334789874e-01
9.999989889986723e-01
9.999998066127371e-01
9.999999690640966e-01
9.999999959906140e-01
9.999999995797051e-01
9.999999999663807e-01
9.999999999977398e-01
9.999999999999366e-01
9.999999999999873e-01
1.000000000000002e+00
9.999999999999993e-01
1.000000000000000e+00
1.000000000000000e+00
1.000000000000000e+00
1.000000000000000e+00
1.000000000000000e+00
1.000000000000000e+00
1.000000000000000e+00
1.000000000000000e+00
1.000000000000000e+00
1.000000000000000e+00
1.000000000000000e+00
###9.799999999999997e+00
4.787062453453291e-09
6.056848128189486e-09
7.611501351867461e-09
9.469061868712906e-09
1.174833403866908e-08
1.454394030926299e-08
1.794272463885985e-08
2.208488623597373e-08
2.713852723459035e-08
3.330488604881153e-08
4.081930592967655e-08
4.998459137941128e-08
6.116439500306856e-08
7.479685689528489e-08
9.142517598277109e-08
1.116817776928354e-07
1.363651481178721e-07
1.664403441147270e-07
2.030757476521807e-07
2.476790858338298e-07
3.020879857005396e-07
3.680943415550177e-07
4.485080487324875e-07
5.463933387391691e-07
6.653739782775514e-07
8.100495581874827e-07
9.859575930386209e-07
1.199727490653814e-06
1.459415165317883e-06
1.774828203721558e-06
2.157840172462992e-06
2.622731308959767e-06
3.187023658190820e-06
3.871322354995094e-06
4.701652251837321e-06
5.707545642884260e-06
6.926967132500384e-06
8.404287838078296e-06
1.019373696546378e-05
1.235927016353930e-05
1.498019790751955e-05
1.815076628604048e-05
2.198464075511621e-05
2.661863031331683e-05
3.221771836180854e-05
3.897925749676353e-05
4.714083805247491e-05
5.699030008715077e-05
6.886682402951414e-05
8.318218621411903e-05
1.004322256671522e-04
1.212011029335244e-04
1.462033723671089e-04
1.762716733252441e-04
2.124195063650988e-04
2.558473511329419e-04
3.080155400699030e-04
3.705864400914070e-04
4.455909619075979e-04
5.355058033945410e-04
6.431714051569140e-04
7.720080529608313e-04
9.260170728274270e-04
1.109947926253424e-03
1.329648699196741e-03
1.591607810447459e-03
1.903664111839323e-03
2.275220001747712e-03
2.717137288714242e-03
3.241811891563237e-03
3.864547223544941e-03
4.603080990976499e-03
5.477511872574989e-03
6.510482011092422e-03
7.730785847494539e-03
9.169862611024759e-03
1.086401659530971e-02
1.285624405089768e-02
1.519401076771021e-02
1.793327514828892e-02
2.113701386059840e-02
2.487623760965422e-02
2.923211432121709e-02
3.429450621153311e-02
4.016274764704323e-02
4.695236449464898e-02
5.478419997346487e-02
6.379249824522579e-02
7.412225451801570e-02
8.592969885495146e-02
9.937822746994847e-02
1.146446036057482e-01
1.318815251930903e-01
1.512731556673133e-01
1.729910410906472e-01
1.971727503460433e-01
2.239602996175160e-01
2.534489087711150e-01
2.856956401289687e-01
3.207043676732103e-01
3.584125637525693e-01
3.986674241213132e-01
4.412454145790178e-01
4.858090063239300e-01
5.319160797852086e-01
5.790420436450079e-01
6.265310486930513e-01
6.736548930869806e-01
7.196371709515852e-01
7.636785600257219e-01
8.049526726119692e-01
8.428361983961696e-01
8.766789992758606e-01
9.060644439029323e-01
9.308002267620049e-01
9.508904822530357e-01
9.665907273594906e-01
9.783190873844608e-01
9.866585097436018e-01
9.922764463275151e-01
9.958251954357993e-01
9.979138440354388e-01
9.990476810027615e-01
9.996087124296135e-01
9.998581568859941e-01
9.999531608992097e-01
9.999861433610967e-01
9.999964324179043e-01
9.999992098527215e-01
9.999998524295326e-01
9.999999769955662e-01
9.999999971009660e-01
9.999999997044273e-01
9.999999999772671e-01
9.999999999984754e-01
9.999999999999709e-01
9.999999999999891e-01
1.000000000000002e+00
9.999999999999993e-01
1.000000000000000e+00
1.000000000000000e+00
1.000000000000000e+00
1.000000000000000e+00
1.000000000000000e+00
1.000000000000000e+00
1.000000000000000e+00
1.000000000000000e+00
1.000000000000000e+00
1.000000000000000e+00
1.000000000000000e+00
###9.999999999999996e+00
5.148705126626502e-09
6.512520314164692e-09
8.184263991873161e-09
1.018118632669167e-08
1.263111720060321e-08
1.563559193048542e-08
1.928756750989929e-08
2.373743939095246e-08
2.916548156140479e-08
3.578741252700435e-08
4.385533820300489e-08
5.369370605432814e-08
6.569219807669208e-08
8.031985810615665e-08
9.815845642100199e-08
1.198846960280590e-07
1.463531397566414e-07
1.785962768640402e-07
2.178637565936508e-07
2.656607250489138e-07
3.239505762379829e-07
3.946527393600491e-07
4.807630110668520e-07
5.855587744905561e-07
7.129076445349577e-07
8.677203037371695e-07
1.055906748098067e-06
1.284539710069224e-06
1.562210244240409e-06
1.899376621525408e-06
2.308694739420588e-06
2.805380647390140e-06
3.408100446292922e-06
4.138793840456827e-06
5.025160282776590e-06
6.098638098392456e-06
7.399601671658083e-06
8.975238747184006e-06
1.088319649290177e-05
1.319140274511142e-05
1.598417360740076e-05
1.936151493000615e-05
2.344408469927822e-05
2.837703332648101e-05
3.433543111894655e-05
4.152814356499275e-05
5.020724432640910e-05
6.067746929215333e-05
7.329797385037487e-05
8.850435769813234e-05
1.068211281803362e-04
1.288657494100309e-04
1.553932919544392e-04
1.872829731322522e-04
2.256045877168689e-04
2.716245356575702e-04
3.268828542247880e-04
3.931309199649324e-04
4.725058374791457e-04
5.676166019392318e-04
6.814498998083889e-04
8.176008633639817e-04
9.802736215189642e-04
1.174445696413164e-03
1.406265046914686e-03
1.682522485980584e-03
2.011428774202400e-03
2.402825481734362e-03
2.868068616281737e-03
3.420103507987573e-03
4.074907295842416e-03
4.850978440363383e-03
5.769250948018441e-03
6.853272235268747e-03
8.132988423170147e-03
9.641063222844692e-03
1.141507811046296e-02
1.349962410384839e-02
1.594375223498758e-02
1.880542037705631e-02
2.214912417748709e-02
2.604840266617628e-02
3.058649273632617e-02
3.585556912381284e-02
4.195723733104716e-02
4.900956427097574e-02
5.713547260345731e-02
6.647130980952155e-02
7.716411966473932e-02
8.937065161431884e-02
1.032557365742154e-01
1.189958047635152e-01
1.367416762106816e-01
1.566752280355990e-01
1.789639231134401e-01
2.037387202814446e-01
2.311336094664242e-01
2.612329676035553e-01
2.940805746219660e-01
3.296647293917436e-01
3.679045128026890e-01
4.086268549737659e-01
4.515868339647124e-01
4.964248169822150e-01
5.426778038341269e-01
5.898022888025032e-01
6.371274935533954e-01
6.839168937299139e-01
7.293938835425706e-01
7.727675914666148e-01
8.132349278625285e-01
8.501904207159615e-01
8.830332332115477e-01
9.113886802372767e-01
9.351112312145503e-01
9.542510565286301e-01
9.690999500584498e-01
9.801055705308644e-01
9.878649919830839e-01
9.930421152057166e-01
9.962791460438271e-01
9.981627784252872e-01
9.991724683815438e-01
9.996650760644885e-01
9.998806573399686e-01
9.999612888060884e-01
9.999887614112583e-01
9.999971656562368e-01
9.999993860647437e-01
9.999998881128098e-01
9.999999830100391e-01
9.999999979199761e-01
9.999999997937400e-01
9.999999999847946e-01
9.999999999989720e-01
9.999999999999918e-01
9.999999999999906e-01
1.000000000000002e+00
9.999999999999994e-01
1.000000000000000e+00
1.000000000000000e+00
1.000000000000000e+00
1.000000000000000e+00
1.000000000000000e+00
1.000000000000000e+00
1.000000000000000e+00
1.000000000000000e+00
1.000000000000000e+00
1.000000000000000e+00
1.000000000000000e+00
###1.020000000000000e+01
5.534511621114260e-09
6.998706431580083e-09
8.795389671584591e-09
1.094097091929930e-08
1.357291971921580e-08
1.680012778203457e-08
2.072204509433336e-08
2.549991699946829e-08
3.132696643892365e-08
3.843431184320635e-08
4.709187232627618e-08
5.764710001326364e-08
7.051734099444734e-08
8.620446947885704e-08
1.053312230494406e-07
1.286213024761753e-07
1.569888009769336e-07
1.915377669633273e-07
2.336040642890804e-07
2.847961497538753e-07
3.472112035090379e-07
4.229025273930514e-07
5.150642845150349e-07
6.271991377057075e-07
7.634329365209776e-07
9.290057393412276e-07
1.130221780739789e-06
1.374623383122982e-06
1.671365864971890e-06
2.031597211333782e-06
2.468799648062388e-06
2.999177960281348e-06
3.642606715963844e-06
4.422434318001304e-06
5.368097059793998e-06
6.513137599130453e-06
7.900378415148130e-06
9.580007497686267e-06
1.161327422573752e-05
1.407229157165443e-05
1.704664351322942e-05
2.064240159493559e-05
2.498757928264794e-05
3.023609894984354e-05
3.657362717528243e-05
4.422114355251048e-05
5.344591232692745e-05
6.457041531231956e-05
7.797475423924094e-05
9.411951783917337e-05
1.135592568656047e-04
1.369463176892250e-04
1.650781918132308e-04
1.988828231564325e-04
2.394888753931374e-04
2.882316362244527e-04
3.467343920831220e-04
4.168413687867535e-04
5.008005323674655e-04
6.013586892992265e-04
7.216548644729723e-04
8.654661653818177e-04
1.037205041207098e-03
1.242093779072987e-03
1.486583731141007e-03
1.777782213523273e-03
2.124285259600985e-03
2.536389199336600e-03
3.025961179457433e-03
3.606513899053431e-03
4.294720041328848e-03
5.109862399587249e-03
6.073734477043785e-03
7.210813458345465e-03
8.552228993704640e-03
1.013189736041740e-02
1.198870958203491e-02
1.416888167286416e-02
1.672308148511513e-02
1.971128518591561e-02
2.319955920271407e-02
2.726396260374430e-02
3.198982939560885e-02
3.747164493319018e-02
4.381327491676006e-02
5.113530184441181e-02
5.956270995990186e-02
6.923378267664489e-02
8.029755293457894e-02
9.291120172925206e-02
1.072407203981033e-01
1.234620221415823e-01
1.417237269522025e-01
1.622051049097994e-01
1.850691463208923e-01
2.104397620620032e-01
2.384424505551286e-01
2.691502603427567e-01
3.025932239006194e-01
3.387435940634476e-01
3.775017437440526e-01
4.186741131112707e-01
4.619943627219626e-01
5.070809905943089e-01
5.534506119112762e-01
6.005416348779958e-01
6.476695966536302e-01
6.940912114891984e-01
7.390313348753937e-01
7.817095797232130e-01
8.213472847462011e-01
8.573605025828364e-01
8.891967208038051e-01
9.165244181562948e-01
9.392444040445699e-01
9.574515624026545e-01
9.714723841954349e-01
9.817812199659675e-01
9.889865084640941e-01
9.937470667530239e-01
9.966926034484922e-01
9.983867867611728e-01
9.992832530142221e-01
9.997143580514921e-01
9.998999922411267e-01
9.999681482720730e-01
9.999909291917416e-01
9.999977602340507e-01
9.999995257612209e-01
9.999999157103618e-01
9.999999875373530e-01
9.999999985190754e-01
9.999999998571493e-01
9.999999999899437e-01
9.999999999993056e-01
1.000000000000004e+00
9.999999999999918e-01
1.000000000000002e+00
9.999999999999994e-01
1.000000000000000e+00
1.000000000000000e+00
1.000000000000000e+00
1.000000000000000e+00
1.000000000000000e+00
1.000000000000000e+00
1.000000000000000e+00
1.000000000000000e+00
1.000000000000000e+00
1.000000000000000e+00
1.000000000000000e+00
###1.040000000000000e+01
5.945915019069135e-09
7.517216270570586e-09
9.447154265243106e-09
1.175124065000363e-08
1.457723443254924e-08
1.804185622167282e-08
2.225144565396488e-08
2.737878975201829e-08
3.363088109210783e-08
4.125520922587483e-08
5.054061453811280e-08
6.185899064991245e-08
7.565707251578658e-08
9.247159608943823e-08
1.129687926189542e-07
1.379222267809446e-07
1.683091609683664e-07
2.053095505364109e-07
2.503506837334887e-07
3.051505350713336e-07
3.719498624112187e-07
4.529384246461988e-07
5.515259337982025e-07
6.714517498012245e-07
8.171150629641844e-07
9.941045228233004e-07
1.209141466753951e-06
1.470267481755100e-06
1.787226372077500e-06
2.171903131529265e-06
2.638650376475586e-06
3.204717098968117e-06
3.891253858102177e-06
4.723095361333807e-06
5.731513067328664e-06
6.952262475649548e-06
8.430753368511205e-06
1.022033290470901e-05
1.238604541099871e-05
1.500441142795768e-05
1.817055706110488e-05
2.199693881706903e-05
2.661930468386027e-05
3.220079742757664e-05
3.893821237405222e-05
4.706526804890923e-05
5.686515779465221e-05
6.867899326532247e-05
8.290883397839964e-05
1.000414694081045e-04
1.206629231354160e-04
1.454620635412175e-04
1.752807804840616e-04
2.110979731117236e-04
2.541038432806514e-04
3.057056404695949e-04
3.676135704520655e-04
4.417686802528284e-04
5.305346132540605e-04
6.368016922861225e-04
7.638675618863826e-04
9.156986411322864e-04
1.096923505726063e-03
1.313020071773877e-03
1.570753053895182e-03
1.877558575068022e-03
2.242431666660464e-03
2.676139377111736e-03
3.191077299114120e-03
3.801343803279322e-03
4.524329347747204e-03
5.380125018755904e-03
6.391408298260761e-03
7.583610835778950e-03
8.989077918398028e-03
1.064300671133066e-02
1.258562968154777e-02
1.486481820965066e-02
1.753288754689239e-02
2.065185162364289e-02
2.428939476292041e-02
2.852408963718620e-02
3.344339120525334e-02
3.914409100372838e-02
4.573229977177278e-02
5.333108578531716e-02
6.206743431783957e-02
7.208149027946190e-02
8.352412926692773e-02
9.655286857617862e-02
1.113345942771471e-01
1.280445013914673e-01
1.468285540946300e-01
1.678634601016584e-01
1.913069608117169e-01
2.172755994035138e-01
2.458859130306652e-01
2.771991368033180e-01
3.112310955925234e-01
3.479375451111749e-01
3.871998532208513e-01
4.288037834165687e-01
4.724615955396344e-01
5.177702087184581e-01
5.642264183353435e-01
6.112514484113141e-01
6.581484761645735e-01
7.041690645703855e-01
7.485411664411683e-01
7.904970111998081e-01
8.292835775674984e-01
8.643416694067311e-01
8.951664232897999e-01
9.214703789177355e-01
9.432001144764459e-01
9.604937693783424e-01
9.737107482036231e-01
9.833492681704860e-01
9.900264236982742e-01
9.943943034359135e-01
9.970680275838018e-01
9.985876885878803e-01
9.993812440614246e-01
9.997572738286309e-01
9.999165329081484e-01
9.999739090028957e-01
9.999927145568506e-01
9.999982395597744e-01
9.999996358059707e-01
9.999999369066536e-01
9.999999909202650e-01
9.999999989537095e-01
9.999999999017930e-01
9.999999999934309e-01
9.999999999995286e-01
1.000000000000010e+00
9.999999999999929e-01
1.000000000000002e+00
9.999999999999996e-01
1.000000000000000e+00
1.000000000000000e+00
1.000000000000000e+00
1.000000000000000e+00
1.000000000000000e+00
1.000000000000000e+00
1.000000000000000e+00
1.000000000000000e+00
1.000000000000000e+00
1.000000000000000e+00
1.000000000000000e+00
###1.059999999999999e+01
6.384423460261466e-09
8.069954499001241e-09
1.014195298027148e-08
1.261496849237826e-08
1.564773808598607e-08
1.936531057781524e-08
2.388133298985820e-08
2.938086463644012e-08
3.608553422788701e-08
4.426022722001647e-08
5.421387391105026e-08
6.634432496330648e-08
8.112952322853856e-08
9.914320755763460e-08
1.210977658539671e-07
1.478196452977011e-07
1.803531106594504e-07
2.199586026910589e-07
2.681603178816689e-07
3.267922827492724e-07
3.982473760856388e-07
4.848597933281733e-07
5.902675930812126e-07
7.184606035651654e-07
8.741272163192356e-07
1.063224859192257e-06
1.292915985660739e-06
1.571768809024290e-06
1.910152362268401e-06
2.320726943262947e-06
2.818765531808287e-06
3.422619472399169e-06
4.154786070768166e-06
5.041667638051777e-06
6.116473596384421e-06
7.417286214487498e-06
8.992247836900494e-06
1.089803115538979e-05
1.320367690791812e-05
1.599034550730434e-05
1.935899185840490e-05
2.342879043759950e-05
2.834361902781533e-05
3.427630954332714e-05
4.143534047939757e-05
5.006781891115147e-05
6.047363911299837e-05
7.301346043350308e-05
8.811235322990851e-05
1.062845669399027e-04
1.281490835534160e-04
1.544329959283495e-04
1.860246446014449e-04
2.239561948602244e-04
2.694821531058781e-04
3.240849141637934e-04
3.895654023834101e-04
4.679655932707608e-04
5.617697758721586e-04
6.740176898828351e-04
8.081720729879091e-04
9.683962171479156e-04
1.159543353893002e-03
1.387356699410755e-03
1.658926095184293e-03
1.982028556699649e-03
2.366072186926543e-03
2.822311084197814e-03
3.363686958360589e-03
4.004902494966903e-03
4.764088564132931e-03
5.662168877073320e-03
6.722729672773434e-03
7.972181940999414e-03
9.444118948862174e-03
1.117504725588912e-02
1.320657218001638e-02
1.558825087960780e-02
1.837407555853249e-02
2.162811776843952e-02
2.541972238929236e-02
2.982997060022080e-02
3.494845791027722e-02
4.087427479736856e-02
4.771575749683248e-02
5.559842552135712e-02
6.465119856358147e-02
7.501600021646648e-02
8.684539805893583e-02
1.002971330255590e-01
1.155387188382253e-01
1.327444103508710e-01
1.520566106203440e-01
1.736508435260861e-01
1.976774772417109e-01
2.242457936543955e-01
2.534629023525438e-01
2.853777408005734e-01
3.199914738149408e-01
3.572429301296166e-01
3.969941983848242e-01
4.390102187009012e-01
4.829819162311546e-01
5.284849797946288e-01
5.749970197433811e-01
6.219230515186051e-01
6.685552774515942e-01
7.141417334174409e-01
7.579152805100682e-01
7.991227466764635e-01
8.370380916234722e-01
8.711297001622790e-01
9.009398936150380e-01
9.262258807111188e-01
9.469792911964717e-01
9.633799258383634e-01
9.758181434083999e-01
9.848132163321904e-01
9.909882442779014e-01
9.949868916513853e-01
9.974078746422934e-01
9.987672634084024e-01
9.994676001957176e-01
9.997944947728115e-01
9.999306201930237e-01
9.999787233709263e-01
9.999941771358026e-01
9.999986237261991e-01
9.999997219450585e-01
9.999999530743481e-01
9.999999934296026e-01
9.999999992664610e-01
9.999999999329624e-01
9.999999999957665e-01
9.999999999996774e-01
1.000000000000013e+00
9.999999999999939e-01
1.000000000000001e+00
9.999999999999997e-01
1.000000000000000e+00
1.000000000000000e+00
1.000000000000000e+00
1.000000000000000e+00
1.000000000000000e+00
1.000000000000000e+00
1.000000000000000e+00
1.000000000000000e+00
1.000000000000000e+00
1.000000000000000e+00
1.000000000000000e+00
###1.079999999999999e+01
6.851623568214279e-09
8.658924991464895e-09
1.088230471442278e-08
1.353528214168654e-08
1.678829850865496e-08
2.077525937556374e-08
2.561755893338947e-08
3.151330013551939e-08
3.869969350852184e-08
4.746000799568845e-08
5.812458927934346e-08
7.111881177723189e-08
8.695374451366371e-08
1.062423848637914e-07
1.297460836461073e-07
1.583473485624962e-07
1.931614835394752e-07
2.355342335762176e-07
2.870924746204434e-07
3.497931584294093e-07
4.261902724984034e-07
5.187708333463885e-07
6.314146971507018e-07
7.683766365716802e-07
9.346508954973710e-07
1.136584880706599e-06
1.381807350611970e-06
1.679438216699994e-06
2.040521306913797e-06
2.478521359360666e-06
3.009687740773044e-06
3.653535096687240e-06
4.433981594903569e-06
5.379082289585027e-06
6.524092026315811e-06
7.909539380248487e-06
9.586450825547916e-06
1.161499867159837e-05
1.406843053274384e-05
1.703278937757207e-05
2.061515830609974e-05
2.494177711605768e-05
3.016506584840806e-05
3.646803406867975e-05
4.407142170290321e-05
5.323640081136056e-05
6.428036902471676e-05
7.758448957065136e-05
9.359793899327333e-05
1.128637348323652e-04
1.360353606174348e-04
1.638799008670970e-04
1.973342762147600e-04
2.374863136849543e-04
2.856576899189798e-04
3.434092414290733e-04
4.126365425486941e-04
4.954867428437438e-04
5.945699016439021e-04
7.130812751313527e-04
8.546553638717191e-04
1.023660123132730e-03
1.225182207618242e-03
1.465240081047877e-03
1.751260807439669e-03
2.091374658625025e-03
2.495417228195584e-03
2.975146370564069e-03
3.544067946606059e-03
4.217507936134535e-03
5.014360658333897e-03
5.956407142744514e-03
7.068167442474061e-03
8.377056917060866e-03
9.917949367862942e-03
1.172868938002146e-02
1.385228602642602e-02
1.634001259703937e-02
1.924756674144366e-02
2.264109764032219e-02
2.659164912972421e-02
3.118280666261189e-02
3.650632169709110e-02
4.266357336607730e-02
4.976509931464602e-02
5.793883078406543e-02
6.731554899472246e-02
7.803886504714494e-02
9.026288280905610e-02
1.041454379214794e-01
1.198544019579610e-01
1.375628509189686e-01
1.574093584231822e-01
1.795677012141956e-01
2.041806735740629e-01
2.313497493100867e-01
2.611721432258052e-01
2.936840141834954e-01
3.288714238231263e-01
3.666558671100549e-01
4.068799053017246e-01
4.492875509103565e-01
4.935485123721646e-01
5.392176573808907e-01
5.857541169930105e-01
6.325477468226783e-01
6.788812189020494e-01
7.240007121798164e-01
7.671458658159794e-01
8.075800428983186e-01
8.446055824156797e-01
8.777209325270392e-01
9.065152721669383e-01
9.307908225191263e-01
9.505833952765772e-01
9.661127226222043e-01
9.777980130123658e-01
9.861767924977958e-01
9.918755842709056e-01
9.955279302542094e-01
9.977145750801638e-01
9.989272373098887e-01
9.995434231407041e-01
9.998266462390202e-01
9.999425646384723e-01
9.999827272209600e-01
9.999953689168841e-01
9.999989298381922e-01
9.999997881319993e-01
9.999999653214112e-01
9.999999952770625e-01
9.999999994897676e-01
9.999999999545055e-01
9.999999999973272e-01
9.999999999997720e-01
1.000000000000015e+00
9.999999999999943e-01
1.000000000000001e+00
9.999999999999998e-01
1.000000000000000e+00
1.000000000000000e+00
1.000000000000000e+00
1.000000000000000e+00
1.000000000000000e+00
1.000000000000000e+00
1.000000000000000e+00
1.000000000000000e+00
1.000000000000000e+00
1.000000000000000e+00
1.000000000000000e+00
###1.099999999999999e+01
7.349184160136071e-09
9.286235523260261e-09
1.167086094058562e-08
1.451547134612315e-08
1.800298367853069e-08
2.227671752930013e-08
2.746627707903252e-08
3.378362318095193e-08
4.148266997518061e-08
5.086573824097043e-08
6.228635883458199e-08
7.619895734617560e-08
9.314975097619389e-08
1.137933730858281e-07
1.389430884260389e-07
1.695408147214442e-07
2.067771442517890e-07
2.520882384104390e-07
3.072095937143796e-07
3.742284932171223e-07
4.558693009649199e-07
5.547808032831795e-07
6.750987391834304e-07
8.213580382574755e-07
9.988762735258273e-07
1.214413087691210e-06
1.476089970430914e-06
1.793609708719068e-06
2.178728314794856e-06
2.645760091976118e-06
3.211984652908872e-06
3.898143766284964e-06
4.729654087690449e-06
5.736312543400311e-06
6.955531716422314e-06
8.430411836893781e-06
1.021502164318299e-05
1.237321516059371e-05
1.498266679905826e-05
1.813455516883813e-05
2.194240450269353e-05
2.653988204712164e-05
3.208838022243913e-05
3.878159549907175e-05
4.685313145117753e-05
5.657892997807044e-05
6.829472676936713e-05
8.240318360994068e-05
9.937872189487735e-05
1.197944860866831e-04
1.443400643162857e-04
1.738243662515807e-04
2.092351011178663e-04
2.517182401397448e-04
3.026655989763990e-04
3.637198666441549e-04
4.368753347078396e-04
5.243887136572624e-04
6.290011179201326e-04
7.540696225838930e-04
9.034073609844522e-04
1.081594975024060e-03
1.293961552042634e-03
1.546811030200000e-03
1.847920126406102e-03
2.205785013618492e-03
2.630683541152677e-03
3.134894400773593e-03
3.732505998841036e-03
4.439486918979767e-03
5.275518359337662e-03
6.263263710769120e-03
7.428202157517263e-03
8.798778586380967e-03
1.041118007139859e-02
1.230461792203168e-02
1.452353534074054e-02
1.712095194907869e-02
2.015429823120184e-02
2.369182092696729e-02
2.780629712211525e-02
3.258381273575354e-02
3.811828638998858e-02
4.451337230387092e-02
5.188178073598650e-02
6.035380994847906e-02
7.006202330037170e-02
8.115161977942770e-02
9.377807828436960e-02
1.080991847196641e-01
1.242828949660427e-01
1.425008537610656e-01
1.628875177049903e-01
1.856143975821152e-01
2.108163909528402e-01
2.385867103387175e-01
2.690121780860865e-01
3.021159062508417e-01
3.378677945463941e-01
3.761722476842822e-01
4.168518748827500e-01
4.596297002679230e-01
5.041543881449190e-01
5.499604569550536e-01
5.964893358538902e-01
6.431168416332694e-01
6.891176187776673e-01
7.337377098902650e-01
7.762254238378510e-01
8.158625731079537e-01
8.519812922640545e-01
8.841122659148736e-01
9.118912798774375e-01
9.351656655689250e-01
9.540143913183801e-01
9.686952633134855e-01
9.796541014624129e-01
9.874439111628132e-01
9.926921321539627e-01
9.960205221021138e-01
9.979905143918038e-01
9.990692719431141e-01
9.996097529193468e-01
9.998543082984915e-01
9.999526471872451e-01
9.999860407769131e-01
9.999963348840740e-01
9.999991723396078e-01
9.999998402391157e-01
9.999999745273241e-01
9.999999966288521e-01
9.999999996473959e-01
9.999999999694505e-01
9.999999999983044e-01
9.999999999998489e-01
1.000000000000012e+00
9.999999999999960e-01
1.000000000000001e+00
9.999999999999998e-01
1.000000000000000e+00
1.000000000000000e+00
1.000000000000000e+00
1.000000000000000e+00
1.000000000000000e+00
1.000000000000000e+00
1.000000000000000e+00
1.000000000000000e+00
1.000000000000000e+00
1.000000000000000e+00
1.000000000000000e+00
###1.119999999999999e+01
7.878859933383821e-09
9.954102434489056e-09
1.251040901768466e-08
1.555899514608063e-08
1.929607061197502e-08
2.387495718354217e-08
2.943395594687029e-08
3.619974481634914e-08
4.444396512903756e-08
5.448917221507041e-08
6.671346868900458e-08
8.160210022546234e-08
9.973856288860673e-08
1.218216277259664e-07
1.487195852579861e-07
1.814372833537328e-07
2.212450746676177e-07
2.696748807439390e-07
3.285771745123313e-07
4.001773838689383e-07
4.873796130004796e-07
5.930042345592763e-07
7.214575253760969e-07
8.775705538387817e-07
1.067002557834117e-06
1.296948777080931e-06
1.576051156843372e-06
1.914628043423413e-06
2.325186852879311e-06
2.822938729805579e-06
3.426249937956503e-06
4.157156231832293e-06
5.042654012040071e-06
6.114375348872109e-06
7.412007935385595e-06
8.981355016637362e-06
1.087969255939075e-05
1.317474674031003e-05
1.594884841636216e-05
1.929857573795488e-05
2.334422128558570e-05
2.822725681441766e-05
3.411849573334456e-05
4.122285203204215e-05
4.978742123864922e-05
6.010364548933786e-05
7.252647050474143e-05
8.748108947495987e-05
1.054683523018346e-04
1.270929416893914e-04
1.530822140502553e-04
1.842888069173886e-04
2.217535076569445e-04
2.666830035269843e-04
3.205423231474809e-04
3.850595379539202e-04
4.623318596893051e-04
5.547289399690095e-04
6.651318586169435e-04
7.970625560505279e-04
9.545210264412301e-04
1.142308858284440e-03
1.366006827050759e-03
1.632214854678582e-03
1.949072079267145e-03
2.325453502972351e-03
2.772094342297969e-03
3.301811582583746e-03
3.929294927925509e-03
4.671175199036588e-03
5.547944287472125e-03
6.583173325010658e-03
7.803326183462348e-03
9.237902534156484e-03
1.092443561596928e-02
1.290353217320659e-02
1.522109934868778e-02
1.793193304580130e-02
2.109522281563106e-02
2.478133259046814e-02
2.906480301701739e-02
3.403421668408314e-02
3.978566638985668e-02
4.642506435733945e-02
5.406725962626267e-02
6.284482730070166e-02
7.289214760063004e-02
8.435577860675104e-02
9.739244665156890e-02
1.121597287494248e-01
1.288253869050551e-01
1.475593688441423e-01
1.684917087891042e-01
1.917911186556056e-01
2.175843253353570e-01
2.459557528364092e-01
2.769813605635504e-01
3.106707551437657e-01
3.469772151523233e-01
3.857877374940858e-01
4.269047864778120e-01
4.700303826747133e-01
5.147923758365969e-01
5.607054715920180e-01
6.071942466181257e-01
6.536216708922353e-01
6.992559201216294e-01
7.433446656425878e-01
7.851467918313425e-01
8.239644448205294e-01
8.591609633898326e-01
8.903011616000586e-01
9.170672082610865e-01
9.393514121945902e-01
9.572747167691897e-01
9.711310217683607e-01
9.813904142333053e-01
9.886186345454694e-01
9.934416195311496e-01
9.964677485310920e-01
9.982380165559955e-01
9.991949557131351e-01
9.996675656860161e-01
9.998780096024563e-01
9.999611202087494e-01
9.999887696840255e-01
9.999971136703917e-01
9.999993633426256e-01
9.999998802143796e-01
9.999999814112170e-01
9.999999976094700e-01
9.999999997583267e-01
9.999999999795804e-01
9.999999999989534e-01
9.999999999998952e-01
1.000000000000010e+00
9.999999999999968e-01
1.000000000000001e+00
9.999999999999998e-01
1.000000000000000e+00
1.000000000000000e+00
1.000000000000000e+00
1.000000000000000e+00
1.000000000000000e+00
1.000000000000000e+00
1.000000000000000e+00
1.000000000000000e+00
1.000000000000000e+00
1.000000000000000e+00
1.000000000000000e+00
###1.139999999999999e+01
8.442495313449779e-09
1.066485549259272e-08
1.340387886522526e-08
1.666948944889543e-08
2.067205470311031e-08
2.557551918215084e-08
3.152739298696310e-08
3.876997723165437e-08
4.759371988490533e-08
5.834265672723131e-08
7.142092300014382e-08
8.734644749858482e-08
1.067422496543932e-07
1.303538708993785e-07
1.591079044862476e-07
1.940758301871006e-07
2.366125413894203e-07
2.883511035028613e-07
3.512639021142047e-07
4.277224719818435e-07
5.208209459990386e-07
6.335611492785937e-07
7.706354292745706e-07
9.371877886341561e-07
1.139238351479187e-06
1.384442468415819e-06
1.681991618232464e-06
2.042853958218275e-06
2.480329437233558e-06
3.010575545595074e-06
3.653104275320529e-06
4.431315369845133e-06
5.373870015531519e-06
6.514333003419620e-06
7.894789767375869e-06
9.563884155422717e-06
1.158227146341672e-05
1.402174905055957e-05
1.696954395967295e-05
2.052790919898497e-05
2.482424706258780e-05
3.000822702934881e-05
3.626055098306636e-05
4.379790311355301e-05
5.288152545295463e-05
6.381911957151131e-05
7.698574879248403e-05
9.283021123576884e-05
1.118810153041693e-04
1.347758465491294e-04
1.622815575387024e-04
1.952964860594274e-04
2.349168695301879e-04
2.824127759262169e-04
3.393256265990348e-04
4.074725257230066e-04
4.890579238611026e-04
5.865635614119768e-04
7.030328411128318e-04
8.421425784878945e-04
1.008092400380725e-03
1.205913385255238e-03
1.441447495654940e-03
1.721601435787318e-03
2.054889873766629e-03
2.450579854712841e-03
2.919879420213071e-03
3.476161679765003e-03
4.134736741841003e-03
4.912917613515317e-03
5.832031070734484e-03
6.916581685895284e-03
8.194043795440876e-03
9.694997178495077e-03
1.145835425859840e-02
1.352614585998339e-02
1.594577230168998e-02
1.877383535800383e-02
2.207130866261865e-02
2.591069247503712e-02
3.036831741506620e-02
3.553525857102952e-02
4.150978569206284e-02
4.840004817721860e-02
5.632299472215532e-02
6.541341646246504e-02
7.580743425984543e-02
8.765283215021794e-02
1.011074142621805e-01
1.163283754661089e-01
1.334830002944026e-01
1.527390977691526e-01
1.742224465967635e-01
1.980979433057827e-01
2.244840213139889e-01
2.534557792013699e-01
2.850778479627894e-01
3.193458393799635e-01
3.561960884776687e-01
3.954977755288644e-01
4.370331008587823e-01
4.804831169233165e-01
5.254551473106415e-01
5.714446876851328e-01
6.178603836904636e-01
6.640536198632215e-01
7.092877150966428e-01
7.528137728376486e-01
7.939031643205420e-01
8.318802156479519e-01
8.661408474457386e-01
8.962856403962253e-01
9.220429068495934e-01
9.433495825342504e-01
9.603672497707891e-01
9.734238062279326e-01
9.830111782777734e-01
9.897051355786960e-01
9.941277918728528e-01
9.968726466959397e-01
9.984593300524853e-01
9.993057970184265e-01
9.997177681572823e-01
9.998982340813253e-01
9.999682088902951e-01
9.999910061363320e-01
9.999977382152935e-01
9.999995129142369e-01
9.999999106992929e-01
9.999999865226107e-01
9.999999983158882e-01
9.999999998357154e-01
9.999999999864088e-01
9.999999999993748e-01
9.999999999999243e-01
1.000000000000009e+00
9.999999999999972e-01
1.000000000000001e+00
9.999999999999998e-01
1.000000000000000e+00
1.000000000000000e+00
1.000000000000000e+00
1.000000000000000e+00
1.000000000000000e+00
1.000000000000000e+00
1.000000000000000e+00
1.000000000000000e+00
1.000000000000000e+00
1.000000000000000e+00
1.000000000000000e+00
###1.159999999999999e+01
9.042028601113620e-09
1.142094405994565e-08
1.435434963231226e-08
1.785077521216076e-08
2.213565982599679e-08
2.738422550609668e-08
3.375372980308772e-08
4.150305240982936e-08
5.094258596173243e-08
6.243915852727847e-08
7.642447682551226e-08
9.345111424014968e-08
1.141839772550896e-07
1.394181479174574e-07
1.701419705545569e-07
2.074974506870862e-07
2.529293463177886e-07
3.081766313789138e-07
3.753417875444187e-07
4.569504784091934e-07
5.562978198850833e-07
6.765772949092086e-07
8.227836857619873e-07
1.000391543094335e-06
1.215802051425137e-06
1.477156377384525e-06
1.794226021875697e-06
2.178664843305347e-06
2.644608423965971e-06
3.209212271252865e-06
3.893196462520308e-06
4.721397514885263e-06
5.724230482945277e-06
6.937294986380523e-06
8.405202274628560e-06
1.017958084502330e-05
1.232464504865606e-05
1.491647097002209e-05
1.804743187070302e-05
2.182574350636611e-05
2.638627356578519e-05
3.188729907816177e-05
3.851989749441651e-05
4.651309871222107e-05
5.614297292086440e-05
6.773427000156348e-05
8.168311550650178e-05
9.846302768643529e-05
1.186314512294722e-04
1.428605939841092e-04
1.719585991028754e-04
2.068715470401247e-04
2.487535857484925e-04
2.989409195988900e-04
3.590546554087591e-04
4.310047015136767e-04
5.171072034055377e-04
6.199610402180275e-04
7.427772619115168e-04
8.893950008194380e-04
1.064220730300375e-03
1.272523821512393e-03
1.520417174400545e-03
1.815125363218447e-03
2.165552038692290e-03
2.581369789489348e-03
3.074275286147384e-03
3.658215965835391e-03
4.349141798162446e-03
5.165068233761953e-03
6.128181489273743e-03
7.263945583339193e-03
8.600871289269027e-03
1.017064385442526e-02
1.201358799658944e-02
1.417318714113035e-02
1.669836339689539e-02
1.964755354382022e-02
2.308353902872516e-02
2.708097486958912e-02
3.171800424366793e-02
3.708818982876869e-02
4.329197681625950e-02
5.043972697139053e-02
5.865044431510390e-02
6.806107707083228e-02
7.880937972191729e-02
9.104424384912757e-02
1.049243668343447e-01
1.206064292608165e-01
1.382567766019494e-01
1.580402180042037e-01
1.800801191986003e-01
2.045348163551917e-01
2.315148624784940e-01
2.610855107700863e-01
2.932995978558651e-01
3.281382669458596e-01
3.655205942461116e-01
4.052975774368850e-01
4.472310666009126e-01
4.909812344741631e-01
5.361352276658087e-01
5.821700024511774e-01
6.284792718318730e-01
6.744041477143863e-01
7.192047696889390e-01
7.621375026639629e-01
8.024881136021326e-01
8.396049050641003e-01
8.729177152412313e-01
9.020642782324330e-01
9.268187683380869e-01
9.471621894235811e-01
9.632952759551698e-01
9.755777223755501e-01
9.845208035547572e-01
9.907076629274350e-01
9.947543814917355e-01
9.972381897183575e-01
9.986566163364285e-01
9.994032193744946e-01
9.997612048450092e-01
9.999154234087094e-01
9.999741129588210e-01
9.999928300556394e-01
9.999982364098358e-01
9.999996293653627e-01
9.999999338070775e-01
9.999999902915844e-01
9.999999988212334e-01
9.999999998892442e-01
9.999999999909868e-01
9.999999999996426e-01
9.999999999999435e-01
1.000000000000008e+00
9.999999999999977e-01
1.000000000000001e+00
9.999999999999998e-01
1.000000000000000e+00
1.000000000000000e+00
1.000000000000000e+00
1.000000000000000e+00
1.000000000000000e+00
1.000000000000000e+00
1.000000000000000e+00
1.000000000000000e+00
1.000000000000000e+00
1.000000000000000e+00
1.000000000000000e+00
###1.179999999999999e+01
9.679496177230172e-09
1.222493987867974e-08
1.536505641157005e-08
1.910686672759130e-08
2.369184854525999e-08
2.930719181067778e-08
3.612046745862078e-08
4.440814075128804e-08
5.450174836047477e-08
6.679229157767588e-08
8.174066902768273e-08
9.993616308011153e-08
1.220880562382311e-07
1.490438836018437e-07
1.818573699564019e-07
2.217451396397006e-07
2.702470224319122e-07
3.292140757212301e-07
4.008863078059360e-07
4.879523270702360e-07
5.939197352352081e-07
7.221843833575253e-07
8.780606606189141e-07
1.067372152190716e-06
1.296922249942853e-06
1.575364892195486e-06
1.913083558821692e-06
2.322455403008445e-06
2.818496800615541e-06
3.419415499219886e-06
4.147204521961125e-06
5.028213805014342e-06
6.094705078407975e-06
7.384419756623717e-06
8.944628626563485e-06
1.083009470590457e-05
1.310878114850445e-05
1.586125769987555e-05
1.918530470714088e-05
2.319540123198187e-05
2.803425150954082e-05
3.386916656167700e-05
4.090210721381145e-05
4.937504804715174e-05
5.957959704696338e-05
7.185837197946697e-05
8.662954344328096e-05
1.043925081464165e-04
1.257349737605550e-04
1.513652478432503e-04
1.821346236502285e-04
2.190390419062003e-04
2.632931120216021e-04
3.163020249563924e-04
3.797699783547313e-04
4.557035851480405e-04
5.465352928514374e-04
6.549862881438645e-04
7.844408571489716e-04
9.389080148907620e-04
1.123008552119167e-03
1.342259176091199e-03
1.603053732609443e-03
1.912946043576739e-03
2.281242541676250e-03
2.718035147360403e-03
3.235525309219604e-03
3.848253366690931e-03
4.572828952591832e-03
5.427990517423534e-03
6.436808628195774e-03
7.625733045662980e-03
9.024337120769582e-03
1.066543693529629e-02
1.259080266088758e-02
1.484539867476872e-02
1.747969679765148e-02
2.055399741043368e-02
2.413291214341785e-02
2.829326830838488e-02
3.311504044220552e-02
3.869427281576602e-02
4.513359465217152e-02
5.254550776394590e-02
6.105106508866585e-02
7.078929203021438e-02
8.189946326883232e-02
9.453144960473875e-02
1.088446503408794e-01
1.249950334458972e-01
1.431477092086240e-01
1.634642406409591e-01
1.860650143096838e-01
2.111015523037440e-01
2.386760796552728e-01
2.688434940879049e-01
3.016443742469391e-01
3.370449375422650e-01
3.749466971205873e-01
4.151821454619936e-01
4.574927326472137e-01
5.015178950508733e-01
5.468250141412686e-01
5.928732465123254e-01
6.390424354167344e-01
6.846648141725686e-01
7.289990504542220e-01
7.713086293028431e-01
8.108956104712512e-01
8.471340158778274e-01
8.794888611768317e-01
9.076362001618307e-01
9.313957121038353e-01
9.507917119605447e-01
9.660624546552005e-01
9.775971361054443e-01
9.859238459127602e-01
9.916305081980249e-01
9.953175371250906e-01
9.975672695573268e-01
9.988319406268871e-01
9.994885581887494e-01
9.997986445338370e-01
9.999299737673406e-01
9.999790084105686e-01
9.999943102657712e-01
9.999986317001776e-01
9.999997177145825e-01
9.999999511971083e-01
9.999999930534638e-01
9.999999991793221e-01
9.999999999261966e-01
9.999999999939694e-01
9.999999999998288e-01
9.999999999999510e-01
1.000000000000009e+00
9.999999999999976e-01
1.000000000000001e+00
9.999999999999998e-01
1.000000000000000e+00
1.000000000000000e+00
1.000000000000000e+00
1.000000000000000e+00
1.000000000000000e+00
1.000000000000000e+00
1.000000000000000e+00
1.000000000000000e+00
1.000000000000000e+00
1.000000000000000e+00
1.000000000000000e+00
###1.199999999999999e+01
1.035703691343308e-08
1.307954478643189e-08
1.643939728332230e-08
2.044198034938605e-08
2.534583342184825e-08
3.135084071180091e-08
3.863548287577816e-08
4.749511629768641e-08
5.828294949541008e-08
7.141634588505171e-08
8.738685691819215e-08
1.068226457040636e-07
1.304799899966797e-07
1.592619419793240e-07
1.942914207469899e-07
2.368639763569856e-07
2.886199796559341e-07
3.515290563844577e-07
4.279765495992394e-07
5.208227138389595e-07
6.338013799998912e-07
7.705203367126265e-07
9.366321461611465e-07
1.138328830002141e-06
1.382838145776350e-06
1.679355061195863e-06
2.038908521629702e-06
2.474638342379018e-06
3.002488995849134e-06
3.641777242735060e-06
4.415836827853918e-06
5.352611255821109e-06
6.486306289665131e-06
7.856916605576127e-06
9.514512256625568e-06
1.151714822879516e-05
1.393673222550149e-05
1.685855381667253e-05
2.038607298570540e-05
2.464034432714148e-05
2.977229637562582e-05
3.595871670995434e-05
4.341297996609399e-05
5.239062822909894e-05
6.319954580976288e-05
7.620106918364712e-05
9.183643764947187e-05
1.106321278212259e-04
1.332074868589083e-04
1.603085608033721e-04
1.928317193236484e-04
2.318249586274849e-04
2.785659894074798e-04
3.345319404145856e-04
4.015136208830189e-04
4.816183789562379e-04
5.773997267944591e-04
6.917064506414770e-04
8.281019253436207e-04
9.907727480491528e-04
1.184561755207717e-03
1.415242278604052e-03
1.689499379580915e-03
2.015227797584668e-03
2.402150895835514e-03
2.860794003160895e-03
3.403879839431358e-03
4.046560589822257e-03
4.806125692384098e-03
5.702057443200979e-03
6.758336010597062e-03
8.002423465325313e-03
9.464982018674437e-03
1.117998392377599e-02
1.319067797798118e-02
1.554353763429280e-02
1.829061159748646e-02
2.149409181647507e-02
2.522044103813909e-02
2.954867534900944e-02
3.456061567957595e-02
4.035478095020913e-02
4.703604076905082e-02
5.471880145305241e-02
6.352631108346435e-02
7.359953423493032e-02
8.507914495284823e-02
9.811585520529358e-02
1.128695673765815e-01
1.294953151096803e-01
1.481567638159123e-01
1.690117455893290e-01
1.921773236900906e-01
2.177978310707806e-01
2.459667469842582e-01
2.767280977109836e-01
3.101097449886547e-01
3.460624137073506e-01
3.844701474811008e-01
4.251462730384066e-01
4.678119563098209e-01
5.120860984300140e-01
5.575167917514167e-01
6.035462036325334e-01
6.495414349625950e-01
6.948273034366292e-01
7.386627485763851e-01
7.803202518854240e-01
8.191200418168071e-01
8.544635374600311e-01
8.858521062547648e-01
9.130010710343437e-01
9.357751644746695e-01
9.542410661274012e-01
9.686727823388306e-01
9.794866305458151e-01
9.872249605664994e-01
9.924778926782042e-01
9.958377210008117e-01
9.978625015462362e-01
9.989872356265135e-01
9.995630388352239e-01
9.998307915539415e-01
9.999422378605382e-01
9.999830489526440e-01
9.999955054696842e-01
9.999989436673066e-01
9.999997877622016e-01
9.999999642240004e-01
9.999999950611635e-01
9.999999994322685e-01
9.999999999512283e-01
9.999999999959776e-01
9.999999999999333e-01
9.999999999999596e-01
1.000000000000008e+00
9.999999999999978e-01
1.000000000000001e+00
9.999999999999998e-01
1.000000000000000e+00
1.000000000000000e+00
1.000000000000000e+00
1.000000000000000e+00
1.000000000000000e+00
1.000000000000000e+00
1.000000000000000e+00
1.000000000000000e+00
1.000000000000000e+00
1.000000000000000e+00
1.000000000000000e+00
###1.219999999999999e+01
1.107689682618864e-08
1.398759626907987e-08
1.758094074834501e-08
2.186054372836783e-08
2.710308947269445e-08
3.352191598688041e-08
4.130732932350121e-08
5.077389909846528e-08
6.229851425592204e-08
7.632631767229007e-08
9.338125217170832e-08
1.141326462657537e-07
1.393865283220944e-07
1.701046888446196e-07
2.074832533338136e-07
2.529012151767184e-07
3.081052400206822e-07
3.751903305816801e-07
4.566953622682838e-07
5.556618379201302e-07
6.760628462158104e-07
8.217295415133072e-07
9.986716704271284e-07
1.213470034326063e-06
1.473799973682355e-06
1.789427101895585e-06
2.172060907099096e-06
2.635645080221638e-06
3.197101721555628e-06
3.876915996637444e-06
4.699833283157253e-06
5.695474395356078e-06
6.900091078673557e-06
8.356047571529109e-06
1.011635912454413e-05
1.224253742615644e-05
1.481063837471231e-05
1.791090789456614e-05
2.165276962463739e-05
2.616417907528070e-05
3.160469257619714e-05
3.816103713078539e-05
4.605855128088632e-05
5.556699334708266e-05
6.701129229569748e-05
8.077238730001846e-05
9.731564935146092e-05
1.171958832391368e-04
1.410655050603635e-04
1.697099963448657e-04
2.040728020142418e-04
2.452562470743414e-04
2.946038761823390e-04
3.536678088869842e-04
4.243291060022674e-04
5.088000141563074e-04
6.097600317503324e-04
7.301909647034567e-04
8.738413919141757e-04
1.045083334471860e-03
1.248989660850913e-03
1.491599864938544e-03
1.779900757428617e-03
2.122139959708867e-03
2.528472265541010e-03
3.009870777221322e-03
3.579596321557491e-03
4.253432238744165e-03
5.049368247518348e-03
5.987651613549980e-03
7.093197684967432e-03
8.394507662722178e-03
9.923359015102055e-03
1.171490543688959e-02
1.381390749258542e-02
1.626837553963329e-02
1.913196153844155e-02
2.246877623219610e-02
2.634715290016151e-02
3.084831162456981e-02
3.605593100638565e-02
4.207099608086127e-02
4.900059535210508e-02
5.696101876512812e-02
6.607763052246485e-02
7.649326316712926e-02
8.834986171105227e-02
1.017988317932844e-01
1.170003720960420e-01
1.341083484876677e-01
1.532846733497325e-01
1.746832118827789e-01
1.984171449427143e-01
2.246231895687298e-01
2.533857448331359e-01
2.847375064398796e-01
3.186930781474566e-01
3.551872984893140e-01
3.940864830381924e-01
4.351845488803248e-01
4.781824108309982e-01
5.226786957613097e-01
5.682027484167144e-01
6.141808046858723e-01
6.599678856352011e-01
7.048834472201443e-01
7.481883027112536e-01
7.891658148637143e-01
8.271562261673103e-01
8.615899554928645e-01
8.920057982906416e-01
9.181590846108372e-01
9.399590386507762e-01
9.575135780658118e-01
9.711305632316206e-01
9.812509895527050e-01
9.884289036889967e-01
9.932542244959803e-01
9.963088048944768e-01
9.981268425569185e-01
9.991243951267311e-01
9.996278466340048e-01
9.998582962371492e-01
9.999525355234952e-01
9.999863693718001e-01
9.999964660228645e-01
9.999991885854240e-01
9.999998412641485e-01
9.999999739286520e-01
9.999999965108659e-01
9.999999996098419e-01
9.999999999680286e-01
9.999999999973289e-01
9.999999999999873e-01
9.999999999999680e-01
1.000000000000007e+00
9.999999999999981e-01
1.000000000000000e+00
9.999999999999999e-01
1.000000000000000e+00
1.000000000000000e+00
1.000000000000000e+00
1.000000000000000e+00
1.000000000000000e+00
1.000000000000000e+00
1.000000000000000e+00
1.000000000000000e+00
1.000000000000000e+00
1.000000000000000e+00
1.000000000000000e+00
