#./build/bin/rcbk -ic FILE ./data/ic/68/ic_208_10.dat -rc BALITSKY -alphas_scaling 5.224913015312304 -maxy 12 -fast -output ./data/bks/68/ic_208_10.dat 
# BK equation solver 20160623 (build May 19 2026 14:19:13)
# Heikki Mäntysaari <mantysaari@bnl.gov>, 2011-2016
# Running coupling: Balitsky
# Scaling factor C^2 in alpha_s: 5.22491
# Initial condition is String is not impelmented for the current IC N(r=0.0333803 1/GeV) = 0.00026131
# \alpha_s = 12 \pi / [ (33.0 - 2.0*Nf) * log(4.0*C^2/(r^2*lambdaqcd^2) ], C^2=5.22491, lambdaqcd=0.241 GeV, maxalphas=0.7 nf=3
# Using fast (and not so accurate) parameters
# Solving BK equation up to y=12
# r limits: 1e-05 - 100 points 150 multiplier 1.11424
# maxy 12 ystep 0.2
###1.000000000000000e-05
###1.114242875232510e+00
###150
###0.000000000000000e+00
###0.000000000000000e+00
0.000000000000000e+00
6.758239195103582e-11
8.301352727264891e-11
1.022495720499734e-10
1.258719853060754e-10
1.549017042738327e-10
1.906458829945299e-10
2.346131006240137e-10
2.886930743547923e-10
3.552146911180802e-10
4.370279715262543e-10
5.376399480387961e-10
6.613600844938917e-10
8.134805765122513e-10
1.000504231310492e-09
1.230417774909946e-09
1.513028711554860e-09
1.860382922685569e-09
2.287269834682655e-09
2.811844846385743e-09
3.456399093813483e-09
4.248290697583200e-09
5.221092390335748e-09
6.416009926850071e-09
7.883596464532433e-09
9.685865800607121e-09
1.189890277757495e-08
1.461601571450935e-08
1.795162332407084e-08
2.204605280893860e-08
2.707132970894591e-08
3.323831925212991e-08
4.080553596864928e-08
5.008976558664395e-08
6.147917238968897e-08
7.544945898076303e-08
9.258333490279724e-08
1.135945551135354e-07
1.393575411989119e-07
1.709430430714256e-07
2.096622055581858e-07
2.571208456754261e-07
3.152847665294208e-07
3.865605462457228e-07
4.738950167993638e-07
5.808949477621661e-07
7.119752817511086e-07
8.725416447670739e-07
1.069209973353396e-06
1.310078992469854e-06
1.605065750409531e-06
1.966309694463991e-06
2.408675020066891e-06
2.950369556333830e-06
3.613691128064227e-06
4.425957679646522e-06
5.420653996179355e-06
6.638817611426337e-06
8.130770429651132e-06
9.958255444201150e-06
1.219702662383571e-05
1.494009281034171e-05
1.830172379998529e-05
2.242232306982632e-05
2.747454242570611e-05
3.367083767968679e-05
4.127269430830552e-05
5.060221404182241e-05
6.205643516598619e-05
7.612488583456836e-05
9.341161854910190e-05
1.146624420304853e-04
1.407984201405272e-04
1.729578494760913e-04
2.125481338884150e-04
2.613097849273583e-04
3.213964134194045e-04
3.954735844520087e-04
4.868410319247756e-04
5.995849599522055e-04
7.387662703471868e-04
9.106535014323341e-04
1.123012224038283e-03
1.385462566190112e-03
1.709921558214188e-03
2.111150787729705e-03
2.607431909051337e-03
3.221400878451074e-03
3.981075754591091e-03
4.921119382847944e-03
6.084391982629082e-03
7.523847759926248e-03
9.304844825430153e-03
1.150795950902922e-02
1.423236700142558e-02
1.759988370456601e-02
2.175979599614055e-02
2.689445167160556e-02
3.322567229474570e-02
4.102205473254612e-02
5.060664948447972e-02
6.236476279013962e-02
7.675146149606828e-02
9.429643922138456e-02
1.156049644225265e-01
1.413525400236446e-01
1.722659803350423e-01
2.090883381787107e-01
2.525198720497202e-01
3.031225246609517e-01
3.611929737755804e-01
4.265866882800260e-01
4.985196615874811e-01
5.753957157725637e-01
6.546284522016309e-01
7.327266599604593e-01
8.056016253871782e-01
8.690354676107233e-01
9.198161739773605e-01
9.563925521482540e-01
9.795412270638340e-01
9.920447377691011e-01
9.974987876728743e-01
9.994421178294048e-01
9.999022884510174e-01
9.999888336557970e-01
9.999991739703523e-01
1.000000057452470e+00
9.999999915047535e-01
9.999999782814155e-01
1.000000011790449e+00
9.999999991822434e-01
9.999999974231316e-01
1.000000001366130e+00
9.999999999200396e-01
9.999999996943068e-01
1.000000000158212e+00
9.999999999924948e-01
9.999999999637605e-01
1.000000000018314e+00
9.999999999993396e-01
9.999999999957068e-01
1.000000000002119e+00
9.999999999999484e-01
9.999999999994916e-01
1.000000000000245e+00
9.999999999999970e-01
9.999999999999385e-01
1.000000000000033e+00
1.000000000000000e+00
###2.000000000000000e-01
7.266003847266868e-12
7.507724243233384e-11
9.251461818155660e-11
1.141389313134196e-10
1.406763737363011e-10
1.733494717907251e-10
2.135316991036728e-10
2.629428891922664e-10
3.237072691472003e-10
3.984436616662137e-10
4.903514081259907e-10
6.033787859055395e-10
7.423546482020512e-10
9.132448851139905e-10
1.123336976975944e-09
1.381617488247558e-09
1.699101223579966e-09
2.089331398585995e-09
2.568949489184895e-09
3.158281343453586e-09
3.882525176080666e-09
4.772232787537995e-09
5.865298891118658e-09
7.208085901248577e-09
8.857189745068484e-09
1.088274292745026e-08
1.336989124050547e-08
1.642386869584311e-08
2.017323588079884e-08
2.477591660568118e-08
3.042550459020620e-08
3.735928202320233e-08
4.586831615861628e-08
5.630867919978026e-08
6.911738112682802e-08
8.483174132187007e-08
1.041060788479602e-07
1.277449884013536e-07
1.567343037739567e-07
1.922784570492061e-07
2.358569435779015e-07
2.892795036982125e-07
3.547623423856245e-07
4.350191410351394e-07
5.333740912166931e-07
6.538943035214537e-07
8.015605359533710e-07
9.824771276943049e-07
1.204104834445720e-06
1.475585535798771e-06
1.808121623217453e-06
2.215405902130576e-06
2.714244161887028e-06
3.325166724665445e-06
4.073363658037214e-06
4.989679110429591e-06
6.112001190209572e-06
7.486507021883084e-06
9.169925268864471e-06
1.123214487583818e-05
1.375855663584390e-05
1.685406979122086e-05
2.064682928473713e-05
2.529589571365931e-05
3.099519017602441e-05
3.798349111716673e-05
4.655487354376897e-05
5.706975877209486e-05
6.997561528847586e-05
8.581527629335423e-05
1.052689932357141e-04
1.291699581176539e-04
1.585403443871563e-04
1.946450897452976e-04
2.390547112943764e-04
2.936833450900855e-04
3.609309350587327e-04
4.437160054264255e-04
5.456910416314713e-04
6.713337220176989e-04
8.261734069348762e-04
1.017053688722788e-03
1.252445801599477e-03
1.542791675342328e-03
1.900953353447604e-03
2.342883018636881e-03
2.888193261193461e-03
3.561166463092665e-03
4.391606648439653e-03
5.416436420047397e-03
6.680940363812692e-03
8.241048047151650e-03
1.016497146795378e-02
1.253692034275052e-02
1.546018689728870e-02
1.906010917286599e-02
2.349029774007396e-02
2.893681464522855e-02
3.562501074859468e-02
4.382489735321379e-02
5.385950165210587e-02
6.611244653516975e-02
8.102975256331696e-02
9.912966906198575e-02
1.209966296541051e-01
1.472753186926395e-01
1.786467884126786e-01
2.158001896475436e-01
2.593656688123583e-01
3.098260539090861e-01
3.673937213893444e-01
4.318546809198711e-01
5.023847661123207e-01
5.774052759483830e-01
6.544421945813448e-01
7.302192389350861e-01
8.009542028641931e-01
8.628099836759252e-01
9.128683542308994e-01
9.497161937829727e-01
9.739842399015843e-01
9.880588524087285e-01
9.950889856552008e-01
9.982072689108734e-01
9.993889875272342e-01
9.998218097106697e-01
9.999568078452603e-01
9.999912976557052e-01
9.999985454635028e-01
9.999997906072953e-01
9.999999865432626e-01
9.999999980131570e-01
9.999999983640423e-01
1.000000000747092e+00
9.999999999794642e-01
9.999999998245790e-01
1.000000000083749e+00
9.999999999978332e-01
9.999999999808405e-01
1.000000000009064e+00
9.999999999998118e-01
9.999999999979222e-01
1.000000000000971e+00
9.999999999999857e-01
9.999999999997765e-01
1.000000000000103e+00
9.999999999999993e-01
9.999999999999755e-01
1.000000000000012e+00
1.000000000000000e+00
###4.000000000000000e-01
1.519791928976772e-11
8.344986476516150e-11
1.031167288186127e-10
1.273963297131634e-10
1.571959356628175e-10
1.939082033412869e-10
2.390303262863132e-10
2.945012960570241e-10
3.627061106076582e-10
4.465859484854815e-10
5.497280327416351e-10
6.765712137501738e-10
8.325212603748613e-10
1.024291953130464e-09
1.260045366959498e-09
1.549873285571816e-09
1.906135023041385e-09
2.344032561088358e-09
2.882256782515534e-09
3.543557565583128e-09
4.356513205948627e-09
5.354712966391180e-09
6.581349317922470e-09
8.088326448827983e-09
9.938945770953437e-09
1.221230129769098e-08
1.500372173287055e-08
1.843128939341625e-08
2.263956620072999e-08
2.780576359985921e-08
3.414737277765787e-08
4.193114859105151e-08
5.148325055640783e-08
6.320400995029183e-08
7.758407436817017e-08
9.522867739573811e-08
1.168711912930477e-07
1.434163084484701e-07
1.759725728565028e-07
2.158917076339270e-07
2.648388691612410e-07
3.248467183700571e-07
3.984081260338339e-07
4.885745774510674e-07
5.990733242763430e-07
7.345048395352963e-07
9.004438809206249e-07
1.103769378375178e-06
1.352864631644470e-06
1.658014540148602e-06
2.031827185272418e-06
2.489690361951407e-06
3.050527949116325e-06
3.737403131283661e-06
4.578658441064061e-06
5.608964562575215e-06
6.870996523417725e-06
8.416499602890171e-06
1.030922069434987e-05
1.262781555684247e-05
1.546803952836988e-05
1.894772148178735e-05
2.321010888215765e-05
2.843404873531270e-05
3.483662474760732e-05
4.268480000443081e-05
5.230746167334415e-05
6.410651481651445e-05
7.858112591237971e-05
9.633661735678359e-05
1.181290242968238e-04
1.448862463389345e-04
1.777377977471729e-04
2.180832539012182e-04
2.676650107125749e-04
3.285811506061282e-04
4.034903783086505e-04
4.955779533014178e-04
6.088656159040184e-04
7.482405506048837e-04
9.197212723687620e-04
1.130749953345426e-03
1.390535105483453e-03
1.710357651099263e-03
2.104057870065518e-03
2.588820064200473e-03
3.185617868677582e-03
3.920412977053003e-03
4.824830472880685e-03
5.938078808444116e-03
7.307892427213771e-03
8.993179592802053e-03
1.106501408042622e-02
1.361120884270312e-02
1.673910162582676e-02
2.057748880528666e-02
2.528414855787970e-02
3.104868298310099e-02
3.809970147841449e-02
4.670838865559405e-02
5.719744544513766e-02
6.994845490272787e-02
8.539814477556092e-02
1.040532236395892e-01
1.264774746772667e-01
1.532854721470453e-01
1.851145214215178e-01
2.226021473950678e-01
2.663126666641283e-01
3.166553759956423e-01
3.737657928170597e-01
4.373676919809120e-01
5.066031622037406e-01
5.799132802846185e-01
6.549287685269215e-01
7.285688710252175e-01
7.973263968336063e-01
8.576962677522360e-01
9.070179628255450e-01
9.439954647253638e-01
9.691373958608164e-01
9.844990612498027e-01
9.928524536774290e-01
9.969938288011265e-01
9.988333435978274e-01
9.996110282613072e-01
9.998906282694536e-01
9.999737702016309e-01
9.999947163308216e-01
9.999991158483634e-01
9.999998881196205e-01
9.999999878043866e-01
9.999999981281176e-01
1.000000000354403e+00
9.999999999999968e-01
9.999999998997506e-01
1.000000000044123e+00
9.999999999998386e-01
9.999999999898882e-01
1.000000000004474e+00
9.999999999999770e-01
9.999999999989949e-01
1.000000000000444e+00
9.999999999999978e-01
9.999999999999017e-01
1.000000000000043e+00
1.000000000000000e+00
9.999999999999902e-01
1.000000000000005e+00
1.000000000000000e+00
###6.000000000000001e-01
2.386213628275686e-11
9.278724811806104e-11
1.149255172265338e-10
1.421559503623748e-10
1.755814308419033e-10
2.167939092187749e-10
2.673930113438736e-10
3.295981664861453e-10
4.060710504756677e-10
5.001104537451889e-10
6.157346886963014e-10
7.579243827685657e-10
9.327275232147201e-10
1.147685724375624e-09
1.411934787810521e-09
1.736784112461378e-09
2.136094143984370e-09
2.626890444727888e-09
3.230126168982475e-09
3.971258275373261e-09
4.882587455037317e-09
6.001086918507017e-09
7.375788492062331e-09
9.064728430915908e-09
1.113862970483974e-08
1.368646505096346e-08
1.681486490357141e-08
2.065604824777995e-08
2.537240432379866e-08
3.116202321220257e-08
3.826916433170366e-08
4.699288786616400e-08
5.769820709978916e-08
7.083406286147797e-08
8.695024655238763e-08
1.067266980834370e-07
1.309847711906309e-07
1.607364572516818e-07
1.972279252949439e-07
2.419719027911451e-07
2.968394962249097e-07
3.641021272068819e-07
4.465608755416423e-07
5.476404690279974e-07
6.714992813858936e-07
8.233308854965696e-07
1.009357599618537e-06
1.237304604620156e-06
1.516562805290927e-06
1.858665147018735e-06
2.277752373515468e-06
2.791059914936486e-06
3.419816872168498e-06
4.189842610571758e-06
5.132904853085124e-06
6.287829512006287e-06
7.702463267534208e-06
9.434520954217051e-06
1.155564799211123e-05
1.415363617856738e-05
1.733555240688896e-05
2.123306797745487e-05
2.600633572414829e-05
3.185408964348630e-05
3.901958171218757e-05
4.779943705599720e-05
5.855940042132805e-05
7.174747723709351e-05
8.791593980485299e-05
1.077382950714493e-04
1.320501841311701e-04
1.618802233061415e-04
1.984721957483714e-04
2.433688237726785e-04
2.984925864794379e-04
3.661364824784749e-04
4.492274773145152e-04
5.512419291681631e-04
6.765775658796158e-04
8.305529227439581e-04
1.019696775709256e-03
1.252074022169618e-03
1.537682493780750e-03
1.888595138684212e-03
2.319736376388255e-03
2.849532752428247e-03
3.500352909934219e-03
4.299871186367726e-03
5.281568081135179e-03
6.486964517651797e-03
7.966269219943601e-03
9.781373524325359e-03
1.200621803586770e-02
1.473218953588095e-02
1.807060291942481e-02
2.215364615487699e-02
2.714311475921560e-02
3.323197942253877e-02
4.065185002359922e-02
4.967484804184026e-02
6.062305806454572e-02
7.387561519817844e-02
8.985995481495644e-02
1.090709351854936e-01
1.320519547555567e-01
1.593881678477295e-01
1.916749864862978e-01
2.295004682885172e-01
2.733670132088966e-01
3.236154623808426e-01
3.803110898912092e-01
4.431217777588990e-01
5.111612568296005e-01
5.828918857086697e-01
6.560418466324835e-01
7.277082445929216e-01
7.946306235673254e-01
8.535951597320329e-01
9.021675023526968e-01
9.391522514612610e-01
9.649562929399685e-01
9.813587436853923e-01
9.908137277293052e-01
9.958366667386637e-01
9.982665329879701e-01
9.993744578996264e-01
9.998069925923578e-01
9.999485743824840e-01
9.999883680460726e-01
9.999978039741575e-01
9.999996669430404e-01
9.999999590165591e-01
9.999999955777114e-01
9.999999999456950e-01
9.999999999945448e-01
9.999999999425255e-01
1.000000000023115e+00
1.000000000000449e+00
9.999999999946731e-01
1.000000000002199e+00
1.000000000000024e+00
9.999999999995141e-01
1.000000000000203e+00
1.000000000000001e+00
9.999999999999568e-01
1.000000000000018e+00
1.000000000000000e+00
9.999999999999961e-01
1.000000000000002e+00
1.000000000000000e+00
###8.000000000000000e-01
3.333711389377312e-11
1.031784158607943e-10
1.280608537329621e-10
1.585594588548105e-10
1.960106359622467e-10
2.422050757224969e-10
2.988906857985515e-10
3.685837007521995e-10
4.542131054257326e-10
5.595229444603671e-10
6.889947847168562e-10
8.481992619433338e-10
1.043918124421688e-09
1.284576778250593e-09
1.580414409472556e-09
1.944074801653561e-09
2.391063810176302e-09
2.940465615866693e-09
3.615702273888905e-09
4.445232190859863e-09
5.465455952439157e-09
6.717128880954328e-09
8.255641238335591e-09
1.014587030959120e-08
1.246671414210201e-08
1.531802646708099e-08
1.881890013304391e-08
2.311717354873801e-08
2.839483794421996e-08
3.487301660527688e-08
4.282560888786546e-08
5.258650762782868e-08
6.456434792085656e-08
7.926112857138574e-08
9.729171008516464e-08
1.194180583475990e-07
1.465582273453916e-07
1.798418641564021e-07
2.206661800094114e-07
2.707204904988579e-07
3.321010886157720e-07
4.073448956537331e-07
4.995809307036330e-07
6.126508701493177e-07
7.511816157340061e-07
9.210142388964054e-07
1.129078896384045e-06
1.384023367024031e-06
1.696337336491262e-06
2.078913158967855e-06
2.547559590306209e-06
3.121521936269714e-06
3.824533445579169e-06
4.685406541014958e-06
5.739623417970024e-06
7.030513270284679e-06
8.611518948037387e-06
1.054693080858881e-05
1.291657466482956e-05
1.581844950268275e-05
1.937169850897792e-05
2.372289516471685e-05
2.905020977536004e-05
3.557418871415291e-05
4.356570150493718e-05
5.335327653691396e-05
6.534209631566326e-05
8.002930573589300e-05
9.802394425886638e-05
1.200719392927601e-04
1.470933401695100e-04
1.802227540393848e-04
2.208295055938254e-04
2.706023533781040e-04
3.316556889681678e-04
4.064880251034880e-04
4.983074794210348e-04
6.108975391259978e-04
7.490478292028624e-04
9.185275626469582e-04
1.126397314447862e-03
1.381369370121664e-03
1.694257658221912e-03
2.077956816388893e-03
2.548506984846381e-03
3.125610826778024e-03
3.833066696607192e-03
4.700295329779355e-03
5.762666338094188e-03
7.064040177001943e-03
8.657123282614781e-03
1.060679527812400e-02
1.298986602740328e-02
1.590126728591023e-02
1.945622536184564e-02
2.379024990982596e-02
2.906900894750878e-02
3.548867132862476e-02
4.328328202483066e-02
5.272662861465823e-02
6.413894086149867e-02
7.789684617656885e-02
9.441846976750107e-02
1.141865564606128e-01
1.377243731611564e-01
1.655883199514250e-01
1.983336183924015e-01
2.365008950479040e-01
2.805342052948537e-01
3.307105410793739e-01
3.870308109285552e-01
4.491125633606017e-01
5.160456800752098e-01
5.863146744404027e-01
6.577384421613834e-01
7.275754455828897e-01
7.927873615044727e-01
8.504167123280222e-01
8.982277265842451e-01
9.351134681123541e-01
9.613965896501833e-01
9.786260695674858e-01
9.889879719292933e-01
9.947613027827703e-01
9.977126879680183e-01
9.991271690875168e-01
9.997122195639362e-01
9.999174161222599e-01
9.999797177185359e-01
9.999958114357382e-01
9.999992909669647e-01
9.999999027912668e-01
9.999999892177357e-01
9.999999992593541e-01
9.999999999566344e-01
9.999999999654955e-01
1.000000000011981e+00
1.000000000000526e+00
9.999999999971989e-01
1.000000000001079e+00
1.000000000000030e+00
9.999999999997653e-01
1.000000000000092e+00
1.000000000000001e+00
9.999999999999810e-01
1.000000000000008e+00
1.000000000000000e+00
9.999999999999984e-01
1.000000000000001e+00
1.000000000000000e+00
###1.000000000000000e+00
4.369750814303153e-11
1.147220087613780e-10
1.426420452886665e-10
1.767610799575554e-10
2.186740334312516e-10
2.703834545548802e-10
3.338154251514018e-10
4.118084971993501e-10
5.075756346422766e-10
6.253700867917075e-10
7.701732740316592e-10
9.482203986509575e-10
1.167091260571785e-09
1.436193482334751e-09
1.766986483532293e-09
2.173584937248995e-09
2.673321437919193e-09
3.287523731426868e-09
4.042366513722807e-09
4.969611872327913e-09
6.110171013450550e-09
7.508997278658764e-09
9.228448756964485e-09
1.134088130593536e-08
1.393442414999640e-08
1.712070194892663e-08
2.103253283356117e-08
2.583503116187639e-08
3.173166756050613e-08
3.896915159299263e-08
4.785334547726440e-08
5.875689446578690e-08
7.213668720998702e-08
8.855180672925734e-08
1.086893629739384e-07
1.334018814028900e-07
1.637109925927548e-07
2.008778925193226e-07
2.464639317069012e-07
3.023519006135387e-07
3.708839338760102e-07
4.548878246891768e-07
5.578548434184818e-07
6.840690988010966e-07
8.386826818022389e-07
1.028235994190633e-06
1.260433951820290e-06
1.544922927920489e-06
1.893393939510964e-06
2.320215464432880e-06
2.843008223405942e-06
3.483199799510915e-06
4.267273510763389e-06
5.227181493474769e-06
6.402531354851256e-06
7.841489356429022e-06
9.603544204907295e-06
1.176010720601063e-05
1.439976118342816e-05
1.763156266039546e-05
2.158763053302790e-05
2.643055356496229e-05
3.235780873199779e-05
3.961374117444045e-05
4.849774479190378e-05
5.937344286509031e-05
7.268783285593868e-05
8.899034202531833e-05
1.089515142400131e-04
1.333914901647971e-04
1.633227750687532e-04
1.999911655755388e-04
2.448987480803304e-04
2.998879365820643e-04
3.672774519349022e-04
4.497801091081327e-04
5.508999131214462e-04
6.747418048003097e-04
8.265057582076884e-04
1.012430749262204e-03
1.240131100935897e-03
1.518991593564456e-03
1.860669792662415e-03
2.278911589802464e-03
2.790905102096100e-03
3.417663341095501e-03
4.184449035869271e-03
5.122463434822246e-03
6.268998361165459e-03
7.670281212292730e-03
9.381538632189639e-03
1.147064437550924e-02
1.401727754525298e-02
1.711988636765358e-02
2.089754498270461e-02
2.548901186809139e-02
3.106368723765453e-02
3.782076793991419e-02
4.599647080736761e-02
5.586611282308249e-02
6.774771209490815e-02
8.201505971679002e-02
9.907693724543891e-02
1.194037497240724e-01
1.434988708852209e-01
1.718905824766939e-01
2.050954777546762e-01
2.436086635730642e-01
2.878191074004826e-01
3.379441270175106e-01
3.939254842703922e-01
4.553352615395749e-01
5.212432517743795e-01
5.901564861528693e-01
6.599780881531417e-01
7.281134173956353e-01
7.917239336604007e-01
8.480789090368183e-01
8.951171260500649e-01
9.318114672912471e-01
9.584149832061482e-01
9.762854339307833e-01
9.873821340516868e-01
9.937854425672715e-01
9.971898728323373e-01
9.988814928911313e-01
9.996121550803988e-01
9.998822747029240e-01
9.999692216949803e-01
9.999931882054699e-01
9.999987505763046e-01
9.999998133454817e-01
9.999999776670514e-01
9.999999980335269e-01
9.999999998673347e-01
9.999999999748791e-01
1.000000000005985e+00
1.000000000000431e+00
9.999999999985293e-01
1.000000000000528e+00
1.000000000000023e+00
9.999999999998868e-01
1.000000000000042e+00
1.000000000000001e+00
9.999999999999917e-01
1.000000000000003e+00
1.000000000000000e+00
9.999999999999993e-01
1.000000000000000e+00
1.000000000000000e+00
###1.200000000000000e+00
5.502734411223573e-11
1.275236150524797e-10
1.587944854115030e-10
1.969257116605249e-10
2.437765428121334e-10
3.015864592883706e-10
3.724922366975126e-10
4.596525458422559e-10
5.666351348894851e-10
6.982357095322423e-10
8.599907860379184e-10
1.058867728429715e-09
1.303326370789817e-09
1.603860145836003e-09
1.973272960000727e-09
2.427300045704950e-09
2.985286336584813e-09
3.671033917235287e-09
4.513746331460739e-09
5.548853635853447e-09
6.822150551005847e-09
8.383324984110166e-09
1.030231096875225e-08
1.265971331894676e-08
1.555381025308915e-08
1.910911514754768e-08
2.347363040052705e-08
2.883142404639520e-08
3.540943275448287e-08
4.348255939456760e-08
5.339168970627243e-08
6.555208415605324e-08
8.047322054148438e-08
9.877742443111281e-08
1.212298731236526e-07
1.487823997512015e-07
1.825705031023492e-07
2.239993284645009e-07
2.748091316935245e-07
3.370942417888292e-07
4.134647814514243e-07
5.070665360149349e-07
6.217862845860905e-07
7.623880374383775e-07
9.345992204290738e-07
1.145718557454860e-06
1.404303458177119e-06
1.721059895855618e-06
2.109012168249443e-06
2.584113811045518e-06
3.165959074126566e-06
3.878338009918625e-06
4.750711871555539e-06
5.818426060509279e-06
7.125502619113720e-06
8.725474598093937e-06
1.068420837748746e-05
1.308083598269648e-05
1.601337427844952e-05
1.960276502038588e-05
2.399507160125898e-05
2.937006825903722e-05
3.594591949847154e-05
4.399199185828249e-05
5.383956965308621e-05
6.588835307444000e-05
8.063040850309884e-05
9.867060029481593e-05
1.207456628873714e-04
1.477534701204420e-04
1.808051913289166e-04
2.212642081512506e-04
2.707727368970263e-04
3.313353657333344e-04
4.054860450923806e-04
4.961638819932776e-04
6.071802565356774e-04
7.429791199399338e-04
9.091893690234310e-04
1.112538612058748e-03
1.361217513428598e-03
1.665308909758339e-03
2.037342289148971e-03
2.491944302867975e-03
3.047483953990343e-03
3.726319186947037e-03
4.555211744319312e-03
5.567177824427207e-03
6.801464000016503e-03
8.306692287364576e-03
1.014063113370066e-02
1.237415471486486e-02
1.508980904409339e-02
1.838953048826969e-02
2.239617916407586e-02
2.725168685933352e-02
3.312904938675958e-02
4.023032375085257e-02
4.879370412451228e-02
5.909571754073902e-02
7.145200545124072e-02
8.623315751531034e-02
1.038385599495883e-01
1.247260807562751e-01
1.493794215520639e-01
1.782993477422213e-01
2.119652549362984e-01
2.508285162054772e-01
2.952259807812279e-01
3.453198272833211e-01
4.009950155643435e-01
4.617849073148429e-01
5.267410057416528e-01
5.943933271825584e-01
6.627230107604680e-01
7.292693830435535e-01
7.913737228277379e-01
8.465066110231114e-01
8.927615186612998e-01
9.291833751031014e-01
9.559691680525866e-01
9.743178286389508e-01
9.859974734623392e-01
9.929204643062626e-01
9.967112246653688e-01
9.986471324667575e-01
9.995119178212021e-01
9.998451627026452e-01
9.999574716283641e-01
9.999900552845864e-01
9.999980581012030e-01
9.999996892275003e-01
9.999999600562136e-01
9.999999960515803e-01
9.999999997028816e-01
9.999999999730189e-01
1.000000000002522e+00
1.000000000000299e+00
9.999999999992285e-01
1.000000000000258e+00
1.000000000000016e+00
9.999999999999455e-01
1.000000000000019e+00
1.000000000000001e+00
9.999999999999963e-01
1.000000000000001e+00
1.000000000000000e+00
9.999999999999998e-01
1.000000000000000e+00
1.000000000000000e+00
###1.400000000000000e+00
6.741838750669202e-11
1.416969245206965e-10
1.766642620973104e-10
2.192313223946920e-10
2.715392249104479e-10
3.360882864367807e-10
4.152546833320121e-10
5.125083742815935e-10
6.319050555759648e-10
7.787495693311192e-10
9.592197612477789e-10
1.181088119451085e-09
1.453778628733127e-09
1.788998890311477e-09
2.201015393205049e-09
2.707349039838811e-09
3.329563523837354e-09
4.094180405205025e-09
5.033732059592763e-09
6.187688097979408e-09
7.607200299994083e-09
9.347164081774813e-09
1.148583225290766e-08
1.411296443291577e-08
1.733786336554948e-08
2.129894205900607e-08
2.616133624466199e-08
3.212972479913993e-08
3.945649467463481e-08
4.844775658533224e-08
5.948265723416798e-08
7.302310245751086e-08
8.963606561051462e-08
1.100130947449693e-07
1.350065761334692e-07
1.656711648860786e-07
2.032724856018587e-07
2.493708719024062e-07
3.059016714960637e-07
3.751898686614793e-07
4.601385479193061e-07
5.642374365315070e-07
6.918063091765407e-07
8.481309154372394e-07
1.039564002005625e-06
1.274227525691998e-06
1.561603740952789e-06
1.913552974287891e-06
2.344553766133667e-06
2.872238834919134e-06
3.518378984678567e-06
4.309307413623523e-06
5.277697781199464e-06
6.462622074634711e-06
7.912709605745518e-06
9.687439997861505e-06
1.185948289709001e-05
1.451628327702057e-05
1.776600532616260e-05
2.174234852011661e-05
2.660633879560260e-05
3.255616563262811e-05
3.983222991317180e-05
4.873036702762656e-05
5.961617566049678e-05
7.292776412900692e-05
8.920519171584410e-05
1.091122674724223e-04
1.334560037862590e-04
1.632167824600028e-04
1.996101933520817e-04
2.441239994954073e-04
2.985481909485918e-04
3.650584353978151e-04
4.464089385110616e-04
5.457994699407521e-04
6.673308748766542e-04
8.158211028590909e-04
9.973455713526648e-04
1.219137385417587e-03
1.489987368525924e-03
1.820702444859737e-03
2.224713038891952e-03
2.717556043924469e-03
3.318814888035732e-03
4.052227381498115e-03
4.946088900988751e-03
6.035265315219617e-03
7.360989942002289e-03
8.974307280354667e-03
1.093554827990180e-02
1.331859409859613e-02
1.620885309807515e-02
1.971172142941939e-02
2.395378462374821e-02
2.908006970235645e-02
3.526703443526336e-02
4.271943010558688e-02
5.167723453247421e-02
6.241788360178824e-02
7.525494922405444e-02
9.055402610225467e-02
1.087064865350347e-01
1.301570095198135e-01
1.553698231242894e-01
1.848187415705637e-01
2.189472703050135e-01
2.581647103740561e-01
3.027584987981162e-01
3.528390704947202e-01
4.082387251016485e-01
4.684566510038093e-01
5.325262565674963e-01
5.990022295864792e-01
6.659377439068761e-01
7.309941773564748e-01
7.916754288984157e-01
8.456308688972000e-01
8.910925493569916e-01
9.271706235006226e-01
9.540179924596722e-01
9.727025481102860e-01
9.848308792919782e-01
9.921726701644868e-01
9.962857503545188e-01
9.984314235768493e-01
9.994157757785096e-01
9.998079621806751e-01
9.999451091902823e-01
9.999865789909107e-01
9.999972437838950e-01
9.999995334801339e-01
9.999999362629569e-01
9.999999931878599e-01
9.999999994426986e-01
9.999999999602304e-01
1.000000000000122e+00
1.000000000000169e+00
9.999999999995952e-01
1.000000000000125e+00
1.000000000000010e+00
9.999999999999738e-01
1.000000000000009e+00
1.000000000000000e+00
9.999999999999984e-01
1.000000000000001e+00
1.000000000000000e+00
9.999999999999999e-01
1.000000000000000e+00
1.000000000000000e+00
###1.600000000000000e+00
8.105300357899789e-11
1.573643713250332e-10
1.964080188169834e-10
2.438694052534960e-10
3.021998901690517e-10
3.741834104701903e-10
4.624589583114380e-10
5.708487105341150e-10
7.039388912178541e-10
8.675883008483331e-10
1.068690319353785e-09
1.315899614445444e-09
1.619709469850578e-09
1.993137948963344e-09
2.452084127407007e-09
3.016017784727114e-09
3.708946530489074e-09
4.560380199862458e-09
5.606493108663043e-09
6.891203314083634e-09
8.471535837487004e-09
1.040809490710881e-08
1.278826317765456e-08
1.571183981415608e-08
1.930016608264796e-08
2.370693436025349e-08
2.911602497885516e-08
3.575466706576179e-08
4.390316086713234e-08
5.390157494640827e-08
6.617106320921298e-08
8.122443263502845e-08
9.969150136214574e-08
1.223393735853770e-07
1.501155146338691e-07
1.841870542342621e-07
2.259615318412447e-07
2.771679030854313e-07
3.399539997155680e-07
4.168976859231209e-07
5.112167388666045e-07
6.267790588785234e-07
7.683730279364140e-07
9.418535707006337e-07
1.154264833365883e-06
1.414573967838176e-06
1.733314885619564e-06
2.123585878348229e-06
2.601432802447525e-06
3.186314145359490e-06
3.902345921301766e-06
4.778611476037845e-06
5.851245884155665e-06
7.163357661167394e-06
8.768521431603261e-06
1.073262305620565e-05
1.313565503983976e-05
1.607398958254039e-05
1.966668890740541e-05
2.406112928542640e-05
2.943436849827613e-05
3.600430299999182e-05
4.403510943929331e-05
5.385085872314626e-05
6.585375333749911e-05
8.052282614998872e-05
9.844918141703572e-05
1.203592327744570e-04
1.471345279484761e-04
1.798429114981462e-04
2.198103819056446e-04
2.686561277097726e-04
3.283258373124620e-04
4.011754017164271e-04
4.901896180303750e-04
5.988440962235212e-04
7.315410953750623e-04
8.934893308434860e-04
1.091230380982791e-03
1.332523634044580e-03
1.626783167085075e-03
1.985566495970234e-03
2.423225898849351e-03
2.956264427369823e-03
3.605487651938631e-03
4.396057330408572e-03
5.357837076749322e-03
6.527577390153089e-03
7.948529795940096e-03
9.674189237417629e-03
1.176746896311936e-02
1.430526375680652e-02
1.737583758412774e-02
2.108801777411960e-02
2.557205557467507e-02
3.097599259889956e-02
3.747961715662657e-02
4.529021028556085e-02
5.464934012724787e-02
6.583506609241359e-02
7.915873764825229e-02
9.498052274252124e-02
1.136837989007296e-01
1.356998770350113e-01
1.614736851992820e-01
1.914526124277885e-01
2.260454652738960e-01
2.656210127331520e-01
3.104197359170791e-01
3.605032547159232e-01
4.156553034823854e-01
4.753434603689854e-01
5.385859549828956e-01
6.039609147167365e-01
6.695885839305441e-01
7.332423742483914e-01
7.925724816497743e-01
8.453884337239929e-01
8.900471984169042e-01
9.257183219772895e-01
9.525222357282657e-01
9.714175292759204e-01
9.838755834703170e-01
9.915443154038716e-01
9.959190717334342e-01
9.982396264642563e-01
9.993271140186130e-01
9.997723074180410e-01
9.999327598184952e-01
9.999829463946253e-01
9.999963500677718e-01
9.999993530033728e-01
9.999999069649003e-01
9.999999894367467e-01
9.999999990761113e-01
9.999999999362316e-01
9.999999999979333e-01
1.000000000000042e+00
9.999999999997868e-01
1.000000000000061e+00
1.000000000000006e+00
9.999999999999875e-01
1.000000000000004e+00
1.000000000000000e+00
9.999999999999993e-01
1.000000000000000e+00
1.000000000000000e+00
1.000000000000000e+00
1.000000000000000e+00
1.000000000000000e+00
###1.800000000000000e+00
9.588057180566202e-11
1.746574711461131e-10
2.181911078210870e-10
2.710457518221465e-10
3.360141997556041e-10
4.161881662955490e-10
5.144813184639554e-10
6.351550881956551e-10
7.833251470507126e-10
9.654784110000605e-10
1.189293507849808e-09
1.464395825767006e-09
1.802448319208726e-09
2.217912608934844e-09
2.728479345577719e-09
3.355757401678584e-09
4.126430636863737e-09
5.073283406981497e-09
6.236496477564885e-09
7.664847407396921e-09
9.421806870368635e-09
1.157422691850744e-08
1.421950258950202e-08
1.746835559864777e-08
2.145537334399642e-08
2.635098250232889e-08
3.235947794821944e-08
3.973277283848640e-08
4.878165015594628e-08
5.988330260733254e-08
7.350468867625194e-08
9.021414773907785e-08
1.107101092476532e-07
1.358420493106583e-07
1.666619078920528e-07
2.044565060907515e-07
2.507907155148816e-07
3.075774350666311e-07
3.771920014528776e-07
4.624902845149435e-07
5.670305781335899e-07
6.950935270511949e-07
8.519721522102636e-07
1.044141850366842e-06
1.279397073484785e-06
1.567618251179549e-06
1.920473935122591e-06
2.352419715623560e-06
2.881159552726521e-06
3.528160484291529e-06
4.320053798939800e-06
5.288891876466811e-06
6.474535193945605e-06
7.924446374328038e-06
9.697530465644335e-06
1.186653791617505e-05
1.451934035298135e-05
1.776188443669981e-05
2.172492003057203e-05
2.657046765008753e-05
3.249273946772375e-05
3.973069436855598e-05
4.857387827200441e-05
5.937650595396230e-05
7.257972304791733e-05
8.870613049888455e-05
1.084010625861151e-04
1.324573542665828e-04
1.618355210605164e-04
1.976960109392899e-04
2.414814567146621e-04
2.949497731291034e-04
3.602105563223467e-04
4.398093463596687e-04
5.369734071756021e-04
6.554662931229873e-04
8.000074193818687e-04
9.762123962021404e-04
1.191109090158379e-03
1.453004379730231e-03
1.771959152373758e-03
2.160308212732928e-03
2.633314437158159e-03
3.208602968308041e-03
3.908110204177178e-03
4.758498647267843e-03
5.791235159388023e-03
7.044989954788086e-03
8.565063732686198e-03
1.040742983391869e-02
1.263760268006974e-02
1.533549720626307e-02
1.859222406333403e-02
2.252001264384846e-02
2.725272062720837e-02
3.294132089854387e-02
3.976880229851044e-02
4.794481154835176e-02
5.771231340306845e-02
6.934971495231523e-02
8.316588827149123e-02
9.951489712984143e-02
1.187734845189424e-01
1.413578836825464e-01
1.676944110444092e-01
1.982045187780349e-01
2.332633967906952e-01
2.732007038878238e-01
3.182121918514107e-01
3.683133218324179e-01
4.232428634649726e-01
4.824390674451547e-01
5.449073735738382e-01
6.092482626290643e-01
6.736442444331592e-01
7.359713890403541e-01
7.940125583524091e-01
8.457211843825833e-01
8.895673222895816e-01
9.247757069517462e-01
9.514436872514941e-01
9.704398008588381e-01
9.831221207339650e-01
9.910345449148549e-01
9.956139804346348e-01
9.980752065414142e-01
9.992484608624359e-01
9.997395472077920e-01
9.999209886534782e-01
9.999793446386007e-01
9.999954255406081e-01
9.999991574095315e-01
9.999998735393938e-01
9.999999849175295e-01
9.999999986064355e-01
9.999999999012095e-01
9.999999999954789e-01
9.999999999999055e-01
9.999999999998860e-01
1.000000000000029e+00
1.000000000000003e+00
9.999999999999940e-01
1.000000000000002e+00
1.000000000000000e+00
9.999999999999997e-01
1.000000000000000e+00
1.000000000000000e+00
1.000000000000000e+00
1.000000000000000e+00
1.000000000000000e+00
###2.000000000000000e+00
1.120683517471536e-10
1.937174281333754e-10
2.421909452251467e-10
3.009836390068619e-10
3.732559535895192e-10
4.624420483237820e-10
5.717568230626041e-10
7.059431579629217e-10
8.706983653959377e-10
1.073199779041241e-09
1.321984754060019e-09
1.627746359901010e-09
2.003428601970982e-09
2.465076762412070e-09
3.032345953050111e-09
3.729186328319911e-09
4.585214678171926e-09
5.636801296843296e-09
6.928527744996301e-09
8.514450548875041e-09
1.046512249947622e-08
1.285417936944085e-08
1.579009677791051e-08
1.939529582459524e-08
2.381922154452321e-08
2.925019941753005e-08
3.591493927044655e-08
4.409232845370458e-08
5.412637768886780e-08
6.643484696317151e-08
8.153448388987635e-08
1.000540794338225e-07
1.227670462420989e-07
1.506124974075288e-07
1.847557413844598e-07
2.266142081498472e-07
2.779230719515624e-07
3.407959416614843e-07
4.178566913844346e-07
5.122575494812298e-07
6.279315313137294e-07
7.696051012597278e-07
9.431197016769782e-07
1.155618073855742e-06
1.415716845119388e-06
1.734275278334918e-06
2.124177737687186e-06
2.601369414010849e-06
3.185329794334605e-06
3.899725426681195e-06
4.773818301035191e-06
5.842941043120370e-06
7.150920177117516e-06
8.749916627459530e-06
1.070470049109923e-05
1.309498902860544e-05
1.601749796033682e-05
1.958830422102512e-05
2.395067487718518e-05
2.928229305767249e-05
3.579591926800490e-05
4.375234483596230e-05
5.346880590961574e-05
6.533143934468486e-05
7.982278533451496e-05
9.751176758365162e-05
1.191012725309191e-04
1.454545348330173e-04
1.776156503903449e-04
2.168430029066761e-04
2.647023288905032e-04
3.230978336889076e-04
3.943115216012703e-04
4.810882980892129e-04
5.869101377802098e-04
7.158411078583283e-04
8.729337963233637e-04
1.064227380332850e-03
1.297256638263650e-03
1.580897583411734e-03
1.925881929599093e-03
2.345348854276728e-03
2.855504931485525e-03
3.475122839660117e-03
4.227309712047603e-03
5.140262071566887e-03
6.247085136266514e-03
7.588404042253917e-03
9.211599089483014e-03
1.117514986922242e-02
1.354718987787673e-02
1.641066042514802e-02
1.985950772265618e-02
2.400933335634030e-02
2.899754213907392e-02
3.497795208797332e-02
4.213662326923514e-02
5.068540375743320e-02
6.086846019471042e-02
7.296427859759083e-02
8.727899771613092e-02
1.041604210060333e-01
1.239784405158695e-01
1.471340889323251e-01
1.740351973007047e-01
2.050777310069003e-01
2.406042433219882e-01
2.809065909893026e-01
3.261378128973528e-01
3.762696175350858e-01
4.309989790551103e-01
4.897368523716288e-01
5.514778452059024e-01
6.148437277007899e-01
6.780748159049250e-01
7.391413935920922e-01
7.959470736304045e-01
8.465753398523501e-01
8.895989774279750e-01
9.242951251659546e-01
9.507456505678886e-01
9.697459648215925e-01
9.825590576558357e-01
9.906398056494402e-01
9.953710784814619e-01
9.979401099736380e-01
9.991815552192905e-01
9.997107152056744e-01
9.999102684265454e-01
9.999759450834901e-01
9.999945193938152e-01
9.999989576981808e-01
9.999998378599028e-01
9.999999798569315e-01
9.999999980519225e-01
9.999999998563698e-01
9.999999999925370e-01
9.999999999997568e-01
9.999999999999355e-01
1.000000000000014e+00
1.000000000000002e+00
9.999999999999971e-01
1.000000000000001e+00
1.000000000000000e+00
9.999999999999999e-01
1.000000000000000e+00
1.000000000000000e+00
1.000000000000000e+00
1.000000000000000e+00
1.000000000000000e+00
###2.200000000000000e+00
1.297545388398206e-10
2.146963680513842e-10
2.685980369167620e-10
3.339153029224349e-10
4.142193526586447e-10
5.133091817070113e-10
6.347350170615672e-10
7.837663431117595e-10
9.667390783092401e-10
1.191586857850578e-09
1.467791157619289e-09
1.807205310125568e-09
2.224185634416455e-09
2.736508450325922e-09
3.365980135349976e-09
4.139110173005649e-09
5.088725129166328e-09
6.255116938042445e-09
7.687679311635661e-09
9.446235799366975e-09
1.160907873189969e-08
1.425724022906277e-08
1.751132287079572e-08
2.150649687440101e-08
2.640844641049300e-08
3.242502130299174e-08
3.980719136552925e-08
4.886351566168425e-08
5.997400576592271e-08
7.360070159200668e-08
9.031451925850554e-08
1.108101033535146e-07
1.359423306586052e-07
1.667475317490240e-07
2.045143161672186e-07
2.508027089383675e-07
3.075317256305505e-07
3.770332530054942e-07
4.622005927361420e-07
5.665072966578255e-07
6.942921780542607e-07
8.507645387899859e-07
1.042359546931683e-06
1.276941052085356e-06
1.564015485759750e-06
1.915497263254708e-06
2.345589055550434e-06
2.871831179222196e-06
3.515629808315821e-06
4.303017658163110e-06
5.266082692185549e-06
6.443718919884679e-06
7.883943697917212e-06
9.644011972932099e-06
1.179501964693265e-05
1.442409801835989e-05
1.763744551110269e-05
2.156200965842918e-05
2.635443177856823e-05
3.220930103427454e-05
3.935866463342104e-05
4.808708223518990e-05
5.874112826260086e-05
7.174092375257488e-05
8.761297005570251e-05
1.069753833739686e-04
1.305920657686087e-04
1.594007965120431e-04
1.945340497421546e-04
2.373536747438738e-04
2.895552309131207e-04
3.531970494637937e-04
4.307423406258694e-04
5.251453897095330e-04
6.401555048183481e-04
7.801502985137379e-04
9.505318425890189e-04
1.157780094975277e-03
1.409957876127420e-03
1.716532430141004e-03
2.088930771849728e-03
2.541124071029110e-03
3.090295939035284e-03
3.756393155575556e-03
4.563732907915197e-03
5.542079819862978e-03
6.726212433724295e-03
8.158746116981763e-03
9.889170612408576e-03
1.197849941898759e-02
1.449750197889348e-02
1.753215170387061e-02
2.117921699225448e-02
2.555764074478228e-02
3.080831518270370e-02
3.708781432736328e-02
4.458514016538108e-02
5.351417692694335e-02
6.412009587117180e-02
7.668093884020176e-02
9.150064134898664e-02
1.089198967551057e-01
1.293014845508761e-01
1.530314143784527e-01
1.804990378035604e-01
2.120752377762090e-01
2.480708208731855e-01
2.887419534459681e-01
3.341980263242520e-01
3.843719227546279e-01
4.389207142703331e-01
4.972298601022470e-01
5.582847442151800e-01
6.207273713471648e-01
6.828517317716937e-01
7.427149614311429e-01
7.983308319144546e-01
8.479009367416098e-01
8.900921929725903e-01
9.242319793306741e-01
9.503931277785249e-01
9.693125730869553e-01
9.821735703712635e-01
9.903548020228934e-01
9.951892462229854e-01
9.978350232095334e-01
9.991274146036512e-01
9.996865361304157e-01
9.999009655425501e-01
9.999728924032133e-01
9.999936765387538e-01
9.999987649598256e-01
9.999998020333390e-01
9.999999745559288e-01
9.999999974435552e-01
9.999999998041138e-01
9.999999999890954e-01
9.999999999995851e-01
9.999999999999586e-01
1.000000000000006e+00
1.000000000000001e+00
9.999999999999987e-01
1.000000000000000e+00
1.000000000000000e+00
1.000000000000000e+00
1.000000000000000e+00
1.000000000000000e+00
1.000000000000000e+00
1.000000000000000e+00
1.000000000000000e+00
###2.400000000000000e+00
1.490677062832538e-10
2.377563242364572e-10
2.977427948649375e-10
3.700983068707815e-10
4.592200318466523e-10
5.691804692735855e-10
7.038977590915271e-10
8.692179449458213e-10
1.072176870407532e-09
1.321534140947881e-09
1.627806597610003e-09
2.004115614483229e-09
2.466367677545068e-09
3.034218497387811e-09
3.731845898809693e-09
4.588529209162193e-09
5.640625034915490e-09
6.932700735954585e-09
8.519400972112332e-09
1.046686263987555e-08
1.286178602847889e-08
1.579336693788607e-08
1.939521388473552e-08
2.381677053411841e-08
2.924085036021043e-08
3.589705584266408e-08
4.406266063380014e-08
5.407842635765383e-08
6.636356299735465e-08
8.142829574676846e-08
9.990241307066088e-08
1.225524624521652e-07
1.503207582004176e-07
1.843502097052268e-07
2.260617285940360e-07
2.771735086367445e-07
3.398003850295934e-07
4.165119237143038e-07
5.104932256427845e-07
6.255657380100259e-07
7.665071898952198e-07
9.390491015194279e-07
1.150268260393276e-06
1.408807650066881e-06
1.725133272923381e-06
2.112299605346865e-06
2.585929524806944e-06
3.165281178955753e-06
3.873841866752820e-06
4.740172867685365e-06
5.799426801456930e-06
7.094292309428405e-06
8.677311510289925e-06
1.061120134691123e-05
1.297381971635659e-05
1.586033818049312e-05
1.938686528199229e-05
2.369216971227689e-05
2.894721775005343e-05
3.536447374579012e-05
4.319660407434695e-05
5.275358402892957e-05
6.441308234970919e-05
7.863139946782922e-05
9.598168715429442e-05
1.171349249469127e-04
1.429175825398751e-04
1.743483552844008e-04
2.126524046005965e-04
2.593007757832244e-04
3.161258269073715e-04
3.853481296342136e-04
4.696212007327700e-04
5.721190506861784e-04
6.968790840703959e-04
8.485825771520637e-04
1.033021055412652e-03
1.257125300238396e-03
1.529507780851976e-03
1.860249529353677e-03
2.261497793395619e-03
2.748083882880149e-03
3.338202054705275e-03
4.053000787979707e-03
4.918046132171158e-03
5.964705615440467e-03
7.229465923852405e-03
8.756968006139648e-03
1.059884027284608e-02
1.281865748325138e-02
1.548984079451975e-02
1.870140075658277e-02
2.255291225146504e-02
2.716662733656825e-02
3.268686506918988e-02
3.927286313683461e-02
4.711643544107779e-02
5.643333561520821e-02
6.746953872994103e-02
8.050230098024941e-02
9.583335777304405e-02
1.137959447041163e-01
1.347453297813411e-01
1.590526268802805e-01
1.870887087132400e-01
2.191997350110672e-01
2.556655720184107e-01
2.967077938137001e-01
3.423941032597440e-01
3.926194750120710e-01
4.470056728028404e-01
5.049108244482061e-01
5.653154720886554e-01
6.268798327600474e-01
6.879476196822972e-01
7.466568726680410e-01
8.011216586775409e-01
8.496515951697413e-01
8.910006263279303e-01
9.245444021292192e-01
9.503528150682753e-01
9.691164137159815e-01
9.819520315083912e-01
9.901728264499243e-01
9.950659900680965e-01
9.977596264436973e-01
9.990864659357792e-01
9.996674445212760e-01
9.998933363215385e-01
9.999702984562119e-01
9.999929349926803e-01
9.999985893091432e-01
9.999997681622689e-01
9.999999693474504e-01
9.999999968205863e-01
9.999999997478982e-01
9.999999999852928e-01
9.999999999993922e-01
9.999999999999677e-01
1.000000000000003e+00
1.000000000000001e+00
9.999999999999993e-01
1.000000000000000e+00
1.000000000000000e+00
1.000000000000000e+00
1.000000000000000e+00
1.000000000000000e+00
1.000000000000000e+00
1.000000000000000e+00
1.000000000000000e+00
###2.600000000000000e+00
1.701465545470320e-10
2.630705460606973e-10
3.295893416684579e-10
4.098042594731475e-10
5.085958415611099e-10
6.304741836208254e-10
7.797612268956237e-10
9.629330770399949e-10
1.187791320289879e-09
1.463999030244544e-09
1.803203711863433e-09
2.219914624300136e-09
2.731728053737233e-09
3.360360421627019e-09
4.132562149179987e-09
5.080649672316401e-09
6.244827763051729e-09
7.674342482469894e-09
9.429515603517192e-09
1.158341793851903e-08
1.423189837988667e-08
1.747304433932036e-08
2.145464847157943e-08
2.634161757236463e-08
3.233544018368000e-08
3.968942277570994e-08
4.870955060333260e-08
5.977121487801217e-08
7.333661701930022e-08
8.996807753468017e-08
1.103594270645849e-07
1.353551482416496e-07
1.659925594630973e-07
2.035299771207841e-07
2.495317390508971e-07
3.058874400569529e-07
3.749241309398431e-07
4.594677293257521e-07
5.630183257173011e-07
6.897784402184578e-07
8.449972196687471e-07
1.034963934835626e-06
1.267456128717517e-06
1.551960186433178e-06
1.899959575344189e-06
2.325754637918143e-06
2.846491538550323e-06
3.483278206543050e-06
4.261836093825437e-06
5.213448244850648e-06
6.376583079310261e-06
7.797922467731194e-06
9.534939532887130e-06
1.165619586340462e-05
1.424673382067231e-05
1.741038353600152e-05
2.127379795624309e-05
2.598831133387944e-05
3.174067584217466e-05
3.876155071801394e-05
4.732616342179994e-05
5.777168847759962e-05
7.050794807226472e-05
8.603052931218367e-05
1.049617799324179e-04
1.280287186782278e-04
1.561247867186017e-04
1.903517071274948e-04
2.320350452848217e-04
2.827601226014914e-04
3.445033311554940e-04
4.196558854328819e-04
5.110710185560752e-04
6.221531642344928e-04
7.572425481796748e-04
9.213315850582888e-04
1.120629045265872e-03
1.362526963612801e-03
1.656211746499398e-03
2.012401244444800e-03
2.443988323052846e-03
2.966693214603061e-03
3.599786019808397e-03
4.365551021887859e-03
5.290935791519051e-03
6.408915101403799e-03
7.757718262304383e-03
9.384047156795416e-03
1.134169741037626e-02
1.369683198205079e-02
1.652553832205427e-02
1.991986826626988e-02
2.398218504365721e-02
2.883801615406538e-02
3.463504565426237e-02
4.153507909225787e-02
4.973261090792219e-02
5.944509516586483e-02
7.091910537243450e-02
8.443060626269065e-02
1.002796422436912e-01
1.187911140183033e-01
1.403125764895021e-01
1.652003305679404e-01
1.938067610825231e-01
2.264536207516893e-01
2.633905560759924e-01
3.048053979766568e-01
3.507276354203218e-01
4.010110138004866e-01
4.552489372222973e-01
5.127721733598071e-01
5.725574471635322e-01
6.332822798476336e-01
6.933368362002483e-01
7.509339095544799e-01
8.042801036037460e-01
8.517843756352175e-01
8.922811221391028e-01
9.251933187748326e-01
9.505930177205998e-01
9.691347329424286e-01
9.818802116581767e-01
9.900861836718832e-01
9.949978062932024e-01
9.977127984711456e-01
9.990586286028662e-01
9.996536184748619e-01
9.998875311296574e-01
9.999682398685787e-01
9.999923235758167e-01
9.999984391018442e-01
9.999997381334110e-01
9.999999645560622e-01
9.999999962250846e-01
9.999999996917956e-01
9.999999999813675e-01
9.999999999991872e-01
9.999999999999692e-01
1.000000000000000e+00
1.000000000000000e+00
9.999999999999997e-01
1.000000000000000e+00
1.000000000000000e+00
1.000000000000000e+00
1.000000000000000e+00
1.000000000000000e+00
1.000000000000000e+00
1.000000000000000e+00
1.000000000000000e+00
###2.800000000000000e+00
1.931371441063120e-10
2.908271018541639e-10
3.645006548591218e-10
4.533243533102264e-10
5.627082135900286e-10
6.976380263732246e-10
8.628772258443233e-10
1.065591086185714e-09
1.314417127469328e-09
1.620005131050443e-09
1.995236920041493e-09
2.456141017057109e-09
3.022143958283138e-09
3.717223416437964e-09
4.570931743436945e-09
5.618904976981961e-09
6.905513519415862e-09
8.485124552056031e-09
1.042423539811672e-08
1.280346841420802e-08
1.572864206401583e-08
1.930747973717997e-08
2.370325736264726e-08
2.909750842652925e-08
3.571246846425926e-08
4.382673161099053e-08
5.377765658807927e-08
6.597823600178770e-08
8.093746977146190e-08
9.927367235220046e-08
1.217506548423724e-07
1.492971459665280e-07
1.830535388078626e-07
2.244035645665078e-07
2.750651534141779e-07
3.371150820954078e-07
4.131103835088544e-07
5.061508016704834e-07
6.200798085517596e-07
7.595119728164238e-07
9.302021622461024e-07
1.139046847107257e-06
1.394568447217597e-06
1.707172749141583e-06
2.089433906132178e-06
2.556998080064173e-06
3.128639772753423e-06
3.827468853398746e-06
4.681590121632980e-06
5.725222179618250e-06
7.000383241961341e-06
8.558042268569775e-06
1.046094772360321e-05
1.278391838283089e-05
1.561968214251591e-05
1.908132196384721e-05
2.330675441282167e-05
2.846071599338212e-05
3.474676077055682e-05
4.241496895255054e-05
5.176454869426516e-05
6.316163456066150e-05
7.705003984928110e-05
9.396723784310824e-05
1.145881083921096e-04
1.396972866160931e-04
1.702610056078170e-04
2.074676826858369e-04
2.527490096537332e-04
3.078106672891631e-04
3.747805790141718e-04
4.562292968825565e-04
5.552194923699500e-04
6.753970355257493e-04
8.214185498306426e-04
9.985916563895227e-04
1.213591442644538e-03
1.474258303269109e-03
1.790385671264468e-03
2.173351814492500e-03
2.636821047785524e-03
3.197431996955614e-03
3.875568921970828e-03
4.694667625087314e-03
5.683108503072864e-03
6.875505956514695e-03
8.311865962908199e-03
1.004098663555933e-02
1.211885862145249e-02
1.461425949266383e-02
1.760595627806188e-02
2.118904515858933e-02
2.546865701627766e-02
3.057355924313527e-02
3.665473739425855e-02
4.387646533383332e-02
5.243578476024930e-02
6.255167827094892e-02
7.447110914955975e-02
8.846857590671162e-02
1.048419456190072e-01
1.239078691575338e-01
1.460057041475384e-01
1.714769572958550e-01
2.006555109664867e-01
2.338389841906579e-01
2.712474445622939e-01
3.130357685876175e-01
3.591965758852515e-01
4.095446865002912e-01
4.636459164128013e-01
5.208059672575130e-01
5.799980477177845e-01
6.399163185339586e-01
6.989944667707085e-01
7.555146390345711e-01
8.077691744690672e-01
8.542588210381639e-01
8.938934546125423e-01
9.261421119770901e-01
9.510836892554488e-01
9.693454255078273e-01
9.819437019128201e-01
9.900865646671874e-01
9.949804658881083e-01
9.976928084089174e-01
9.990434175571244e-01
9.996450183177235e-01
9.998836044716179e-01
9.999667588180517e-01
9.999918611868688e-01
9.999983204615283e-01
9.999997134495918e-01
9.999999604631777e-01
9.999999956966386e-01
9.999999996399568e-01
9.999999999776088e-01
9.999999999989839e-01
9.999999999999671e-01
9.999999999999992e-01
1.000000000000000e+00
9.999999999999998e-01
1.000000000000000e+00
1.000000000000000e+00
1.000000000000000e+00
1.000000000000000e+00
1.000000000000000e+00
1.000000000000000e+00
1.000000000000000e+00
1.000000000000000e+00
###3.000000000000000e+00
2.182001267304251e-10
3.212245849385902e-10
4.027274527415592e-10
5.009705198049959e-10
6.219441259358011e-10
7.711517478937718e-10
9.538364066016563e-10
1.177920271187438e-09
1.452946792733008e-09
1.790648735363220e-09
2.205247746889483e-09
2.714431431629380e-09
3.339621639846211e-09
4.107258955220567e-09
5.049948656861825e-09
6.206940889455041e-09
7.627149248023525e-09
9.370478891486428e-09
1.151018475974785e-08
1.413510498238125e-08
1.736184948208550e-08
2.130859187747839e-08
2.615558892327017e-08
3.210225041647812e-08
3.939352938547875e-08
4.833516361998238e-08
5.929879455462294e-08
7.273826482707507e-08
8.921286217252529e-08
1.094022782040931e-07
1.341455136651130e-07
1.644623075439879e-07
2.016054703074927e-07
2.470937113367282e-07
3.028112683577402e-07
3.710374112762592e-07
4.545768315481059e-07
5.568267308089149e-07
6.819982952542436e-07
8.351528633220613e-07
1.022589258291342e-06
1.251859764193070e-06
1.532287996547151e-06
1.875266851552802e-06
2.294547258940255e-06
2.807223136841281e-06
3.433813724499463e-06
4.199581199734684e-06
5.135187990591653e-06
6.278006494924518e-06
7.673838221138783e-06
9.378263821321655e-06
1.145967765845962e-05
1.399956229026595e-05
1.709890548665521e-05
2.088059620795300e-05
2.549463319760868e-05
3.112001244341601e-05
3.797815785052307e-05
4.633985221390585e-05
5.652977251812080e-05
6.894479597694199e-05
8.406466008289194e-05
1.024720312034300e-04
1.248960275164212e-04
1.521830701974505e-04
1.853762361687773e-04
2.257555189674642e-04
2.748641390140517e-04
3.345346111108603e-04
4.070541634546231e-04
4.951822485550617e-04
6.021993107096582e-04
7.320056979947692e-04
8.895878946398304e-04
1.080584060647780e-03
1.312152440822207e-03
1.592602146086391e-03
1.932356274448382e-03
2.343477600194510e-03
2.840428176992417e-03
3.440794963812023e-03
4.166108961673663e-03
5.040992336663786e-03
6.095290981811672e-03
7.365297794449731e-03
8.892829301834219e-03
1.072881497276384e-02
1.293146750087596e-02
1.557220484098172e-02
1.873248547796809e-02
2.251045171006167e-02
2.701397867079064e-02
3.237503597593792e-02
3.874784509686729e-02
4.629904465129348e-02
5.522808782435821e-02
6.575531028979002e-02
7.812785355392150e-02
9.261856099686971e-02
1.095226649421151e-01
1.291485709112694e-01
1.518270625939089e-01
1.778847591146470e-01
2.076370339041346e-01
2.413576040201860e-01
2.792375253945187e-01
3.213994417503234e-01
3.678003250121653e-01
4.182181004328855e-01
4.721917710730029e-01
5.290039490205242e-01
5.876246210391985e-01
6.467639591887230e-01
7.048965743138109e-01
7.603692440303407e-01
8.115539485442165e-01
8.570369217571838e-01
8.958000649340243e-01
9.273565246139968e-01
9.517963312769339e-01
9.697271584949931e-01
9.821281569261394e-01
9.901652687402761e-01
9.950092542689110e-01
9.976974828331732e-01
9.990400347290239e-01
9.996414275852408e-01
9.998815295450493e-01
9.999658662407187e-01
9.999915570018805e-01
9.999982371084815e-01
9.999996951485511e-01
9.999999572829367e-01
9.999999952679909e-01
9.999999995960920e-01
9.999999999743048e-01
9.999999999987982e-01
9.999999999999635e-01
9.999999999999983e-01
1.000000000000000e+00
9.999999999999999e-01
1.000000000000000e+00
1.000000000000000e+00
1.000000000000000e+00
1.000000000000000e+00
1.000000000000000e+00
1.000000000000000e+00
1.000000000000000e+00
1.000000000000000e+00
###3.200000000000001e+00
2.455053018783920e-10
3.544760146775537e-10
4.445379015141525e-10
5.530763192860671e-10
6.867181552146698e-10
8.515263486932623e-10
1.053270415583431e-09
1.300695906031978e-09
1.604334038426938e-09
1.977112840108138e-09
2.434672572431313e-09
2.996537911212357e-09
3.686302827624130e-09
4.533083395979781e-09
5.572807335268424e-09
6.848653096196523e-09
8.414475492683805e-09
1.033619958004274e-08
1.269442355863736e-08
1.558690977960966e-08
1.914199238058017e-08
2.348916870381010e-08
2.882714000817922e-08
3.537476573333782e-08
4.340145635313714e-08
5.324255899791290e-08
6.530678519827190e-08
8.009226537088175e-08
9.821265112580120e-08
1.204141985778847e-07
1.476171376554228e-07
1.809396105374770e-07
2.217565463482549e-07
2.717309633470362e-07
3.329290281999379e-07
4.078466619294535e-07
4.995552656392644e-07
6.117752732928952e-07
7.491152405015594e-07
9.171104756470627e-07
1.122653089283153e-06
1.373999031284929e-06
1.681338428195616e-06
2.057111132740909e-06
2.516345094728569e-06
3.077689860613310e-06
3.763542048672560e-06
4.601441460347406e-06
5.624828772822207e-06
6.874433257658890e-06
8.400115342324116e-06
1.026238738133973e-05
1.253571782875747e-05
1.530858603689183e-05
1.869091868505891e-05
2.281602015045948e-05
2.784677154315824e-05
3.397734752390827e-05
4.144816361571092e-05
5.055211055099189e-05
6.164071256033668e-05
7.514360041891930e-05
9.157876837669064e-05
1.115775982914818e-04
1.359228758552940e-04
1.655303688362533e-04
2.015228227110510e-04
2.452769715437780e-04
2.984531978825452e-04
3.630175412715486e-04
4.414246074891100e-04
5.366346574129110e-04
6.521483753749885e-04
7.921401336238517e-04
9.619382197216642e-04
1.167526864860802e-03
1.416565077665814e-03
1.717851260246323e-03
2.082461478665017e-03
2.523167540642329e-03
3.055256073579096e-03
3.697316377419944e-03
4.471981222838651e-03
5.405185918827348e-03
6.528230715963089e-03
7.879132736408877e-03
9.501552760309931e-03
1.144858647529680e-02
1.378069479830792e-02
1.657196106001157e-02
1.990654554247438e-02
2.388563693833226e-02
2.861982835229971e-02
3.424425154099782e-02
4.091629580485795e-02
4.880485661495562e-02
5.811165973497933e-02
6.905821428724428e-02
8.189162457368995e-02
9.688287651455939e-02
1.143241333280132e-01
1.345155438997917e-01
1.577788649817927e-01
1.844258016260276e-01
2.147531604260073e-01
2.490109481066426e-01
2.873617085571576e-01
3.298965109216826e-01
3.765377896493284e-01
4.270283716948720e-01
4.808812180873270e-01
5.373575693361455e-01
5.954244885923631e-01
6.538075900320459e-01
7.110201269063671e-01
7.654694036045715e-01
8.156020275272130e-01
8.600841254404011e-01
8.979659124254554e-01
9.288046019848598e-01
9.527040986685966e-01
9.702594932508422e-01
9.824194550060816e-01
9.903134876883612e-01
9.950791729640833e-01
9.977243497545241e-01
9.990474513358962e-01
9.996424920618349e-01
9.998812116391195e-01
9.999655461036899e-01
9.999914113178300e-01
9.999981903829189e-01
9.999996837745118e-01
9.999999551489445e-01
9.999999949621570e-01
9.999999995630623e-01
9.999999999716984e-01
9.999999999986451e-01
9.999999999999596e-01
9.999999999999978e-01
1.000000000000000e+00
9.999999999999999e-01
1.000000000000000e+00
1.000000000000000e+00
1.000000000000000e+00
1.000000000000000e+00
1.000000000000000e+00
1.000000000000000e+00
1.000000000000000e+00
1.000000000000000e+00
###3.400000000000001e+00
2.752338949984437e-10
3.908093022312126e-10
4.902185518783291e-10
6.099981888912306e-10
7.574716655544489e-10
9.393087171898303e-10
1.161854673317358e-09
1.434747125836754e-09
1.769599237028400e-09
2.180632803754379e-09
2.685036931080830e-09
3.304330001842635e-09
4.064472426954117e-09
4.997487190196855e-09
6.142913913920510e-09
7.548196417601870e-09
9.272557698999801e-09
1.138845948896325e-08
1.398447100809097e-08
1.716805459669569e-08
2.108021767321747e-08
2.586288135134983e-08
3.173439727384972e-08
3.893530075241413e-08
4.776060612954184e-08
5.857850308658257e-08
7.183755612827181e-08
8.808384276158911e-08
1.079897589491088e-07
1.323735991437709e-07
1.622433032746939e-07
1.988234022636646e-07
2.436206116800122e-07
2.984537694920005e-07
3.655854264654847e-07
4.477447207948947e-07
5.482910004133789e-07
6.712933364604877e-07
8.217837756369112e-07
1.005817679941591e-06
1.230916258108643e-06
1.506095256746911e-06
1.842475691174721e-06
2.253622318681451e-06
2.755940107563692e-06
3.369727918409106e-06
4.119415229441771e-06
5.034987072536467e-06
6.152837358403005e-06
7.517277439753945e-06
9.182550614463179e-06
1.121441034027124e-05
1.369381139387442e-05
1.671673297202271e-05
2.040257560884018e-05
2.489579172477135e-05
3.037296066788543e-05
3.704440379932632e-05
4.517070604658906e-05
5.506827291108704e-05
6.711716608202122e-05
8.178150055353548e-05
9.962008146149780e-05
1.213156248697857e-04
1.477077348050149e-04
1.797853900337312e-04
2.187553302708529e-04
2.660963764371919e-04
3.235919404234886e-04
3.933485009337130e-04
4.779964081988858e-04
5.807060132795607e-04
7.052098368526612e-04
8.559673561689501e-04
1.038664047437969e-03
1.259645979225346e-03
1.527091280726344e-03
1.850308460090827e-03
2.241050512427209e-03
2.712823232707061e-03
3.281765242197315e-03
3.967501757080201e-03
4.793758602958853e-03
5.787927654929075e-03
6.982695789206496e-03
8.417875233263986e-03
1.013900483250104e-02
1.220138096075828e-02
1.466773802979940e-02
1.761484882868760e-02
2.112958410654745e-02
2.531617751430482e-02
3.028791078510914e-02
3.618303501181068e-02
4.316203630625801e-02
5.139595442406714e-02
6.108864501959332e-02
7.246260628030582e-02
8.576468506168558e-02
1.012637946299035e-01
1.192486126953731e-01
1.400109741664430e-01
1.638631794941063e-01
1.911019561812907e-01
2.220054695682692e-01
2.568001694403743e-01
2.956205253393123e-01
3.385266309079009e-01
3.854073476591284e-01
4.359721376035312e-01
4.897085457207899e-01
5.458579962845549e-01
6.033849412462301e-01
6.610299447017695e-01
7.173429238928044e-01
7.707881682230967e-01
8.198825894946749e-01
8.633674787731455e-01
9.003582745905775e-01
9.304560601369398e-01
9.537817080911960e-01
9.709229626446126e-01
9.828039532342666e-01
9.905224383009521e-01
9.951851022271168e-01
9.977707662098568e-01
9.990644846272525e-01
9.996477577884979e-01
9.998825046129787e-01
9.999657606405316e-01
9.999914169539864e-01
9.999981795503164e-01
9.999996793998487e-01
9.999999541121866e-01
9.999999947910067e-01
9.999999995426267e-01
9.999999999699600e-01
9.999999999985361e-01
9.999999999999565e-01
9.999999999999973e-01
1.000000000000000e+00
9.999999999999999e-01
1.000000000000000e+00
1.000000000000000e+00
1.000000000000000e+00
1.000000000000000e+00
1.000000000000000e+00
1.000000000000000e+00
1.000000000000000e+00
1.000000000000000e+00
###3.600000000000001e+00
3.075794307851970e-10
4.304678922394008e-10
5.400754309319971e-10
6.721167147418056e-10
8.346765189036676e-10
1.035082931451392e-09
1.280307770344911e-09
1.580959237230095e-09
1.949827367539815e-09
2.402540623155015e-09
2.957971195087880e-09
3.639801329641431e-09
4.476566496115777e-09
5.503444640748773e-09
6.763898049745749e-09
8.309997126383270e-09
1.020679076982987e-08
1.253383113748747e-08
1.538833085688597e-08
1.888826742009185e-08
2.318838375276972e-08
2.844405976137429e-08
3.489488793507272e-08
4.280491433705698e-08
5.249685509230261e-08
6.437441768518404e-08
7.892925229465565e-08
9.675926449666761e-08
1.186003321706946e-07
1.453485438173922e-07
1.781065408639080e-07
2.182136751014765e-07
2.673187780675256e-07
3.274087416945155e-07
4.009577514115464e-07
4.909462117825590e-07
6.010435356113578e-07
7.356940156882952e-07
9.003871853628001e-07
1.101735966773361e-06
1.347930731863927e-06
1.648814170165547e-06
2.016502319927566e-06
2.465767346589889e-06
3.014490458210932e-06
3.684747106412062e-06
4.503116393913538e-06
5.502231884430383e-06
6.721629045907701e-06
8.209464017632427e-06
1.002466437892037e-05
1.223853964728356e-05
1.493898781411069e-05
1.823006208167146e-05
2.224108693508327e-05
2.712851414447019e-05
3.308347055995549e-05
4.033342871096576e-05
4.916036755782350e-05
5.990568274919533e-05
7.297968172927505e-05
8.888300726007189e-05
1.082176493093633e-04
1.317207041513247e-04
1.602913742729184e-04
1.949963688426985e-04
2.371306191105631e-04
2.882807349706604e-04
3.503592070961179e-04
4.256200988310917e-04
5.168781635874462e-04
6.275234780936646e-04
7.615322546574412e-04
9.236605842813205e-04
1.119966977187285e-03
1.357175369137668e-03
1.644002100617913e-03
1.990286879811256e-03
2.408489711025748e-03
2.912859246356246e-03
3.520430437810982e-03
4.251888338294907e-03
5.132092335593452e-03
6.189916387370520e-03
7.459475313145860e-03
8.982412431066436e-03
1.080617823698799e-02
1.298830383657526e-02
1.559382138568357e-02
1.870221616891221e-02
2.240307624996308e-02
2.680367686385777e-02
3.201995576630739e-02
3.819323753929882e-02
4.548703074907959e-02
5.407440181345649e-02
6.416118923799187e-02
7.597069048090042e-02
8.974926909516412e-02
1.057635379288836e-01
1.242982862447706e-01
1.456369363989060e-01
1.700819206841789e-01
1.979148917563356e-01
2.293952818976293e-01
2.647261012181179e-01
3.040141261950837e-01
3.472890177755161e-01
3.944067929613368e-01
4.450455620071562e-01
4.986676251278168e-01
5.544961226747036e-01
6.114932347527683e-01
6.684140736389529e-01
7.238435309465101e-01
7.762998500449065e-01
8.243665446086658e-01
8.668560873833276e-01
9.029465741826573e-01
9.322828554855374e-01
9.550053300460338e-01
9.716991243531964e-01
9.832685182985289e-01
9.907835463323015e-01
9.953219345088811e-01
9.978340142301416e-01
9.990898640543846e-01
9.996567052413343e-01
9.998852257979474e-01
9.999664558517025e-01
9.999915607974751e-01
9.999982021317279e-01
9.999996816881954e-01
9.999999541476770e-01
9.999999947556494e-01
9.999999995353761e-01
9.999999999691712e-01
9.999999999984773e-01
9.999999999999547e-01
9.999999999999971e-01
1.000000000000000e+00
9.999999999999999e-01
1.000000000000000e+00
1.000000000000000e+00
1.000000000000000e+00
1.000000000000000e+00
1.000000000000000e+00
1.000000000000000e+00
1.000000000000000e+00
1.000000000000000e+00
###3.800000000000001e+00
3.427524248075928e-10
4.737116138329689e-10
5.944351823071855e-10
7.398381528982376e-10
9.188364709324342e-10
1.139472226704058e-09
1.409397815662659e-09
1.740276556839416e-09
2.146176984956031e-09
2.644256607499409e-09
3.255213472714178e-09
4.005076924793929e-09
4.925180815351960e-09
6.054124391653495e-09
7.439625430983622e-09
9.138768085207951e-09
1.122291732149085e-08
1.377930861508560e-08
1.691451763926047e-08
2.075789385705171e-08
2.547909845535873e-08
3.124800480340666e-08
3.832723391645732e-08
4.700623244982489e-08
5.763767994834028e-08
7.066365828758429e-08
8.662235292988005e-08
1.061676362826649e-07
1.301039195411753e-07
1.594112114127562e-07
1.952943092598955e-07
2.392163604772239e-07
2.929793132129179e-07
3.587510950146860e-07
4.392337648100947e-07
5.376781673700412e-07
6.580872727768439e-07
8.053089249081981e-07
9.853242236848431e-07
1.205342549665911e-06
1.474279227531474e-06
1.802858308004583e-06
2.204264872715705e-06
2.694565706980873e-06
3.293221076321887e-06
4.024216066217272e-06
4.916420100966556e-06
6.005305063219989e-06
7.333763576603231e-06
8.954080361725679e-06
1.093011672634206e-05
1.333917509685612e-05
1.627652804681489e-05
1.985483435775506e-05
2.421405363577306e-05
2.952322331517426e-05
3.598908261440734e-05
4.385727362948598e-05
5.343242446574717e-05
6.508254265145227e-05
7.924983839525352e-05
9.647373475204744e-05
1.174018384904941e-04
1.428285793681787e-04
1.737163258363797e-04
2.112137382357306e-04
2.567079359906841e-04
3.118998146211441e-04
3.788370400642200e-04
4.599286419769356e-04
5.581827347041276e-04
6.772191242715731e-04
8.212732573064371e-04
9.953994761369770e-04
1.206055923215977e-03
1.460357311133981e-03
1.767577989743693e-03
2.138110268888889e-03
2.585146806181462e-03
3.123703500944153e-03
3.771739750626728e-03
4.551034762122623e-03
5.487616966948980e-03
6.611870931632650e-03
7.959379834178413e-03
9.573654480980551e-03
1.150409013401400e-02
1.381048618906508e-02
1.656019565696065e-02
1.983543816317932e-02
2.372852395106279e-02
2.834976429428934e-02
3.381771688734179e-02
4.027673058699863e-02
4.789325829954678e-02
5.684227004933241e-02
6.733143522258585e-02
7.958465473103163e-02
9.384757658343934e-02
1.103842730994623e-01
1.294751567382960e-01
1.513953865110622e-01
1.764368422258952e-01
2.048660683640304e-01
2.369236545401036e-01
2.727892548635844e-01
3.125422829920747e-01
3.561824604360677e-01
4.035338467984382e-01
4.542443608167593e-01
5.077519317949676e-01
5.632625827493164e-01
6.197365943264790e-01
6.759433269279517e-01
7.305012309246307e-01
7.819799365492186e-01
8.290264121207634e-01
8.705209739408237e-01
9.057024455424932e-01
9.342588147551322e-01
9.563527513424954e-01
9.725706068290184e-01
9.838007074797405e-01
9.910885571545185e-01
9.954846809833108e-01
9.979113837943472e-01
9.991222824216254e-01
9.996687790231509e-01
9.998891695585327e-01
9.999675665971299e-01
9.999918255258775e-01
9.999982543376176e-01
9.999996899782576e-01
9.999999551673411e-01
9.999999948477153e-01
9.999999995408203e-01
9.999999999693252e-01
9.999999999984701e-01
9.999999999999546e-01
9.999999999999970e-01
1.000000000000000e+00
9.999999999999999e-01
1.000000000000000e+00
1.000000000000000e+00
1.000000000000000e+00
1.000000000000000e+00
1.000000000000000e+00
1.000000000000000e+00
1.000000000000000e+00
1.000000000000000e+00
###4.000000000000001e+00
3.809703266088070e-10
5.208176194603931e-10
6.536462528614438e-10
8.135958289666952e-10
1.010488803283287e-09
1.253141181530134e-09
1.549943806330012e-09
1.913705859026202e-09
2.359883446170532e-09
2.907294375822938e-09
3.578615666459986e-09
4.402420840907413e-09
5.413079804429512e-09
6.652900043006615e-09
8.174210843294911e-09
1.003952448314013e-08
1.232704669624983e-08
1.513233058404328e-08
1.857208451448500e-08
2.278795551099127e-08
2.796575927069058e-08
3.429099446271184e-08
4.205121145475841e-08
5.156327607006459e-08
6.321224216491189e-08
7.748161410962951e-08
9.495979126134317e-08
1.163610233776028e-07
1.425636355674719e-07
1.746380789508700e-07
2.138992428457861e-07
2.619436147365438e-07
3.207379592394296e-07
3.926450482018686e-07
4.806126813261319e-07
5.881806120898319e-07
7.197121974670518e-07
8.804891758405655e-07
1.077018186952308e-06
1.317148916744912e-06
1.610576557529789e-06
1.968968608387179e-06
2.406655814404317e-06
2.941091738032433e-06
3.593427681216305e-06
4.389687209038151e-06
5.361193859706916e-06
6.546449295485321e-06
7.991932335942657e-06
9.754331525193125e-06
1.190276813154206e-05
1.452094800620459e-05
1.771197405885766e-05
2.159767587190005e-05
2.632932059406405e-05
3.208933848676154e-05
3.910102729384095e-05
4.762931490629401e-05
5.800289115946275e-05
7.061800475059387e-05
8.595024712127477e-05
1.045805447642155e-04
1.272043511336797e-04
1.546767743789051e-04
1.880269355725877e-04
2.284895652742487e-04
2.775493076199089e-04
3.370251868829245e-04
4.091107650667996e-04
4.963742326300715e-04
6.020273530873829e-04
7.299300475950564e-04
8.845896944124593e-04
1.071370257523298e-03
1.297147257618269e-03
1.569442535239064e-03
1.898108937768912e-03
2.294113062873058e-03
2.771405416499977e-03
3.345797195734661e-03
4.036191674335970e-03
4.865515992889485e-03
5.860985099214203e-03
7.054529766236703e-03
8.483241183317315e-03
1.019253433723751e-02
1.223378185086059e-02
1.466908437809908e-02
1.756813764932549e-02
2.101591612785386e-02
2.510745494578144e-02
2.995609345879660e-02
3.568296949926049e-02
4.243540328174948e-02
5.038270973585494e-02
5.970163359918926e-02
7.060151760693451e-02
8.330666349579233e-02
9.806178421032288e-02
1.151280961289359e-01
1.347808963297463e-01
1.572881408033237e-01
1.829295225260850e-01
2.119567239930918e-01
2.445913706324959e-01
2.809898123440032e-01
3.212043850648263e-01
3.652053207133890e-01
4.127855322637060e-01
4.635638103419215e-01
5.169545597955217e-01
5.721477624658049e-01
6.281022160872090e-01
6.836013376375225e-01
7.372959800757777e-01
7.878050141538810e-01
8.338362118662314e-01
8.743349494186069e-01
9.085990015202768e-01
9.363595430817337e-01
9.578033850586201e-01
9.735211412444137e-01
9.843886912628854e-01
9.914296215815139e-01
9.956685554029961e-01
9.980002372561280e-01
9.991604417545332e-01
9.996834131038793e-01
9.998941196204841e-01
9.999690215553249e-01
9.999921911851576e-01
9.999983315056694e-01
9.999997033813839e-01
9.999999570363240e-01
9.999999950514405e-01
9.999999995575914e-01
9.999999999703381e-01
9.999999999985109e-01
9.999999999999561e-01
9.999999999999969e-01
1.000000000000000e+00
9.999999999999999e-01
1.000000000000000e+00
1.000000000000000e+00
1.000000000000000e+00
1.000000000000000e+00
1.000000000000000e+00
1.000000000000000e+00
1.000000000000000e+00
1.000000000000000e+00
###4.200000000000001e+00
4.224671213452444e-10
5.720814193691670e-10
7.180801298146407e-10
8.938516513243946e-10
1.110206265279579e-09
1.376798190330417e-09
1.702818598925801e-09
2.102319927821242e-09
2.592262862128423e-09
3.193266178252660e-09
3.930149937559911e-09
4.834242688073866e-09
5.943206054559416e-09
7.303361739894454e-09
8.972032066594287e-09
1.101760074356342e-08
1.352567537994184e-08
1.660080491475111e-08
2.037065303230055e-08
2.499015558271647e-08
3.066259665873294e-08
3.759031349776238e-08
4.608781361451272e-08
5.650153624487623e-08
6.925147829669283e-08
8.486581656776580e-08
1.039870846683193e-07
1.273946068417698e-07
1.560463478670742e-07
1.911101459216552e-07
2.340194211427898e-07
2.865141483204860e-07
3.507383434899532e-07
4.292643084207960e-07
5.253070116357515e-07
6.427072542198239e-07
7.862246877981601e-07
9.616035025195698e-07
1.175919256221976e-06
1.437693174634809e-06
1.757471265097865e-06
2.147926329289262e-06
2.624615772310749e-06
3.206477338405865e-06
3.916480150334848e-06
4.782796558804774e-06
5.839402535882949e-06
7.128023129390055e-06
8.698964400654157e-06
1.061360887451326e-05
1.294672778209362e-05
1.578875375644601e-05
1.925114049325649e-05
2.346553481616766e-05
2.859518395623936e-05
3.483675586138263e-05
4.243109968411015e-05
5.166359660231770e-05
6.288841865005833e-05
7.653170153763100e-05
9.310467626499574e-05
1.132312870679101e-04
1.376582725299528e-04
1.673044259552025e-04
2.032694702562455e-04
2.468783811832782e-04
2.997186642182445e-04
3.637339978510173e-04
4.412693765607261e-04
5.350608759893073e-04
6.485341890761001e-04
7.857984645545937e-04
9.516466880295340e-04
1.151765833876857e-03
1.393464988854319e-03
1.684690437275615e-03
2.035894724746959e-03
2.458640716721158e-03
2.967662659800628e-03
3.579595329883511e-03
4.314313273399412e-03
5.195918456664369e-03
6.252867787227623e-03
7.518651399086319e-03
9.031912786557513e-03
1.084000800976201e-02
1.299631905423784e-02
1.556528010873191e-02
1.861895012213172e-02
2.224507738904425e-02
2.654142230237738e-02
3.162434169597417e-02
3.761750978498313e-02
4.467116120130102e-02
5.295738597852306e-02
6.265456851389635e-02
7.397356126224143e-02
8.713885769869754e-02
1.023940769437899e-01
1.199970420006365e-01
1.402179031049710e-01
1.633168918753869e-01
1.895613686581673e-01
2.191878775865175e-01
2.523989415184759e-01
2.893276295930773e-01
3.299994447477459e-01
3.743555410494120e-01
4.221584309035493e-01
4.729987607169666e-01
5.262682415234435e-01
5.811418151006468e-01
6.365772745298380e-01
6.913720127326219e-01
7.442083741951578e-01
7.937527051709615e-01
8.387713722358575e-01
8.782725018502597e-01
9.116113183293463e-01
9.385623398044776e-01
9.593379788839915e-01
9.745355711772856e-01
9.850214444357329e-01
9.917993616586184e-01
9.958690370956749e-01
9.980980613973032e-01
9.992030869127038e-01
9.997000507612483e-01
9.998998599043329e-01
9.999707474287532e-01
9.999926365870051e-01
9.999984285139419e-01
9.999997208751982e-01
9.999999595904383e-01
9.999999953461206e-01
9.999999995837047e-01
9.999999999720680e-01
9.999999999985927e-01
9.999999999999590e-01
9.999999999999969e-01
1.000000000000000e+00
9.999999999999999e-01
1.000000000000000e+00
1.000000000000000e+00
1.000000000000000e+00
1.000000000000000e+00
1.000000000000000e+00
1.000000000000000e+00
1.000000000000000e+00
1.000000000000000e+00
###4.400000000000001e+00
4.674929610019548e-10
6.278178807269775e-10
7.881326715851712e-10
9.810976495640648e-10
1.218599062116561e-09
1.511197857007042e-09
1.868951891439392e-09
2.307261247319047e-09
2.844716587378795e-09
3.503888361056902e-09
4.311915340625041e-09
5.303106719714634e-09
6.518690057692829e-09
8.009327988623440e-09
9.837744175948304e-09
1.207866777061617e-08
1.482570764958096e-08
1.819313366391624e-08
2.232044318720434e-08
2.737691930217086e-08
3.358471745517834e-08
4.116430582815266e-08
5.045932193598593e-08
6.184804960961825e-08
7.578819039161094e-08
9.285605807482638e-08
1.137524644945125e-07
1.393268387133686e-07
1.706228646288949e-07
2.089131557017988e-07
2.557586325281018e-07
3.130535384720825e-07
3.831323477095186e-07
4.687924866034873e-07
5.735355833235051e-07
7.015260711853536e-07
8.579482503398735e-07
1.049042273013166e-06
1.282493459392050e-06
1.567542862659342e-06
1.915647104336452e-06
2.340554829999656e-06
2.859135655679073e-06
3.491914394294793e-06
4.263801104505943e-06
5.205265403140187e-06
6.353112602972112e-06
7.752505963166917e-06
9.457832524682967e-06
1.153547432085344e-05
1.406621837000569e-05
1.714766464842894e-05
2.090012617966946e-05
2.546569545268788e-05
3.102033715894397e-05
3.777592435141747e-05
4.599175316010369e-05
5.597494527101341e-05
6.810651130091268e-05
8.284438265839688e-05
1.007374609775216e-04
1.224551102679886e-04
1.487981246286360e-04
1.807524229992104e-04
2.194922751109220e-04
2.664378377690082e-04
3.232828470796626e-04
3.921074193390010e-04
4.754062212954418e-04
5.760970400312505e-04
6.978312954280113e-04
8.449719430575830e-04
1.022616148222355e-03
1.236785952191519e-03
1.495224701230409e-03
1.806373349969764e-03
2.181245084579076e-03
2.632049869083353e-03
3.174328145826188e-03
3.825566809157612e-03
4.606639421082991e-03
5.542830365650979e-03
6.663954206884793e-03
8.005014278781135e-03
9.606269547770878e-03
1.151705440714149e-02
1.379279149537392e-02
1.650028003863361e-02
1.971396120588222e-02
2.352437445202861e-02
2.803200327235323e-02
3.335620848525295e-02
3.962315272133968e-02
4.698592372814200e-02
5.561929471388919e-02
6.570314809285288e-02
7.744967583476388e-02
9.108334655798803e-02
1.068464167460913e-01
1.249930717889860e-01
1.457879668320918e-01
1.694831960551938e-01
1.963336065363380e-01
2.265603201755879e-01
2.603465998570094e-01
2.978022323324639e-01
3.389260967740529e-01
3.836306485338282e-01
4.316486918202554e-01
4.825434190009528e-01
5.356853484963143e-01
5.902346758791852e-01
6.451489308847663e-01
6.992395279172430e-01
7.512196248534727e-01
7.998019486374122e-01
8.438086596256873e-01
8.823097081806064e-01
9.147162105349549e-01
9.408461330201698e-01
9.609386698815388e-01
9.755998538989269e-01
9.856887465244452e-01
9.921909248832613e-01
9.960819180521113e-01
9.982025098629898e-01
9.992490351050948e-01
9.997181615051839e-01
9.999061798957073e-01
9.999726723350610e-01
9.999931406492786e-01
9.999985401184514e-01
9.999997413894222e-01
9.999999626525569e-01
9.999999957085689e-01
9.999999996168344e-01
9.999999999743402e-01
9.999999999987060e-01
9.999999999999629e-01
9.999999999999970e-01
1.000000000000000e+00
9.999999999999999e-01
1.000000000000000e+00
1.000000000000000e+00
1.000000000000000e+00
1.000000000000000e+00
1.000000000000000e+00
1.000000000000000e+00
1.000000000000000e+00
1.000000000000000e+00
###4.600000000000001e+00
5.163128710941456e-10
6.883623267584411e-10
8.642254679595621e-10
1.075857988649740e-09
1.336316952839268e-09
1.657143634660657e-09
2.049333414581217e-09
2.529745839302303e-09
3.118735941680213e-09
3.840987084737308e-09
4.726144782591937e-09
5.811739804271929e-09
7.142860425402403e-09
8.774857991455883e-09
1.077629445511171e-08
1.322875046342075e-08
1.623447741879327e-08
1.991823928218227e-08
2.443230497471011e-08
2.996143412883954e-08
3.674815072604008e-08
4.503242940314443e-08
5.518934813147339e-08
6.763147746772888e-08
8.285714086641884e-08
1.014944770742279e-07
1.243070121553479e-07
1.522196049276153e-07
1.863681292184671e-07
2.281378280919396e-07
2.792266497933795e-07
3.416945550651707e-07
4.180805005795999e-07
5.114235700361477e-07
6.255327504874360e-07
7.649199797368458e-07
9.352243218028608e-07
1.143217322929089e-06
1.397237330888250e-06
1.707296258897239e-06
2.085824614361120e-06
2.547721418052490e-06
3.111258850134824e-06
3.798657370977653e-06
4.636897965308217e-06
5.658903877025977e-06
6.904496301433198e-06
8.422502973757204e-06
1.027165885091154e-05
1.252366688767437e-05
1.526569369926458e-05
1.860302434282832e-05
2.266532451098721e-05
2.760579067611324e-05
3.361388562007327e-05
4.091762174136828e-05
4.979581623349621e-05
6.057861315421730e-05
7.367555816937811e-05
8.957772571292438e-05
1.088743039605698e-04
1.322827855267351e-04
1.606599400931358e-04
1.950632238306662e-04
2.367453213391953e-04
2.872263314248469e-04
3.483124818801164e-04
4.222211272444010e-04
5.116156867016494e-04
6.195962669630399e-04
7.500475114577889e-04
9.076037112416730e-04
1.097676229271062e-03
1.326637458348256e-03
1.602679790325752e-03
1.934784624083962e-03
2.334480318030364e-03
2.814708786369801e-03
3.391824447892911e-03
4.084194922864693e-03
4.913721001645025e-03
5.906904720920612e-03
7.094952727450158e-03
8.514417354782335e-03
1.020720829768912e-02
1.222467561978300e-02
1.462431313946483e-02
1.747531571904517e-02
2.085452410933315e-02
2.485528442906736e-02
2.958079836523315e-02
3.515341410137868e-02
4.170173021125671e-02
4.938162157856749e-02
5.837044718818848e-02
6.884943885020145e-02
8.103195071337201e-02
9.514220156344866e-02
1.114208094431842e-01
1.301180615758053e-01
1.514927628946631e-01
1.757884580271550e-01
2.032472692934602e-01
2.340746040866584e-01
2.684342905155124e-01
3.064128089020157e-01
3.479825930715033e-01
3.930277517379570e-01
4.412520204918224e-01
4.921910431898602e-01
5.451978918617736e-01
5.994160605882207e-01
6.538043287947928e-01
7.071883146124149e-01
7.583115269488270e-01
8.059319420764549e-01
8.489261000831322e-01
8.864241473422311e-01
9.178920982408558e-01
9.431914108334694e-01
9.625890100559477e-01
9.767010514282941e-01
9.863811893757187e-01
9.925980021819608e-01
9.963033345026687e-01
9.983114189432443e-01
9.992971952157411e-01
9.997372530620188e-01
9.999128838948934e-01
9.999747285202446e-01
9.999936832608189e-01
9.999986613018986e-01
9.999997638797226e-01
9.999999660467924e-01
9.999999961153749e-01
9.999999996545675e-01
9.999999999769694e-01
9.999999999988403e-01
9.999999999999676e-01
9.999999999999972e-01
1.000000000000000e+00
9.999999999999999e-01
1.000000000000000e+00
1.000000000000000e+00
1.000000000000000e+00
1.000000000000000e+00
1.000000000000000e+00
1.000000000000000e+00
1.000000000000000e+00
1.000000000000000e+00
###4.800000000000002e+00
5.692049175621791e-10
7.540716993643190e-10
9.468072559554886e-10
1.178690721846017e-09
1.464051439607584e-09
1.815490477525858e-09
2.245016207988783e-09
2.771067330550397e-09
3.415907292256173e-09
4.206504272501900e-09
5.175212258542746e-09
6.363041613918974e-09
7.819200458262561e-09
9.604264383999492e-09
1.179293796595315e-08
1.447424749999528e-08
1.775977099937672e-08
2.178559211395476e-08
2.671775154932414e-08
3.275768966450523e-08
4.016989543353156e-08
4.921531388237990e-08
6.030292376823402e-08
7.388218897112216e-08
9.049515232904649e-08
1.108257018994244e-07
1.357048026107655e-07
1.661383972794227e-07
2.033614261496823e-07
2.488801059914823e-07
3.045395244245734e-07
3.725775203772412e-07
4.557524014579605e-07
5.573624350390344e-07
6.815459523895291e-07
8.331875610468182e-07
1.018413085711129e-06
1.244562964337399e-06
1.520674308350636e-06
1.857583818009959e-06
2.268762790363437e-06
2.770339328136137e-06
3.382083549296652e-06
4.128026090263258e-06
5.037356012303789e-06
6.145610451101082e-06
7.495836134977930e-06
9.140750396635558e-06
1.114372113231149e-05
1.358211013989864e-05
1.654986355693561e-05
2.016044227631521e-05
2.455343499815717e-05
2.989381488595861e-05
3.638536064913297e-05
4.427318409128165e-05
5.385677838172578e-05
6.549063577337733e-05
7.961445998734952e-05
9.675436517613361e-05
1.175420303514177e-04
1.427457708660413e-04
1.732813554120019e-04
2.102812595331911e-04
2.550815331052533e-04
3.093052391349058e-04
3.748789753087423e-04
4.541632145567770e-04
5.499973291802434e-04
6.656731936766018e-04
8.053189136779661e-04
9.738531939783064e-04
1.177011525737105e-03
1.421534625791605e-03
1.716081692956015e-03
2.070190376391863e-03
2.495931129445403e-03
3.006997522118603e-03
3.620587294605632e-03
4.355983174875062e-03
5.236128763811121e-03
6.288785091616829e-03
7.546591056373195e-03
9.047680228999185e-03
1.083564788581820e-02
1.296389693557459e-02
1.549202207494327e-02
1.849164335209554e-02
2.204201669833207e-02
2.623930837320193e-02
3.118943040830697e-02
3.701769832370741e-02
4.385508940786476e-02
5.186019478178589e-02
6.121288352118830e-02
7.209549750756615e-02
8.472245123812025e-02
9.931745248817471e-02
1.161191971258635e-01
1.353737977795861e-01
1.573338464026264e-01
1.822339250785050e-01
2.103031919425832e-01
2.417310389742182e-01
2.766616690808976e-01
3.151582127702746e-01
3.571668117870546e-01
4.025435587167104e-01
4.509637260687199e-01
5.019364787359137e-01
5.547975975738141e-01
6.086755122143304e-01
6.625306302699048e-01
7.152031018182476e-01
7.654664511842374e-01
8.121230729692953e-01
8.541029191077707e-01
8.905948292087382e-01
9.211189343271083e-01
9.455801613327911e-01
9.642739582692709e-01
9.778273224606316e-01
9.870901859014347e-01
9.930148704857314e-01
9.965297878147529e-01
9.984228380837855e-01
9.993465792678220e-01
9.997568798009221e-01
9.999197943870244e-01
9.999768543469909e-01
9.999942460608772e-01
9.999987874457131e-01
9.999997873823210e-01
9.999999696099178e-01
9.999999965445762e-01
9.999999996946185e-01
9.999999999797784e-01
9.999999999989851e-01
9.999999999999726e-01
9.999999999999974e-01
1.000000000000000e+00
9.999999999999999e-01
1.000000000000000e+00
1.000000000000000e+00
1.000000000000000e+00
1.000000000000000e+00
1.000000000000000e+00
1.000000000000000e+00
1.000000000000000e+00
1.000000000000000e+00
###5.000000000000002e+00
6.264838917767394e-10
8.253257541210591e-10
1.036355793678239e-09
1.290189403414407e-09
1.602538134941361e-09
1.987147825590089e-09
2.457120183235274e-09
3.032601264722111e-09
3.737914202018573e-09
4.602504190882647e-09
5.661640662293821e-09
6.960092332394292e-09
8.551518968492695e-09
1.050212720765480e-08
1.289325424680838e-08
1.582195082150594e-08
1.940985128315328e-08
2.380523953332533e-08
2.918899424601875e-08
3.578051978330377e-08
4.386797158860011e-08
5.373482156618535e-08
6.582657007337685e-08
8.063234883613511e-08
9.874121273604999e-08
1.208969728803829e-07
1.480030552840150e-07
1.811524939595552e-07
2.216865962773294e-07
2.712414135062992e-07
3.318199081459582e-07
4.058506743294544e-07
4.963271681539165e-07
6.068253337239659e-07
7.418362543178957e-07
9.066438032154477e-07
1.107894390743348e-06
1.353537040476187e-06
1.653355983346181e-06
2.019070347534842e-06
2.465260823480117e-06
3.009369809780684e-06
3.672765229912827e-06
4.481408684824121e-06
5.466850986428793e-06
6.667388221538485e-06
8.129529710690967e-06
9.910121221446428e-06
1.207745944950313e-05
1.471492024124269e-05
1.792365339662832e-05
2.182579786560578e-05
2.657147610789585e-05
3.233813912461112e-05
3.934473760262559e-05
4.785448774666706e-05
5.818876603534759e-05
7.072779823775677e-05
8.594314215434880e-05
1.043979279611292e-04
1.267686252827318e-04
1.538771077429601e-04
1.867014355962245e-04
2.264527352309559e-04
2.745547281448951e-04
3.327385954864608e-04
4.030573563231401e-04
4.880230879998192e-04
5.906545555464624e-04
7.144487097146610e-04
8.637866002404238e-04
1.043884335891149e-03
1.260813167967679e-03
1.521699154256106e-03
1.835686933706570e-03
2.212887023137174e-03
2.665938765961315e-03
3.209315462108858e-03
3.861065749011590e-03
4.641439311454607e-03
5.574459913180175e-03
6.689133072165065e-03
8.019616231033509e-03
9.605643237404661e-03
1.149252917943078e-02
1.373576675631203e-02
1.639708029644166e-02
1.955054341288174e-02
2.327784090190278e-02
2.767797041975451e-02
3.285954335348006e-02
3.895081884389247e-02
4.608509066393864e-02
5.442358996968279e-02
6.414858870757556e-02
7.544336688901317e-02
8.852321400591344e-02
1.036110819357014e-01
1.209434519749033e-01
1.407619702779820e-01
1.633126447729277e-01
1.888206796821071e-01
2.175020042369390e-01
2.495296855941594e-01
2.850280973215181e-01
3.240369605894428e-01
3.664762585681546e-01
4.121743824109134e-01
4.607787272929349e-01
5.117729793164010e-01
5.644759152244652e-01
6.180024180471740e-01
6.713151199901435e-01
7.232689531101528e-01
7.726673432683844e-01
8.183566818963406e-01
8.593195069482263e-01
8.948021382751782e-01
9.243781424668094e-01
9.479958118037849e-01
9.659794729743114e-01
9.789678891201594e-01
9.878079619273061e-01
9.934362699886753e-01
9.967581524214816e-01
9.985350338980979e-01
9.993963135679844e-01
9.997766479255642e-01
9.999267548412804e-01
9.999789955682450e-01
9.999948129217268e-01
9.999989144969781e-01
9.999998110525559e-01
9.999999731987413e-01
9.999999969769523e-01
9.999999997349854e-01
9.999999999826105e-01
9.999999999991317e-01
9.999999999999776e-01
9.999999999999977e-01
1.000000000000000e+00
9.999999999999999e-01
1.000000000000000e+00
1.000000000000000e+00
1.000000000000000e+00
1.000000000000000e+00
1.000000000000000e+00
1.000000000000000e+00
1.000000000000000e+00
1.000000000000000e+00
###5.200000000000002e+00
6.884650084699588e-10
9.025283439835581e-10
1.133380169338435e-09
1.410985147906813e-09
1.752559162979091e-09
2.173082532821837e-09
2.686835779149087e-09
3.315809581544783e-09
4.086537643608374e-09
5.031179898687905e-09
6.188109908455346e-09
7.606163239967292e-09
9.343805381539340e-09
1.147330845254870e-08
1.408316477278276e-08
1.727906671529273e-08
2.119348303554034e-08
2.598783634594691e-08
3.185897921863329e-08
3.904564669661092e-08
4.786147231263672e-08
5.861411088288962e-08
7.178837261998099e-08
8.791600899184169e-08
1.076365852877295e-07
1.317582720097684e-07
1.612622917542249e-07
1.973351483412407e-07
2.414322632074144e-07
2.953289257796773e-07
3.611973653110524e-07
4.416705576215527e-07
5.399938601351708e-07
6.600403791559158e-07
8.066790945188711e-07
9.856208786872574e-07
1.204068674017291e-06
1.470622029498307e-06
1.795863430018307e-06
2.192457950171731e-06
2.676160023811335e-06
3.265824309194027e-06
3.984519230652029e-06
4.860264624164416e-06
5.927127343994591e-06
7.226338714968999e-06
8.808094730547884e-06
1.073363103712597e-05
1.307648305759238e-05
1.592641387613243e-05
1.939222200329478e-05
2.360525138583616e-05
2.872679819757251e-05
3.494752602640291e-05
4.250245367558073e-05
5.167395287478979e-05
6.280654521451578e-05
7.630763685571611e-05
9.268241114840462e-05
1.125330730931949e-04
1.365832810869945e-04
1.657113178497664e-04
2.009612646144530e-04
2.436261009457510e-04
2.952213992308554e-04
3.575929977673485e-04
4.329258378723055e-04
5.238906449719008e-04
6.336947171898220e-04
7.660482491749548e-04
9.255968980496033e-04
1.117870015627678e-03
1.349279105813612e-03
1.627360462084834e-03
1.961760797609557e-03
2.363180862994540e-03
2.844855839747915e-03
3.422095224504443e-03
4.113722985193505e-03
4.941090122879532e-03
5.929296330506165e-03
7.108628118210527e-03
8.514794709081173e-03
1.018916750289514e-02
1.217881507222576e-02
1.454135650599343e-02
1.734067347803644e-02
2.065332023898112e-02
2.456342206149133e-02
2.917281684159471e-02
3.459280095135284e-02
4.095454948169950e-02
4.839360513428545e-02
5.707375709931169e-02
6.717956097522394e-02
7.889507096560754e-02
9.243624154090045e-02
1.080250193139876e-01
1.258953696010282e-01
1.462841650921126e-01
1.694304499646367e-01
1.955496316794747e-01
2.248441231582951e-01
2.574703491683205e-01
2.935326381609467e-01
3.330472295227718e-01
3.759080666648429e-01
4.219161439669791e-01
4.706915530966799e-01
5.216934521777224e-01
5.742240184248605e-01
6.273860264829738e-01
6.801453076869436e-01
7.313710154564927e-01
7.798977130844559e-01
8.246149631056693e-01
8.645573769927358e-01
8.990277786040495e-01
9.276525572128942e-01
9.504231742056454e-01
9.676929688348768e-01
9.801130137054517e-01
9.885275450557155e-01
9.938576922788422e-01
9.969856814778507e-01
9.986464939273960e-01
9.994456377232469e-01
9.997962181563533e-01
9.999336312661132e-01
9.999811060395749e-01
9.999953702233211e-01
9.999990390575733e-01
9.999998341873425e-01
9.999999766949922e-01
9.999999973967068e-01
9.999999997740380e-01
9.999999999853385e-01
9.999999999992728e-01
9.999999999999822e-01
9.999999999999979e-01
1.000000000000000e+00
9.999999999999999e-01
1.000000000000000e+00
1.000000000000000e+00
1.000000000000000e+00
1.000000000000000e+00
1.000000000000000e+00
1.000000000000000e+00
1.000000000000000e+00
1.000000000000000e+00
###5.400000000000002e+00
7.554856371710805e-10
9.861087002205669e-10
1.238418386106244e-09
1.541748676628379e-09
1.914945681708561e-09
2.374321855078012e-09
2.935427768752740e-09
3.622245248829635e-09
4.463693472558989e-09
5.494860222164269e-09
6.757465231060125e-09
8.304726673334421e-09
1.020029337388130e-08
1.252296659840067e-08
1.536895062297808e-08
1.885323722577814e-08
2.311995865289509e-08
2.834467585306056e-08
3.474142479558661e-08
4.256972583824120e-08
5.217061902808927e-08
6.387770119163571e-08
7.821805891949827e-08
9.576920157067347e-08
1.172249197667824e-07
1.434624561569995e-07
1.755464950428048e-07
2.147637792578450e-07
2.626920603773057e-07
3.212558399347001e-07
3.928086800548297e-07
4.802023982288729e-07
5.869519532073859e-07
7.172484762260950e-07
8.763648979643397e-07
1.070468909579628e-06
1.307357846620218e-06
1.596326111813436e-06
1.948808440066422e-06
2.378479309998018e-06
2.902345495146436e-06
3.540766541301387e-06
4.318623194004869e-06
5.266127512261216e-06
6.420023218623002e-06
7.824667736730839e-06
9.534173679163626e-06
1.161444355548779e-05
1.414457688211568e-05
1.722111584605654e-05
2.096097448923074e-05
2.550525431595565e-05
3.102709553896556e-05
3.773114393993166e-05
4.586942398041802e-05
5.574456207381037e-05
6.772554280297743e-05
8.224846342200924e-05
9.985398209718822e-05
1.211855226372115e-04
1.470164315974711e-04
1.782843687142712e-04
2.161028462549255e-04
2.618508348215779e-04
3.171404439017023e-04
3.839376703850912e-04
4.645656528715361e-04
5.618597673047779e-04
6.792291680064543e-04
8.206018648036231e-04
9.909014095459874e-04
1.195983074363867e-03
1.442616360874814e-03
1.738759806965356e-03
2.094587550980253e-03
2.521387615199313e-03
3.033045841286523e-03
3.645716765194321e-03
4.379035503140200e-03
5.255478465779079e-03
6.301254497242773e-03
7.547967472899428e-03
9.032912253640170e-03
1.079913478316557e-02
1.289549026427405e-02
1.538176031284109e-02
1.832401052340769e-02
2.180130140615612e-02
2.590020808962396e-02
3.072541492683370e-02
3.639088531406656e-02
4.303067835899046e-02
5.078251254081619e-02
5.981264690970742e-02
7.030779486462384e-02
8.245261123307428e-02
9.646349759480174e-02
1.125611353334749e-01
1.309766628122221e-01
1.519418575305620e-01
1.756884111386311e-01
2.024215110613294e-01
2.323297461092867e-01
2.655525736807871e-01
3.021740518370546e-01
3.421868561865454e-01
3.854589994639979e-01
4.317643796372970e-01
4.806963543320487e-01
5.316904722578202e-01
5.840328222880696e-01
6.368154554181193e-01
6.890080356955938e-01
7.394948507531371e-01
7.871416238940262e-01
8.308809397291159e-01
8.697991261900391e-01
9.032547222202022e-01
9.309263360958480e-01
9.528483917614058e-01
9.694030648556183e-01
9.812539810660206e-01
9.892427456295193e-01
9.942751153289204e-01
9.972099740991401e-01
9.987559235625924e-01
9.994939068585278e-01
9.998153059592988e-01
9.999403125917905e-01
9.999831480562584e-01
9.999959069518845e-01
9.999991584155676e-01
9.999998562337817e-01
9.999999800070168e-01
9.999999977918163e-01
9.999999998105500e-01
9.999999999878708e-01
9.999999999994028e-01
9.999999999999865e-01
9.999999999999981e-01
1.000000000000000e+00
9.999999999999999e-01
1.000000000000000e+00
1.000000000000000e+00
1.000000000000000e+00
1.000000000000000e+00
1.000000000000000e+00
1.000000000000000e+00
1.000000000000000e+00
1.000000000000000e+00
###5.600000000000002e+00
8.278998053916647e-10
1.076522772262121e-09
1.352043698208767e-09
1.683192487935508e-09
2.090580526731360e-09
2.591956867740460e-09
3.204239279535204e-09
3.953557228442904e-09
4.871402082069048e-09
5.996017044642126e-09
7.372726029708386e-09
9.059466764837181e-09
1.112547381229736e-08
1.365657228433985e-08
1.675727143867547e-08
2.055256297113038e-08
2.519912569007779e-08
3.088772300136660e-08
3.785086135521797e-08
4.637039383539412e-08
5.681681874868257e-08
6.955148349616461e-08
8.514708147881678e-08
1.042300385205939e-07
1.275523718990897e-07
1.560654000312383e-07
1.909232807277454e-07
2.335201757088663e-07
2.855648756840585e-07
3.491416673444479e-07
4.267982249387056e-07
5.216205276022185e-07
6.374118909018502e-07
7.787034648326767e-07
9.511997802785143e-07
1.161556804995857e-06
1.418206308552475e-06
1.731184351947887e-06
2.112834927825705e-06
2.577908851854787e-06
3.144748117571071e-06
3.835314829968393e-06
4.676419832114169e-06
5.700608515235992e-06
6.947470714049878e-06
8.464690540625026e-06
1.031053916616417e-05
1.255587686516173e-05
1.528570876162830e-05
1.860373387212578e-05
2.263557223369612e-05
2.753256116528872e-05
3.348042018379216e-05
4.069858313864561e-05
4.945706057532078e-05
6.007988232665517e-05
7.296187235361905e-05
8.856939526313345e-05
1.074805137412457e-04
1.303821023755373e-04
1.580997994967447e-04
1.916337292177125e-04
2.321703775223869e-04
2.811790080290886e-04
3.403731175496487e-04
4.118445728659205e-04
4.980612149863619e-04
6.020354293718403e-04
7.273734800223267e-04
8.782444102242692e-04
1.059857212433443e-03
1.278406208241204e-03
1.541038837833692e-03
1.856138976633651e-03
2.234441657906885e-03
2.687831558771771e-03
3.230884460320593e-03
3.880609514053227e-03
4.657493471341151e-03
5.585162455021765e-03
6.690967592905307e-03
8.007866541689746e-03
9.574774160160776e-03
1.143644762289685e-02
1.364356130755348e-02
1.625809493067449e-02
1.934832332685511e-02
2.299583728959119e-02
2.728966878395035e-02
3.233735199954234e-02
3.825549556069271e-02
4.518100611247192e-02
5.325369888171363e-02
6.264220806498756e-02
7.353527195846898e-02
8.611796251941356e-02
1.006069022198030e-01
1.172212363546035e-01
1.361889553317169e-01
1.577364053594159e-01
1.820875275138236e-01
2.094368610165783e-01
2.399588445204693e-01
2.737756367625439e-01
3.109507928670654e-01
3.514533366283503e-01
3.951254543833724e-01
4.417142494518988e-01
4.907869178334197e-01
5.417563001653016e-01
5.938930066504989e-01
6.462797183732997e-01
6.978906930401467e-01
7.476263192580664e-01
7.943836981818129e-01
8.371384533126058e-01
8.750284066137036e-01
9.074671649931129e-01
9.341848779707431e-01
9.552588828889540e-01
9.710995375765161e-01
9.823830707829503e-01
9.899481301997722e-01
9.946850412965708e-01
9.974290021388004e-01
9.988622388106320e-01
9.995405981725701e-01
9.998336803903450e-01
9.999467101306100e-01
9.999850919985250e-01
9.999964146463869e-01
9.999992705335848e-01
9.999998767863063e-01
9.999999830694095e-01
9.999999981539345e-01
9.999999998437001e-01
9.999999999901469e-01
9.999999999995186e-01
9.999999999999902e-01
9.999999999999982e-01
1.000000000000000e+00
9.999999999999999e-01
1.000000000000000e+00
1.000000000000000e+00
1.000000000000000e+00
1.000000000000000e+00
1.000000000000000e+00
1.000000000000000e+00
1.000000000000000e+00
1.000000000000000e+00
###5.800000000000002e+00
9.061004230851117e-10
1.174254627974635e-09
1.474864791976486e-09
1.836073070572535e-09
2.280401010942937e-09
2.827145768286747e-09
3.494695966331889e-09
4.311495487178923e-09
5.311807353499722e-09
6.537272835661119e-09
8.037095016100255e-09
9.874290462748381e-09
1.212410823657857e-08
1.487992450204423e-08
1.825518494522784e-08
2.238562704959814e-08
2.744141519788862e-08
3.362964842872241e-08
4.120267217602897e-08
5.046631740859352e-08
6.182272230148251e-08
7.566267155574013e-08
9.260870081285366e-08
1.133388132417366e-07
1.386677255869791e-07
1.696261429473124e-07
2.074640727600252e-07
2.536907072400151e-07
3.101551029293371e-07
3.791125340297558e-07
4.633183177066392e-07
5.661088077699711e-07
6.915955201125752e-07
8.446728844520932e-07
1.031506268216773e-06
1.259273118221706e-06
1.537081943771467e-06
1.875759909851241e-06
2.288620370973576e-06
2.791561069256538e-06
3.404346571365068e-06
4.150644479503862e-06
5.059319728295703e-06
6.165399553630053e-06
7.511497996045486e-06
9.148836438339858e-06
1.114009927814422e-05
1.356140968899113e-05
1.650403685047755e-05
2.007926144152816e-05
2.442194302259968e-05
2.969424125486466e-05
3.609519570860909e-05
4.385987180908117e-05
5.327729100467118e-05
6.469408672591492e-05
7.853235907489674e-05
9.529038414489210e-05
1.155856418418003e-04
1.401507804270784e-04
1.698664409780580e-04
2.057984224137224e-04
2.492098637428582e-04
3.016647921002260e-04
3.649831121128618e-04
4.413884857438457e-04
5.335002187376225e-04
6.445182095118669e-04
7.782475621080326e-04
9.391156533517936e-04
1.132626977908373e-03
1.365328427255690e-03
1.644760884281355e-03
1.979750531287022e-03
2.381613388641834e-03
2.862851566993412e-03
3.438761732213264e-03
4.127221097577699e-03
4.949601281749446e-03
5.930715785823496e-03
7.099085775338905e-03
8.489059105909124e-03
1.014120540965179e-02
1.210202942772449e-02
1.442405657764264e-02
1.717149958150357e-02
2.041486644798337e-02
2.423830053388216e-02
2.873329503609501e-02
3.401023431195245e-02
4.018834633658365e-02
4.740734397827267e-02
5.580905399572143e-02
6.556438414075842e-02
7.686395719929684e-02
8.989306863726444e-02
1.048683267097986e-01
1.220070586320891e-01
1.415337754541121e-01
1.636690419674428e-01
1.886286412988034e-01
2.165960310509446e-01
2.477311578143941e-01
2.821385449761556e-01
3.198610075688458e-01
3.608438269937564e-01
4.049034676026295e-01
4.517605468642871e-01
5.009566817019356e-01
5.518829017049640e-01
6.037950408014221e-01
6.557677532691344e-01
7.067807687901385e-01
7.557516038238495e-01
8.016091260486834e-01
8.433721579920358e-01
8.802299029944394e-01
9.116504933996488e-01
9.374150969561605e-01
9.576433006502797e-01
9.727732766406739e-01
9.834934027144836e-01
9.906389884695018e-01
9.950844919972888e-01
9.976410739973706e-01
9.989645557449721e-01
9.995852876401670e-01
9.998511610793730e-01
9.999527563201120e-01
9.999869158951846e-01
9.999968872347934e-01
9.999993740025974e-01
9.999998955757919e-01
9.999999858408413e-01
9.999999984780652e-01
9.999999998730306e-01
9.999999999921346e-01
9.999999999996186e-01
9.999999999999933e-01
9.999999999999984e-01
1.000000000000000e+00
9.999999999999999e-01
1.000000000000000e+00
1.000000000000000e+00
1.000000000000000e+00
1.000000000000000e+00
1.000000000000000e+00
1.000000000000000e+00
1.000000000000000e+00
1.000000000000000e+00
###6.000000000000003e+00
9.904950578842124e-10
1.279818165843795e-09
1.607527663698458e-09
2.001193365618052e-09
2.485401860320616e-09
3.081117758926585e-09
3.808310464364369e-09
4.697916544451556e-09
5.787187400868568e-09
7.121408628685344e-09
8.753967894659163e-09
1.075333930414851e-08
1.320124299079931e-08
1.619916772820087e-08
1.987016747911736e-08
2.436151903920393e-08
2.985787184965233e-08
3.658386479205864e-08
4.481313729066353e-08
5.487724633829242e-08
6.721228862418733e-08
8.224057308841613e-08
1.006380791978186e-07
1.231381096607504e-07
1.506225227518204e-07
1.842070434214084e-07
2.252442878999316e-07
2.753665439348095e-07
3.365729041770463e-07
4.113014932821701e-07
5.025295905554752e-07
6.138610744776017e-07
7.497366537686634e-07
9.154386018039641e-07
1.117624045109977e-06
1.364026931503178e-06
1.664477211114260e-06
2.030645301252190e-06
2.476877285592669e-06
3.020292267286869e-06
3.682169393280719e-06
4.487990208152430e-06
5.468804147984171e-06
6.662276699787913e-06
8.114233281855893e-06
9.879653650514538e-06
1.202590312471942e-05
1.463468805962589e-05
1.780391751339760e-05
2.165290623511969e-05
2.632629180744119e-05
3.199769077134019e-05
3.888023114821376e-05
4.722549205159484e-05
5.734257681840885e-05
6.960197575385070e-05
8.445456429632079e-05
1.024322442822514e-04
1.241940111386714e-04
1.505207035390365e-04
1.823507867148741e-04
2.208190714143437e-04
2.672691692491147e-04
3.233645140499811e-04
3.910366122343551e-04
4.726470661217032e-04
5.709736406162601e-04
6.894118572901779e-04
8.319778560639091e-04
1.003361623467772e-03
1.209382589604787e-03
1.456945263170645e-03
1.754009005903360e-03
2.109856189867750e-03
2.536404489767438e-03
3.046794705970252e-03
3.657070169233753e-03
4.386001984852849e-03
5.255877736948666e-03
6.292727925032420e-03
7.526276357487545e-03
8.992297462342197e-03
1.073305075825385e-02
1.279682447705197e-02
1.523802618784124e-02
1.812313573379961e-02
2.152491672256356e-02
2.553008544720155e-02
3.023259796205790e-02
3.574568585481738e-02
4.219116623649454e-02
4.971151176493147e-02
5.845046901234018e-02
6.858111048868641e-02
8.029579511601265e-02
9.377983791990331e-02
1.092495884324273e-01
1.269202624818593e-01
1.470125496487482e-01
1.697408695446190e-01
1.953124306989568e-01
2.238991703960267e-01
2.556461874787472e-01
2.906400294682445e-01
3.289025320400215e-01
3.703551446680308e-01
4.147887193826766e-01
4.618977089330495e-01
5.111987506626449e-01
5.620619675260576e-01
6.137292077618729e-01
6.652684477105291e-01
7.156658760585548e-01
7.638572271029836e-01
8.088036720699544e-01
8.495675139624771e-01
8.853893104561928e-01
9.157912476087686e-01
9.406049457637743e-01
9.599914801413670e-01
9.744162361200491e-01
9.845790548130393e-01
9.913112976684829e-01
9.954709789798395e-01
9.978448151709945e-01
9.990621770858165e-01
9.996276504674335e-01
9.998676151595182e-01
9.999584029667562e-01
9.999886045557494e-01
9.999972845836493e-01
9.999994673082304e-01
9.999999124764448e-01
9.999999882712722e-01
9.999999987686473e-01
9.999999998962057e-01
9.999999999944612e-01
9.999999999995157e-01
1.000000000000050e+00
9.999999999999831e-01
1.000000000000005e+00
9.999999999999987e-01
1.000000000000000e+00
9.999999999999999e-01
1.000000000000000e+00
1.000000000000000e+00
1.000000000000000e+00
1.000000000000000e+00
1.000000000000000e+00
1.000000000000000e+00
###6.200000000000003e+00
1.081516060671299e-09
1.393758520532404e-09
1.750717848369693e-09
2.179405168211950e-09
2.706638262072178e-09
3.355176527215092e-09
4.146686985816049e-09
5.114789051450802e-09
6.299970330479154e-09
7.751372467134042e-09
9.526943665377806e-09
1.170100169127225e-08
1.436222408688981e-08
1.762080982506688e-08
2.161013578069224e-08
2.648986181819182e-08
3.246018521130808e-08
3.976456440139459e-08
4.869947967278469e-08
5.962406778916674e-08
7.301085025144361e-08
8.931586862349174e-08
1.092723743586314e-07
1.336729145212243e-07
1.634711977207262e-07
1.998739399487369e-07
2.443435278932737e-07
2.986438859959776e-07
3.649344837830052e-07
4.458488532676621e-07
5.446013813833028e-07
6.650816006135148e-07
8.120816111138307e-07
9.912974679727152e-07
1.209910731989799e-06
1.476248783586546e-06
1.800910198284078e-06
2.196463652596282e-06
2.678354771119696e-06
3.265002390282241e-06
3.979297150473160e-06
4.848648700269317e-06
5.906428224066218e-06
7.193103738117603e-06
8.757909013743153e-06
1.065981413376902e-05
1.297114658047589e-05
1.577953188240399e-05
1.918991301677740e-05
2.333011279682786e-05
2.835511123297568e-05
3.445064549084332e-05
4.184473576539299e-05
5.080639721157906e-05
6.166593369330462e-05
7.481900066254304e-05
9.074692790133743e-05
1.100166837911432e-04
1.333313117292363e-04
1.615222390954109e-04
1.955886903062400e-04
2.367379552044472e-04
2.863980816744393e-04
3.463368653495484e-04
4.186023812421839e-04
5.057009474385317e-04
6.105758656845463e-04
7.368217748465208e-04
8.886911685428840e-04
1.071133673326966e-03
1.290295299345986e-03
1.553458978383730e-03
1.869017308897789e-03
2.246726235217347e-03
2.699124772813723e-03
3.240018756517181e-03
3.886219684378280e-03
4.657419558818084e-03
5.576856136783996e-03
6.671804251385255e-03
7.973223927087039e-03
9.518352510181812e-03
1.135117476659962e-02
1.352179787543102e-02
1.608654182983219e-02
1.911418680180937e-02
2.267977277848033e-02
2.687260728771279e-02
3.178910790546322e-02
3.754534701647370e-02
4.426569605479141e-02
5.209533561674910e-02
6.117983355902776e-02
7.169431079935938e-02
8.383270568080087e-02
9.778013824393883e-02
1.137524449721700e-01
1.319624247371450e-01
1.526264191100897e-01
1.759528496684815e-01
2.021394017897951e-01
2.313462204624294e-01
2.637031907192635e-01
2.992785413463179e-01
3.380728900806554e-01
3.799837698463296e-01
4.247765397134506e-01
4.721198269945011e-01
5.215059122179984e-01
5.722853787014568e-01
6.236856291883056e-01
6.747706651053669e-01
7.245337768710676e-01
7.719300700684270e-01
8.159536838398795e-01
8.557107829316303e-01
8.904933145802605e-01
9.198770863936431e-01
9.437435465668961e-01
9.622943857756275e-01
9.760213841793981e-01
9.856349488766242e-01
9.919616853604464e-01
9.958424747629814e-01
9.980391459812596e-01
9.991545774424685e-01
9.996674522599784e-01
9.998829498784160e-01
9.999636191707587e-01
9.999901496103163e-01
9.999976913000288e-01
9.999995510613912e-01
9.999999273896505e-01
9.999999904037358e-01
9.999999990144978e-01
9.999999999170504e-01
9.999999999960121e-01
9.999999999995490e-01
1.000000000000060e+00
9.999999999999813e-01
1.000000000000005e+00
9.999999999999987e-01
1.000000000000000e+00
9.999999999999999e-01
1.000000000000000e+00
1.000000000000000e+00
1.000000000000000e+00
1.000000000000000e+00
1.000000000000000e+00
1.000000000000000e+00
###6.400000000000003e+00
1.179621851510505e-09
1.516653851701239e-09
1.905162236942882e-09
2.371611682584824e-09
2.945229015977704e-09
3.650704210181871e-09
4.511526064652770e-09
5.564199518834304e-09
6.852690949654409e-09
8.430287849493309e-09
1.035983460766326e-08
1.272192543930530e-08
1.561271225940153e-08
1.915174043222346e-08
2.348346923786365e-08
2.878083818531338e-08
3.526072197784939e-08
4.318675797314011e-08
5.287990916455885e-08
6.472886209643203e-08
7.924517841167063e-08
9.692097402801807e-08
1.185508348998143e-07
1.449907327220836e-07
1.772712154688445e-07
2.166963165049161e-07
2.648457773318713e-07
3.236242000861316e-07
3.953623704885259e-07
4.829025147269485e-07
5.897121307777351e-07
7.199855832747051e-07
8.788897900754995e-07
1.072561993054299e-06
1.308742688742430e-06
1.596391620248083e-06
1.946925798842809e-06
2.373870078332234e-06
2.893840089321442e-06
3.526636892979599e-06
4.296864634408375e-06
5.233981208249490e-06
6.373823868419870e-06
7.759835775344113e-06
9.444866104518303e-06
1.149211856787162e-05
1.397917813552634e-05
1.699994184066350e-05
2.066679956076714e-05
2.511657858446204e-05
3.051519263183562e-05
3.706119352324366e-05
4.499833412388855e-05
5.461402965442696e-05
6.626095244860487e-05
8.036129113301743e-05
9.742901814526683e-05
1.180663415290401e-04
1.430243153551883e-04
1.731870153495133e-04
2.096174728753199e-04
2.535990584019057e-04
3.066485308053423e-04
3.706432165174995e-04
4.477518310334952e-04
5.406338046879560e-04
6.524047592738601e-04
7.868668927088995e-04
9.485203405617347e-04
1.142583481592878e-03
1.375544651534796e-03
1.655078545658298e-03
1.990027540646376e-03
2.390639533523704e-03
2.870093043050560e-03
3.442892282576519e-03
4.126632289834398e-03
4.941955755786038e-03
5.913097474125153e-03
7.068566332909381e-03
8.440630519414816e-03
1.006801386556509e-02
1.199646183973612e-02
1.427793550187222e-02
1.697069660578441e-02
2.014585782977517e-02
2.388075453195327e-02
2.826730153294246e-02
3.340437342734057e-02
3.941087323980567e-02
4.641368704806945e-02
5.456064582516349e-02
6.399903306083454e-02
7.490589384131341e-02
8.747658046162243e-02
1.018957926037504e-01
1.183785891727335e-01
1.371350339415781e-01
1.583767525897864e-01
1.823057985755457e-01
2.091098829168930e-01
2.389368698406528e-01
2.719011768894841e-01
3.080522504007134e-01
3.473692954367805e-01
3.897258525543438e-01
4.348619230258575e-01
4.824206711944905e-01
5.318706914927960e-01
5.825458408498285e-01
6.336543574458657e-01
6.842633018861644e-01
7.333724322226990e-01
7.799574085041587e-01
8.230461147581034e-01
8.617890346217768e-01
8.955295802984645e-01
9.238967600717634e-01
9.468211524795783e-01
9.645440641555996e-01
9.775826538791451e-01
9.866568027824814e-01
9.925873884293638e-01
9.961973782303689e-01
9.982232570183408e-01
9.992413869416138e-01
9.997045391562536e-01
9.998971107262503e-01
9.999683890588428e-01
9.999915475669922e-01
9.999980509021056e-01
9.999996253539182e-01
9.999999403661500e-01
9.999999922476910e-01
9.999999992189414e-01
9.999999999353438e-01
9.999999999969931e-01
9.999999999996561e-01
1.000000000000046e+00
9.999999999999862e-01
1.000000000000004e+00
9.999999999999990e-01
1.000000000000000e+00
9.999999999999999e-01
1.000000000000000e+00
1.000000000000000e+00
1.000000000000000e+00
1.000000000000000e+00
1.000000000000000e+00
1.000000000000000e+00
###6.600000000000003e+00
1.285298307179611e-09
1.649116987760014e-09
2.071631361409434e-09
2.578770283670253e-09
3.202359909119947e-09
3.969165580119574e-09
4.904629648811481e-09
6.048358567466871e-09
7.448055754787818e-09
9.161463014878515e-09
1.125667783197350e-08
1.382103151695467e-08
1.695879781902598e-08
2.079925100359365e-08
2.549903374796058e-08
3.124521955847454e-08
3.827256055990755e-08
4.686631617087360e-08
5.737367449263351e-08
7.021496270080678e-08
8.594355655950758e-08
1.050901267815866e-07
1.285149037227526e-07
1.571417112110577e-07
1.920832199215820e-07
2.347474799619902e-07
2.868396158074248e-07
3.504144728434298e-07
4.279857207161367e-07
5.226183242401667e-07
6.380497912231801e-07
7.787996639183738e-07
9.504342795192697e-07
1.159561073680241e-06
1.414515879765534e-06
1.724931822984821e-06
2.103096887839367e-06
2.563553123525631e-06
3.124160383253049e-06
3.806188771941643e-06
4.636063273036139e-06
5.645416403089382e-06
6.872703170033858e-06
8.364523216710980e-06
1.017755862768423e-05
1.237950188069287e-05
1.505350539685441e-05
1.830011001577328e-05
2.223957624387529e-05
2.701826446920442e-05
3.281363829409051e-05
3.983778964210407e-05
4.835108265476332e-05
5.866033967752919e-05
7.114182057002004e-05
8.624567509879751e-05
1.045202069460783e-04
1.266048141835724e-04
1.533009168086365e-04
1.855479721014689e-04
2.244759848443401e-04
2.714481496458388e-04
3.280749734574590e-04
3.963461528152167e-04
4.785591454249653e-04
5.775325207914930e-04
6.965619287620576e-04
8.396687240270245e-04
1.011603604182153e-03
1.217872443904750e-03
1.465317235325581e-03
1.762020117442029e-03
2.117289641495415e-03
2.541900988786426e-03
3.049662023505404e-03
3.655795545224114e-03
4.378742705502598e-03
5.240106481525223e-03
6.265153433320062e-03
7.483652334017284e-03
8.929216010677763e-03
1.064209019455169e-02
1.266981648614367e-02
1.506624417320364e-02
1.789160506477318e-02
2.121937537234016e-02
2.512920287234859e-02
2.971562332078437e-02
3.507996045920554e-02
4.134393382459009e-02
4.863689934062781e-02
5.710927476900304e-02
6.690994617851206e-02
7.821775035462661e-02
9.122927897978779e-02
1.061285750358083e-01
1.231296447729797e-01
1.424394874332686e-01
1.642646665476646e-01
1.888003840683290e-01
2.162240171070311e-01
2.466704870206085e-01
2.802388975204385e-01
3.169590385420143e-01
3.567886464593228e-01
3.995772086797262e-01
4.450395230404835e-01
4.927936821527198e-01
5.422853015989488e-01
5.928320316942978e-01
6.436252810186789e-01
6.937352630073509e-01
7.421699857150180e-01
7.879269033050876e-01
8.300685059174826e-01
8.676993759788528e-01
9.004868667894339e-01
9.278400662018855e-01
9.498290901819207e-01
9.667335888404018e-01
9.790948879567254e-01
9.876410812915037e-01
9.931862089001736e-01
9.965344797716880e-01
9.983965835241110e-01
9.993223743232595e-01
9.997388288526909e-01
9.999100754854801e-01
9.999727094686751e-01
9.999927991233832e-01
9.999983663588391e-01
9.999996902492142e-01
9.999999515083743e-01
9.999999938104008e-01
9.999999993878146e-01
9.999999999505131e-01
9.999999999977071e-01
9.999999999997580e-01
1.000000000000030e+00
9.999999999999911e-01
1.000000000000002e+00
9.999999999999994e-01
1.000000000000000e+00
1.000000000000000e+00
1.000000000000000e+00
1.000000000000000e+00
1.000000000000000e+00
1.000000000000000e+00
1.000000000000000e+00
1.000000000000000e+00
###6.800000000000003e+00
1.399060192483197e-09
1.791797208260963e-09
2.250940874300015e-09
2.801895312609823e-09
3.479287180742042e-09
4.312112355258154e-09
5.327906160050480e-09
6.569607299343350e-09
8.088930563179486e-09
9.948400449261821e-09
1.222174663318273e-08
1.500352780386698e-08
1.840674672354318e-08
2.257105484959339e-08
2.766620599677341e-08
3.389439497335791e-08
4.150952600725829e-08
5.082001157674417e-08
6.220111341082035e-08
7.610701642245783e-08
9.313585299639283e-08
1.138594726517404e-07
1.392083217264480e-07
1.701787629793817e-07
2.079711820879681e-07
2.541047369006720e-07
3.104184288316093e-07
3.791274622838717e-07
4.629406161629573e-07
5.651604396020523e-07
6.898123192449534e-07
8.417623620528907e-07
1.027002452492455e-06
1.252640705977379e-06
1.527646713219661e-06
1.862370202203830e-06
2.270025512994328e-06
2.766236147300992e-06
3.370184313535124e-06
4.104700495683675e-06
4.998143401441729e-06
6.084453042672305e-06
7.404861539220274e-06
9.009315440504490e-06
1.095855811294420e-05
1.332503828885915e-05
1.619780105160920e-05
1.968443252709950e-05
2.391347311654819e-05
2.904140392338722e-05
3.525787205808630e-05
4.278926745875424e-05
5.191348362293925e-05
6.295780149154482e-05
7.632334041156231e-05
9.248969965204362e-05
1.120412775779380e-04
1.356566826460999e-04
1.641901626448270e-04
1.986393917146578e-04
2.402046385370058e-04
2.903328088365866e-04
3.507325573297939e-04
4.235113552209667e-04
5.111013137300419e-04
6.164872140666762e-04
7.431526918106596e-04
8.953476500227753e-04
1.078084054619427e-03
1.297166859721295e-03
1.559805959236026e-03
1.874507004349333e-03
2.251061625294201e-03
2.700783475571225e-03
3.238154826095757e-03
3.879130590907431e-03
4.642998226630643e-03
5.552381314930049e-03
6.633599822963301e-03
7.917716618103709e-03
9.439717857574983e-03
1.124140891616401e-02
1.337216296916726e-02
1.588775119383141e-02
1.885040261820945e-02
2.233598672507136e-02
2.642647865968228e-02
3.121904615538660e-02
3.681745064719800e-02
4.334620984314329e-02
5.093709931254632e-02
5.974305370110600e-02
6.991444087138859e-02
8.163174830268881e-02
9.509262301886508e-02
1.104802038138588e-01
1.280071583459282e-01
1.478770805182548e-01
1.702911099103368e-01
1.954371110669592e-01
2.234817538497688e-01
2.545465573970325e-01
2.887148410564731e-01
3.259964889246093e-01
3.663275138243781e-01
4.095333052726375e-01
4.553036346239882e-01
5.032319459724931e-01
5.527416129975246e-01
6.031347231368704e-01
6.535880251145824e-01
7.031752551977875e-01
7.509143302817244e-01
7.958257948442072e-01
8.370061443047681e-01
8.735525766049256e-01
9.053496161250041e-01
9.316955886725596e-01
9.527581209001367e-01
9.688560687194777e-01
9.805532124280062e-01
9.885846193718585e-01
9.937562879581636e-01
9.968528324349044e-01
9.985587313952942e-01
9.993974112338866e-01
9.997702929454603e-01
9.999218467694961e-01
9.999765870838146e-01
9.999939083546293e-01
9.999986407269976e-01
9.999997461759771e-01
9.999999609512957e-01
9.999999951125879e-01
9.999999995257097e-01
9.999999999626794e-01
9.999999999982638e-01
9.999999999998360e-01
1.000000000000018e+00
9.999999999999947e-01
1.000000000000001e+00
9.999999999999997e-01
1.000000000000000e+00
1.000000000000000e+00
1.000000000000000e+00
1.000000000000000e+00
1.000000000000000e+00
1.000000000000000e+00
1.000000000000000e+00
1.000000000000000e+00
###7.000000000000004e+00
1.521452621225024e-09
1.945382114730702e-09
2.443952414536263e-09
3.042060929467894e-09
3.777341083242079e-09
4.681187301065254e-09
5.783375476459505e-09
7.130423815215871e-09
8.778348393723884e-09
1.079480626472140e-08
1.325956190438292e-08
1.627492264227263e-08
1.996324520829794e-08
2.447530690104532e-08
2.999489738653833e-08
3.674040107789105e-08
4.498622595758372e-08
5.506556198319112e-08
6.738370457021787e-08
8.243104641629238e-08
1.008535974185218e-07
1.232671556457064e-07
1.506772354720398e-07
1.841576958332780e-07
2.250025541832765e-07
2.748495773134697e-07
3.356806269350531e-07
4.098819589404254e-07
5.003703763873475e-07
6.107016966658217e-07
7.452080556903130e-07
9.091246748703236e-07
1.108896588892820e-06
1.352164706515282e-06
1.648572909221099e-06
2.009233022451976e-06
2.448344103436309e-06
2.982678747242887e-06
3.632823730075762e-06
4.423265960337520e-06
5.384416539810592e-06
6.552662584865833e-06
7.972180693886983e-06
9.696463619928828e-06
1.179035538374749e-05
1.433194515536181e-05
1.741590843613705e-05
2.115748139818457e-05
2.569395931590470e-05
3.119251288710642e-05
3.785565094572031e-05
4.592485319455946e-05
5.569650130151427e-05
6.751943224509208e-05
8.182095151704427e-05
9.911165868381144e-05
1.200138871830089e-04
1.452475489926559e-04
1.757222906327092e-04
2.124969438307451e-04
2.568454590580892e-04
3.103024849349799e-04
3.746793887116280e-04
4.522070063670977e-04
5.454582145778422e-04
6.575913272559140e-04
7.922861740121249e-04
9.540309024205505e-04
1.148109760114132e-03
1.380638698525006e-03
1.659210152600931e-03
1.992769757582909e-03
2.391609511824970e-03
2.867598275521696e-03
3.435923166465488e-03
4.113284796428683e-03
4.919858728649929e-03
5.879303723249366e-03
7.019030368711298e-03
8.371430076174314e-03
9.972891285882114e-03
1.186681635808790e-02
1.410444540891738e-02
1.674350440106309e-02
1.984824551092386e-02
2.349695980350196e-02
2.777396249545340e-02
3.277906154831534e-02
3.861844084881796e-02
4.541939347440109e-02
5.331605878209496e-02
6.246381178056123e-02
7.301437333452208e-02
8.514973178240987e-02
9.906839565423811e-02
1.149523407953361e-01
1.330125904521234e-01
1.534490075234332e-01
1.764569046906190e-01
2.022163337988689e-01
2.308828581844707e-01
2.625641417904983e-01
2.973272555124624e-01
3.351619210469219e-01
3.759821919032796e-01
4.195893348576604e-01
4.656483012067120e-01
5.137283495797518e-01
5.632313917278814e-01
6.134447189532389e-01
6.635324923048317e-01
7.125726054562027e-01
7.595946407438484e-01
8.036435939230107e-01
8.438513260697912e-01
8.793933387263095e-01
9.101143693918039e-01
9.354578905923153e-01
9.556035792196756e-01
9.709075155313757e-01
9.819548361307914e-01
9.894856262335970e-01
9.942966491533798e-01
9.971520181972584e-01
9.987095952751370e-01
9.994665156808625e-01
9.997989695486178e-01
9.999324541167233e-01
9.999800382244376e-01
9.999948823341401e-01
9.999988772821636e-01
9.999997937985756e-01
9.999999688552614e-01
9.999999961817754e-01
9.999999996368271e-01
9.999999999722178e-01
9.999999999987055e-01
9.999999999998906e-01
1.000000000000011e+00
9.999999999999969e-01
1.000000000000001e+00
9.999999999999998e-01
1.000000000000000e+00
1.000000000000000e+00
1.000000000000000e+00
1.000000000000000e+00
1.000000000000000e+00
1.000000000000000e+00
1.000000000000000e+00
1.000000000000000e+00
###7.200000000000004e+00
1.653052609308509e-09
2.110599682128600e-09
2.651584728224838e-09
3.300404271876365e-09
4.097929751106422e-09
5.078129311815543e-09
6.273176814137299e-09
7.733430366893737e-09
9.519518183946561e-09
1.170460176090345e-08
1.437490507428640e-08
1.764104065924779e-08
2.163538208943472e-08
2.652062679536783e-08
3.249558204232530e-08
3.979595469162105e-08
4.871808901066981e-08
5.962167765880826e-08
7.294412416888782e-08
8.921451979185441e-08
1.091300600301258e-07
1.333534155927859e-07
1.629703140306007e-07
1.991373522522804e-07
2.432484374695750e-07
2.970678745587650e-07
3.627298845541835e-07
4.428030711012707e-07
5.404258988307629e-07
6.594240151485434e-07
8.044562170984521e-07
9.811506730713817e-07
1.196434561579643e-06
1.458515539183846e-06
1.777754468303418e-06
2.166073156722494e-06
2.638716849553142e-06
3.213678433189526e-06
3.913035613138968e-06
4.763032798401789e-06
5.796258150810991e-06
7.051692505049083e-06
8.576632652261595e-06
1.042832615321984e-05
1.267597006306927e-05
1.540359049230048e-05
1.871184908940148e-05
2.272405400651606e-05
2.758675290167389e-05
3.347840112909234e-05
4.061507842643658e-05
4.925418089281763e-05
5.971157958444751e-05
7.235881241283545e-05
8.765075420356317e-05
1.061306201333594e-04
1.284605982526338e-04
1.554040727720079e-04
1.879287716106075e-04
2.271577336668493e-04
2.744421399056262e-04
3.314085623970800e-04
3.999758145605685e-04
4.825038778885643e-04
5.817127116812016e-04
7.009417367232523e-04
8.440754409192503e-04
1.015850221890489e-03
1.221833935424438e-03
1.468465785981135e-03
1.763735789989208e-03
2.117046444379168e-03
2.539207840891585e-03
3.042663193258072e-03
3.643329319850484e-03
4.358675718770200e-03
5.209796874286282e-03
6.221411317283648e-03
7.422054213859591e-03
8.845480279673808e-03
1.052950936216978e-02
1.251917772745577e-02
1.486762762177768e-02
1.763457183727522e-02
2.088631027721118e-02
2.470358233171454e-02
2.917305357257268e-02
3.439717745498232e-02
4.048454106227514e-02
4.756518532142735e-02
5.577555158188529e-02
6.527337176581040e-02
7.621158264498347e-02
8.877351440822162e-02
1.031583331665324e-01
1.195465812837885e-01
1.381472907033751e-01
1.591563472588836e-01
1.827627293955226e-01
2.091382279913100e-01
2.384268867387379e-01
2.707220592954189e-01
3.060741140591749e-01
3.444523509188702e-01
3.857486491375686e-01
4.297401512353415e-01
4.760672277853865e-01
5.242754574597207e-01
5.737461158650605e-01
6.237525734074841e-01
6.734483969785862e-01
7.219164836500166e-01
7.681998418883909e-01
8.113693154381534e-01
8.505937096542008e-01
8.851200387331355e-01
9.147730538863899e-01
9.391198424055263e-01
9.583598682652655e-01
9.728839796081846e-01
9.832970368779564e-01
9.903425109063128e-01
9.948065279772372e-01
9.974317889469364e-01
9.988492058659074e-01
9.995297714510550e-01
9.998249304937927e-01
9.999419419530543e-01
9.999830847199004e-01
9.999957298606067e-01
9.999990794400948e-01
9.999998338963781e-01
9.999999753918457e-01
9.999999970477855e-01
9.999999997251283e-01
9.999999999795649e-01
9.999999999990526e-01
9.999999999999273e-01
1.000000000000007e+00
9.999999999999981e-01
1.000000000000000e+00
9.999999999999999e-01
1.000000000000000e+00
1.000000000000000e+00
1.000000000000000e+00
1.000000000000000e+00
1.000000000000000e+00
1.000000000000000e+00
1.000000000000000e+00
1.000000000000000e+00
###7.400000000000004e+00
1.794470779939760e-09
2.288220118831649e-09
2.874806521628562e-09
3.578128768571659e-09
4.442543226481635e-09
5.504778252916717e-09
6.799572471998945e-09
8.381400368201899e-09
1.031583376599811e-08
1.268193132247282e-08
1.557283133258233e-08
1.910803881182604e-08
2.343064901383390e-08
2.871612218589960e-08
3.517932474441688e-08
4.307448668560127e-08
5.272140354594362e-08
6.450811031876625e-08
7.890630482834711e-08
9.648641897874164e-08
1.180003354642039e-07
1.441606897511272e-07
1.761388706901334e-07
2.151797550751411e-07
2.627837532210781e-07
3.208500936307117e-07
3.916753888637292e-07
4.780225218850610e-07
5.832660130654506e-07
7.115188211549508e-07
8.677874029147116e-07
1.058117995732626e-06
1.289950549441852e-06
1.572095162539559e-06
1.915674671801241e-06
2.333471286736139e-06
2.841841112104723e-06
3.460072221253138e-06
4.211824086043544e-06
5.125204776922496e-06
6.235110485711804e-06
7.583269734789722e-06
9.220283871478292e-06
1.120737420037227e-05
1.361835440666964e-05
1.654350059968657e-05
2.008983060405021e-05
2.438916738471835e-05
2.959783111425119e-05
3.590618396742400e-05
4.354461782898435e-05
5.278730803051641e-05
6.397066002294565e-05
7.749010661798905e-05
9.382953358610897e-05
1.135664536626358e-04
1.374049104827713e-04
1.661540075618159e-04
2.008423514080139e-04
2.426603499420230e-04
2.930400976770124e-04
3.537044234065747e-04
4.266844927548586e-04
5.144740942140973e-04
6.199507439446532e-04
7.466388536808926e-04
8.986376112168314e-04
1.080941984002091e-03
1.299415081083485e-03
1.560831956849018e-03
1.873595655224094e-03
2.247582822874765e-03
2.694139808134569e-03
3.226303715734442e-03
3.860744250679598e-03
4.615731109635477e-03
5.513298606349620e-03
6.579256167256697e-03
7.843296204522151e-03
9.340571715191445e-03
1.111036318226870e-02
1.319937723634924e-02
1.566269316725439e-02
1.856204169524393e-02
2.196579356026690e-02
2.595716150380944e-02
3.062516914671968e-02
3.607491751845333e-02
4.241737340412841e-02
4.978529308846177e-02
5.831735190122413e-02
6.817354800820365e-02
7.950788840013577e-02
9.250487666658522e-02
1.073641221886018e-01
1.242644516915713e-01
1.434125936600870e-01
1.650000614452228e-01
1.892091168798970e-01
2.162027928975498e-01
2.461131882045997e-01
2.790188904115451e-01
3.149531222218893e-01
3.538645038322802e-01
3.956225485195586e-01
4.399803003902794e-01
4.865538258129634e-01
5.348655755855444e-01
5.842770657726443e-01
6.340487219320141e-01
6.833254565701753e-01
7.311961968080322e-01
7.767191313973835e-01
8.189923897160517e-01
8.572231339524966e-01
8.907247556661400e-01
9.193174525769313e-01
9.426750409954682e-01
9.610221264364327e-01
9.747821052243324e-01
9.845777342064864e-01
9.911542677506535e-01
9.952855415295039e-01
9.976921442203863e-01
9.989777171608847e-01
9.995873355244246e-01
9.998482812822541e-01
9.999503682072259e-01
9.999857529144344e-01
9.999964609770656e-01
9.999992506821235e-01
9.999998673018254e-01
9.999999807351703e-01
9.999999977403431e-01
9.999999997943316e-01
9.999999999851397e-01
9.999999999993200e-01
9.999999999999514e-01
1.000000000000004e+00
9.999999999999988e-01
1.000000000000000e+00
9.999999999999999e-01
1.000000000000000e+00
1.000000000000000e+00
1.000000000000000e+00
1.000000000000000e+00
1.000000000000000e+00
1.000000000000000e+00
1.000000000000000e+00
1.000000000000000e+00
###7.600000000000004e+00
1.946352999702021e-09
2.479058683772402e-09
3.114642535441242e-09
3.876507347898820e-09
4.812757556718826e-09
5.963079997559924e-09
7.364954813423148e-09
9.077266951846663e-09
1.117088308652440e-08
1.373117680311941e-08
1.685868307475715e-08
2.068242267194645e-08
2.535696042161235e-08
3.107141240742312e-08
3.805780933954681e-08
4.659017625869078e-08
5.701337019100672e-08
6.974570248312120e-08
8.529549475199689e-08
1.042773107448988e-07
1.275014298684336e-07
1.557337142281393e-07
1.902369841453103e-07
2.323502522071035e-07
2.836874191513920e-07
3.462914969275726e-07
4.226320848567774e-07
5.156789408912131e-07
6.290578275683290e-07
7.671874590730804e-07
9.354441003597964e-07
1.140318516776838e-06
1.389795723507877e-06
1.693325840535274e-06
2.062841080060040e-06
2.512037033643248e-06
3.058448767864309e-06
3.722738236036302e-06
4.530242249995889e-06
5.511043940161902e-06
6.702485087403758e-06
8.149203520198686e-06
9.905298516152816e-06
1.203619482536941e-05
1.462064243589722e-05
1.775536434076186e-05
2.155425276258588e-05
2.615806557515595e-05
3.173343922037229e-05
3.848329271983811e-05
4.665310460879763e-05
5.653472981792192e-05
6.848619849019538e-05
8.292808301748816e-05
1.003747823555795e-04
1.214398573267202e-04
1.468712967848775e-04
1.775280527430449e-04
2.144970965519753e-04
2.590449051336319e-04
3.126865111896550e-04
3.772454837804857e-04
4.548703894891934e-04
5.481886972746752e-04
6.602613064791137e-04
7.947866688586628e-04
9.560939157507752e-04
1.149447274953048e-03
1.381017069884079e-03
1.657927150131428e-03
1.989009440947448e-03
2.384632437701758e-03
2.856697346129426e-03
3.418855020694526e-03
4.088543703304720e-03
4.884889339352935e-03
5.830863095415739e-03
6.953404806024254e-03
8.283396892294955e-03
9.857425763301108e-03
1.171626180884428e-02
1.390831797152984e-02
1.649064512789968e-02
1.952702197703035e-02
2.308791161601570e-02
2.725902329407546e-02
3.213174360650564e-02
3.781381985300256e-02
4.441857054825379e-02
5.208142962331001e-02
6.094323186905744e-02
7.116614352561490e-02
8.290508723103578e-02
9.634556183552606e-02
1.116873950162577e-01
1.291074041842579e-01
1.488096896679007e-01
1.709810188788721e-01
1.957964481136562e-01
2.234098453056171e-01
2.539408980054766e-01
2.874529728776809e-01
3.239617157129022e-01
3.633948148530702e-01
4.055992516384153e-01
4.503040289424073e-01
4.971012268141027e-01
5.454907707725956e-01
5.948153492452795e-01
6.443235137007023e-01
6.931534293515780e-01
7.404012343867882e-01
7.851420509889542e-01
8.265027575506240e-01
8.637301566222197e-01
8.962001422343526e-01
9.237403503559248e-01
9.461180012700281e-01
9.635863749688640e-01
9.765993188269542e-01
9.857954610416161e-01
9.919202627566208e-01
9.957336507020406e-01
9.979332998239688e-01
9.990954031870863e-01
9.996394235006180e-01
9.998691530842166e-01
9.999577997590998e-01
9.999880720419857e-01
9.999970864034256e-01
9.999993944693418e-01
9.999998948505379e-01
9.999999850543304e-01
9.999999982874966e-01
9.999999998478374e-01
9.999999999893112e-01
9.999999999995216e-01
9.999999999999671e-01
1.000000000000003e+00
9.999999999999992e-01
1.000000000000000e+00
9.999999999999999e-01
1.000000000000000e+00
1.000000000000000e+00
1.000000000000000e+00
1.000000000000000e+00
1.000000000000000e+00
1.000000000000000e+00
1.000000000000000e+00
1.000000000000000e+00
###7.800000000000004e+00
2.109382267689414e-09
2.683977259694920e-09
3.372176478103083e-09
4.196886110823798e-09
5.210239241302644e-09
6.455091887777413e-09
7.971852969976412e-09
9.824130282626478e-09
1.208845808324740e-08
1.485696846415931e-08
1.823810455707458e-08
2.237106391928959e-08
2.742267456978821e-08
3.359665431598429e-08
4.114336998766666e-08
5.035798852027327e-08
6.161213397497043e-08
7.535644184089344e-08
9.213832306035468e-08
1.126194264072106e-07
1.376723506507123e-07
1.681196368825766e-07
2.053216338179485e-07
2.507176787204703e-07
3.060425421044805e-07
3.734923763842957e-07
4.557209529065253e-07
5.559181958068014e-07
6.779771259471604e-07
8.266416646542925e-07
1.007681232451841e-06
1.228058992856689e-06
1.496339043304332e-06
1.822651099346887e-06
2.219786631270604e-06
2.702410317043583e-06
3.289307825680166e-06
4.002597697472650e-06
4.869394482408373e-06
5.921873369151012e-06
7.199966100154921e-06
8.751389455637124e-06
1.063394337066372e-05
1.291749783634736e-05
1.568624368798304e-05
1.904304267358883e-05
2.310971684799401e-05
2.803623059158488e-05
3.400010249305546e-05
4.121748850608145e-05
4.994976239000447e-05
6.050739773539237e-05
7.327118673534582e-05
8.868813840479240e-05
1.073047299764912e-04
1.297723916779733e-04
1.568852416249871e-04
1.895548023213635e-04
2.289284477905325e-04
2.763531025837689e-04
3.334304054987022e-04
4.020892982396313e-04
4.846009665717642e-04
5.837331796439913e-04
7.027367075405084e-04
8.454929315602176e-04
1.016569880799662e-03
1.221512075762106e-03
1.466809341768052e-03
1.759947617228661e-03
2.110203974514448e-03
2.528456873031393e-03
3.027181408321929e-03
3.620662404519246e-03
4.327133611933172e-03
5.166601221007782e-03
6.163004478963787e-03
7.344438554589605e-03
8.743012805657296e-03
1.039678092268388e-02
1.234803242958744e-02
1.464692197370269e-02
1.735250608355842e-02
2.053064033893614e-02
2.425389999451663e-02
2.861051193640856e-02
3.369422771260371e-02
3.961543598981966e-02
4.648977433764488e-02
5.445531113298608e-02
6.365495933948780e-02
7.425294730275799e-02
8.640494960999362e-02
1.002972722805569e-01
1.161297255155596e-01
1.340768120847797e-01
1.543396682320184e-01
1.771000383901675e-01
2.025249498156419e-01
2.307590155859481e-01
2.619089348744089e-01
2.960223992083288e-01
3.330970598884708e-01
3.730394308905251e-01
4.156738242000645e-01
4.607052939141530e-01
5.077022969520633e-01
5.561428903789171e-01
6.053519258471669e-01
6.545672410792642e-01
7.029221447081531e-01
7.495212987482931e-01
7.934585128911407e-01
8.338908896408023e-01
8.701060494767362e-01
9.015394650705942e-01
9.280354826407968e-01
9.494441217895555e-01
9.660494747786648e-01
9.783337793749969e-01
9.869494996513084e-01
9.926403671048664e-01
9.961511196790571e-01
9.981556566920650e-01
9.992026366057796e-01
9.996862966785908e-01
9.998876956980666e-01
9.999643102244529e-01
9.999900729051993e-01
9.999976170820294e-01
9.999995141829177e-01
9.999999173481440e-01
9.999999885084406e-01
9.999999987147378e-01
9.999999998886612e-01
9.999999999923939e-01
9.999999999996700e-01
9.999999999999775e-01
1.000000000000002e+00
9.999999999999994e-01
1.000000000000000e+00
9.999999999999999e-01
1.000000000000000e+00
1.000000000000000e+00
1.000000000000000e+00
1.000000000000000e+00
1.000000000000000e+00
1.000000000000000e+00
1.000000000000000e+00
1.000000000000000e+00
###8.000000000000004e+00
2.284280493456395e-09
2.903886903669124e-09
3.648553882685508e-09
4.540687891250595e-09
5.636749642035163e-09
6.982988216841145e-09
8.622939470591575e-09
1.062526577277352e-08
1.307256452106202e-08
1.606419687219055e-08
1.971705628573522e-08
2.418121796726147e-08
2.963661465453039e-08
3.630256750697131e-08
4.444902146184423e-08
5.439371088802179e-08
6.653683263440407e-08
8.136351357625652e-08
9.946286244798083e-08
1.215467363027853e-07
1.485542009866007e-07
1.813681242190213e-07
2.214528273561777e-07
2.703545087924971e-07
3.299365989064464e-07
4.025582685486901e-07
4.910692642859391e-07
5.988936959894918e-07
7.302087263998144e-07
8.901039905758024e-07
1.084766662883663e-06
1.321661657482825e-06
1.609967975848418e-06
1.960536554974643e-06
2.387070627115267e-06
2.905262490097276e-06
3.535223752122375e-06
4.300616425927533e-06
5.230438209135756e-06
6.359079232712112e-06
7.729212600161315e-06
9.391812025165948e-06
1.140859058006561e-05
1.385411728447536e-05
1.681827159158896e-05
2.041057052558961e-05
2.476103091657757e-05
3.002938844209810e-05
3.640463432126339e-05
4.411687192136835e-05
5.344421444709236e-05
6.471673266203030e-05
7.833916731841772e-05
9.478631478468220e-05
1.146383604095378e-04
1.385864980524677e-04
1.674732468661778e-04
2.022651583199509e-04
2.441732256290836e-04
2.946282679213209e-04
3.553226922339023e-04
4.282956114523376e-04
5.159462381632226e-04
6.211894266913691e-04
7.474726440879796e-04
8.988692427439403e-04
1.080195433139944e-03
1.297287380694010e-03
1.556967035544092e-03
1.867096067085687e-03
2.237413377211834e-03
2.679325924556661e-03
3.205902155483405e-03
3.832081474612645e-03
4.576920500854768e-03
5.461330266821584e-03
6.510254410672032e-03
7.752963195556433e-03
9.222816707194008e-03
1.095939296273689e-02
1.300652043106828e-02
1.541613021336614e-02
1.824931796807318e-02
2.157404380072865e-02
2.546501306312005e-02
3.001298922167886e-02
3.531408761889463e-02
4.148132956963310e-02
4.863263408242856e-02
5.690865503240896e-02
6.645429521699599e-02
7.743573102351234e-02
9.000921591012785e-02
1.043616647658001e-01
1.206926234992673e-01
1.391739632509280e-01
1.600035082931953e-01
1.833575378711678e-01
2.093946820702115e-01
2.382497392561136e-01
2.700159936868965e-01
3.047250115401341e-01
3.423560470758865e-01
3.827942111638595e-01
4.258410404035068e-01
4.711777716591207e-01
5.183496510561989e-01
5.668135815590440e-01
6.158776308819373e-01
6.647701683319860e-01
7.126215326992373e-01
7.585463338967181e-01
8.016587451996260e-01
8.411478029075484e-01
8.763427946362137e-01
9.067366332440651e-01
9.321974896426762e-01
9.526496481131973e-01
9.684090758423192e-01
9.799843254252846e-01
9.880395662040510e-01
9.933148631058669e-01
9.965384767003456e-01
9.983597708311435e-01
9.992998686131735e-01
9.997282502831913e-01
9.999040713680687e-01
9.999699766222115e-01
9.999917867814889e-01
9.999980638121896e-01
9.999996130156442e-01
9.999999355471634e-01
9.999999912419884e-01
9.999999990445961e-01
9.999999999194131e-01
9.999999999946438e-01
9.999999999997770e-01
9.999999999999842e-01
1.000000000000002e+00
9.999999999999996e-01
1.000000000000000e+00
9.999999999999999e-01
1.000000000000000e+00
1.000000000000000e+00
1.000000000000000e+00
1.000000000000000e+00
1.000000000000000e+00
1.000000000000000e+00
1.000000000000000e+00
1.000000000000000e+00
###8.200000000000003e+00
2.471810379050609e-09
3.139750240861793e-09
3.944985159477669e-09
4.909416016730866e-09
6.094142819037127e-09
7.549065875617913e-09
9.321037240984883e-09
1.148413268740549e-08
1.412743242330279e-08
1.735802548387050e-08
2.130183024494815e-08
2.612054224858300e-08
3.200809107490601e-08
3.920046104310598e-08
4.798849128089033e-08
5.871399170171439e-08
7.180764295130735e-08
8.779135599771427e-08
1.072986958255085e-07
1.310950294850915e-07
1.601902780858962e-07
1.955314754084403e-07
2.386937367505468e-07
2.913370180706946e-07
3.554616298736670e-07
4.336001850027440e-07
5.288108553191314e-07
6.447667180705027e-07
7.859468687692312e-07
9.578082655552834e-07
1.166981742337696e-06
1.421464865070386e-06
1.731089241757126e-06
2.107470818092084e-06
2.565279781322167e-06
3.121297444511581e-06
3.797040936590233e-06
4.617806560597637e-06
5.614585959286993e-06
6.824113109808869e-06
8.291961273964050e-06
1.007254761548412e-05
1.223172101320417e-05
1.484901404771775e-05
1.802005985090017e-05
2.186216036664905e-05
2.651321642045783e-05
3.214351741611010e-05
3.895414612412503e-05
4.718989482138986e-05
5.714649696326825e-05
6.917464144707174e-05
8.370425320592136e-05
1.012393230523351e-04
1.223954400126853e-04
1.479055320440827e-04
1.786628808104726e-04
2.156916265919616e-04
2.602696952699952e-04
3.139154040267701e-04
3.784162262696111e-04
4.559264153031148e-04
5.489788106264343e-04
6.606423104728011e-04
7.945682412920013e-04
9.550311322802055e-04
1.147104988847857e-03
1.376929298865300e-03
1.651671099863084e-03
1.979581784811459e-03
2.370879186885418e-03
2.837517720317452e-03
3.393179068474332e-03
4.053478206995375e-03
4.838322377187641e-03
5.769552587079762e-03
6.873146202512383e-03
8.179581633437853e-03
9.723497478865202e-03
1.154603471781554e-02
1.369257100130552e-02
1.621692388006436e-02
1.918214167700536e-02
2.265839821869568e-02
2.672252332319731e-02
3.146783360091679e-02
3.699280371411684e-02
4.341307487109432e-02
5.084880473019376e-02
5.944317767918956e-02
6.934299070706498e-02
8.071624579617592e-02
9.371959255863062e-02
1.085403460246146e-01
1.253775291821235e-01
1.444000545073582e-01
1.658020720794608e-01
1.897538557626769e-01
2.164055319044454e-01
2.458812512711740e-01
2.782605407976538e-01
3.135583985819537e-01
3.517352958906787e-01
3.926547296160595e-01
4.360953892266318e-01
4.817148686533079e-01
5.290356684106235e-01
5.774943121557596e-01
6.263832008071293e-01
6.749225613399668e-01
7.222416544888612e-01
7.674665555687940e-01
8.097335569844166e-01
8.482650783614371e-01
8.824330822947245e-01
9.117862024147796e-01
9.362218750390534e-01
9.557316347966758e-01
9.706635683840937e-01
9.815504220315241e-01
9.890658690918467e-01
9.939443817346346e-01
9.968964753878140e-01
9.985463249310083e-01
9.993876103049535e-01
9.997656028290411e-01
9.999184493897795e-01
9.999748767579013e-01
9.999932445223454e-01
9.999984369738752e-01
9.999996939314758e-01
9.999999501333536e-01
9.999999933832574e-01
9.999999992964858e-01
9.999999999422908e-01
9.999999999962669e-01
9.999999999998522e-01
9.999999999999888e-01
1.000000000000001e+00
9.999999999999997e-01
1.000000000000000e+00
9.999999999999999e-01
1.000000000000000e+00
1.000000000000000e+00
1.000000000000000e+00
1.000000000000000e+00
1.000000000000000e+00
1.000000000000000e+00
1.000000000000000e+00
1.000000000000000e+00
###8.400000000000002e+00
2.672785520639689e-09
3.392584117389790e-09
4.262748891548998e-09
5.304658394231444e-09
6.584389286465311e-09
8.155750578969448e-09
1.006912718605957e-08
1.240438340299615e-08
1.525752713504025e-08
1.874390431221322e-08
2.299906644413075e-08
2.819711633841743e-08
3.454692511350576e-08
4.230226249856675e-08
5.177625473376252e-08
6.333638229076465e-08
7.744583118787066e-08
9.466572076365600e-08
1.156769879707186e-07
1.413019956742303e-07
1.726240667245679e-07
2.106647407507345e-07
2.571108479267787e-07
3.137454646251281e-07
3.827144571410821e-07
4.667348746257779e-07
5.690864419746531e-07
6.937067828774210e-07
8.453956656287705e-07
1.030000133801669e-06
1.254621953598678e-06
1.527823861831083e-06
1.860129738569322e-06
2.263966581544833e-06
2.755029547676380e-06
3.351253578994400e-06
4.075644579211851e-06
4.955228839680591e-06
6.023108018702568e-06
7.318495284423232e-06
8.890030451627435e-06
1.079576961938897e-05
1.310593069606913e-05
1.590528693295658e-05
1.929583005675407e-05
2.340221752530336e-05
2.837151936314958e-05
3.438486052103456e-05
4.165606092485349e-05
5.044537553456931e-05
6.106707699162703e-05
7.389353625584404e-05
8.938114975942078e-05
1.080645674726093e-04
1.305965461326201e-04
1.577537960937181e-04
1.904828154632656e-04
2.298679976001239e-04
2.772576150990950e-04
3.342612455739788e-04
4.027658675929845e-04
4.850460185986052e-04
5.837739612419552e-04
7.021797778431984e-04
8.441261514683969e-04
1.014098169326477e-03
1.217437575976369e-03
1.460599190033631e-03
1.751108442339626e-03
2.097620794358942e-03
2.510850533839432e-03
3.003318909879136e-03
3.589341150216896e-03
4.285229162436207e-03
5.111768954288508e-03
6.091757123532614e-03
7.252234325538195e-03
8.624918525988033e-03
1.024576033925352e-02
1.215749657988737e-02
1.440708113811375e-02
1.705036224204656e-02
2.015205890982504e-02
2.378488888140904e-02
2.802772169114883e-02
3.297644006915725e-02
3.873187016692256e-02
4.541225597740855e-02
5.313994561315989e-02
6.206059268222080e-02
7.232278514179527e-02
8.409621945918519e-02
9.753774882023548e-02
1.128348690229703e-01
1.301858082134560e-01
1.497561872496198e-01
1.717361016161191e-01
1.962893666410979e-01
2.235572109681869e-01
2.536525826536462e-01
2.866408115995389e-01
3.225198946110920e-01
3.612311526442947e-01
4.026162792918866e-01
4.464310821844220e-01
4.923097342980564e-01
5.397525103927369e-01
5.881763932537651e-01
6.368593000935195e-01
6.850147190220149e-01
7.317727335701533e-01
7.762724818702211e-01
8.176741359605465e-01
8.552348789206782e-01
8.883703097549778e-01
9.166834361534787e-01
9.401049684401749e-01
9.586879066334547e-01
9.728120341504184e-01
9.830321088160198e-01
9.900290574951860e-01
9.945298459861934e-01
9.972260583390496e-01
9.987161021512287e-01
9.994664160124969e-01
9.997986868304585e-01
9.999310015616690e-01
9.999790876876901e-01
9.999944758702667e-01
9.999987463278046e-01
9.999997596367710e-01
9.999999617185918e-01
9.999999950439105e-01
9.999999994867849e-01
9.999999999591060e-01
9.999999999974241e-01
9.999999999999042e-01
9.999999999999920e-01
1.000000000000001e+00
9.999999999999998e-01
1.000000000000000e+00
1.000000000000000e+00
1.000000000000000e+00
1.000000000000000e+00
1.000000000000000e+00
1.000000000000000e+00
1.000000000000000e+00
1.000000000000000e+00
1.000000000000000e+00
1.000000000000000e+00
###8.600000000000001e+00
2.888050694522253e-09
3.663462276415675e-09
4.603195215155830e-09
5.728091711376360e-09
7.109565479261724e-09
8.805603238013339e-09
1.087035593794255e-08
1.338987286668995e-08
1.646756012007017e-08
2.022758384462118e-08
2.481576975439080e-08
3.041946215084043e-08
3.726347393512735e-08
4.562054756731859e-08
5.582757040941544e-08
6.827937969507345e-08
8.347380440464405e-08
1.020137343778000e-07
1.246305592576727e-07
1.522073139955904e-07
1.859051339459085e-07
2.268258486741761e-07
2.767741115327426e-07
3.376642692516417e-07
4.117968997201815e-07
5.020850799892538e-07
6.120439252972724e-07
7.458920190247456e-07
9.087695342255521e-07
1.106937568815450e-06
1.347997521700320e-06
1.641111499685272e-06
1.997537399991578e-06
2.430561618388629e-06
2.956965318426478e-06
3.595904883951263e-06
4.371962358356023e-06
5.313994615102661e-06
6.457334953633942e-06
7.843817488175729e-06
9.525323130889743e-06
1.156375219747568e-05
1.403393522093150e-05
1.702617756552847e-05
2.064922585557023e-05
2.503534683070623e-05
3.034141907551096e-05
3.675993537726100e-05
4.451812451687543e-05
5.389251178288706e-05
6.521686710211189e-05
7.888635184893823e-05
9.538517464874688e-05
1.152801687835207e-04
1.392630932564477e-04
1.681565695468352e-04
2.029628620135578e-04
2.448293852733002e-04
2.951782808907362e-04
3.557143090057768e-04
4.284285375031484e-04
5.157211100142668e-04
6.204097083724894e-04
7.458929279284725e-04
8.962526393013936e-04
1.076194054794209e-03
1.291336933805520e-03
1.548463769714920e-03
1.855472039736884e-03
2.221435973071879e-03
2.657584258301169e-03
3.177024779387941e-03
3.794727027327443e-03
4.527721563073678e-03
5.397701696309096e-03
6.428445679560284e-03
7.648087183990503e-03
9.089615439180278e-03
1.079032589511505e-02
1.279444744748144e-02
1.515095322794899e-02
1.791733311305086e-02
2.116030412556174e-02
2.495471977701877e-02
2.938191599126901e-02
3.454021866012667e-02
4.053279315011561e-02
4.748046474525754e-02
5.550771808564348e-02
6.476260816258732e-02
7.539540281926538e-02
8.757735297571219e-02
1.014653127585691e-01
1.172467285278978e-01
1.351187529540304e-01
1.552433626459192e-01
1.778062149049401e-01
2.029642223773988e-01
2.308492531067592e-01
2.615625572997385e-01
2.951548083505909e-01
3.316065787985168e-01
3.708396931363276e-01
4.126738774169602e-01
4.568420616911867e-01
5.029552743446306e-01
5.504921388467745e-01
5.988510023615836e-01
6.472965483712109e-01
6.950370046091775e-01
7.412051859142507e-01
7.849549602530238e-01
8.254721196213070e-01
8.620498092143776e-01
8.941485776619764e-01
9.214242640905663e-01
9.438438885411961e-01
9.615170180846457e-01
9.748541970795376e-01
9.844299480995218e-01
9.909301706064897e-01
9.950724197196645e-01
9.975283212850822e-01
9.988699618446385e-01
9.995368682050899e-01
9.998278407788473e-01
9.999418983122708e-01
9.999826840684214e-01
9.999955089463189e-01
9.999990008821027e-01
9.999998125611103e-01
9.999999708389735e-01
9.999999963192990e-01
9.999999996290488e-01
9.999999999713201e-01
9.999999999982400e-01
9.999999999999393e-01
9.999999999999942e-01
1.000000000000001e+00
9.999999999999998e-01
1.000000000000000e+00
1.000000000000000e+00
1.000000000000000e+00
1.000000000000000e+00
1.000000000000000e+00
1.000000000000000e+00
1.000000000000000e+00
1.000000000000000e+00
1.000000000000000e+00
1.000000000000000e+00
###8.800000000000001e+00
3.118502200746032e-09
3.953518135363667e-09
4.967749305165574e-09
6.181485754600532e-09
7.671861579454732e-09
9.501326528569864e-09
1.172804402786386e-08
1.444466842938441e-08
1.776250372042110e-08
2.181512957109960e-08
2.675932750392672e-08
3.279656521940770e-08
4.016865619132986e-08
4.916857107149505e-08
6.015851775405012e-08
7.356247203530251e-08
8.991516527566429e-08
1.098639650921327e-07
1.341939678087526e-07
1.638527624928823e-07
2.000843789133667e-07
2.440759659105364e-07
2.977571063766878e-07
3.631822046336922e-07
4.428159935616081e-07
5.397797957193050e-07
6.578386954212087e-07
8.015095210659528e-07
9.762936189107635e-07
1.188891370505401e-06
1.447433999744304e-06
1.761718904712375e-06
2.143782003864055e-06
2.607819763642610e-06
3.171763533160445e-06
3.856062291129873e-06
4.686965944716497e-06
5.695267378301213e-06
6.918659560803996e-06
8.401745233933254e-06
1.019983007152562e-05
1.237887298330778e-05
1.501857254558986e-05
1.821507082536919e-05
2.208422761430136e-05
2.676635321145629e-05
3.242863357676493e-05
3.927554129609239e-05
4.754841481869026e-05
5.754089205891668e-05
6.960723910268547e-05
8.416656184675190e-05
1.017322769745516e-04
1.229049865262551e-04
1.484173590728446e-04
1.791401386634982e-04
2.161340041695113e-04
2.606122663180327e-04
3.140745710085033e-04
3.783249440777610e-04
4.554632768959109e-04
5.480208239206318e-04
6.589668853127051e-04
7.918760945126744e-04
9.510576735375387e-04
1.141446722533706e-03
1.368951623925337e-03
1.640695230151294e-03
1.964961068433080e-03
2.351257190360325e-03
2.811345055435700e-03
3.358939400909255e-03
4.009685102720182e-03
4.781353444995144e-03
5.696573963540071e-03
6.780133046826661e-03
8.061287229516772e-03
9.574328967892806e-03
1.135793040619412e-02
1.345782881544388e-02
1.592510258878548e-02
1.881885268806974e-02
2.220787741326361e-02
2.616911251250525e-02
3.078644398366458e-02
3.616059330470914e-02
4.239708944893381e-02
4.961929906853401e-02
5.795378339674942e-02
6.755092417124120e-02
7.856254992018737e-02
9.116131680692154e-02
1.055038670152332e-01
1.217773563136614e-01
1.401775697429144e-01
1.608624756581918e-01
1.840128986645216e-01
2.097783963839554e-01
2.382810065570690e-01
2.696097863898158e-01
3.038002961122913e-01
3.408152734503553e-01
3.805567236945914e-01
4.228222699743294e-01
4.673220147544369e-01
5.136441644133921e-01
5.612463343968235e-01
6.095092063011927e-01
6.576855469555088e-01
7.049798668004003e-01
7.505296476803188e-01
7.935051915257485e-01
8.331196223026983e-01
8.687027457900305e-01
8.997626646529274e-01
9.260052840597111e-01
9.474365010210123e-01
9.642182086394344e-01
9.767903745404614e-01
9.857449729252884e-01
9.917705896567235e-01
9.955735814487293e-01
9.978044841951801e-01
9.990088180520286e-01
9.995995647859174e-01
9.998534023654558e-01
9.999513056779106e-01
9.999857369491528e-01
9.999963628554769e-01
9.999992088149333e-01
9.999998548522427e-01
9.999999779565426e-01
9.999999972894654e-01
9.999999997343159e-01
9.999999999800904e-01
9.999999999988090e-01
9.999999999999619e-01
9.999999999999958e-01
1.000000000000001e+00
9.999999999999998e-01
1.000000000000000e+00
1.000000000000000e+00
1.000000000000000e+00
1.000000000000000e+00
1.000000000000000e+00
1.000000000000000e+00
1.000000000000000e+00
1.000000000000000e+00
1.000000000000000e+00
1.000000000000000e+00
###9.000000000000000e+00
3.365087466044278e-09
4.263947688185493e-09
5.357915069525911e-09
6.666707983821119e-09
8.273588478378524e-09
1.024577182441441e-08
1.264569425510842e-08
1.557306018195493e-08
1.914760077821990e-08
2.351293721103902e-08
2.883752789319125e-08
3.533789698505374e-08
4.327397877154767e-08
5.296029925043024e-08
6.478603553171778e-08
7.920618481521738e-08
9.679476768470470e-08
1.182464891007152e-07
1.444035879417694e-07
1.762823050175606e-07
2.152149242777244e-07
2.624800369865208e-07
3.201371962684043e-07
3.903925939159746e-07
4.758842301844748e-07
5.799545534489063e-07
7.066339723047071e-07
8.607557562290764e-07
1.048204276209309e-06
1.276145743323353e-06
1.553272957791910e-06
1.890056412527706e-06
2.299356147218573e-06
2.796332064971793e-06
3.400133056513461e-06
4.132575336767614e-06
5.021672942071640e-06
6.100265320477047e-06
7.408539007284543e-06
8.994021003278217e-06
1.091563325045078e-05
1.324361784463991e-05
1.606280876734400e-05
1.947550296099088e-05
2.360504932877187e-05
2.860025303072852e-05
3.463913026899772e-05
4.193877139688916e-05
5.075535549667040e-05
6.140051113111081e-05
7.425004191304098e-05
8.974819928876988e-05
1.084390609345851e-04
1.309586462935648e-04
1.580825157958088e-04
1.907318326668996e-04
2.300284397331852e-04
2.772545299223495e-04
3.339910008470428e-04
4.021453959750791e-04
4.839313173917942e-04
5.820168213665626e-04
6.995292325315752e-04
8.402269506532986e-04
1.008655045962685e-03
1.209988484271246e-03
1.450435183759790e-03
1.737471414990587e-03
2.079781102446702e-03
2.487321530510690e-03
2.972405725043080e-03
3.549375916355901e-03
4.234573889294095e-03
5.046534058285176e-03
6.008851491412659e-03
7.147347590207553e-03
8.492431774159950e-03
1.007973186686259e-02
1.194932864486572e-02
1.414856667544964e-02
1.673046525260976e-02
1.975595522819985e-02
2.329588724685759e-02
2.742935693027853e-02
3.224269597866377e-02
3.783900250327112e-02
4.432628624023434e-02
5.183036219812451e-02
6.047980150015925e-02
7.042723097977194e-02
8.182591223154996e-02
9.484974803004484e-02
1.096549453130943e-01
1.264282014493279e-01
1.453632849184346e-01
1.666143092281565e-01
1.903565028911837e-01
2.167316987297815e-01
2.458516292664377e-01
2.777926647779950e-01
3.125748006595060e-01
3.501425440357143e-01
3.903777841729658e-01
4.330559382252518e-01
4.778643775968864e-01
5.243688655398656e-01
5.720067169294617e-01
6.201419863115256e-01
6.680169078950777e-01
7.148338817560034e-01
7.597370068110972e-01
8.019147613846799e-01
8.406092754511409e-01
8.751884578853729e-01
9.052080621216124e-01
9.304237740122224e-01
9.508813928392963e-01
9.667913659235492e-01
9.786214289234658e-01
9.869786388771814e-01
9.925519918926747e-01
9.960349219668501e-01
9.980558609892570e-01
9.991336200429348e-01
9.996551076518581e-01
9.998757028516381e-01
9.999593828819761e-01
9.999883128866541e-01
9.999970731411135e-01
9.999993773283039e-01
9.999998883816643e-01
9.999999834592428e-01
9.999999980211969e-01
9.999999998112071e-01
9.999999999863682e-01
9.999999999991888e-01
9.999999999999801e-01
9.999999999999962e-01
1.000000000000001e+00
9.999999999999998e-01
1.000000000000000e+00
1.000000000000000e+00
1.000000000000000e+00
1.000000000000000e+00
1.000000000000000e+00
1.000000000000000e+00
1.000000000000000e+00
1.000000000000000e+00
1.000000000000000e+00
1.000000000000000e+00
###9.199999999999999e+00
3.628805823189018e-09
4.596012545917095e-09
5.775278917337416e-09
7.185728204235439e-09
8.917183540051377e-09
1.104194628011715e-08
1.362700042679915e-08
1.677957150097871e-08
2.062837832584201e-08
2.532774822699311e-08
3.105857874490231e-08
3.805343739233229e-08
4.659156404225086e-08
5.701044244669185e-08
6.972796170907053e-08
8.523212819365720e-08
1.041387731118409e-07
1.271929577195275e-07
1.552976896275822e-07
1.895421857648029e-07
2.313526345865408e-07
2.821044772531291e-07
3.439956577676511e-07
4.193935042333648e-07
5.111197902647766e-07
6.227517031515023e-07
7.586011412189817e-07
9.238369645702770e-07
1.124749551550571e-06
1.368998862517682e-06
1.665872648419135e-06
2.026554233503259e-06
2.464776191642513e-06
2.996717896537477e-06
3.642816501337443e-06
4.426333722077025e-06
5.377148754337860e-06
6.530263405336574e-06
7.928498237153855e-06
9.622467341588860e-06
1.167490945209202e-05
1.416058548262193e-05
1.716974297044255e-05
2.081116800995426e-05
2.521609072353910e-05
3.054228183714742e-05
3.697913490644438e-05
4.475702312053593e-05
5.414772811047722e-05
6.548178452461658e-05
7.915761775870563e-05
9.564587530995368e-05
1.155228073183886e-04
1.394615644102709e-04
1.682826585136933e-04
2.029600560271436e-04
2.446796175135267e-04
2.947955169580116e-04
3.549737700268684e-04
4.272298586366302e-04
5.138961410738994e-04
6.177833567304021e-04
7.421834717683157e-04
8.910465903346821e-04
1.069162461253921e-03
1.281956144905258e-03
1.535946230715654e-03
1.838975928438538e-03
2.200144226477688e-03
2.629873408061263e-03
3.141047286692883e-03
3.748656645467610e-03
4.469762097552272e-03
5.323683920065341e-03
6.335012394488627e-03
7.530635343584283e-03
8.942132759609868e-03
1.060651259433858e-02
1.256529217607168e-02
1.486746217397778e-02
1.756799544924199e-02
2.072969307504050e-02
2.442548752284165e-02
2.873666079224617e-02
3.375195576161263e-02
3.957689656082736e-02
4.632191924459536e-02
5.411526079268413e-02
6.308742907862547e-02
7.339320704353614e-02
8.518715331437718e-02
9.864424893421146e-02
1.139200349589069e-01
1.312009237399155e-01
1.506770169093027e-01
1.724995345217482e-01
1.968372399782322e-01
2.238237744696057e-01
2.535600873216355e-01
2.861093701119194e-01
3.214756089115023e-01
3.595847016537850e-01
4.002981531727953e-01
4.433691074252206e-01
4.884623507896550e-01
5.351216414381578e-01
5.827647673729918e-01
6.307402635408640e-01
6.782812828618022e-01
7.245897796184603e-01
7.688184303514934e-01
8.101756647419002e-01
8.479342443722075e-01
8.815015095748669e-01
9.104809578055258e-01
9.346776793484144e-01
9.541778341552984e-01
9.692369816700562e-01
9.803487195980083e-01
9.881327747143085e-01
9.932763052749605e-01
9.964581780646657e-01
9.982838361058359e-01
9.992453346364831e-01
9.997040930197494e-01
9.998950625074788e-01
9.999662805205523e-01
9.999904735550932e-01
9.999976630653463e-01
9.999995130135643e-01
9.999999147632413e-01
9.999999876800544e-01
9.999999985679449e-01
9.999999998668269e-01
9.999999999908281e-01
9.999999999994308e-01
9.999999999999973e-01
9.999999999999949e-01
1.000000000000001e+00
9.999999999999997e-01
1.000000000000000e+00
1.000000000000000e+00
1.000000000000000e+00
1.000000000000000e+00
1.000000000000000e+00
1.000000000000000e+00
1.000000000000000e+00
1.000000000000000e+00
1.000000000000000e+00
1.000000000000000e+00
###9.399999999999999e+00
3.910711006960498e-09
4.951043072033337e-09
6.221513732103028e-09
7.740623480649225e-09
9.605216664481867e-09
1.189302032648214e-08
1.467585627401901e-08
1.806897015184964e-08
2.221066128004180e-08
2.726666617142582e-08
3.343112726914053e-08
4.095369874770363e-08
5.013417865763639e-08
6.133448972438092e-08
7.500307464786975e-08
9.166304694337379e-08
1.119747105730499e-07
1.367366692784657e-07
1.669165250659502e-07
2.036810323689980e-07
2.485562390008101e-07
3.030201437533911e-07
3.694180055131070e-07
4.502879563972413e-07
5.486467927116680e-07
6.683207086982815e-07
8.139201050241712e-07
9.909695775532421e-07
1.206189677099879e-06
1.467763463287369e-06
1.785608714491614e-06
2.171663331990787e-06
2.640583240133096e-06
3.209626116142120e-06
3.900591584347634e-06
4.738268925644971e-06
5.754508410991081e-06
6.986595596459807e-06
8.480132393349561e-06
1.028899002909795e-05
1.247993399504950e-05
1.513249038220575e-05
1.834261219490226e-05
2.222592275924313e-05
2.692194402627422e-05
3.259790225512569e-05
3.945514080429700e-05
4.773800903922436e-05
5.773468455465717e-05
6.979556226104934e-05
8.434281866324482e-05
1.018747981356250e-04
1.230014953361588e-04
1.484349729545988e-04
1.790428334901279e-04
2.158543210647728e-04
2.601222743689207e-04
3.132760628556250e-04
3.770708096808593e-04
4.536345279817984e-04
5.454235395120105e-04
6.553973436683172e-04
7.870193788839676e-04
9.444396081771002e-04
1.132701623261980e-03
1.357490980464153e-03
1.625648560335456e-03
1.945398238400018e-03
2.326269141798475e-03
2.779164674786442e-03
3.317559085156168e-03
3.957113184422120e-03
4.715628724842442e-03
5.613234883560747e-03
6.675547326969926e-03
7.930567399632030e-03
9.411016721698537e-03
1.115537479928073e-02
1.320660770231928e-02
1.561534666068967e-02
1.843866280127865e-02
2.174113482632948e-02
2.559784703063019e-02
3.009228289982293e-02
3.531559153348598e-02
4.137573496296187e-02
4.838552962630106e-02
5.647560142484832e-02
6.577831541930303e-02
7.645051408465178e-02
8.864790828473319e-02
1.025463791881613e-01
1.183005616149387e-01
1.360962571829315e-01
1.561197154558200e-01
1.785187000903789e-01
2.034551735567695e-01
2.310540940935123e-01
2.614051465603452e-01
2.945578561096281e-01
3.304997643357304e-01
3.691378011658982e-01
4.103128495801679e-01
4.537557524038466e-01
4.991089093757698e-01
5.458945734282135e-01
5.935118474569883e-01
6.412949221376140e-01
6.884693900359209e-01
7.342384726988744e-01
7.777654027466623e-01
8.182803268178773e-01
8.550882320968007e-01
8.876370951048667e-01
9.155782128883693e-01
9.387655937555752e-01
9.573257380807004e-01
9.715561060812165e-01
9.819740535024095e-01
9.892095341347718e-01
9.939456656669905e-01
9.968451982378195e-01
9.984898426390917e-01
9.993449316285362e-01
9.997471034115633e-01
9.999117871086675e-01
9.999721392948502e-01
9.999922752837525e-01
9.999981444655807e-01
9.999996215738655e-01
9.999999353548048e-01
9.999999908946187e-01
9.999999989716959e-01
9.999999999070143e-01
9.999999999938567e-01
9.999999999996149e-01
1.000000000000002e+00
9.999999999999958e-01
1.000000000000001e+00
9.999999999999998e-01
1.000000000000000e+00
1.000000000000000e+00
1.000000000000000e+00
1.000000000000000e+00
1.000000000000000e+00
1.000000000000000e+00
1.000000000000000e+00
1.000000000000000e+00
1.000000000000000e+00
1.000000000000000e+00
###9.599999999999998e+00
4.211913769367264e-09
5.330441692824733e-09
6.698383027143193e-09
8.333583293981134e-09
1.034039665017952e-08
1.280233553925450e-08
1.579636524673105e-08
1.944627994176120e-08
2.390058643884917e-08
2.933717384607227e-08
3.596428081416524e-08
4.404975075898593e-08
5.391526370164053e-08
6.594874526413916e-08
8.063113690270476e-08
9.852287293224760e-08
1.203315396920909e-07
1.469126448142594e-07
1.793024193616369e-07
2.187499650368935e-07
2.668874620610567e-07
3.253014895303034e-07
3.964940072174011e-07
4.831841457513412e-07
5.885955569792865e-07
7.168184595578221e-07
8.727796541545709e-07
1.062380657383357e-06
1.292797587711819e-06
1.572767459990771e-06
1.912874918510616e-06
2.325856269342250e-06
2.827344165824854e-06
3.435736279570181e-06
4.174272571566209e-06
5.069355896092539e-06
6.154918626093000e-06
7.470657271942867e-06
9.065109133337692e-06
1.099558083067835e-05
1.333308447161052e-05
1.616216839444876e-05
1.958479667579536e-05
2.372379329141590e-05
2.872740114043875e-05
3.477281235489789e-05
4.207391850716891e-05
5.088975912624566e-05
6.152575968312396e-05
7.435314436795694e-05
8.981902419136973e-05
1.084507935646716e-04
1.308938262527787e-04
1.579009469714257e-04
1.903890697664757e-04
2.294452837948439e-04
2.763924761997892e-04
3.327385443861853e-04
4.003318356425147e-04
4.814176618740998e-04
5.785816823634639e-04
6.949384319695892e-04
8.341298701427622e-04
1.000514195732267e-03
1.199398342314608e-03
1.436738993163059e-03
1.719711277294830e-03
2.056933820105597e-03
2.458381322180937e-03
2.935454786272472e-03
3.502238965141282e-03
4.175086586277754e-03
4.972563228653919e-03
5.915630301094223e-03
7.030959420768176e-03
8.347691908526293e-03
9.899724731640750e-03
1.172703777420426e-02
1.387407859968232e-02
1.639315658106926e-02
1.934345467030403e-02
2.279136636254569e-02
2.681414899925395e-02
3.149750811194728e-02
3.693498444192906e-02
4.323698694933671e-02
5.051866368889193e-02
5.891298969319334e-02
6.855410092990523e-02
7.960079497784103e-02
9.220978104198083e-02
1.065576522913184e-01
1.227978851378995e-01
1.411153305315826e-01
1.616922017854011e-01
1.846722245228220e-01
2.102102124171461e-01
2.384219479782061e-01
2.693853679846578e-01
3.031358493719399e-01
3.396440657366896e-01
3.787976425708990e-01
4.204166372504134e-01
4.642096061431392e-01
5.097968158807099e-01
5.566795780922373e-01
6.042392218802396e-01
6.517968411697525e-01
6.985720425986235e-01
7.437710845612676e-01
7.865697367631180e-01
8.262216247105059e-01
8.620654937838165e-01
8.935910399083992e-01
9.204973509898566e-01
9.426867412661859e-01
9.603256233206405e-01
9.737503037207382e-01
9.834996376487798e-01
9.902113498958059e-01
9.945623767332145e-01
9.971979107826309e-01
9.986752987769495e-01
9.994333696593924e-01
9.997847010438980e-01
9.999261651994649e-01
9.999770891922524e-01
9.999937689330595e-01
9.999985349467488e-01
9.999997078022563e-01
9.999999513070861e-01
9.999999933215923e-01
9.999999992674352e-01
9.999999999356959e-01
9.999999999959109e-01
9.999999999997458e-01
1.000000000000003e+00
9.999999999999970e-01
1.000000000000001e+00
9.999999999999999e-01
1.000000000000000e+00
1.000000000000000e+00
1.000000000000000e+00
1.000000000000000e+00
1.000000000000000e+00
1.000000000000000e+00
1.000000000000000e+00
1.000000000000000e+00
1.000000000000000e+00
1.000000000000000e+00
###9.799999999999997e+00
4.533584665645951e-09
5.735686325553233e-09
7.207745260237599e-09
8.966915830662708e-09
1.112557778718065e-08
1.377341240851102e-08
1.699285033805282e-08
2.091679278688031e-08
2.570461722630340e-08
3.154715105859270e-08
3.866762833000660e-08
4.735324644788011e-08
5.794896592408422e-08
7.087036750666863e-08
8.663294037241111e-08
1.058367793264651e-07
1.292397157138425e-07
1.577577059931824e-07
1.924998636278018e-07
2.348027069199545e-07
2.864111569891066e-07
3.490267222997683e-07
4.253179347066919e-07
5.181956676790087e-07
6.311028718089763e-07
7.684095905986559e-07
9.353778455615066e-07
1.138308348764735e-06
1.384859463429209e-06
1.684354581329020e-06
2.048083896086598e-06
2.489628124783544e-06
3.025652666746990e-06
3.675760078277924e-06
4.464711748813665e-06
5.420614787707985e-06
6.579599835496083e-06
7.983907585763384e-06
9.685171873178134e-06
1.174431749665553e-05
1.423684466932327e-05
1.725258111249263e-05
2.089982517960691e-05
2.530898142417783e-05
3.063746088621727e-05
3.707295405488918e-05
4.484252552819515e-05
5.422061745138039e-05
6.553088487654617e-05
7.916629609913074e-05
9.560015921322644e-05
1.153903254827174e-04
1.392192470450720e-04
1.678824316849305e-04
2.023484102592117e-04
2.437647796354634e-04
2.935276588659724e-04
3.532269260032982e-04
4.248084009520213e-04
5.106396399804481e-04
6.134411840133746e-04
7.364890824004834e-04
8.836110857786468e-04
1.059382234169195e-03
1.269382637854678e-03
1.519850974562189e-03
1.818308918094706e-03
2.173784288428368e-03
2.596713155510415e-03
3.099010951582038e-03
3.695393427973845e-03
4.402927521962426e-03
5.240965689631241e-03
6.231325184691060e-03
7.401764454776928e-03
8.782591702180048e-03
1.040891253188985e-02
1.232223652069348e-02
1.456852489469236e-02
1.720180156991385e-02
2.028337594595621e-02
2.388149059223343e-02
2.807559654234471e-02
3.295363595315781e-02
3.861152781884018e-02
4.516213048030489e-02
5.272287157524841e-02
6.142902863101956e-02
7.141641526154596e-02
8.284567161421824e-02
9.587434204464727e-02
1.106795334139222e-01
1.274132998466180e-01
1.462591982704330e-01
1.673951898325001e-01
1.909603946401163e-01
2.171021084557929e-01
2.459264441834892e-01
2.774991061867612e-01
3.118408489838155e-01
3.489050686912678e-01
3.885597749469885e-01
4.306040321673610e-01
4.747241707393165e-01
5.205186355287069e-01
5.674684269118255e-01
6.149380820720866e-01
6.622366966047532e-01
7.085801777548524e-01
7.531789790685838e-01
7.952236057158110e-01
8.339929075606649e-01
8.688608485574246e-01
8.993597996699525e-01
9.252365449672096e-01
9.464409551993540e-01
9.631785761947252e-01
9.758216092846772e-01
9.849280325686240e-01
9.911408898140088e-01
9.951288724248237e-01
9.975182952586786e-01
9.988416502296236e-01
9.995115856855633e-01
9.998174228121677e-01
9.999384663093014e-01
9.999812490848736e-01
9.999950000053229e-01
9.999988497619472e-01
9.999997758071756e-01
9.999999635732348e-01
9.999999951384988e-01
9.999999994822546e-01
9.999999999559384e-01
9.999999999972985e-01
9.999999999998351e-01
1.000000000000003e+00
9.999999999999980e-01
1.000000000000000e+00
9.999999999999999e-01
1.000000000000000e+00
1.000000000000000e+00
1.000000000000000e+00
1.000000000000000e+00
1.000000000000000e+00
1.000000000000000e+00
1.000000000000000e+00
1.000000000000000e+00
1.000000000000000e+00
1.000000000000000e+00
###9.999999999999996e+00
4.876956712579922e-09
6.168333971105429e-09
7.751558354073321e-09
9.643055553873625e-09
1.196376793283881e-08
1.480995920237975e-08
1.826986444858173e-08
2.248608132283618e-08
2.762955894338576e-08
3.390489316912882e-08
4.155126278517848e-08
5.087644980972672e-08
6.225017026671252e-08
7.611741160621248e-08
9.303035343425038e-08
1.136312371140605e-07
1.387312571359780e-07
1.693105559190487e-07
2.065556120930256e-07
2.518957012390992e-07
3.071954454696838e-07
3.742779699838939e-07
4.559887612229712e-07
5.554417528658580e-07
6.763122753430596e-07
8.232668153315740e-07
1.001922402541684e-06
1.219002349503619e-06
1.482675285766067e-06
1.802885032820432e-06
2.191667940185240e-06
2.663497414698704e-06
3.236130369219737e-06
3.930443012729846e-06
4.772800956473769e-06
5.793112760633968e-06
7.029828226839938e-06
8.527871889593530e-06
1.034214252627953e-05
1.253735939624892e-05
1.519380843055639e-05
1.840682049863763e-05
2.229138056408253e-05
2.698586995874326e-05
3.265733670669599e-05
3.950452217688786e-05
4.776831709558395e-05
5.773935005806392e-05
6.976040251929770e-05
8.424726447396310e-05
1.017007126618609e-04
1.227105177608493e-04
1.479979755943010e-04
1.784032714346228e-04
2.149489449458009e-04
2.588458613986362e-04
3.115666719342009e-04
3.747868093092083e-04
4.505539520440267e-04
5.413630265238945e-04
6.500751755582747e-04
7.801346478076190e-04
9.355624810592818e-04
1.121159396047704e-03
1.342788851957058e-03
1.606982631588824e-03
1.921621590497605e-03
2.296157551692359e-03
2.741504112747408e-03
3.270108318592476e-03
3.897337832381330e-03
4.640996499490155e-03
5.521247057663665e-03
6.560786482612523e-03
7.788491235226384e-03
9.235863712772227e-03
1.093925106152286e-02
1.294172224570869e-02
1.529078435258254e-02
1.804239899215013e-02
2.125945041123537e-02
2.501262787026127e-02
2.938340811836293e-02
3.446198043697982e-02
4.034662669600043e-02
4.715265140418762e-02
5.499972803086142e-02
6.402531709886924e-02
7.436687525233623e-02
8.618674237451752e-02
9.964312528592488e-02
1.149134358896419e-01
1.321480305307238e-01
1.515288243448297e-01
1.732292815488917e-01
1.973833607761663e-01
2.241304520741900e-01
2.535665043812136e-01
2.857445061735019e-01
3.206701247576111e-01
3.582790857832279e-01
3.984194992119246e-01
4.408693082617660e-01
4.852927265723654e-01
5.312667482910097e-01
5.782527607768592e-01
6.255995531907683e-01
6.726046886028282e-01
7.184848563238628e-01
7.624537765561673e-01
8.037195590829466e-01
8.415880096007512e-01
8.754696887293674e-01
9.049410120034822e-01
9.297946082319444e-01
9.500286555206742e-01
9.658862129958877e-01
9.777724837526546e-01
9.862621070777574e-01
9.920010141884877e-01
9.956476821147803e-01
9.978083567449715e-01
9.989903266450854e-01
9.995804863314384e-01
9.998457765071380e-01
9.999489398559906e-01
9.999847266525556e-01
9.999960088142797e-01
9.999991020283606e-01
9.999998290661269e-01
9.999999729350262e-01
9.999999964875104e-01
9.999999996369783e-01
9.999999999700775e-01
9.999999999982295e-01
9.999999999998946e-01
1.000000000000002e+00
9.999999999999987e-01
1.000000000000000e+00
9.999999999999999e-01
1.000000000000000e+00
1.000000000000000e+00
1.000000000000000e+00
1.000000000000000e+00
1.000000000000000e+00
1.000000000000000e+00
1.000000000000000e+00
1.000000000000000e+00
1.000000000000000e+00
1.000000000000000e+00
###1.020000000000000e+01
5.243328436678263e-09
6.630024422336147e-09
8.331884362303776e-09
1.036455766867401e-08
1.285813808128028e-08
1.591588062353860e-08
1.963220111768305e-08
2.416001197942746e-08
2.968257465062665e-08
3.641913031129998e-08
4.462580438764409e-08
5.463226210069712e-08
6.683453354451280e-08
8.170885082006679e-08
9.984636964632949e-08
1.219340735927218e-07
1.488398158679802e-07
1.816118634276522e-07
2.215187825444467e-07
2.700882308704425e-07
3.293118600440411e-07
4.011414517237388e-07
4.886103652071830e-07
5.950475099849089e-07
7.243743438161138e-07
8.815712690200303e-07
1.072631118994343e-06
1.304724917490102e-06
1.586559409893706e-06
1.928736173325081e-06
2.344079797595490e-06
2.848007029200051e-06
3.459427919802593e-06
4.200563354501781e-06
5.099442136821515e-06
6.187965694382987e-06
7.506938114340889e-06
9.104144405752362e-06
1.103792471955302e-05
1.337699700837478e-05
1.620668412343969e-05
1.962811385028426e-05
2.376330562034398e-05
2.875903097571608e-05
3.479246455445740e-05
4.207397361295876e-05
5.085895673577438e-05
6.145504510132537e-05
7.422508033679181e-05
8.960879489397729e-05
1.081357570132343e-04
1.304291763148522e-04
1.572510260546072e-04
1.894882388037826e-04
2.282198442187899e-04
2.747228373857893e-04
3.305498199216546e-04
3.974654823714133e-04
4.776238845777986e-04
5.736526342986401e-04
6.885593756528446e-04
8.259634524319414e-04
9.900869147176227e-04
1.185965243274099e-03
1.419755757445567e-03
1.698294704929147e-03
2.029835102258608e-03
2.424267950447916e-03
2.893000896213418e-03
3.449030130355196e-03
4.108396558941256e-03
4.889664033066110e-03
5.813829320741841e-03
6.904493242383015e-03
8.191681745021009e-03
9.708119087413938e-03
1.149142651565179e-02
1.358626235448296e-02
1.604171206138575e-02
1.891573149286432e-02
2.227271993301504e-02
2.618591558794029e-02
3.073881799992877e-02
3.602386948706199e-02
4.214169711770061e-02
4.921004335466088e-02
5.735088662086027e-02
6.670332992553460e-02
7.740708223389159e-02
8.962557960951247e-02
1.035176252143819e-01
1.192607177339567e-01
1.370032285366103e-01
1.569250780314273e-01
1.791949625113358e-01
2.039411324521410e-01
2.312946681864881e-01
2.613408605949811e-01
2.941195013522961e-01
3.296207170481646e-01
3.677621889543879e-01
4.083718737528682e-01
4.512065072693198e-01
4.959083472297680e-01
5.420333706932666e-01
5.890241195783441e-01
6.362147490404159e-01
6.828929604187191e-01
7.282773440521874e-01
7.715874017692381e-01
8.120505615485641e-01
8.490012759539921e-01
8.818879892625310e-01
9.103318012384989e-01
9.341709709370766e-01
9.534508225199922e-01
9.684506404671805e-01
9.796057706791425e-01
9.875049942717127e-01
9.927947369846084e-01
9.961213984556350e-01
9.980701027543191e-01
9.991227276281524e-01
9.996409405836943e-01
9.998702380903467e-01
9.999578146168775e-01
9.999876185670578e-01
9.999968307479825e-01
9.999993029394413e-01
9.999998704895245e-01
9.999999800274078e-01
9.999999974809408e-01
9.999999997474727e-01
9.999999999798569e-01
9.999999999988493e-01
9.999999999999335e-01
1.000000000000001e+00
9.999999999999991e-01
1.000000000000000e+00
9.999999999999999e-01
1.000000000000000e+00
1.000000000000000e+00
1.000000000000000e+00
1.000000000000000e+00
1.000000000000000e+00
1.000000000000000e+00
1.000000000000000e+00
1.000000000000000e+00
1.000000000000000e+00
1.000000000000000e+00
###1.040000000000000e+01
5.634066965855750e-09
7.122484140513016e-09
8.950894339695476e-09
1.113411711770887e-08
1.381201579217042e-08
1.709528694331936e-08
2.108490571211386e-08
2.594475860951870e-08
3.187120170613762e-08
3.909904746112637e-08
4.790242484509917e-08
5.863425260463277e-08
7.171851985067953e-08
8.766464112030804e-08
1.071051587922304e-07
1.307745336804675e-07
1.596007509502999e-07
1.947043514907430e-07
2.374409627978989e-07
2.894425491352251e-07
3.528371591696618e-07
4.297076635714148e-07
5.232917460098025e-07
6.371441813106707e-07
7.754469953736693e-07
9.435128704478736e-07
1.147732300548344e-06
1.395752398941575e-06
1.696841181923471e-06
2.062303224573532e-06
2.505793513275838e-06
3.043725214011295e-06
3.696226142523810e-06
4.486936153840420e-06
5.445635324913768e-06
6.606340094982819e-06
8.012323977926006e-06
9.714390802100888e-06
1.177450682185697e-05
1.426560200676437e-05
1.727829896810364e-05
2.091982879689443e-05
2.531960907351957e-05
3.063323185003751e-05
3.704851049507429e-05
4.478803612500830e-05
5.412242669875764e-05
6.537716474703342e-05
7.893612472743193e-05
9.526414683182627e-05
1.149209660504033e-04
1.385648095915539e-04
1.670002322454183e-04
2.011630611893116e-04
2.421913889711960e-04
2.914313053078071e-04
3.505189028897165e-04
4.213119622279163e-04
5.060755905743364e-04
6.075755762456754e-04
7.289721472977870e-04
8.740668534046489e-04
1.047290714839492e-03
1.253923296561643e-03
1.500426628814568e-03
1.793953041519509e-03
2.143141031138396e-03
2.558336320715325e-03
3.051457490759181e-03
3.636067758075188e-03
4.328903015890859e-03
5.149310605778889e-03
6.119145398335630e-03
7.262936405202661e-03
8.611890803590658e-03
1.019998265010330e-02
1.206613943537112e-02
1.425663902208840e-02
1.682217679461341e-02
1.982272150245995e-02
2.332423895141309e-02
2.740250497162208e-02
3.214307315514352e-02
3.764064189253303e-02
4.399816288585479e-02
5.133580352211696e-02
5.977785418219904e-02
6.946475267536836e-02
8.053861775136892e-02
9.316372466909904e-02
1.074992915047887e-01
1.237226760139118e-01
1.419798436146610e-01
1.624487278287255e-01
1.852925956275207e-01
2.106335734788285e-01
2.385940106393943e-01
2.692480503119240e-01
3.026218099123608e-01
3.386894350054968e-01
3.773502101438062e-01
4.184117181710834e-01
4.616094460377397e-01
5.065639108847291e-01
5.528105712498101e-01
5.997739613805575e-01
6.467747908508039e-01
6.930925928752398e-01
7.379491290644493e-01
7.805721060127804e-01
8.202100102718383e-01
8.562275723095247e-01
8.881123017942860e-01
9.155303822609773e-01
9.383656433899367e-01
9.567089611157187e-01
9.708744113948412e-01
9.813246501168195e-01
9.886600473669519e-01
9.935251871030637e-01
9.965526474829089e-01
9.983055226267827e-01
9.992402108625337e-01
9.996937741477394e-01
9.998912499665858e-01
9.999652986768155e-01
9.999900108817275e-01
9.999974965982885e-01
9.999994619717200e-01
9.999999024879737e-01
9.999999853610599e-01
9.999999982066973e-01
9.999999998257125e-01
9.999999999865573e-01
9.999999999992581e-01
9.999999999999586e-01
1.000000000000001e+00
9.999999999999994e-01
1.000000000000000e+00
9.999999999999999e-01
1.000000000000000e+00
1.000000000000000e+00
1.000000000000000e+00
1.000000000000000e+00
1.000000000000000e+00
1.000000000000000e+00
1.000000000000000e+00
1.000000000000000e+00
1.000000000000000e+00
1.000000000000000e+00
###1.059999999999999e+01
6.050611230524420e-09
7.647530346586282e-09
9.610873490199420e-09
1.195457039040912e-08
1.482890911734524e-08
1.835250365856048e-08
2.263328722897974e-08
2.784681685847961e-08
3.420336933483791e-08
4.195430557007353e-08
5.139287290519768e-08
6.289668919747109e-08
7.691943760724808e-08
9.400575801667665e-08
1.148321205399384e-07
1.401833444882012e-07
1.710512055862793e-07
2.086328895329497e-07
2.543763211992771e-07
3.100240113054643e-07
3.778488865564207e-07
4.600715659808529e-07
5.601472474056135e-07
6.818694093414765e-07
8.296958062148699e-07
1.009290696345366e-06
1.227465192530761e-06
1.492368670690577e-06
1.813865540560537e-06
2.204000031539145e-06
2.677305334632740e-06
3.251246683873104e-06
3.947237386888629e-06
4.790414107297600e-06
5.812406681712447e-06
7.049455596585934e-06
8.547443067249730e-06
1.036035113284024e-05
1.255396527777207e-05
1.520565028105837e-05
1.841160334800345e-05
2.228547848461421e-05
2.696447076277790e-05
3.261344248962955e-05
3.943137913209458e-05
4.765371754644546e-05
5.756703888061548e-05
6.951555833472936e-05
8.390519611679930e-05
1.012271113325554e-04
1.220726352921340e-04
1.471366521099910e-04
1.772682747187005e-04
2.134544519419559e-04
2.568950062334344e-04
3.090081930364420e-04
3.715172620257039e-04
4.463770478120451e-04
5.359685184680491e-04
6.432013334501541e-04
7.713945745973490e-04
9.245393271408126e-04
1.107283775771212e-03
1.325161143705852e-03
1.584949366022069e-03
1.894128728706336e-03
2.261736873671804e-03
2.698590158650666e-03
3.217135345115398e-03
3.831520899101609e-03
4.559199853452518e-03
5.420326903295750e-03
6.437639402518346e-03
7.636619102250921e-03
9.049686405421149e-03
1.071209333677997e-02
1.266410531336360e-02
1.495365003809853e-02
1.763306336680563e-02
2.076434622601919e-02
2.441507774501442e-02
2.866356219426961e-02
3.359743389014468e-02
3.931364728191056e-02
4.591745501767693e-02
5.353143061381819e-02
6.228208354725430e-02
7.231117986413618e-02
8.376304245257772e-02
9.680268395993823e-02
1.115895234875103e-01
1.283005348144853e-01
1.470784163827538e-01
1.681004237822431e-01
1.915224104736447e-01
2.174603887490793e-01
2.460275541204363e-01
2.772864098977156e-01
3.112489300784395e-01
3.478728539704641e-01
3.870387414015257e-01
4.285336166728609e-01
4.720717235799313e-01
5.172521113575701e-01
5.635902850102890e-01
6.104936801704756e-01
6.572708214457246e-01
7.031947949465973e-01
7.474919312016224e-01
7.894004850057021e-01
8.281917497050254e-01
8.632622948482273e-01
8.941397619022814e-01
9.205356927546903e-01
9.423792089707319e-01
9.598050748851886e-01
9.731604879215958e-01
9.829325975361479e-01
9.897307998853638e-01
9.941955739278436e-01
9.969440622746470e-01
9.985165699785968e-01
9.993440825230696e-01
9.997397652390818e-01
9.999092201557166e-01
9.999715798181230e-01
9.999919795797231e-01
9.999980329329573e-01
9.999995870845192e-01
9.999999270387361e-01
9.999999893428232e-01
9.999999987327105e-01
9.999999998806461e-01
9.999999999911062e-01
9.999999999995253e-01
9.999999999999746e-01
1.000000000000000e+00
9.999999999999997e-01
1.000000000000000e+00
1.000000000000000e+00
1.000000000000000e+00
1.000000000000000e+00
1.000000000000000e+00
1.000000000000000e+00
1.000000000000000e+00
1.000000000000000e+00
1.000000000000000e+00
1.000000000000000e+00
1.000000000000000e+00
1.000000000000000e+00
###1.079999999999999e+01
6.494475192964645e-09
8.207075101827432e-09
1.031422610592492e-08
1.282890188784675e-08
1.591250878668334e-08
1.969208112434435e-08
2.428293004768485e-08
2.987301845050559e-08
3.668741579963781e-08
4.499506249039607e-08
5.510949958147392e-08
6.743456835201693e-08
8.245547605453484e-08
1.007542400649995e-07
1.230539365878430e-07
1.501927771896852e-07
1.832301815430156e-07
2.234445812613413e-07
2.723817094987676e-07
3.319011882035096e-07
4.044294041170536e-07
4.923327455050354e-07
5.992967664881621e-07
7.293674877531326e-07
8.872943103271761e-07
1.079113336413012e-06
1.312080382884178e-06
1.594871102273038e-06
1.937993605699558e-06
2.354259766359577e-06
2.859134550793214e-06
3.471193601855588e-06
4.213206672842343e-06
5.111888764342788e-06
6.200822434452347e-06
7.518586649596869e-06
9.113817659299417e-06
1.104384252983967e-05
1.337846775590904e-05
1.619972573684036e-05
1.960967532053617e-05
2.372872685895808e-05
2.870224870660800e-05
3.470484255212687e-05
4.194722204491297e-05
5.067831726674574e-05
6.120144648381380e-05
7.388047566772593e-05
8.914442425820311e-05
1.075120288239757e-04
1.296077024903986e-04
1.561646880704582e-04
1.880787078916344e-04
2.263901415432348e-04
2.723633047296844e-04
3.274917991496670e-04
3.935898257506633e-04
4.727133722303018e-04
5.673642321429863e-04
6.806018216148566e-04
8.159105372890261e-04
9.774785525359677e-04
1.170179650563307e-03
1.399810541636603e-03
1.673476603985700e-03
1.998998216494817e-03
2.385826177424645e-03
2.845263762401613e-03
3.390303522520273e-03
4.035697735007425e-03
4.799639127441166e-03
5.703113980405473e-03
6.769766804085829e-03
8.026056815801361e-03
9.505649869588784e-03
1.124510430687097e-02
1.328605467345556e-02
1.567810884326758e-02
1.847527265099187e-02
2.174159886889053e-02
2.554632230164746e-02
2.997026807504532e-02
3.510317341551085e-02
4.104424555487426e-02
4.790101100767288e-02
5.579842447744417e-02
6.486511959899369e-02
7.524416800539704e-02
8.708189356461472e-02
1.005439285745897e-01
1.157896712079605e-01
1.329954560778290e-01
1.523004691951942e-01
1.738807162624347e-01
1.978845091272470e-01
2.244211322094208e-01
2.535941972596311e-01
2.854540346719918e-01
3.199981437873583e-01
3.571673206535319e-01
3.968231422039998e-01
4.387319281415369e-01
4.825867345359062e-01
5.279654752245339e-01
5.743643345752245e-01
6.211746302550020e-01
6.676940326366967e-01
7.131909313772921e-01
7.568977301426153e-01
7.980655033335613e-01
8.359900900983522e-01
8.701013800667531e-01
8.999680884667952e-01
9.253472536109549e-01
9.462128004685898e-01
9.627416333769399e-01
9.753122013863219e-01
9.844333419938920e-01
9.907209267002218e-01
9.948091548890517e-01
9.972982590923267e-01
9.987051475757148e-01
9.994355896101343e-01
9.997796419396674e-01
9.999245221722255e-01
9.999768262262482e-01
9.999935912316216e-01
9.999984624895292e-01
9.999996849120153e-01
9.999999457486621e-01
9.999999922937787e-01
9.999999991109677e-01
9.999999999188930e-01
9.999999999941669e-01
9.999999999996982e-01
9.999999999999848e-01
1.000000000000000e+00
9.999999999999998e-01
1.000000000000000e+00
1.000000000000000e+00
1.000000000000000e+00
1.000000000000000e+00
1.000000000000000e+00
1.000000000000000e+00
1.000000000000000e+00
1.000000000000000e+00
1.000000000000000e+00
1.000000000000000e+00
1.000000000000000e+00
1.000000000000000e+00
###1.099999999999999e+01
6.967251389297161e-09
8.803129791237806e-09
1.106348068461908e-08
1.376025091877146e-08
1.706669685059660e-08
2.111880520305289e-08
2.603970697510091e-08
3.203054719236251e-08
3.933225912354597e-08
4.823199650862667e-08
5.906528636483151e-08
7.226364928262394e-08
8.834574575120721e-08
1.079332384014167e-07
1.317986298267694e-07
1.608367180953479e-07
1.961786242039570e-07
2.391888758017228e-07
2.915167867402440e-07
3.551460205182357e-07
4.326654413845160e-07
5.265956345862301e-07
6.408660050052195e-07
7.797896594518507e-07
9.484243553275205e-07
1.153199319066201e-06
1.401840343829258e-06
1.703579180459008e-06
2.069603417161485e-06
2.513535754623801e-06
3.051824459394900e-06
3.704216707847222e-06
4.494913014578080e-06
5.452292079048142e-06
6.611996803881571e-06
8.015064659568442e-06
9.713037573479426e-06
1.176676215712725e-05
1.425027678785816e-05
1.725052433835671e-05
2.087572536425839e-05
2.525339420537934e-05
3.053748542053877e-05
3.691282893839457e-05
4.460244584013055e-05
5.386943495828664e-05
6.503465575935888e-05
7.848258053377060e-05
9.466642391551093e-05
1.141338073151235e-04
1.375437685803633e-04
1.656696754296971e-04
1.994559876263553e-04
2.399989086572379e-04
2.886301108574307e-04
3.469218338587069e-04
4.167831561388643e-04
5.003754552421965e-04
6.003264700322469e-04
7.198514573576052e-04
8.626067848089607e-04
1.032985493297388e-03
1.236095642026990e-03
1.478007516425267e-03
1.766165822287872e-03
2.108743435859333e-03
2.515618668000741e-03
2.998598367013430e-03
3.571238842213799e-03
4.248915077676555e-03
5.050582447255708e-03
5.998083407075606e-03
7.115994571502276e-03
8.431777504389452e-03
9.980375941884088e-03
1.179968300803437e-02
1.393273308745135e-02
1.643084448483627e-02
1.934972144980907e-02
2.275548841604120e-02
2.671907395919695e-02
3.132381757763587e-02
3.666157716889697e-02
4.283380601782297e-02
4.995027376220277e-02
5.813828515548052e-02
6.752850027287359e-02
7.826525850281722e-02
9.049668241273720e-02
1.043888912484468e-01
1.201010317432341e-01
1.378085343017920e-01
1.576468058531284e-01
1.797900490933275e-01
2.043788606660484e-01
2.315152006363455e-01
2.612926557861429e-01
2.937487076826936e-01
3.288665106538167e-01
3.665689520264879e-01
4.066985414878507e-01
4.490007918963353e-01
4.931476790600019e-01
5.386963759893683e-01
5.851244484870103e-01
6.318081483820116e-01
6.780356902189585e-01
7.230725481083423e-01
7.661587907492264e-01
8.065605160537668e-01
8.435998227652800e-01
8.767413111697790e-01
9.055955791488608e-01
9.299651535056144e-01
9.498680727693668e-01
9.655215374602250e-01
9.773332118115948e-01
9.858308252279704e-01
9.916342070337669e-01
9.953692056058143e-01
9.976178162498714e-01
9.988730946499762e-01
9.995159141021769e-01
9.998140810659985e-01
9.999374955429211e-01
9.999811874466070e-01
9.999949037240555e-01
9.999988045748371e-01
9.999997609350519e-01
9.999999599119939e-01
9.999999944649974e-01
9.999999993808608e-01
9.999999999453005e-01
9.999999999962081e-01
9.999999999998092e-01
9.999999999999911e-01
1.000000000000000e+00
9.999999999999999e-01
1.000000000000000e+00
1.000000000000000e+00
1.000000000000000e+00
1.000000000000000e+00
1.000000000000000e+00
1.000000000000000e+00
1.000000000000000e+00
1.000000000000000e+00
1.000000000000000e+00
1.000000000000000e+00
1.000000000000000e+00
1.000000000000000e+00
###1.119999999999999e+01
7.470614536187056e-09
9.437809683654869e-09
1.186129828802316e-08
1.475191880286848e-08
1.829555543524370e-08
2.263770801729415e-08
2.790979237907245e-08
3.432695494302024e-08
4.214699830907482e-08
5.167632979356299e-08
6.327387355560704e-08
7.740048807598999e-08
9.461032013296917e-08
1.155670667318712e-07
1.410956234989623e-07
1.721507400291126e-07
2.099395081562296e-07
2.559176874245744e-07
3.118441410751323e-07
3.798340112371989e-07
4.626479444881783e-07
5.629697177144396e-07
6.849867147622919e-07
8.332944085248259e-07
1.013276448541392e-06
1.231777523327031e-06
1.497019919516497e-06
1.818822753787921e-06
2.209090621042700e-06
2.682302282175790e-06
3.255943326179264e-06
3.950996452199312e-06
4.793170758110101e-06
5.812597985257760e-06
7.047093862559528e-06
8.540280171324256e-06
1.034676272317601e-05
1.253109022120836e-05
1.517175314486748e-05
1.836085822820988e-05
2.221310121207757e-05
2.686346279799344e-05
3.247491429870493e-05
3.924302348975070e-05
4.740372297932897e-05
5.723498106202582e-05
6.907603801358776e-05
8.333296516562226e-05
1.004843113806734e-04
1.211079409539240e-04
1.458991189240227e-04
1.756731704843969e-04
2.114254991853319e-04
2.543106126251430e-04
3.057305050371558e-04
3.673394604935904e-04
4.411454956234774e-04
5.294197559402448e-04
6.349212042754276e-04
7.610272243916386e-04
9.115730099725172e-04
1.091164479547295e-03
1.305152892592758e-03
1.559892461493667e-03
1.863179452039988e-03
2.223551913431595e-03
2.651330371097549e-03
3.158842272693328e-03
3.760226012124783e-03
4.471498503884066e-03
5.312401108772117e-03
6.305657394939298e-03
7.476801284779284e-03
8.854321696119492e-03
1.047447285689485e-02
1.237651120289585e-02
1.460490114373691e-02
1.721270151039384e-02
2.025734228919238e-02
2.380703931120653e-02
2.793444891977266e-02
3.272541914273389e-02
3.827394191980260e-02
4.468370621335475e-02
5.206669011012665e-02
6.055251100616960e-02
7.027375427487084e-02
8.137597473414845e-02
9.400889101394984e-02
1.083389621410950e-01
1.245248440467972e-01
1.427407878773287e-01
1.631181352924420e-01
1.858287483890865e-01
2.110053251009678e-01
2.387418286141829e-01
2.691214627305853e-01
3.021683829088188e-01
3.378508749343439e-01
3.760736397123151e-01
4.166598444340738e-01
4.593341372376098e-01
5.037475757995897e-01
5.494370508341123e-01
5.958622817104859e-01
6.423855774518749e-01
6.882871599281760e-01
7.328313981355041e-01
7.752676880314788e-01
8.148792891983535e-01
8.510162336032500e-01
8.831791222464551e-01
9.110211034941242e-01
9.343900311642476e-01
9.533471741241355e-01
9.681480886919545e-01
9.792274679240289e-01
9.871291622137129e-01
9.924744897268396e-01
9.958789927358876e-01
9.979052556979696e-01
9.990221765422130e-01
9.995861686545248e-01
9.998437073302743e-01
9.999484468319479e-01
9.999847955259817e-01
9.999959670287731e-01
9.999990754573738e-01
9.999998196569714e-01
9.999999705621720e-01
9.999999960510502e-01
9.999999995719482e-01
9.999999999633843e-01
9.999999999975576e-01
9.999999999998795e-01
9.999999999999951e-01
9.999999999999999e-01
1.000000000000000e+00
1.000000000000000e+00
1.000000000000000e+00
1.000000000000000e+00
1.000000000000000e+00
1.000000000000000e+00
1.000000000000000e+00
1.000000000000000e+00
1.000000000000000e+00
1.000000000000000e+00
1.000000000000000e+00
1.000000000000000e+00
1.000000000000000e+00
###1.139999999999999e+01
8.006325194136891e-09
1.011333856196085e-08
1.271047551010769e-08
1.580737605899728e-08
1.960337557381985e-08
2.425407872464106e-08
2.989967527508100e-08
3.677017721320689e-08
4.514128606005967e-08
5.533985135271241e-08
6.774958864641573e-08
8.286247224434142e-08
1.012702772027753e-07
1.236812480218252e-07
1.509758019152413e-07
1.841721749560707e-07
2.245579227612173e-07
2.736853959633383e-07
3.334294160820979e-07
4.060444699104007e-07
4.944722552826690e-07
6.015697438151247e-07
7.317969452772551e-07
8.900477601087927e-07
1.082050112877837e-06
1.315087599083122e-06
1.597906814144257e-06
1.940947012070810e-06
2.356869157976796e-06
2.861055452992918e-06
3.472085368670457e-06
4.212244160865907e-06
5.108830957889052e-06
6.193824022729244e-06
7.507329447730259e-06
9.095685122658337e-06
1.101672580562209e-05
1.333889312075393e-05
1.614535952902751e-05
1.953365993240448e-05
2.362529286260372e-05
2.856308272564897e-05
3.451946656771092e-05
4.170128089684247e-05
5.035799935302336e-05
6.078318790912628e-05
7.333534198417212e-05
8.844316385565519e-05
1.066117204596292e-04
1.284505291768762e-04
1.546927452411386e-04
1.861975529098915e-04
2.240135859890808e-04
2.693562260868306e-04
3.237008591159480e-04
3.887873383409171e-04
4.667268150044007e-04
5.599035645123731e-04
6.712167014964488e-04
8.042087415108953e-04
9.629019246635351e-04
1.152123291655681e-03
1.377476476636465e-03
1.645610238553585e-03
1.964684985531498e-03
2.343616889502959e-03
2.793183738161484e-03
3.326250976988595e-03
3.957557765791203e-03
4.703782494397114e-03
5.585476232133347e-03
6.626268929081250e-03
7.852677255185623e-03
9.294242588642148e-03
1.098856240748354e-02
1.297628499842577e-02
1.530333441971800e-02
1.802453986732150e-02
2.119908322122154e-02
2.489729114900349e-02
2.919357778594269e-02
3.417629405415336e-02
3.994157492917871e-02
4.659533083815226e-02
5.425170949306648e-02
6.304260988581459e-02
7.310239914113147e-02
8.457781960773365e-02
9.761996921604786e-02
1.123954855392713e-01
1.290622852490868e-01
1.477931550709768e-01
1.687150671829039e-01
1.919970181488907e-01
2.177635594233436e-01
2.461000844624825e-01
2.770789648291918e-01
3.107105850283002e-01
3.469478646202209e-01
3.856770522281085e-01
4.267017376866871e-01
4.697256921828614e-01
5.143792745341875e-01
5.601796172503959e-01
6.065694360262477e-01
6.528982899961515e-01
6.984399328939950e-01
7.424594665180602e-01
7.842173306121080e-01
8.230160183294605e-01
8.582351140787075e-01
8.894123998484762e-01
9.162440934045799e-01
9.386230551993241e-01
9.566527157866327e-01
9.706249470393294e-01
9.809991675218576e-01
9.883326032112164e-01
9.932456607999534e-01
9.963417495227163e-01
9.981630272229238e-01
9.991540765185225e-01
9.996473940914666e-01
9.998690896457485e-01
9.999576509033553e-01
9.999877662555663e-01
9.999968239722428e-01
9.999992887434234e-01
9.999998647331618e-01
9.999999785174908e-01
9.999999972013659e-01
9.999999997062052e-01
9.999999999756668e-01
9.999999999984421e-01
9.999999999999238e-01
9.999999999999976e-01
9.999999999999998e-01
1.000000000000000e+00
1.000000000000000e+00
1.000000000000000e+00
1.000000000000000e+00
1.000000000000000e+00
1.000000000000000e+00
1.000000000000000e+00
1.000000000000000e+00
1.000000000000000e+00
1.000000000000000e+00
1.000000000000000e+00
1.000000000000000e+00
1.000000000000000e+00
###1.159999999999999e+01
8.576233665503410e-09
1.083205383763411e-08
1.361395159993784e-08
1.693027010666188e-08
2.099466672230101e-08
2.597347525247655e-08
3.201617370561401e-08
3.936855087170108e-08
4.832529272555347e-08
5.923494297191864e-08
7.250747717446200e-08
8.866785765571525e-08
1.083477436585749e-07
1.323025719238351e-07
1.614715741116051e-07
1.969401906429572e-07
2.400815317011190e-07
2.925490763613943e-07
3.563414375677547e-07
4.338601056159293e-07
5.282382958307084e-07
6.425159444852163e-07
7.814413152324042e-07
9.502235860309816e-07
1.154954250227094e-06
1.403380398104901e-06
1.704802102501603e-06
2.070313098039709e-06
2.513371977316919e-06
3.050313966190080e-06
3.700871750524486e-06
4.488703226008355e-06
5.442782755550948e-06
6.597032962857065e-06
7.993973063688908e-06
9.682795072883856e-06
1.172473492137479e-05
1.419232654412355e-05
1.717366419672154e-05
2.077198682492050e-05
2.511593738243901e-05
3.035657749684227e-05
3.667627772240830e-05
4.429369620018655e-05
5.347250320571871e-05
6.452261938888602e-05
7.782270523527854e-05
9.382516624703525e-05
1.130628174497739e-04
1.361782921823753e-04
1.639443642878119e-04
1.972660456876604e-04
2.372475721511249e-04
2.851678587649073e-04
3.425788595969749e-04
4.113096410068531e-04
4.935788012029135e-04
5.918828421922278e-04
7.092834987795681e-04
8.494782917343631e-04
1.016689301398497e-03
1.215973216750679e-03
1.453195467979015e-03
1.735310255807338e-03
2.070855064290307e-03
2.469137415094064e-03
2.941407751440266e-03
3.501087286341952e-03
4.163534978341656e-03
4.946110551105175e-03
5.870198877033766e-03
6.960361874975840e-03
8.244124619081434e-03
9.752106119517965e-03
1.152327998584761e-02
1.359971483148947e-02
1.602882340683173e-02
1.886723474758708e-02
2.217590756126841e-02
2.602729829429990e-02
3.049760501183773e-02
3.567767570216344e-02
4.166579298244490e-02
4.857007049806780e-02
5.650678237024276e-02
6.561005702676070e-02
7.601593889299794e-02
8.787227284707079e-02
1.013313315637705e-01
1.165597562870853e-01
1.337144666634896e-01
1.529664896667504e-01
1.744381071253953e-01
1.982949351410781e-01
2.246530944060875e-01
2.535888650517935e-01
2.851633175051621e-01
3.193726312710702e-01
3.561538887811485e-01
3.953746364897888e-01
4.368186941327560e-01
4.801689920708284e-01
5.250354687711738e-01
5.709160896612092e-01
6.172374814507999e-01
6.633377113588989e-01
7.084856504410528e-01
7.519489945415397e-01
7.930009825915127e-01
8.309653444450057e-01
8.652527697037770e-01
8.954392817209824e-01
9.212645309908026e-01
9.426659016651323e-01
9.597877402517350e-01
9.729560967289286e-01
9.826527185692474e-01
9.894454975323993e-01
9.939516134429974e-01
9.967606540366707e-01
9.983934951689851e-01
9.992703895952918e-01
9.997005580221722e-01
9.998907509820589e-01
9.999653527533354e-01
9.999902005220835e-01
9.999975110075766e-01
9.999994557292029e-01
9.999998991237183e-01
9.999999844205091e-01
9.999999980297315e-01
9.999999997998152e-01
9.999999999839424e-01
9.999999999990168e-01
9.999999999999515e-01
9.999999999999991e-01
9.999999999999998e-01
1.000000000000000e+00
1.000000000000000e+00
1.000000000000000e+00
1.000000000000000e+00
1.000000000000000e+00
1.000000000000000e+00
1.000000000000000e+00
1.000000000000000e+00
1.000000000000000e+00
1.000000000000000e+00
1.000000000000000e+00
1.000000000000000e+00
1.000000000000000e+00
###1.179999999999999e+01
9.182284094293127e-09
1.159641211448625e-08
1.457481500525872e-08
1.812443334067318e-08
2.247416671525125e-08
2.780173652805651e-08
3.426644968036798e-08
4.213083232740201e-08
5.170969911844793e-08
6.337460591755598e-08
7.756333495927588e-08
9.483580731596994e-08
1.158659418471217e-07
1.414591494218250e-07
1.726169405393336e-07
2.104958712284482e-07
2.565596505672063e-07
3.125685712436311e-07
3.806523523329193e-07
4.633678408934330e-07
5.640507621708420e-07
6.859342670318133e-07
8.340712807529463e-07
1.014003939957279e-06
1.232207537893392e-06
1.496918445177151e-06
1.818020789389263e-06
2.207298764516665e-06
2.679051822817059e-06
3.250619994324615e-06
3.942951684745521e-06
4.781150431894257e-06
5.795954931422393e-06
7.023334616624574e-06
8.508350034904498e-06
1.030319157830337e-05
1.247267666058295e-05
1.509363907315731e-05
1.825934490901970e-05
2.207902563906811e-05
2.668882464106890e-05
3.224845076040108e-05
3.895069541024189e-05
4.702661403342854e-05
5.675475610305395e-05
6.846218368448266e-05
8.254866902167849e-05
9.949143474066883e-05
1.198523215270043e-04
1.443085972322245e-04
1.736744461032243e-04
2.089027493078554e-04
2.511558024033346e-04
3.017788053299972e-04
3.624035683331230e-04
4.349521362207999e-04
5.217550019704487e-04
6.254259350952978e-04
7.491945999795282e-04
8.969209514412226e-04
1.073034103022893e-03
1.282829175488906e-03
1.532443070881044e-03
1.829146603625465e-03
2.181867620694315e-03
2.600318499452004e-03
3.096238076869971e-03
3.683621473108433e-03
4.378466825623676e-03
5.198835356027963e-03
6.166970196237897e-03
7.308391123542245e-03
8.651657464629927e-03
1.022849106931960e-02
1.207927464525160e-02
1.424752549329934e-02
1.678217346507230e-02
1.974167645772846e-02
2.318879365031114e-02
2.719812951042080e-02
3.184768835670187e-02
3.723080883951960e-02
4.344792139448746e-02
5.060932041647011e-02
5.883335847605638e-02
6.825633220304328e-02
7.901586148518767e-02
9.126078819205920e-02
1.051444395203977e-01
1.208330162839329e-01
1.384824299672283e-01
1.582615569475491e-01
1.802876524572742e-01
2.047224452134381e-01
2.316733147137279e-01
2.612068933238289e-01
2.933724829236131e-01
3.281516308475763e-01
3.654651390342001e-01
4.051616218007092e-01
4.470049799825658e-01
4.906573901697605e-01
5.357087101590298e-01
5.816383976473940e-01
6.278579793371234e-01
6.736953437674189e-01
7.184161291449713e-01
7.612925032609281e-01
8.016122843354221e-01
8.387223681184065e-01
8.720660280521926e-01
9.012584533086043e-01
9.260829341439204e-01
9.465207297014255e-01
9.627556884607372e-01
9.751458093725285e-01
9.841927013408005e-01
9.904722592504673e-01
9.945962205327369e-01
9.971388100936703e-01
9.985989275672912e-01
9.993726182855754e-01
9.997465546903627e-01
9.999091636846879e-01
9.999717693936094e-01
9.999921856289178e-01
9.999980589535457e-01
9.999995857260093e-01
9.999999252019047e-01
9.999999887717687e-01
9.999999986220426e-01
9.999999998645897e-01
9.999999999894745e-01
9.999999999993868e-01
9.999999999999687e-01
1.000000000000000e+00
9.999999999999998e-01
1.000000000000000e+00
1.000000000000000e+00
1.000000000000000e+00
1.000000000000000e+00
1.000000000000000e+00
1.000000000000000e+00
1.000000000000000e+00
1.000000000000000e+00
1.000000000000000e+00
1.000000000000000e+00
1.000000000000000e+00
1.000000000000000e+00
1.000000000000000e+00
###1.199999999999999e+01
9.826518652226344e-09
1.240899230676188e-08
1.559631004554908e-08
1.939389138199292e-08
2.404685193663632e-08
2.974499496737244e-08
3.665802442399530e-08
4.506626469826803e-08
5.530571890689430e-08
6.777248810526447e-08
8.293374097578778e-08
1.013864308587812e-07
1.238492369241781e-07
1.511804692734052e-07
1.844475605887647e-07
2.248822967953754e-07
2.740442104971640e-07
3.338066049355602e-07
4.064377674388021e-07
4.946586371763641e-07
6.020193217481068e-07
7.319566130668862e-07
8.898454191386668e-07
1.081579392425399e-06
1.314038828402337e-06
1.595976412652677e-06
1.937892372450569e-06
2.352299042387131e-06
2.854382023106819e-06
3.462540508832439e-06
4.199003537055296e-06
5.090397102253635e-06
6.169317417283242e-06
7.473887652298094e-06
9.051843623309368e-06
1.095852435661064e-05
1.326251850350025e-05
1.604517477575148e-05
1.940519305807461e-05
2.345809730445934e-05
2.834790295194989e-05
3.424339272559428e-05
4.134828691546435e-05
4.990663733237545e-05
6.021258305180908e-05
7.261114493699630e-05
8.752419189375689e-05
1.054549203062844e-04
1.269955227998069e-04
1.528594779331925e-04
1.839042380122491e-04
2.211326688290586e-04
2.657676735538928e-04
3.192235831248998e-04
3.832154635207885e-04
4.597622322207661e-04
5.513108746971187e-04
6.605975871914471e-04
7.910255367190746e-04
9.466246639882201e-04
1.132038564619828e-03
1.352809813334334e-03
1.615356720606358e-03
1.927278164623510e-03
2.297905997606059e-03
2.737371238931273e-03
3.257917201623210e-03
3.874131420781452e-03
4.602670935634469e-03
5.462318926868099e-03
6.476201592716510e-03
7.670822746296697e-03
9.075801980983535e-03
1.072398919914854e-02
1.265720921905209e-02
1.492045620075319e-02
1.756420485050655e-02
2.064877039192744e-02
2.423873475744676e-02
2.841086778914844e-02
3.324499861875824e-02
3.883694922931963e-02
4.528930801919302e-02
5.271447996010986e-02
6.123288648090672e-02
7.098291068073230e-02
8.210363926494729e-02
9.474479721865899e-02
1.090609445959424e-01
1.252164612647853e-01
1.433672360731806e-01
1.636790353150597e-01
1.862640597920125e-01
2.112793634324511e-01
2.388234520124842e-01
2.689527180989459e-01
3.017042306810949e-01
3.370444869320083e-01
3.748775934974461e-01
4.150330262493481e-01
4.572546641816748e-01
5.011840704341167e-01
5.463914248876305e-01
5.923384076623232e-01
6.384224929192437e-01
6.839627908661441e-01
7.282233860717539e-01
7.704828169036685e-01
8.100452722473270e-01
8.462826686677740e-01
8.786722412927481e-01
9.068691419361988e-01
9.307003399778550e-01
9.501901554820792e-01
9.655603661908737e-01
9.771986071844724e-01
9.856238317679278e-01
9.914173349873544e-01
9.951756326962917e-01
9.974792307915626e-01
9.987814875322368e-01
9.994621697113319e-01
9.997862058212914e-01
9.999247526136158e-01
9.999770918700123e-01
9.999937966972566e-01
9.999984936902919e-01
9.999996863546848e-01
9.999999448564915e-01
9.999999919580731e-01
9.999999990425937e-01
9.999999999087175e-01
9.999999999931418e-01
9.999999999996232e-01
9.999999999999792e-01
1.000000000000001e+00
9.999999999999997e-01
1.000000000000000e+00
1.000000000000000e+00
1.000000000000000e+00
1.000000000000000e+00
1.000000000000000e+00
1.000000000000000e+00
1.000000000000000e+00
1.000000000000000e+00
1.000000000000000e+00
1.000000000000000e+00
1.000000000000000e+00
1.000000000000000e+00
1.000000000000000e+00
###1.219999999999999e+01
1.051108199870946e-08
1.327250378100721e-08
1.668184403022502e-08
2.074287192968378e-08
2.571795078106191e-08
3.180969001687749e-08
3.919885127962951e-08
4.818469738895420e-08
5.912512339538066e-08
7.244291340277630e-08
8.863609203189106e-08
1.083408262740435e-07
1.323231863415777e-07
1.614974582052836e-07
1.970008288028626e-07
2.401446302431818e-07
2.925897160423442e-07
3.563289066733190e-07
4.337768930544297e-07
5.278274457547154e-07
6.422588208409764e-07
7.807210818008406e-07
9.489297216720566e-07
1.153149375065055e-06
1.400687557746055e-06
1.700841604450645e-06
2.064761415341593e-06
2.505726919211796e-06
3.039857293089901e-06
3.686667770595880e-06
4.469735941323987e-06
5.417290499332678e-06
6.563882859962443e-06
7.949901413361039e-06
9.625897171977982e-06
1.165051575119551e-05
1.409631236627419e-05
1.704937760425552e-05
2.061411773925505e-05
2.491266162139770e-05
3.009728478321601e-05
3.634628648471548e-05
4.387484649246042e-05
5.294063582576228e-05
6.385412230874769e-05
7.697913436748919e-05
9.276066270072695e-05
1.117290775887529e-04
1.345082991284420e-04
1.618496538693070e-04
1.946557866275074e-04
2.339817404992947e-04
2.811136621544550e-04
3.375379605292632e-04
4.050564720836897e-04
4.857890101562662e-04
5.823038057601934e-04
6.974647630774641e-04
8.348543876196084e-04
9.986802901624516e-04
1.193808253535875e-03
1.426037571608228e-03
1.702078163291762e-03
2.029868701961739e-03
2.419159044250534e-03
2.880512919320794e-03
3.426694541271957e-03
4.072902733800233e-03
4.836473497902078e-03
5.736932721511868e-03
6.798314813978358e-03
8.048134070767550e-03
9.517096505061549e-03
1.123920525470146e-02
1.325776026957414e-02
1.561926050730729e-02
1.837575254476680e-02
2.158943676152902e-02
2.532673868525248e-02
2.966660983677796e-02
3.469071896781783e-02
4.049736325349875e-02
4.719134688617542e-02
5.488695172006242e-02
6.370681157749260e-02
7.379125658858542e-02
8.528072354181729e-02
9.832569683875451e-02
1.130817058691803e-01
1.297112218922425e-01
1.483696985245486e-01
1.692195056869513e-01
1.923674375848918e-01
2.179653657253564e-01
2.461025777778473e-01
2.768247081952679e-01
3.101561334791284e-01
3.460478924883254e-01
3.843870169384637e-01
4.249836598268090e-01
4.675616249419802e-01
5.117420578885202e-01
5.570759278485571e-01
6.030079350967412e-01
6.489226237172595e-01
6.941317806963141e-01
7.378996618514084e-01
7.795130838282408e-01
8.182943956801466e-01
8.536423064723822e-01
8.850692881406397e-01
9.122711076558981e-01
9.351182851716839e-01
9.536772231991387e-01
9.682059077311230e-01
9.791192202394359e-01
9.869509152063835e-01
9.922850896718978e-01
9.957107162221938e-01
9.977846415302269e-01
9.989431972186190e-01
9.995403342460945e-01
9.998202580457963e-01
9.999378957589067e-01
9.999814869252491e-01
9.999950977204332e-01
9.999988367877828e-01
9.999997637997337e-01
9.999999595799778e-01
9.999999942755693e-01
9.999999993391966e-01
9.999999999390807e-01
9.999999999955650e-01
9.999999999997701e-01
9.999999999999865e-01
1.000000000000001e+00
9.999999999999998e-01
1.000000000000000e+00
1.000000000000000e+00
1.000000000000000e+00
1.000000000000000e+00
1.000000000000000e+00
1.000000000000000e+00
1.000000000000000e+00
1.000000000000000e+00
1.000000000000000e+00
1.000000000000000e+00
1.000000000000000e+00
1.000000000000000e+00
1.000000000000000e+00
