#./build/bin/rcbk -ic FILE ./data/ic/10/ic_208_14.dat -rc BALITSKY -alphas_scaling 4.334372341935838 -maxy 12 -fast -output ./data/bks/10/ic_208_14.dat 
# BK equation solver 20160623 (build May 19 2026 14:19:13)
# Heikki Mäntysaari <mantysaari@bnl.gov>, 2011-2016
# Running coupling: Balitsky
# Scaling factor C^2 in alpha_s: 4.33437
# Initial condition is String is not impelmented for the current IC N(r=0.0333803 1/GeV) = 0.000244647
# \alpha_s = 12 \pi / [ (33.0 - 2.0*Nf) * log(4.0*C^2/(r^2*lambdaqcd^2) ], C^2=4.33437, lambdaqcd=0.241 GeV, maxalphas=0.7 nf=3
# Using fast (and not so accurate) parameters
# Solving BK equation up to y=12
# r limits: 1e-05 - 100 points 150 multiplier 1.11424
# maxy 12 ystep 0.2
###1.000000000000000e-05
###1.114242875232510e+00
###150
###0.000000000000000e+00
###0.000000000000000e+00
0.000000000000000e+00
6.194040981576497e-11
7.608338629001058e-11
9.371373328128079e-11
1.153642839914578e-10
1.419707742104887e-10
1.747313207274579e-10
2.150286466282227e-10
2.645946704088238e-10
3.255639572662953e-10
4.005489632394883e-10
4.927640030770410e-10
6.061589731950573e-10
7.455848816425324e-10
9.170020834560895e-10
1.127731240401482e-09
1.386762418093547e-09
1.705137322364932e-09
2.096412720309620e-09
2.577231347234711e-09
3.168027478050171e-09
3.893880933384748e-09
4.785569546516488e-09
5.880869832095504e-09
7.226129597113823e-09
8.878206500777953e-09
1.090686229346657e-08
1.339765532394636e-08
1.645550738686817e-08
2.020910693352385e-08
2.481622354795553e-08
3.047026415671614e-08
3.740836254099604e-08
4.592113557157862e-08
5.636472534933942e-08
6.917564967129973e-08
8.488870038313853e-08
1.041590506841666e-07
1.277895069633446e-07
1.567633360570275e-07
1.922848486982537e-07
2.358294128011930e-07
2.892036820500801e-07
3.546201421798521e-07
4.347889680478023e-07
5.330286519544233e-07
6.534031368002459e-07
8.008908123653905e-07
9.815881617628624e-07
1.202962672274163e-06
1.474164629054385e-06
1.806403275311553e-06
2.213415014046246e-06
2.712040988391943e-06
3.322925190435399e-06
4.071385542004551e-06
4.988489354815654e-06
6.112356556385032e-06
7.489789831033212e-06
9.178288904742590e-06
1.124849923478344e-05
1.378728126798032e-05
1.690150535224029e-05
2.072268180820270e-05
2.541277138492730e-05
3.117137148860025e-05
3.824451697946616e-05
4.693572475671119e-05
5.761965299242681e-05
7.075888944515918e-05
8.692499422529016e-05
1.068245206480952e-04
1.313310969983751e-04
1.615255519633400e-04
1.987455326651899e-04
2.446468274999069e-04
3.012798671565898e-04
3.711843412316953e-04
4.575063136320467e-04
5.641439491701090e-04
6.959277702573561e-04
8.588439012467930e-04
1.060311147736220e-03
1.309523583579331e-03
1.617874618136179e-03
1.999481783299088e-03
2.471834515555678e-03
3.056594461419821e-03
3.780581511465867e-03
4.676986106510603e-03
5.786860636994984e-03
7.160942386157798e-03
8.861876077919937e-03
1.096692421697268e-02
1.357122769541819e-02
1.679171205463858e-02
2.077176274153955e-02
2.568665804406163e-02
3.174982657749396e-02
3.922000830807506e-02
4.840886469130719e-02
5.968882422741877e-02
7.350080214620572e-02
9.035964732002295e-02
1.108561382883263e-01
1.356533640298941e-01
1.654706332891944e-01
2.010523616087695e-01
2.431146155764052e-01
2.922567114946443e-01
3.488416330997847e-01
4.128283802080727e-01
4.835764215654388e-01
5.596663893109607e-01
6.387074915493495e-01
7.173756820392276e-01
7.916662378449870e-01
8.573006234754383e-01
9.108092852575556e-01
9.502400037838251e-01
9.758950592917457e-01
9.902415504324430e-01
9.967839083868537e-01
9.992303716880025e-01
9.998579348898796e-01
9.999820655430937e-01
9.999985837718935e-01
1.000000075137057e+00
9.999999862518931e-01
9.999999656731869e-01
1.000000018629126e+00
9.999999987079260e-01
9.999999959284892e-01
1.000000002158517e+00
9.999999998736607e-01
9.999999995169976e-01
1.000000000249979e+00
9.999999999881415e-01
9.999999999427409e-01
1.000000000028936e+00
9.999999999989566e-01
9.999999999932165e-01
1.000000000003348e+00
9.999999999999184e-01
9.999999999991968e-01
1.000000000000387e+00
9.999999999999952e-01
9.999999999999027e-01
1.000000000000052e+00
1.000000000000000e+00
###2.000000000000000e-01
6.759560521191767e-12
6.892663876717148e-11
8.493898779511522e-11
1.047956578864197e-10
1.291650905254935e-10
1.591698278052305e-10
1.960710650162102e-10
2.414484762901023e-10
2.972546713240035e-10
3.658941114432001e-10
4.503069482547960e-10
5.541195605711325e-10
6.817752592885290e-10
8.387413599942398e-10
1.031727483245510e-09
1.268985874120889e-09
1.560640827669776e-09
1.919138438012968e-09
2.359757015246100e-09
2.901228737633849e-09
3.566614111121231e-09
4.384171612081404e-09
5.388582589664480e-09
6.622483517682568e-09
8.138040696748988e-09
9.999535978318492e-09
1.228556226965913e-08
1.509266290083336e-08
1.853917982129913e-08
2.277039863801054e-08
2.796444599993234e-08
3.433958787461960e-08
4.216389967721760e-08
5.176499147982357e-08
6.354542187049234e-08
7.799934040194822e-08
9.573005906022924e-08
1.174785885984197e-07
1.441532903532578e-07
1.768642942989923e-07
2.169755973817907e-07
2.661563654893961e-07
3.264511890438950e-07
4.003646043326430e-07
4.909591265002275e-07
6.020123823684821e-07
7.381065648346921e-07
9.048948355580342e-07
1.109276662908823e-06
1.359732506664770e-06
1.666601098352427e-06
2.042616546481444e-06
2.503359926889410e-06
3.067900441883417e-06
3.759700946099746e-06
4.607324221693864e-06
5.646184821724511e-06
6.919372775243998e-06
8.479743106953019e-06
1.039266897392840e-05
1.273817819119216e-05
1.561443243825672e-05
1.914183731031085e-05
2.346984354028962e-05
2.878097216470801e-05
3.530040273840679e-05
4.330529265980956e-05
5.313668045165972e-05
6.521787567344098e-05
8.006328870176744e-05
9.831824580672940e-05
1.207741085983093e-04
1.484028361760036e-04
1.824083836261273e-04
2.242868524597966e-04
2.758633633467298e-04
3.394277317171470e-04
4.177669348367305e-04
5.143666317717437e-04
6.335205225983624e-04
7.805048501888310e-04
9.618805750950895e-04
1.185731402564459e-03
1.462073733191268e-03
1.803232410144515e-03
2.224497895753156e-03
2.744709083520524e-03
3.386993864745265e-03
4.180146467533934e-03
5.159455653508165e-03
6.368435218775713e-03
7.860768913880779e-03
9.701965473421354e-03
1.197291384122108e-02
1.477289376466787e-02
1.822244313133753e-02
2.246937812881094e-02
2.769286798811816e-02
3.410976467009708e-02
4.198156804463737e-02
5.161909681790194e-02
6.339524392207584e-02
7.774249788844058e-02
9.516403895987334e-02
1.162316747404635e-01
1.415789525829889e-01
1.718820596516546e-01
2.078321827707730e-01
2.500744052041667e-01
2.991272162510131e-01
3.552696723853748e-01
4.183805111834792e-01
4.877691129042278e-01
5.620175201905085e-01
6.388314226688637e-01
7.150835208887263e-01
7.870701315664779e-01
8.509062004923061e-01
9.034553933766472e-01
9.429602937077592e-01
9.696414962372435e-01
9.855938222256604e-01
9.938569501940947e-01
9.976619744250047e-01
9.991986010202443e-01
9.997650621251473e-01
9.999406365175765e-01
9.999874671959376e-01
9.999977973258237e-01
9.999996672235349e-01
9.999999761370781e-01
9.999999965373739e-01
9.999999973992938e-01
1.000000001163000e+00
9.999999999679867e-01
9.999999997269734e-01
1.000000000130067e+00
9.999999999968366e-01
9.999999999700987e-01
1.000000000014107e+00
9.999999999997214e-01
9.999999999967587e-01
1.000000000001511e+00
9.999999999999788e-01
9.999999999996516e-01
1.000000000000160e+00
9.999999999999990e-01
9.999999999999618e-01
1.000000000000019e+00
1.000000000000000e+00
###4.000000000000000e-01
1.415480950610874e-11
7.674989214845510e-11
9.484413435256543e-11
1.171835743380119e-10
1.446014987485192e-10
1.783825531649876e-10
2.199036459814872e-10
2.709496095004029e-10
3.337182301680186e-10
4.109155886222168e-10
5.058462611337705e-10
6.225959513698994e-10
7.661571372198496e-10
9.426839370513063e-10
1.159722026889965e-09
1.426556536952921e-09
1.754576189732707e-09
2.157789718071736e-09
2.653389594526005e-09
3.262432971378599e-09
4.010900492035091e-09
4.930582015586319e-09
6.060499463089719e-09
7.448731862880168e-09
9.153769054949211e-09
1.124827507407809e-08
1.382060066450233e-08
1.697946388194102e-08
2.085811713823623e-08
2.562022792427454e-08
3.146648882793725e-08
3.864272244008106e-08
4.745122230301339e-08
5.826061207827678e-08
7.152540660661288e-08
8.780159655814242e-08
1.077701479585806e-07
1.322662524664152e-07
1.623148814735256e-07
1.991661291650247e-07
2.443603227210581e-07
2.997800530767550e-07
3.677321615404535e-07
4.510427155717240e-07
5.531622289760035e-07
6.783724359712748e-07
8.318258848218384e-07
1.019915895715734e-06
1.250423510616518e-06
1.532935854259574e-06
1.879103036082251e-06
2.303318472251995e-06
2.823182686711399e-06
3.460199016497686e-06
4.240821907927034e-06
5.197402426705404e-06
6.369835744681403e-06
7.806701597150114e-06
9.567435377036147e-06
1.172594561776555e-05
1.437242645617013e-05
1.761727394032292e-05
2.159553532408837e-05
2.647600025370211e-05
3.246336458303111e-05
3.981033451823553e-05
4.882750659348746e-05
5.989620001482552e-05
7.349174633427263e-05
9.018412793666298e-05
1.106972720215409e-04
1.359128999825707e-04
1.669076182720595e-04
2.050161243922834e-04
2.519020914073067e-04
3.095701602290809e-04
3.805620048882025e-04
4.679256411999452e-04
5.755028084838190e-04
7.080013500999274e-04
8.711638977084574e-04
1.072149882269706e-03
1.319734523305060e-03
1.624785611127642e-03
2.000591467240635e-03
2.463649221622238e-03
3.034181779676206e-03
3.736820899916769e-03
4.602367209352544e-03
5.668242172582165e-03
6.980443865683849e-03
8.595611225878137e-03
1.058212744849747e-02
1.302448364778539e-02
1.602603185538500e-02
1.971086152704707e-02
2.423106722568569e-02
2.976953435479201e-02
3.654630690457455e-02
4.482531106698662e-02
5.491636483748775e-02
6.719218129106255e-02
8.207678199234682e-02
1.000615375813412e-01
1.216993687699099e-01
1.475949655758110e-01
1.783831424012311e-01
2.147043293973629e-01
2.571365628963766e-01
3.061239104656215e-01
3.618684373690846e-01
4.241773767422651e-01
4.923174302785545e-01
5.648763615434029e-01
6.396504673623550e-01
7.136921812034555e-01
7.835675404432886e-01
8.457335061013704e-01
8.973437225754100e-01
9.368037264430917e-01
9.642650424256939e-01
9.815124262215523e-01
9.911968603918098e-01
9.961617725762798e-01
9.985007561354133e-01
9.994962958311114e-01
9.998526626029238e-01
9.999631292691170e-01
9.999922310116552e-01
9.999986350813753e-01
9.999998167699130e-01
9.999999788556185e-01
9.999999968028319e-01
1.000000000517185e+00
9.999999999991551e-01
9.999999998460803e-01
1.000000000067387e+00
9.999999999999525e-01
9.999999999844236e-01
1.000000000006855e+00
9.999999999999798e-01
9.999999999984519e-01
1.000000000000681e+00
9.999999999999977e-01
9.999999999998489e-01
1.000000000000066e+00
1.000000000000000e+00
9.999999999999850e-01
1.000000000000007e+00
1.000000000000000e+00
###6.000000000000001e-01
2.225010816052728e-11
8.549350443668483e-11
1.059019122513230e-10
1.310056625518821e-10
1.618212285006614e-10
1.998166100496614e-10
2.464738133958592e-10
3.038332042855659e-10
3.743574406207142e-10
4.610855531215620e-10
5.677290837236238e-10
6.988834497901348e-10
8.601467210477432e-10
1.058451310481803e-09
1.302258678485610e-09
1.602003775178652e-09
1.970480254523049e-09
2.423431932028999e-09
2.980175048026432e-09
3.664350398998158e-09
4.505203727799034e-09
5.538355023801955e-09
6.807730140680948e-09
8.367405367413474e-09
1.028288789604933e-08
1.263611477660190e-08
1.552625685875057e-08
1.907549325262876e-08
2.343359714252748e-08
2.878454914223081e-08
3.535401693557222e-08
4.341826615829215e-08
5.331740439686004e-08
6.546535712612061e-08
8.037298113318533e-08
9.866752315149563e-08
1.211125919931664e-07
1.486481669719246e-07
1.824276589198446e-07
2.238550608269122e-07
2.746658807942209e-07
3.369760115768392e-07
4.133812582920767e-07
5.070609721361835e-07
6.219002309187761e-07
7.627068104839831e-07
9.352859763612878e-07
1.146832064049039e-06
1.406092257357981e-06
1.723848923646588e-06
2.113227533222238e-06
2.590390847987291e-06
3.175157620295376e-06
3.891682363036328e-06
4.769678826144711e-06
5.845613645208123e-06
7.164254495064703e-06
8.780128876218930e-06
1.075983373434953e-05
1.318649106496626e-05
1.616129285655214e-05
1.980786447841380e-05
2.427704628324458e-05
2.975844596639854e-05
3.648062796625021e-05
4.472586550098032e-05
5.484062128938612e-05
6.724937789550201e-05
8.248302366201666e-05
1.011709971974490e-04
1.241208886139777e-04
1.523105535333979e-04
1.869277866361929e-04
2.294459150864238e-04
2.817056653673535e-04
3.459016368298532e-04
4.248403372915093e-04
5.218448406106620e-04
6.411299932108320e-04
7.878368786630981e-04
9.681955213977460e-04
1.189988032207086e-03
1.462708155115383e-03
1.798104704190872e-03
2.210461725533740e-03
2.717517296113289e-03
3.340913220733796e-03
4.106825017633918e-03
5.048083901210787e-03
6.204286464730367e-03
7.623934756272000e-03
9.366632399981117e-03
1.150364481513110e-02
1.412304158113146e-02
1.733218359189401e-02
2.125864785230955e-02
2.605866127829846e-02
3.191865434870789e-02
3.906163868181262e-02
4.775365256212928e-02
5.830334490191570e-02
7.108273419335888e-02
8.650712843386382e-02
1.050561595911642e-01
1.272639024330773e-01
1.537068503545843e-01
1.849800748814599e-01
2.216761934119243e-01
2.643079103158436e-01
3.132525249212344e-01
3.686407229265752e-01
4.302158415543513e-01
4.972084025772068e-01
5.682143786126721e-01
6.411155263254085e-01
7.131281677456957e-01
7.810599185577203e-01
8.416666060283842e-01
8.923540792522415e-01
9.316667166428760e-01
9.596970071504421e-01
9.779733641234686e-01
9.888214786082501e-01
9.947664844564749e-01
9.978040772445311e-01
9.991999499741283e-01
9.997438733151580e-01
9.999289834598144e-01
9.999832398111191e-01
9.999966829075955e-01
9.999994691330955e-01
9.999999306926968e-01
9.999999921728405e-01
9.999999997954965e-01
9.999999999846744e-01
9.999999999123863e-01
1.000000000034760e+00
1.000000000000808e+00
9.999999999919097e-01
1.000000000003318e+00
1.000000000000048e+00
9.999999999992610e-01
1.000000000000306e+00
1.000000000000002e+00
9.999999999999345e-01
1.000000000000027e+00
1.000000000000000e+00
9.999999999999941e-01
1.000000000000003e+00
1.000000000000000e+00
###8.000000000000000e-01
3.112234278132758e-11
9.524656933316661e-11
1.182288101577602e-10
1.464009511578651e-10
1.809964415589681e-10
2.236699979057569e-10
2.760458808663106e-10
3.404398416661666e-10
4.195729909595556e-10
5.168977709701792e-10
6.365620615376566e-10
7.837262331836247e-10
9.646631676160186e-10
1.187163340791410e-09
1.460711120986073e-09
1.797008936329815e-09
2.210410927560486e-09
2.718584090794153e-09
3.343169456447836e-09
4.110752024552280e-09
5.054264005526317e-09
6.213133731092452e-09
7.637164348395904e-09
9.386920765490893e-09
1.153567609930305e-08
1.417560970464438e-08
1.741784854363990e-08
2.139944804294239e-08
2.628843430657351e-08
3.229118369522810e-08
3.966095044150063e-08
4.870756120881643e-08
5.981282111591387e-08
7.344056083035521e-08
9.016379271713412e-08
1.106880642219138e-07
1.358680874438641e-07
1.667589484799638e-07
2.046553531671752e-07
2.511308423259758e-07
3.081339092196243e-07
3.780379227458597e-07
4.637548442508320e-07
5.688516507500869e-07
6.976898955389587e-07
8.556512363745532e-07
1.049257035823404e-06
1.286575045904661e-06
1.577411686719055e-06
1.933850220898398e-06
2.370625141570087e-06
2.905828541486095e-06
3.561692729992544e-06
4.365255935366520e-06
5.349782209440668e-06
6.556177479702192e-06
8.034522998706273e-06
9.845735219120444e-06
1.206428246359912e-05
1.478312913636039e-05
1.811537056093876e-05
2.219889589259501e-05
2.720156509811068e-05
3.333535728715961e-05
4.085448147235004e-05
5.007290155434245e-05
6.137553592694308e-05
7.523299316395243e-05
9.223543789441815e-05
1.130757897741645e-04
1.386505967378645e-04
1.700398527138978e-04
2.085493128152304e-04
2.557991002939044e-04
3.138168482468230e-04
3.849978148506535e-04
4.724268221881690e-04
5.797163060550862e-04
7.114730989238295e-04
8.732872030408858e-04
1.071901307248213e-03
1.315743683984717e-03
1.615054024233535e-03
1.982492369535628e-03
2.433370968632023e-03
2.986703655739480e-03
3.665586445269574e-03
4.497788753896129e-03
5.518164415375756e-03
6.768559732943720e-03
8.299989496677904e-03
1.017503197683036e-02
1.246784013025955e-02
1.527003868694493e-02
1.869293663698355e-02
2.286753160398753e-02
2.795404227082932e-02
3.414227628883154e-02
4.165799456865964e-02
5.076904982951383e-02
6.178274449535208e-02
7.506985790707144e-02
9.103698338476879e-02
1.101518418628570e-01
1.329298005215943e-01
1.599197886722544e-01
1.916786443414943e-01
2.287530336359836e-01
2.715945317878408e-01
3.205179531784084e-01
3.755884923811034e-01
4.364922029600224e-01
5.024286873846258e-01
5.720044087158285e-01
6.431811764324779e-01
7.133242302792618e-01
7.794582272547710e-01
8.386015360710347e-01
8.883783061024288e-01
9.274542587522787e-01
9.558723450558163e-01
9.749488841975810e-01
9.867374520256291e-01
9.935008818305006e-01
9.971376194533493e-01
9.988956321675954e-01
9.996230241069295e-01
9.998876554774504e-01
9.999712649549622e-01
9.999937895032429e-01
9.999988935201923e-01
9.999998393152049e-01
9.999999811185060e-01
9.999999985474819e-01
9.999999999087420e-01
9.999999999463510e-01
1.000000000017757e+00
1.000000000000839e+00
9.999999999958133e-01
1.000000000001599e+00
1.000000000000052e+00
9.999999999996475e-01
1.000000000000138e+00
1.000000000000002e+00
9.999999999999716e-01
1.000000000000011e+00
1.000000000000000e+00
9.999999999999977e-01
1.000000000000001e+00
1.000000000000000e+00
###1.000000000000000e+00
4.084453681841461e-11
1.061039819896226e-10
1.319415214697653e-10
1.635195792026698e-10
2.023134962211589e-10
2.501785023185141e-10
3.089052795387040e-10
3.811108908388325e-10
4.697982319041246e-10
5.788847345448238e-10
7.129984454163965e-10
8.779268083385722e-10
1.080695838764161e-09
1.330026467106926e-09
1.636556951042114e-09
2.013381661123373e-09
2.476584372412998e-09
3.045956820342048e-09
3.745711627571270e-09
4.605691599154171e-09
5.662902839060370e-09
6.960994190465796e-09
8.556199420711102e-09
1.051623999968037e-08
1.292316349880918e-08
1.588008784590917e-08
1.951180143879545e-08
2.397136358576371e-08
2.944705420986342e-08
3.616992599870362e-08
4.442359644722384e-08
5.455483339629834e-08
6.699133959561258e-08
8.225182843632046e-08
1.009776542712368e-07
1.239603654056434e-07
1.521547109247343e-07
1.867422037300650e-07
2.291725023542646e-07
2.812051887540622e-07
3.450218608604163e-07
4.232782047681303e-07
5.192322516977270e-07
6.368745557930219e-07
7.810889127787450e-07
9.578809162019875e-07
1.174556833464809e-06
1.440135823066295e-06
1.765579066345686e-06
2.164390749660716e-06
2.653044271043246e-06
3.251743248656856e-06
3.985336413031452e-06
4.883992554184618e-06
5.984864987754265e-06
7.333554075543007e-06
8.986005494706376e-06
1.100999426228201e-05
1.348852988521121e-05
1.652517351865182e-05
2.024580580818252e-05
2.480372042951143e-05
3.038506644037296e-05
3.722583032158179e-05
4.560772696114028e-05
5.587865194425240e-05
6.846464387451925e-05
8.388557589424931e-05
1.027947674048787e-04
1.259527902982602e-04
1.543506841981486e-04
1.891768219274308e-04
2.318619297627353e-04
2.841813813127994e-04
3.483599473715665e-04
4.270045222972694e-04
5.234922320922991e-04
6.417395186926924e-04
7.867695968604544e-04
9.646224835511482e-04
1.182594208331142e-03
1.449778450892169e-03
1.777211145238924e-03
2.178426412734459e-03
2.669865243564654e-03
3.271830190436117e-03
4.008907001894391e-03
4.910494116865363e-03
6.013504105529539e-03
7.362063514859248e-03
9.009722907405310e-03
1.102204556373792e-02
1.347607498432632e-02
1.646696795858923e-02
2.010992299017791e-02
2.453928868975894e-02
2.991913950428099e-02
3.644249500919419e-02
4.433765225823152e-02
5.387399474705443e-02
6.535729300709363e-02
7.915659463101112e-02
9.566975307391867e-02
1.153524285181045e-01
1.387014183341287e-01
1.662386881168554e-01
1.984842323993620e-01
2.359405300988280e-01
2.790018019925022e-01
3.279242863827000e-01
3.827129191863913e-01
4.430022154503958e-01
5.079652287075259e-01
5.762204626864668e-01
6.458046005592869e-01
7.142185100960985e-01
7.786814802329713e-01
8.364429568989420e-01
8.853185139051579e-01
9.240798228106466e-01
9.527294018351725e-01
9.724087675132456e-01
9.849436164421842e-01
9.923801783100998e-01
9.965220322936075e-01
9.985987105142194e-01
9.994978921532733e-01
9.998419996937099e-01
9.999570489249915e-01
9.999900679798585e-01
9.999980865032975e-01
9.999996978050478e-01
9.999999616490525e-01
9.999999963478303e-01
9.999999997358924e-01
9.999999999575617e-01
1.000000000008651e+00
1.000000000000630e+00
9.999999999978429e-01
1.000000000000766e+00
1.000000000000040e+00
9.999999999998319e-01
1.000000000000062e+00
1.000000000000002e+00
9.999999999999877e-01
1.000000000000005e+00
1.000000000000000e+00
9.999999999999991e-01
1.000000000000000e+00
1.000000000000000e+00
###1.200000000000000e+00
5.149902165887725e-11
1.181691629562659e-10
1.471631950087085e-10
1.825229294349269e-10
2.259730966213285e-10
2.795913074187087e-10
3.453678041623761e-10
4.262232516825197e-10
5.254997924601152e-10
6.476199202425926e-10
7.977416585902483e-10
9.823496775341753e-10
1.209296916508239e-09
1.488339719439131e-09
1.831385776043914e-09
2.253068732469233e-09
2.771381785324547e-09
3.408463717810667e-09
4.191369213458665e-09
5.153523043876424e-09
6.336442546118477e-09
7.788413394742229e-09
9.572769363646516e-09
1.176512739781616e-08
1.445719070046726e-08
1.776408442605787e-08
2.182570659768738e-08
2.681269204673278e-08
3.293560527318808e-08
4.045263191455956e-08
4.968075922452709e-08
6.100683993520074e-08
7.491051524909389e-08
9.196923570262063e-08
1.128997531780861e-07
1.385880161607846e-07
1.700984282837057e-07
2.087510102007983e-07
2.561650650582536e-07
3.143038109224841e-07
3.856037860553797e-07
4.730293141081116e-07
5.802165380646506e-07
7.116184039158024e-07
8.726886572101069e-07
1.070113001655893e-06
1.312053473010432e-06
1.608564052148567e-06
1.971863520723003e-06
2.417000104913676e-06
2.962336927747768e-06
3.630369170525193e-06
4.448784275571892e-06
5.451139502238929e-06
6.678801545964890e-06
8.182449291620329e-06
1.002436084595578e-05
1.227968942265126e-05
1.504073782885141e-05
1.842248456308484e-05
2.256432718728314e-05
2.763636605146686e-05
3.384444778908143e-05
4.144991569239312e-05
5.076433415112543e-05
6.217163284967098e-05
7.614174861757243e-05
9.324745523372766e-05
1.142063174709631e-04
1.398587347587351e-04
1.712883089445515e-04
2.098008231892185e-04
2.569592429282586e-04
3.147029403677915e-04
3.854644410520411e-04
4.720735393872292e-04
5.782141702434649e-04
7.081217546225052e-04
8.672544632828596e-04
1.062123012840795e-03
1.300598739298105e-03
1.592467087580771e-03
1.949592106630458e-03
2.386401304561651e-03
2.920509150107913e-03
3.573539434100029e-03
4.371603250641154e-03
5.345766490634893e-03
6.535026017823131e-03
7.985829761202743e-03
9.754282942723460e-03
1.190894454306416e-02
1.452974939991914e-02
1.771536331741299e-02
2.158481744809855e-02
2.627573918430581e-02
3.195592649427872e-02
3.882144770845453e-02
4.710292717789630e-02
5.707100715322798e-02
6.902973385348161e-02
8.334597398280626e-02
1.004087942760694e-01
1.206616605342790e-01
1.445829329701120e-01
1.726681778113362e-01
2.054018224869499e-01
2.432438186392075e-01
2.865344216456308e-01
3.354748472390925e-01
3.900137103860443e-01
4.497411136516070e-01
5.138050892681579e-01
5.808380402600342e-01
6.489457349074176e-01
7.157538809989806e-01
7.786557823559388e-01
8.351051137739107e-01
8.830863855001198e-01
9.214642396398403e-01
9.502097585264078e-01
9.703211975609231e-01
9.834332219985884e-01
9.914121891084366e-01
9.959712561752123e-01
9.983208648106100e-01
9.993750234951911e-01
9.997947796466905e-01
9.999414774092771e-01
9.999857246312015e-01
9.999970772499285e-01
9.999995064981770e-01
9.999999327876727e-01
9.999999928801144e-01
9.999999994263943e-01
9.999999999492231e-01
1.000000000003240e+00
1.000000000000385e+00
9.999999999988943e-01
1.000000000000365e+00
1.000000000000027e+00
9.999999999999200e-01
1.000000000000028e+00
1.000000000000001e+00
9.999999999999947e-01
1.000000000000002e+00
1.000000000000000e+00
9.999999999999997e-01
1.000000000000000e+00
1.000000000000000e+00
###1.400000000000000e+00
6.317431221760048e-11
1.315534554335563e-10
1.640363675518448e-10
2.035846176418498e-10
2.521917590457570e-10
3.121780078249991e-10
3.857590102359102e-10
4.761617590926714e-10
5.871800316599418e-10
7.237205829978370e-10
8.915462799732572e-10
1.097923976976373e-09
1.351601127644515e-09
1.663497620245067e-09
2.046907014942537e-09
2.518160887061052e-09
3.097361339819109e-09
3.809232075211027e-09
4.683965314115039e-09
5.758919652388212e-09
7.080593144499958e-09
8.702358620449022e-09
1.069537950512329e-08
1.314395336297344e-08
1.615050301568328e-08
1.984306910915390e-08
2.437835996942493e-08
2.994638733535890e-08
3.678204930317352e-08
4.517335862258639e-08
5.547390887285531e-08
6.811450339714473e-08
8.363176599406556e-08
1.026674734259337e-07
1.260227976710307e-07
1.546814878899215e-07
1.898334719813152e-07
2.329484151411354e-07
2.858310113251723e-07
3.506668439199859e-07
4.301703454727751e-07
5.276446810701642e-07
6.471360456904160e-07
7.936005282178480e-07
9.731027821500133e-07
1.193107990971999e-06
1.462666620374541e-06
1.792972024047464e-06
2.197609453853834e-06
2.693296626738823e-06
3.300461721127225e-06
4.044068514806722e-06
4.954881942918253e-06
6.070127786598623e-06
7.435718986470946e-06
9.107826165171566e-06
1.115548137582368e-05
1.366186519396025e-05
1.672949685378813e-05
2.048527382013296e-05
2.508326721304496e-05
3.071154516510534e-05
3.759778606278826e-05
4.602866279401175e-05
5.634957399175753e-05
6.898172167377995e-05
8.444185367611225e-05
1.033608176168527e-04
1.265221615143157e-04
1.548528949726641e-04
1.895335911050260e-04
2.319942488934170e-04
2.839388468390691e-04
3.474785704166389e-04
4.252651219980590e-04
5.203627542957180e-04
6.367772386840209e-04
7.790782663441341e-04
9.531781590531962e-04
1.166079388650511e-03
1.426251109551269e-03
1.744197384417965e-03
2.132638393293336e-03
2.606927917282685e-03
3.185885919285873e-03
3.892494713594420e-03
4.754426767739523e-03
5.804466737637427e-03
7.083671793268291e-03
8.640920858296866e-03
1.053485058275644e-02
1.283703570477302e-02
1.563030113853320e-02
1.901679847773186e-02
2.311933592809279e-02
2.807874493348551e-02
3.406641768529443e-02
4.128130960235908e-02
4.995616685200296e-02
6.036262790530508e-02
7.280281579614667e-02
8.764100323662857e-02
1.052574033939806e-01
1.260831646649157e-01
1.505783334185271e-01
1.792130618232388e-01
2.124359990780939e-01
2.506675008656413e-01
2.941964386325290e-01
3.431722274508945e-01
3.974913081286063e-01
4.567036513412654e-01
5.199353836385698e-01
5.858334329185595e-01
6.525676094801726e-01
7.178774644018294e-01
7.793134200213869e-01
8.345097977501157e-01
8.816012501534212e-01
9.195347898028781e-01
9.482588381638454e-01
9.686535171836130e-01
9.821950187177534e-01
9.905990445546512e-01
9.954938963877459e-01
9.980704527865065e-01
9.992596493381468e-01
9.997484657130665e-01
9.999254571532115e-01
9.999810170071420e-01
9.999959192317506e-01
9.999992726104900e-01
9.999998948554829e-01
9.999999880084310e-01
9.999999989507804e-01
9.999999999215671e-01
9.999999999991723e-01
1.000000000000151e+00
9.999999999994365e-01
1.000000000000172e+00
1.000000000000017e+00
9.999999999999618e-01
1.000000000000012e+00
1.000000000000001e+00
9.999999999999977e-01
1.000000000000001e+00
1.000000000000000e+00
9.999999999999999e-01
1.000000000000000e+00
1.000000000000000e+00
###1.600000000000000e+00
7.596744270841317e-11
1.463767708282325e-10
1.827137920210322e-10
2.268932837279247e-10
2.812024810492385e-10
3.482273507552470e-10
4.304331693316108e-10
5.313875570514704e-10
6.553809207566761e-10
8.078506249969126e-10
9.952318992164648e-10
1.225649026545608e-09
1.508839397969777e-09
1.856991318137818e-09
2.284944944785671e-09
2.810901359366889e-09
3.457269059934967e-09
4.251597249953181e-09
5.227602011691870e-09
6.426890256974105e-09
7.901474565040925e-09
9.710297435972116e-09
1.193314090105933e-08
1.466392724409357e-08
1.801655704830651e-08
2.213356212633238e-08
2.718976635286755e-08
3.339697624266511e-08
4.101600610347747e-08
5.036848653881383e-08
6.184733061130923e-08
7.593181055297677e-08
9.322063862465626e-08
1.144262394534881e-07
1.404415025401623e-07
1.723584778612074e-07
2.115012031557184e-07
2.595079697597320e-07
3.183806656380590e-07
3.905493226565951e-07
4.790282913842569e-07
5.874997447097850e-07
7.204456042854844e-07
8.833672100180534e-07
1.083024911292241e-06
1.327672256734371e-06
1.627371161738256e-06
1.994539447742959e-06
2.444239016341792e-06
2.995002111834664e-06
3.669489866897473e-06
4.495337875453874e-06
5.506636877590584e-06
6.744575861076211e-06
8.259971680330744e-06
1.011491781267822e-05
1.238570724247528e-05
1.516420344666911e-05
1.856384904395949e-05
2.272437348561613e-05
2.781558890153984e-05
3.404481190741683e-05
4.166294138574694e-05
5.098415055162639e-05
6.238953790356173e-05
7.634022626071701e-05
9.340282047376575e-05
1.142698309541166e-04
1.397951490773519e-04
1.709972307036996e-04
2.091597314825236e-04
2.558418703691723e-04
3.129024581716661e-04
3.826278462766523e-04
4.679022928364128e-04
5.720363902911531e-04
6.993732985805647e-04
8.548326033699899e-04
1.044800594709166e-03
1.276792942354540e-03
1.559899676527486e-03
1.905370829617865e-03
2.326811396951828e-03
2.840534344568334e-03
3.466597976116305e-03
4.229380641941996e-03
5.158152528920367e-03
6.287450093155778e-03
7.660429531979011e-03
9.328429813751083e-03
1.135263989936869e-02
1.380766121574718e-02
1.677920546876171e-02
2.037288644147622e-02
2.471523463145263e-02
2.995020827206619e-02
3.625266666578148e-02
4.382429157790362e-02
5.289974799507636e-02
6.375141564544308e-02
7.667928952745977e-02
9.204466495706977e-02
1.102188171706346e-01
1.316204596804442e-01
1.566914544481791e-01
1.858789711131729e-01
2.195910205107583e-01
2.582156939252284e-01
3.019913051903206e-01
3.510183581432283e-01
4.051449277504081e-01
4.638841708202643e-01
5.263432905746375e-01
5.911838739642729e-01
6.566350610841953e-01
7.205404259248910e-01
7.805923018321074e-01
8.345857688568880e-01
8.807895133003160e-01
9.182244594047149e-01
9.468245708240831e-01
9.673729573398553e-01
9.812145835367011e-01
9.899385388719377e-01
9.950942703802185e-01
9.978530525806274e-01
9.991557130291301e-01
9.997051091492142e-01
9.999098318967541e-01
9.999762170591364e-01
9.999946802133302e-01
9.999990087109212e-01
9.999998494336723e-01
9.999999818107198e-01
9.999999983006268e-01
9.999999998744664e-01
9.999999999951155e-01
9.999999999999202e-01
9.999999999997127e-01
1.000000000000080e+00
1.000000000000010e+00
9.999999999999818e-01
1.000000000000006e+00
1.000000000000000e+00
9.999999999999990e-01
1.000000000000000e+00
1.000000000000000e+00
1.000000000000000e+00
1.000000000000000e+00
1.000000000000000e+00
###1.800000000000000e+00
8.999479843987015e-11
1.628187289854232e-10
2.033586160360251e-10
2.526509615760605e-10
3.132548617569020e-10
3.880499078804979e-10
4.797607479544014e-10
5.923725774867417e-10
7.306824830189140e-10
9.007238716245729e-10
1.109674251839661e-09
1.366592855530356e-09
1.682325373068033e-09
2.070438404527008e-09
2.547479250982853e-09
3.133688686518749e-09
3.854032868228004e-09
4.739176962046163e-09
5.826675390638389e-09
7.162802866747786e-09
8.805641019845822e-09
1.082022509457701e-08
1.329573918546939e-08
1.633685317646314e-08
2.006982027249565e-08
2.465322856717594e-08
3.028162111010249e-08
3.719066732070995e-08
4.566960618690516e-08
5.607685139387313e-08
6.884819136342111e-08
8.451623069131887e-08
1.037470112941767e-07
1.273304609112476e-07
1.562604213523909e-07
1.917442964615471e-07
2.352551276937696e-07
2.886143174141988e-07
3.540371605237038e-07
4.342233156888119e-07
5.325108480770535e-07
6.529882997372142e-07
8.006280065368321e-07
9.815079326099984e-07
1.203150508107907e-06
1.474660617062845e-06
1.807199920716243e-06
2.214511220365965e-06
2.713257773939846e-06
3.323932624896573e-06
4.071610706172928e-06
4.986814756225388e-06
6.107224510182088e-06
7.478303533261698e-06
9.156152131100872e-06
1.120924108179149e-05
1.372175952191466e-05
1.679464481221957e-05
2.055330883391660e-05
2.515117337855383e-05
3.077491381633216e-05
3.765244009669196e-05
4.605939607575541e-05
5.634025913828691e-05
6.891180221274876e-05
8.427993983509932e-05
1.030635972525515e-04
1.260207034514772e-04
1.540815036126356e-04
1.883567887689230e-04
2.302431451968875e-04
2.814357804509988e-04
3.439560153541839e-04
4.202752909241780e-04
5.135219473138918e-04
6.272652006134606e-04
7.662016821926243e-04
9.356168412414090e-04
1.142391377086507e-03
1.394576002052702e-03
1.701905223018645e-03
2.076402902545645e-03
2.532588186926252e-03
3.087766200583330e-03
3.763267217029585e-03
4.584903373419756e-03
5.583579146710232e-03
6.795615740651548e-03
8.266308541324046e-03
1.004948024100079e-02
1.220889762408593e-02
1.482219780097040e-02
1.797797382972332e-02
2.178527749827185e-02
2.637430721220545e-02
3.189206810120006e-02
3.851676088054339e-02
4.645263317599278e-02
5.593606731020712e-02
6.723993494314925e-02
8.066189211983349e-02
9.655989714725594e-02
1.152961853384075e-01
1.372769194169806e-01
1.629258928666014e-01
1.926672758944552e-01
2.268706895929325e-01
2.658919729284130e-01
3.099218351439521e-01
3.590149284946608e-01
4.129729712613943e-01
4.712763158446151e-01
5.330159896321784e-01
5.968673998144617e-01
6.611148162330867e-01
7.236972209926941e-01
7.824351795493170e-01
8.352677319553955e-01
8.805838373516781e-01
9.174719644441880e-01
9.458581318574838e-01
9.664471807055435e-01
9.804753356156374e-01
9.894252478693600e-01
9.947735034592109e-01
9.976719325352547e-01
9.990659693914504e-01
9.996663118382334e-01
9.998953238344028e-01
9.999715824371050e-01
9.999934326929688e-01
9.999987305888317e-01
9.999997990936538e-01
9.999999745664218e-01
9.999999974935407e-01
9.999999998090729e-01
9.999999999903851e-01
9.999999999996698e-01
9.999999999998500e-01
1.000000000000036e+00
1.000000000000006e+00
9.999999999999912e-01
1.000000000000002e+00
1.000000000000000e+00
9.999999999999996e-01
1.000000000000000e+00
1.000000000000000e+00
1.000000000000000e+00
1.000000000000000e+00
1.000000000000000e+00
###2.000000000000000e+00
1.053386175770400e-10
1.809156720388309e-10
2.261451850437002e-10
2.810772192406803e-10
3.486192357742233e-10
4.319789851008438e-10
5.341663514795718e-10
6.596223921086691e-10
8.137083902658671e-10
1.003102967640565e-09
1.235813007252328e-09
1.521912306466639e-09
1.873471455559286e-09
2.305567594331278e-09
2.836624684273937e-09
3.489120113065124e-09
4.290823965056157e-09
5.275831278109907e-09
6.485897533281537e-09
7.972405197124914e-09
9.800107142036238e-09
1.204058658584346e-08
1.479366075634550e-08
1.817523857995437e-08
2.232568016985718e-08
2.742094193604039e-08
3.367690847100893e-08
4.135544178157907e-08
5.077695719858570e-08
6.233955479071728e-08
7.652656008152622e-08
9.392901402045005e-08
1.152853376044550e-07
1.414697904686984e-07
1.735880891302002e-07
2.129720502231733e-07
2.612573976111459e-07
3.204637177848322e-07
3.930412227960595e-07
4.819772776439753e-07
5.909674237105719e-07
7.245377552057103e-07
8.881940854489793e-07
1.088643770828297e-06
1.334227321757664e-06
1.634979765419780e-06
2.003246188409731e-06
2.454207691519253e-06
3.006257824979083e-06
3.682009256541050e-06
4.509137015466565e-06
5.521284115105232e-06
6.759983282206996e-06
8.275339790837338e-06
1.012910164571690e-05
1.239660799848943e-05
1.517054429589618e-05
1.856154503886761e-05
2.270788168264250e-05
2.777764385601602e-05
3.397555830309401e-05
4.155151202242181e-05
5.080744260890523e-05
6.212069399301655e-05
7.594525994475202e-05
9.283519610486302e-05
1.134649346871731e-04
1.386617511439868e-04
1.694371859192966e-04
2.069988964424760e-04
2.528635577755103e-04
3.088699018711015e-04
3.772100520597628e-04
4.605505328958966e-04
5.622759464165846e-04
6.862266640669047e-04
8.374684734859897e-04
1.021671819866037e-03
1.246230069995884e-03
1.519752174515463e-03
1.852640527410367e-03
2.257723393320482e-03
2.750461844975434e-03
3.349186961026466e-03
4.076535353142637e-03
4.959790934236402e-03
6.031509827131022e-03
7.329889036336498e-03
8.902344495071612e-03
1.080522623954280e-02
1.310490295599860e-02
1.588205630901530e-02
1.922815308481378e-02
2.325565805611308e-02
2.809838309127800e-02
3.390629753297657e-02
4.086081847079275e-02
4.916859847453663e-02
5.906753621637898e-02
7.083074983356326e-02
8.475333812129485e-02
1.011893530718134e-01
1.204925604187556e-01
1.430557661488068e-01
1.692850117756500e-01
1.995814917224125e-01
2.342783803982993e-01
2.736993982989607e-01
3.179902652849456e-01
3.671640316028356e-01
4.209732910337218e-01
4.788738274912214e-01
5.399406788479025e-01
6.028627795815846e-01
6.659752260385786e-01
7.273052949878189e-01
7.847891589634547e-01
8.364955108296253e-01
8.809223737264714e-01
9.172204616645456e-01
9.453136484848691e-01
9.658444196143111e-01
9.799592749132798e-01
9.890513972253746e-01
9.945301928760407e-01
9.975284829153901e-01
9.989921231722451e-01
9.996332229056096e-01
9.998825046365727e-01
9.999673365124825e-01
9.999922458744526e-01
9.999984550714542e-01
9.999997469963098e-01
9.999999667091662e-01
9.999999965717025e-01
9.999999997286571e-01
9.999999999847465e-01
9.999999999993843e-01
9.999999999999135e-01
1.000000000000016e+00
1.000000000000004e+00
9.999999999999958e-01
1.000000000000001e+00
1.000000000000000e+00
9.999999999999998e-01
1.000000000000000e+00
1.000000000000000e+00
1.000000000000000e+00
1.000000000000000e+00
1.000000000000000e+00
###2.200000000000000e+00
1.221315214733478e-10
2.008683171003185e-10
2.512606744736910e-10
3.123998299577883e-10
3.875850954988099e-10
4.803712615716147e-10
5.940923695184209e-10
7.336840054330743e-10
9.051257312998256e-10
1.115813100037783e-09
1.374657199665260e-09
1.692844041441887e-09
2.083790349605202e-09
2.564229817429306e-09
3.154644949259718e-09
3.879962398466585e-09
4.771025968171896e-09
5.865687876518509e-09
7.210321919773560e-09
8.861839914233689e-09
1.089237566824289e-08
1.338062504412957e-08
1.643806348573684e-08
2.019282695705999e-08
2.480086162941289e-08
3.045694149362523e-08
3.740015442382937e-08
4.592110469969573e-08
5.637436679316511e-08
6.920103234353053e-08
8.493654301859700e-08
1.042353946650116e-07
1.279142264681247e-07
1.569411539699370e-07
1.925413486865654e-07
2.361825416819300e-07
2.896799762635681e-07
3.552647020628760e-07
4.356440030515489e-07
5.341173762991532e-07
6.547687365172960e-07
8.025977689189103e-07
9.836818809947372e-07
1.205430960623535e-06
1.477048731077766e-06
1.809586564408866e-06
2.216663325028070e-06
2.715024422311090e-06
3.324921614626180e-06
4.071265719509581e-06
4.984510115230087e-06
6.101684303699979e-06
7.468399914699374e-06
9.139929812044596e-06
1.118392023092183e-05
1.368313630544616e-05
1.673937939859112e-05
2.047373581719348e-05
2.503808069310370e-05
3.061636240345077e-05
3.743252874092758e-05
4.575994387855520e-05
5.592871303752497e-05
6.835073281670153e-05
8.352014643575836e-05
1.020419071873319e-04
1.246494280175107e-04
1.522434330454008e-04
1.859216160034095e-04
2.269939481117409e-04
2.771040436595689e-04
3.382420734617066e-04
4.127795691907945e-04
5.035884114250592e-04
6.143221330001752e-04
7.491050839235787e-04
9.133857375538811e-04
1.113247241836975e-03
1.356606526091764e-03
1.652656460745776e-03
2.012489153975084e-03
2.449776479409358e-03
2.980941542428174e-03
3.625377949388547e-03
4.407063759016819e-03
5.354792356220957e-03
6.502734895906860e-03
7.891219978908548e-03
9.569600688240884e-03
1.159685158214686e-02
1.404196669557417e-02
1.698868065821691e-02
2.053132418302179e-02
2.478574890936433e-02
2.988932523015882e-02
3.599490103138426e-02
4.328698467057227e-02
5.197447173050469e-02
6.229657548982424e-02
7.452641763892064e-02
8.895631344194152e-02
1.059360804265643e-01
1.258108929517593e-01
1.489600662183769e-01
1.757719510031507e-01
2.066248151910378e-01
2.418170639542252e-01
2.816405185693010e-01
3.261982144502452e-01
3.754632744196988e-01
4.291430971402893e-01
4.866698127594966e-01
5.471045272445463e-01
6.091494194721945e-01
6.711867523303504e-01
7.313248031498000e-01
7.876052013918592e-01
8.382139200088219e-01
8.817482198365318e-01
9.174173063857322e-01
9.451478485430065e-01
9.655337929867187e-01
9.796477209609584e-01
9.888074149364484e-01
9.943610529678518e-01
9.974225965900767e-01
9.989349841668911e-01
9.996065615692150e-01
9.998717853709287e-01
9.999636564653542e-01
9.999911792944205e-01
9.999981980892044e-01
9.999996964395096e-01
9.999999587596319e-01
9.999999955956447e-01
9.999999996385308e-01
9.999999999783191e-01
9.999999999990588e-01
9.999999999999379e-01
1.000000000000006e+00
1.000000000000002e+00
9.999999999999980e-01
1.000000000000000e+00
1.000000000000000e+00
9.999999999999999e-01
1.000000000000000e+00
1.000000000000000e+00
1.000000000000000e+00
1.000000000000000e+00
1.000000000000000e+00
###2.400000000000000e+00
1.405015940282274e-10
2.228369395400932e-10
2.790270995500061e-10
3.468727194305568e-10
4.304632407893767e-10
5.336135448662956e-10
6.600134471202571e-10
8.151419462616833e-10
1.005654712269785e-09
1.239736855153300e-09
1.527290459855032e-09
1.880712459283564e-09
2.314903100876544e-09
2.848407974748211e-09
3.503964397084680e-09
4.309177765435330e-09
5.298256555969695e-09
6.513163176836005e-09
8.005317849198957e-09
9.837652687072812e-09
1.209046641800118e-08
1.485018572840052e-08
1.824085388435905e-08
2.240419413057705e-08
2.751298566010446e-08
3.378264519211710e-08
4.147751888537893e-08
5.091931987345310e-08
6.250053166383528e-08
7.670839473634720e-08
9.413530921628028e-08
1.155048919862703e-07
1.417185770537418e-07
1.738470835009964e-07
2.132431337932963e-07
2.615277628468579e-07
3.207055568767686e-07
3.932386962242290e-07
4.821137591600542e-07
5.909684259125735e-07
7.243079114260624e-07
8.876439089111885e-07
1.087672944387102e-06
1.332564450404906e-06
1.632454201038139e-06
1.999494125389812e-06
2.448662334393544e-06
2.998435852878959e-06
3.671002093190841e-06
4.493834466201629e-06
5.500306459803985e-06
6.731112624639506e-06
8.236262379674594e-06
1.007653133709227e-05
1.232597441822077e-05
1.507526676974838e-05
1.843598162881350e-05
2.254059036818753e-05
2.755495523142051e-05
3.368052194815522e-05
4.116157955865274e-05
5.029652555749713e-05
6.144547526005415e-05
7.505701968123762e-05
9.166810901975328e-05
1.119376663604711e-04
1.366616022321182e-04
1.668184526366771e-04
2.035971054414706e-04
2.484155161257063e-04
3.030512954162988e-04
3.696542111474566e-04
4.507842536300245e-04
5.495291788160119e-04
6.698245634196327e-04
8.160918826191743e-04
9.941792238503655e-04
1.210602065090959e-03
1.473821583191447e-03
1.793635727772650e-03
2.181854395926705e-03
2.653021296223841e-03
3.224553099299970e-03
3.916938985695305e-03
4.755534223466925e-03
5.770679249189176e-03
6.998187587555808e-03
8.480544825790153e-03
1.026916857917987e-02
1.242557028510029e-02
1.502143149186785e-02
1.814354782925833e-02
2.188910180599382e-02
2.637730447329838e-02
3.174902888582503e-02
3.815991258927479e-02
4.579742934945495e-02
5.487255431339005e-02
6.562561158069279e-02
7.832948495127107e-02
9.327347328447547e-02
1.108028841957584e-01
1.312540313838051e-01
1.549927263952541e-01
1.823896238968614e-01
2.138001248465515e-01
2.494893117174865e-01
2.897173819782679e-01
3.345467109490783e-01
3.839120552598332e-01
4.374790001261775e-01
4.946569155845855e-01
5.544946607417296e-01
6.157072921100279e-01
6.767209096182841e-01
7.357183298600730e-01
7.908377262580505e-01
8.403719583643550e-01
8.830089929191987e-01
9.180137630877709e-01
9.453203263916095e-01
9.654855401801603e-01
9.795216343078487e-01
9.886827416113438e-01
9.942614470953124e-01
9.973530111869309e-01
9.988946043820593e-01
9.995866727043967e-01
9.998634209782918e-01
9.999606679417243e-01
9.999902798841457e-01
9.999979732290604e-01
9.999996505059107e-01
9.999999512509671e-01
9.999999946348991e-01
9.999999995454935e-01
9.999999999714704e-01
9.999999999987030e-01
9.999999999999418e-01
1.000000000000002e+00
1.000000000000001e+00
9.999999999999990e-01
1.000000000000000e+00
1.000000000000000e+00
1.000000000000000e+00
1.000000000000000e+00
1.000000000000000e+00
1.000000000000000e+00
1.000000000000000e+00
1.000000000000000e+00
###2.600000000000000e+00
1.605854954757279e-10
2.469923255576250e-10
3.094159820344606e-10
3.847637105104906e-10
4.775867041055705e-10
5.921182154676822e-10
7.324363326390794e-10
9.046226119178822e-10
1.116065932657404e-09
1.375818926453900e-09
1.694867485975705e-09
2.086935752178888e-09
2.568550222069037e-09
3.160230641656638e-09
3.887184923657613e-09
4.779934947728086e-09
5.876384479346466e-09
7.222981798422897e-09
8.876645227786292e-09
1.090690467232096e-08
1.340294537602663e-08
1.645964096100695e-08
2.021475069794516e-08
2.482494763070532e-08
3.048089042350952e-08
3.742095630964259e-08
4.593700082920253e-08
5.638421125734881e-08
6.919667116664801e-08
8.491172954858209e-08
1.041837054844072e-07
1.278116698722142e-07
1.567881999497092e-07
1.922963970677239e-07
2.358271294789614e-07
2.891677415910371e-07
3.545280961745278e-07
4.346201346252911e-07
5.327321863942930e-07
6.528747999809413e-07
8.000021338805875e-07
9.801799570210308e-07
1.200776148737061e-06
1.470780858853688e-06
1.801331772124042e-06
2.205772372155930e-06
2.700551536398346e-06
3.305995403804452e-06
4.046396429174260e-06
4.951973762821445e-06
6.059243563402825e-06
7.412835107980150e-06
9.067493469590279e-06
1.108979602015258e-05
1.356091279245782e-05
1.657976642083089e-05
2.026833637053465e-05
2.477137634362330e-05
3.027010469917956e-05
3.698397009260161e-05
4.517923360997317e-05
5.518096093404161e-05
6.738114445031919e-05
8.226720698831909e-05
1.004222566429332e-04
1.225617220127421e-04
1.495480165733782e-04
1.824418278093650e-04
2.225286681974940e-04
2.713402747338799e-04
3.307955948515369e-04
4.032124440009376e-04
4.913486503860009e-04
5.985186769856964e-04
7.289519419716591e-04
8.873858423555197e-04
1.080081167333038e-03
1.314004785376301e-03
1.598185144791708e-03
1.943048974558775e-03
2.361149433706489e-03
2.867902348408768e-03
3.481839173341645e-03
4.224488843092403e-03
5.122649564401624e-03
6.208247002885216e-03
7.518794891107478e-03
9.098903233052987e-03
1.100216875234763e-02
1.329262715162056e-02
1.604467202881592e-02
1.934816766505880e-02
2.330313370542370e-02
2.803211154548424e-02
3.367941967456194e-02
4.040339288868516e-02
4.839434300588559e-02
5.786515849744609e-02
6.905706807460753e-02
8.224220114027939e-02
9.770742662461374e-02
1.157924430262929e-01
1.368247053862622e-01
1.611564817221403e-01
1.891407074331274e-01
2.211099773698831e-01
2.572972967448105e-01
2.979315483806074e-01
3.430362274746385e-01
3.925091724413502e-01
4.459770737354820e-01
5.028274048647926e-01
5.620981415820062e-01
6.225168835227159e-01
6.825504895093175e-01
7.404506397659280e-01
7.944440987382203e-01
8.429226075153268e-01
8.846563227995432e-01
9.189647608860595e-01
9.457932111595351e-01
9.656711395907630e-01
9.795620209267084e-01
9.886661915816863e-01
9.942257962546597e-01
9.973175958550896e-01
9.988704619030286e-01
9.995735774064541e-01
9.998575239981939e-01
9.999584452613741e-01
9.999895797444931e-01
9.999977908149048e-01
9.999996117492084e-01
9.999999446644614e-01
9.999999937581192e-01
9.999999994568810e-01
9.999999999647065e-01
9.999999999983397e-01
9.999999999999354e-01
1.000000000000000e+00
1.000000000000000e+00
9.999999999999996e-01
1.000000000000000e+00
1.000000000000000e+00
1.000000000000000e+00
1.000000000000000e+00
1.000000000000000e+00
1.000000000000000e+00
1.000000000000000e+00
1.000000000000000e+00
###2.800000000000000e+00
1.825290608627259e-10
2.735189305564348e-10
3.427818126868181e-10
4.263599852208119e-10
5.293121683012600e-10
6.563269233871439e-10
8.119076169527968e-10
1.002796739370201e-09
1.237183730270970e-09
1.525070643306152e-09
1.878627677126950e-09
2.313035474381298e-09
2.846584170975660e-09
3.501962495776635e-09
4.307073696834140e-09
5.295623213485173e-09
6.509544198093967e-09
8.000199789851114e-09
9.830455725626562e-09
1.207708636429065e-08
1.483895546912130e-08
1.822012324481970e-08
2.237334581668775e-08
2.747143437312688e-08
3.372465515073991e-08
4.139629931146198e-08
5.080820059547079e-08
6.235188306612876e-08
7.650683812847522e-08
9.386432845201400e-08
1.151464440144032e-07
1.412339021115962e-07
1.732184133627008e-07
2.124048163591985e-07
2.604335075875512e-07
3.192723484045761e-07
3.913544766224394e-07
4.796561367477173e-07
5.878007302344134e-07
7.202007597272359e-07
8.822947992244593e-07
1.080740013216821e-06
1.323635866652168e-06
1.620862381788324e-06
1.984620399341599e-06
2.429552806342254e-06
2.973695703751130e-06
3.639332647372654e-06
4.453089063707630e-06
5.448065587341122e-06
6.664184400134255e-06
8.150292869600672e-06
9.966224411394082e-06
1.218476048809930e-05
1.489467741079633e-05
1.820375234352295e-05
2.224505657358897e-05
2.717652668626849e-05
3.319569132349642e-05
4.054123177772052e-05
4.950280913662434e-05
6.043386651973697e-05
7.376025435072704e-05
9.000956568599039e-05
1.098172173260913e-04
1.339551037512778e-04
1.633572174609851e-04
1.991710205154536e-04
2.427841056474856e-04
2.958481307683241e-04
3.604309638514086e-04
4.390272157514706e-04
5.346022692382403e-04
6.507082914582064e-04
7.918744628777577e-04
9.632039937442155e-04
1.171331434592345e-03
1.423733566042944e-03
1.730019054222179e-03
2.101267505613865e-03
2.550801196853402e-03
3.094934166104516e-03
3.753359487220211e-03
4.548665305877014e-03
5.509133569975629e-03
6.668313921628094e-03
8.065460430669314e-03
9.747334947651818e-03
1.176975104311614e-02
1.419929727794557e-02
1.711309439625799e-02
2.060408193665659e-02
2.477509941137373e-02
2.975198756088607e-02
3.568245127183343e-02
4.272742634324797e-02
5.107993307914790e-02
6.095460375290316e-02
7.259336118933990e-02
8.626731797763203e-02
1.022607304348255e-01
1.209073512757217e-01
1.425255170984092e-01
1.674538869766164e-01
1.960276346356510e-01
2.285566038756638e-01
2.652427925923994e-01
3.062840946833754e-01
3.516666923713784e-01
4.012528437741121e-01
4.546328729517694e-01
5.111731855789805e-01
5.699019284499562e-01
6.295591370581954e-01
6.886494380530224e-01
7.454884734678174e-01
7.983849756425908e-01
8.458211068411822e-01
8.866454197526191e-01
9.202284780479066e-01
9.465310092050452e-01
9.660634467931738e-01
9.797502586455226e-01
9.887462589487395e-01
9.942479261454623e-01
9.973136037335857e-01
9.988615840896755e-01
9.995670375650374e-01
9.998540845651419e-01
9.999570157183690e-01
9.999890962541576e-01
9.999976574963564e-01
9.999995820064906e-01
9.999999393816198e-01
9.999999930245670e-01
9.999999993795351e-01
9.999999999585694e-01
9.999999999979975e-01
9.999999999999245e-01
9.999999999999997e-01
1.000000000000000e+00
9.999999999999998e-01
1.000000000000000e+00
1.000000000000000e+00
1.000000000000000e+00
1.000000000000000e+00
1.000000000000000e+00
1.000000000000000e+00
1.000000000000000e+00
1.000000000000000e+00
###3.000000000000000e+00
2.064871933133774e-10
3.026150199386086e-10
3.793722128370790e-10
4.719696535832051e-10
5.860219063658055e-10
7.267138979905568e-10
8.990114357926524e-10
1.110382885200494e-09
1.369890429710787e-09
1.688575930145768e-09
2.079897913182109e-09
2.560631472702922e-09
3.150989269982611e-09
3.876028830505934e-09
4.766593494978299e-09
5.859869090169557e-09
7.202163828816346e-09
8.850187170804477e-09
1.087331594206545e-08
1.335621182971489e-08
1.640824951548105e-08
2.014345100450425e-08
2.473103943819562e-08
3.036109403049090e-08
3.726574321864620e-08
4.573468430501783e-08
5.612271261913508e-08
6.886075727110781e-08
8.447754533292520e-08
1.036229112179935e-07
1.270923777067922e-07
1.558550628894838e-07
1.911104714233434e-07
2.342955344952003e-07
2.872110522212902e-07
3.520218247560761e-07
4.314019856062775e-07
5.286143003959658e-07
6.476420545165587e-07
7.933304131724894e-07
9.716502367419459e-07
1.189891214064589e-06
1.456933733131086e-06
1.783625924585896e-06
2.183312337950648e-06
2.672024061528167e-06
3.269535889507845e-06
4.000203267745436e-06
4.893168103544661e-06
5.984590995457393e-06
7.318147028868060e-06
8.947110516132671e-06
1.093680481437576e-05
1.336664011330987e-05
1.633342289168503e-05
1.995470635841553e-05
2.437511621335789e-05
2.976673738902128e-05
3.634448662081939e-05
4.436754152339410e-05
5.415045975536990e-05
6.607684914754724e-05
8.060849592306880e-05
9.831597898544524e-05
1.198891632325644e-04
1.461606948767995e-04
1.781399307291767e-04
2.170659714749341e-04
2.644341314144449e-04
3.220223678288693e-04
3.920553324997758e-04
4.772135107539566e-04
5.806798274168096e-04
7.062556275364444e-04
8.587847100770464e-04
1.043751586053530e-03
1.268178931717647e-03
1.540076692178076e-03
1.869656592948530e-03
2.268675521203004e-03
2.751251294759006e-03
3.334628532666725e-03
4.039692010947477e-03
4.890125920453573e-03
5.915731632317670e-03
7.151721686947361e-03
8.639129960401773e-03
1.042689847407979e-02
1.257309404478423e-02
1.514688588204962e-02
1.822813579527267e-02
2.191286389260360e-02
2.630670953593990e-02
3.153877958323485e-02
3.776010404584746e-02
4.513411933994296e-02
5.385642185884981e-02
6.414321433825543e-02
7.623689868189512e-02
9.040708206945672e-02
1.069358891909763e-01
1.261500841958906e-01
1.483589385072584e-01
1.738873161751602e-01
2.030525979637392e-01
2.361419317031026e-01
2.733293366191377e-01
3.147756619942264e-01
3.604375222097982e-01
4.101407441924725e-01
4.634414672997206e-01
5.196858279546959e-01
5.778931496169054e-01
6.368154243855708e-01
6.949927596069262e-01
7.508003684861769e-01
8.026232172651149e-01
8.490271913971935e-01
8.889347797102806e-01
9.217663421782126e-01
9.475004859087479e-01
9.666367715407448e-01
9.800682729729587e-01
9.889114469253368e-01
9.943213342777002e-01
9.973378781491835e-01
9.988666669905301e-01
9.995666151250143e-01
9.998529946883131e-01
9.999563659313458e-01
9.999888331293558e-01
9.999975762740575e-01
9.999995623407109e-01
9.999999356562559e-01
9.999999924781008e-01
9.999999993189873e-01
9.999999999535454e-01
9.999999999977053e-01
9.999999999999131e-01
9.999999999999993e-01
9.999999999999998e-01
1.000000000000000e+00
1.000000000000000e+00
1.000000000000000e+00
1.000000000000000e+00
1.000000000000000e+00
1.000000000000000e+00
1.000000000000000e+00
1.000000000000000e+00
1.000000000000000e+00
###3.200000000000001e+00
2.326299831029246e-10
3.344901182527847e-10
4.194522941714294e-10
5.219225136313387e-10
6.481252079620077e-10
8.037846852424856e-10
9.943723012531506e-10
1.228150677029191e-09
1.515129774289663e-09
1.867504905102509e-09
2.300100234845944e-09
2.831457884977966e-09
3.483886909832482e-09
4.285021831547120e-09
5.268910131701151e-09
6.476526248592137e-09
7.958946192524714e-09
9.778690948752462e-09
1.201223036002501e-08
1.475281791806606e-08
1.812122372061171e-08
2.224231010817974e-08
2.730322481393575e-08
3.351275685052524e-08
4.112686305615909e-08
5.046379368647341e-08
6.191417661200448e-08
7.595182193200460e-08
9.315837919521954e-08
1.142478872138248e-07
1.400948145047486e-07
1.717638042700548e-07
2.105723124637672e-07
2.580982323592077e-07
3.163175875835303e-07
3.876081725861359e-07
4.749017477328103e-07
5.817739718242826e-07
7.125953230011017e-07
8.726762163149120e-07
1.068562835296721e-06
1.308226966562017e-06
1.601394673713740e-06
1.959940752223454e-06
2.398440722240396e-06
2.934460030305896e-06
3.589595142459029e-06
4.390437730637321e-06
5.368835056858716e-06
6.564222986539345e-06
8.024310143885154e-06
9.807103837922738e-06
1.198385356154821e-05
1.464091962449082e-05
1.788380163473397e-05
2.184048799166321e-05
2.666791240687329e-05
3.255323249291589e-05
3.972988434501968e-05
4.847856886177562e-05
5.914112539114818e-05
7.213253556787365e-05
8.795255418912204e-05
1.072191675777324e-04
1.306759345667297e-04
1.592232892376103e-04
1.939491132771255e-04
2.361892034609986e-04
2.875524539411215e-04
3.499497358917710e-04
4.257706352182840e-04
5.178909929991962e-04
6.297213456836695e-04
7.653243193136593e-04
9.298734024950268e-04
1.129248531793254e-03
1.370881291027278e-03
1.663336725130094e-03
2.017442521401106e-03
2.445670144743925e-03
2.962955808210203e-03
3.587507373256669e-03
4.341432578062790e-03
5.249547916084688e-03
6.343210685704757e-03
7.659335375539925e-03
9.240774491256262e-03
1.113867924328938e-02
1.341340476339115e-02
1.613672776198350e-02
1.939126371098923e-02
2.327611707308568e-02
2.789970412972042e-02
3.339436207353533e-02
3.991438210906539e-02
4.762559637335823e-02
5.672604145656131e-02
6.743331270189096e-02
7.999007041982359e-02
9.466418756542669e-02
1.117353414975059e-01
1.315230794398989e-01
1.543272992556913e-01
1.804589498628211e-01
2.102175367411250e-01
2.438675635684311e-01
2.815558197162867e-01
3.234064310988898e-01
3.693476224321135e-01
4.191700151805632e-01
4.723974533931903e-01
5.283565765485229e-01
5.860587506827647e-01
6.442675060264386e-01
7.015564298775784e-01
7.563568842474746e-01
8.071240120277060e-01
8.525030078397878e-01
8.914859337954997e-01
9.235421120289340e-01
9.486709116782827e-01
9.673668998788760e-01
9.804987757775044e-01
9.891504951955805e-01
9.944394239923889e-01
9.973870320752589e-01
9.988841908014509e-01
9.995717257954461e-01
9.998540684873904e-01
9.999564496879256e-01
9.999887825745482e-01
9.999975467902559e-01
9.999995530529411e-01
9.999999336065221e-01
9.999999921440174e-01
9.999999992789154e-01
9.999999999499918e-01
9.999999999974879e-01
9.999999999999031e-01
9.999999999999993e-01
9.999999999999997e-01
1.000000000000000e+00
1.000000000000000e+00
1.000000000000000e+00
1.000000000000000e+00
1.000000000000000e+00
1.000000000000000e+00
1.000000000000000e+00
1.000000000000000e+00
1.000000000000000e+00
###3.400000000000001e+00
2.611364575495324e-10
3.693697674601776e-10
4.633056299159298e-10
5.765713145655565e-10
7.160602848403134e-10
8.880804852990125e-10
1.098659285137007e-09
1.356919882135042e-09
1.673910876764613e-09
2.063082089901670e-09
2.540746286502709e-09
3.127367820608764e-09
3.847542525558024e-09
4.731708886322985e-09
5.817402548602139e-09
7.149717471527133e-09
8.784916586757590e-09
1.079183986622311e-08
1.325466662311952e-08
1.627599339596248e-08
1.998895464305505e-08
2.453020854384004e-08
3.010629439737923e-08
3.694663312042650e-08
4.533223326208129e-08
5.561307418923270e-08
6.821836436514151e-08
8.366842802970584e-08
1.026020679701691e-07
1.258029981298982e-07
1.542310577123166e-07
1.890542253125483e-07
2.317175977863405e-07
2.839510879456141e-07
3.479211545130756e-07
4.262331825266774e-07
5.220988612208590e-07
6.394315305017837e-07
7.830181239989648e-07
9.586711423112352e-07
1.173555510087375e-06
1.436378495330491e-06
1.757776415477961e-06
2.150725120048119e-06
2.631131423482445e-06
3.218193596443076e-06
3.935486186538849e-06
4.811969088472066e-06
5.882427375097146e-06
7.189755656809221e-06
8.786020853430279e-06
1.073427869671531e-05
1.311214753582108e-05
1.601337662991345e-05
1.955273497918881e-05
2.386935157786750e-05
2.913330769961659e-05
3.554778488743484e-05
4.336592423437386e-05
5.289130488327631e-05
6.449442916080711e-05
7.862459947953751e-05
9.582072121005802e-05
1.167516506066005e-04
1.422170630554839e-04
1.731896516664814e-04
2.108400181813901e-04
2.566059092225154e-04
3.122158798228386e-04
3.797205718391164e-04
4.616829498266013e-04
5.611838900092912e-04
6.818723376965255e-04
8.280842799650583e-04
1.005338408397303e-03
1.219925143267467e-03
1.479705714106164e-03
1.793838513334352e-03
2.173733782683333e-03
2.632661921781025e-03
3.186385764303602e-03
3.854109196010026e-03
4.659179098286735e-03
5.627628601096379e-03
6.792359561960932e-03
8.192043758239764e-03
9.871394880810735e-03
1.188378971423958e-02
1.429191856394963e-02
1.717018704588606e-02
2.060397539761162e-02
2.469547448223618e-02
2.955585144649605e-02
3.532063518554530e-02
4.214731106479207e-02
5.020399719865191e-02
5.969103044905814e-02
7.082721572937860e-02
8.385524675153844e-02
9.904107481008094e-02
1.166614588128614e-01
1.370286438712785e-01
1.604327756788853e-01
1.871707583635910e-01
2.175241135855984e-01
2.517347273777625e-01
2.899224078217439e-01
3.321760460970563e-01
3.783953516628421e-01
4.283372418407437e-01
4.814949397890950e-01
5.371763349153897e-01
5.943856050029731e-01
6.518974763179888e-01
7.083172949216540e-01
7.621292915367726e-01
8.118546466338794e-01
8.562131425426928e-01
8.942631689487459e-01
9.255223757047829e-01
9.500135478552107e-01
9.682311209417926e-01
9.810253851972472e-01
9.894525009111355e-01
9.945956650796376e-01
9.974575783543524e-01
9.989125156187522e-01
9.995816931655492e-01
9.998570662963258e-01
9.999571960277134e-01
9.999889275464727e-01
9.999975659532642e-01
9.999995537744308e-01
9.999999332223396e-01
9.999999920288181e-01
9.999999992609107e-01
9.999999999481057e-01
9.999999999973608e-01
9.999999999998962e-01
9.999999999999993e-01
9.999999999999996e-01
1.000000000000000e+00
1.000000000000000e+00
1.000000000000000e+00
1.000000000000000e+00
1.000000000000000e+00
1.000000000000000e+00
1.000000000000000e+00
1.000000000000000e+00
1.000000000000000e+00
###3.600000000000001e+00
2.921982972392841e-10
4.074951126156030e-10
5.112353670041537e-10
6.362931033892864e-10
7.902939704024692e-10
9.801800717951309e-10
1.212584808789925e-09
1.497568097350858e-09
1.847312774710553e-09
2.276628442486190e-09
2.803453336482356e-09
3.450339439787895e-09
4.244373752062539e-09
5.219042644037392e-09
6.415674826609546e-09
7.883839041221187e-09
9.685434869305606e-09
1.189616558995204e-08
1.460858106820813e-08
1.793543907359672e-08
2.202323721631387e-08
2.702158551672090e-08
3.315769319211504e-08
4.068374199537118e-08
4.990762473480047e-08
6.121382870155029e-08
7.507328851353172e-08
9.205667569186693e-08
1.128646006094666e-07
1.383561837124539e-07
1.695834592092145e-07
2.078261370725384e-07
2.546671682003911e-07
3.120005575224276e-07
3.821984355075858e-07
4.681112085895278e-07
5.732528058281226e-07
7.019009874425796e-07
8.592892859731084e-07
1.051773954214741e-06
1.287180973606120e-06
1.575012698434810e-06
1.926882319249602e-06
2.356948428806863e-06
2.882548626567174e-06
3.524632416729822e-06
4.308889292063286e-06
5.266841728720313e-06
6.436374348446839e-06
7.864123711099671e-06
9.606775738588948e-06
1.173282093486280e-05
1.432673800927655e-05
1.749009980716366e-05
2.134747057423212e-05
2.604993576708967e-05
3.178161702826864e-05
3.876269913821993e-05
4.726732035979617e-05
5.762333040752311e-05
7.023161210828645e-05
8.557780705235954e-05
1.042424316099964e-04
1.269478373502588e-04
1.545538077790786e-04
1.881085724533176e-04
2.288702561675446e-04
2.783840206317280e-04
3.385043898470493e-04
4.114288819229684e-04
4.999025851664886e-04
6.072214222392656e-04
7.372838988923550e-04
8.947118048226564e-04
1.085385105468053e-03
1.316019952132913e-03
1.594928663588517e-03
1.931881347305178e-03
2.338898979353756e-03
2.830074549611245e-03
3.422026775527789e-03
4.134988088519381e-03
4.993501975933280e-03
6.025083866877380e-03
7.263988364742947e-03
8.750758923108466e-03
1.053202913202425e-02
1.266336916352666e-02
1.520989861462551e-02
1.824865643744563e-02
2.186779685223927e-02
2.617259722615793e-02
3.127694616975332e-02
3.731952246265598e-02
4.446093506339664e-02
5.287147309252668e-02
6.275362906242954e-02
7.432722864822200e-02
8.783476861756173e-02
1.035400733871151e-01
1.217165316340114e-01
1.426689613351202e-01
1.666773837818536e-01
1.940245002712397e-01
2.249737204606995e-01
2.597443131119445e-01
2.984293270103854e-01
3.410836910151848e-01
3.875785675719313e-01
4.376384996050482e-01
4.907275872625926e-01
5.461356988722218e-01
6.028605297359884e-01
6.596877493933878e-01
7.152530089772238e-01
7.680905641090586e-01
8.167843281527351e-01
8.601245374389149e-01
8.972333636441565e-01
9.276762109297209e-01
9.515017114459602e-01
9.692082322243446e-01
9.816325617906804e-01
9.898070940921488e-01
9.947837296084632e-01
9.975460524999776e-01
9.989499487582753e-01
9.995957885723722e-01
9.998617148645299e-01
9.999585172665522e-01
9.999892444345282e-01
9.999976285530080e-01
9.999995635972694e-01
9.999999343857172e-01
9.999999921222281e-01
9.999999992645776e-01
9.999999999479154e-01
9.999999999973290e-01
9.999999999998931e-01
9.999999999999994e-01
9.999999999999994e-01
1.000000000000000e+00
1.000000000000000e+00
1.000000000000000e+00
1.000000000000000e+00
1.000000000000000e+00
1.000000000000000e+00
1.000000000000000e+00
1.000000000000000e+00
1.000000000000000e+00
###3.800000000000001e+00
3.260202311659736e-10
4.491237626965192e-10
5.635653592854049e-10
7.014907161850115e-10
8.713258381340473e-10
1.080701595138925e-09
1.336910569343108e-09
1.651032270071398e-09
2.036483530346710e-09
2.509553780660096e-09
3.089947033924117e-09
3.802482987225472e-09
4.676959039607322e-09
5.750171352833494e-09
7.067568831291366e-09
8.683576043569279e-09
1.066621135943536e-08
1.309862487349462e-08
1.608244527934424e-08
1.974144581012912e-08
2.423662247270956e-08
2.973158782805493e-08
3.647597129239926e-08
4.474658053080289e-08
5.488042434193392e-08
6.729931407946691e-08
8.251932127561352e-08
1.011655518781347e-07
1.240054072558155e-07
1.519794833960727e-07
1.862393600570562e-07
2.281853626912279e-07
2.795492044893709e-07
3.424017986319278e-07
4.193370496991413e-07
5.134693657317338e-07
6.286381804597775e-07
7.695136268650680e-07
9.418116719296917e-07
1.152469723968504e-06
1.410023220446489e-06
1.724833886515832e-06
2.109561399057567e-06
2.579633530997519e-06
3.153923527380132e-06
3.855265140618097e-06
4.711586928397416e-06
5.757183588363698e-06
7.033245505069359e-06
8.590436322459965e-06
1.049030169096721e-05
1.280721993234932e-05
1.563294161470951e-05
1.907741636361941e-05
2.327568127472187e-05
2.839123567878302e-05
3.462356976706958e-05
4.221076338201905e-05
5.144943265778298e-05
6.269298565262542e-05
7.637447924138904e-05
9.301805738680730e-05
1.132484038279450e-04
1.378443400225023e-04
1.677292310918653e-04
2.040297547220587e-04
2.480998789644491e-04
3.015943094985247e-04
3.665012550610408e-04
4.451724755057592e-04
5.405442349954339e-04
6.561378537615803e-04
7.961130561623107e-04
9.653898026264911e-04
1.170226269637593e-03
1.417779977007052e-03
1.716836222051490e-03
2.077795875431934e-03
2.513318915445391e-03
3.038345552336033e-03
3.670379927334361e-03
4.430715742665337e-03
5.345132534958086e-03
6.442654838109159e-03
7.758932494155359e-03
9.336417046305832e-03
1.122370263203753e-02
1.347858364805580e-02
1.616863601826733e-02
1.937355712217796e-02
2.318428246703571e-02
2.770917381567571e-02
3.306480828105563e-02
3.939296917784742e-02
4.685731453007699e-02
5.563018383655934e-02
6.591607535966972e-02
7.793564028038638e-02
9.193094181145700e-02
1.081634553192586e-01
1.269027619556301e-01
1.484460914590226e-01
1.730629712529769e-01
2.010217151225401e-01
2.325674728078872e-01
2.678968711659798e-01
3.070763943194835e-01
3.501280977054379e-01
3.968946383031721e-01
4.470693715572835e-01
5.000886274477840e-01
5.552249730984687e-01
6.114702925781444e-01
6.676211678087374e-01
7.223419904518168e-01
7.742150393527756e-01
8.218840545899342e-01
8.642063216206048e-01
9.003658572887432e-01
9.299749879568933e-01
9.531106978610329e-01
9.702785355093084e-01
9.823058290791419e-01
9.902045264922220e-01
9.949975955472219e-01
9.976490928884267e-01
9.989948117382552e-01
9.996132671322041e-01
9.998677258902614e-01
9.999603161852731e-01
9.999897054795918e-01
9.999977279726512e-01
9.999995812331481e-01
9.999999368976611e-01
9.999999924006422e-01
9.999999992878776e-01
9.999999999492966e-01
9.999999999973885e-01
9.999999999998936e-01
9.999999999999997e-01
9.999999999999993e-01
1.000000000000000e+00
1.000000000000000e+00
1.000000000000000e+00
1.000000000000000e+00
1.000000000000000e+00
1.000000000000000e+00
1.000000000000000e+00
1.000000000000000e+00
1.000000000000000e+00
###4.000000000000001e+00
3.628207947510666e-10
4.945307555052744e-10
6.206414001983779e-10
7.725942183020061e-10
9.596892012232857e-10
1.190304822239121e-09
1.472449771148013e-09
1.818312237318734e-09
2.242650234863246e-09
2.763361922307817e-09
3.402067710090483e-09
4.186048892879157e-09
5.148046861812640e-09
6.328450003212805e-09
7.777177711954975e-09
9.553918617953187e-09
1.173332655204963e-08
1.440662329536485e-08
1.768527470260118e-08
2.170497422987162e-08
2.664246000231375e-08
3.267643977191208e-08
4.008084565889821e-08
4.915910493604753e-08
6.027972383561389e-08
7.390484603858382e-08
9.059932012962262e-08
1.110470463492201e-07
1.360875301983882e-07
1.667493080077950e-07
2.042913507721398e-07
2.502440459746156e-07
3.064994729650123e-07
3.753191116524304e-07
4.595357533797109e-07
5.625479724723606e-07
6.885454306016809e-07
8.426214555624165e-07
1.031007085280511e-06
1.261266969788367e-06
1.542698933466833e-06
1.886585533095349e-06
2.306709480404967e-06
2.819859232401823e-06
3.446552379036256e-06
4.211644559079397e-06
5.145456563781834e-06
6.285250138862569e-06
7.675748736051715e-06
9.371923353619635e-06
1.144049520141326e-05
1.396214084558420e-05
1.703634318018267e-05
2.078199537818481e-05
2.534529060928467e-05
3.090290904812606e-05
3.767069454706905e-05
4.590572712576896e-05
5.592821580643206e-05
6.811967291245082e-05
8.294583808124781e-05
1.009723252775004e-04
1.228707299006831e-04
1.494791599038100e-04
1.817882623511631e-04
2.210073155747229e-04
2.685899570040986e-04
3.263094543126997e-04
3.962931339828047e-04
4.810530823804642e-04
5.837271132849950e-04
7.080726468704582e-04
8.585225167859299e-04
1.040307995125785e-03
1.260082446176198e-03
1.525461269822307e-03
1.845724466706913e-03
2.231924005516220e-03
2.697387062836779e-03
3.257926641548694e-03
3.931962127789041e-03
4.741881690404749e-03
5.714740393774405e-03
6.881096877274284e-03
8.278044949486623e-03
9.949978557682473e-03
1.194748845537021e-02
1.433062599212196e-02
1.716944958746582e-02
2.054633831849332e-02
2.455501428845389e-02
2.930691907090109e-02
3.492128152340675e-02
4.154294026818201e-02
4.933852347341213e-02
5.848229430732917e-02
6.918060101695668e-02
8.165471794414558e-02
9.614603101460099e-02
1.129134280666359e-01
1.322222557086041e-01
1.543619615733235e-01
1.795912093234114e-01
2.081637157645302e-01
2.403062033260235e-01
2.761926087286055e-01
3.158630190585101e-01
3.593075500124785e-01
4.063404525803179e-01
4.566249641226454e-01
5.095708801833134e-01
5.644341865725295e-01
6.202016164760726e-01
6.756806120182686e-01
7.295633738954537e-01
7.804782455792475e-01
8.271264876828003e-01
8.684296488044704e-01
9.036318061227487e-01
9.323922173017176e-01
9.548175398306527e-01
9.714238098431646e-01
9.830317675952626e-01
9.906355733565070e-01
9.952316156925696e-01
9.977635096355655e-01
9.990454831690179e-01
9.996333967475307e-01
9.998748067881379e-01
9.999624921980111e-01
9.999902809031259e-01
9.999978567904403e-01
9.999996051629498e-01
9.999999405066802e-01
9.999999928313954e-01
9.999999993275710e-01
9.999999999520115e-01
9.999999999975271e-01
9.999999999998975e-01
1.000000000000000e+00
9.999999999999993e-01
1.000000000000000e+00
1.000000000000000e+00
1.000000000000000e+00
1.000000000000000e+00
1.000000000000000e+00
1.000000000000000e+00
1.000000000000000e+00
1.000000000000000e+00
1.000000000000000e+00
###4.200000000000001e+00
4.028378397361489e-10
5.440096165516568e-10
6.828324920501409e-10
8.500624708388601e-10
1.055953093318054e-09
1.309693636127683e-09
1.620069869733536e-09
2.000474341030854e-09
2.467121354782557e-09
3.039656094172014e-09
3.741776929631655e-09
4.603434392823807e-09
5.660565387811960e-09
6.957452045225621e-09
8.548859999008223e-09
1.050017911723661e-08
1.289325177830980e-08
1.582804025961075e-08
1.942665892649973e-08
2.383770098339592e-08
2.925494175647125e-08
3.587338353899404e-08
4.399326382166531e-08
5.394675862357539e-08
6.613641128974036e-08
8.106790877983378e-08
9.935875921780693e-08
1.217563048334842e-07
1.491778166774814e-07
1.827466567442978e-07
2.238375419088142e-07
2.741209720940524e-07
3.356617423679829e-07
4.109264272246167e-07
5.030079837817976e-07
6.156012282499855e-07
7.532816498830856e-07
9.215944239434784e-07
1.127327990542257e-06
1.378706107071994e-06
1.685859099117835e-06
2.061052114055188e-06
2.519271424941533e-06
3.078762935174000e-06
3.761815658541431e-06
4.595415880510721e-06
5.612474930065397e-06
6.853415077309756e-06
8.366732440880783e-06
1.021199614518018e-05
1.246147977315563e-05
1.520249124224566e-05
1.854280656231807e-05
2.261084694462346e-05
2.756465838868873e-05
3.359494868493180e-05
4.093490676935138e-05
4.986178319135781e-05
6.072081455276594e-05
7.392328822115326e-05
8.996979906233615e-05
1.094685396098714e-04
1.331429218441073e-04
1.618919612139255e-04
1.967775816005792e-04
2.390968096092568e-04
2.904070173176169e-04
3.526075295514262e-04
4.279702459460668e-04
5.191764755821661e-04
6.295751067252372e-04
7.631706054427766e-04
9.246812067954715e-04
1.119663082970130e-03
1.355182127061993e-03
1.639328759597546e-03
1.981899657436763e-03
2.394619090334762e-03
2.891509729248870e-03
3.489284177423158e-03
4.207303704119271e-03
5.069092956675972e-03
6.103014353457829e-03
7.341188870406253e-03
8.822203118175453e-03
1.059242790003172e-02
1.270448510057310e-02
1.522071554413716e-02
1.821368531735467e-02
2.176847652088791e-02
2.598160095633347e-02
3.096757269458859e-02
3.684823152422697e-02
4.377141792034912e-02
5.190664643877075e-02
6.142997070892504e-02
7.254942674130171e-02
8.548670202909908e-02
1.004822534897784e-01
1.177921272231155e-01
1.376770149311716e-01
1.604183582689251e-01
1.862635844704819e-01
2.154515806677698e-01
2.481904557530162e-01
2.846313861618979e-01
3.247882039249586e-01
3.686198880138938e-01
4.159124296762746e-01
4.662999224251159e-01
5.191667708159718e-01
5.737531082780167e-01
6.290412084035077e-01
6.838493455087140e-01
7.368969685065204e-01
7.868568292746554e-01
8.324858436271593e-01
8.727675640388598e-01
9.070046905814176e-01
9.349034358979973e-01
9.566013578459028e-01
9.726273606754420e-01
9.837980247152222e-01
9.910919719520594e-01
9.954805658682838e-01
9.978863313326196e-01
9.991004404352790e-01
9.996554806155737e-01
9.998826764266285e-01
9.999649464595510e-01
9.999909409246153e-01
9.999980074213264e-01
9.999996337790037e-01
9.999999449371292e-01
9.999999933769677e-01
9.999999993797299e-01
9.999999999557535e-01
9.999999999977266e-01
9.999999999999043e-01
1.000000000000000e+00
9.999999999999992e-01
1.000000000000000e+00
1.000000000000000e+00
1.000000000000000e+00
1.000000000000000e+00
1.000000000000000e+00
1.000000000000000e+00
1.000000000000000e+00
1.000000000000000e+00
1.000000000000000e+00
###4.400000000000001e+00
4.463166566575965e-10
5.978733842081701e-10
7.505322130618836e-10
9.343846721928963e-10
1.160724320489847e-09
1.439618547075638e-09
1.780695661269018e-09
2.198655240446320e-09
2.711291386889271e-09
3.340144603786360e-09
4.111164381937587e-09
5.057192894949995e-09
6.217632610673797e-09
7.640981654262718e-09
9.387254503454990e-09
1.152801007326667e-08
1.415287084085044e-08
1.737125516337948e-08
2.131679321499000e-08
2.615202467600086e-08
3.208914646459750e-08
3.934073427481488e-08
4.823547198126170e-08
5.913655180800370e-08
7.248326659878323e-08
8.882827972036871e-08
1.088458670577655e-07
1.333517941039408e-07
1.633471148195760e-07
2.000573494835765e-07
2.449818477265013e-07
2.999419120575719e-07
3.671881801995260e-07
4.494077723250796e-07
5.499737888438884e-07
6.728978987376959e-07
8.231713932955869e-07
1.006824089767031e-06
1.231243281644834e-06
1.505357122680652e-06
1.840190652534108e-06
2.249061112379990e-06
2.748243465583978e-06
3.357543408541470e-06
4.101146826779894e-06
5.008311613149640e-06
6.114722732235167e-06
7.464175824968296e-06
9.109192168564009e-06
1.111424541217958e-05
1.355753559716554e-05
1.653344394718435e-05
2.015848738606434e-05
2.457132605315268e-05
2.994256606959524e-05
3.647791293578351e-05
4.442879516218936e-05
5.409382089192799e-05
6.584490537507178e-05
8.012479443336352e-05
9.747105642284655e-05
1.185367596183732e-04
1.440999748743657e-04
1.751242018222832e-04
2.127453593819469e-04
2.583560687459855e-04
3.136193099905742e-04
3.805701488327781e-04
4.616263883986441e-04
5.596527097354669e-04
6.782169810831402e-04
8.215820609725885e-04
9.947643978059587e-04
1.203658961243568e-03
1.455761980443800e-03
1.759656627065136e-03
2.125678499474585e-03
2.566246204505329e-03
3.096106483317590e-03
3.732899945873517e-03
4.496944360313661e-03
5.413004494979600e-03
6.510672837675423e-03
7.823731665281268e-03
9.392307738802671e-03
1.126477375123656e-02
1.349581655838162e-02
1.615009808081005e-02
1.930271608675391e-02
2.304147494541089e-02
2.746567683401781e-02
3.269289801627395e-02
3.884754406968532e-02
4.608039929472996e-02
5.456377558527422e-02
6.447537692222619e-02
7.602475780626719e-02
8.943380063048688e-02
1.049417729173869e-01
1.228016093955831e-01
1.432689301655350e-01
1.666169193665814e-01
1.930813905203458e-01
2.228861467243759e-01
2.562204792438738e-01
2.932127140994834e-01
3.338505467626021e-01
3.780625132787674e-01
4.256065304839931e-01
4.760884470547402e-01
5.288683499598884e-01
5.831712679671461e-01
6.379758020693482e-01
6.921109380407733e-01
7.443232359918629e-01
7.933285005272583e-01
8.379378049990656e-01
8.771948928249667e-01
9.104599316363852e-01
9.374861065055897e-01
9.584428820000952e-01
9.738737679063849e-01
9.845933168970923e-01
9.915660995970377e-01
9.957396925239722e-01
9.980148412935763e-01
9.991582800171380e-01
9.996788739188076e-01
9.998910725426748e-01
9.999675858266045e-01
9.999916571100342e-01
9.999981725158584e-01
9.999996655023182e-01
9.999999499127173e-01
9.999999939990087e-01
9.999999994402191e-01
9.999999999601874e-01
9.999999999979672e-01
9.999999999999131e-01
1.000000000000001e+00
9.999999999999992e-01
1.000000000000000e+00
1.000000000000000e+00
1.000000000000000e+00
1.000000000000000e+00
1.000000000000000e+00
1.000000000000000e+00
1.000000000000000e+00
1.000000000000000e+00
1.000000000000000e+00
###4.600000000000001e+00
4.935154515334707e-10
6.564557322571551e-10
8.241600660846784e-10
1.026082493353459e-09
1.274649575351012e-09
1.580879336893286e-09
1.955312504849465e-09
2.414065827221027e-09
2.976645624695449e-09
3.666646622420796e-09
4.512454906625349e-09
5.550042058391671e-09
6.822558186211462e-09
8.383086253203038e-09
1.029729538661950e-08
1.264342200341270e-08
1.551950200326310e-08
1.904517382051161e-08
2.336651031065371e-08
2.866111542196290e-08
3.516108645438108e-08
4.309793540801741e-08
5.283108503707123e-08
6.475714116123706e-08
7.935505689843194e-08
9.722811616221341e-08
1.191117630902683e-07
1.458954651379704e-07
1.786704703963919e-07
2.187722585137918e-07
2.678342616733939e-07
3.278399474981928e-07
4.012397399594088e-07
4.909577125369373e-07
6.006676843406620e-07
7.347219342859321e-07
8.985574497188151e-07
1.098724074729754e-06
1.343250867342864e-06
1.641821309959282e-06
2.006418025837498e-06
2.451484833709925e-06
2.994675378857505e-06
3.657463278533024e-06
4.466061635021943e-06
5.452155023223776e-06
6.654388813157951e-06
8.120158465682225e-06
9.906276393081619e-06
1.208244324441888e-05
1.473316553776211e-05
1.796036561311063e-05
2.188984349420860e-05
2.667114549031252e-05
3.248821813349825e-05
3.956270191171439e-05
4.816533961178496e-05
5.861749730209936e-05
7.131914692582482e-05
8.674615189379709e-05
1.054756047929318e-04
1.282079163980818e-04
1.557782938708025e-04
1.892189761482320e-04
2.297435696654164e-04
2.788458039862597e-04
3.382977600150236e-04
4.102755979033561e-04
4.973590760093392e-04
6.025959831891645e-04
7.297862634498151e-04
8.834620175279213e-04
1.068953837794916e-03
1.292506910326866e-03
1.562067072607572e-03
1.886728562131842e-03
2.277388440031313e-03
2.747182500199683e-03
3.311610753754995e-03
3.989267939184620e-03
4.801462126180840e-03
5.774234386343963e-03
6.938482148805877e-03
8.329548574759992e-03
9.989283025682543e-03
1.196804957327102e-02
1.432263265606857e-02
1.712004595261885e-02
2.043794156899175e-02
2.436686316065932e-02
2.900890129779755e-02
3.448468087441976e-02
4.092112349643156e-02
4.847189434290647e-02
5.731200785253111e-02
6.762067091514216e-02
7.960877966282177e-02
9.349818432354823e-02
1.095266933140501e-01
1.279438452395682e-01
1.489997729759520e-01
1.729591260455928e-01
2.000457209455235e-01
2.304680023104212e-01
2.643962230201011e-01
3.019357508172709e-01
3.430482391531108e-01
3.876323942295861e-01
4.354182682878972e-01
4.859843099301246e-01
5.386673116581340e-01
5.926779715799678e-01
6.469919234982742e-01
7.004492302494986e-01
7.518232658176384e-01
7.998719820424129e-01
8.434594411672106e-01
8.816881394414821e-01
9.139747817566131e-01
9.401195145603297e-01
9.603244699368879e-01
9.751490607320914e-01
9.854074182807534e-01
9.920510564887546e-01
9.960047197112336e-01
9.981465958764740e-01
9.992177368834249e-01
9.997029945879133e-01
9.998997577364068e-01
9.999703256373518e-01
9.999924034957020e-01
9.999983453205064e-01
9.999996988707681e-01
9.999999551755563e-01
9.999999946613021e-01
9.999999995050829e-01
9.999999999649883e-01
9.999999999982290e-01
9.999999999999230e-01
1.000000000000001e+00
9.999999999999992e-01
1.000000000000000e+00
1.000000000000000e+00
1.000000000000000e+00
1.000000000000000e+00
1.000000000000000e+00
1.000000000000000e+00
1.000000000000000e+00
1.000000000000000e+00
1.000000000000000e+00
###4.800000000000002e+00
5.447270295575137e-10
7.201121426716321e-10
9.041629675834804e-10
1.125711794434882e-09
1.398417692929164e-09
1.734327759175142e-09
2.144969670850170e-09
2.647995316049359e-09
3.264765334978800e-09
4.021098223476883e-09
4.948015867097353e-09
6.084874059594345e-09
7.478836531293509e-09
9.188069444437264e-09
1.128422802377367e-08
1.385280346123943e-08
1.700092126036586e-08
2.085925654797729e-08
2.558731429427232e-08
3.137895561323693e-08
3.848775693266582e-08
4.716561758966139e-08
5.780513599075998e-08
7.083891483699667e-08
8.678863862755534e-08
1.063121009187631e-07
1.302106044416849e-07
1.594529290731093e-07
1.952273368254592e-07
2.389875612211632e-07
2.925111550750204e-07
3.579558312145144e-07
4.379865972900713e-07
5.357818877514089e-07
6.553380920221398e-07
8.013732263240066e-07
9.798017402408831e-07
1.197730890395033e-06
1.463877018063462e-06
1.788732752570523e-06
2.185304855812723e-06
2.669242420932280e-06
3.259672857304832e-06
3.979851871827388e-06
4.858157349594780e-06
5.928863150650638e-06
7.233774673473327e-06
8.824123016424418e-06
1.076129264053746e-05
1.312055034431610e-05
1.599309215543550e-05
1.948892320929338e-05
2.374364599403745e-05
2.891838834653537e-05
3.521125561516841e-05
4.286078711414848e-05
5.215819704450829e-05
6.344894071470197e-05
7.716272161556348e-05
9.381030511628391e-05
1.140106473001250e-04
1.385144703277367e-04
1.682155206207262e-04
2.042204777256558e-04
2.478254375876524e-04
3.006276846191402e-04
3.645167462046424e-04
4.418134005484753e-04
5.352696603609824e-04
6.481249365530227e-04
7.844215842167970e-04
9.489686028800700e-04
1.147437801882850e-03
1.386425690301294e-03
1.674350960755185e-03
2.020837847549559e-03
2.437367724738342e-03
2.937817207579351e-03
3.538468328164058e-03
4.258898818561400e-03
5.121439002376355e-03
6.153438098650966e-03
7.387140996914323e-03
8.859483436972879e-03
1.061407559033343e-02
1.270331274192405e-02
1.518610807220584e-02
1.813185700946740e-02
2.162078700683804e-02
2.574619563324688e-02
3.061295698099285e-02
3.634472747915243e-02
4.307089010955921e-02
5.094792264847742e-02
6.015344115759338e-02
7.086800021721201e-02
8.330365261774340e-02
9.768198002444571e-02
1.142390520870924e-01
1.332207116911461e-01
1.548711877378489e-01
1.794462943557496e-01
2.071574606499675e-01
2.381974799346712e-01
2.727173307399519e-01
3.107992992702791e-01
3.523790635466799e-01
3.973260713387593e-01
4.453427197999086e-01
4.959808707925840e-01
5.485552265381470e-01
6.022623218715956e-01
6.560762251739402e-01
7.088483384636697e-01
7.593787598799370e-01
8.064669698469188e-01
8.490291423255985e-01
8.862254002169017e-01
9.175282294670105e-01
9.427846786615836e-01
9.622300668215099e-01
9.764406151275509e-01
9.862311261544823e-01
9.925406849327941e-01
9.962718537683427e-01
9.982794346410097e-01
9.992777091839318e-01
9.997273306650317e-01
9.999085234462920e-01
9.999730917862646e-01
9.999931573256633e-01
9.999985199192005e-01
9.999997326032184e-01
9.999999604994493e-01
9.999999953319834e-01
9.999999995708382e-01
9.999999999698677e-01
9.999999999984946e-01
9.999999999999334e-01
1.000000000000001e+00
9.999999999999992e-01
1.000000000000000e+00
1.000000000000000e+00
1.000000000000000e+00
1.000000000000000e+00
1.000000000000000e+00
1.000000000000000e+00
1.000000000000000e+00
1.000000000000000e+00
1.000000000000000e+00
###5.000000000000002e+00
6.002482977258089e-10
7.892211449884010e-10
9.910167890267272e-10
1.233864229972218e-09
1.532762056946401e-09
1.900870619779770e-09
2.350784008233261e-09
2.901815738868619e-09
3.577330187372566e-09
4.405559198481070e-09
5.420365251988213e-09
6.664763809398193e-09
8.190259993719477e-09
1.006050554078287e-08
1.235361945420676e-08
1.516294115322767e-08
1.860538730844990e-08
2.282354823092020e-08
2.799141676637169e-08
3.432038343585828e-08
4.208718827681195e-08
5.156566158427614e-08
6.318417606276733e-08
7.741408315524645e-08
9.482306637036524e-08
1.161275690740719e-07
1.421997423396222e-07
1.740936444879940e-07
2.131017994943445e-07
2.608050081852393e-07
3.191356099115473e-07
3.904383732487895e-07
4.776086073187681e-07
5.840975541744529e-07
7.142473976804321e-07
8.731683836191681e-07
1.067286179916993e-06
1.304305041138808e-06
1.593676719987688e-06
1.946759877943968e-06
2.377655822602272e-06
2.903302040921420e-06
3.544400099033636e-06
4.326108282615705e-06
5.279116233028650e-06
6.440449332663332e-06
7.855299533140514e-06
9.578969457578914e-06
1.167771465132440e-05
1.423272467572647e-05
1.734230982186322e-05
2.112506048894632e-05
2.572699321575294e-05
3.132152425237591e-05
3.812177555224752e-05
4.638419467975945e-05
5.642167811704753e-05
6.860516262199899e-05
8.339579728633539e-05
1.013412204749396e-04
1.231045842183548e-04
1.494896789554025e-04
1.814520178853289e-04
2.201763588356847e-04
2.670467751818569e-04
3.237668522799226e-04
3.923517214394472e-04
4.752745664009955e-04
5.754634983663240e-04
6.963628023317737e-04
8.422668414550475e-04
1.018274636071837e-03
1.230411430722067e-03
1.485641820930256e-03
1.792875984459824e-03
2.162287659592754e-03
2.605965715756586e-03
3.138551974059965e-03
3.777139462423175e-03
4.542318519587657e-03
5.457473781277064e-03
6.551295355469449e-03
7.857417629664140e-03
9.414401148862701e-03
1.126765478993201e-02
1.347164497988184e-02
1.608744237920790e-02
1.918685444342459e-02
2.285270281768145e-02
2.718105104421440e-02
3.227954873846128e-02
3.827486295592124e-02
4.529877820299403e-02
5.351051089639623e-02
6.309017120573461e-02
7.421949800579153e-02
8.711150713228691e-02
1.019872654963295e-01
1.190808138044368e-01
1.386339850128892e-01
1.608846843550269e-01
1.860795678258117e-01
2.144172791009436e-01
2.460746505873902e-01
2.811831370561185e-01
3.198018073813785e-01
3.618404335123330e-01
4.071396686788582e-01
4.553745442735823e-01
5.060711141730404e-01
5.585238497540131e-01
6.119132753239317e-01
6.652153948577781e-01
7.172926771766573e-01
7.669720323571070e-01
8.130941093956738e-01
8.546265693379257e-01
8.907862920975977e-01
9.211009172445337e-01
9.454642692290650e-01
9.641451712643636e-01
9.777370901038170e-01
9.870562467718812e-01
9.930295535212771e-01
9.965377780642007e-01
9.984114813919417e-01
9.993372360388785e-01
9.997514446335524e-01
9.999171918819575e-01
9.999758213678174e-01
9.999938994457287e-01
9.999986913631224e-01
9.999997656331059e-01
9.999999656975473e-01
9.999999959849040e-01
9.999999996346404e-01
9.999999999745913e-01
9.999999999987501e-01
9.999999999999436e-01
1.000000000000002e+00
9.999999999999992e-01
1.000000000000000e+00
1.000000000000000e+00
1.000000000000000e+00
1.000000000000000e+00
1.000000000000000e+00
1.000000000000000e+00
1.000000000000000e+00
1.000000000000000e+00
1.000000000000000e+00
###5.200000000000002e+00
6.603977734248411e-10
8.641855821051098e-10
1.085229671548258e-09
1.351169426316195e-09
1.678463046183539e-09
2.081472752150773e-09
2.573943649550918e-09
3.176986449065771e-09
3.916118723681953e-09
4.822219613579909e-09
5.932179876272333e-09
7.292979537350377e-09
8.960815178971420e-09
1.100525424379582e-08
1.351139493304830e-08
1.658104151125128e-08
2.034166734400439e-08
2.494870943413960e-08
3.059177430248723e-08
3.750113795620387e-08
4.597849982615576e-08
5.632126349005070e-08
6.899634432503283e-08
8.451677258781119e-08
1.034997055411379e-07
1.267246411225395e-07
1.551398839132368e-07
1.898911110961951e-07
2.323828067705492e-07
2.843322001872771e-07
3.478377400737867e-07
4.254448349656145e-07
5.202957807944430e-07
6.361339866285918e-07
7.776725329991542e-07
9.504415301434699e-07
1.161413689058855e-06
1.418932156097963e-06
1.733235030267201e-06
2.116610500805998e-06
2.584318551331259e-06
3.154683135946396e-06
3.850082478954723e-06
4.697704581901714e-06
5.730713053178771e-06
6.989038319781906e-06
8.521505563579802e-06
1.038774379514801e-05
1.265918947545942e-05
1.542332976229974e-05
1.878603527525543e-05
2.287500935930914e-05
2.784732402647107e-05
3.388942497950749e-05
4.123034921120490e-05
5.014550938699574e-05
6.097075077895511e-05
7.410394680482828e-05
9.003948260125125e-05
1.093639264043483e-04
1.327870579307696e-04
1.611686100668391e-04
1.955296306760160e-04
2.371357704511537e-04
2.874644773257585e-04
3.483310921568794e-04
4.218823266130558e-04
5.107507566446884e-04
6.180500188567438e-04
7.474375062262561e-04
9.034713440492372e-04
1.091557332757772e-03
1.318076919869343e-03
1.590389820243128e-03
1.917914659846244e-03
2.311391304823150e-03
2.783543144881526e-03
3.349801137611675e-03
4.028098522239777e-03
4.840068564738900e-03
5.810182382861575e-03
6.968504491491058e-03
8.350089787911486e-03
9.995188189994494e-03
1.195101293329997e-02
1.427415075883120e-02
1.702785992354461e-02
2.028638647799711e-02
2.413516403255644e-02
2.867303142244130e-02
3.401040240721580e-02
4.027692966039186e-02
4.760673385606863e-02
5.616169004415828e-02
6.612429436695071e-02
7.767727881282316e-02
9.103443871075388e-02
1.064160633697405e-01
1.240538633982274e-01
1.441853331784048e-01
1.670416301521320e-01
1.928599090760038e-01
2.218256221482117e-01
2.540993163024095e-01
2.897926615923440e-01
3.289413641398854e-01
3.714293487581134e-01
4.170688944606252e-01
4.655079853363904e-01
5.162476332781427e-01
5.685628190081453e-01
6.216196020743782e-01
6.743960981111022e-01
7.257669464221260e-01
7.745859887674235e-01
8.197349583265972e-01
8.602325975000720e-01
8.953518801729192e-01
9.246750605092677e-01
9.481425293893985e-01
9.660567947493505e-01
9.790283783009496e-01
9.878755545310302e-01
9.935129323398135e-01
9.967996396994514e-01
9.985411384682302e-01
9.993955075983320e-01
9.997749681218675e-01
9.999256163269254e-01
9.999784630489473e-01
9.999946144197112e-01
9.999988557164926e-01
9.999997971283445e-01
9.999999706254333e-01
9.999999966001275e-01
9.999999996943620e-01
9.999999999789849e-01
9.999999999989856e-01
9.999999999999530e-01
1.000000000000002e+00
9.999999999999993e-01
1.000000000000000e+00
1.000000000000000e+00
1.000000000000000e+00
1.000000000000000e+00
1.000000000000000e+00
1.000000000000000e+00
1.000000000000000e+00
1.000000000000000e+00
1.000000000000000e+00
###5.400000000000002e+00
7.255136973288976e-10
9.454340075857532e-10
1.187339122777081e-09
1.478297095945029e-09
1.836350658011569e-09
2.277160114096909e-09
2.815711968126035e-09
3.475058972521068e-09
4.283044893062596e-09
5.273407023909936e-09
6.486304020760223e-09
7.972993161286113e-09
9.794736239830569e-09
1.202747581421764e-08
1.476384049777355e-08
1.811475293677042e-08
2.221906386002204e-08
2.724604864697274e-08
3.340212726804990e-08
4.093790579830204e-08
5.018195644831942e-08
6.145700194293797e-08
7.527144851404304e-08
9.218312267236676e-08
1.128623485252351e-07
1.381563620362762e-07
1.690952586168494e-07
2.069230687853542e-07
2.531644086709097e-07
3.096828722876530e-07
3.787550399694034e-07
4.631413312751019e-07
5.662487132420169e-07
6.921335021049193e-07
8.459057586448993e-07
1.033545115688630e-06
1.262609125141043e-06
1.542124130811482e-06
1.883168427774403e-06
2.299023872882287e-06
2.806185548580948e-06
3.424458652363824e-06
4.178009171001985e-06
5.096188818127541e-06
6.214796464496738e-06
7.576858087531345e-06
9.235062903050363e-06
1.125364401150427e-05
1.370954447058371e-05
1.669694284176410e-05
2.032973830269835e-05
2.474530103608800e-05
3.011243095205827e-05
3.663137954154233e-05
4.454803988353774e-05
5.415789530600621e-05
6.582106417248209e-05
7.996387693631121e-05
9.711582425157030e-05
1.179045497896537e-04
1.430889953051070e-04
1.735878315089774e-04
2.104911639330649e-04
2.551500326437680e-04
3.091385087542217e-04
3.743909126095362e-04
4.531913377322576e-04
5.483377383302318e-04
6.631428102256390e-04
8.014817760203878e-04
9.681899081299859e-04
1.168993843130631e-03
1.410637625536236e-03
1.700912449301580e-03
2.049752029249406e-03
2.468471089481518e-03
2.970472359785741e-03
3.571991978567650e-03
4.291834230883854e-03
5.152706306952261e-03
6.180198083002784e-03
7.405782676479346e-03
8.865975072897705e-03
1.060275275611671e-02
1.266516530302435e-02
1.511195926883240e-02
1.800860958330659e-02
2.143182593220178e-02
2.546966962420824e-02
3.022376118032039e-02
3.580726349367486e-02
4.235278546531298e-02
4.999671276219179e-02
5.890349286662522e-02
6.925791476904342e-02
8.124343493231949e-02
9.507450312038195e-02
1.109703355286214e-01
1.291599997531225e-01
1.498763087606880e-01
1.733432424698767e-01
1.997880923109982e-01
2.293827050266776e-01
2.622710043363743e-01
2.985446051693582e-01
3.382156988700217e-01
3.811424158880670e-01
4.271090494078992e-01
4.757368855852713e-01
5.265026541988386e-01
5.786626416454320e-01
6.313699173396803e-01
6.836049436486261e-01
7.342561397840754e-01
7.822041227698563e-01
8.263719651175645e-01
8.658292746198043e-01
8.999046162425264e-01
9.282342291513903e-01
9.508051940435850e-01
9.679530405515014e-01
9.803055363360148e-01
9.886827451513314e-01
9.939867584985211e-01
9.970550282489895e-01
9.986670749972507e-01
9.994518592143380e-01
9.997976049273674e-01
9.999336801938602e-01
9.999809769007084e-01
9.999952904457611e-01
9.999990100348370e-01
9.999998264788793e-01
9.999999751802621e-01
9.999999971638578e-01
9.999999997485671e-01
9.999999999829355e-01
9.999999999991946e-01
9.999999999999615e-01
1.000000000000002e+00
9.999999999999993e-01
1.000000000000000e+00
1.000000000000000e+00
1.000000000000000e+00
1.000000000000000e+00
1.000000000000000e+00
1.000000000000000e+00
1.000000000000000e+00
1.000000000000000e+00
1.000000000000000e+00
###5.600000000000002e+00
7.959517801263644e-10
1.033421945312390e-09
1.297917601866028e-09
1.615959217293552e-09
2.007307189172433e-09
2.489023259745641e-09
3.077431651080476e-09
3.797682020995760e-09
4.680129211149378e-09
5.761593881996058e-09
7.085758410513293e-09
8.708491226425676e-09
1.069651803034713e-08
1.313264696613837e-08
1.611762471997253e-08
1.977218897777918e-08
2.424744258161421e-08
2.972755591845356e-08
3.643704033958912e-08
4.464836984498764e-08
5.471902701929121e-08
6.699890847570056e-08
8.204104931159964e-08
1.004513870673612e-07
1.229573357371855e-07
1.504788461992367e-07
1.841337916408653e-07
2.252717049476990e-07
2.755460042641668e-07
3.369771894517016e-07
4.120327049294797e-07
5.037032535912847e-07
6.156791881229427e-07
7.523516733773244e-07
9.192553387296106e-07
1.122850756872434e-06
1.371320292853170e-06
1.674420304318296e-06
2.044126184377132e-06
2.494780447713637e-06
3.044196069321463e-06
3.713757355901376e-06
4.529535892049544e-06
5.523188233690881e-06
6.733318629424381e-06
8.206248818577754e-06
9.998774972138039e-06
1.218002629720745e-05
1.483279461727588e-05
1.805835642063533e-05
2.197915177621312e-05
2.674277775019704e-05
3.253047382387007e-05
3.955711029738670e-05
4.808642129788749e-05
5.843511716526124e-05
7.098897330065682e-05
8.620436498392552e-05
1.046478395265528e-04
1.269903530177195e-04
1.540426494218967e-04
1.867854551931756e-04
2.263815077093835e-04
2.742715930173504e-04
3.321312625045646e-04
4.020196405391730e-04
4.863648088966576e-04
5.881416133731088e-04
7.108598066926985e-04
8.586332830746218e-04
1.036582970389131e-03
1.250770065119474e-03
1.508319761962608e-03
1.817460360598582e-03
2.188672059774212e-03
2.633855745811913e-03
3.167137447067337e-03
3.805564859393594e-03
4.568849844273261e-03
5.480805142603655e-03
6.568171756861993e-03
7.863866339377095e-03
9.405921540497290e-03
1.123802523060376e-02
1.341115029322998e-02
1.598622362662877e-02
1.903096454734715e-02
2.262456976342381e-02
2.685774176644695e-02
3.183488601869421e-02
3.767189565888408e-02
4.450430171338406e-02
5.247067754558494e-02
6.173795011894661e-02
7.249306765110045e-02
8.492003068596943e-02
9.923371060730170e-02
1.156519766481487e-01
1.344009286970630e-01
1.557083413916993e-01
1.797905809311281e-01
2.068646957901203e-01
2.370885055575273e-01
2.705889618831741e-01
3.074373469401948e-01
3.476221819709024e-01
3.909758541480214e-01
4.372550382820120e-01
4.860547052061008e-01
5.368280683854447e-01
5.888135737765426e-01
6.411527351328541e-01
6.928290420313618e-01
7.427455823385869e-01
7.898105301439132e-01
8.329884634593513e-01
8.713997930700107e-01
9.044282928884917e-01
9.317637385907288e-01
9.534394281649503e-01
9.698235251243233e-01
9.815608380004416e-01
9.894723907111629e-01
9.944476024398746e-01
9.973019515541376e-01
9.987882119488319e-01
9.995057625720685e-01
9.998191253940339e-01
9.999412952235726e-01
9.999833334635622e-01
9.999959191120668e-01
9.999991522941042e-01
9.999998532817956e-01
9.999999792973132e-01
9.999999976678668e-01
9.999999997964599e-01
9.999999999863843e-01
9.999999999993744e-01
9.999999999999688e-01
1.000000000000002e+00
9.999999999999993e-01
1.000000000000000e+00
1.000000000000000e+00
1.000000000000000e+00
1.000000000000000e+00
1.000000000000000e+00
1.000000000000000e+00
1.000000000000000e+00
1.000000000000000e+00
1.000000000000000e+00
###5.800000000000002e+00
8.721010396165417e-10
1.128633478308153e-09
1.417573785470890e-09
1.764912337084608e-09
2.192270133930824e-09
2.718220751030697e-09
3.360529034327509e-09
4.146606677518304e-09
5.109517302312976e-09
6.289405325379773e-09
7.733749679827705e-09
9.503386337514161e-09
1.167092996783840e-08
1.432657768677570e-08
1.757982028979917e-08
2.156195310591437e-08
2.643726192925590e-08
3.240593837087363e-08
3.971194510628517e-08
4.865126039123612e-08
5.961244592536001e-08
7.297425031564629e-08
8.933854816216551e-08
1.093620399877888e-07
1.338336834319008e-07
1.637514307274694e-07
2.003272875853592e-07
2.450238743275232e-07
2.996326046006141e-07
3.663420607497927e-07
4.478240440670592e-07
5.473157168069343e-07
6.688106357838598e-07
8.170580281625685e-07
9.980462976415065e-07
1.218750139274592e-06
1.488019011659205e-06
1.816388738948913e-06
2.216791899752023e-06
2.704702346359421e-06
3.299338290858296e-06
4.023766352951297e-06
4.906087872131932e-06
5.980412965039169e-06
7.288330179062511e-06
8.879667690895426e-06
1.081558417205464e-05
1.317041168213165e-05
1.603315015118882e-05
1.951257372962881e-05
2.374028213044904e-05
2.887460537515947e-05
3.510999461325455e-05
4.267679027477467e-05
5.185759803071587e-05
6.299156414334851e-05
7.649156672671072e-05
9.284568346539648e-05
1.126595538437335e-04
1.366497777213683e-04
1.656816505293281e-04
2.008011986814852e-04
2.432475063115930e-04
2.945556339789226e-04
3.565076488778093e-04
4.312935208880020e-04
5.214921722067161e-04
6.302636855301174e-04
7.613234210522671e-04
9.190348254348146e-04
1.108816831431858e-03
1.337079327266774e-03
1.611344982677950e-03
1.940293057199009e-03
2.334974312025337e-03
2.807897281489327e-03
3.373934887538797e-03
4.050974121922135e-03
4.859663568711415e-03
5.824954984844638e-03
6.974794601134328e-03
8.343511502037073e-03
9.970765364486489e-03
1.190195814899079e-02
1.419002941355617e-02
1.689812075048693e-02
2.009622203510339e-02
2.386603857343464e-02
2.830092507447230e-02
3.350807185284083e-02
3.960607923738318e-02
4.673336127527510e-02
5.503059527875225e-02
6.466708750064476e-02
7.583180407154261e-02
8.870909801612030e-02
1.035140206279314e-01
1.204628081794094e-01
1.397782563081403e-01
1.616827305256074e-01
1.863845400225435e-01
2.140900944956012e-01
2.449427577024368e-01
2.790521509953304e-01
3.164689416392014e-01
3.571578255208255e-01
4.009255005531841e-01
4.475013797804867e-01
4.964545375715925e-01
5.472154533145884e-01
5.990056461650793e-01
6.509564929809802e-01
7.020553395870163e-01
7.512209460903069e-01
7.973899154439530e-01
8.395684761862106e-01
8.769293066479533e-01
9.089080158364520e-01
9.352501564774794e-01
9.560337698855631e-01
9.716591140943969e-01
9.827873948110218e-01
9.902398890610807e-01
9.948926299460051e-01
9.975388074216464e-01
9.989037041162520e-01
9.995568167372939e-01
9.998393605886521e-01
9.999483989924542e-01
9.999855128446610e-01
9.999964950843367e-01
9.999992812863487e-01
9.999998773178319e-01
9.999999829447928e-01
9.999999981086489e-01
9.999999998377668e-01
9.999999999893155e-01
9.999999999995247e-01
9.999999999999748e-01
1.000000000000002e+00
9.999999999999994e-01
1.000000000000000e+00
1.000000000000000e+00
1.000000000000000e+00
1.000000000000000e+00
1.000000000000000e+00
1.000000000000000e+00
1.000000000000000e+00
1.000000000000000e+00
1.000000000000000e+00
###6.000000000000003e+00
9.543710933157619e-10
1.231582824981761e-09
1.546954153158088e-09
1.925960062675106e-09
2.392235143411665e-09
2.965983096020790e-09
3.666518578667205e-09
4.523692035503760e-09
5.573490715482889e-09
6.859627287488462e-09
8.433680210980954e-09
1.036182904000217e-08
1.272303051292271e-08
1.561542860804490e-08
1.915792700688781e-08
2.349316308485746e-08
2.879960349972731e-08
3.529465683861897e-08
4.324318417643856e-08
5.296640814345080e-08
6.488627719221295e-08
7.941240969033463e-08
9.719927889096747e-08
1.189578858173691e-07
1.455432149079891e-07
1.780368324391971e-07
2.177516180963572e-07
2.662713231951155e-07
3.255351002473350e-07
3.979114586036552e-07
4.862908471313596e-07
5.941740124360248e-07
7.258786945688399e-07
8.865367217006554e-07
1.082621182180004e-06
1.321655922272561e-06
1.613202181343853e-06
1.968627492610570e-06
2.401885005561724e-06
2.929654465608561e-06
3.572651416945228e-06
4.355733575347046e-06
5.309162778220228e-06
6.469659304875141e-06
7.881984280024142e-06
9.599693655481503e-06
1.168857751309526e-05
1.422849276341103e-05
1.731502463029694e-05
2.106490036311945e-05
2.561942033980190e-05
3.114828563444628e-05
3.785993150575917e-05
4.600105936975868e-05
5.587422405993860e-05
6.784227104153033e-05
8.234669102824039e-05
9.990899336689847e-05
1.211760325100756e-04
1.469124807562917e-04
1.780410466405349e-04
2.156764307206854e-04
2.611379233411194e-04
3.160595643870181e-04
3.823351546979960e-04
4.622917724544283e-04
5.586662710233474e-04
6.748126045620836e-04
8.146556128263426e-04
9.828343441641437e-04
1.185063701629008e-03
1.428121666577982e-03
1.719944272418569e-03
2.069678661396610e-03
2.488968134216112e-03
2.990951615413027e-03
3.591272770497257e-03
4.308686817946983e-03
5.164808644513227e-03
6.185762269501445e-03
7.400734528214710e-03
8.845493466482751e-03
1.056137418120759e-02
1.259552566492052e-02
1.500288688745303e-02
1.784885085344522e-02
2.120570265094819e-02
2.515769529892601e-02
2.980078549501710e-02
3.524500337242360e-02
4.161160941835880e-02
4.904185628298853e-02
5.767843470238551e-02
6.769292243243399e-02
7.927615402546265e-02
9.261263201156732e-02
1.079173363946470e-01
1.254045721588460e-01
1.452934820701476e-01
1.678006380984863e-01
1.931258416212810e-01
2.214644529689460e-01
2.529449450990650e-01
2.876592437427114e-01
3.256371171686465e-01
3.668192842798407e-01
4.109868154257546e-01
4.578422168605898e-01
5.069291250311074e-01
5.576560931331610e-01
6.092286892838840e-01
6.607695750774419e-01
7.112709199949906e-01
7.596682590008367e-01
8.049275806040376e-01
8.460964771205348e-01
8.824022889178520e-01
9.133301245044829e-01
9.386813321573773e-01
9.585780499259637e-01
9.734518474648600e-01
9.839794170218050e-01
9.909814090043003e-01
9.953195557362822e-01
9.977643515291855e-01
9.990129192844897e-01
9.996047344552311e-01
9.998581960023335e-01
9.999549519791219e-01
9.999875035202831e-01
9.999970155528540e-01
9.999993964950394e-01
9.999998985147771e-01
9.999999861176501e-01
9.999999984864717e-01
9.999999998726139e-01
9.999999999917483e-01
9.999999999996468e-01
9.999999999999797e-01
1.000000000000002e+00
9.999999999999994e-01
1.000000000000000e+00
1.000000000000000e+00
1.000000000000000e+00
1.000000000000000e+00
1.000000000000000e+00
1.000000000000000e+00
1.000000000000000e+00
1.000000000000000e+00
1.000000000000000e+00
###6.200000000000003e+00
1.043194905663002e-09
1.342815988529701e-09
1.686745258734404e-09
2.099955534744233e-09
2.608259200653346e-09
3.233616367174717e-09
3.997007679722017e-09
4.930910973523406e-09
6.074482651900327e-09
7.475215243809399e-09
9.189158683490452e-09
1.128822062343912e-08
1.385818252918661e-08
1.700572963433084e-08
2.085989981354137e-08
2.557547890683959e-08
3.134620473320194e-08
3.840796523983295e-08
4.704805867055508e-08
5.761480154092154e-08
7.056598237604073e-08
8.634428849099851e-08
1.056606088488295e-07
1.292841773219964e-07
1.581407013756376e-07
1.934013157160033e-07
2.364869222460268e-07
2.891109284619267e-07
3.533705466698412e-07
4.318267589988223e-07
5.276037904927258e-07
6.444840914673930e-07
7.871317806854936e-07
9.610872217657368e-07
1.173340875684842e-06
1.432002706272125e-06
1.747392965557621e-06
2.131765995012938e-06
2.600162382117960e-06
3.170546388690199e-06
3.865227940285789e-06
4.710970455374955e-06
5.740333845751940e-06
6.992813497813685e-06
8.516541029264239e-06
1.036903269100929e-05
1.262099271045045e-05
1.535814083016498e-05
1.868304331997423e-05
2.272085801149701e-05
2.762315342775912e-05
3.357166956505396e-05
4.078963464969886e-05
4.954104265291052e-05
6.014952418206639e-05
7.300294340735068e-05
8.857297975262983e-05
1.074163777587550e-04
1.302234197123159e-04
1.578093793939341e-04
1.911573559013594e-04
2.314542319530247e-04
2.801035122054233e-04
3.388431018226007e-04
4.096839402849433e-04
4.950967047026877e-04
5.979835115274550e-04
7.218998028699173e-04
8.709974620419909e-04
1.050186856074074e-03
1.265500813033896e-03
1.524104077278833e-03
1.834357372104999e-03
2.205894154795361e-03
2.650965659950654e-03
3.183385799945068e-03
3.819572024734691e-03
4.579184100897828e-03
5.484833468635816e-03
6.563849854489466e-03
7.846691941607919e-03
9.370606678294889e-03
1.117863969294473e-02
1.331972382712971e-02
1.585082981529028e-02
1.883963763799593e-02
2.236075127350146e-02
2.650107870576856e-02
3.135891140068797e-02
3.704738368306066e-02
4.369029533711379e-02
5.143168655041242e-02
6.041616400032502e-02
7.081746112755974e-02
8.282812277151667e-02
9.663258644785233e-02
1.124454996288897e-01
1.304789252139726e-01
1.509479922214937e-01
1.740630813735980e-01
2.000150276703431e-01
2.289877181534228e-01
2.610942946273977e-01
2.964086170737094e-01
3.349392711350674e-01
3.766028545043597e-01
4.211548787565126e-01
4.682702747404817e-01
5.174708581211344e-01
5.681409936238743e-01
6.194723550963832e-01
6.705803374008824e-01
7.204630265047333e-01
7.680739284818967e-01
8.124094572780430e-01
8.524584673794021e-01
8.878050497974340e-01
9.176821474793588e-01
9.420463804407149e-01
9.610633289340585e-01
9.751948775539125e-01
9.851320689893176e-01
9.916938377215908e-01
9.957266012304758e-01
9.979776677466208e-01
9.991154171588922e-01
9.996493299619174e-01
9.998755655457653e-01
9.999609344549514e-01
9.999893010702413e-01
9.999974799405762e-01
9.999994979651204e-01
9.999999169225949e-01
9.999999888313578e-01
9.999999988043836e-01
9.999999999014170e-01
9.999999999937238e-01
9.999999999997434e-01
9.999999999999837e-01
1.000000000000002e+00
9.999999999999994e-01
1.000000000000000e+00
1.000000000000000e+00
1.000000000000000e+00
1.000000000000000e+00
1.000000000000000e+00
1.000000000000000e+00
1.000000000000000e+00
1.000000000000000e+00
1.000000000000000e+00
###6.400000000000003e+00
1.139031885111860e-09
1.462912395102114e-09
1.837675616934322e-09
2.287804068666522e-09
2.841463842755449e-09
3.522506259591738e-09
4.353701497793842e-09
5.370356032257654e-09
6.615036397623055e-09
8.139302873815998e-09
1.000401069618234e-08
1.228722597318504e-08
1.508206890316291e-08
1.850439875795588e-08
2.269414332449879e-08
2.781913000170322e-08
3.408949190831958e-08
4.176095027941715e-08
5.114487688337593e-08
6.261864381662203e-08
7.667848896828611e-08
9.380249988118868e-08
1.147620359631178e-07
1.403887339374256e-07
1.716840039658138e-07
2.099148627848967e-07
2.566178103100093e-07
3.136449413007104e-07
3.832624550889259e-07
4.682370892868876e-07
5.719428512991735e-07
6.984630562398535e-07
8.528316761091462e-07
1.041025005523154e-06
1.270585425994619e-06
1.550248015104843e-06
1.891141902526327e-06
2.306466378591588e-06
2.812419991277976e-06
3.428334321054550e-06
4.178215930015093e-06
5.090854616128255e-06
6.201253206776164e-06
7.551855472034101e-06
9.194371839661864e-06
1.119052293525031e-05
1.361622421042009e-05
1.656341286714496e-05
2.014205134122242e-05
2.448622837077127e-05
2.975837558217500e-05
3.615297077868804e-05
4.390888151260991e-05
5.330836842659200e-05
6.469731506939128e-05
7.848998357264773e-05
9.519045498394955e-05
1.153908764389520e-04
1.398289749937215e-04
1.693726922567247e-04
2.050686123672473e-04
2.481794461096352e-04
3.001970747871638e-04
3.629690040293144e-04
4.386269069699420e-04
5.297937827199959e-04
6.395438984086601e-04
7.716381780951601e-04
9.304808255428274e-04
1.121246672133489e-03
1.350313713685145e-03
1.625240614026507e-03
1.954832015495503e-03
2.349225517792881e-03
2.821302305721253e-03
3.385578162154231e-03
4.059266123372289e-03
4.862960988373647e-03
5.820277890901839e-03
6.959856947516416e-03
8.313364346962560e-03
9.919664954940585e-03
1.182347405823869e-02
1.407557012815765e-02
1.673498737433509e-02
1.987172703851980e-02
2.356273407723435e-02
2.789757737346598e-02
3.297690878396405e-02
3.891693098652398e-02
4.584395646689245e-02
5.390475569599473e-02
6.324574638230629e-02
7.404269353774917e-02
8.648968502524859e-02
1.007708671387293e-01
1.171002830090869e-01
1.356874300955973e-01
1.567430504021513e-01
1.804709227511287e-01
2.070524493980338e-01
2.366595680050028e-01
2.693897651571504e-01
3.052983417483720e-01
3.443724605759104e-01
3.865044645031713e-01
4.314243861070571e-01
4.787799613005696e-01
5.280717684571251e-01
5.786608507799622e-01
6.297260544908390e-01
6.803769852478616e-01
7.296187929812459e-01
7.764242357212346e-01
8.198202333487469e-01
8.588626310218608e-01
8.931213448746063e-01
9.219512911155505e-01
9.453345402687988e-01
9.634812173510555e-01
9.768820055032186e-01
9.862411534333704e-01
9.923745970262897e-01
9.961123824761229e-01
9.981781034712471e-01
9.992109148495317e-01
9.996905014688280e-01
9.998914410566591e-01
9.999663428418079e-01
9.999909067885749e-01
9.999978893917713e-01
9.999995861718896e-01
9.999999326799933e-01
9.999999911159565e-01
9.999999990672896e-01
9.999999999247755e-01
9.999999999952953e-01
9.999999999998181e-01
9.999999999999869e-01
1.000000000000002e+00
9.999999999999996e-01
1.000000000000000e+00
1.000000000000000e+00
1.000000000000000e+00
1.000000000000000e+00
1.000000000000000e+00
1.000000000000000e+00
1.000000000000000e+00
1.000000000000000e+00
1.000000000000000e+00
###6.600000000000003e+00
1.242369312935508e-09
1.592486636958350e-09
2.000518013833886e-09
2.490465958349083e-09
3.093038593897804e-09
3.834122331297254e-09
4.738408166207201e-09
5.844245772553881e-09
7.197868637848047e-09
8.855211450798334e-09
1.088229021341714e-08
1.336378734632245e-08
1.640070903792212e-08
2.011876219112016e-08
2.466956789458013e-08
3.023494448076173e-08
3.704261541641578e-08
4.536957389919101e-08
5.555300253597936e-08
6.800141430961747e-08
8.325226447318289e-08
1.018215131045838e-07
1.245452945984164e-07
1.523220686434725e-07
1.862342256275177e-07
2.276513555061755e-07
2.782335811118281e-07
3.399812468669962e-07
4.153411027550869e-07
5.072996997111768e-07
6.194977407715521e-07
7.563397170868786e-07
9.232541564515034e-07
1.126682305005722e-06
1.374754931872890e-06
1.676873349315610e-06
2.045028218162571e-06
2.493425010239075e-06
3.039494634840732e-06
3.704023169153846e-06
4.512821489280686e-06
5.496832786636657e-06
6.693655150118388e-06
8.148862903014427e-06
9.917964232103455e-06
1.206714031725966e-05
1.467782983205004e-05
1.784855939065298e-05
2.169712284382326e-05
2.636706390353609e-05
3.203230076759383e-05
3.890078008879312e-05
4.722789414495997e-05
5.731518835950680e-05
6.953202876846183e-05
8.432051754573957e-05
1.022189542170896e-04
1.238565223822157e-04
1.500211166054204e-04
1.816359899613515e-04
2.198144252586882e-04
2.658987516301254e-04
3.214743364087639e-04
3.885012850082214e-04
4.692398093676318e-04
5.664717613010664e-04
6.834512490012419e-04
8.241566244095640e-04
9.932470444780101e-04
1.196181223112817e-03
1.439693632455572e-03
1.731752670595514e-03
2.081624230687958e-03
2.499968101195013e-03
3.000320482668049e-03
3.597920861101306e-03
4.310801459669157e-03
5.160526688345193e-03
6.171742499065700e-03
7.374439596190155e-03
8.801514301648697e-03
1.049350232077104e-02
1.249681021289514e-02
1.486410928673650e-02
1.765652046982489e-02
2.094638732054162e-02
2.481303856165027e-02
2.934869935421586e-02
3.465640097573971e-02
4.085537782402238e-02
4.807442158329251e-02
5.646296977406083e-02
6.616913841280334e-02
7.737059137878761e-02
9.026278276421069e-02
1.050293295941738e-01
1.218833879012425e-01
1.410315537295258e-01
1.626797963947836e-01
1.870248697398796e-01
2.142382678932755e-01
2.444793570938042e-01
2.778300562383952e-01
3.143262027595808e-01
3.539334358750470e-01
3.965197278393019e-01
4.417897378539054e-01
4.893645982854155e-01
5.387237108515567e-01
5.892062845890551e-01
6.399793062150602e-01
6.901481119377209e-01
7.387262544453613e-01
7.847070931335171e-01
8.271496869234093e-01
8.651721167530501e-01
8.983450018235998e-01
9.261293443617562e-01
9.485387576542030e-01
9.658258628137864e-01
9.785089356049106e-01
9.873037789742776e-01
9.930220145561283e-01
9.964760872966499e-01
9.983653236302390e-01
9.992993065444474e-01
9.997282334627747e-01
9.999058332945719e-01
9.999711880812199e-01
9.999923268170791e-01
9.999982464267273e-01
9.999996619169850e-01
9.999999459883183e-01
9.999999930110767e-01
9.999999992812139e-01
9.999999999433825e-01
9.999999999965220e-01
9.999999999998744e-01
9.999999999999895e-01
1.000000000000002e+00
9.999999999999996e-01
1.000000000000000e+00
1.000000000000000e+00
1.000000000000000e+00
1.000000000000000e+00
1.000000000000000e+00
1.000000000000000e+00
1.000000000000000e+00
1.000000000000000e+00
1.000000000000000e+00
###6.800000000000003e+00
1.353723817913370e-09
1.732190382734126e-09
2.176091870973325e-09
2.708959367032427e-09
3.364244577080047e-09
4.170022529648314e-09
5.153044028606285e-09
6.354931379361539e-09
7.825858018470635e-09
9.626459667882864e-09
1.182829106140650e-08
1.452313869231002e-08
1.782049820714221e-08
2.185657522707781e-08
2.679560385273073e-08
3.283437943064712e-08
4.021948619486758e-08
4.925071702909923e-08
6.029290959718709e-08
7.378793154745142e-08
9.031739286827602e-08
1.104377442120642e-07
1.350544642106406e-07
1.651375180082281e-07
2.018558666621742e-07
2.466887611792958e-07
3.014284439632314e-07
3.682336291554444e-07
4.497438489958638e-07
5.491803312413051e-07
6.704683501735854e-07
8.183550509885165e-07
9.986896257579200e-07
1.218408859598591e-06
1.486270436537662e-06
1.812385245568177e-06
2.209661028960144e-06
2.693373964116293e-06
3.282265710915331e-06
3.998668615399794e-06
4.870311203450502e-06
5.930423685816803e-06
7.219359581755520e-06
8.786015206063278e-06
1.068992652380085e-05
1.300200405949335e-05
1.580953724762900e-05
1.921804680495402e-05
2.335356982505422e-05
2.836969801249124e-05
3.445247449701850e-05
4.182407911475392e-05
5.075735471537159e-05
6.157419498724350e-05
7.466873228815349e-05
9.051241289872696e-05
1.096795349454730e-04
1.328383648941655e-04
1.608294560454206e-04
1.946342361396711e-04
2.354360271873064e-04
2.846607162846868e-04
3.439917716621821e-04
4.155069122614819e-04
5.016013328206010e-04
6.052227852745181e-04
7.298133062372855e-04
8.795788329022884e-04
1.059442636663114e-03
1.275160843013702e-03
1.533838244130336e-03
1.843869196061840e-03
2.214998614279696e-03
2.658432454485608e-03
3.188375288542845e-03
3.820824062937144e-03
4.574637863403692e-03
5.472405229467475e-03
6.539826888691360e-03
7.808184173121097e-03
9.311906073164126e-03
1.109297062548670e-02
1.319960200116524e-02
1.568639721629404e-02
1.861659396660064e-02
2.206490846742264e-02
2.611301927435189e-02
3.085597167900206e-02
3.639902801507838e-02
4.286446935902761e-02
5.038352642163606e-02
5.910823413033111e-02
6.918828601201489e-02
8.080310312042290e-02
9.414931912967162e-02
1.094097716497568e-01
1.267964356718694e-01
1.465126570543467e-01
1.687592346011283e-01
1.937254620396476e-01
2.215724426033582e-01
2.524465476315921e-01
2.864135940169628e-01
3.234896753782130e-01
3.636186089375396e-01
4.066438997426587e-01
4.522449691404242e-01
5.000169308650440e-01
5.494182188080331e-01
5.997676484354679e-01
6.502214288772070e-01
6.998821855076831e-01
7.477733027483567e-01
7.929101663135087e-01
8.343855059934513e-01
8.713761983328645e-01
9.034651524585078e-01
9.302071625355254e-01
9.516515742712984e-01
9.680916065417402e-01
9.800717574816161e-01
9.883174574421006e-01
9.936347987197311e-01
9.968171867633411e-01
9.985391912226116e-01
9.993805971111427e-01
9.997625680779946e-01
9.999187779952589e-01
9.999754912056428e-01
9.999935706287395e-01
9.999985544797272e-01
9.999997262076835e-01
9.999999570849005e-01
9.999999945610675e-01
9.999999994526217e-01
9.999999999579563e-01
9.999999999974625e-01
9.999999999999160e-01
9.999999999999915e-01
1.000000000000001e+00
9.999999999999997e-01
1.000000000000000e+00
1.000000000000000e+00
1.000000000000000e+00
1.000000000000000e+00
1.000000000000000e+00
1.000000000000000e+00
1.000000000000000e+00
1.000000000000000e+00
1.000000000000000e+00
###7.000000000000004e+00
1.473642872160824e-09
1.882714293605728e-09
2.365264867962415e-09
2.944363340081415e-09
3.656418248006756e-09
4.531857516250558e-09
5.599638977448909e-09
6.904903604061659e-09
8.502053584662683e-09
1.045677422988288e-08
1.284655986506823e-08
1.577082104808318e-08
1.934827090854638e-08
2.372604467519587e-08
2.908222742846733e-08
3.562955240727244e-08
4.363481371887982e-08
5.342222513495576e-08
6.538623666941473e-08
8.000441862989708e-08
9.790565181963462e-08
1.196896498834660e-07
1.463360815882986e-07
1.788913763900958e-07
2.186169850361039e-07
2.671093239952369e-07
3.263017470214480e-07
3.985220432414383e-07
4.866154579998822e-07
5.940536113221063e-07
7.250652501133656e-07
8.847627975692692e-07
1.079443758239187e-06
1.316572689667036e-06
1.605574840118993e-06
1.957316355456909e-06
2.385680636154631e-06
2.907082527983757e-06
3.541656994679198e-06
4.313379218425521e-06
5.252014614299282e-06
6.393220932496450e-06
7.780275444087186e-06
9.465597548414202e-06
1.151299252787399e-05
1.399838218030243e-05
1.701525040822233e-05
2.067652352292722e-05
2.511695085935929e-05
3.050075521745944e-05
3.702678566228600e-05
4.493225402965817e-05
5.450842147870486e-05
6.609864038915128e-05
8.012314941121836e-05
9.708430701236726e-05
1.175942691631895e-04
1.423625062654345e-04
1.722848334643450e-04
2.084038253507558e-04
2.519763143384733e-04
3.045158338433612e-04
3.678085803756679e-04
4.440555651554311e-04
5.357931448072699e-04
6.461424316257053e-04
7.787417385498650e-04
9.380345533989682e-04
1.129219251046871e-03
1.358361734680924e-03
1.632951883056373e-03
1.961826665882061e-03
2.355228188590101e-03
2.824920725417216e-03
3.385822422156641e-03
4.054668020230993e-03
4.851247921010763e-03
5.799134856299554e-03
6.925141062825255e-03
8.261855135057341e-03
9.845316593596668e-03
1.171894228231683e-02
1.393282339466241e-02
1.654351454595329e-02
1.961640052999467e-02
2.322860106431296e-02
2.746415140694680e-02
3.242093908704562e-02
3.820644491912899e-02
4.494596131356492e-02
5.277311120728335e-02
6.184245048786913e-02
7.230512105242475e-02
8.434215008004088e-02
9.815115400069647e-02
1.139139285916823e-01
1.318409623874927e-01
1.521319895981594e-01
1.749822286784620e-01
2.005730666649004e-01
2.290547270437295e-01
2.605601505076878e-01
2.951385314894112e-01
3.327859307181000e-01
3.734240649751381e-01
4.168718974494288e-01
4.627837810834690e-01
5.107294023204004e-01
5.601465712330178e-01
6.103351265762461e-01
6.604416874488293e-01
7.095677716453898e-01
7.567481015246710e-01
8.010207224546110e-01
8.415160772889522e-01
8.774648241803495e-01
9.084720149386729e-01
9.341766714369760e-01
9.546666045169033e-01
9.702737236398894e-01
9.815674159720476e-01
9.892805767704911e-01
9.942121591988446e-01
9.971354808745322e-01
9.986997648682749e-01
9.994548982468725e-01
9.997935990310418e-01
9.999303333282389e-01
9.999792812024714e-01
9.999946501383928e-01
9.999988175641457e-01
9.999997801721023e-01
9.999999662254524e-01
9.999999958118779e-01
9.999999995879679e-01
9.999999999691868e-01
9.999999999981717e-01
9.999999999999457e-01
9.999999999999930e-01
1.000000000000001e+00
9.999999999999997e-01
1.000000000000000e+00
1.000000000000000e+00
1.000000000000000e+00
1.000000000000000e+00
1.000000000000000e+00
1.000000000000000e+00
1.000000000000000e+00
1.000000000000000e+00
1.000000000000000e+00
###7.200000000000004e+00
1.602706449209010e-09
2.044790057006578e-09
2.568953932411229e-09
3.197820999869485e-09
3.970975253429622e-09
4.921375659762224e-09
6.080344154807683e-09
7.496799831803295e-09
9.229683363946713e-09
1.135010030225300e-08
1.394190835970716e-08
1.711269726074643e-08
2.099105835003970e-08
2.573585034370225e-08
3.153998792255755e-08
3.863327444993667e-08
4.730414524402293e-08
5.790295559296278e-08
7.085584368559718e-08
8.667857200363516e-08
1.060505972275980e-07
1.296178259467854e-07
1.584392588751222e-07
1.936430372208904e-07
2.365893653475068e-07
2.889997669101736e-07
3.529582183947605e-07
4.309729029774063e-07
5.261084436662208e-07
6.421034591174763e-07
7.835101359386896e-07
9.558300357456834e-07
1.165838192182740e-06
1.421560898736423e-06
1.733133863012349e-06
2.112226590614214e-06
2.573759881457270e-06
3.135358803645911e-06
3.818638523418130e-06
4.649318630164736e-06
5.659326819606407e-06
6.886896061212343e-06
8.378404207888909e-06
1.019000444869318e-05
1.238984612847469e-05
1.505969645243844e-05
1.829905613963265e-05
2.222886340093800e-05
2.699308056536706e-05
3.276716254723506e-05
3.976347995318058e-05
4.823511142512283e-05
5.849274740108808e-05
7.090235800707232e-05
8.591168620549892e-05
1.040556369288174e-04
1.259861646346462e-04
1.524561423518067e-04
1.844193648128044e-04
2.229826382219737e-04
2.694799105791171e-04
3.255166035804893e-04
3.929864434493402e-04
4.742196084552753e-04
5.719000106676345e-04
6.893298424272331e-04
8.303523066627592e-04
9.996587175452782e-04
1.202733886563035e-03
1.445966190240058e-03
1.737245787763670e-03
2.085869354219554e-03
2.502594718125421e-03
2.999762147182647e-03
3.593033908269690e-03
4.299898925230722e-03
5.141117729698418e-03
6.141268919955908e-03
7.328312273927459e-03
8.736199151140538e-03
1.040254321025248e-02
1.237231033924797e-02
1.469746983692582e-02
1.743656504144823e-02
2.065715697349070e-02
2.443879787401157e-02
2.886789466756983e-02
3.404516540324085e-02
4.008032188413235e-02
4.710161963112439e-02
5.524501968397749e-02
6.466751536616927e-02
7.552155908914987e-02
8.798962347402034e-02
1.022701002890370e-01
1.185434687536348e-01
1.370184137429462e-01
1.578906837879266e-01
1.813494953597443e-01
2.075678714832468e-01
2.366846615903127e-01
2.688189301572758e-01
3.040027426053936e-01
3.422118339318612e-01
3.833455643025153e-01
4.271983065677932e-01
4.733995525898584e-01
5.214941706224666e-01
5.708998159319197e-01
6.208987624502810e-01
6.706293258970553e-01
7.191935676349592e-01
7.656391236666487e-01
8.090282931278573e-01
8.485305045334761e-01
8.834286516161693e-01
9.133568518526071e-01
9.380308336814782e-01
9.575784925718158e-01
9.723686811383664e-01
9.829936570625838e-01
9.901920082026853e-01
9.947537529774956e-01
9.974310567290186e-01
9.988472692979791e-01
9.995224093273342e-01
9.998214608298157e-01
9.999405739853191e-01
9.999825926639284e-01
9.999955788241021e-01
9.999990401116859e-01
9.999998249878624e-01
9.999999736660971e-01
9.999999968083600e-01
9.999999996933476e-01
9.999999999777084e-01
9.999999999986978e-01
9.999999999999666e-01
9.999999999999942e-01
1.000000000000001e+00
9.999999999999997e-01
1.000000000000000e+00
1.000000000000000e+00
1.000000000000000e+00
1.000000000000000e+00
1.000000000000000e+00
1.000000000000000e+00
1.000000000000000e+00
1.000000000000000e+00
1.000000000000000e+00
###7.400000000000004e+00
1.741528638925682e-09
2.219192329519439e-09
2.788136995466796e-09
3.470542805670106e-09
4.309414559143609e-09
5.340428071602299e-09
6.597436033038269e-09
8.133411573778650e-09
1.001216356869142e-08
1.231061036532613e-08
1.511942693042576e-08
1.855496835770741e-08
2.275640749307756e-08
2.789516896019366e-08
3.418003643458622e-08
4.185908429100847e-08
5.124390652561019e-08
6.271282782396252e-08
7.672587215481963e-08
9.383963405211526e-08
1.147876505177154e-07
1.402651113509646e-07
1.714158080473008e-07
2.094551419758814e-07
2.558486984566663e-07
3.124515045243219e-07
3.815082203515176e-07
4.657193843847096e-07
5.683834306340090e-07
6.935235166282701e-07
8.460363435308742e-07
1.031837836788087e-06
1.258211254587342e-06
1.533780548263947e-06
1.869437071230101e-06
2.277704339243657e-06
2.774605589932654e-06
3.379051461119247e-06
4.114228621807354e-06
5.007707988408531e-06
6.093711304880060e-06
7.413201867678111e-06
9.015843820264282e-06
1.096174455066252e-05
1.332362920846398e-05
1.618952903602540e-05
1.966523181721297e-05
2.388016875149415e-05
2.898804011180921e-05
3.517616171004664e-05
4.267117419147360e-05
5.174289486049115e-05
6.272249944212099e-05
7.599978508601084e-05
9.205145711105820e-05
1.114466696353252e-04
1.348792000239916e-04
1.631476032323526e-04
1.972664888684062e-04
2.384100957602307e-04
2.879932304975372e-04
3.477176025554311e-04
4.195894478543301e-04
5.060741880203567e-04
6.100099034181712e-04
7.348878511418785e-04
8.847650094061489e-04
1.064591111505162e-03
1.280149087860699e-03
1.538162819866899e-03
1.846938375571668e-03
2.216249669838342e-03
2.657389212830111e-03
3.183293447584431e-03
3.810393598624656e-03
4.556960396068616e-03
5.444747969892425e-03
6.499376588844462e-03
7.749985776594054e-03
9.232021577528213e-03
1.098440433260997e-02
1.305398885559208e-02
1.549455347813552e-02
1.836667442908203e-02
2.174010197085656e-02
2.569685282332089e-02
3.032571742218894e-02
3.573023155665734e-02
4.202234254071964e-02
4.933321839155529e-02
5.780109663134807e-02
6.758531710512065e-02
7.883949580862835e-02
9.174738025968295e-02
1.065079186826024e-01
1.232999880889002e-01
1.423301390517407e-01
1.637897484940373e-01
1.878615977717448e-01
2.147098785571016e-01
2.444615672771688e-01
2.772213987554563e-01
3.130037118942525e-01
3.517639423479859e-01
3.933785450017190e-01
4.376173884025294e-01
4.840853533886920e-01
5.323031266058411e-01
5.816687946542433e-01
6.314484890048706e-01
6.807736023509554e-01
7.287484402136556e-01
7.744351961933604e-01
8.169221990355106e-01
8.554186400644807e-01
8.892590811595010e-01
9.181119395326330e-01
9.417636174731707e-01
9.603828604668984e-01
9.743736448149343e-01
9.843489627204353e-01
9.910511914308138e-01
9.952596316553258e-01
9.977042481814531e-01
9.989820670995779e-01
9.995833996391118e-01
9.998463188653836e-01
9.999495862017544e-01
9.999854637374738e-01
9.999963709843889e-01
9.999992266173910e-01
9.999998618248329e-01
9.999999796560750e-01
9.999999975924574e-01
9.999999997742952e-01
9.999999999840795e-01
9.999999999990823e-01
9.999999999999809e-01
9.999999999999952e-01
1.000000000000001e+00
9.999999999999998e-01
1.000000000000000e+00
1.000000000000000e+00
1.000000000000000e+00
1.000000000000000e+00
1.000000000000000e+00
1.000000000000000e+00
1.000000000000000e+00
1.000000000000000e+00
1.000000000000000e+00
###7.600000000000004e+00
1.890759466715132e-09
2.406741644409111e-09
3.023845462087918e-09
3.763810090323146e-09
4.673322776711052e-09
5.790973906440387e-09
7.153323651359876e-09
8.817692268792283e-09
1.085310827320055e-08
1.334271904083124e-08
1.638449894380301e-08
2.010419103787789e-08
2.465229642437617e-08
3.021369956017985e-08
3.701415621900333e-08
4.532128488627740e-08
5.547144350117839e-08
6.787287586562790e-08
8.302180831770437e-08
1.015184672153466e-07
1.241541853234406e-07
1.516766968986662e-07
1.853203711020282e-07
2.263937359426743e-07
2.764747635524099e-07
3.375608655757386e-07
4.120680150016447e-07
5.029017426941743e-07
6.136095323980708e-07
7.485175991985024e-07
9.128893883547918e-07
1.113081792455181e-06
1.356918721287588e-06
1.653659559981888e-06
2.014998944823025e-06
2.454367744656128e-06
2.988960083783546e-06
3.639051438293011e-06
4.429496054539431e-06
5.389828491340639e-06
6.556703017433166e-06
7.973976176039015e-06
9.694793307237776e-06
1.178344737870155e-05
1.431756239164247e-05
1.739163172218536e-05
2.111825380796053e-05
2.563577668565602e-05
3.110818759844294e-05
3.773532077300002e-05
4.575886943216130e-05
5.546629985650152e-05
6.721037555239508e-05
8.140598191291338e-05
9.856030665928661e-05
1.192785264698876e-04
1.442983521952838e-04
1.744667638320664e-04
2.108610004166914e-04
2.547271951445068e-04
3.075645162948332e-04
3.711755227573202e-04
4.476841035457113e-04
5.396907158578261e-04
6.502140126869362e-04
7.829230242199798e-04
9.421041290535578e-04
1.132976423348063e-03
1.361632987377696e-03
1.635146582153083e-03
1.962255249531325e-03
2.353228120448120e-03
2.819911772864009e-03
3.375859356552066e-03
4.038285929940433e-03
4.826303718816310e-03
5.762652980703238e-03
6.874041882544881e-03
8.190822403359601e-03
9.749962522848163e-03
1.159173582745071e-02
1.376491082087440e-02
1.632509254579887e-02
1.933498838683668e-02
2.286649425361108e-02
2.700413910561389e-02
3.183910572633420e-02
3.747773329379633e-02
4.403420137045749e-02
5.164253684932842e-02
6.044318446372065e-02
7.059773193240135e-02
8.226080255773009e-02
9.561723800258991e-02
1.108663111988627e-01
1.281850038272647e-01
1.477773844705995e-01
1.698300618951659e-01
1.945189382231156e-01
2.219988971835676e-01
2.523845395739112e-01
2.857658117349434e-01
3.221388491048924e-01
3.614385063275700e-01
4.035181266736924e-01
4.481230881205107e-01
4.948339573839514e-01
5.431479121388505e-01
5.924441671258622e-01
6.419741565862901e-01
6.908638188074901e-01
7.382214532180558e-01
7.831255132258383e-01
8.246921135606269e-01
8.621710587557549e-01
8.949483059046694e-01
9.227305230017807e-01
9.453699520261875e-01
9.629970593678411e-01
9.762865984407119e-01
9.856324842290786e-01
9.918580724605210e-01
9.957301905891752e-01
9.979555968651053e-01
9.991046324626699e-01
9.996381921853073e-01
9.998683606235943e-01
9.999574635798717e-01
9.999879343951877e-01
9.999970411332051e-01
9.999993815032896e-01
9.999998918032024e-01
9.999999844256825e-01
9.999999982020930e-01
9.999999998356661e-01
9.999999999887746e-01
9.999999999993590e-01
9.999999999999905e-01
9.999999999999960e-01
1.000000000000001e+00
9.999999999999998e-01
1.000000000000000e+00
1.000000000000000e+00
1.000000000000000e+00
1.000000000000000e+00
1.000000000000000e+00
1.000000000000000e+00
1.000000000000000e+00
1.000000000000000e+00
1.000000000000000e+00
###7.800000000000004e+00
2.051086796258008e-09
2.608306037428586e-09
3.277170809967396e-09
4.078978717181023e-09
5.064378665549822e-09
6.275085853918982e-09
7.750555412522691e-09
9.552766488632270e-09
1.175633957252156e-08
1.445109420666094e-08
1.774281557663211e-08
2.176729563729866e-08
2.668715640123456e-08
3.270168963694327e-08
4.005479413575180e-08
4.903498140197136e-08
6.000508005363107e-08
7.340530324911346e-08
8.977054895149549e-08
1.097476343052407e-07
1.341896209082256e-07
1.639002386282449e-07
2.002105557883747e-07
2.445284306056027e-07
2.985516258126874e-07
3.644293248595698e-07
4.447600412130235e-07
5.426676427431341e-07
6.619647452747562e-07
8.073001650131682e-07
9.843275494804813e-07
1.199872772175574e-06
1.462334607835244e-06
1.781647654887818e-06
2.170360031435748e-06
2.642866029967138e-06
3.217602760486671e-06
3.916293851714410e-06
4.765562232898909e-06
5.797024012259300e-06
7.049911474923630e-06
8.571145519207603e-06
1.041755714446024e-05
1.265786874777811e-05
1.537510847158286e-05
1.866993341002632e-05
2.266280576615585e-05
2.750126877752165e-05
3.336016933452335e-05
4.045254737922397e-05
4.903596645196236e-05
5.941649202789454e-05
7.196962601091994e-05
8.713665700508018e-05
1.054568398097017e-04
1.275732196922682e-04
1.542696499964811e-04
1.864458178990786e-04
2.252391226732714e-04
2.719765731664010e-04
3.282439069666313e-04
3.959492458606406e-04
4.773394329243578e-04
5.751554060904872e-04
6.926068559291674e-04
8.335457716516627e-04
1.002498352511041e-03
1.204964374162427e-03
1.447359447781532e-03
1.737118937788771e-03
2.083429362477198e-03
2.497073487661166e-03
2.990471768229138e-03
3.577814917753637e-03
4.277126435773142e-03
5.108392740831700e-03
6.095345732810302e-03
7.265863756845203e-03
8.651498838172783e-03
1.029078415543766e-02
1.222539139712338e-02
1.450602863752355e-02
1.719016885457557e-02
2.034267303378464e-02
2.403761248140400e-02
2.836204878519868e-02
3.340958140398352e-02
3.928928011215160e-02
4.611760223093340e-02
5.403135751604063e-02
6.317312081081813e-02
7.370662099675698e-02
8.578732278537719e-02
9.960097074331623e-02
1.153469217089611e-01
1.331999491968367e-01
1.533612872156105e-01
1.760123654529562e-01
2.013217521236715e-01
2.294345376129056e-01
2.604524438923100e-01
2.944501659471527e-01
3.314051951769181e-01
3.712314737716766e-01
4.137591167702526e-01
4.587090451278729e-01
5.056378576427596e-01
5.540199392808052e-01
6.032164349334229e-01
6.524655593475178e-01
7.008893475686004e-01
7.476018892462939e-01
7.916996457355913e-01
8.323282470763592e-01
8.687790023423394e-01
9.004891265116859e-01
9.272065214934270e-01
9.488444784164071e-01
9.655948817399803e-01
9.781035759537173e-01
9.868431576241293e-01
9.926124981378537e-01
9.961658881737433e-01
9.981856916255206e-01
9.992154768620639e-01
9.996871294880670e-01
9.998877817601662e-01
9.999643016401525e-01
9.999900445614830e-01
9.999976034173156e-01
9.999995089794574e-01
9.999999159610276e-01
9.999999881830939e-01
9.999999986705402e-01
9.999999998816190e-01
9.999999999921830e-01
9.999999999995562e-01
9.999999999999964e-01
9.999999999999967e-01
1.000000000000001e+00
9.999999999999998e-01
1.000000000000000e+00
1.000000000000000e+00
1.000000000000000e+00
1.000000000000000e+00
1.000000000000000e+00
1.000000000000000e+00
1.000000000000000e+00
1.000000000000000e+00
1.000000000000000e+00
###8.000000000000004e+00
2.223238130303003e-09
2.824803668000844e-09
3.549267554762673e-09
4.417482806535003e-09
5.484357746500683e-09
6.794956025067530e-09
8.391826029055233e-09
1.034193734458259e-08
1.272589779232988e-08
1.564066947631545e-08
1.920039091881042e-08
2.355160412821898e-08
2.886989341608419e-08
3.536996166630923e-08
4.331509263875446e-08
5.301611961799585e-08
6.486415016061873e-08
7.933353825941381e-08
9.700046764673288e-08
1.185614778896329e-07
1.449355207953794e-07
1.769859713082993e-07
2.161470712021254e-07
2.639325654961897e-07
3.221678288254748e-07
3.931637331371186e-07
4.797131882630953e-07
5.851724843539331e-07
7.136363349966578e-07
8.700967738910489e-07
1.060622383082571e-06
1.292537539933266e-06
1.574851924111655e-06
1.918217252392238e-06
2.336087963904571e-06
2.843880744549206e-06
3.461351553228161e-06
4.211759752402482e-06
5.123603198931573e-06
6.230703401241657e-06
7.575023401812655e-06
9.206728056080441e-06
1.118654845864656e-05
1.358789248856657e-05
1.649949546630061e-05
2.002854248024335e-05
2.430378482128506e-05
2.948247927175254e-05
3.575092955763815e-05
4.333610037788942e-05
5.251227960014551e-05
6.360512319868294e-05
7.701407205148235e-05
9.320818838627971e-05
1.127604452129332e-04
1.363536776632362e-04
1.648201856138669e-04
1.991148519590608e-04
2.404385233422549e-04
2.902025588035217e-04
3.500835105122937e-04
4.220999410871000e-04
5.086271452363929e-04
6.125534640395655e-04
7.372865206461951e-04
8.868705288643821e-04
1.066080960501902e-03
1.280709913473161e-03
1.537508272746130e-03
1.844288078651329e-03
2.210701270370531e-03
2.648063113456705e-03
3.169388168220889e-03
3.789525954112542e-03
4.527335672673796e-03
5.403704479094858e-03
6.443382278005490e-03
7.675437614561483e-03
9.132708453360585e-03
1.085526656965072e-02
1.288623642051722e-02
1.527831465813201e-02
1.809085955846520e-02
2.139091516786197e-02
2.525475540588630e-02
2.977199345150280e-02
3.503873284221026e-02
4.116638400177803e-02
4.827425663375780e-02
5.650146459574959e-02
6.599273638605388e-02
7.691382775008616e-02
8.942086885546002e-02
1.037003052519692e-01
1.199513251812337e-01
1.383461687468902e-01
1.590828706459127e-01
1.823372596705795e-01
2.082702645895898e-01
2.370162071127260e-01
2.686639122834621e-01
3.032721967041865e-01
3.407994827971716e-01
3.811384918440500e-01
4.240960164431878e-01
4.693686070216916e-01
5.164892874062927e-01
5.649104185956149e-01
6.139759787501849e-01
6.629124814447989e-01
7.108396877063917e-01
7.568793189427222e-01
8.001476302515635e-01
8.398214739352805e-01
8.752345774393612e-01
9.058754384640691e-01
9.315353644267869e-01
9.521856640503827e-01
9.680732021345854e-01
9.798279904634920e-01
9.879824267011165e-01
9.933160387165064e-01
9.965679881222601e-01
9.983955625782630e-01
9.993152966356721e-01
9.997306274954274e-01
9.999048003006107e-01
9.999702011843697e-01
9.999918344744152e-01
9.999980716204612e-01
9.999996130129311e-01
9.999999352489106e-01
9.999999911128421e-01
9.999999990265381e-01
9.999999999155964e-01
9.999999999946284e-01
9.999999999996939e-01
1.000000000000000e+00
9.999999999999971e-01
1.000000000000001e+00
9.999999999999998e-01
1.000000000000000e+00
1.000000000000000e+00
1.000000000000000e+00
1.000000000000000e+00
1.000000000000000e+00
1.000000000000000e+00
1.000000000000000e+00
1.000000000000000e+00
1.000000000000000e+00
###8.200000000000003e+00
2.407982648680320e-09
3.057205354780570e-09
3.841356433657942e-09
4.780838647368018e-09
5.935135734735227e-09
7.352901593604128e-09
9.079983790104636e-09
1.118869571771220e-08
1.376605227997580e-08
1.691665726415773e-08
2.076357778604964e-08
2.546484949271430e-08
3.120991146231931e-08
3.822994087707062e-08
4.680892320371099e-08
5.728152607957082e-08
7.006905110728594e-08
8.568229184759997e-08
1.047414842504762e-07
1.279962031302600e-07
1.564356932248846e-07
1.909868274928514e-07
2.331938700046865e-07
2.846833779885319e-07
3.474165967937204e-07
4.238765585195216e-07
5.170630833125257e-07
6.305797447011313e-07
7.688212434430462e-07
9.371445704293355e-07
1.142059306487136e-06
1.391419434308574e-06
1.694883499464616e-06
2.063864427105581e-06
2.512778605532197e-06
3.058127096110261e-06
3.721064503126893e-06
4.526477946739695e-06
5.504851790559882e-06
6.692343049856034e-06
8.133805740748876e-06
9.882837108240761e-06
1.200429316840016e-05
1.457653553943251e-05
1.769432458861368e-05
2.147175369176124e-05
2.604630938013851e-05
3.158550349445620e-05
3.828772074106109e-05
4.639460176130595e-05
5.619805069785300e-05
6.804434723723217e-05
8.235812401680152e-05
9.963764418722717e-05
1.204913188295988e-04
1.456437715721699e-04
1.759781455965086e-04
2.125071119970017e-04
2.564983527188059e-04
3.094512126108075e-04
3.731374435977164e-04
4.496911032545307e-04
5.416216348805728e-04
6.519718831471545e-04
7.843546504358962e-04
9.430158071338023e-04
1.132989892976159e-03
1.360373301916975e-03
1.632265300796352e-03
1.956869030469205e-03
2.344319239942863e-03
2.806483006044381e-03
3.356989640696060e-03
4.011369097123066e-03
4.789344018507987e-03
5.712729247071561e-03
6.807322418597776e-03
8.103410822113976e-03
9.635161295574490e-03
1.144420729451397e-02
1.357513557008779e-02
1.608275115428244e-02
1.902826126473475e-02
2.248092082973533e-02
2.651924018467504e-02
3.123540091407695e-02
3.672799773581674e-02
4.311077402343360e-02
5.050588059208339e-02
5.905464016379624e-02
6.890385092081511e-02
8.022117337599247e-02
9.316321694432517e-02
1.079169153431796e-01
1.246810238323626e-01
1.436249115048380e-01
1.649430369616177e-01
1.888051960004578e-01
2.153642123849918e-01
2.447431095081527e-01
2.770173371346786e-01
3.122293728332267e-01
3.503181568455756e-01
3.911549070331157e-01
4.345230303257457e-01
4.800948369167423e-01
5.273802314279598e-01
5.758103732921609e-01
6.247130744648287e-01
6.733047114093358e-01
7.207044726507256e-01
7.660435919453648e-01
8.084599119112824e-01
8.471632283213101e-01
8.815305431839885e-01
9.111017152690902e-01
9.357129801876898e-01
9.553909039141751e-01
9.704319776134488e-01
9.814594764388467e-01
9.890509969166236e-01
9.939697554406042e-01
9.969376216728120e-01
9.985861566217655e-01
9.994047605849944e-01
9.997690881423423e-01
9.999196276333399e-01
9.999752587802382e-01
9.999933421777867e-01
9.999984585020868e-01
9.999996972029285e-01
9.999999505068939e-01
9.999999933743488e-01
9.999999992940941e-01
9.999999999404262e-01
9.999999999963584e-01
9.999999999997892e-01
1.000000000000003e+00
9.999999999999976e-01
1.000000000000001e+00
9.999999999999998e-01
1.000000000000000e+00
1.000000000000000e+00
1.000000000000000e+00
1.000000000000000e+00
1.000000000000000e+00
1.000000000000000e+00
1.000000000000000e+00
1.000000000000000e+00
1.000000000000000e+00
###8.400000000000002e+00
2.606134958083596e-09
3.306537224837419e-09
4.154727742238459e-09
5.170648832501516e-09
6.418690699051859e-09
7.951371257538621e-09
9.818038271589711e-09
1.209672966660718e-08
1.488131265477195e-08
1.828456269060346e-08
2.243908456331209e-08
2.751519597522399e-08
3.371713721624163e-08
4.129368488111406e-08
5.055092201895328e-08
6.184895110961320e-08
7.564129513831269e-08
9.247761972285790e-08
1.130251393369090e-07
1.380899671141757e-07
1.687358645018172e-07
2.059585656069040e-07
2.514183017255172e-07
3.068621865053067e-07
3.743960534167090e-07
4.566861477507444e-07
5.569524031509096e-07
6.790613496956861e-07
8.277265315324923e-07
1.008692811274517e-06
1.228938225852105e-06
1.496879114609252e-06
1.822862852904793e-06
2.219109986873229e-06
2.701057287384971e-06
3.286355282330793e-06
3.997641515780217e-06
4.861527080898031e-06
5.910600152570159e-06
7.183489820104671e-06
8.728109130498407e-06
1.060168531677421e-05
1.287343494965179e-05
1.562695435053893e-05
1.896336231847907e-05
2.300405699756485e-05
2.789572864328098e-05
3.381670889646201e-05
4.097811602628705e-05
4.963705099032875e-05
6.010396485527902e-05
7.274683935825651e-05
8.801680382566114e-05
1.064428093688043e-04
1.286704947789811e-04
1.554683516599565e-04
1.877728585646229e-04
2.266571741803904e-04
2.734593071212738e-04
3.297703889999723e-04
3.974619006792834e-04
4.787886291558037e-04
5.764000662868685e-04
6.935008471990125e-04
8.339165498040575e-04
1.002104311660295e-03
1.203367879949746e-03
1.444120255783151e-03
1.731822564394519e-03
2.075083827254516e-03
2.484539438331176e-03
2.972628044574020e-03
3.553614771363214e-03
4.243732011714059e-03
5.063594071296113e-03
6.035970833411225e-03
7.187737652869156e-03
8.550433357895479e-03
1.015958476752228e-02
1.205842217335445e-02
1.429303667692866e-02
1.692031703299629e-02
2.000348980884249e-02
2.361391540926202e-02
2.783240245391831e-02
3.275371550050168e-02
3.847892511399706e-02
4.512411473891471e-02
5.281419618348886e-02
6.169266365657683e-02
7.190827185671599e-02
8.363045460919011e-02
9.701610406422774e-02
1.122524181014782e-01
1.295374425653663e-01
1.490373255436354e-01
1.709425609326747e-01
1.954164683032844e-01
2.226032623323443e-01
2.526142258655119e-01
2.855108652398033e-01
3.213188930322944e-01
3.599573740032961e-01
4.012757686904384e-01
4.450340690129488e-01
4.908805271342608e-01
5.383024456617813e-01
5.867106648812277e-01
6.354179252067436e-01
6.836320794824617e-01
7.304735115719808e-01
7.750848814867562e-01
8.166273739707901e-01
8.543455622839596e-01
8.876603928249985e-01
9.161632037078399e-01
9.397361372336174e-01
9.584584384245550e-01
9.726716401347321e-01
9.829983873828521e-01
9.900499970084397e-01
9.945750184931529e-01
9.972760922455681e-01
9.987585045133457e-01
9.994845655069625e-01
9.998029191124806e-01
9.999324726048634e-01
9.999795675432063e-01
9.999946034743542e-01
9.999987757834405e-01
9.999997647736443e-01
9.999999624680550e-01
9.999999951028843e-01
9.999999994914287e-01
9.999999999583640e-01
9.999999999975653e-01
9.999999999998547e-01
1.000000000000004e+00
9.999999999999979e-01
1.000000000000000e+00
9.999999999999999e-01
1.000000000000000e+00
1.000000000000000e+00
1.000000000000000e+00
1.000000000000000e+00
1.000000000000000e+00
1.000000000000000e+00
1.000000000000000e+00
1.000000000000000e+00
1.000000000000000e+00
###8.600000000000001e+00
2.818560622581284e-09
3.573883453904741e-09
4.490744762391194e-09
5.588606514769164e-09
6.937125092368704e-09
8.592951648024254e-09
1.060916818656642e-08
1.306993397822182e-08
1.607644000802894e-08
1.975019760543876e-08
2.423399214454344e-08
2.971125963474561e-08
3.640204408215611e-08
4.457391322552316e-08
5.455652539949631e-08
6.673711110983694e-08
8.160355988228485e-08
9.974698195511747e-08
1.218846642194147e-07
1.488829543733534e-07
1.818828788028162e-07
2.219598790248609e-07
2.708912582663149e-07
3.305545681636212e-07
4.032094372951602e-07
4.917169850814056e-07
5.995311843979801e-07
7.307980448443440e-07
8.905698215853340e-07
1.085003391866295e-06
1.321574162769718e-06
1.609295305258941e-06
1.959245079122516e-06
2.384500431223370e-06
2.901580062305932e-06
3.529352376057572e-06
4.292026095657093e-06
5.218037706315606e-06
6.342202134166865e-06
7.705763852939225e-06
9.359871247890755e-06
1.136558856915963e-05
1.379673984301553e-05
1.674245026026919e-05
2.031054628576838e-05
2.463014493102080e-05
2.985763047075305e-05
3.618274476663800e-05
4.383002083551400e-05
5.307283856619680e-05
6.424116713770774e-05
7.772581432677531e-05
9.400576599202775e-05
1.136422093260711e-04
1.373198731114451e-04
1.658532791237105e-04
2.002348308779058e-04
2.416009857669132e-04
2.913636761174942e-04
3.512097897218110e-04
4.231152143092017e-04
5.094608852600307e-04
6.130424496308321e-04
7.372338142756328e-04
8.860812771359863e-04
1.064263043461229e-03
1.277362552274275e-03
1.532122066027863e-03
1.836378416139658e-03
2.199161643160701e-03
2.631626068398671e-03
3.146802113228825e-03
3.759612188212789e-03
4.487013501560037e-03
5.350540715957384e-03
6.373946481736955e-03
7.585214083656756e-03
9.017166925712869e-03
1.070672253107632e-02
1.269860660259879e-02
1.504086727914153e-02
1.779208799273209e-02
2.101768061995673e-02
2.479114318488868e-02
2.919559558263299e-02
3.432839725269566e-02
4.029307652238907e-02
4.720805611388611e-02
5.520092757163698e-02
6.441730867042959e-02
7.500779071801297e-02
8.714343975500412e-02
1.009812236858340e-01
1.167083690061788e-01
1.345219237403907e-01
1.545844525897379e-01
1.770820846176982e-01
2.021712093348033e-01
2.299869242958482e-01
2.606283173708671e-01
2.941423961047930e-01
3.305376859373842e-01
3.697130051636391e-01
4.114958348270852e-01
4.556227602091368e-01
5.017182140286938e-01
5.492474774020885e-01
5.976020182293931e-01
6.460806911220798e-01
6.938844904509009e-01
7.401368234693009e-01
7.839937173475101e-01
8.246415434825733e-01
8.613611639071520e-01
8.936183553293179e-01
9.210559170755148e-01
9.436024112600683e-01
9.613872957620835e-01
9.747930994001482e-01
9.844456994725920e-01
9.909810662011705e-01
9.951334589533882e-01
9.975848400957658e-01
9.989136956773077e-01
9.995554211325102e-01
9.998325258461753e-01
9.999435379310797e-01
9.999832157572649e-01
9.999956515145800e-01
9.999990340587857e-01
9.999998185664088e-01
9.999999717615621e-01
9.999999964113108e-01
9.999999996384604e-01
9.999999999711660e-01
9.999999999983978e-01
9.999999999998989e-01
1.000000000000004e+00
9.999999999999981e-01
1.000000000000000e+00
9.999999999999999e-01
1.000000000000000e+00
1.000000000000000e+00
1.000000000000000e+00
1.000000000000000e+00
1.000000000000000e+00
1.000000000000000e+00
1.000000000000000e+00
1.000000000000000e+00
1.000000000000000e+00
###8.800000000000001e+00
3.046158952649794e-09
3.860389170838166e-09
4.850847463540445e-09
6.036500002168225e-09
7.492652243813174e-09
9.280374315940025e-09
1.145672989812666e-08
1.411242062551777e-08
1.735646208565381e-08
2.131969605125757e-08
2.615577267667717e-08
3.206213089789587e-08
3.927568022203959e-08
4.808404060484135e-08
5.884200994459057e-08
7.196573716046693e-08
8.797974728927984e-08
1.075193149409435e-07
1.313550693976223e-07
1.604174954098496e-07
1.959300026431516e-07
2.390525641822168e-07
2.916873517035753e-07
3.558505655379100e-07
4.339653434427475e-07
5.290999770682187e-07
6.449571601438992e-07
7.859797937469079e-07
9.575797686145108e-07
1.166351405530013e-06
1.420297916548385e-06
1.729065569448649e-06
2.104507777803530e-06
2.560609135051138e-06
3.115034998455048e-06
3.787943501963635e-06
4.605207158572231e-06
5.597194451372060e-06
6.801076110162668e-06
8.260861620742989e-06
1.003112007280288e-05
1.217697007202117e-05
1.477710102971040e-05
1.792647509701652e-05
2.173999215671705e-05
2.635492024571917e-05
3.193785096130443e-05
3.869055298145538e-05
4.685168497365148e-05
5.671176005236265e-05
6.862127848349978e-05
8.299504525789867e-05
1.003413193282035e-04
1.212551351109483e-04
1.464622486157365e-04
1.768254590764581e-04
2.133957865871982e-04
2.573759079358180e-04
3.102553914090371e-04
3.738210193079975e-04
4.501579177438368e-04
5.417787781421242e-04
6.516317197826343e-04
7.832676045743105e-04
9.409617422915784e-04
1.129623406865470e-03
1.355126559409634e-03
1.624555726302573e-03
1.946137666665470e-03
2.329338939079710e-03
2.785851522252634e-03
3.329318259651699e-03
3.975340722584518e-03
4.741623668550472e-03
5.650651274358345e-03
6.727187024416502e-03
8.000352532083624e-03
9.504289013259252e-03
1.127733475123081e-02
1.336572940258712e-02
1.581957300700844e-02
1.869911238029284e-02
2.207198813525694e-02
2.601385414498055e-02
3.061017508431392e-02
3.596092078771444e-02
4.217202455782396e-02
4.936425451852819e-02
5.766779873983113e-02
6.723034027549400e-02
7.820417991398820e-02
9.076186495331054e-02
1.050602213672976e-01
1.212862570898395e-01
1.396357218254325e-01
1.602672223049287e-01
1.833621114276603e-01
2.090693849368652e-01
2.375145117614136e-01
2.687839208612399e-01
3.029095788696351e-01
3.398824091525303e-01
3.795806373776562e-01
4.218095777966157e-01
4.662824592862572e-01
5.126001931004041e-01
5.602066857015932e-01
6.084750467709806e-01
6.566915189853785e-01
7.040519564334411e-01
7.496846692846241e-01
7.927610144724774e-01
8.324943779314846e-01
8.682033677086854e-01
8.993993926221638e-01
9.257766230315658e-01
9.473101503230750e-01
9.641772361629212e-01
9.767977307751995e-01
9.858029255619770e-01
9.918460983279260e-01
9.956469189537747e-01
9.978654079366803e-01
9.990528551008631e-01
9.996180479945220e-01
9.998583051286298e-01
9.999530173946073e-01
9.999862859111317e-01
9.999965165520223e-01
9.999992427659463e-01
9.999998610486197e-01
9.999999789193197e-01
9.999999973923492e-01
9.999999997453621e-01
9.999999999802204e-01
9.999999999989618e-01
9.999999999999293e-01
1.000000000000004e+00
9.999999999999984e-01
1.000000000000000e+00
9.999999999999999e-01
1.000000000000000e+00
1.000000000000000e+00
1.000000000000000e+00
1.000000000000000e+00
1.000000000000000e+00
1.000000000000000e+00
1.000000000000000e+00
1.000000000000000e+00
1.000000000000000e+00
###9.000000000000000e+00
3.289887737034135e-09
4.167263503232754e-09
5.236556297801088e-09
6.516217457541493e-09
8.087608901533807e-09
1.001652286904483e-08
1.236426630324132e-08
1.522852942185343e-08
1.872668319619909e-08
2.299952998060119e-08
2.821230858204592e-08
3.457739753034343e-08
4.234969609282564e-08
5.183821022202293e-08
6.342453272369824e-08
7.755562340584697e-08
9.479504164591760e-08
1.158251010344690e-07
1.414732281578744e-07
1.727381665567214e-07
2.109311104935987e-07
2.573016634208547e-07
3.138850852293006e-07
3.828448906751097e-07
4.667779666122680e-07
5.689727424463282e-07
6.933961053138010e-07
8.448061891370920e-07
1.028996549897003e-06
1.253025724268208e-06
1.525456757533763e-06
1.856607106778417e-06
2.259152023658348e-06
2.748037476098962e-06
3.342143539216641e-06
4.062993503888153e-06
4.938220919355314e-06
6.000238033451764e-06
7.288706838622836e-06
8.850558957656166e-06
1.074397813106622e-05
1.303836466884825e-05
1.581754390605548e-05
1.918263706162104e-05
2.325600051934571e-05
2.818350407936178e-05
3.414248388861214e-05
4.134737901477337e-05
5.005171561790142e-05
6.056403099842109e-05
7.325641328758684e-05
8.856888403101099e-05
1.070404506091785e-04
1.293016708190439e-04
1.561213423253262e-04
1.884128770476018e-04
2.272887075124853e-04
2.740207637259852e-04
3.301800821904171e-04
3.976576484835117e-04
4.786528173458510e-04
5.758158369725697e-04
6.922538301114744e-04
8.317025065877471e-04
9.986748269168715e-04
1.198321345327483e-03
1.436817722734988e-03
1.721604105997832e-03
2.061311779652151e-03
2.465859681284805e-03
2.947496625843915e-03
3.520498971048901e-03
4.201169727188132e-03
5.007984283077414e-03
5.964405939083418e-03
7.096237420410645e-03
8.433769270774313e-03
1.001249390124172e-02
1.187220060296554e-02
1.406069825348008e-02
1.663012080432516e-02
1.964245863561865e-02
2.316762352231400e-02
2.728329500410010e-02
3.207747410503637e-02
3.765276744733918e-02
4.411735148948289e-02
5.159437107095050e-02
6.021653153745759e-02
7.013351262202844e-02
8.149920334594851e-02
9.448743078471344e-02
1.092546908190543e-01
1.259875004804350e-01
1.448799984411355e-01
1.660864470162984e-01
1.897830006733017e-01
2.161107887166163e-01
2.451851370318528e-01
2.770793449498452e-01
3.118098100617068e-01
3.493494492072839e-01
3.895555768098340e-01
4.322111909997016e-01
4.770062602726689e-01
5.235185346622212e-01
5.711712603797894e-01
6.193200001879479e-01
6.672405678050841e-01
7.141246280449534e-01
7.591075820132458e-01
8.013780991759488e-01
8.401783779633929e-01
8.748661616760692e-01
9.049991944896491e-01
9.303228275944153e-01
9.508584384697322e-01
9.668286979739306e-01
9.786873566672663e-01
9.870720390198957e-01
9.926472752635056e-01
9.961174058871430e-01
9.981194100330075e-01
9.991771229335711e-01
9.996731494311076e-01
9.998806396109589e-01
9.999610937334060e-01
9.999888540480032e-01
9.999972258343054e-01
9.999994102005448e-01
9.999998943339131e-01
9.999999843846655e-01
9.999999981210451e-01
9.999999998223178e-01
9.999999999864989e-01
9.999999999993391e-01
9.999999999999502e-01
1.000000000000004e+00
9.999999999999987e-01
1.000000000000000e+00
9.999999999999999e-01
1.000000000000000e+00
1.000000000000000e+00
1.000000000000000e+00
1.000000000000000e+00
1.000000000000000e+00
1.000000000000000e+00
1.000000000000000e+00
1.000000000000000e+00
1.000000000000000e+00
###9.199999999999999e+00
3.550757860020010e-09
4.495782678721163e-09
5.649476109924679e-09
7.029751742151192e-09
8.724461208133247e-09
1.080444032666943e-08
1.333551570756761e-08
1.642283895631851e-08
2.019269883301453e-08
2.479652534981752e-08
3.041191201353337e-08
3.726716818396870e-08
4.563637275421921e-08
5.585132787169855e-08
6.832217196379708e-08
8.352867587052797e-08
1.020759681651752e-07
1.246964384579220e-07
1.522779591252066e-07
1.858918850181807e-07
2.269428924530641e-07
2.767758355195956e-07
3.375670099710142e-07
4.116371300641480e-07
5.017673472974936e-07
6.114799067515136e-07
7.450221874321978e-07
9.074868707318729e-07
1.105072361830634e-06
1.345329589413006e-06
1.637415117337070e-06
1.992357707672547e-06
2.423703352120485e-06
2.947415997023988e-06
3.583661882920712e-06
4.355408601776995e-06
5.292152824656293e-06
6.428467788228051e-06
7.806648670296152e-06
9.476714194270283e-06
1.150066568163311e-05
1.395242325570971e-05
1.692123113592427e-05
2.051470651833313e-05
2.486306379591070e-05
3.012124402010049e-05
3.647789004292022e-05
4.416078286906578e-05
5.343909000778848e-05
6.464030220265430e-05
7.815919641233187e-05
9.446228092497906e-05
1.141208471889413e-04
1.378027195774008e-04
1.663218314768732e-04
2.006446330267029e-04
2.419478723792076e-04
2.915758844586535e-04
3.511851250465729e-04
4.227752703147910e-04
5.086650558964316e-04
6.116482841191544e-04
7.349978310338948e-04
8.826423637631139e-04
1.059341479708907e-03
1.270497444963581e-03
1.522599146868139e-03
1.823456068237201e-03
2.182118995284827e-03
2.608975469285296e-03
3.116850768890696e-03
3.720676300886240e-03
4.437479192585383e-03
5.286528878511275e-03
6.292297898137515e-03
7.481676389619759e-03
8.886095917181624e-03
1.054249218434893e-02
1.249211640382460e-02
1.478435225522686e-02
1.747349604351971e-02
2.062321410814495e-02
2.430574655248625e-02
2.860080486085766e-02
3.359897037270682e-02
3.940541560036993e-02
4.613064818096035e-02
5.390007036235676e-02
6.284884390748496e-02
7.312856715007178e-02
8.489462247176141e-02
9.832179974831190e-02
1.135661702183670e-01
1.308134420867125e-01
1.502558175410589e-01
1.720428165140279e-01
1.963449622714374e-01
2.232950368903546e-01
2.529977067459905e-01
2.855126665816218e-01
3.208402319107780e-01
3.589349223036431e-01
3.996328527008445e-01
4.426945968444297e-01
4.877870085073523e-01
5.344651016647725e-01
5.821322465090637e-01
6.301276235000598e-01
6.777180429669913e-01
7.240928196365074e-01
7.683963983124089e-01
8.098367360379120e-01
8.476866053824231e-01
8.813441942630624e-01
9.104141720644465e-01
9.346927567570488e-01
9.542470586242571e-01
9.693427453862663e-01
9.804642153422192e-01
9.882554059785713e-01
9.933870169261007e-01
9.965470519373747e-01
9.983485037985752e-01
9.992876370999677e-01
9.997214103625574e-01
9.998998936210982e-01
9.999679371860702e-01
9.999909893415614e-01
9.999977888114088e-01
9.999995433378738e-01
9.999999202216229e-01
9.999999885120225e-01
9.999999986596757e-01
9.999999998764099e-01
9.999999999911267e-01
9.999999999995238e-01
9.999999999999827e-01
9.999999999999987e-01
1.000000000000000e+00
9.999999999999999e-01
1.000000000000000e+00
1.000000000000000e+00
1.000000000000000e+00
1.000000000000000e+00
1.000000000000000e+00
1.000000000000000e+00
1.000000000000000e+00
1.000000000000000e+00
1.000000000000000e+00
1.000000000000000e+00
###9.399999999999999e+00
3.829835897537861e-09
4.847293315494290e-09
6.091300271512535e-09
7.579205540677385e-09
9.405811025427161e-09
1.164733688502949e-08
1.437442139561811e-08
1.770017818840505e-08
2.176040948579358e-08
2.671787920633832e-08
3.276334552773039e-08
4.014209733704338e-08
4.914865194349720e-08
6.013909815087743e-08
7.355397125439210e-08
8.990796511668433e-08
1.098504561125497e-07
1.341671169946938e-07
1.638101177244566e-07
1.999280185392598e-07
2.440249854078006e-07
2.975477603821485e-07
3.628198899918660e-07
4.423319664204723e-07
5.390596350820678e-07
6.567734138746408e-07
8.000183375214897e-07
9.742419655933483e-07
1.186071943025472e-06
1.443581232157332e-06
1.756555333955085e-06
2.136776483996190e-06
2.598712789884955e-06
3.159405624347262e-06
3.840382426178171e-06
4.666138092517442e-06
5.668139581907500e-06
6.883243909388389e-06
8.356528456774038e-06
1.014127165746509e-05
1.230350463141583e-05
1.492191738864406e-05
1.809146793928974e-05
2.192662294664894e-05
2.656587346996930e-05
3.217372253415750e-05
3.895070702872005e-05
4.713865058289559e-05
5.702316876395707e-05
6.895167462642628e-05
8.334278100506259e-05
1.006908052011264e-04
1.216009207342451e-04
1.467800308521313e-04
1.770893808550225e-04
2.135509773590052e-04
2.574088979713183e-04
3.100831537395419e-04
3.733196969506676e-04
4.492315603752332e-04
5.402621798610372e-04
6.493551111361020e-04
7.799559550535256e-04
9.361946690335655e-04
1.123086821267150e-03
1.346297049913752e-03
1.612639345770814e-03
1.930306606520013e-03
2.308784476759767e-03
2.758945690671701e-03
3.294212066308712e-03
3.930192034025445e-03
4.684659910689458e-03
5.577702909702955e-03
6.634833450958601e-03
7.884060628877823e-03
9.357979462707609e-03
1.109501078753265e-02
1.313789550595539e-02
1.553762983719402e-02
1.835070215862390e-02
2.164248431037882e-02
2.548754114883419e-02
2.996771105635238e-02
3.517608090583765e-02
4.122040938640374e-02
4.821351413054340e-02
5.628302085746405e-02
6.556672140375734e-02
7.621723233747778e-02
8.839209206886409e-02
1.022665924039795e-01
1.179961384410695e-01
1.357653453377251e-01
1.557641407651602e-01
1.781368931556890e-01
2.030480518272352e-01
2.306215636915802e-01
2.609509180438521e-01
2.940817284573226e-01
3.299977317085024e-01
3.686346763434301e-01
4.098072228663252e-01
4.532534565387014e-01
4.986173155613349e-01
5.454315703701086e-01
5.930805735570436e-01
6.408884088749488e-01
6.881142365730205e-01
7.339470558867219e-01
7.775422911556796e-01
8.181291553968697e-01
8.550127008007525e-01
8.876327799336599e-01
9.156414428593171e-01
9.388853354826036e-01
9.574764545408453e-01
9.717210174236146e-01
9.821309281300294e-01
9.893557238315595e-01
9.940679343330321e-01
9.969380772564261e-01
9.985543650341191e-01
9.993855184838302e-01
9.997634898480231e-01
9.999164101440269e-01
9.999737046073519e-01
9.999927543296778e-01
9.999982621463439e-01
9.999996486903919e-01
9.999999401842936e-01
9.999999916135865e-01
9.999999990515157e-01
9.999999999148808e-01
9.999999999942005e-01
9.999999999996710e-01
9.999999999999959e-01
9.999999999999974e-01
1.000000000000001e+00
9.999999999999998e-01
1.000000000000000e+00
1.000000000000000e+00
1.000000000000000e+00
1.000000000000000e+00
1.000000000000000e+00
1.000000000000000e+00
1.000000000000000e+00
1.000000000000000e+00
1.000000000000000e+00
1.000000000000000e+00
###9.599999999999998e+00
4.128246797423639e-09
5.223215811193554e-09
6.563814953441185e-09
8.166796647116606e-09
1.013440245604537e-08
1.254859808115148e-08
1.548514123098739e-08
1.906563838626829e-08
2.343603534444488e-08
2.877117725808396e-08
3.527584332301342e-08
4.321341091940294e-08
5.290016698599830e-08
6.471806157936974e-08
7.913998363637649e-08
9.671777976166286e-08
1.181479029250558e-07
1.442726947447471e-07
1.761126876605773e-07
2.148984943909475e-07
2.622401029384784e-07
3.196924157295920e-07
3.897350415208582e-07
4.750394014196420e-07
5.787873546732944e-07
7.050128443166654e-07
8.585766290118432e-07
1.045302539123458e-06
1.272273111303794e-06
1.548114509303372e-06
1.883278404518520e-06
2.290344818482927e-06
2.784757914521866e-06
3.384698920529537e-06
4.113135226129579e-06
4.996176095974575e-06
6.067371142225090e-06
7.365989957961172e-06
8.940048278635193e-06
1.084626449922433e-05
1.315492257163035e-05
1.594974311595400e-05
1.933170748388953e-05
2.342250034973495e-05
2.836932744942986e-05
3.434676554850478e-05
4.156785929744395e-05
5.028920600310680e-05
6.081370945709306e-05
7.350971506038347e-05
8.882086650498709e-05
1.072706658665075e-04
1.294998311136840e-04
1.562562278672039e-04
1.884506738776218e-04
2.271633465839286e-04
2.737087799261835e-04
3.295860547425492e-04
3.966348275921042e-04
4.770863357123425e-04
5.735142058283434e-04
6.890181525264774e-04
8.272236986539973e-04
9.924706549893484e-04
1.190040242961230e-03
1.425870369631789e-03
1.707112358115961e-03
2.042356967202555e-03
2.441540437845601e-03
2.916037650142033e-03
3.479887483495712e-03
4.149397801244033e-03
4.943113561538188e-03
5.881963798613078e-03
6.992531839617747e-03
8.303973719344144e-03
9.850081964995211e-03
1.167079292934632e-02
1.381036870239866e-02
1.632146225783801e-02
1.926276102927692e-02
2.270139191145481e-02
2.671416468634047e-02
3.138534285924049e-02
3.681023613865700e-02
4.309927270666333e-02
5.036755462357368e-02
5.874489109568608e-02
6.837162913470274e-02
7.940121833783917e-02
9.199326711461663e-02
1.063233819238254e-01
1.225460095461367e-01
1.408443883075051e-01
1.614058213516408e-01
1.843691056887090e-01
2.098921645586984e-01
2.380896157596497e-01
2.690432538411064e-01
3.027841356861831e-01
3.392789404897072e-01
3.784442923136821e-01
4.200731784393809e-01
4.638811788617627e-01
5.094895722644444e-01
5.564094477098654e-01
6.040070741193688e-01
6.515927866055362e-01
6.984195490950349e-01
7.436780947841420e-01
7.865367938637123e-01
8.262480739579053e-01
8.621509006968969e-01
8.937278994607192e-01
9.206788256108098e-01
9.429001625990820e-01
9.605476906395213e-01
9.739656770462299e-01
9.836904622598609e-01
9.903759647383377e-01
9.946927857098798e-01
9.972927565913571e-01
9.987386660778449e-01
9.994718585470966e-01
9.998000153050505e-01
9.999305088664504e-01
9.999785390470206e-01
9.999942046663903e-01
9.999986416597896e-01
9.999997315331161e-01
9.999999554607979e-01
9.999999939271268e-01
9.999999993336838e-01
9.999999999414658e-01
9.999999999961876e-01
9.999999999997918e-01
9.999999999999972e-01
9.999999999999986e-01
1.000000000000000e+00
9.999999999999999e-01
1.000000000000000e+00
1.000000000000000e+00
1.000000000000000e+00
1.000000000000000e+00
1.000000000000000e+00
1.000000000000000e+00
1.000000000000000e+00
1.000000000000000e+00
1.000000000000000e+00
1.000000000000000e+00
###9.799999999999997e+00
4.447176731409230e-09
5.625047871160145e-09
7.068903556241356e-09
8.794863463047688e-09
1.091312862638072e-08
1.351179273709513e-08
1.667205809148819e-08
2.052458553917560e-08
2.522613131606318e-08
3.096441213335489e-08
3.795913330686817e-08
4.649293292499166e-08
5.690527480440697e-08
6.960563324756949e-08
8.510131809854860e-08
1.039836819786771e-07
1.269992407711160e-07
1.550505776896927e-07
1.892308757931650e-07
2.308579126376815e-07
2.816541709498422e-07
3.432890858038873e-07
4.184083370976502e-07
5.098749856626364e-07
6.210896812088607e-07
7.563657441106272e-07
9.208986693863428e-07
1.120911061385545e-06
1.363967312006555e-06
1.659279561109910e-06
2.018004764189368e-06
2.453567261585834e-06
2.982443944434443e-06
3.624021374624073e-06
4.402789544042374e-06
5.346563349813741e-06
6.491092875654362e-06
7.878195261325370e-06
9.558987913415940e-06
1.159380017467078e-05
1.405745664579178e-05
1.703892645764732e-05
2.064555641112877e-05
2.500663417017176e-05
3.027853762701926e-05
3.664645125935192e-05
4.433656818510040e-05
5.362098078182951e-05
6.482087966823132e-05
7.832647224087040e-05
9.460771728401620e-05
1.142187332036399e-04
1.378375112240603e-04
1.662548361602592e-04
2.004334457194790e-04
2.415144009314179e-04
2.908859355347835e-04
3.501297189440707e-04
4.211834546462965e-04
5.064016170607161e-04
6.084936909406590e-04
7.307221648952837e-04
8.768999108531279e-04
1.051585392325698e-03
1.260335516074797e-03
1.509372598961939e-03
1.806197878574867e-03
2.159814792075277e-03
2.580626297016623e-03
3.080526735592884e-03
3.674193014553068e-03
4.378655268961586e-03
5.213252918475040e-03
6.199781152292087e-03
7.365925600720174e-03
8.742017622848252e-03
1.036308094268384e-02
1.227059824918268e-02
1.451038398634477e-02
1.713682887611583e-02
2.021071259115647e-02
2.380107794402971e-02
2.798695993175445e-02
3.285504577025269e-02
3.850287950817475e-02
4.504358825324230e-02
5.259437823020612e-02
6.128734350516522e-02
7.126524340395599e-02
8.268220760391934e-02
9.569977815033168e-02
1.104936881894344e-01
1.272171264125047e-01
1.460516571270149e-01
1.671815973777544e-01
1.907397424669685e-01
2.168770288009138e-01
2.456982461777643e-01
2.772729779886957e-01
3.116172524828469e-01
3.486802319969643e-01
3.883590862084256e-01
4.304249493962072e-01
4.745709300777891e-01
5.203959632983506e-01
5.673900908369973e-01
6.149025079351326e-01
6.622312115283814e-01
7.086245192108884e-01
7.532769577120341e-01
7.953718390813286e-01
8.341867156929710e-01
8.690960418016220e-01
8.996261984786851e-01
9.255248216150168e-01
9.467374835855301e-01
9.634624110978577e-01
9.760793612166709e-01
9.851460914349720e-01
9.913193237070617e-01
9.952644359564543e-01
9.976133894330832e-01
9.989030568785551e-01
9.995477092729803e-01
9.998315782527425e-01
9.999424847662716e-01
9.999825697256114e-01
9.999953894427130e-01
9.999989442190440e-01
9.999997961846400e-01
9.999999670650203e-01
9.999999956371454e-01
9.999999995354338e-01
9.999999999607040e-01
9.999999999974910e-01
9.999999999998769e-01
9.999999999999962e-01
9.999999999999998e-01
1.000000000000000e+00
1.000000000000000e+00
1.000000000000000e+00
1.000000000000000e+00
1.000000000000000e+00
1.000000000000000e+00
1.000000000000000e+00
1.000000000000000e+00
1.000000000000000e+00
1.000000000000000e+00
1.000000000000000e+00
1.000000000000000e+00
###9.999999999999996e+00
4.787876005046757e-09
6.054368248971305e-09
7.608551421608189e-09
9.465875636388761e-09
1.174503888521459e-08
1.454068213554548e-08
1.793979059817650e-08
2.208267353101717e-08
2.713760298160302e-08
3.330600277906133e-08
4.082346055632318e-08
4.999311375585275e-08
6.117909017879488e-08
7.482015203697869e-08
9.146018906602915e-08
1.117325669835993e-07
1.364370078978713e-07
1.665401055320513e-07
2.032122150900341e-07
2.478636684387696e-07
3.023364770162806e-07
3.684213210810497e-07
4.489404861818064e-07
5.469600688860750e-07
6.661127372072774e-07
8.110079770376012e-07
9.871960179128606e-07
1.201321903683795e-06
1.461460213993941e-06
1.777443510284051e-06
2.161175114880143e-06
2.626972543995334e-06
3.192404905339176e-06
3.878133737767541e-06
4.710255465343919e-06
5.718389126521441e-06
6.940607806362102e-06
8.421417629660902e-06
1.021520848224494e-05
1.238611528880704e-05
1.501375792874706e-05
1.819262839834858e-05
2.203678080189823e-05
2.668350849854464e-05
3.229883804712745e-05
3.907911966614202e-05
4.726436332964050e-05
5.714294307984840e-05
6.905527288055402e-05
8.341449431364660e-05
1.007181830180131e-04
1.215525623018560e-04
1.466346941966919e-04
1.768003150030832e-04
2.130665193977198e-04
2.566380659889324e-04
3.089802517881084e-04
3.717609809874778e-04
4.470204865014238e-04
5.372417010693677e-04
6.452758144175771e-04
7.745549195916986e-04
9.290868982106947e-04
1.113657908440350e-03
1.334110925730535e-03
1.596964068980914e-03
1.910081427709637e-03
2.282894309757364e-03
2.726288892813201e-03
3.252696659231051e-03
3.877453952454295e-03
4.618336444990452e-03
5.495502202353941e-03
6.531637179003060e-03
7.755561058125585e-03
9.198809290077976e-03
1.089767017755105e-02
1.289520389032885e-02
1.523880919708741e-02
1.798483483666359e-02
2.119561855269957e-02
2.494270336476447e-02
2.930718918169073e-02
3.437818230061535e-02
4.025546815570324e-02
4.705485451302379e-02
5.489559759329377e-02
6.391203747735438e-02
7.424920982911003e-02
8.606185938888795e-02
9.951321893415291e-02
1.147789786625589e-01
1.320107631302114e-01
1.513886086333756e-01
1.730920952721842e-01
1.972489514749389e-01
2.240022056503022e-01
2.534463141081302e-01
2.856381356553763e-01
3.205782848948036e-01
3.581977263783515e-01
3.983741154051322e-01
4.408565144602347e-01
4.853156478317357e-01
5.313284856210093e-01
5.783647300485626e-01
6.257575890053531e-01
6.727942053017304e-01
7.187198554198523e-01
7.627349599952840e-01
8.040397698974087e-01
8.419388311857759e-01
8.758435727469522e-01
9.053249836435088e-01
9.301785971107072e-01
9.503981611799416e-01
9.662227981314578e-01
9.780651317819415e-01
9.865013553104875e-01
9.921891700501265e-01
9.957858194606837e-01
9.979022735549443e-01
9.990491489125857e-01
9.996140752351040e-01
9.998587313963038e-01
9.999526078998527e-01
9.999859123319718e-01
9.999963516232577e-01
9.999991840238307e-01
9.999998462712736e-01
9.999999758143424e-01
9.999999968899487e-01
9.999999996785766e-01
9.999999999738870e-01
9.999999999983509e-01
9.999999999999322e-01
9.999999999999953e-01
1.000000000000000e+00
9.999999999999998e-01
1.000000000000000e+00
1.000000000000000e+00
1.000000000000000e+00
1.000000000000000e+00
1.000000000000000e+00
1.000000000000000e+00
1.000000000000000e+00
1.000000000000000e+00
1.000000000000000e+00
1.000000000000000e+00
1.000000000000000e+00
###1.020000000000000e+01
5.151661944517052e-09
6.512840584649251e-09
8.184850686844647e-09
1.018242682176573e-08
1.263334742411255e-08
1.563922903479625e-08
1.929320419705504e-08
2.374585763524127e-08
2.917772299840187e-08
3.580481430559017e-08
4.387961129727487e-08
5.372705977583766e-08
6.573752046534900e-08
8.038089996470533e-08
9.823996671834958e-08
1.199927234020486e-07
1.464954210433621e-07
1.787826379513414e-07
2.181066682291657e-07
2.659760772171696e-07
3.243598146463314e-07
3.951768804928016e-07
4.814372451697503e-07
5.864220500281794e-07
7.140098899717943e-07
8.691240779929294e-07
1.057690608350191e-06
1.286801835919726e-06
1.565072296169831e-06
1.902991158157504e-06
2.313251245957889e-06
2.811114530239220e-06
3.415304760705740e-06
4.147830602964746e-06
5.036454696341082e-06
6.112792991867041e-06
7.417278798945842e-06
8.997285931545848e-06
1.091065555379333e-05
1.322553542977712e-05
1.602659586268581e-05
1.941414987523565e-05
2.350931208192638e-05
2.845780154340367e-05
3.443579289058246e-05
4.165138187628738e-05
5.035909335054390e-05
6.086441122538936e-05
7.352792297567777e-05
8.878684536583525e-05
1.071677172007601e-04
1.292904145026456e-04
1.559129378241152e-04
1.879180851115078e-04
2.263798371272456e-04
2.725695680571181e-04
3.280331254306591e-04
3.945284230198505e-04
4.742028514388004e-04
5.696732134428792e-04
6.839384369003574e-04
8.206072670471097e-04
9.838904938438992e-04
1.178811260286079e-03
1.411509346545160e-03
1.688810323302807e-03
2.018954425808365e-03
2.411816402487504e-03
2.878782538084466e-03
3.432839493780601e-03
4.090004896926099e-03
4.868823641703868e-03
5.790296970934453e-03
6.878026470310257e-03
8.161997961176271e-03
9.674980066196617e-03
1.145455869352049e-02
1.354540289526430e-02
1.599652762551493e-02
1.886626354979740e-02
2.221855557641531e-02
2.612744483807872e-02
3.067612930513333e-02
3.595612751082563e-02
4.206946825922978e-02
4.913460861168695e-02
5.727280349450969e-02
6.662051431152570e-02
7.732518295014419e-02
8.954180296299284e-02
1.034351397593935e-01
1.191806614143993e-01
1.369281164983632e-01
1.568556984204378e-01
1.791378202164282e-01
2.038967333018436e-01
2.312670831858280e-01
2.613324808129748e-01
2.941365548905989e-01
3.296643979498178e-01
3.678273002957768e-01
4.084841866235249e-01
4.513616122187671e-01
4.961080557813052e-01
5.422789674294158e-01
5.893244921010282e-01
6.365630133284701e-01
6.832723988600845e-01
7.286964680592606e-01
7.720437404223022e-01
8.125333707822867e-01
8.494987145168822e-01
8.823895601836195e-01
9.108222158478347e-01
9.346399629309957e-01
9.538836436509144e-01
9.688315294099633e-01
9.799264270937603e-01
9.877600186342317e-01
9.929890040730401e-01
9.962599062885600e-01
9.981616818285902e-01
9.991785017642618e-01
9.996719075783987e-01
9.998819868841082e-01
9.999611232205599e-01
9.999886695600895e-01
9.999971284759143e-01
9.999993729541830e-01
9.999998847974156e-01
9.999999823621231e-01
9.999999978000355e-01
9.999999997793224e-01
9.999999999828213e-01
9.999999999989178e-01
9.999999999999662e-01
9.999999999999950e-01
1.000000000000001e+00
9.999999999999997e-01
1.000000000000000e+00
1.000000000000000e+00
1.000000000000000e+00
1.000000000000000e+00
1.000000000000000e+00
1.000000000000000e+00
1.000000000000000e+00
1.000000000000000e+00
1.000000000000000e+00
1.000000000000000e+00
1.000000000000000e+00
###1.040000000000000e+01
5.539922279183042e-09
7.002217398295472e-09
8.800005225950862e-09
1.094725202133772e-08
1.358144353082135e-08
1.681160708777293e-08
2.073742269698257e-08
2.552040855989797e-08
3.135414814443267e-08
3.847017862989668e-08
4.713893784065010e-08
5.770856158363938e-08
7.059730171356767e-08
8.630816480399520e-08
1.054652292555175e-07
1.287938960573824e-07
1.572104505125088e-07
1.918216449987393e-07
2.339667352965313e-07
2.852585030609611e-07
3.478006382574681e-07
4.236479146572814e-07
5.160096357607380e-07
6.283946371942312e-07
7.649420608077313e-07
9.309076204723010e-07
1.132615181542570e-06
1.377630544287271e-06
1.675139461002122e-06
2.036325711086721e-06
2.474716891443428e-06
3.006573233927852e-06
3.651838603855467e-06
4.433944119886180e-06
5.382408041511220e-06
6.530966788215783e-06
7.922531032395123e-06
9.607502859039757e-06
1.164736220832407e-05
1.411448622553140e-05
1.709886274695280e-05
2.070693679958988e-05
2.506725298279390e-05
3.033439422420061e-05
3.669520460334406e-05
4.437012954815195e-05
5.362893707287755e-05
6.479508307539276e-05
7.825031863618805e-05
9.445712245086478e-05
1.139723972769100e-04
1.374512802166010e-04
1.656946507876593e-04
1.996345587365393e-04
2.404044947219897e-04
2.893454733456247e-04
3.480875052027652e-04
4.184824251195948e-04
5.027895545055440e-04
6.037651739343952e-04
7.245621719163904e-04
8.689732163051167e-04
1.041420145462476e-03
1.247172631083182e-03
1.492678348313924e-03
1.785082232434754e-03
2.133014315421816e-03
2.546808735807363e-03
3.038369155062570e-03
3.621255809427658e-03
4.312189890682940e-03
5.130509606151122e-03
6.098084237375420e-03
7.239456101045627e-03
8.585809555338350e-03
1.017117572145774e-02
1.203447074060374e-02
1.422200412136574e-02
1.678443804608372e-02
1.978210902396645e-02
2.328061514875768e-02
2.735649407007219e-02
3.209507082478934e-02
3.759026772895999e-02
4.394635368636510e-02
5.128439991677194e-02
5.972753180749853e-02
6.941451170548352e-02
8.049480242080596e-02
9.312363269710026e-02
1.074670405868420e-01
1.237000760325332e-01
1.419702893012647e-01
1.624535338924583e-01
1.853191321847504e-01
2.106829252936685e-01
2.386708612120828e-01
2.693551954658576e-01
3.027658270723133e-01
3.388718048560669e-01
3.775648675628777e-01
4.186838488823151e-01
4.619337395983412e-01
5.069406686409793e-01
5.532390789032070e-01
6.002604163713151e-01
6.473094788804594e-01
6.936564484243313e-01
7.385454927808525e-01
7.811952846418930e-01
8.208458867147953e-01
8.568612148589312e-01
8.887306899376864e-01
9.161164989390849e-01
9.389093505116666e-01
9.571959302464335e-01
9.712917343675831e-01
9.816670142381547e-01
9.889260305580940e-01
9.937224159007114e-01
9.966896716637159e-01
9.983938421687300e-01
9.992926123662239e-01
9.997220997197608e-01
9.999018155722836e-01
9.999682512080434e-01
9.999909318275221e-01
9.999977520516508e-01
9.999995189385974e-01
9.999999142232404e-01
9.999999872259774e-01
9.999999984556742e-01
9.999999998496497e-01
9.999999999888131e-01
9.999999999992906e-01
9.999999999999862e-01
9.999999999999951e-01
1.000000000000001e+00
9.999999999999997e-01
1.000000000000000e+00
1.000000000000000e+00
1.000000000000000e+00
1.000000000000000e+00
1.000000000000000e+00
1.000000000000000e+00
1.000000000000000e+00
1.000000000000000e+00
1.000000000000000e+00
1.000000000000000e+00
1.000000000000000e+00
###1.059999999999999e+01
5.954118433702142e-09
7.524344360561094e-09
9.456336090070001e-09
1.176323246647961e-08
1.459288492602140e-08
1.806221092534274e-08
2.227784061844054e-08
2.741292749837948e-08
3.367493757086313e-08
4.131191665943886e-08
5.061338541887327e-08
6.195212800570855e-08
7.577603790672941e-08
9.262328411841120e-08
1.131618195959447e-07
1.381673540373460e-07
1.686199022347594e-07
2.057028054935357e-07
2.508475723930082e-07
3.057775040780911e-07
3.727410012153964e-07
4.539311733007172e-07
5.527741862925545e-07
6.730181341259631e-07
8.190780653212128e-07
9.965616215122077e-07
1.212213768811310e-06
1.474101781316093e-06
1.792013717109875e-06
2.177869597101473e-06
2.646078716584076e-06
3.213955994972617e-06
3.902734083236402e-06
4.737345508951768e-06
5.749164034784102e-06
6.974157255402848e-06
8.457854509497265e-06
1.025384801920202e-05
1.242745262327562e-05
1.505550112561273e-05
1.823357828958828e-05
2.207458586070829e-05
2.671488449470700e-05
3.231837724009508e-05
3.908312279050334e-05
4.724254522739076e-05
5.708241522761365e-05
6.894505806075686e-05
8.323441952545733e-05
1.004394743332395e-04
1.211489460598484e-04
1.460549037681635e-04
1.760031212618603e-04
2.119771725182466e-04
2.551727792635467e-04
3.070037310696023e-04
3.691879437181839e-04
4.436752213303527e-04
5.328417411142137e-04
6.395890680150241e-04
7.672304672577083e-04
9.197500266369113e-04
1.101789018169346e-03
1.318873445186675e-03
1.577770323844263e-03
1.885956136013367e-03
2.252464718909658e-03
2.688105932622363e-03
3.205318466964538e-03
3.818254883676703e-03
4.544362647896375e-03
5.403797769561307e-03
6.419322745544996e-03
7.616445934508919e-03
9.027582920218396e-03
1.068805684022053e-02
1.263814628517071e-02
1.492583286998796e-02
1.760345619043245e-02
2.073338270015138e-02
2.438290563278793e-02
2.863105876203578e-02
3.356531876179378e-02
3.928200134705230e-02
4.588760698915355e-02
5.350578223308925e-02
6.226148939616982e-02
7.229567899633865e-02
8.375968807026067e-02
9.680890913953025e-02
1.116103715446417e-01
1.283384914882300e-01
1.471377005599566e-01
1.681829128523256e-01
1.916362332742436e-01
2.176072057386475e-01
2.462125565799439e-01
2.775127023260502e-01
3.115233193036992e-01
3.481969283114802e-01
3.874068525480439e-01
4.289674424686523e-01
4.725661835679731e-01
5.178058247534977e-01
5.642003650425995e-01
6.111634897167819e-01
6.579877219735477e-01
7.039372093845271e-01
7.482583260452601e-01
7.901819564568336e-01
8.289710475564460e-01
8.640217511710163e-01
8.948642695807103e-01
9.212070687594267e-01
9.429877878028660e-01
9.603375364652564e-01
9.736069512448218e-01
9.832909430334634e-01
9.900034853034219e-01
9.943930483218291e-01
9.970780688782200e-01
9.986009205567553e-01
9.993929063880118e-01
9.997654846619799e-01
9.999186471450694e-01
9.999741888346461e-01
9.999927781211618e-01
9.999982496788600e-01
9.999996348756417e-01
9.999999365189248e-01
9.999999908140099e-01
9.999999989231421e-01
9.999999998985899e-01
9.999999999927160e-01
9.999999999995560e-01
9.999999999999913e-01
9.999999999999972e-01
1.000000000000001e+00
9.999999999999999e-01
1.000000000000000e+00
1.000000000000000e+00
1.000000000000000e+00
1.000000000000000e+00
1.000000000000000e+00
1.000000000000000e+00
1.000000000000000e+00
1.000000000000000e+00
1.000000000000000e+00
1.000000000000000e+00
1.000000000000000e+00
###1.079999999999999e+01
6.395788962521467e-09
8.081164635031571e-09
1.015628698605563e-08
1.263340145225367e-08
1.567142316966112e-08
1.939566640759036e-08
2.392013572043076e-08
2.943036137622727e-08
3.614857144913020e-08
4.434036069667387e-08
5.431551924697716e-08
6.647301830441841e-08
8.129224024668295e-08
9.934869081607500e-08
1.213569020365141e-07
1.481459587722620e-07
1.807634990420425e-07
2.204741043150106e-07
2.688071080475465e-07
3.276029709536884e-07
3.992638364256374e-07
4.861282024578203e-07
5.918531670302546e-07
7.204397210695429e-07
8.765949483840255e-07
1.066298940708401e-06
1.296742177803446e-06
1.576524092650343e-06
1.916063854793755e-06
2.328065241851073e-06
2.827867213496023e-06
3.433898534060655e-06
4.168752624264320e-06
5.058946160564213e-06
6.137812889087166e-06
7.443667820095356e-06
9.024806493574274e-06
1.093818075985902e-05
1.325314543299484e-05
1.605122536680498e-05
1.943389440256230e-05
2.352084986203000e-05
2.845667118998633e-05
3.441505856173744e-05
4.160585294662479e-05
5.027611187778046e-05
6.072840221480558e-05
7.332485081981225e-05
8.849267212204993e-05
1.067486198572961e-04
1.287147528091499e-04
1.551218076270205e-04
1.868625446988542e-04
2.249744192641599e-04
2.707182053449243e-04
3.255837146626624e-04
3.913806432153829e-04
4.701609524313300e-04
5.644227563949876e-04
6.772189133517990e-04
8.120296790970208e-04
9.730382897337179e-04
1.165114085105546e-03
1.394049467243925e-03
1.666942596539604e-03
1.991614034611265e-03
2.377515562220425e-03
2.835949702775172e-03
3.379908131808178e-03
4.024154836725372e-03
4.786886687359540e-03
5.689102373406206e-03
6.754483082456590e-03
8.009528712764257e-03
9.487919026398275e-03
1.122629883832791e-02
1.326634096277828e-02
1.565773075543148e-02
1.845451450481353e-02
2.172111268004738e-02
2.552655170076981e-02
2.995236181852115e-02
3.508819154882317e-02
4.103273736788896e-02
4.789471745049785e-02
5.580031108360210e-02
6.487627443435040e-02
7.526562889040318e-02
8.712143393954790e-02
1.005991538338322e-01
1.158665274041918e-01
1.330971018047429e-01
1.524318048799393e-01
1.740443846231731e-01
1.980891209072864e-01
2.246690832833708e-01
2.538909930417311e-01
2.858030287246923e-01
3.204061244656293e-01
3.576359280893807e-01
3.973468140117267e-01
4.393290396041563e-01
4.832520036856449e-01
5.286956773983899e-01
5.751542481784577e-01
6.220246561825441e-01
6.685885333404847e-01
7.141057024996175e-01
7.578266464047665e-01
7.989965166651155e-01
8.369030817232620e-01
8.709763175592511e-01
9.007882229636660e-01
9.260937757405159e-01
9.468768701412911e-01
9.633114561632292e-01
9.757810827297608e-01
9.848025005769901e-01
9.909965837245268e-01
9.950045626846057e-01
9.974280053048251e-01
9.987850068531402e-01
9.994807318923713e-01
9.998028335813208e-01
9.999328709332838e-01
9.999791107893181e-01
9.999942769141921e-01
9.999986376702634e-01
9.999997244159047e-01
9.999999533229810e-01
9.999999934394359e-01
9.999999992546846e-01
9.999999999321644e-01
9.999999999952819e-01
9.999999999997310e-01
9.999999999999922e-01
9.999999999999993e-01
1.000000000000000e+00
1.000000000000000e+00
1.000000000000000e+00
1.000000000000000e+00
1.000000000000000e+00
1.000000000000000e+00
1.000000000000000e+00
1.000000000000000e+00
1.000000000000000e+00
1.000000000000000e+00
1.000000000000000e+00
1.000000000000000e+00
1.000000000000000e+00
###1.099999999999999e+01
6.866553049160715e-09
8.674723304905630e-09
1.090242865636491e-08
1.356095123706869e-08
1.682100615660124e-08
2.081684107027043e-08
2.567028174765164e-08
3.158001834948039e-08
3.878400104263756e-08
4.756637714692352e-08
5.825855190191624e-08
7.128727522587949e-08
8.716536669069767e-08
1.065079609097559e-07
1.300790189309052e-07
1.587642315079479e-07
1.936829614443473e-07
2.361859279666915e-07
2.879061550464270e-07
3.508082505945193e-07
4.274572433783435e-07
5.203455202915070e-07
6.333748168274223e-07
7.708137265154172e-07
9.376783072345464e-07
1.140342660858206e-06
1.386468404325295e-06
1.685212665958296e-06
2.047676048892596e-06
2.487375837755770e-06
3.020637630989490e-06
3.667066061582019e-06
4.450690750442818e-06
5.399699199870931e-06
6.549494410536453e-06
7.940860783156830e-06
9.625014088432781e-06
1.166244321005899e-05
1.412675723322376e-05
1.710442016741974e-05
2.070310008436954e-05
2.504964349440815e-05
3.029726889724953e-05
3.662997128081092e-05
4.426996561011213e-05
5.347862528576458e-05
6.457613859510428e-05
7.794540536317342e-05
9.403802608626055e-05
1.133998668759169e-04
1.366878952951782e-04
1.646733177922782e-04
1.982980529666892e-04
2.386558815426816e-04
2.870755531855869e-04
3.451262651987365e-04
4.147135048805265e-04
4.979957218043212e-04
5.975982082193755e-04
7.167313306839006e-04
8.590491513677128e-04
1.028942018205779e-03
1.231516225648570e-03
1.472840910476996e-03
1.760357541981044e-03
2.102243504572800e-03
2.508383214300499e-03
2.990588992189595e-03
3.562423899952826e-03
4.239282795455950e-03
5.040135500261655e-03
5.986848637261111e-03
7.104047841397012e-03
8.419250209253671e-03
9.967432870371115e-03
1.178659206689939e-02
1.391982614067972e-02
1.641855571329504e-02
1.933856208493011e-02
2.274634357777524e-02
2.671269406182943e-02
3.132164094090981e-02
3.666502045091675e-02
4.284389461495904e-02
4.996918004275008e-02
5.816954203343538e-02
6.757347813323271e-02
7.832595823474006e-02
9.058160690145008e-02
1.044958487249920e-01
1.202368483783401e-01
1.379770341086718e-01
1.578535485537496e-01
1.800383936796701e-01
2.046778666548757e-01
2.318679046418254e-01
2.617048051619550e-01
2.942239876178066e-01
3.294110123904416e-01
3.671847086529040e-01
4.073796453378794e-01
4.497624636875862e-01
4.939840488069843e-01
5.396022152152292e-01
5.860920513417555e-01
6.328348431903741e-01
6.791027855718482e-01
7.241531401883678e-01
7.672424289917497e-01
8.076305525934682e-01
8.446367075321408e-01
8.777214811119075e-01
9.065010783552766e-01
9.307770633105253e-01
9.505787282294401e-01
9.661211219354151e-01
9.778183516128451e-01
9.862061671255353e-01
9.919095966207111e-01
9.955606080481096e-01
9.977423215637379e-01
9.989481033047444e-01
9.995573549192128e-01
9.998348555890391e-01
9.999448372972117e-01
9.999831709100547e-01
9.999954871202880e-01
9.999989517365898e-01
9.999997931061368e-01
9.999999659102919e-01
9.999999953420189e-01
9.999999994893638e-01
9.999999999545472e-01
9.999999999970987e-01
9.999999999998000e-01
1.000000000000005e+00
9.999999999999969e-01
1.000000000000001e+00
9.999999999999998e-01
1.000000000000000e+00
1.000000000000000e+00
1.000000000000000e+00
1.000000000000000e+00
1.000000000000000e+00
1.000000000000000e+00
1.000000000000000e+00
1.000000000000000e+00
1.000000000000000e+00
1.000000000000000e+00
1.000000000000000e+00
###1.119999999999999e+01
7.368114351484507e-09
9.307172238514010e-09
1.169746812326542e-08
1.454924064433018e-08
1.804578751531914e-08
2.233085572961406e-08
2.753456267015972e-08
3.386958538205057e-08
4.159073434552505e-08
5.100139234097657e-08
6.245637404609422e-08
7.641176149063592e-08
9.341586582798981e-08
1.141258671238549e-07
1.393581545829449e-07
1.700584298486573e-07
2.074221000781955e-07
2.528912193150258e-07
3.082085439434197e-07
3.754703121321417e-07
4.574140119806825e-07
5.566948531658319e-07
6.774736127567105e-07
8.243019467372505e-07
1.002522671285633e-06
1.218926542574966e-06
1.481673204928763e-06
1.800509196988147e-06
2.187254637802827e-06
2.656286217011942e-06
3.224971009178728e-06
3.914154487447539e-06
4.749381503646667e-06
5.760601154790428e-06
6.985399956560821e-06
8.467159619612462e-06
1.026017693814862e-05
1.242866343752594e-05
1.505070648331270e-05
1.821796706268678e-05
2.204462649487803e-05
2.666504927238086e-05
3.224153146821304e-05
3.896888162587117e-05
4.708230497990732e-05
5.685820337076362e-05
6.863524363134747e-05
8.281811024894988e-05
9.988395161347707e-05
1.204091317038794e-04
1.450871620637359e-04
1.747315893541040e-04
2.103357435870955e-04
2.530522644320579e-04
3.042809066312152e-04
3.656737345184696e-04
4.392361776381051e-04
5.272376504376664e-04
6.324360289306284e-04
7.582056128276415e-04
9.083812925144664e-04
1.087568730480755e-03
1.301120318727001e-03
1.555392538427448e-03
1.858182694174053e-03
2.218038002824443e-03
2.645290611758173e-03
3.152280114479165e-03
3.753159749889314e-03
4.463975030597246e-03
5.304492684605732e-03
6.297472885150169e-03
7.468511733031630e-03
8.846169315307675e-03
1.046675352409237e-02
1.236964181156410e-02
1.459938884825467e-02
1.720918184189369e-02
2.025656440045178e-02
2.381013610503135e-02
2.794248885456299e-02
3.274014779789150e-02
3.829714845436443e-02
4.471690028734039e-02
5.211249356884997e-02
6.061502835142116e-02
7.035468177313534e-02
8.147824428185212e-02
9.414174195463584e-02
1.085004293260328e-01
1.247224514136857e-01
1.429793332292625e-01
1.634036525437376e-01
1.861652601218094e-01
2.114022685405240e-01
2.392028453888319e-01
2.696524328372000e-01
3.027731785588280e-01
3.385348441168932e-01
3.768389394804237e-01
4.175000020148594e-01
4.602613205556662e-01
5.047549795615983e-01
5.505172873925694e-01
5.970050253888736e-01
6.435849914224984e-01
6.895214650538124e-01
7.340709593620207e-01
7.764979854589269e-01
8.160792813219769e-01
8.521671709062485e-01
8.842543921911122e-01
9.120019655654398e-01
9.352579500049588e-01
9.540959986281795e-01
9.687703670842018e-01
9.797232584866089e-01
9.875065747020433e-01
9.927468306310686e-01
9.960647938082625e-01
9.980237738694231e-01
9.990921156237693e-01
9.996239568323865e-01
9.998621989871102e-01
9.999548594535946e-01
9.999865037397467e-01
9.999964591498532e-01
9.999991976113245e-01
9.999998455913250e-01
9.999999752619636e-01
9.999999967163189e-01
9.999999996525991e-01
9.999999999698194e-01
9.999999999982263e-01
9.999999999998582e-01
1.000000000000008e+00
9.999999999999967e-01
1.000000000000001e+00
9.999999999999998e-01
1.000000000000000e+00
1.000000000000000e+00
1.000000000000000e+00
1.000000000000000e+00
1.000000000000000e+00
1.000000000000000e+00
1.000000000000000e+00
1.000000000000000e+00
1.000000000000000e+00
1.000000000000000e+00
1.000000000000000e+00
###1.139999999999999e+01
7.902264826891561e-09
9.980774924946063e-09
1.254425211805141e-08
1.560180256963244e-08
1.935013582814855e-08
2.394309572946475e-08
2.951958634261397e-08
3.630714451085548e-08
4.457848115736542e-08
5.465741647842595e-08
6.692358407747123e-08
8.186419613121235e-08
1.000652211646576e-07
1.222284280308453e-07
1.492257986487430e-07
1.820666245636287e-07
2.220269052999041e-07
2.706454641913947e-07
3.297812549966225e-07
4.016701431327354e-07
4.892314658287502e-07
5.952933592549036e-07
7.242905353763418e-07
8.810739627674695e-07
1.071331880168027e-06
1.302295473151235e-06
1.582650635088201e-06
1.922766575906236e-06
2.335222886046258e-06
2.835303768485536e-06
3.441475221717346e-06
4.175891649745396e-06
5.065695892323809e-06
6.142693662204108e-06
7.446774445648855e-06
9.024051340990248e-06
1.093206998374168e-05
1.323895871076047e-05
1.602751715353690e-05
1.939487224649763e-05
2.346205217359470e-05
2.837132362764170e-05
3.429451766278291e-05
4.143779725815095e-05
5.005000055730346e-05
6.042329758029344e-05
7.291572822291234e-05
8.795481299744877e-05
1.060444562418497e-04
1.277929593124227e-04
1.539320753358441e-04
1.853196329302473e-04
2.230027097851333e-04
2.681954303573193e-04
3.223716921862060e-04
3.872700297507948e-04
4.650001082440928e-04
5.579457670939997e-04
6.690065386915431e-04
8.017237954723988e-04
9.601216542243896e-04
1.149029537884067e-03
1.374055338580780e-03
1.641853769448262e-03
1.960590860427893e-03
2.339196955541495e-03
2.788467388178884e-03
3.321286885392691e-03
3.952418026340282e-03
4.698577095502313e-03
5.580352080797853e-03
6.621422672603337e-03
7.848381696794783e-03
9.290858126532912e-03
1.098652418401858e-02
1.297616828759787e-02
1.530583170155150e-02
1.803049923528265e-02
2.120950300500603e-02
2.491356663838141e-02
2.921710701252231e-02
3.420914715083088e-02
3.998592905809959e-02
4.665318834526457e-02
5.432615800109203e-02
6.313817097420692e-02
7.322145272055652e-02
8.472404121450962e-02
9.780333847477958e-02
1.126142810861245e-01
1.293246966767332e-01
1.481047975629912e-01
1.690827314759013e-01
1.924251735360850e-01
2.182619713857262e-01
2.466729040608305e-01
2.777321171908229e-01
3.114479846195824e-01
3.477740537330404e-01
3.865940563781058e-01
4.277023076062610e-01
4.708190076774983e-01
5.155572824016180e-01
5.614326223950213e-01
6.078843724089366e-01
6.542660826745079e-01
6.998357041350064e-01
7.438508572184734e-01
7.855860163799379e-01
8.243370904536489e-01
8.594903044550585e-01
8.905728064386429e-01
9.172906201221835e-01
9.395380159502358e-01
9.574317968854955e-01
9.712633882262632e-01
9.815005419035473e-01
9.887084686255322e-01
9.935125970384927e-01
9.965206657900164e-01
9.982750194465546e-01
9.992188464426665e-01
9.996816332442809e-01
9.998854525955223e-01
9.999632156408490e-01
9.999892261676538e-01
9.999972357136477e-01
9.999993890606452e-01
9.999998854407169e-01
9.999999821628637e-01
9.999999977013191e-01
9.999999997653499e-01
9.999999999801239e-01
9.999999999989259e-01
9.999999999999019e-01
1.000000000000008e+00
9.999999999999972e-01
1.000000000000001e+00
9.999999999999998e-01
1.000000000000000e+00
1.000000000000000e+00
1.000000000000000e+00
1.000000000000000e+00
1.000000000000000e+00
1.000000000000000e+00
1.000000000000000e+00
1.000000000000000e+00
1.000000000000000e+00
1.000000000000000e+00
1.000000000000000e+00
###1.159999999999999e+01
8.470888720394705e-09
1.069791151554614e-08
1.344577400611986e-08
1.672235183567687e-08
2.073864431707360e-08
2.565922283721585e-08
3.163229903161486e-08
3.890119051897152e-08
4.775760594668340e-08
5.854706955286401e-08
7.167551940300670e-08
8.766319220630971e-08
1.071359961788269e-07
1.308429667251618e-07
1.597150112347835e-07
1.948287771544386e-07
2.375456421306366e-07
2.895069076978967e-07
3.526945510663108e-07
4.294922444783649e-07
5.230116539795382e-07
6.362638528292807e-07
7.739733335176328e-07
9.413074569381570e-07
1.144319458238498e-06
1.390705909507066e-06
1.689708562862115e-06
2.052354168861401e-06
2.492023704094655e-06
3.024959278324708e-06
3.670786004498279e-06
4.453038530823501e-06
5.400544325195144e-06
6.547065153598498e-06
7.934918339529179e-06
9.613088820151510e-06
1.164254623503748e-05
1.409553873078941e-05
1.705982259333456e-05
2.063827127505339e-05
2.495910811896590e-05
3.017290277961839e-05
3.646149812342820e-05
4.404297514337213e-05
5.318047449464181e-05
6.418270365480245e-05
7.742800687669080e-05
9.336783385403017e-05
1.125341004728183e-04
1.355685400967014e-04
1.632429106699516e-04
1.964613365622584e-04
2.363270643176316e-04
2.841184243773779e-04
3.413867038152566e-04
4.099606364857691e-04
4.920585305631216e-04
5.901778441262057e-04
7.073824230647381e-04
8.473706887345589e-04
1.014368975714719e-03
1.213439204184102e-03
1.450454425506181e-03
1.732378758265922e-03
2.067760212771133e-03
2.465925843115498e-03
2.938149981810720e-03
3.497880736084000e-03
4.160509556547824e-03
4.943443941503455e-03
5.868117882305323e-03
6.959156885321681e-03
8.244176982131611e-03
9.753901995817240e-03
1.152740218755724e-02
1.360690658861271e-02
1.603997277834677e-02
1.888341376153282e-02
2.219837519297060e-02
2.605772672650300e-02
3.053773357556434e-02
3.572991594699548e-02
4.173272510124983e-02
4.865419802555163e-02
5.661167295819345e-02
6.574064332257555e-02
7.617534211564844e-02
8.806487666646802e-02
1.015678559380870e-01
1.168387831484147e-01
1.340447467824918e-01
1.533537127413617e-01
1.748912732990158e-01
1.988181819076356e-01
2.252564564881258e-01
2.542768937011898e-01
2.859418934277582e-01
3.202455661429194e-01
3.571248425276853e-01
3.964452595092723e-01
4.379807571222605e-01
4.814287209874515e-01
5.263832810765268e-01
5.723398435561803e-01
6.187212652202634e-01
6.648691612353445e-01
7.100368022360390e-01
7.534848086363601e-01
7.944996067409464e-01
8.323985022734586e-01
8.666024895563085e-01
8.966750634684294e-01
9.223673550048583e-01
9.436193689057982e-01
9.605896770617766e-01
9.736047068273410e-01
9.831551346229224e-01
9.898166681736418e-01
9.942111813447677e-01
9.969316844822377e-01
9.984986042318288e-01
9.993299906562312e-01
9.997313941398700e-01
9.999051447062944e-01
9.999701514075038e-01
9.999914390758918e-01
9.999978528035790e-01
9.999995373125316e-01
9.999999155061809e-01
9.999999872209046e-01
9.999999984019461e-01
9.999999998426676e-01
9.999999999870081e-01
9.999999999993582e-01
9.999999999999326e-01
1.000000000000007e+00
9.999999999999978e-01
1.000000000000000e+00
9.999999999999999e-01
1.000000000000000e+00
1.000000000000000e+00
1.000000000000000e+00
1.000000000000000e+00
1.000000000000000e+00
1.000000000000000e+00
1.000000000000000e+00
1.000000000000000e+00
1.000000000000000e+00
1.000000000000000e+00
1.000000000000000e+00
###1.179999999999999e+01
9.075966854061951e-09
1.146108517318830e-08
1.440518067518147e-08
1.791479364735765e-08
2.221614128104150e-08
2.748518809325911e-08
3.388000114189503e-08
4.166065019361201e-08
5.113899888366194e-08
6.268360963164067e-08
7.672829035502845e-08
9.382829747882206e-08
1.146518833008073e-07
1.399981682409112e-07
1.708604936981679e-07
2.083868252557241e-07
2.540293416600424e-07
3.095366588318482e-07
3.770221205751505e-07
4.590253669166436e-07
5.588615530066867e-07
6.797350508467190e-07
8.266768283732235e-07
1.005188560291685e-06
1.221709028245214e-06
1.484426370025256e-06
1.803169253184979e-06
2.189658519662299e-06
2.658120470046122e-06
3.225807741875904e-06
3.913568109803203e-06
4.746390644294398e-06
5.754878227591907e-06
6.974852773484182e-06
8.451189898441738e-06
1.023589345398899e-05
1.239354008893528e-05
1.500070950659053e-05
1.815036958968235e-05
2.195143386662665e-05
2.653968377028987e-05
3.207440979272560e-05
3.874796359597407e-05
4.679093125791421e-05
5.648145327136810e-05
6.814557477532595e-05
8.218291334074081e-05
9.906998410679507e-05
1.193680192998976e-04
1.437537352168385e-04
1.730407267318142e-04
2.081814995319723e-04
2.503379814910598e-04
3.008555246348350e-04
3.613661669791911e-04
4.337926966182048e-04
5.204666151847466e-04
6.240041588218893e-04
7.476389363619664e-04
8.952340133619737e-04
1.071225321564687e-03
1.280916281769067e-03
1.530455027937792e-03
1.827126544831528e-03
2.179874445355737e-03
2.598436366700743e-03
3.094581811514749e-03
3.682340898118227e-03
4.377753843386810e-03
5.198940118109604e-03
6.168204838968156e-03
7.311145944485202e-03
8.656429348306030e-03
1.023589972575699e-02
1.209005918874101e-02
1.426260687844678e-02
1.680264578516115e-02
1.976884720437458e-02
2.322419411000163e-02
2.724372317919081e-02
3.190556776213740e-02
3.730374340568749e-02
4.353890899100993e-02
5.072137432734591e-02
5.897053981441750e-02
6.842400970344564e-02
7.921788837986753e-02
9.150225334446530e-02
1.054367161264814e-01
1.211751694599056e-01
1.388836659968767e-01
1.587276707075096e-01
1.808296649281178e-01
2.053442008813889e-01
2.323850494351835e-01
2.620134477911746e-01
2.942795966481113e-01
3.291628671257628e-01
3.665831866549592e-01
4.063875232818950e-01
4.483293299295909e-01
4.920834705466871e-01
5.372251560126159e-01
5.832304921068213e-01
6.295068742233547e-01
6.753853622575990e-01
7.201162544775110e-01
7.629650932995635e-01
8.032322480341701e-01
8.402585429582781e-01
8.735006595752135e-01
9.025600822824354e-01
9.272330442871785e-01
9.475046170511134e-01
9.635735961307271e-01
9.757991239049625e-01
9.846921235149073e-01
9.908360309557929e-01
9.948468163073557e-01
9.973012067113086e-01
9.986969534076144e-01
9.994271327763732e-01
9.997741652526434e-01
9.999217536436740e-01
9.999758821863416e-01
9.999932289756226e-01
9.999983405461451e-01
9.999996514742970e-01
9.999999380480007e-01
9.999999909032015e-01
9.999999988965982e-01
9.999999998952939e-01
9.999999999915653e-01
9.999999999996235e-01
9.999999999999537e-01
1.000000000000006e+00
9.999999999999983e-01
1.000000000000000e+00
9.999999999999999e-01
1.000000000000000e+00
1.000000000000000e+00
1.000000000000000e+00
1.000000000000000e+00
1.000000000000000e+00
1.000000000000000e+00
1.000000000000000e+00
1.000000000000000e+00
1.000000000000000e+00
1.000000000000000e+00
1.000000000000000e+00
###1.199999999999999e+01
9.719580981896514e-09
1.227292506679776e-08
1.542577952407807e-08
1.918323223164100e-08
2.378770074819651e-08
2.942724489468424e-08
3.627036319618749e-08
4.459490176625532e-08
5.473409933886076e-08
6.708096138665452e-08
8.209881474406953e-08
1.003800358954638e-07
1.226377539299206e-07
1.497241394609027e-07
1.826986612019845e-07
2.227847688714920e-07
2.715308205447327e-07
3.307988048759496e-07
4.028412260328992e-07
4.903625940690842e-07
5.968932762708582e-07
7.258418201648306e-07
8.825631947708943e-07
1.072912206196965e-06
1.303734729259210e-06
1.583737930232860e-06
1.923369955383821e-06
2.335084038555295e-06
2.833997853005077e-06
3.438429805641974e-06
4.170516456288263e-06
5.056779431602675e-06
6.129691648045295e-06
7.427244243745613e-06
8.997007395368837e-06
1.089415758427001e-05
1.318706978597583e-05
1.595687656752721e-05
1.930202285207140e-05
2.333776885723565e-05
2.820783274406336e-05
3.408066125609158e-05
4.115963271013865e-05
4.968844963767293e-05
5.996097834481665e-05
7.232143376753376e-05
8.719171470009273e-05
1.050745824414279e-04
1.265619409885020e-04
1.523670997194979e-04
1.833473900657451e-04
2.205058623710943e-04
2.650657295419739e-04
3.184422788936102e-04
3.823517799843323e-04
4.588150583927697e-04
5.502815192117551e-04
6.594914562102807e-04
7.898539634234029e-04
9.454044750246850e-04
1.130796163946167e-03
1.351583202728593e-03
1.614199002046773e-03
1.926261162346335e-03
2.297122890549859e-03
2.736946571521368e-03
3.258013406059121e-03
3.874954536914276e-03
4.604479200470832e-03
5.465439906362559e-03
6.481038384329890e-03
7.677871921789397e-03
9.085683159050291e-03
1.073746363165825e-02
1.267518117414008e-02
1.494403433538802e-02
1.759469991940567e-02
2.068773702186812e-02
2.428798837978186e-02
2.847267754790073e-02
3.332182225344706e-02
3.893193031927800e-02
4.540593026649204e-02
5.285616650509141e-02
6.140425803585908e-02
7.118979448619826e-02
8.235061140409637e-02
9.503764431123247e-02
1.094112974814026e-01
1.256246511718390e-01
1.438424461672403e-01
1.642273449346416e-01
1.868981982494857e-01
2.120030076615706e-01
2.396469145591515e-01
2.698810157465380e-01
3.027428587552188e-01
3.381966140060786e-01
3.761448383272463e-01
4.164156008104282e-01
4.587417984466390e-01
5.027760963714512e-01
5.480756425580074e-01
5.940960536186621e-01
6.402323904317716e-01
6.858059331212780e-01
7.300657687389186e-01
7.722843039724262e-01
8.117778310270829e-01
8.479127006642359e-01
8.801822140616916e-01
9.082271325323046e-01
9.318887001270916e-01
9.511947102720456e-01
9.661691404958151e-01
9.778474076211761e-01
9.861156597151679e-01
9.917706889918343e-01
9.954233809603136e-01
9.976323148407054e-01
9.988723018133410e-01
9.995117173831414e-01
9.998107799530596e-01
9.999357003811242e-01
9.999805947821351e-01
9.999946693034562e-01
9.999987239376364e-01
9.999997388793336e-01
9.999999548423125e-01
9.999999935655725e-01
9.999999992432843e-01
9.999999999308327e-01
9.999999999945595e-01
9.999999999997841e-01
9.999999999999681e-01
1.000000000000005e+00
9.999999999999988e-01
1.000000000000000e+00
9.999999999999999e-01
1.000000000000000e+00
1.000000000000000e+00
1.000000000000000e+00
1.000000000000000e+00
1.000000000000000e+00
1.000000000000000e+00
1.000000000000000e+00
1.000000000000000e+00
1.000000000000000e+00
1.000000000000000e+00
1.000000000000000e+00
###1.219999999999999e+01
1.040391833432065e-08
1.313619420270639e-08
1.651104560533756e-08
2.053197969781049e-08
2.545865391246336e-08
3.149196240415240e-08
3.881144220359355e-08
4.771384664184473e-08
5.855491999653596e-08
7.175374523917973e-08
8.780485266283395e-08
1.073399498760527e-07
1.311197089413878e-07
1.600524696182058e-07
1.952677140965155e-07
2.380687552365517e-07
2.901057060196778e-07
3.533605331809559e-07
4.302328521921988e-07
5.236013553174370e-07
6.372242861720260e-07
7.747254326061151e-07
9.418022691699953e-07
1.144682487149504e-06
1.390641642471820e-06
1.688934727882736e-06
2.050663501745452e-06
2.489053711972817e-06
3.020162652000673e-06
3.663432359104599e-06
4.442357297039875e-06
5.385073396432966e-06
6.526022855734571e-06
7.905479781170191e-06
9.573851345666810e-06
1.158964676450657e-05
1.402524097886764e-05
1.696654813820781e-05
2.051776903842017e-05
2.480082913614240e-05
2.996777925613603e-05
3.619667394190795e-05
4.370245970940927e-05
5.274259133780499e-05
6.362741651490730e-05
7.672018498445733e-05
9.246612515965783e-05
1.113954712309444e-04
1.341322050205182e-04
1.614279017113937e-04
1.941855985291566e-04
2.334611322788462e-04
2.805417002316791e-04
3.369155392878132e-04
4.043867494549319e-04
4.850783137516125e-04
5.815624088255252e-04
6.967087946332023e-04
8.341080430030120e-04
9.979758199150201e-04
1.193190448599095e-03
1.425566356753842e-03
1.701832699413944e-03
2.029951734399663e-03
2.419700624780599e-03
2.881680960395809e-03
3.428702523818519e-03
4.076016875557047e-03
4.841022877164440e-03
5.743327440870694e-03
6.807054749917279e-03
8.059828638589258e-03
9.532495459312540e-03
1.125921958459915e-02
1.328346846188653e-02
1.565196908995253e-02
1.841699972645104e-02
2.164103609979112e-02
2.539080172479815e-02
2.974572558104396e-02
3.478772243829540e-02
4.061578791508224e-02
4.733511669823415e-02
5.506002623273579e-02
6.391432314603536e-02
7.403951040840065e-02
8.557500961595556e-02
9.867248954741309e-02
1.134929313086781e-01
1.301883865251654e-01
1.489219978747829e-01
1.698533090185132e-01
1.930970418565339e-01
2.187942348010902e-01
2.470410488517239e-01
2.778778587185207e-01
3.113291059602041e-01
3.473433155915275e-01
3.858053285456761e-01
4.265240301383956e-01
4.692117386625663e-01
5.134992804052705e-01
5.589260204039345e-01
6.049279792492672e-01
6.508890499578834e-01
6.961222739186429e-01
7.398773162903242e-01
7.814354109791662e-01
8.201307334308721e-01
8.553570700659943e-01
8.866452459840821e-01
9.136763948811256e-01
9.363364782749715e-01
9.546947180032118e-01
9.688609603180673e-01
9.797580826371760e-01
9.874316257609266e-01
9.926259727329312e-01
9.959450869643173e-01
9.979282138294440e-01
9.990268506433778e-01
9.995851251150506e-01
9.998420101486221e-01
9.999473645045430e-01
9.999844527992611e-01
9.999958226823219e-01
9.999990236951691e-01
9.999998054221545e-01
9.999999672767430e-01
9.999999954776957e-01
9.999999994844939e-01
9.999999999546554e-01
9.999999999965093e-01
9.999999999998803e-01
9.999999999999778e-01
1.000000000000004e+00
9.999999999999991e-01
1.000000000000000e+00
9.999999999999999e-01
1.000000000000000e+00
1.000000000000000e+00
1.000000000000000e+00
1.000000000000000e+00
1.000000000000000e+00
1.000000000000000e+00
1.000000000000000e+00
1.000000000000000e+00
1.000000000000000e+00
1.000000000000000e+00
1.000000000000000e+00
