#./build/bin/rcbk -ic FILE ./data/ic/67/ic_208_8.dat -rc BALITSKY -alphas_scaling 4.023334672508881 -maxy 12 -fast -output ./data/bks/67/ic_208_8.dat 
# BK equation solver 20160623 (build May 19 2026 14:19:13)
# Heikki Mäntysaari <mantysaari@bnl.gov>, 2011-2016
# Running coupling: Balitsky
# Scaling factor C^2 in alpha_s: 4.02333
# Initial condition is String is not impelmented for the current IC N(r=0.0333803 1/GeV) = 0.000264821
# \alpha_s = 12 \pi / [ (33.0 - 2.0*Nf) * log(4.0*C^2/(r^2*lambdaqcd^2) ], C^2=4.02333, lambdaqcd=0.241 GeV, maxalphas=0.7 nf=3
# Using fast (and not so accurate) parameters
# Solving BK equation up to y=12
# r limits: 1e-05 - 100 points 150 multiplier 1.11424
# maxy 12 ystep 0.2
###1.000000000000000e-05
###1.114242875232510e+00
###150
###0.000000000000000e+00
###0.000000000000000e+00
0.000000000000000e+00
6.836038726821194e-11
8.396920167779837e-11
1.034267033182338e-10
1.273211044095431e-10
1.566850247541805e-10
1.928406735288506e-10
2.373141559748921e-10
2.920167757834277e-10
3.593041817735033e-10
4.420595096241525e-10
5.438300409918174e-10
6.689747406550023e-10
8.228469289535716e-10
1.012024273755118e-09
1.244585442403635e-09
1.530451000459529e-09
1.881805669426064e-09
2.313609338965327e-09
2.844226690851063e-09
3.496205833358299e-09
4.297220358597687e-09
5.281230254809387e-09
6.489916528815853e-09
7.974415654525017e-09
9.797457457365168e-09
1.203600529802417e-08
1.478444526054754e-08
1.815851839096811e-08
2.230017440246791e-08
2.738342894707240e-08
3.362158824674344e-08
4.127616154420485e-08
5.066760713336278e-08
6.218859323399999e-08
7.632034787067475e-08
9.365235653857084e-08
1.149066842249764e-07
1.409679475559168e-07
1.729194002627663e-07
2.120875252128207e-07
2.600969615587840e-07
3.189366049392583e-07
3.910413734857335e-07
4.793928956650869e-07
5.876406597343732e-07
7.202520754132190e-07
8.826972474014443e-07
1.081671352790016e-06
1.325370556138503e-06
1.623831811836831e-06
1.989342143090181e-06
2.436947514854578e-06
2.985079833448359e-06
3.656313243943152e-06
4.478306746487707e-06
5.484966475884096e-06
6.717850749978883e-06
8.227925802156145e-06
1.007773254499209e-05
1.234401358911872e-05
1.512100391765777e-05
1.852449522911672e-05
2.269678096030209e-05
2.781286180701915e-05
3.408811442041156e-05
4.178765774997981e-05
5.123811570617445e-05
6.284215606714257e-05
7.709631645067026e-05
9.461337818761047e-05
1.161500191048793e-04
1.426408378340585e-04
1.752409820518709e-04
2.153788298786332e-04
2.648209969657645e-04
3.257535702888141e-04
4.008825043646625e-04
4.935577553489422e-04
6.079279467888210e-04
7.491315300057886e-04
9.235333658432240e-04
1.139018601918812e-03
1.405355744485094e-03
1.734645867645681e-03
2.141878688429971e-03
2.645618445434382e-03
3.268850891419478e-03
4.040026630393356e-03
4.994342738977749e-03
6.175318412076756e-03
7.636719188077857e-03
9.444899827407059e-03
1.168165790083567e-02
1.444765963448979e-02
1.786653369433999e-02
2.208975799452413e-02
2.730231085757925e-02
3.372914171834564e-02
4.164252543127462e-02
5.136976529189583e-02
6.330097700045149e-02
7.789650963622476e-02
9.569158715452232e-02
1.172968533014556e-01
1.433923711531194e-01
1.747076164874763e-01
2.119848982162253e-01
2.559182112055560e-01
3.070550402924858e-01
3.656666954189502e-01
4.315693567871307e-01
5.039250655131308e-01
5.810719311912672e-01
6.603520568192058e-01
7.382153179771137e-01
8.105470985068289e-01
8.731590519996854e-01
9.229408903929106e-01
9.584920036770485e-01
9.807597414577138e-01
9.926312676049912e-01
9.977237504935845e-01
9.995057185259758e-01
9.999149866952911e-01
9.999906599510349e-01
9.999993359878143e-01
1.000000044508033e+00
9.999999934211363e-01
9.999999831199969e-01
1.000000009164156e+00
9.999999993643970e-01
9.999999979971236e-01
1.000000001061828e+00
9.999999999378506e-01
9.999999997623993e-01
1.000000000122971e+00
9.999999999941666e-01
9.999999999718329e-01
1.000000000014234e+00
9.999999999994867e-01
9.999999999966630e-01
1.000000000001647e+00
9.999999999999598e-01
9.999999999996049e-01
1.000000000000191e+00
9.999999999999977e-01
9.999999999999521e-01
1.000000000000025e+00
1.000000000000000e+00
###2.000000000000000e-01
7.406152054538055e-12
7.599926337938660e-11
9.365373555676514e-11
1.155462619156476e-10
1.424136453728919e-10
1.754919433007006e-10
2.161736557944086e-10
2.661988427957934e-10
3.277195673543355e-10
4.033858045982354e-10
4.964387216673461e-10
6.108724536442122e-10
7.515849169684989e-10
9.246030116834514e-10
1.137317507924145e-09
1.398822449914305e-09
1.720272934151068e-09
2.115382089845032e-09
2.601011438350869e-09
3.197711128858727e-09
3.931062736827379e-09
4.831891598027590e-09
5.938672468545045e-09
7.298312207360420e-09
8.968149230918346e-09
1.101923086302597e-08
1.353766879102059e-08
1.663009253216714e-08
2.042674456862815e-08
2.508753202740805e-08
3.080852484603303e-08
3.783040774538565e-08
4.644679620908368e-08
5.701955043232230e-08
6.999183597412563e-08
8.590491104267363e-08
1.054245477468491e-07
1.293647934277653e-07
1.587244557194827e-07
1.947230271898679e-07
2.388591308791007e-07
2.929669878028358e-07
3.592914157854014e-07
4.405817262340018e-07
5.402001035207199e-07
6.622873943039746e-07
8.118660908535597e-07
9.951391674967424e-07
1.219651664569602e-06
1.494699047172718e-06
1.831587292587834e-06
2.244234008474320e-06
2.749653245709311e-06
3.368678004478198e-06
4.126827701628163e-06
5.055435993224313e-06
6.192833041963291e-06
7.585958238270507e-06
9.292230455584070e-06
1.138259387568384e-05
1.394379117299649e-05
1.708209040308858e-05
2.092767874374355e-05
2.564196375240874e-05
3.142211679054934e-05
3.850992441595346e-05
4.720375210069513e-05
5.787120044056566e-05
7.096344006998885e-05
8.703794472438084e-05
1.067801909588780e-04
1.310386077845320e-04
1.608518656817712e-04
1.975054492653622e-04
2.425955815553330e-04
2.980677287423913e-04
3.663615871001828e-04
4.504438733960611e-04
5.540234331906292e-04
6.816663298851043e-04
8.389805143218274e-04
1.032936745159270e-03
1.272119911049392e-03
1.567163607908260e-03
1.931146803746409e-03
2.380290661855863e-03
2.934573560329922e-03
3.618526850081807e-03
4.462625071786214e-03
5.504309910384328e-03
6.789616183816113e-03
8.375378551722070e-03
1.033089817109159e-02
1.274171809360932e-02
1.571274466057105e-02
1.937123243789957e-02
2.387309895108217e-02
2.940711992276628e-02
3.620149998818988e-02
4.453083644333198e-02
5.472150506489175e-02
6.716021546001197e-02
8.230131052774410e-02
1.006650645720714e-01
1.228401714594025e-01
1.494745611755887e-01
1.812514164171578e-01
2.188536568602549e-01
2.629031715223350e-01
3.138636531411664e-01
3.719204498394016e-01
4.368173355082298e-01
5.076770447539009e-01
5.828597785883305e-01
6.598303237044800e-01
7.352687807479088e-01
8.053856520105827e-01
8.663923287021421e-01
9.154803955479665e-01
9.513842543881310e-01
9.748827832961569e-01
9.884395581144200e-01
9.952012990666692e-01
9.982173936327789e-01
9.994174204182374e-01
9.998355693890000e-01
9.999602079843674e-01
9.999920050514549e-01
9.999986733679723e-01
9.999998127582227e-01
9.999999869428167e-01
9.999999982879477e-01
9.999999987402099e-01
1.000000000568161e+00
9.999999999846648e-01
9.999999998665111e-01
1.000000000063622e+00
9.999999999983969e-01
9.999999999854270e-01
1.000000000006883e+00
9.999999999998606e-01
9.999999999984213e-01
1.000000000000736e+00
9.999999999999893e-01
9.999999999998305e-01
1.000000000000078e+00
9.999999999999996e-01
9.999999999999815e-01
1.000000000000009e+00
1.000000000000000e+00
###4.000000000000000e-01
1.549877186055122e-11
8.454318013286088e-11
1.044730809456995e-10
1.290759405196384e-10
1.592739028369287e-10
1.964756283058658e-10
2.422010486419784e-10
2.984130520601407e-10
3.675322590164693e-10
4.525356909145993e-10
5.570618256439652e-10
6.856051545497142e-10
8.436558124075156e-10
1.038002764377103e-09
1.276931852664387e-09
1.570665176762664e-09
1.931735415979418e-09
2.375564789612457e-09
2.921071766206483e-09
3.591306131620780e-09
4.415201489030438e-09
5.427031583235558e-09
6.670338261198277e-09
8.197814577750303e-09
1.007365837422846e-08
1.237813341584158e-08
1.520770811962633e-08
1.868206187852322e-08
2.294803348842894e-08
2.818510702848867e-08
3.461391900285185e-08
4.250541428971490e-08
5.218867517446108e-08
6.407140401749781e-08
7.865160604324509e-08
9.653968483264318e-08
1.184831343824796e-07
1.453975072639381e-07
1.784081939269138e-07
2.188849409196787e-07
2.685209960574471e-07
3.293684231443554e-07
4.039653990227402e-07
4.954105608733288e-07
6.074722601179200e-07
7.448249110762291e-07
9.131216561013775e-07
1.119357534323921e-06
1.372014275775088e-06
1.681572171886803e-06
2.060770414778731e-06
2.525260324779901e-06
3.094243342317091e-06
3.791148557944902e-06
4.644713782387936e-06
5.690273692180313e-06
6.970982508575022e-06
8.539609292430265e-06
1.046061123080668e-05
1.281401399240226e-05
1.569733981932812e-05
1.923005032666571e-05
2.355772541187228e-05
2.886242251356059e-05
3.536518043638958e-05
4.333624948591783e-05
5.310967858332606e-05
6.509699022721293e-05
7.980131267991509e-05
9.784521662898452e-05
1.199917754386361e-04
1.471870291795276e-04
1.805803786438933e-04
2.215956366525563e-04
2.720064190451011e-04
3.339477294901153e-04
4.101258742561938e-04
5.037827320771527e-04
6.190031998053451e-04
7.607901368593267e-04
9.352424831194349e-04
1.149961345267821e-03
1.414258858557391e-03
1.739663585629542e-03
2.140265291488006e-03
2.633550892636554e-03
3.240947928184253e-03
3.988570819879874e-03
4.908950274711592e-03
6.041802781263165e-03
7.435703575026003e-03
9.150559222273322e-03
1.125862433012615e-02
1.384915403243780e-02
1.703121734530526e-02
2.093562552448880e-02
2.572256777161365e-02
3.158442756187808e-02
3.875240948252658e-02
4.750309595093954e-02
5.816168369034014e-02
7.111128667565869e-02
8.679950662557365e-02
1.057320207504943e-01
1.284757515038959e-01
1.556473081541216e-01
1.878855104739047e-01
2.258169582221355e-01
2.699959228519829e-01
3.208075152105672e-01
3.783628478103657e-01
4.423377812571824e-01
5.118240705451380e-01
5.852063005145173e-01
6.600633585371496e-01
7.332840821660952e-01
8.013684173551703e-01
8.608741032142080e-01
9.092535818994719e-01
9.453530520846112e-01
9.698096256850124e-01
9.847351933730594e-01
9.928835273452923e-01
9.969631895742530e-01
9.988693685432091e-01
9.996334432470553e-01
9.998968937264129e-01
9.999753293478962e-01
9.999950527270132e-01
9.999991796304253e-01
9.999998955140060e-01
9.999999888521872e-01
9.999999984264526e-01
1.000000000259382e+00
9.999999999986142e-01
9.999999999257433e-01
1.000000000032624e+00
9.999999999999649e-01
9.999999999924634e-01
1.000000000003322e+00
9.999999999999857e-01
9.999999999992537e-01
1.000000000000329e+00
9.999999999999986e-01
9.999999999999273e-01
1.000000000000032e+00
1.000000000000000e+00
9.999999999999928e-01
1.000000000000004e+00
1.000000000000000e+00
###6.000000000000001e-01
2.434699653148328e-11
9.408153314008172e-11
1.165378158469512e-10
1.441560348293563e-10
1.780614041743741e-10
2.198613608182633e-10
2.711853648067091e-10
3.342809592177471e-10
4.118538126122187e-10
5.072440130366037e-10
6.245364397390437e-10
7.687676452070936e-10
9.460984380098406e-10
1.164167239525755e-09
1.432241607547912e-09
1.761797739465210e-09
2.166897938044324e-09
2.664842561556517e-09
3.276852041581698e-09
4.028764383773890e-09
4.953204716042308e-09
6.088263566130079e-09
7.483083196768399e-09
9.196791915593849e-09
1.130117582291244e-08
1.388666266193015e-08
1.706122165324624e-08
2.095898209054803e-08
2.574529592589442e-08
3.162068269424142e-08
3.883349470066047e-08
4.768772737549651e-08
5.855203274039365e-08
7.188434102409846e-08
8.824306275249092e-08
1.083154318075682e-07
1.329397127439046e-07
1.631393113374347e-07
2.001830576631325e-07
2.456048370631415e-07
3.013115677999832e-07
3.695992255799861e-07
4.533148977486914e-07
5.559541826383880e-07
6.817246016414199e-07
8.358889417047493e-07
1.024789592772202e-06
1.256283753434326e-06
1.539889522012728e-06
1.887370437848362e-06
2.313033875764198e-06
2.834426579371203e-06
3.473132044885247e-06
4.255405443681200e-06
5.213485811085016e-06
6.387045041681296e-06
7.824516680124834e-06
9.584918250956868e-06
1.174044162863830e-05
1.438085974822569e-05
1.761535487739985e-05
2.157764591034435e-05
2.643000827793560e-05
3.237656698488556e-05
3.966391653691406e-05
4.859318990954865e-05
5.953655507174504e-05
7.295253896838780e-05
8.939983069215221e-05
1.095704417683472e-04
1.343101409917376e-04
1.646686866714321e-04
2.019130992102204e-04
2.476137919498600e-04
3.037317010760400e-04
3.726023081577983e-04
4.572120540117310e-04
5.610926457750243e-04
6.887227532771543e-04
8.455618870165563e-04
1.038221795379095e-03
1.274958968749545e-03
1.565840680992952e-03
1.923320911331956e-03
2.362533293712318e-03
2.902265342381114e-03
3.565429070540020e-03
4.379758809413897e-03
5.379874267755273e-03
6.607796692605136e-03
8.114665666479228e-03
9.963463565229036e-03
1.222940255256934e-02
1.500541736287758e-02
1.840466580735362e-02
2.256144324584372e-02
2.764004977262972e-02
3.383629116726499e-02
4.138412583476200e-02
5.056180247717308e-02
6.169309325620431e-02
7.515724743321296e-02
9.139472001718250e-02
1.108966583180434e-01
1.342084888548851e-01
1.619162852144204e-01
1.946163030101528e-01
2.328816624509333e-01
2.772031274025518e-01
3.278933033637489e-01
3.849953585130926e-01
4.481251713667560e-01
5.163490141105908e-01
5.880774189328487e-01
6.609951381532139e-01
7.321800260027136e-01
7.983903867065167e-01
8.564842193475205e-01
9.041412952465946e-01
9.403011546570125e-01
9.654823973869898e-01
9.815053224298367e-01
9.907956510114189e-01
9.957818742935629e-01
9.983080710137867e-01
9.994039148167685e-01
9.998159677448349e-01
9.999510624434633e-01
9.999889676604321e-01
9.999979288805056e-01
9.999996858460505e-01
9.999999616860062e-01
9.999999959596892e-01
9.999999999135027e-01
9.999999999911741e-01
9.999999999587308e-01
1.000000000016544e+00
1.000000000000426e+00
9.999999999961038e-01
1.000000000001600e+00
1.000000000000019e+00
9.999999999996476e-01
1.000000000000147e+00
1.000000000000001e+00
9.999999999999688e-01
1.000000000000013e+00
1.000000000000000e+00
9.999999999999972e-01
1.000000000000001e+00
1.000000000000000e+00
###8.000000000000000e-01
3.403299457403768e-11
1.047094337378758e-10
1.299731225451996e-10
1.609355944578884e-10
1.989603341454956e-10
2.458570830551051e-10
3.034100235894673e-10
3.741697647071644e-10
4.611137377691395e-10
5.680399991382907e-10
6.995091547842520e-10
8.611585241276570e-10
1.059903969019980e-09
1.304288888388648e-09
1.604708343910207e-09
1.974009325052371e-09
2.427947833204777e-09
2.985908002818554e-09
3.671655394423829e-09
4.514119692074667e-09
5.550007193692834e-09
6.821659965542310e-09
8.384273953418610e-09
1.030424158619698e-08
1.266168716310849e-08
1.555822752298640e-08
1.911457887074406e-08
2.348082454390427e-08
2.884264481273786e-08
3.542418656568420e-08
4.350374902025970e-08
5.342147378325557e-08
6.559120419771558e-08
8.052398846544854e-08
9.884611631696585e-08
1.213293584823808e-07
1.489107298412201e-07
1.827336636814250e-07
2.242234485448818e-07
2.750949859080686e-07
3.374875440106429e-07
4.139680172835972e-07
5.077248568069141e-07
6.226712359128077e-07
7.635166780179101e-07
9.361539971760102e-07
1.147688667653292e-06
1.406911638165011e-06
1.724476814038578e-06
2.113543448359306e-06
2.590126101727842e-06
3.173851569032213e-06
3.888886146762233e-06
4.764531566975181e-06
5.836884202705780e-06
7.150238325135426e-06
8.758822795238587e-06
1.072837371275180e-05
1.313947717831497e-05
1.609248511166603e-05
1.970908921221009e-05
2.413831336405452e-05
2.956094231871643e-05
3.620351921679379e-05
4.434128958122795e-05
5.430814067210800e-05
6.651754399503535e-05
8.147667962932752e-05
9.980512813601082e-05
1.222683539984169e-04
1.498001211420857e-04
1.835602672940119e-04
2.249405599187947e-04
2.756665747363328e-04
3.378968818357897e-04
4.141786483359435e-04
5.077925016987603e-04
6.225749486496091e-04
7.634231028518217e-04
9.362542268320683e-04
1.148234276828630e-03
1.408294400414427e-03
1.727285271950662e-03
2.118617310893777e-03
2.598501283788462e-03
3.187060673069636e-03
3.908727561021701e-03
4.792892460520751e-03
5.876297456871698e-03
7.203298270189958e-03
8.827621944094885e-03
1.081533146573431e-02
1.324459796039888e-02
1.621200399338868e-02
1.983472530924391e-02
2.425046576775264e-02
2.962748171982168e-02
3.616481948474656e-02
4.409895311103330e-02
5.370949468545413e-02
6.531855098069543e-02
7.930124896642199e-02
9.609053416837085e-02
1.161630829904729e-01
1.400430980424621e-01
1.682868693542918e-01
2.014497473698333e-01
2.400540308208972e-01
2.845307006866113e-01
3.351253053445918e-01
3.918186872974689e-01
4.541735665795453e-01
5.212352784456932e-01
5.914411006150125e-01
6.625738069065712e-01
7.318824692548422e-01
7.963560217534451e-01
8.531146094945884e-01
9.000356253172477e-01
9.361388520585419e-01
9.618445263148439e-01
9.787314471036997e-01
9.889514019212138e-01
9.947002853470135e-01
9.977614683945174e-01
9.991634568969613e-01
9.997240870095246e-01
9.999209672573476e-01
9.999806434076962e-01
9.999960187718562e-01
9.999993268452663e-01
9.999999081867360e-01
9.999999898865181e-01
9.999999992883996e-01
9.999999999550108e-01
9.999999999757356e-01
1.000000000008225e+00
1.000000000000469e+00
9.999999999979856e-01
1.000000000000770e+00
1.000000000000021e+00
9.999999999998338e-01
1.000000000000065e+00
1.000000000000001e+00
9.999999999999866e-01
1.000000000000005e+00
1.000000000000000e+00
9.999999999999989e-01
1.000000000000000e+00
1.000000000000000e+00
###1.000000000000000e+00
4.463499790884690e-11
1.165294082525866e-10
1.449039786318670e-10
1.795748427556239e-10
2.221702074136851e-10
2.747173657317558e-10
3.391828956881693e-10
4.184446374236246e-10
5.157785562675632e-10
6.354975134619860e-10
7.826789212072168e-10
9.636412985083193e-10
1.186116748604482e-09
1.459658105463657e-09
1.795912215081798e-09
2.209234742216359e-09
2.717255764757689e-09
3.341661574435011e-09
4.109028955131335e-09
5.051714615605675e-09
6.210910136809088e-09
7.633651465837221e-09
9.381877847738347e-09
1.152982047328678e-08
1.416701866454023e-08
1.740718628908229e-08
2.138532604656264e-08
2.626898474765246e-08
3.226616801761066e-08
3.962711119437550e-08
4.866303376944229e-08
5.975382466395412e-08
7.336314842168421e-08
9.006073902672069e-08
1.105458799648562e-07
1.356858845166803e-07
1.665220831362494e-07
2.043335735730683e-07
2.507152869034891e-07
3.075807645621925e-07
3.773230652251816e-07
4.628065755239884e-07
5.675938812430358e-07
6.960510273679738e-07
8.534409518668151e-07
1.046340264209107e-06
1.282702277912881e-06
1.572293969865728e-06
1.927052772015532e-06
2.361628886005760e-06
2.893910470630450e-06
3.545777227471802e-06
4.344251036673253e-06
5.321787460975784e-06
6.518819200048712e-06
7.984584578307287e-06
9.779587062255771e-06
1.197679606300896e-05
1.466596277423465e-05
1.795877311469167e-05
2.199045678868203e-05
2.692619496863076e-05
3.296696247992128e-05
4.036344801395138e-05
4.942140183128899e-05
6.050983678151459e-05
7.408644766306586e-05
9.071008743546356e-05
1.110654905092370e-04
1.359961970222477e-04
1.665294718543613e-04
2.039418540182431e-04
2.497572310323180e-04
3.058652008085642e-04
3.746326736183776e-04
4.588299903594162e-04
5.620465484435871e-04
6.884389585630588e-04
8.433427836618033e-04
1.033150184433253e-03
1.265607510263048e-03
1.550345718027707e-03
1.899027510467969e-03
2.326051342485726e-03
2.848738587641515e-03
3.488584578996543e-03
4.271577332992953e-03
5.228799301592342e-03
6.399148794737492e-03
7.829345468737392e-03
9.575726152700751e-03
1.170743993457200e-02
1.430561578939989e-02
1.747045283961841e-02
2.132307639386788e-02
2.600452042947502e-02
3.168684810564091e-02
3.857216763090333e-02
4.689923733346431e-02
5.694874333642060e-02
6.904088983427345e-02
8.354643323212176e-02
1.008904817246171e-01
1.215352899653242e-01
1.459840998997822e-01
1.747641321474714e-01
2.083913790238838e-01
2.473397316271269e-01
2.919838214077393e-01
3.425069993734530e-01
3.988327899962913e-01
4.604766201227485e-01
5.264666266319713e-01
5.952670264243123e-01
6.647514330968081e-01
7.323235560271241e-01
7.951789430500817e-01
8.506678538095396e-01
8.968388965095956e-01
9.327840139934538e-01
9.588416473878847e-01
9.763912233048869e-01
9.873549384404292e-01
9.937357015534620e-01
9.972497662231377e-01
9.989253529629263e-01
9.996274164889273e-01
9.998871200707505e-01
9.999705641687708e-01
9.999935070814546e-01
9.999988109602920e-01
9.999998230075116e-01
9.999999788980786e-01
9.999999981425133e-01
9.999999998713540e-01
9.999999999816560e-01
1.000000000003842e+00
1.000000000000381e+00
9.999999999989574e-01
1.000000000000370e+00
1.000000000000016e+00
9.999999999999218e-01
1.000000000000029e+00
1.000000000000001e+00
9.999999999999942e-01
1.000000000000002e+00
1.000000000000000e+00
9.999999999999996e-01
1.000000000000000e+00
1.000000000000000e+00
###1.200000000000000e+00
5.624143903735868e-11
1.296520219275479e-10
1.614619581940885e-10
2.002465661108877e-10
2.479061207982681e-10
3.067100195190955e-10
3.788401220320858e-10
4.675050827834237e-10
5.763438100075734e-10
7.102278441424824e-10
8.747991271007898e-10
1.077136568424002e-09
1.325868403207343e-09
1.631665249212662e-09
2.007554953959065e-09
2.469557355155097e-09
3.037369805345934e-09
3.735219951700835e-09
4.592783758431727e-09
5.646228394228511e-09
6.941603791759867e-09
8.531170119596989e-09
1.048432413184921e-08
1.288388941494220e-08
1.582991724296173e-08
1.944897374356200e-08
2.389223987879141e-08
2.934655361663274e-08
3.604377461390737e-08
4.426346018944138e-08
5.435276157300689e-08
6.673511242480125e-08
8.192911637825981e-08
1.005687803938225e-07
1.234351468079309e-07
1.514942317353380e-07
1.859079877556194e-07
2.281020907243518e-07
2.798565956309285e-07
3.433024267061405e-07
4.211098231710020e-07
5.164686906449214e-07
6.333497323398005e-07
7.766133019428588e-07
9.521125189836704e-07
1.167209919615731e-06
1.430740425671603e-06
1.753546232120154e-06
2.148982373095464e-06
2.633251504328341e-06
3.226352463145844e-06
3.952574797699033e-06
4.842029382549945e-06
5.930679055929153e-06
7.263432616313531e-06
8.895070954550829e-06
1.089271248224614e-05
1.333725063503328e-05
1.632853783015562e-05
1.999004548797000e-05
2.447171032387328e-05
2.995617940178782e-05
3.666598415757721e-05
4.487754972386477e-05
5.492953543399239e-05
6.722839571000006e-05
8.227899784586723e-05
1.006953343984117e-04
1.232314250112534e-04
1.508138059751198e-04
1.845689657777542e-04
2.258970331969514e-04
2.764616420050232e-04
3.383255779418500e-04
4.140751972493484e-04
5.067157930652033e-04
6.201606522391766e-04
7.589021031648539e-04
9.287335224575900e-04
1.136543310265475e-03
1.390681104921256e-03
1.701504717053750e-03
2.081544132847564e-03
2.546138958913880e-03
3.113833792386726e-03
3.807506166949775e-03
4.654736005492871e-03
5.688333003291021e-03
6.949385935327923e-03
8.487007582352463e-03
1.036016609633286e-02
1.264110264145292e-02
1.541390053379304e-02
1.878234445016785e-02
2.287144286947723e-02
2.782547885422701e-02
3.382017719245277e-02
4.106053180552365e-02
4.978735959341143e-02
6.028214262509826e-02
7.286294783485919e-02
8.789591963119443e-02
1.057980290453092e-01
1.270171424754277e-01
1.520349188330000e-01
1.813528175750674e-01
2.154462749544068e-01
2.547438448238163e-01
2.995669508410857e-01
3.500410847150304e-01
4.060369083019369e-01
4.670275927223251e-01
5.320271331493234e-01
5.995264408089624e-01
6.674830767614855e-01
7.334409209092164e-01
7.947805316354521e-01
8.490545567608196e-01
8.944629818702006e-01
9.301611302526207e-01
9.564213328883988e-01
9.744589586731047e-01
9.860040287686109e-01
9.928979502648674e-01
9.967870470044947e-01
9.986999529747906e-01
9.995313080628166e-01
9.998516276185654e-01
9.999593537125040e-01
9.999905252377254e-01
9.999981534148107e-01
9.999997053695576e-01
9.999999622424102e-01
9.999999962831086e-01
9.999999997179264e-01
9.999999999781258e-01
1.000000000001323e+00
1.000000000000267e+00
9.999999999994588e-01
1.000000000000178e+00
1.000000000000010e+00
9.999999999999634e-01
1.000000000000013e+00
1.000000000000000e+00
9.999999999999976e-01
1.000000000000001e+00
1.000000000000000e+00
9.999999999999998e-01
1.000000000000000e+00
1.000000000000000e+00
###1.400000000000000e+00
6.894787031970729e-11
1.441964482661646e-10
1.797998395445141e-10
2.231377391989026e-10
2.764000264517764e-10
3.421229728465963e-10
4.227307218756251e-10
5.217643132227167e-10
6.433537343488633e-10
7.928913123435499e-10
9.766822968231027e-10
1.202638752098244e-09
1.480371290040181e-09
1.821802631869693e-09
2.241464642794275e-09
2.757214047725408e-09
3.391026438946799e-09
4.169926503409824e-09
5.127007642458564e-09
6.302623150040480e-09
7.748190512307340e-09
9.521663275227338e-09
1.170068764670420e-08
1.437761176887204e-08
1.766378717932585e-08
2.170008052355128e-08
2.665540285917673e-08
3.273786371842560e-08
4.020529402751612e-08
4.936956991244684e-08
6.061717048841216e-08
7.441929444372457e-08
9.135461454819209e-08
1.121276302627208e-07
1.376093553341665e-07
1.688721219122655e-07
2.072113640614099e-07
2.542132286172142e-07
3.118581621119780e-07
3.825180801109152e-07
4.691571324509343e-07
5.753303986982981e-07
7.054480776021986e-07
8.649095733405269e-07
1.060225960276009e-06
1.299571301604092e-06
1.592777907167995e-06
1.951851641668027e-06
2.391669773189825e-06
2.930139104976692e-06
3.589531176771064e-06
4.396751026964299e-06
5.385242333825753e-06
6.594789159136811e-06
8.075100644963334e-06
9.886957604567419e-06
1.210459122359296e-05
1.481748779926178e-05
1.813629870881690e-05
2.219720241478442e-05
2.716589921498904e-05
3.324381399005383e-05
4.067653383668162e-05
4.976806642910805e-05
6.089220241561077e-05
7.449537851326466e-05
9.113272028548532e-05
1.114769709269610e-04
1.363557485659136e-04
1.667837072772238e-04
2.039925052313125e-04
2.495130229397039e-04
3.051565271398555e-04
3.731684712203516e-04
4.563661698933534e-04
5.580019486375989e-04
6.823286442540872e-04
8.341902396337592e-04
1.019857925223251e-03
1.246738077179336e-03
1.523807052437550e-03
1.862177230577252e-03
2.275279540129670e-03
2.779413806171426e-03
3.394395112382067e-03
4.144516307242884e-03
5.058985211729868e-03
6.172373648967644e-03
7.527995415922375e-03
9.177385295826946e-03
1.118216349921629e-02
1.361766952073747e-02
1.657093519578313e-02
2.014929977801612e-02
2.448158999719661e-02
2.971525435995881e-02
3.602953748043372e-02
4.363214462715597e-02
5.276573007008313e-02
6.371230286025152e-02
7.678755932372966e-02
9.235279510641672e-02
1.108165660085551e-01
1.326123659536221e-01
1.582005070899421e-01
1.880573460954704e-01
2.226190638566360e-01
2.622708728675217e-01
3.072836472891539e-01
3.577295110251344e-01
4.134296038787812e-01
4.738193667016341e-01
5.379011397254049e-01
6.041919509589162e-01
6.707268583682535e-01
7.351769667917719e-01
7.950889794462473e-01
8.481943239581293e-01
8.928274431964676e-01
9.282003605263262e-01
9.545338746373015e-01
9.729076679393447e-01
9.848916589118899e-01
9.921911196363425e-01
9.963824251595583e-01
9.984948689065131e-01
9.994401499896262e-01
9.998164218366812e-01
9.999476787010370e-01
9.999872490900997e-01
9.999973874634305e-01
9.999995590958014e-01
9.999999399495079e-01
9.999999936131170e-01
9.999999994768408e-01
9.999999999651986e-01
9.999999999995066e-01
1.000000000000156e+00
9.999999999997172e-01
1.000000000000086e+00
1.000000000000006e+00
9.999999999999829e-01
1.000000000000006e+00
1.000000000000000e+00
9.999999999999990e-01
1.000000000000000e+00
1.000000000000000e+00
9.999999999999999e-01
1.000000000000000e+00
1.000000000000000e+00
###1.600000000000000e+00
8.294413295688279e-11
1.602911838607167e-10
2.000822540435611e-10
2.484494525551539e-10
3.079014586595564e-10
3.812655118398015e-10
4.712358034116125e-10
5.817171547360896e-10
7.173837471907768e-10
8.841987964616600e-10
1.089200887741714e-09
1.341217213819194e-09
1.650948006879306e-09
2.031673339261979e-09
2.499602858210557e-09
3.074605348378973e-09
3.781161135801323e-09
4.649366689804513e-09
5.716085606006941e-09
7.026253596756607e-09
8.637209100810980e-09
1.061310853266040e-08
1.304069811988750e-08
1.602276697252856e-08
1.968303491263195e-08
2.417814330350389e-08
2.969632739290666e-08
3.646905645922238e-08
4.478256019215738e-08
5.498424762940314e-08
6.750348860041739e-08
8.286382097751294e-08
1.017095152835574e-07
1.248222235419667e-07
1.531713771698971e-07
1.879449402512816e-07
2.305842054009093e-07
2.828528538296448e-07
3.469453372389495e-07
4.254977846770423e-07
5.217954613649696e-07
6.397909687938814e-07
7.843727740369218e-07
9.615243456494449e-07
1.178480367457120e-06
1.444281637785729e-06
1.769850813659037e-06
2.168476405522999e-06
2.656626059045781e-06
3.254114630189012e-06
3.985644833951992e-06
4.880954753773278e-06
5.977080069971484e-06
7.317944018410391e-06
8.958439258808466e-06
1.096579118464070e-05
1.342198434665698e-05
1.642549551172565e-05
2.009881915266975e-05
2.459173445186638e-05
3.008673793528630e-05
3.680548823566096e-05
4.501820218719714e-05
5.505832665581148e-05
6.733719155655399e-05
8.234384360377530e-05
1.006868936486242e-04
1.231015959100224e-04
1.504936673452229e-04
1.839712086215951e-04
2.248772236575390e-04
2.748807869257728e-04
3.359489525746805e-04
4.105196435144569e-04
5.016530592495010e-04
6.128609493358686e-04
7.487519069286940e-04
9.145378407251502e-04
1.116988390464300e-03
1.364050044980356e-03
1.665349846627077e-03
2.032782962846735e-03
2.480710352768983e-03
3.026426848202842e-03
3.691050383934168e-03
4.500327672383506e-03
5.485130681813988e-03
6.681827803847882e-03
8.135992684431756e-03
9.901610629809808e-03
1.204297381570527e-02
1.463852640092671e-02
1.777824064865578e-02
2.157297918646891e-02
2.615532306981215e-02
3.167579998092614e-02
3.831703507737435e-02
4.628927178338529e-02
5.583678392055456e-02
6.724184582122694e-02
8.081755007864436e-02
9.692010996119310e-02
1.159494043383324e-01
1.383245588625824e-01
1.644849145170989e-01
1.948818449669654e-01
2.299139512838668e-01
2.699247709937942e-01
3.151372246391245e-01
3.655735250645814e-01
4.210088034892548e-01
4.808444714955845e-01
5.440732258783855e-01
6.092373558074369e-01
6.744434577807445e-01
7.374783875149780e-01
7.960384972829611e-01
8.480137134933228e-01
8.918587848791411e-01
9.268377186608101e-01
9.531318837808879e-01
9.717092747608835e-01
9.840070157206179e-01
9.916149959448746e-01
9.960410692221795e-01
9.983153602316059e-01
9.993573323603068e-01
9.997831594124346e-01
9.999361776172268e-01
9.999838716514518e-01
9.999965578636661e-01
9.999993917869779e-01
9.999999128537584e-01
9.999999901572549e-01
9.999999991410453e-01
9.999999999426353e-01
9.999999999977376e-01
1.000000000000047e+00
9.999999999998500e-01
1.000000000000042e+00
1.000000000000003e+00
9.999999999999921e-01
1.000000000000002e+00
1.000000000000000e+00
9.999999999999996e-01
1.000000000000000e+00
1.000000000000000e+00
1.000000000000000e+00
1.000000000000000e+00
1.000000000000000e+00
###1.800000000000000e+00
9.818019483209388e-11
1.781297274738189e-10
2.224831207065177e-10
2.763980402781212e-10
3.426787425168618e-10
4.244701759922710e-10
5.247483822791667e-10
6.478687755929295e-10
7.990550344055507e-10
9.849141777268046e-10
1.213291882149169e-09
1.494020005766081e-09
1.839000375023202e-09
2.263001664877851e-09
2.784079375130600e-09
3.424305857503405e-09
4.210919874779930e-09
5.177392721691968e-09
6.364707747865826e-09
7.822855485244513e-09
9.615661514395048e-09
1.181403175693420e-08
1.451475649102741e-08
1.783202504413750e-08
2.190301985161048e-08
2.690201538943166e-08
3.303798787189442e-08
4.056809478605557e-08
4.980966870041483e-08
6.114889623882686e-08
7.506207753901225e-08
9.212995818696399e-08
1.130682956615966e-07
1.387430265579948e-07
1.702314020844658e-07
2.088461779021243e-07
2.561889090860404e-07
3.142163687652102e-07
3.853570179034616e-07
4.725299618149660e-07
5.793751517717512e-07
7.102736563176607e-07
8.706372309305435e-07
1.067080686128071e-06
1.307631228211767e-06
1.602261434680710e-06
1.963056404438891e-06
2.404730782112885e-06
2.945449818875383e-06
3.607112706597698e-06
4.417016430006593e-06
5.407992666258812e-06
6.620910092666259e-06
8.104193729901979e-06
9.918329989587426e-06
1.213741691233325e-05
1.485184110062161e-05
1.816968182966494e-05
2.222617048929617e-05
2.718576761544597e-05
3.324863566505687e-05
4.065841052806994e-05
4.971161748775744e-05
6.077279205262616e-05
7.429362029639635e-05
9.080840626136206e-05
1.109826176649845e-04
1.356179348062874e-04
1.657028661291708e-04
2.024445011081577e-04
2.473036020791772e-04
3.020951669696479e-04
3.689504667560974e-04
4.505100258738709e-04
5.500892763358092e-04
6.714721047394687e-04
8.196396192611238e-04
1.000188271592801e-03
1.220407423416108e-03
1.488806226168297e-03
1.815686910442451e-03
2.213756159234417e-03
2.698334749203966e-03
3.287747221664652e-03
4.004447631665451e-03
4.875675246093734e-03
5.934002661953019e-03
7.217628837831202e-03
8.774422292793299e-03
1.066084696243290e-02
1.294388601574090e-02
1.570509448806658e-02
1.903737470755484e-02
2.305508098348324e-02
2.789448528395379e-02
3.370910547268113e-02
4.068480966119156e-02
4.903420671103866e-02
5.900297446740329e-02
7.087339625103142e-02
8.495572714738778e-02
1.016009285978455e-01
1.211997622627453e-01
1.441571662034364e-01
1.708917716056721e-01
2.018301156076293e-01
2.373347082922713e-01
2.777089492080809e-01
3.231301885531108e-01
3.735736980874328e-01
4.287718257628002e-01
4.880950948052036e-01
5.505283907469083e-01
6.146374695519686e-01
6.785958221333769e-01
7.402960095136251e-01
7.975686275040735e-01
8.484455464904535e-01
8.914897832575046e-01
9.260138347335599e-01
9.521701087828495e-01
9.708354471228366e-01
9.833366679930170e-01
9.911658186635049e-01
9.957649455499631e-01
9.981646810373804e-01
9.992852924245135e-01
9.997531614519832e-01
9.999254094570966e-01
9.999805807145996e-01
9.999957142440847e-01
9.999992134909542e-01
9.999998824540148e-01
9.999999860614326e-01
9.999999987176635e-01
9.999999999108111e-01
9.999999999956651e-01
9.999999999999322e-01
9.999999999999172e-01
1.000000000000021e+00
1.000000000000002e+00
9.999999999999963e-01
1.000000000000001e+00
1.000000000000000e+00
9.999999999999998e-01
1.000000000000000e+00
1.000000000000000e+00
1.000000000000000e+00
1.000000000000000e+00
1.000000000000000e+00
###2.000000000000000e+00
1.148320197687539e-10
1.977485912552120e-10
2.471889740980654e-10
3.072167629803996e-10
3.810203605002012e-10
4.720932077914815e-10
5.837246102140191e-10
7.207625067295709e-10
8.890328011097525e-10
1.095856395741397e-09
1.349960717804131e-09
1.662280064003181e-09
2.046037261268919e-09
2.517634065306892e-09
3.097152570786581e-09
3.809079571228901e-09
4.683679911331679e-09
5.758124371716875e-09
7.077872969757032e-09
8.698571629019732e-09
1.069103992122223e-08
1.313351004368709e-08
1.613401336870371e-08
1.981883794137439e-08
2.434054572252243e-08
2.989179640258906e-08
3.670490384769989e-08
4.506482248043112e-08
5.532293535958606e-08
6.790762785986682e-08
8.334657230706217e-08
1.022829802130864e-07
1.255102495402261e-07
1.539862344971789e-07
1.889037269601901e-07
2.317175218312641e-07
2.841977380991267e-07
3.485123231855343e-07
4.273447431397922e-07
5.239215003486585e-07
6.422678783932539e-07
7.872295814426565e-07
9.647845457916929e-07
1.182237134127127e-06
1.448468923805259e-06
1.774461818938582e-06
2.173556009839676e-06
2.662012882217459e-06
3.259831425986968e-06
3.991197586300829e-06
4.886100235477089e-06
5.980852039598563e-06
7.320274048456269e-06
8.957809434029444e-06
1.095995590542499e-05
1.340800745219484e-05
1.640152777121954e-05
2.005893730801596e-05
2.452894021807419e-05
2.999187785178668e-05
3.666672126842905e-05
4.482063721190138e-05
5.477818623620951e-05
6.693709622287046e-05
8.179198140426476e-05
9.992528937104295e-05
1.220619139941075e-04
1.490769067577087e-04
1.820435910018950e-04
2.222747546734543e-04
2.713555787593239e-04
3.312550079073195e-04
4.042772418763769e-04
4.932758767189802e-04
6.018343538146282e-04
7.340217405848905e-04
8.952089766188125e-04
1.091394030995831e-03
1.330407899025767e-03
1.621345369932509e-03
1.975208900262863e-03
2.405545931207061e-03
2.928667520111181e-03
3.563962577976981e-03
4.335255392054726e-03
5.271316623130190e-03
6.406456167935073e-03
7.780737110320600e-03
9.444357976500936e-03
1.145628896022436e-02
1.388622230975380e-02
1.681882981694505e-02
2.034993121198542e-02
2.459734002442368e-02
2.970095575953127e-02
3.581719458227538e-02
4.313503085817073e-02
5.186926592053350e-02
6.226676731559262e-02
7.460957472887056e-02
8.920487020105597e-02
1.063981320119357e-01
1.265707538803722e-01
1.501134691626370e-01
1.774244736757916e-01
2.089056279005307e-01
2.448846717826339e-01
2.856262780844090e-01
3.312643736892716e-01
3.817299454671539e-01
4.367154060960594e-01
4.955630928127425e-01
5.572513599157929e-01
6.203684343122229e-01
6.831495888402773e-01
7.435839246624724e-01
7.996236416825999e-01
8.494281789790888e-01
8.916586791747778e-01
9.256737539387017e-01
9.516056522002778e-01
9.702578534399280e-01
9.828655449928896e-01
9.908375977369154e-01
9.955536853194685e-01
9.980444244549533e-01
9.992256054205378e-01
9.997273982678572e-01
9.999158261031150e-01
9.999775425919765e-01
9.999949048508771e-01
9.999990352364220e-01
9.999998506738331e-01
9.999999815684532e-01
9.999999982279146e-01
9.999999998711741e-01
9.999999999931620e-01
9.999999999998038e-01
9.999999999999500e-01
1.000000000000011e+00
1.000000000000001e+00
9.999999999999983e-01
1.000000000000000e+00
1.000000000000000e+00
9.999999999999999e-01
1.000000000000000e+00
1.000000000000000e+00
1.000000000000000e+00
1.000000000000000e+00
1.000000000000000e+00
###2.200000000000000e+00
1.330423437528035e-10
2.193642124654015e-10
2.744001256615403e-10
3.411514573773150e-10
4.232358485005366e-10
5.245186179566049e-10
6.486376420145561e-10
8.009811318999997e-10
9.880354506469878e-10
1.217905511305013e-09
1.500279095526260e-09
1.847318850122270e-09
2.273676067407924e-09
2.797549292438327e-09
3.441242112905781e-09
4.231883407654272e-09
5.203053022675466e-09
6.395971484227003e-09
7.861004926543061e-09
9.659949112577603e-09
1.187135651378506e-08
1.458138753435996e-08
1.791036648903700e-08
2.199784279750088e-08
2.701316626626004e-08
3.316883183249453e-08
4.072323582226747e-08
4.999102503302922e-08
6.136107603735893e-08
7.530759322879523e-08
9.241428804095237e-08
1.133922576699288e-07
1.391197102526662e-07
1.706545632731041e-07
2.093166159004808e-07
2.567101982148635e-07
3.147937669476061e-07
3.859626462953616e-07
4.731774292464781e-07
5.799980774420482e-07
7.108679076500265e-07
8.711358068925046e-07
1.067392912487243e-06
1.307691154271511e-06
1.601834358371751e-06
1.961897889515850e-06
2.402574320513860e-06
2.941804093182262e-06
3.601555596569334e-06
4.408484327857836e-06
5.395493491143230e-06
6.602602458218297e-06
8.078928684208435e-06
9.883291891084079e-06
1.208864626077535e-05
1.478410412900333e-05
1.807881380973597e-05
2.210271687848610e-05
2.701827932410649e-05
3.302333625124137e-05
4.035687190529398e-05
4.931110601427273e-05
6.024047278328499e-05
7.357808911145577e-05
8.986419388360080e-05
1.097323827378438e-04
1.339704686793197e-04
1.635317014533998e-04
1.995787339945486e-04
2.435362126406074e-04
2.971206450633443e-04
3.624604247506622e-04
4.420501918430902e-04
5.389589310650883e-04
6.570541146466085e-04
8.007033881068236e-04
9.756853998131879e-04
1.188416978578896e-03
1.447293306132270e-03
1.762018206551157e-03
2.144316061989798e-03
2.608616514180548e-03
3.172240355589882e-03
3.855679366774393e-03
4.684162985092237e-03
5.688032248570415e-03
6.903371175330146e-03
8.372140070107554e-03
1.014690263197138e-02
1.228916238320139e-02
1.487133771417991e-02
1.798122251336182e-02
2.171753887641243e-02
2.620152603278042e-02
3.157664720755524e-02
3.800212188662441e-02
4.566989407532988e-02
5.479678362159270e-02
6.563063352605221e-02
7.845293092828357e-02
9.356772057376875e-02
1.113145772543321e-01
1.320653715630953e-01
1.561959238884555e-01
1.840861622319274e-01
2.161115107024099e-01
2.525667408248672e-01
2.936791026324213e-01
3.395410025485320e-01
3.900415457314734e-01
4.448357162924149e-01
5.032399925267544e-01
5.642271816028230e-01
6.264070514599960e-01
6.880719068267144e-01
7.472992990726923e-01
8.021520062966047e-01
8.509049279495418e-01
8.923085879559114e-01
9.257664634856901e-01
9.513980471427135e-01
9.699486299791813e-01
9.825774458989510e-01
9.906224959524997e-01
9.954050719940356e-01
9.979548449614803e-01
9.991790743314807e-01
9.997064993904755e-01
9.999077598514755e-01
9.999748915999043e-01
9.999941723109412e-01
9.999988676936419e-01
9.999998195749655e-01
9.999999769802609e-01
9.999999977039765e-01
9.999999998262692e-01
9.999999999902724e-01
9.999999999996584e-01
9.999999999999649e-01
1.000000000000006e+00
1.000000000000000e+00
9.999999999999992e-01
1.000000000000000e+00
1.000000000000000e+00
1.000000000000000e+00
1.000000000000000e+00
1.000000000000000e+00
1.000000000000000e+00
1.000000000000000e+00
1.000000000000000e+00
###2.400000000000000e+00
1.529477012864177e-10
2.431475326991245e-10
3.044613960804950e-10
3.784724612029254e-10
4.696576978640181e-10
5.821582220169803e-10
7.199953532711721e-10
8.891498386014628e-10
1.096833778745182e-09
1.352004631986884e-09
1.665408514030993e-09
2.050552111224705e-09
2.523639058891438e-09
3.104863792578695e-09
3.818922274697623e-09
4.695882141055523e-09
5.772903727474469e-09
7.095651071883967e-09
8.719858788117889e-09
1.071402994588720e-08
1.316517309395756e-08
1.616815090439859e-08
1.985650215494012e-08
2.438467830717123e-08
2.993969538336560e-08
3.675624977972128e-08
4.512063689637767e-08
5.538067029163699e-08
6.796533921858604e-08
8.339892813975449e-08
1.023261361415062e-07
1.255311952788407e-07
1.539866597550994e-07
1.888570327149462e-07
2.316004443794290e-07
2.839846510220892e-07
3.481714242170104e-07
4.268029258703778e-07
5.231399351595155e-07
6.411051226970229e-07
7.855920515251818e-07
9.624978790798355e-07
1.179073759433600e-06
1.444181158550028e-06
1.768619288004052e-06
2.165644353777926e-06
2.651412599489536e-06
3.245669603907050e-06
3.972504002030174e-06
4.861243854627096e-06
5.947955206597016e-06
7.276529702473285e-06
8.900824192459327e-06
1.088537928783140e-05
1.331008835864393e-05
1.627244076627436e-05
1.989183099862037e-05
2.431044221401275e-05
2.970595895497566e-05
3.629410163010953e-05
4.433574319777989e-05
5.414967166392339e-05
6.612211960438834e-05
8.072388672507186e-05
9.854366108360941e-05
1.202693186813355e-04
1.467554251100613e-04
1.790378801111304e-04
2.183739339562166e-04
2.663063035082922e-04
3.246899724989466e-04
3.958209118591914e-04
4.823951304423957e-04
5.877065696369098e-04
7.159208588661255e-04
8.717179872224589e-04
1.061302757253402e-03
1.291528575041262e-03
1.571378005305922e-03
1.911187726734828e-03
2.323429556237115e-03
2.823447568013526e-03
3.429602135178038e-03
4.163523111381837e-03
5.051880761063881e-03
6.126625616933788e-03
7.425652743840612e-03
8.992852272318157e-03
1.088318818010016e-02
1.316072374154711e-02
1.590061942690466e-02
1.919379580326237e-02
2.314185981212091e-02
2.786944149093873e-02
3.352350302681727e-02
4.026596884788985e-02
4.829161515505763e-02
5.781910461095627e-02
6.909703816487685e-02
8.240584123213469e-02
9.804696448335373e-02
1.163530480176400e-01
1.376864689717453e-01
1.624075991394436e-01
1.908797061036535e-01
2.234505407322278e-01
2.603833720852246e-01
3.018692582918343e-01
3.479606978271650e-01
3.985071590325837e-01
4.531283839641167e-01
5.111170008223364e-01
5.714410600841932e-01
6.327309065919768e-01
6.933313402504990e-01
7.514020400337708e-01
8.051059330475854e-01
8.528232183713221e-01
8.933872594075672e-01
9.262446580370319e-01
9.515092391450584e-01
9.698806721292139e-01
9.824556222863078e-01
9.905115766063308e-01
9.953155403111710e-01
9.978951423200639e-01
9.991458782198203e-01
9.996907894527836e-01
9.999014239469468e-01
9.999727250942890e-01
9.999935507129594e-01
9.999987201273826e-01
9.999997911218371e-01
9.999999726130647e-01
9.999999971838828e-01
9.999999997794924e-01
9.999999999871589e-01
9.999999999994998e-01
9.999999999999702e-01
1.000000000000003e+00
1.000000000000000e+00
9.999999999999997e-01
1.000000000000000e+00
1.000000000000000e+00
1.000000000000000e+00
1.000000000000000e+00
1.000000000000000e+00
1.000000000000000e+00
1.000000000000000e+00
1.000000000000000e+00
###2.600000000000000e+00
1.746938207792478e-10
2.692810165068271e-10
3.373395937368707e-10
4.194670743656159e-10
5.206420750095840e-10
6.454530090432907e-10
7.983411438184486e-10
9.859383800985478e-10
1.216248579024586e-09
1.499163597814643e-09
1.846587969135323e-09
2.273487072624584e-09
2.797789382026632e-09
3.441834739544105e-09
4.232977795604925e-09
5.204455936284961e-09
6.397363414093994e-09
7.862172623408421e-09
9.660583538214205e-09
1.186830279514173e-08
1.458163111131883e-08
1.790486584037679e-08
2.198590259034450e-08
2.699572834778169e-08
3.314022296695793e-08
4.067848868176759e-08
4.992703948401567e-08
6.126990555180211e-08
7.517926939325542e-08
9.223499631011461e-08
1.131469294670073e-07
1.387792625440102e-07
1.702065859930648e-07
2.087092555305003e-07
2.558959967220413e-07
3.137111760825021e-07
3.845347409553384e-07
4.712819769181658e-07
5.775322950450479e-07
7.076087261647845e-07
8.668787256817226e-07
1.061851134067170e-06
1.300473980732694e-06
1.592477092838157e-06
1.949766783796584e-06
2.386840195080380e-06
2.921443287631658e-06
3.575258122972239e-06
4.374672936715715e-06
5.351871931682925e-06
6.546329658957189e-06
8.006096532390355e-06
9.790118954938340e-06
1.196905479316584e-05
1.463026614610219e-05
1.788018683577053e-05
2.184917968904945e-05
2.669252047743432e-05
3.260412484702504e-05
3.981881970521563e-05
4.862080122042838e-05
5.935714282272617e-05
7.244789017646950e-05
8.840392028720414e-05
1.078653270557128e-04
1.315775313559420e-04
1.604658416266086e-04
1.956534551477081e-04
2.384976814047857e-04
2.906657670473501e-04
3.541585856436892e-04
4.314486705530990e-04
5.254430036940392e-04
6.396720380575634e-04
7.786136024250464e-04
9.472741469081636e-04
1.152303652072638e-03
1.401010201033437e-03
1.702987584227805e-03
2.069229609521860e-03
2.512982309618653e-03
3.050534695303804e-03
3.701319422313546e-03
4.488138921357243e-03
5.439140634050028e-03
6.587923830752061e-03
7.974231707689248e-03
9.643944543609131e-03
1.165437629610455e-02
1.407226077199380e-02
1.697548718508776e-02
2.045810622210905e-02
2.462458957916714e-02
2.960292152138574e-02
3.554349706023975e-02
4.261084351877699e-02
5.100243040192002e-02
6.093858499944836e-02
7.266844632228515e-02
8.647116647011038e-02
1.026452463947125e-01
1.215162503664806e-01
1.434367875677736e-01
1.687518891241276e-01
1.978077474407195e-01
2.309251683310810e-01
2.683366058087787e-01
3.101979962608805e-01
3.565235137640038e-01
4.071248632289339e-01
4.615885270812851e-01
5.191850260394090e-01
5.788782951843626e-01
6.393183009080532e-01
6.988985567983097e-01
7.558545263021134e-01
8.084408483275847e-01
8.551351699174993e-01
8.948463562246274e-01
9.270645085888071e-01
9.519034127245278e-01
9.700278279397845e-01
9.824831701006457e-01
9.904951541324750e-01
9.952805797649986e-01
9.978637215753854e-01
9.991256898909560e-01
9.996803295730653e-01
9.998969205443058e-01
9.999711027571901e-01
9.999930638839605e-01
9.999985997036888e-01
9.999997669690920e-01
9.999999687574816e-01
9.999999967059470e-01
9.999999997346134e-01
9.999999999840558e-01
9.999999999993378e-01
9.999999999999707e-01
1.000000000000002e+00
9.999999999999999e-01
9.999999999999999e-01
1.000000000000000e+00
1.000000000000000e+00
1.000000000000000e+00
1.000000000000000e+00
1.000000000000000e+00
1.000000000000000e+00
1.000000000000000e+00
1.000000000000000e+00
###2.800000000000000e+00
1.984351170115359e-10
2.979619898411650e-10
3.734162171214634e-10
4.644424939690631e-10
5.765703134992834e-10
7.148729859249618e-10
8.842580937112588e-10
1.092063721491671e-09
1.347160855481866e-09
1.660454219278255e-09
2.045141744748024e-09
2.517752097599282e-09
3.098112447721005e-09
3.810900049328734e-09
4.686374074234120e-09
5.761205719765072e-09
7.080840631541737e-09
8.700947640729885e-09
1.068974424675438e-08
1.313077145661409e-08
1.613048413056619e-08
1.980323951843242e-08
2.431312531868469e-08
2.984823150878048e-08
3.663600131025499e-08
4.496158268336722e-08
5.517414660433918e-08
6.769720188549207e-08
8.304993428154265e-08
1.018724653533436e-07
1.249454659124395e-07
1.532200959728030e-07
1.878809601552805e-07
2.303333727011402e-07
2.823524342314098e-07
3.460704987534817e-07
4.241046172245443e-07
5.196656762533390e-07
6.366780468006111e-07
7.798960913438174e-07
9.552028955099869e-07
1.169755081852692e-06
1.432277992662245e-06
1.753415091257733e-06
2.146273763228578e-06
2.626687073430587e-06
3.214115105257368e-06
3.932318367208536e-06
4.810162628250794e-06
5.882893551695120e-06
7.193653710972098e-06
8.794950781662012e-06
1.075119159057948e-05
1.313958016367514e-05
1.605547302428482e-05
1.961487963695119e-05
2.395988379524767e-05
2.925973143134829e-05
3.572565156453472e-05
4.361285146605967e-05
5.323035475813236e-05
6.495531895072242e-05
7.924371116155037e-05
9.664898443709487e-05
1.178657315008002e-04
1.437003190477724e-04
1.751529506418076e-04
2.134389693029492e-04
2.600214062743346e-04
3.166987505148909e-04
3.856254506929395e-04
4.694598888793175e-04
5.713299942161891e-04
6.950145938047342e-04
8.453182444841929e-04
1.027588333846674e-03
1.248939629348246e-03
1.517153379788450e-03
1.842459092661031e-03
2.236532440108413e-03
2.713420938088593e-03
3.290389652349074e-03
3.987976714331391e-03
4.830191732016885e-03
5.846696296065411e-03
7.072777765259182e-03
8.550064704907920e-03
1.032646252393451e-02
1.246165814011612e-02
1.502509206944065e-02
1.809739263410072e-02
2.177574265672683e-02
2.616745578587231e-02
3.140383192827533e-02
3.763863094937313e-02
4.503887703990278e-02
5.380459202102097e-02
6.415758640564537e-02
7.634731520107892e-02
9.065143685566675e-02
1.073651568617279e-01
1.268067923446772e-01
1.493189346699386e-01
1.752313086974811e-01
2.048726731047515e-01
2.385375041062431e-01
2.764280587225441e-01
3.186661156285300e-01
3.652289454362213e-01
4.158921691021541e-01
4.702107708439314e-01
5.274346859481561e-01
5.865242649261603e-01
6.461481861779111e-01
7.047453766529449e-01
7.606213849842800e-01
8.121157022198310e-01
8.577951833407021e-01
8.966411883901252e-01
9.281853332746354e-01
9.525469799911694e-01
9.703650612782355e-01
9.826433727544431e-01
9.905631940377977e-01
9.952950532587611e-01
9.978584070190184e-01
9.991177852601063e-01
9.996749652757532e-01
9.998942556687739e-01
9.999700490865665e-01
9.999927252214487e-01
9.999985111495187e-01
9.999997483289990e-01
9.999999656473023e-01
9.999999963037928e-01
9.999999996951947e-01
9.999999999812220e-01
9.999999999991843e-01
9.999999999999689e-01
1.000000000000001e+00
9.999999999999999e-01
1.000000000000000e+00
1.000000000000000e+00
1.000000000000000e+00
1.000000000000000e+00
1.000000000000000e+00
1.000000000000000e+00
1.000000000000000e+00
1.000000000000000e+00
1.000000000000000e+00
###3.000000000000000e+00
2.243406239187866e-10
3.294010605066179e-10
4.129559586893182e-10
5.137280629505147e-10
6.378506716712616e-10
7.909257208300500e-10
9.783701175219620e-10
1.208290000523331e-09
1.490513388311202e-09
1.837043021638785e-09
2.262490031810936e-09
2.785082714433046e-09
3.426728588849293e-09
4.214650908965302e-09
5.182276048964860e-09
6.370015779254813e-09
7.828028806063823e-09
9.617730195030700e-09
1.181434724472024e-08
1.450990801923856e-08
1.782213434647497e-08
2.187606515267440e-08
2.685357498161712e-08
3.296118980889676e-08
4.044996014707795e-08
4.963324936681451e-08
6.089564660171592e-08
7.470316497627577e-08
9.162711639635094e-08
1.123713164934874e-07
1.377945293151875e-07
1.689425485495704e-07
2.071173560233355e-07
2.538612398780940e-07
3.111280429012647e-07
3.812524950902996e-07
4.671136302682781e-07
5.722359293456665e-07
7.009170865278179e-07
8.583786325143802e-07
1.051060954258325e-06
1.286815587502790e-06
1.575200640677928e-06
1.927870894057297e-06
2.359191834105927e-06
2.886455564045987e-06
3.530952766867650e-06
4.318692290316390e-06
5.281187895625815e-06
6.456966350846762e-06
7.893126570463707e-06
9.646933121478346e-06
1.178856190052265e-05
1.440247908546115e-05
1.759232281268163e-05
2.148443875197122e-05
2.623341378215225e-05
3.202338922202419e-05
3.908404420066762e-05
4.769231679396843e-05
5.818358695931114e-05
7.096702693967356e-05
8.653671458742637e-05
1.054912856990810e-04
1.285830653019342e-04
1.566829076011506e-04
1.908702308347465e-04
2.324575774547505e-04
2.830195702136752e-04
3.444929123197611e-04
4.191935907870007e-04
5.099754327639561e-04
6.201976621922813e-04
7.538996608600893e-04
9.162277345329634e-04
1.112885050100585e-03
1.351471361013741e-03
1.640259963377868e-03
1.990141215733466e-03
2.413497855529946e-03
2.925206502058599e-03
3.543503846545555e-03
4.290176248245267e-03
5.190366271568648e-03
6.275323118087241e-03
7.582061867675097e-03
9.154133557055398e-03
1.104149765954398e-02
1.330625317969497e-02
1.602056610818799e-02
1.926781811958445e-02
2.314832484082588e-02
2.777221614255371e-02
3.327406667787230e-02
3.981093089754593e-02
4.755221948995114e-02
5.670036280500367e-02
6.747846978142326e-02
8.013608439202409e-02
9.494914380469867e-02
1.122092179308357e-01
1.322271598533169e-01
1.553353657204558e-01
1.818481690966690e-01
2.120765961746744e-01
2.462893092885275e-01
2.846589199799247e-01
3.272739156274431e-01
3.740759388493188e-01
4.248060353385634e-01
4.789892631541837e-01
5.358563136741040e-01
5.943644068694944e-01
6.532000963175243e-01
7.108448184117638e-01
7.656692660291528e-01
8.160918634784653e-01
8.607621853076818e-01
8.987303746436386e-01
9.295693338723198e-01
9.534084511299230e-01
9.708685918230795e-01
9.829199193788216e-01
9.907055822108495e-01
9.953534693987736e-01
9.978766319339090e-01
9.991211502963029e-01
9.996743736120309e-01
9.998933564813625e-01
9.999695577400379e-01
9.999925384014346e-01
9.999984566908797e-01
9.999997359217037e-01
9.999999634413408e-01
9.999999960026923e-01
9.999999996641683e-01
9.999999999788911e-01
9.999999999990525e-01
9.999999999999665e-01
1.000000000000000e+00
9.999999999999999e-01
1.000000000000000e+00
1.000000000000000e+00
1.000000000000000e+00
1.000000000000000e+00
1.000000000000000e+00
1.000000000000000e+00
1.000000000000000e+00
1.000000000000000e+00
1.000000000000000e+00
###3.200000000000001e+00
2.525903025105507e-10
3.638235660494245e-10
4.562421563124364e-10
5.676762366073261e-10
7.049190129199982e-10
8.741528216505542e-10
1.081341851650591e-09
1.335441025367862e-09
1.647313581071223e-09
2.030181378354113e-09
2.500146272999614e-09
3.077331852971802e-09
3.785903137546307e-09
4.655855015887788e-09
5.724063360896675e-09
7.035010210904015e-09
8.643984458557078e-09
1.061865249773464e-08
1.304186525511278e-08
1.601487212038863e-08
1.966767072194192e-08
2.413688942213988e-08
2.962366533561762e-08
3.635487554566971e-08
4.460640311021866e-08
5.472298630277593e-08
6.712737618985034e-08
8.233162430315220e-08
1.009636559073609e-07
1.237961791276985e-07
1.517725405062180e-07
1.860409598377364e-07
2.280294255864074e-07
2.794314320834546e-07
3.423892119986416e-07
4.194620022888651e-07
5.138077429994449e-07
6.292889219522468e-07
7.706118453918539e-07
9.434913072125123e-07
1.154978093236917e-06
1.413668158474465e-06
1.730014929853540e-06
2.116767153361811e-06
2.589627632690241e-06
3.167485726472720e-06
3.873552335720930e-06
4.736315152715123e-06
5.790047675973672e-06
7.076902565308992e-06
8.648116881644472e-06
1.056608546608710e-05
1.290715420821186e-05
1.576355887711699e-05
1.924777349827552e-05
2.349718201772600e-05
2.867971106663751e-05
3.499536415617465e-05
4.269346424868438e-05
5.207415120503188e-05
6.350061316371193e-05
7.741616071033285e-05
9.435528342081741e-05
1.149644948173377e-04
1.400572305826177e-04
1.705725191958015e-04
2.076734856312654e-04
2.527751361123785e-04
3.075697682213077e-04
3.741395370608840e-04
4.549702158102192e-04
5.531209917568795e-04
6.721931085891404e-04
8.164990113991533e-04
9.915422737905523e-04
1.203397054874687e-03
1.460168889109139e-03
1.770642397524714e-03
2.146394563446304e-03
2.600540856533067e-03
3.148814902245914e-03
3.810452194910253e-03
4.608538462226040e-03
5.569367424305678e-03
6.725818517571315e-03
8.116674514053752e-03
9.787445814584836e-03
1.179017456917233e-02
1.418940968995003e-02
1.706006121411367e-02
2.048827636183820e-02
2.457750264940196e-02
2.944065731922496e-02
3.521554622757592e-02
4.206244537980147e-02
5.015303686836536e-02
5.969201229064349e-02
7.090358902599138e-02
8.403717024710672e-02
9.936673332730957e-02
1.171798765097872e-01
1.377797872067417e-01
1.614883777174734e-01
1.886045704825226e-01
2.194213506661032e-01
2.541819933352566e-01
2.930299530920225e-01
3.360212032402538e-01
3.830629044986996e-01
4.338628868576472e-01
4.879176937707085e-01
5.444399688175573e-01
6.023842081924775e-01
6.604540972733380e-01
7.171710550112622e-01
7.709666630404290e-01
8.203332058883572e-01
8.639976489500525e-01
9.010755902798090e-01
9.311814713890229e-01
9.544584768628624e-01
9.715159418014635e-01
9.832971465339236e-01
9.909123300937878e-01
9.954501887378421e-01
9.979155943133006e-01
9.991345751288067e-01
9.996781091138135e-01
9.998940877690971e-01
9.999695971727093e-01
9.999924986394287e-01
9.999984362993581e-01
9.999997299762583e-01
9.999999622161836e-01
9.999999958175159e-01
9.999999996435113e-01
9.999999999772381e-01
9.999999999989535e-01
9.999999999999641e-01
9.999999999999996e-01
9.999999999999999e-01
1.000000000000000e+00
1.000000000000000e+00
1.000000000000000e+00
1.000000000000000e+00
1.000000000000000e+00
1.000000000000000e+00
1.000000000000000e+00
1.000000000000000e+00
1.000000000000000e+00
###3.400000000000001e+00
2.833758316645418e-10
4.014705046411559e-10
5.035778267759743e-10
6.266639576584473e-10
7.782446492933948e-10
9.651327463728784e-10
1.193888965875995e-09
1.474394999653774e-09
1.818635594645550e-09
2.241176691664876e-09
2.759727636141569e-09
3.396478360045408e-09
4.178054912382486e-09
5.137466734696216e-09
6.315342695210303e-09
7.760589042728925e-09
9.534072689837942e-09
1.171025347453731e-08
1.438026454779320e-08
1.765539282869796e-08
2.167890686992104e-08
2.660017389312651e-08
3.264087281436507e-08
4.005035222857713e-08
4.913115558967658e-08
6.026216739227768e-08
7.390744008212418e-08
9.062888911114513e-08
1.111156968080925e-07
1.362151794891390e-07
1.669620954010250e-07
2.046154584309470e-07
2.507394879462595e-07
3.071909095848847e-07
3.763151665278291e-07
4.609147493607155e-07
5.644474620914510e-07
6.911365538148295e-07
8.461368611681926e-07
1.035693645236264e-06
1.267509698877781e-06
1.550983058138382e-06
1.897531162712711e-06
2.321078493820030e-06
2.838770589451050e-06
3.471187863813627e-06
4.243638756516161e-06
5.187211491075891e-06
6.339232211180567e-06
7.745656254048290e-06
9.462171679979952e-06
1.155665025114538e-05
1.411208334051764e-05
1.722881330304733e-05
2.102912934713341e-05
2.566184277591407e-05
3.130920797740976e-05
3.818810600268841e-05
4.656875589818182e-05
5.677595478269164e-05
6.920255551219741e-05
8.432772457205564e-05
1.027291007885057e-04
1.251038036313590e-04
1.523299062174136e-04
1.854184477200653e-04
2.256209298038090e-04
2.744603026823978e-04
3.337528422631026e-04
4.057336652948743e-04
4.930668703893400e-04
5.990272474360183e-04
7.274691668247621e-04
8.829909836368742e-04
1.071469562996563e-03
1.299365646720046e-03
1.575311950179853e-03
1.908624098192365e-03
2.311592127748438e-03
2.798090369425183e-03
3.384737872288050e-03
4.091803662751056e-03
4.943703312301927e-03
5.967921034698172e-03
7.199002664624112e-03
8.677538579228868e-03
1.045100320395428e-02
1.257364555084537e-02
1.511240489409601e-02
1.814498546693631e-02
2.176031007273441e-02
2.606495536036423e-02
3.117459376520543e-02
3.723021581143297e-02
4.439524278768848e-02
5.284350799870426e-02
6.278181279758542e-02
7.443528758308852e-02
8.805296001053303e-02
1.039065991600494e-01
1.222794966636580e-01
1.434669518098067e-01
1.677801008777491e-01
1.955023938832834e-01
2.269084856590223e-01
2.622166110712615e-01
3.015414973477473e-01
3.449073000755429e-01
3.921877300400222e-01
4.430586320942608e-01
4.969893124658167e-01
5.531754487626372e-01
6.105691984322139e-01
6.678907448199053e-01
7.236993218057556e-01
7.764841216070829e-01
8.248058905861985e-01
8.674656182558876e-01
9.036413529710950e-01
9.329892999722109e-01
9.556696140954640e-01
9.722859821819261e-01
9.837601160717084e-01
9.911738016873152e-01
9.955795970836353e-01
9.979723942178640e-01
9.991567338821904e-01
9.996856450147863e-01
9.998962706779061e-01
9.999701168980127e-01
9.999925944612703e-01
9.999984480263796e-01
9.999997302861370e-01
9.999999619705484e-01
9.999999957525448e-01
9.999999996341047e-01
9.999999999763629e-01
9.999999999988938e-01
9.999999999999627e-01
9.999999999999992e-01
1.000000000000000e+00
1.000000000000000e+00
1.000000000000000e+00
1.000000000000000e+00
1.000000000000000e+00
1.000000000000000e+00
1.000000000000000e+00
1.000000000000000e+00
1.000000000000000e+00
1.000000000000000e+00
###3.600000000000001e+00
3.169057164822003e-10
4.425994986454435e-10
5.552868414222942e-10
6.910940313553518e-10
8.583272073971439e-10
1.064483762014234e-09
1.316774172030315e-09
1.626089245289557e-09
2.005634479944341e-09
2.471439540013265e-09
3.042960928306420e-09
3.744633995795244e-09
4.605764634565276e-09
5.662637390195912e-09
6.959960218937937e-09
8.551443172713268e-09
1.050401165872422e-08
1.289950033324421e-08
1.583803058395433e-08
1.944177959541053e-08
2.386841881043620e-08
2.928109831305354e-08
3.592378843373212e-08
4.407017043351702e-08
5.405167270990565e-08
6.628413737775325e-08
8.127632335659153e-08
9.964409034402574e-08
1.221428480797420e-07
1.497005973557724e-07
1.834508367854267e-07
2.247722466696476e-07
2.753761924048612e-07
3.372954311884063e-07
4.130947349898611e-07
5.058388054744210e-07
6.193085692951636e-07
7.581160505045954e-07
9.278948067044283e-07
1.135467829464165e-06
1.389242682182200e-06
1.699468332240518e-06
2.078603008258954e-06
2.541833608234920e-06
3.107847423445302e-06
3.799039401333608e-06
4.643005361024206e-06
5.673567118647087e-06
6.931338692678496e-06
8.466292681858980e-06
1.033902602763775e-05
1.262310914850963e-05
1.540870540782791e-05
1.880475119386026e-05
2.294391905842225e-05
2.798758813910219e-05
3.413286051378731e-05
4.161467091459732e-05
5.072547006752945e-05
6.181624052962574e-05
7.531131057205047e-05
9.172786827354857e-05
1.116891921037619e-04
1.359459734435497e-04
1.654446031844051e-04
2.012722220194717e-04
2.447732603335492e-04
2.975846149429411e-04
3.616529697104218e-04
4.393741912207649e-04
5.335995407415671e-04
6.478299889258355e-04
7.861845259606469e-04
9.535606105189559e-04
1.156224932965696e-03
1.401040791273267e-03
1.697190090717004e-03
2.054539541179416e-03
2.486119316001523e-03
3.006589192690574e-03
3.633482565126110e-03
4.388136910887051e-03
5.296329421535490e-03
6.386773199588075e-03
7.695717476920009e-03
9.265598964965396e-03
1.114574404138813e-02
1.339308674065677e-02
1.607654273986403e-02
1.927677446401443e-02
2.308548971715993e-02
2.761238917459109e-02
3.297586488219986e-02
3.932004213041982e-02
4.681140753179829e-02
5.562581990260117e-02
6.597203398772102e-02
7.807589178373864e-02
9.218580448040509e-02
1.085710743964552e-01
1.275103502705735e-01
1.492908009487461e-01
1.742124884587794e-01
2.025432914615998e-01
2.345392574128379e-01
2.703938574057232e-01
3.101934657513960e-01
3.539310441576325e-01
4.014477799470207e-01
4.523875882971056e-01
5.061969249425688e-01
5.620522901488541e-01
6.189049361026012e-01
6.754910423891024e-01
7.304058277672567e-01
7.821929917713126e-01
8.294781690755144e-01
8.711326114896502e-01
9.063948566793665e-01
9.349628687222417e-01
9.570164839106523e-01
9.731589810287461e-01
9.842947453642639e-01
9.914807509183926e-01
9.957362274153174e-01
9.980441245935210e-01
9.991862519099666e-01
9.996964088000517e-01
9.998996985570414e-01
9.999710532872744e-01
9.999928095303973e-01
9.999984884555325e-01
9.999997362913752e-01
9.999999626367899e-01
9.999999958024346e-01
9.999999996357867e-01
9.999999999762822e-01
9.999999999988758e-01
9.999999999999626e-01
9.999999999999990e-01
1.000000000000000e+00
1.000000000000000e+00
1.000000000000000e+00
1.000000000000000e+00
1.000000000000000e+00
1.000000000000000e+00
1.000000000000000e+00
1.000000000000000e+00
1.000000000000000e+00
1.000000000000000e+00
###3.800000000000001e+00
3.533960536287333e-10
4.874857235064727e-10
6.117151495227735e-10
7.613967653680991e-10
9.457003035204652e-10
1.172866081798455e-09
1.450811260082113e-09
1.791524354611693e-09
2.209538401872720e-09
2.722475202960447e-09
3.351688437014147e-09
4.124051439306636e-09
5.071784344980225e-09
6.234726778695783e-09
7.662015332696401e-09
9.412570991876193e-09
1.155989266086553e-08
1.419381281759496e-08
1.742419726816297e-08
2.138501710700364e-08
2.624958738100001e-08
3.219592686859311e-08
3.949218045320322e-08
4.843835212173230e-08
5.939713042541689e-08
7.282431952781414e-08
8.927702042246503e-08
1.094293918134820e-07
1.341083764866605e-07
1.643291230592925e-07
2.013317084126956e-07
2.466239156261230e-07
3.020758873402277e-07
3.699100142644606e-07
4.529275628015578e-07
5.544756031679228e-07
6.786829112531468e-07
8.305811396166548e-07
1.016315305340456e-06
1.243332187507247e-06
1.520797091737103e-06
1.859871665717951e-06
2.274131543064835e-06
2.780117675701896e-06
3.398146300664927e-06
4.152630802084093e-06
5.073541910662432e-06
6.197652851938647e-06
7.569093646586416e-06
9.242122780795397e-06
1.128259876612759e-05
1.377016571141794e-05
1.680264903724456e-05
2.049812836568212e-05
2.500031440126778e-05
3.048402785308053e-05
3.716212751150646e-05
4.528875752096352e-05
5.517994321823476e-05
6.721394767744679e-05
8.184990697071016e-05
9.964393248862064e-05
1.212679123669482e-04
1.475293969408293e-04
1.794467392883264e-04
2.181878586201568e-04
2.651938862479055e-04
3.222225996556013e-04
3.913577865557794e-04
4.751640022575904e-04
5.766888130865260e-04
6.996702923773757e-04
8.485039340182140e-04
1.028399849372131e-03
1.246031604486238e-03
1.508681414524423e-03
1.826101039669013e-03
2.208734636519096e-03
2.670374375875095e-03
3.226494483007377e-03
3.895572107949392e-03
4.700048314145376e-03
5.667094888091909e-03
6.826691388986316e-03
8.216828149967588e-03
9.881826488814752e-03
1.187291327050606e-02
1.424970371730394e-02
1.708315628051762e-02
2.045689315478008e-02
2.446541457683574e-02
2.922153772325409e-02
3.484633490680492e-02
4.148701257174580e-02
4.931303852427724e-02
5.850216545862176e-02
6.926493962215440e-02
8.182770651667133e-02
9.643801285690430e-02
1.133624253122741e-01
1.328746102120200e-01
1.552533443814028e-01
1.807873095717693e-01
2.097286796454363e-01
2.423146247133275e-01
2.787140657030223e-01
3.189853480389382e-01
3.630907988159381e-01
4.108399165366181e-01
4.618457365165957e-01
5.155329274794861e-01
5.710597866377801e-01
6.273770104869536e-01
6.832364127500207e-01
7.372676824085480e-01
7.880663720570472e-01
8.343202085963711e-01
8.749674181118329e-01
9.093053085582483e-01
9.370740839839974e-01
9.584757042447390e-01
9.741165976488998e-01
9.848878585775579e-01
9.918244974469694e-01
9.959148601734179e-01
9.981279546051171e-01
9.992217586734411e-01
9.997098125623626e-01
9.999041510877523e-01
9.999723352642247e-01
9.999931244068291e-01
9.999985531826919e-01
9.999997471813270e-01
9.999999640971712e-01
9.999999959541944e-01
9.999999996475133e-01
9.999999999769399e-01
9.999999999988974e-01
9.999999999999638e-01
9.999999999999989e-01
1.000000000000000e+00
1.000000000000000e+00
1.000000000000000e+00
1.000000000000000e+00
1.000000000000000e+00
1.000000000000000e+00
1.000000000000000e+00
1.000000000000000e+00
1.000000000000000e+00
1.000000000000000e+00
###4.000000000000001e+00
3.930795802034113e-10
5.364229243356443e-10
6.732320761300735e-10
8.380314855990277e-10
1.040933519675311e-09
1.290984365944116e-09
1.596868629352871e-09
1.971767938228177e-09
2.431657508432455e-09
2.995889117959195e-09
3.687874632150469e-09
4.537132635792836e-09
5.579047194640191e-09
6.857314851624686e-09
8.425875048561384e-09
1.034929581017639e-08
1.270820117296465e-08
1.560108857014476e-08
1.914837765873373e-08
2.349681190596649e-08
2.883664172456950e-08
3.536195097775681e-08
4.336705926913588e-08
5.318042059453843e-08
6.519851823835132e-08
7.992032676403621e-08
9.795516843070582e-08
1.200401452641005e-07
1.470793893248538e-07
1.801820837133994e-07
2.207032331208503e-07
2.702897688055837e-07
3.309829838267346e-07
4.052093913848422e-07
4.960256317604139e-07
6.070806070010032e-07
7.428791749008593e-07
9.089037810237383e-07
1.111853252931076e-06
1.359830230944402e-06
1.662827765734402e-06
2.032982324322902e-06
2.485067554624658e-06
3.037075390373456e-06
3.711078739064406e-06
4.533618433540146e-06
5.537239038008794e-06
6.761859518287707e-06
8.255366558300274e-06
1.007659708467584e-05
1.229695894551858e-05
1.500274539381226e-05
1.829982599687137e-05
2.231601369459307e-05
2.720678935428108e-05
3.316124289055478e-05
4.040902917174770e-05
4.922465828909249e-05
5.994917890092557e-05
7.298973456290642e-05
8.884187118702046e-05
1.081046399005446e-04
1.314988662201992e-04
1.598941477302034e-04
1.943836946406808e-04
2.362207794561908e-04
2.869492212492024e-04
3.484518698465700e-04
4.229584916546582e-04
5.132100963448005e-04
6.224600037061678e-04
7.546946641712104e-04
9.145983539301916e-04
1.107707747090324e-03
1.341120859854941e-03
1.622555530216000e-03
1.962349091400568e-03
2.371566843390278e-03
2.864768600237710e-03
3.458277977490888e-03
4.171545840153454e-03
5.028152195089927e-03
6.056697509552720e-03
7.288464627432852e-03
8.763223282361947e-03
1.052721772268434e-02
1.263362140083342e-02
1.514473095905148e-02
1.813360728277537e-02
2.168683522595608e-02
2.590171188188803e-02
3.089416084754535e-02
3.678789125599383e-02
4.373313302819429e-02
5.190224638358338e-02
6.147473990497361e-02
7.266278328919613e-02
8.569301014136196e-02
1.008118468599115e-01
1.182828447266732e-01
1.383743433030985e-01
1.613564471909545e-01
1.875061425296576e-01
2.170597335294362e-01
2.502352461625488e-01
2.871772093303694e-01
3.279162186659537e-01
3.723844695510832e-01
4.203605369148740e-01
4.714277390136880e-01
5.249895708373176e-01
5.801870283562464e-01
6.359710419597180e-01
6.911086944265432e-01
7.442628596315281e-01
7.940787895263371e-01
8.393039782782654e-01
8.789409519575637e-01
9.123444115601360e-01
9.392972406394523e-01
9.600255838039654e-01
9.751418829625630e-01
9.855272926613421e-01
9.921969735720455e-01
9.961105979577507e-01
9.982211943298160e-01
9.992619273514228e-01
9.997252767091003e-01
9.999094065466974e-01
9.999738890328637e-01
9.999935182298072e-01
9.999986372473220e-01
9.999997619933803e-01
9.999999662018086e-01
9.999999961895915e-01
9.999999996676134e-01
9.999999999782216e-01
9.999999999989537e-01
9.999999999999660e-01
9.999999999999988e-01
1.000000000000000e+00
1.000000000000000e+00
1.000000000000000e+00
1.000000000000000e+00
1.000000000000000e+00
1.000000000000000e+00
1.000000000000000e+00
1.000000000000000e+00
1.000000000000000e+00
1.000000000000000e+00
###4.200000000000001e+00
4.362052707611375e-10
5.897245378543248e-10
7.402316662666496e-10
9.214881867923338e-10
1.144634476688251e-09
1.419590164372862e-09
1.755872456844242e-09
2.167958431970072e-09
2.673388600601946e-09
3.293392571572108e-09
4.053613058964856e-09
4.986435805283160e-09
6.130677615887849e-09
7.534214073749945e-09
9.256188802602387e-09
1.136728384000135e-08
1.395583851296908e-08
1.712972930844882e-08
2.102079550586339e-08
2.578959884674774e-08
3.164470551350443e-08
3.879754428429561e-08
4.757074518066693e-08
5.832347990872026e-08
7.148873468570347e-08
8.761207620744704e-08
1.073591845339872e-07
1.315350549019266e-07
1.611270334430802e-07
1.973456738455713e-07
2.416697950604157e-07
2.958961655285360e-07
3.622503835029865e-07
4.433785120094766e-07
5.426151769648885e-07
6.639240176826595e-07
8.122236990618837e-07
9.934777567435889e-07
1.214980348001465e-06
1.485535354903809e-06
1.816025889453748e-06
2.219633041038497e-06
2.712413779165901e-06
3.313913563730402e-06
4.048088213535800e-06
4.943747015900380e-06
6.036192441588130e-06
7.368702960171716e-06
8.993175499188927e-06
1.097333334961533e-05
1.338648953633994e-05
1.632598213496814e-05
1.990644174853180e-05
2.426582439014436e-05
2.957220112015650e-05
3.602976533080634e-05
4.388611727264275e-05
5.343731673900473e-05
6.505101337335682e-05
7.916489588893794e-05
9.631287012263673e-05
1.171397079447430e-04
1.424176701130465e-04
1.730842436479814e-04
2.103052722281598e-04
2.554289356489328e-04
3.101072785141050e-04
3.763532170762180e-04
4.565508837965217e-04
5.536239035324925e-04
6.710433024673541e-04
8.130552014275261e-04
9.846451428299830e-04
1.191690642859791e-03
1.441732271008791e-03
1.742940556496526e-03
2.106260792262953e-03
2.543405554659200e-03
3.069726611783941e-03
3.702426258344269e-03
4.461959538252873e-03
5.373080994406797e-03
6.465854874290882e-03
7.772903434349065e-03
9.335814605161696e-03
1.120279384542268e-02
1.342900500993259e-02
1.607942978707009e-02
1.922928495235778e-02
2.296812166863411e-02
2.739603520777997e-02
3.263204265287614e-02
3.880244214819958e-02
4.606042497177741e-02
5.458114986527244e-02
6.454573651577307e-02
7.616780324767505e-02
8.967404843660128e-02
1.053095137689382e-01
1.233344441784298e-01
1.440115017982044e-01
1.676018207770399e-01
1.943703660372129e-01
2.245373785151994e-01
2.583014735743594e-01
2.957828975511366e-01
3.369847356052046e-01
3.818095064050847e-01
4.300055689808426e-01
4.811275926607682e-01
5.345592001738313e-01
5.894229284208850e-01
6.446726567908473e-01
6.990901227951394e-01
7.513701496885828e-01
8.002060331653084e-01
8.444031317839340e-01
8.830261128109194e-01
9.154859689755391e-01
9.416086436856814e-01
9.616461502691743e-01
9.762192608870774e-01
9.862017788432267e-01
9.925907581098258e-01
9.963189158327118e-01
9.983213374197115e-01
9.993055118001568e-01
9.997422490562803e-01
9.999152492057338e-01
9.999756419722204e-01
9.999939700192820e-01
9.999987355528328e-01
9.999997797062296e-01
9.999999687856125e-01
9.999999964876296e-01
9.999999996940476e-01
9.999999999799795e-01
9.999999999990371e-01
9.999999999999691e-01
9.999999999999988e-01
1.000000000000000e+00
1.000000000000000e+00
1.000000000000000e+00
1.000000000000000e+00
1.000000000000000e+00
1.000000000000000e+00
1.000000000000000e+00
1.000000000000000e+00
1.000000000000000e+00
1.000000000000000e+00
###4.400000000000001e+00
4.830386246570265e-10
6.477247656740741e-10
8.131341128277322e-10
1.012289185123658e-09
1.257450988215633e-09
1.559484672333057e-09
1.928809926617686e-09
2.381309075781182e-09
2.936219990306410e-09
3.616808612966378e-09
4.451133518171995e-09
5.474685236133933e-09
6.729993472336172e-09
8.269482189965860e-09
1.015790393655704e-08
1.247256248483826e-08
1.531014422206078e-08
1.878866788721356e-08
2.305231783498463e-08
2.827659140269621e-08
3.468984507677715e-08
4.252221943291593e-08
5.212694027262601e-08
6.389629669335287e-08
7.830268524474361e-08
9.594191738197871e-08
1.175404064268819e-07
1.439763453889477e-07
1.763266973540694e-07
2.159111950670105e-07
2.643419251394399e-07
3.235768579505193e-07
3.960398779928341e-07
4.846129935308369e-07
5.929294438367055e-07
7.252914093294008e-07
8.870612756764842e-07
1.084719163721713e-06
1.326197580577119e-06
1.621052664306122e-06
1.981120603151188e-06
2.420701940057644e-06
2.957227169780376e-06
3.611903678479062e-06
4.410701366118465e-06
5.384853232189505e-06
6.572607461611328e-06
8.020829481089432e-06
9.785693703645947e-06
1.193613393033012e-05
1.455575054675735e-05
1.774539750043074e-05
2.162900856692645e-05
2.635533963055318e-05
3.210583295297724e-05
3.910053062081998e-05
4.760640967120986e-05
5.794221625904257e-05
7.050376353143316e-05
8.576160412587867e-05
1.042893292603496e-04
1.267801494049711e-04
1.540609511803809e-04
1.871415051086004e-04
2.272626812110698e-04
2.758717598835537e-04
3.347391241372749e-04
4.060107615772052e-04
4.922372513920175e-04
5.965218594754168e-04
7.225739676989761e-04
8.749097929622516e-04
1.058828267022459e-03
1.280562403829721e-03
1.548113961006854e-03
1.870123633791498e-03
2.258169566629088e-03
2.724632474399970e-03
3.285686701544819e-03
3.959441086357538e-03
4.767385738304236e-03
5.735485572668777e-03
6.895304637219681e-03
8.280840051708649e-03
9.935537143547035e-03
1.190960071602167e-02
1.426022667202603e-02
1.705508815113489e-02
2.037160549242596e-02
2.430230006636749e-02
2.895006342068825e-02
3.443699003829995e-02
4.089191462800068e-02
4.847092287971383e-02
5.735187259520456e-02
6.771734254844566e-02
7.978221750480344e-02
9.377302876452837e-02
1.099331596628783e-01
1.285192462379905e-01
1.497879150784803e-01
1.739910141364051e-01
2.013811505200971e-01
2.321622820715785e-01
2.665133453228746e-01
3.045303710987577e-01
3.461891386881353e-01
3.913629045765653e-01
4.397704726632025e-01
4.909388512591462e-01
5.442320841999312e-01
5.987561819771434e-01
6.534677164804977e-01
7.071633040113380e-01
7.585691092417122e-01
8.064250758505566e-01
8.495928990980154e-01
8.871976592942084e-01
9.187057579633039e-01
9.439865037402956e-01
9.633191472852496e-01
9.773344983582397e-01
9.869010770768162e-01
9.929990994310861e-01
9.965356931659980e-01
9.984260946414460e-01
9.993513650529596e-01
9.997602188300629e-01
9.999214784822933e-01
9.999775256737999e-01
9.999944597789675e-01
9.999988431824692e-01
9.999997993166954e-01
9.999999716834626e-01
9.999999968268276e-01
9.999999997246627e-01
9.999999999820544e-01
9.999999999991384e-01
9.999999999999728e-01
9.999999999999989e-01
1.000000000000000e+00
1.000000000000000e+00
1.000000000000000e+00
1.000000000000000e+00
1.000000000000000e+00
1.000000000000000e+00
1.000000000000000e+00
1.000000000000000e+00
1.000000000000000e+00
1.000000000000000e+00
###4.600000000000001e+00
5.338624155051819e-10
7.107797542315586e-10
8.923872162986592e-10
1.110991276620274e-09
1.380073319274932e-09
1.711521501252540e-09
2.116732662875841e-09
2.613112085521248e-09
3.221736571549331e-09
3.968078193110297e-09
4.882809493386402e-09
6.004779719902715e-09
7.380499439334064e-09
9.067435332978155e-09
1.113628036436708e-08
1.367154003495243e-08
1.677891963168133e-08
2.058739661653255e-08
2.525448908736877e-08
3.097182278141234e-08
3.798912009028329e-08
4.655668748016965e-08
5.706077875649807e-08
6.992938583569840e-08
8.567738526794355e-08
1.049547257729534e-07
1.285532401490338e-07
1.574299388182650e-07
1.927582227020635e-07
2.359753088878100e-07
2.888365973755545e-07
3.534733523218820e-07
4.325225755411183e-07
5.291196360116139e-07
6.472182949917414e-07
7.914844624615676e-07
9.677560438525427e-07
1.183067264091864e-06
1.446034619326833e-06
1.767020441282689e-06
2.158880730933412e-06
2.637114561166163e-06
3.220621301002733e-06
3.932384772120391e-06
4.800527411243176e-06
5.858868796908050e-06
7.148803599874723e-06
8.721021164173085e-06
1.063625571605222e-05
1.296899256524671e-05
1.580950503299297e-05
1.926670755833592e-05
2.347435742672800e-05
2.859271505263896e-05
3.481741331242271e-05
4.238531914153668e-05
5.158394548034613e-05
6.275607163544064e-05
7.632725447593687e-05
9.280302632676616e-05
1.127987189792237e-04
1.370579795129060e-04
1.664677877281717e-04
2.021107605738341e-04
2.453092271703453e-04
2.976143409869956e-04
3.609174991721331e-04
4.375119299904598e-04
5.301156199876985e-04
6.420231189806820e-04
7.771923812564589e-04
9.404243787494470e-04
1.137338421793929e-03
1.374544548481453e-03
1.660522735659192e-03
2.004401714743386e-03
2.418417926684343e-03
2.915641693760216e-03
3.513100981691859e-03
4.229839563980654e-03
5.088413904090185e-03
6.116035366028839e-03
7.345804650387877e-03
8.813128530955016e-03
1.056334923372701e-02
1.264870880202902e-02
1.512847473783015e-02
1.807302026134351e-02
2.156201150340207e-02
2.569094371892856e-02
3.056549945453948e-02
3.631083105412370e-02
4.305825241766487e-02
5.096667149473730e-02
6.021653965347797e-02
7.099173506036525e-02
8.350821881126003e-02
9.799211420859265e-02
1.146848627264005e-01
1.338391770785081e-01
1.557052817036000e-01
1.805254057052103e-01
2.085394503697601e-01
2.399348468613940e-01
2.748705816698463e-01
3.134185006702069e-01
3.555272523909185e-01
4.010412126316912e-01
4.496502542634829e-01
5.008546480189118e-01
5.539992546198809e-01
6.081752956038833e-01
6.623420095167140e-01
7.153112111610300e-01
7.658400332589547e-01
8.127140183526556e-01
8.548500011478332e-01
8.914321039476267e-01
9.219814213036153e-01
9.464108433573527e-01
9.650279968495608e-01
9.784746777499095e-01
9.876159407295677e-01
9.934159381943793e-01
9.967572324922330e-01
9.985334093647557e-01
9.993984514397090e-01
9.997787260350467e-01
9.999279134473466e-01
9.999794781244372e-01
9.999949693018928e-01
9.999989556224976e-01
9.999998198994848e-01
9.999999747414754e-01
9.999999971870206e-01
9.999999997574051e-01
9.999999999842927e-01
9.999999999992486e-01
9.999999999999769e-01
9.999999999999989e-01
1.000000000000000e+00
1.000000000000000e+00
1.000000000000000e+00
1.000000000000000e+00
1.000000000000000e+00
1.000000000000000e+00
1.000000000000000e+00
1.000000000000000e+00
1.000000000000000e+00
1.000000000000000e+00
###4.800000000000002e+00
5.889778912533171e-10
7.792689251825199e-10
9.784682945617808e-10
1.218187699575952e-09
1.513236648867535e-09
1.876609692693742e-09
2.320760404845536e-09
2.864743151305911e-09
3.531625391021361e-09
4.349266869142101e-09
5.351166420672349e-09
6.579804250542579e-09
8.085999282350912e-09
9.932662811937810e-09
1.219690554216792e-08
1.497102711716307e-08
1.837045340529802e-08
2.253599806569911e-08
2.763956821642434e-08
3.389019057041264e-08
4.156063524347909e-08
5.092292250043019e-08
6.239892869568892e-08
7.645510375024336e-08
9.365207189824612e-08
1.146980622952060e-07
1.404553212162681e-07
1.719656480375661e-07
2.105061358758561e-07
2.576403147102781e-07
3.152775750634695e-07
3.857353051471847e-07
4.718793813962302e-07
5.771170025139670e-07
7.057457325797518e-07
8.628217865094097e-07
1.054692394417814e-06
1.288985621559358e-06
1.575050227051140e-06
1.924111772983647e-06
2.350116703668456e-06
2.869846146604872e-06
3.503769075428951e-06
4.276766645719463e-06
5.219261733299460e-06
6.367823203179060e-06
7.767219845321000e-06
9.472202198230769e-06
1.154836489005108e-05
1.407610340263951e-05
1.715279132350102e-05
2.089590983685804e-05
2.544965227220209e-05
3.098649998332502e-05
3.771713612761502e-05
4.589627434194182e-05
5.583317750993632e-05
6.789606610926420e-05
8.254196797923710e-05
1.003133785592115e-04
1.218697365353653e-04
1.480079112631938e-04
1.796781560257400e-04
2.180400243626045e-04
2.644997838893345e-04
3.207225151938539e-04
3.887221870350171e-04
4.709476388462479e-04
5.702925925947502e-04
6.902523958500088e-04
8.350442237865066e-04
1.009766847968253e-03
1.220373230149384e-03
1.473866465504840e-03
1.779224316907632e-03
2.146081814841774e-03
2.587359701081272e-03
3.116839962165308e-03
3.752435664521788e-03
4.514154414505167e-03
5.425650697719227e-03
6.515418635604407e-03
7.818133180924990e-03
9.370644896727705e-03
1.122023261234924e-02
1.342121316766847e-02
1.603496317070689e-02
1.913456626015193e-02
2.280197141660549e-02
2.713565078735772e-02
3.224406909975663e-02
3.825541326014906e-02
4.530341375810893e-02
5.354972307150709e-02
6.317727413953433e-02
7.437107671842011e-02
8.734796966402576e-02
1.023334177041779e-01
1.195666266277580e-01
1.392960591439293e-01
1.617651616790633e-01
1.872061955451738e-01
2.158459966570326e-01
2.478553378878759e-01
2.833725809375714e-01
3.224457865137169e-01
3.649964900259586e-01
4.108405426596015e-01
4.596394835515987e-01
5.108677237288698e-01
5.638514288952037e-01
6.176686263438157e-01
6.712814009017183e-01
7.235173035823984e-01
7.731639393842229e-01
8.190520462659442e-01
8.601525791956800e-01
8.957076225565950e-01
9.252923703053840e-01
9.488634054851028e-01
9.667573681694256e-01
9.796281986552086e-01
9.883380851275507e-01
9.938358632914580e-01
9.969802758691320e-01
9.986414692867631e-01
9.994458735039639e-01
9.997973673463697e-01
9.999343956822682e-01
9.999814451161148e-01
9.999954826908476e-01
9.999990689364003e-01
9.999998406474031e-01
9.999999778254403e-01
9.999999975505209e-01
9.999999997904829e-01
9.999999999865566e-01
9.999999999993604e-01
9.999999999999810e-01
9.999999999999990e-01
1.000000000000000e+00
1.000000000000000e+00
1.000000000000000e+00
1.000000000000000e+00
1.000000000000000e+00
1.000000000000000e+00
1.000000000000000e+00
1.000000000000000e+00
1.000000000000000e+00
1.000000000000000e+00
###5.000000000000002e+00
6.487056691739737e-10
8.535962113829182e-10
1.071886514594885e-09
1.334509880457976e-09
1.657723579540921e-09
2.055716904194362e-09
2.542084828218330e-09
3.137666115918917e-09
3.867678589552727e-09
4.762571865586532e-09
5.858890020832407e-09
7.203038238749151e-09
8.850493654816730e-09
1.087004196631324e-08
1.334572797927350e-08
1.637825797284774e-08
2.009354752232139e-08
2.464517636839101e-08
3.022056633017898e-08
3.704750201042702e-08
4.542359555193097e-08
5.564422701503714e-08
6.816966199195901e-08
8.350774251936504e-08
1.022683169246832e-07
1.252223043991035e-07
1.533076764347144e-07
1.876573701494059e-07
2.296598795305632e-07
2.810144260365313e-07
3.437957329263950e-07
4.205209200670829e-07
5.143014749880809e-07
6.288358118745576e-07
7.687904741128249e-07
9.396397104448228e-07
1.148275964768976e-06
1.402963223839709e-06
1.713833599319893e-06
2.093039541490439e-06
2.555682415830455e-06
3.119923849556902e-06
3.807905337821957e-06
4.646532997135926e-06
5.668693279245276e-06
6.913858621042039e-06
8.430419721234452e-06
1.027744470424274e-05
1.252570016828080e-05
1.526186887284047e-05
1.859087356731373e-05
2.263929388707047e-05
2.756240217333598e-05
3.354565132581138e-05
4.081567599956005e-05
4.964610594005170e-05
6.036922480312282e-05
7.338016580390982e-05
8.916923223728028e-05
1.083179531938041e-04
1.315323400802509e-04
1.596653840599188e-04
1.937330136049518e-04
2.349773197173033e-04
2.848940688885428e-04
3.452648268548463e-04
4.182337368512678e-04
5.064124099640588e-04
6.128789044913735e-04
7.413391449958537e-04
8.962805629536687e-04
1.083105787008815e-03
1.308137315944093e-03
1.578765563562979e-03
1.904493514631001e-03
2.295481205191583e-03
2.765360244364293e-03
3.328646909642524e-03
4.004171292132670e-03
4.812934211524193e-03
5.779720201817558e-03
6.934342667364355e-03
8.313089079732886e-03
9.954287260296305e-03
1.190719245556949e-02
1.422823341069385e-02
1.698093133378209e-02
2.024109184538673e-02
2.409297888386469e-02
2.863804340142800e-02
3.398751976679024e-02
4.027260208020797e-02
4.762936930519893e-02
5.622213469979600e-02
6.623619388052700e-02
7.785751186039135e-02
9.130359770305702e-02
1.067989968944487e-01
1.245803748998581e-01
1.448916053889226e-01
1.679689713427252e-01
1.940344017175292e-01
2.233013014032037e-01
2.559240789328975e-01
2.920184349552429e-01
3.316103673716096e-01
3.745938655548031e-01
4.207565853228131e-01
4.697323133598687e-01
5.209704492846740e-01
5.737790373817230e-01
6.272244055354714e-01
6.802718492920331e-01
7.317651850248355e-01
7.805225514338462e-01
8.254193920362924e-01
8.654801324682627e-01
9.000039739361728e-01
9.286196650100481e-01
9.513275722083240e-01
9.684936123480775e-01
9.807845595030577e-01
9.890601572133113e-01
9.942540724708574e-01
9.972019586346095e-01
9.987487064142558e-01
9.994928539383207e-01
9.998157987309733e-01
9.999407908290563e-01
9.999833810836363e-01
9.999959866469860e-01
9.999991798531739e-01
9.999998608943915e-01
9.999999808253579e-01
9.999999979029380e-01
9.999999998224460e-01
9.999999999887362e-01
9.999999999994680e-01
9.999999999999849e-01
9.999999999999990e-01
1.000000000000000e+00
1.000000000000000e+00
1.000000000000000e+00
1.000000000000000e+00
1.000000000000000e+00
1.000000000000000e+00
1.000000000000000e+00
1.000000000000000e+00
1.000000000000000e+00
1.000000000000000e+00
###5.200000000000002e+00
7.133868913838698e-10
9.341914268196889e-10
1.173180754917281e-09
1.460629607630848e-09
1.814366716026976e-09
2.249872392019948e-09
2.781973440077462e-09
3.433437703180253e-09
4.231792905923318e-09
5.210328942452369e-09
6.408834880927365e-09
7.877966562536499e-09
9.678232943181310e-09
1.188475340708593e-08
1.458905785610333e-08
1.790091286670503e-08
2.195754430258093e-08
2.692628976113540e-08
3.301128592355597e-08
4.046052121165718e-08
4.959836340479568e-08
6.074530003493603e-08
7.440293621666424e-08
9.112362805363660e-08
1.115701444220605e-07
1.365807848873973e-07
1.671748925517090e-07
2.045832882314198e-07
2.503140527647438e-07
3.062120584191987e-07
3.745294048680405e-07
4.579973543764019e-07
5.599907617117536e-07
6.845199709928128e-07
8.366467439269740e-07
1.022293104982427e-06
1.248934609195209e-06
1.525515640618757e-06
1.863005734462345e-06
2.274548575916846e-06
2.776477197978822e-06
3.388428994597016e-06
4.134329535079046e-06
5.043244480694818e-06
6.150686193432739e-06
7.499221879459743e-06
9.141096409283596e-06
1.113997476981978e-05
1.357212317989468e-05
1.653090795299581e-05
2.012927233581898e-05
2.450345258578402e-05
2.982047461635347e-05
3.627954891367258e-05
4.412420620656358e-05
5.364811079205844e-05
6.520789690211264e-05
7.922714747240898e-05
9.623132592311011e-05
1.168431552652510e-04
1.418177881081570e-04
1.720673533493392e-04
2.086767765385126e-04
2.529751053715634e-04
3.065527047273967e-04
3.713125942655126e-04
4.495358924414666e-04
5.440027888820124e-04
6.579895272334483e-04
7.954176934306859e-04
9.610580315840265e-04
1.160629853320096e-03
1.400843108299659e-03
1.689487478759850e-03
2.036614445615096e-03
2.452927638418498e-03
2.952796670383471e-03
3.551495284781710e-03
4.268802973304094e-03
5.126743607316021e-03
6.151264129541622e-03
7.373533948974061e-03
8.831491910856857e-03
1.056497587794159e-02
1.262525733887399e-02
1.507091349497186e-02
1.796764363837635e-02
2.139398771361245e-02
2.543655193479113e-02
3.019976647156001e-02
3.579761887395416e-02
4.236427867868485e-02
5.003809936519807e-02
5.898596485123166e-02
6.939540714899597e-02
8.145316127316810e-02
9.537718943270800e-02
1.113908466571453e-01
1.297279421716023e-01
1.506274090190397e-01
1.743179710639208e-01
2.010108454214961e-01
2.309056301165556e-01
2.641399566857378e-01
3.008068913088937e-01
3.409100040807704e-01
3.843159837836437e-01
4.307846084499547e-01
4.799224855014753e-01
5.311552943243889e-01
5.837722406131449e-01
6.368307550635812e-01
6.892994177898016e-01
7.400389342872143e-01
7.878982816928441e-01
8.317972986509532e-01
8.708134603418327e-01
9.043024238328263e-01
9.319459016002817e-01
9.537882828579052e-01
9.702244823810380e-01
9.819344865415144e-01
9.897757028149544e-01
9.946665402960082e-01
9.974198416661402e-01
9.988537923799156e-01
9.995387400120348e-01
9.998337354065890e-01
9.999469888201223e-01
9.999852490802358e-01
9.999964705510055e-01
9.999992857962268e-01
9.999998801223217e-01
9.999999836571222e-01
9.999999982334606e-01
9.999999998522173e-01
9.999999999907522e-01
9.999999999995666e-01
9.999999999999885e-01
9.999999999999991e-01
1.000000000000000e+00
1.000000000000000e+00
1.000000000000000e+00
1.000000000000000e+00
1.000000000000000e+00
1.000000000000000e+00
1.000000000000000e+00
1.000000000000000e+00
1.000000000000000e+00
1.000000000000000e+00
###5.400000000000002e+00
7.833843065720308e-10
1.021511724035138e-09
1.282925743125387e-09
1.597261325504247e-09
1.984051470067326e-09
2.460170613179343e-09
3.041773815903056e-09
3.753712723348143e-09
4.626009726668184e-09
5.695020138514283e-09
7.004033742638008e-09
8.608290771479850e-09
1.057373080952564e-08
1.298229734454806e-08
1.593359306494445e-08
1.954714193664816e-08
2.397235509416433e-08
2.939138513963473e-08
3.602636241864473e-08
4.414701900604905e-08
5.410651744099040e-08
6.625204472387554e-08
8.113048033471446e-08
9.934122396022502e-08
1.216041555258094e-07
1.488299416284668e-07
1.821252956834293e-07
2.228260861850872e-07
2.725686691446162e-07
3.333541366959117e-07
4.076247308542118e-07
4.983411591581849e-07
6.091604132052110e-07
7.444268173024913e-07
9.096249813595050e-07
1.111156264566423e-06
1.357119421600971e-06
1.657186263742133e-06
2.023220882297079e-06
2.469425448839705e-06
3.013447808754780e-06
3.676499538501738e-06
4.484408637057637e-06
5.468542102726835e-06
6.667209476371954e-06
8.126273686804520e-06
9.902078434531561e-06
1.206317920240220e-05
1.469168619977195e-05
1.788805859071374e-05
2.177377566606206e-05
2.649529509814595e-05
3.223211072630245e-05
3.919801350200157e-05
4.765441965013827e-05
5.791619745855095e-05
7.036572249829724e-05
8.545663235914855e-05
1.037515180831340e-04
1.259165499152608e-04
1.527586964504478e-04
1.852523652082936e-04
2.245551174913000e-04
2.720872418009340e-04
3.295388148882973e-04
3.989400164048792e-04
4.827157194092261e-04
5.838230267791515e-04
7.057438352417207e-04
8.526274305572978e-04
1.029539103330853e-03
1.242529453671444e-03
1.498703271453540e-03
1.806286335310701e-03
2.175880816871186e-03
2.618759634226130e-03
3.150058144532088e-03
3.785831250115282e-03
4.546840677117444e-03
5.456163618166296e-03
6.540942091731772e-03
7.833738405309727e-03
9.374182140990851e-03
1.120365327312380e-02
1.337547926471727e-02
1.595042165832860e-02
1.899638927802267e-02
2.259466910300807e-02
2.683423225412564e-02
3.182248666185491e-02
3.767615242717964e-02
4.453233808789563e-02
5.253159150774329e-02
6.184327038105224e-02
7.265700903349427e-02
8.516011782285594e-02
9.957078513305349e-02
1.161108933280872e-01
1.350110678325462e-01
1.565049367912341e-01
1.808132586242806e-01
2.081361450519315e-01
2.386589990529236e-01
2.725022676886274e-01
3.097363581973976e-01
3.503420862153735e-01
3.941590547078297e-01
4.409194814195939e-01
4.902033867650615e-01
5.414154697081506e-01
5.938210264597233e-01
6.464757457581373e-01
6.983503242587348e-01
7.483230638994226e-01
7.952742446742357e-01
8.381680080724984e-01
8.761346268629556e-01
9.085856929892269e-01
9.352554767665066e-01
9.562319736864352e-01
9.719390743540706e-01
9.830698380403613e-01
9.904791276685714e-01
9.950697798649465e-01
9.976318828957226e-01
9.989556294798687e-01
9.995830006807823e-01
9.998509473653524e-01
9.999529030887808e-01
9.999870206203237e-01
9.999969263849721e-01
9.999993848662448e-01
9.999998979612172e-01
9.999999862619732e-01
9.999999985347343e-01
9.999999998790924e-01
9.999999999925534e-01
9.999999999996538e-01
9.999999999999916e-01
9.999999999999991e-01
1.000000000000000e+00
1.000000000000000e+00
1.000000000000000e+00
1.000000000000000e+00
1.000000000000000e+00
1.000000000000000e+00
1.000000000000000e+00
1.000000000000000e+00
1.000000000000000e+00
1.000000000000000e+00
###5.600000000000002e+00
8.590813329056764e-10
1.116043038169506e-09
1.401732463055772e-09
1.745164485770389e-09
2.167718928352219e-09
2.687774732191351e-09
3.322917948304973e-09
4.100249409734938e-09
5.052483597815349e-09
6.219281666793729e-09
7.647707065059136e-09
9.397940729731234e-09
1.154177819893107e-08
1.416851055585968e-08
1.738643967856703e-08
2.132558992991702e-08
2.614848998900040e-08
3.205323385939162e-08
3.928130719932904e-08
4.812582470996910e-08
5.897091521136007e-08
7.219237200832743e-08
8.838588433924887e-08
1.082012388623916e-07
1.324196569793458e-07
1.620294714362660e-07
1.982311354062507e-07
2.424731688241643e-07
2.965294193044582e-07
3.625684088357165e-07
4.432360518765221e-07
5.417387254532017e-07
6.620354559361629e-07
8.088278141591767e-07
9.880525929334329e-07
1.206623802909163e-06
1.473305823166748e-06
1.798547572269706e-06
2.195168060900402e-06
2.678498925310695e-06
3.267590565915277e-06
3.985332550181829e-06
4.859580062203766e-06
5.924150879848215e-06
7.220331935221648e-06
8.797493463613918e-06
1.071633522521774e-05
1.305061198147960e-05
1.588863950845784e-05
1.933837284396531e-05
2.353044907275687e-05
2.862205889489372e-05
3.480593930641197e-05
4.231132311525437e-05
5.141854783327132e-05
6.246490824018513e-05
7.585997479468363e-05
9.208911521289048e-05
1.117541012151605e-04
1.355668996322832e-04
1.643890796281423e-04
1.992605970859558e-04
2.414154274658140e-04
2.923695688088961e-04
3.539180865457061e-04
4.282242623290447e-04
5.178637450851901e-04
6.259807909510292e-04
7.562657858518217e-04
9.131129398609442e-04
1.101892171685432e-03
1.329000243146925e-03
1.601949856747745e-03
1.929424847988030e-03
2.322590772380062e-03
2.793326647291124e-03
3.357546065644445e-03
4.032114573010900e-03
4.838809424208585e-03
5.801791807306516e-03
6.949431759208408e-03
8.315721525692713e-03
9.942021214213401e-03
1.187128423548384e-02
1.415893355751605e-02
1.686795017258482e-02
2.006848180197949e-02
2.384457515180310e-02
2.828758425615289e-02
3.350789110789466e-02
3.962492333571956e-02
4.677868703272877e-02
5.511183782014867e-02
6.479610313186279e-02
7.602307728595221e-02
8.898044156298283e-02
1.038863731681180e-01
1.209609882334928e-01
1.404313888984249e-01
1.625255214084083e-01
1.874557616515981e-01
2.154107091160341e-01
2.465611726599772e-01
2.810100113283583e-01
3.188049075303122e-01
3.599036300390046e-01
4.041188891806338e-01
4.511558922547123e-01
5.005679955295049e-01
5.517399576265931e-01
6.039151058128210e-01
6.561473656181473e-01
7.074109171950140e-01
7.566024746472864e-01
8.026342302168770e-01
8.445147225037761e-01
8.814269066654994e-01
9.128378887734199e-01
9.385340623786020e-01
9.586464994223757e-01
9.736277568384856e-01
9.841835318139240e-01
9.911656505105370e-01
9.954608624398867e-01
9.978364088358596e-01
9.990533361295507e-01
9.996252187775290e-01
9.998672596139286e-01
9.999584690241884e-01
9.999886750517777e-01
9.999973485501098e-01
9.999994757862680e-01
9.999999141723700e-01
9.999999886041070e-01
9.999999988025408e-01
9.999999999026958e-01
9.999999999941144e-01
9.999999999997286e-01
9.999999999999942e-01
9.999999999999991e-01
1.000000000000000e+00
1.000000000000000e+00
1.000000000000000e+00
1.000000000000000e+00
1.000000000000000e+00
1.000000000000000e+00
1.000000000000000e+00
1.000000000000000e+00
1.000000000000000e+00
1.000000000000000e+00
###5.800000000000002e+00
9.408786886943123e-10
1.218301606857264e-09
1.530250062430683e-09
1.905145946026820e-09
2.366368896032681e-09
2.933920273624511e-09
3.626926832671873e-09
4.474914915248302e-09
5.513502161760671e-09
6.785912167521902e-09
8.343273065546690e-09
1.025108674001585e-08
1.258745808713370e-08
1.544958422443938e-08
1.895513341776904e-08
2.324542230325539e-08
2.849708923091059e-08
3.492536958299300e-08
4.279255331903398e-08
5.241688129735332e-08
6.421575928059407e-08
7.859566517006379e-08
9.620469657212610e-08
1.177467403134943e-07
1.440687968971336e-07
1.762424919226152e-07
2.155687779545771e-07
2.636168924659023e-07
3.223079459883298e-07
3.939897740738555e-07
4.815262993148635e-07
5.883867499312705e-07
7.188532492688788e-07
8.780092419847880e-07
1.072274736292542e-06
1.309111584225510e-06
1.597994642431850e-06
1.950202444328932e-06
2.379572609932113e-06
2.902641133706091e-06
3.539953523454211e-06
4.316186777931747e-06
5.261354700472167e-06
6.411883247584274e-06
7.812226398717150e-06
9.515484094858749e-06
1.158698296709205e-05
1.410600112700916e-05
1.716743977556443e-05
2.088720842186280e-05
2.540564699115271e-05
3.089132254016480e-05
3.755099160608345e-05
4.563023005334197e-05
5.542938054088738e-05
6.730944155834738e-05
8.170869746578806e-05
9.914599402084178e-05
1.202644252049396e-04
1.458242028104222e-04
1.767443944020107e-04
2.141339065111588e-04
2.593070511202165e-04
3.138801928451829e-04
3.797588313244273e-04
4.592455325244148e-04
5.550739729004068e-04
6.705836206531884e-04
8.096834165220154e-04
9.770240982178826e-04
1.178290883633114e-03
1.420244816948080e-03
1.710819540140710e-03
2.059174458207087e-03
2.477037537123710e-03
2.977020794071058e-03
3.575674434344574e-03
4.290818848101641e-03
5.145249522495191e-03
6.164242493932985e-03
7.377429050105191e-03
8.820268508942675e-03
1.053589164320560e-02
1.256885582983031e-02
1.497671876875246e-02
1.782471510724551e-02
2.118525869273400e-02
2.514516825988746e-02
2.979819415790426e-02
3.525768616147777e-02
4.164574973688152e-02
4.910524179006148e-02
5.778083220757339e-02
6.784650663150006e-02
7.949566835825357e-02
9.291615505522491e-02
1.083258846117770e-01
1.259429016761091e-01
1.459904334915321e-01
1.686903547262956e-01
1.942462309911686e-01
2.228347303717176e-01
2.546116590310923e-01
2.896618883198375e-01
3.280102775526439e-01
3.695912877988473e-01
4.141909265260313e-01
4.614886826266361e-01
5.110089457909320e-01
5.621199043694083e-01
6.140439766049027e-01
6.658335638086833e-01
7.164677062034751e-01
7.648624811157023e-01
8.099627138080981e-01
8.507176168462044e-01
8.866755625079691e-01
9.170444711484300e-01
9.417687337300199e-01
9.610210669328659e-01
9.752821079901912e-01
9.852694868680656e-01
9.918312551399711e-01
9.958373968545831e-01
9.980320883139904e-01
9.991462306040148e-01
9.996650817526012e-01
9.998825457608720e-01
9.999636419395961e-01
9.999901988744218e-01
9.999977336025553e-01
9.999995578281742e-01
9.999999286322107e-01
9.999999906673197e-01
9.999999990352919e-01
9.999999999229218e-01
9.999999999954305e-01
9.999999999997908e-01
9.999999999999962e-01
9.999999999999992e-01
1.000000000000000e+00
1.000000000000000e+00
1.000000000000000e+00
1.000000000000000e+00
1.000000000000000e+00
1.000000000000000e+00
1.000000000000000e+00
1.000000000000000e+00
1.000000000000000e+00
1.000000000000000e+00
###6.000000000000003e+00
1.029221427657750e-09
1.328835791413858e-09
1.669167968435142e-09
2.078062653790769e-09
2.581063092803677e-09
3.199919336897175e-09
3.955415248954154e-09
4.879691335722102e-09
6.011497782296790e-09
7.397881368913402e-09
9.094358220019518e-09
1.117215223683069e-08
1.371616090378144e-08
1.683208248268126e-08
2.064766438369804e-08
2.531635162281499e-08
3.102995567764183e-08
3.802212731921082e-08
4.657750235357823e-08
5.704130154195721e-08
6.986666559346133e-08
8.549295984471680e-08
1.046245194367154e-07
1.280232713664852e-07
1.566067048009934e-07
1.915357095151940e-07
2.342189074101080e-07
2.863548055942079e-07
3.500221317483472e-07
4.277606263232321e-07
5.226674013691612e-07
6.384927234033282e-07
7.798641041260341e-07
9.522728905739618e-07
1.162655144321134e-06
1.419057702288420e-06
1.731713325752456e-06
2.112785546216908e-06
2.577197823818374e-06
3.142769502464546e-06
3.831638762462275e-06
4.670385357717044e-06
5.691320050207490e-06
6.933642859876082e-06
8.445174162033614e-06
1.028297736145682e-05
1.251729074666800e-05
1.523325605726875e-05
1.853275852495408e-05
2.254014309097890e-05
2.740602437908197e-05
3.331101921773791e-05
4.047671716054624e-05
4.916597935787387e-05
5.970028724319905e-05
7.246567706450507e-05
8.793073355384086e-05
1.066496034518211e-04
1.293089359648699e-04
1.567197383128994e-04
1.898615910746084e-04
2.299158900570774e-04
2.782813544452153e-04
3.366795646124389e-04
4.071320748481540e-04
4.920871612041458e-04
5.944440158107221e-04
7.177450330562537e-04
8.661281584290351e-04
1.044515646568434e-03
1.258912974730061e-03
1.516472832833256e-03
1.825555230189100e-03
2.195815883891063e-03
2.639571267280471e-03
3.170187732064446e-03
3.804870267528111e-03
4.562431949261789e-03
5.466716950878523e-03
6.544147105057824e-03
7.825648430366171e-03
9.348184503213234e-03
1.115669716798669e-02
1.329737745097127e-02
1.582995659162006e-02
1.882195607205867e-02
2.234808087826473e-02
2.649793332856597e-02
3.136766887735674e-02
3.707359586256651e-02
4.374046297848778e-02
5.151392556337669e-02
6.054056708940651e-02
7.099651198078671e-02
8.307681239941285e-02
9.696923737386232e-02
1.128911861758903e-01
1.310583147387732e-01
1.516896115009871e-01
1.750004772753199e-01
2.011852291474002e-01
2.304081732421867e-01
2.628096962986589e-01
2.984562862272710e-01
3.373498556821869e-01
3.794013274506005e-01
4.243701913176349e-01
4.719103471198380e-01
5.215184655693569e-01
5.725461019140152e-01
6.241968716365199e-01
6.755221190521805e-01
7.255070851840989e-01
7.730882722879433e-01
8.172428940892134e-01
8.569893364083913e-01
8.918613394780652e-01
9.211905853824921e-01
9.449467302831149e-01
9.633454916778049e-01
9.768944141249210e-01
9.863223119987833e-01
9.924724976487279e-01
9.961974134192738e-01
9.982178704997142e-01
9.992337993832524e-01
9.997023665141864e-01
9.998967211832663e-01
9.999683942421844e-01
9.999915845734416e-01
9.999980798539382e-01
9.999996307182769e-01
9.999999413115107e-01
9.999999924510440e-01
9.999999992334548e-01
9.999999999398668e-01
9.999999999965133e-01
9.999999999998415e-01
9.999999999999978e-01
9.999999999999993e-01
1.000000000000000e+00
1.000000000000000e+00
1.000000000000000e+00
1.000000000000000e+00
1.000000000000000e+00
1.000000000000000e+00
1.000000000000000e+00
1.000000000000000e+00
1.000000000000000e+00
1.000000000000000e+00
###6.200000000000003e+00
1.124571179092368e-09
1.448227744525252e-09
1.819218241695221e-09
2.264824265369916e-09
2.812928473487732e-09
3.487164395782199e-09
4.310096822081788e-09
5.316681777499285e-09
6.549064303037418e-09
8.058339272742747e-09
9.904808333333925e-09
1.216582720404641e-08
1.493360068222190e-08
1.832296191019799e-08
2.247250645168715e-08
2.754866643791832e-08
3.375958882904534e-08
4.135868433568581e-08
5.065457454634214e-08
6.202142702454339e-08
7.595073281537804e-08
9.291708018164735e-08
1.136851111330783e-07
1.390789724473121e-07
1.700916374657821e-07
2.079795938449923e-07
2.542667341644427e-07
3.107898978532141e-07
3.797963960782840e-07
4.640312086166062e-07
5.668407070503480e-07
6.922754318413505e-07
8.453318686253304e-07
1.031936770978957e-06
1.259576970573915e-06
1.536923483975100e-06
1.875017065655463e-06
2.286964721902570e-06
2.788846622849596e-06
3.399848733244492e-06
4.143804720158097e-06
5.049318564728648e-06
6.151143649164327e-06
7.491428423133350e-06
9.121569479956162e-06
1.110283917337879e-05
1.351068674363927e-05
1.643647470217273e-05
1.998949051059667e-05
2.430301866306554e-05
2.953854816374850e-05
3.588945041574900e-05
4.359299963418556e-05
5.293032733911121e-05
6.424523889482618e-05
7.795020260673610e-05
9.454632571452164e-05
1.146232508494580e-04
1.389152135951135e-04
1.682861085276876e-04
2.037791619615768e-04
2.466519380190342e-04
2.983917879928856e-04
3.608312147400901e-04
4.361116328046945e-04
5.268356948110191e-04
6.360751507833617e-04
7.675794057236336e-04
9.257407142144542e-04
1.115745896999755e-03
1.343949515525864e-03
1.617901195479296e-03
1.946408004359705e-03
2.339639106689448e-03
2.810525777729207e-03
3.373204968306379e-03
4.045573031895879e-03
4.847455875844652e-03
5.803785650994681e-03
6.942154132963611e-03
8.294822883492595e-03
9.900294568307016e-03
1.180536269384586e-02
1.405788070891772e-02
1.671979167639483e-02
1.986093593017047e-02
2.355833231419156e-02
2.790437718360969e-02
3.299763526732288e-02
3.895736094109430e-02
4.591090637573532e-02
5.400666697447611e-02
6.339303163939136e-02
7.424813601874168e-02
8.676854862071935e-02
1.011416221170159e-01
1.175840780120852e-01
1.363088174415674e-01
1.575302135180396e-01
1.814567786907085e-01
2.082731331735481e-01
2.381307804804807e-01
2.711542648601145e-01
3.073913000308147e-01
3.468207105301332e-01
3.893296809417264e-01
4.346513687916363e-01
4.824142807995467e-01
5.320885363252277e-01
5.830092149984665e-01
6.343631060165560e-01
6.852011894113303e-01
7.345163731910374e-01
7.812667408217681e-01
8.244632850031692e-01
8.631882010142635e-01
8.969763372874907e-01
9.252662534546808e-01
9.480592616242557e-01
9.656123215183900e-01
9.784590137222156e-01
9.873380534958685e-01
9.930869114960584e-01
9.965395603037116e-01
9.983930597420538e-01
9.993157209090016e-01
9.997369437537004e-01
9.999097423864366e-01
9.999727143470979e-01
9.999928300356307e-01
9.999983872270150e-01
9.999996945619137e-01
9.999999522566783e-01
9.999999939667625e-01
9.999999993990106e-01
9.999999999537704e-01
9.999999999973844e-01
9.999999999998814e-01
9.999999999999990e-01
9.999999999999993e-01
1.000000000000000e+00
1.000000000000000e+00
1.000000000000000e+00
1.000000000000000e+00
1.000000000000000e+00
1.000000000000000e+00
1.000000000000000e+00
1.000000000000000e+00
1.000000000000000e+00
1.000000000000000e+00
###6.400000000000003e+00
1.227417720838760e-09
1.577095201289291e-09
1.981177563879502e-09
2.466395960376068e-09
3.063160703161335e-09
3.797132669631196e-09
4.692789228147555e-09
5.788116694406244e-09
7.128912096719007e-09
8.770625504271317e-09
1.077870012773971e-08
1.323708205947801e-08
1.624583169991064e-08
1.992959189471222e-08
2.443861136228425e-08
2.995326090520927e-08
3.669922067201617e-08
4.495110336537000e-08
5.504325809118378e-08
6.738089065420030e-08
8.249661778119648e-08
1.009027290122809e-07
1.234284938231094e-07
1.509647110269259e-07
1.845851342314115e-07
2.256485637046144e-07
2.758022173499841e-07
3.370308659889184e-07
4.117620131060010e-07
5.029599959879611e-07
6.142374347602426e-07
7.499655066205176e-07
9.155345755325189e-07
1.117335881094253e-06
1.363443700102415e-06
1.663194572026740e-06
2.028490149557510e-06
2.473442516730913e-06
3.015363364728262e-06
3.674892953348011e-06
4.477668746994055e-06
5.454446825864269e-06
6.642576476296198e-06
8.087337905556718e-06
9.843924538294659e-06
1.197807542381691e-05
1.457076517825380e-05
1.771996539711134e-05
2.154276333779155e-05
2.618195221588619e-05
3.181051041171286e-05
3.863530123228777e-05
4.691017488095067e-05
5.693556275598031e-05
6.907883260285604e-05
8.378034253321524e-05
1.015755517517188e-04
1.230912548369351e-04
1.491120184088354e-04
1.805572933558496e-04
2.185372048713983e-04
2.643893114470661e-04
3.196947666241137e-04
3.863999851313189e-04
4.667742361469481e-04
5.635810455017893e-04
6.800725618204415e-04
8.202172252594878e-04
9.886643260725396e-04
1.190884957587641e-03
1.433594108174688e-03
1.724754348751480e-03
2.073637437723662e-03
2.490944059221541e-03
2.990244001597583e-03
3.586468415879850e-03
4.298235803564143e-03
5.146462134038169e-03
6.157052463313569e-03
7.358929931624927e-03
8.785704493454959e-03
1.047744411680810e-02
1.248283458862311e-02
1.485141956906368e-02
1.764739157557502e-02
2.094294051344373e-02
2.481742983507693e-02
2.936602764959266e-02
3.468973874514600e-02
4.091073693274117e-02
4.815893268403502e-02
5.658539679550745e-02
6.634020761912347e-02
7.760337603130472e-02
9.057281025436816e-02
1.054351895206424e-01
1.224062845338055e-01
1.416958979111942e-01
1.635133982340462e-01
1.880599831089174e-01
2.155101178571608e-01
2.460020124333673e-01
2.796440651472646e-01
3.164647063827786e-01
3.564195610840837e-01
3.993719063159697e-01
4.450287607177120e-01
4.929934968466736e-01
5.427107954326836e-01
5.934996073070226e-01
6.445317733531620e-01
6.948587888412067e-01
7.434827334002226e-01
7.893845259451944e-01
8.316102530171764e-01
8.693021600390322e-01
9.020079601702330e-01
9.292605444420615e-01
9.510971459223289e-01
9.678143750527864e-01
9.799706837972941e-01
9.883132550966263e-01
9.936724552016468e-01
9.968628015779063e-01
9.985571706628258e-01
9.993918002998152e-01
9.997687506270220e-01
9.999215960944466e-01
9.999766026590584e-01
9.999939372113457e-01
9.999986568010828e-01
9.999997497401366e-01
9.999999615673889e-01
9.999999952341151e-01
9.999999995349019e-01
9.999999999649594e-01
9.999999999980708e-01
9.999999999999123e-01
9.999999999999999e-01
9.999999999999993e-01
1.000000000000000e+00
1.000000000000000e+00
1.000000000000000e+00
1.000000000000000e+00
1.000000000000000e+00
1.000000000000000e+00
1.000000000000000e+00
1.000000000000000e+00
1.000000000000000e+00
1.000000000000000e+00
###6.600000000000003e+00
1.338280461753236e-09
1.716093293510525e-09
2.155869749635137e-09
2.683801385397414e-09
3.333027749734064e-09
4.131390575343093e-09
5.105419469633150e-09
6.296360523209577e-09
7.753936233277862e-09
9.538279097696991e-09
1.172035269875247e-08
1.439118200551720e-08
1.765926602928327e-08
2.165977554669278e-08
2.655546848192815e-08
3.254166508674057e-08
3.986285222379515e-08
4.881637647814108e-08
5.976416404456249e-08
7.314467979593313e-08
8.953461333118328e-08
1.094865787172530e-07
1.338990623981075e-07
1.637342117287404e-07
2.001521725145695e-07
2.446211727292121e-07
2.989202864261435e-07
3.651923780308257e-07
4.460574269722476e-07
5.447140601070797e-07
6.650590951257060e-07
8.118059635259793e-07
9.907650733109517e-07
1.208822950256402e-06
1.474680032111841e-06
1.798381968670109e-06
2.192747149958797e-06
2.672957656262020e-06
3.257635554772148e-06
3.968967717387104e-06
4.834509439750736e-06
5.887303438042408e-06
7.167456119060197e-06
8.723571781453450e-06
1.061471845628945e-05
1.291183643229706e-05
1.570129225307692e-05
1.908821568571057e-05
2.319794583699648e-05
2.818334590944704e-05
3.422953975380302e-05
4.155765359837170e-05
5.043904609722068e-05
6.119452385911208e-05
7.421631069529485e-05
8.997417494478200e-05
1.090397223123284e-04
1.320789674127537e-04
1.599293240447196e-04
1.935686893245808e-04
2.341774686758661e-04
2.831771931327223e-04
3.422474966624205e-04
4.134537136864144e-04
4.991995977226235e-04
6.024165745340086e-04
7.265454268633126e-04
8.757838771598822e-04
1.055047503114124e-03
1.270105490723890e-03
1.528047146873086e-03
1.837264412002765e-03
2.207511790752383e-03
2.650039674265676e-03
3.179083469322745e-03
3.810386175823768e-03
4.563325325611029e-03
5.459936750433000e-03
6.527109765239975e-03
7.795158535864640e-03
9.299064451354543e-03
1.108049892744811e-02
1.319008069199985e-02
1.567907034403324e-02
1.861394671164863e-02
2.206927890416681e-02
2.612684080487438e-02
3.088443375222596e-02
3.644564259462321e-02
4.293549303175868e-02
5.048640240357199e-02
5.925204566716174e-02
6.938406642769673e-02
8.106420573479850e-02
9.449151754898734e-02
1.098517608219020e-01
1.273594488410313e-01
1.472209365025894e-01
1.696401864138882e-01
1.948106432033075e-01
2.228961487307951e-01
2.540209812315556e-01
2.882775133657009e-01
3.256739669156661e-01
3.661427865851646e-01
4.095232069330836e-01
4.554963163561117e-01
5.036406746286275e-01
5.533766045108695e-01
6.040074431180376e-01
6.546918967651919e-01
7.044830191346464e-01
7.523936109271880e-01
7.974287633955426e-01
8.386709260929737e-01
8.753197052429950e-01
9.069447943129173e-01
9.331637010142596e-01
9.540523841747477e-01
9.699455620453422e-01
9.814251471518679e-01
9.892452289451465e-01
9.942276401885937e-01
9.971664687905450e-01
9.987099585110697e-01
9.994619666127851e-01
9.997977873374860e-01
9.999322954900456e-01
9.999800696065592e-01
9.999949113033154e-01
9.999988905376090e-01
9.999997968323773e-01
9.999999693781951e-01
9.999999962778484e-01
9.999999996445923e-01
9.999999999738035e-01
9.999999999986000e-01
9.999999999999358e-01
1.000000000000000e+00
9.999999999999994e-01
1.000000000000000e+00
1.000000000000000e+00
1.000000000000000e+00
1.000000000000000e+00
1.000000000000000e+00
1.000000000000000e+00
1.000000000000000e+00
1.000000000000000e+00
1.000000000000000e+00
1.000000000000000e+00
###6.800000000000003e+00
1.457710021296910e-09
1.865916569785046e-09
2.344168103111034e-09
2.918125710939756e-09
3.623873676940015e-09
4.491598444253384e-09
5.550029256528451e-09
6.843918667776740e-09
8.427203928951401e-09
1.036504891675781e-08
1.273434044413740e-08
1.563370235797347e-08
1.918080364792499e-08
2.352177201599502e-08
2.883311887195172e-08
3.532607685761602e-08
4.326529184421672e-08
5.297247106702375e-08
6.483908122932365e-08
7.933920275414911e-08
9.709672785622038e-08
1.187073660548252e-07
1.451436978977825e-07
1.774441919305667e-07
2.168613297800581e-07
2.649803027648248e-07
3.237210718533763e-07
3.953953482770224e-07
4.828285774849351e-07
5.894694674240311e-07
7.195180264539809e-07
8.780526778825289e-07
1.071331672647251e-06
1.306769215923932e-06
1.593732799221283e-06
1.943023123409600e-06
2.368434218288263e-06
2.886286554066811e-06
3.516595639674514e-06
4.283192123701032e-06
5.215669136150368e-06
6.349497500695199e-06
7.727710229532689e-06
9.402437168657475e-06
1.143683458967895e-05
1.390742259739694e-05
1.690621248778655e-05
2.054593254969057e-05
2.496065663733505e-05
3.031389714022891e-05
3.680361321776419e-05
4.466600006875605e-05
5.419089984323674e-05
6.572061713850817e-05
7.967358261728805e-05
9.655056002840115e-05
1.169611765652200e-04
1.416128106952296e-04
1.713983529578160e-04
2.073571475533833e-04
2.507433935954675e-04
3.030667242280879e-04
3.661099459864409e-04
4.420629933676651e-04
5.334704633386567e-04
6.434391339122015e-04
7.756069168688462e-04
9.344108797638471e-04
1.125043973157899e-03
1.353586127310503e-03
1.627515796623868e-03
1.955671155134782e-03
2.348307859700499e-03
2.817235183749364e-03
3.377410728281883e-03
4.045377050512978e-03
4.841321084665461e-03
5.788415200749649e-03
6.914577484955903e-03
8.251540958720011e-03
9.835692355562710e-03
1.171034446354261e-02
1.392808954668636e-02
1.654193074869812e-02
1.962066917229031e-02
2.324128127871858e-02
2.748796171103107e-02
3.246116247010383e-02
3.826702541084642e-02
4.503340926996940e-02
5.289518071253085e-02
6.200854063130777e-02
7.252656523076167e-02
8.463257122488332e-02
9.852655445972476e-02
1.143930934465988e-01
1.324451269801281e-01
1.528851997462807e-01
1.759114549478946e-01
2.017091349494632e-01
2.304309811241179e-01
2.621869530869519e-01
2.970527470278561e-01
3.350162310506788e-01
3.759864319204856e-01
4.197784402377994e-01
4.660476457553597e-01
5.143481789927936e-01
5.640770729476305e-01
6.145227171696952e-01
6.648324604381076e-01
7.140621023038735e-01
7.612367612775816e-01
8.053871064301666e-01
8.456331899248705e-01
8.812300960609292e-01
9.117765524338597e-01
9.369670969778785e-01
9.569181020902812e-01
9.720008210056421e-01
9.828190083067240e-01
9.901320048774891e-01
9.947514801564236e-01
9.974502199943733e-01
9.988513626722714e-01
9.995262538865087e-01
9.998240979461226e-01
9.999418756293871e-01
9.999831333782908e-01
9.999957599043172e-01
9.999990910043806e-01
9.999998365462348e-01
9.999999758453244e-01
9.999999971251058e-01
9.999999997317530e-01
9.999999999806729e-01
9.999999999990009e-01
9.999999999999531e-01
1.000000000000001e+00
9.999999999999994e-01
1.000000000000000e+00
1.000000000000000e+00
1.000000000000000e+00
1.000000000000000e+00
1.000000000000000e+00
1.000000000000000e+00
1.000000000000000e+00
1.000000000000000e+00
1.000000000000000e+00
1.000000000000000e+00
###7.000000000000004e+00
1.586289835770545e-09
2.027301065472605e-09
2.546994278564207e-09
3.170518906693098e-09
3.937122730308207e-09
4.879515265674144e-09
6.028783055099144e-09
7.433445026908983e-09
9.151963677936711e-09
1.125490508699629e-08
1.382550647290183e-08
1.697054483875486e-08
2.081754409059568e-08
2.552432030222169e-08
3.128218461849779e-08
3.831939645875731e-08
4.692219699412771e-08
5.743838014753215e-08
7.029103645727561e-08
8.599236109194865e-08
1.052167688190253e-07
1.286059968635114e-07
1.572118931308952e-07
1.921545123866926e-07
2.347849640216680e-07
2.868133799538630e-07
3.503101637595619e-07
4.277672467376476e-07
5.222292718472419e-07
6.374117201081165e-07
7.778378607984241e-07
9.489750960003325e-07
1.157558904863896e-06
1.411565323449624e-06
1.721072036483920e-06
2.097683210814622e-06
2.556230613211256e-06
3.114245135241920e-06
3.793223183219868e-06
4.618741422258260e-06
5.622557050593301e-06
6.842717743492574e-06
8.325361202158811e-06
1.012635451272727e-05
1.231319768840089e-05
1.496829367210732e-05
1.818965765510280e-05
2.209804693356851e-05
2.683677558868547e-05
3.258061153733079e-05
3.954107114109346e-05
4.797026109987085e-05
5.817752604301715e-05
7.052784049800526e-05
8.546725179252405e-05
1.035291712593204e-04
1.253632053431669e-04
1.517203188717329e-04
1.835516249957067e-04
2.219610303164099e-04
2.682801767590292e-04
3.241110853025941e-04
3.913446026202100e-04
4.723011480666371e-04
5.696727296477312e-04
6.867492018412064e-04
8.273743655927991e-04
9.962350134536035e-04
1.198812907603877e-03
1.441511697477424e-03
1.732214259590239e-03
2.080222308055663e-03
2.496311446425183e-03
2.992870036623218e-03
3.585603179186824e-03
4.291868780158529e-03
5.132716264487640e-03
6.132459044877547e-03
7.320091986218680e-03
8.728796005447634e-03
1.039639685034193e-02
1.236788635346407e-02
1.469782423553142e-02
1.744112009960118e-02
2.066879273812798e-02
2.446029880331419e-02
2.890226192642929e-02
3.409779813043697e-02
4.015558002165367e-02
4.720627502842469e-02
5.538713547844218e-02
6.485680261721682e-02
7.576964384749893e-02
8.831038725818686e-02
1.026797560015954e-01
1.190608760549723e-01
1.376647824375730e-01
1.586898345013589e-01
1.823279309920434e-01
2.087556522056919e-01
2.381141569540696e-01
2.704988345255050e-01
3.059676262982341e-01
3.444883379180365e-01
3.859462123346435e-01
4.301321267442531e-01
4.766760334856408e-01
5.251080802238963e-01
5.748030822821266e-01
6.250352850480091e-01
6.749424418819047e-01
7.235844131522150e-01
7.700002791343027e-01
8.132477468718304e-01
8.524856881235422e-01
8.870233830767451e-01
9.164940284143267e-01
9.406631949636398e-01
9.596884895021881e-01
9.739760562779580e-01
9.841496863298848e-01
9.909721259846219e-01
9.952434335194754e-01
9.977139971648690e-01
9.989814850452481e-01
9.995847832731265e-01
9.998477741112236e-01
9.999503874184200e-01
9.999858178466198e-01
9.999964922507590e-01
9.999992611751748e-01
9.999998696579609e-01
9.999999811331477e-01
9.999999978034886e-01
9.999999997999774e-01
9.999999999859220e-01
9.999999999992994e-01
9.999999999999658e-01
1.000000000000001e+00
9.999999999999994e-01
1.000000000000000e+00
1.000000000000000e+00
1.000000000000000e+00
1.000000000000000e+00
1.000000000000000e+00
1.000000000000000e+00
1.000000000000000e+00
1.000000000000000e+00
1.000000000000000e+00
1.000000000000000e+00
###7.200000000000004e+00
1.724637899852613e-09
2.201026456354018e-09
2.765331553123886e-09
3.442199029810632e-09
4.274283368424504e-09
5.297003977249758e-09
6.543972003697267e-09
8.067749402735522e-09
9.931654247227781e-09
1.221204994432831e-08
1.499897561966358e-08
1.840795300159339e-08
2.257706513173657e-08
2.767666178218527e-08
3.391389646470902e-08
4.153526077987639e-08
5.085011410561717e-08
6.223417156217776e-08
7.614435372113642e-08
9.313362140791251e-08
1.139304305073004e-07
1.392256481918113e-07
1.701558748793707e-07
2.079283233298925e-07
2.539993885528824e-07
3.102125830171433e-07
3.787988601814761e-07
4.624423948512230e-07
5.644215360123591e-07
6.887361736721317e-07
8.402540304253388e-07
1.024856847258298e-06
1.249788220236373e-06
1.523622141543622e-06
1.857191961620023e-06
2.262956284960749e-06
2.756850064057250e-06
3.357690473587347e-06
4.088546741890184e-06
4.976849206022258e-06
6.056651821919485e-06
7.368735441504930e-06
8.962529496191274e-06
1.089786066736313e-05
1.324683987741135e-05
1.609807297813909e-05
1.955595313686885e-05
2.374971875371151e-05
2.883245297933422e-05
3.499081385507651e-05
4.245063010647431e-05
5.148080001383075e-05
6.241123540408431e-05
7.563080346240400e-05
9.161463898978755e-05
1.109305223319546e-04
1.342700820897157e-04
1.624301736300658e-04
1.964229978141166e-04
2.374202570193560e-04
2.868348245918342e-04
3.463655551867760e-04
4.180163830584954e-04
5.042443065177608e-04
6.078955261385639e-04
7.324509734280251e-04
8.819693695887666e-04
1.061397934779686e-03
1.276519038314292e-03
1.534073353081517e-03
1.842363901543112e-03
2.211173689627108e-03
2.651817488017252e-03
3.177283338917737e-03
3.804047502088437e-03
4.550312015413112e-03
5.438017870006658e-03
6.492644815008128e-03
7.744305814990467e-03
9.227659665263772e-03
1.098200456149687e-02
1.305404723532008e-02
1.550013916131184e-02
1.837777439065589e-02
2.175957028269402e-02
2.572770134615645e-02
3.037122838169207e-02
3.579594027971913e-02
4.211301076878034e-02
4.945588591265786e-02
5.796413361287971e-02
6.779874221356748e-02
7.911521985025204e-02
9.209953159914032e-02
1.069529010642773e-01
1.238567212257045e-01
1.430197779130760e-01
1.646358588416056e-01
1.888901816522607e-01
2.159501951215397e-01
2.459449874126043e-01
2.789548962071711e-01
3.150197062920340e-01
3.540857411690316e-01
3.960174935629153e-01
4.405784453850262e-01
4.873744412055133e-01
5.359121652345724e-01
5.855453035408464e-01
6.355348874971339e-01
6.850108392302504e-01
7.330385076738113e-01
7.786726235395854e-01
8.209994329829715e-01
8.592178218801850e-01
8.926904226859369e-01
9.210890557920518e-01
9.442455029720215e-01
9.623587480377582e-01
9.758680752984955e-01
9.854153497163772e-01
9.917647948768458e-01
9.957033545314875e-01
9.979579879356526e-01
9.991005670074335e-01
9.996377464469602e-01
9.998689363706896e-01
9.999578938600234e-01
9.999881506892023e-01
9.999971185730855e-01
9.999994041987550e-01
9.999998969644894e-01
9.999999854052873e-01
9.999999983395563e-01
9.999999998526110e-01
9.999999999898713e-01
9.999999999995175e-01
9.999999999999750e-01
1.000000000000001e+00
9.999999999999996e-01
1.000000000000000e+00
1.000000000000000e+00
1.000000000000000e+00
1.000000000000000e+00
1.000000000000000e+00
1.000000000000000e+00
1.000000000000000e+00
1.000000000000000e+00
1.000000000000000e+00
1.000000000000000e+00
###7.400000000000004e+00
1.873408502592872e-09
2.387918124848044e-09
3.000218817575249e-09
3.734455863404231e-09
4.636952679347150e-09
5.746036780831981e-09
7.098021304150254e-09
8.749805209693101e-09
1.076991455018140e-08
1.324092755125247e-08
1.626016908393753e-08
1.995253019727938e-08
2.446740231769756e-08
2.998856629374373e-08
3.674012481693480e-08
4.498808002018522e-08
5.506652092822524e-08
6.738104129841142e-08
8.242471815714303e-08
1.007940902909501e-07
1.232753855765465e-07
1.506118782589665e-07
1.840307354782493e-07
2.248322218445268e-07
2.745850607091715e-07
3.352750677783536e-07
4.093044351048440e-07
4.995622851692037e-07
6.095759956892812e-07
7.436484906380008e-07
9.070143033229613e-07
1.105996275374064e-06
1.348378750415626e-06
1.643371682182278e-06
2.002612033932354e-06
2.439466554198814e-06
2.971042272033659e-06
3.617522478339109e-06
4.403645981178085e-06
5.358809907284329e-06
6.519504464242160e-06
7.929407887808043e-06
9.641437725525270e-06
1.171961370396134e-05
1.424093702808038e-05
1.730055404151644e-05
2.100962572206055e-05
2.550634595764072e-05
3.095412023214343e-05
3.755216049239788e-05
4.554139746076537e-05
5.520844009407582e-05
6.690487940737417e-05
8.104475056078505e-05
9.813380993330455e-05
1.187759997271273e-04
1.437071061371025e-04
1.737740429786780e-04
2.100477239989150e-04
2.537763589902153e-04
3.064562113886164e-04
3.698875728714920e-04
4.461926787881152e-04
5.379649251818127e-04
6.482312679204575e-04
7.806524566720015e-04
9.395179015816021e-04
1.130046310003228e-03
1.358332810240989e-03
1.631468740886954e-03
1.958193444644379e-03
2.348789415761246e-03
2.815130241713430e-03
3.370824553699818e-03
4.033135966337607e-03
4.821164447832543e-03
5.757747156963514e-03
6.869564612397107e-03
8.187888513098134e-03
9.748886346939187e-03
1.159336190265862e-02
1.376977183568776e-02
1.633631806080724e-02
1.935305371200411e-02
2.289427685639889e-02
2.704487992383104e-02
3.189636711036956e-02
3.755720465288045e-02
4.414103388511857e-02
5.178404354881772e-02
6.062804024923616e-02
7.083625820418815e-02
8.256518641666644e-02
9.600184219850244e-02
1.113477140716239e-01
1.287821612795703e-01
1.485113706233739e-01
1.707241568811848e-01
1.955986088354642e-01
2.232925652774690e-01
2.539225499037066e-01
2.875533685973009e-01
3.242062433684143e-01
3.638056407923148e-01
4.061953085914966e-01
4.511112467491688e-01
4.981355255818367e-01
5.467519604061011e-01
5.962942242588553e-01
6.460111824838189e-01
6.950267048157288e-01
7.424131562288832e-01
7.872426465352830e-01
8.286314896083973e-01
8.658197526564562e-01
8.982228834269694e-01
9.255544706759709e-01
9.477085312886367e-01
9.649250330253492e-01
9.776745264213809e-01
9.866148367432745e-01
9.925097257855549e-01
9.961314460624203e-01
9.981825887760485e-01
9.992089643837686e-01
9.996853905334836e-01
9.998877285784226e-01
9.999644662416561e-01
9.999901619336172e-01
9.999976495602600e-01
9.999995232493157e-01
9.999999192470311e-01
9.999999888170777e-01
9.999999987578276e-01
9.999999998926568e-01
9.999999999927985e-01
9.999999999996740e-01
9.999999999999816e-01
1.000000000000001e+00
9.999999999999996e-01
1.000000000000000e+00
1.000000000000000e+00
1.000000000000000e+00
1.000000000000000e+00
1.000000000000000e+00
1.000000000000000e+00
1.000000000000000e+00
1.000000000000000e+00
1.000000000000000e+00
1.000000000000000e+00
###7.600000000000004e+00
2.033294130898784e-09
2.588850226163251e-09
3.252754907771546e-09
4.048654472727782e-09
5.026820922588565e-09
6.228700734193077e-09
7.693497135464728e-09
9.482758919043048e-09
1.167059379359427e-08
1.434623931790878e-08
1.761481939211886e-08
2.161125771013423e-08
2.649704960739555e-08
3.247035850818163e-08
3.977341145467075e-08
4.869307598317562e-08
5.958988456316606e-08
7.290136872329849e-08
8.915924233378122e-08
1.090065951800486e-07
1.332913805898080e-07
1.628127405400733e-07
1.988945693190128e-07
2.429364150894718e-07
2.966267731290385e-07
3.621032000287814e-07
4.419504163033487e-07
5.392759126280202e-07
6.578722709863964e-07
8.023651103936129e-07
9.783793725597191e-07
1.192707194338512e-06
1.453708097547454e-06
1.771268032253364e-06
2.157878109478754e-06
2.627869696777065e-06
3.199594475067342e-06
3.894685779495277e-06
4.739653848108579e-06
5.765981366439745e-06
7.012741382955562e-06
8.526681962065362e-06
1.036441485824852e-05
1.259439787323063e-05
1.529881452097004e-05
1.857970741524351e-05
2.255541151049217e-05
2.737357377174494e-05
3.320850080071092e-05
4.027265216577993e-05
4.882288609368351e-05
5.916448174323208e-05
7.167187021382991e-05
8.678558437623663e-05
1.050436018703760e-04
1.270878933444538e-04
1.537006363139196e-04
1.857815853389493e-04
2.244624951830691e-04
2.710725329466566e-04
3.271951408380511e-04
3.947368081706782e-04
4.759434435086835e-04
5.735503182659183e-04
6.907757697780972e-04
8.314655886388168e-04
1.000150440719553e-03
1.202331959605871e-03
1.444430542834057e-03
1.733902182528633e-03
2.079939168970405e-03
2.493342131154944e-03
2.986563548942577e-03
3.573853911333803e-03
4.273291710661146e-03
5.104897033487156e-03
6.092439920934579e-03
7.263826397807309e-03
8.651526854558743e-03
1.029324905380117e-02
1.223133517370350e-02
1.451602669892494e-02
1.720743150822709e-02
2.036814155423967e-02
2.407420926426631e-02
2.841324608168113e-02
3.347920244284561e-02
3.938322208016743e-02
4.624137607586624e-02
5.419255377607139e-02
6.338071650977872e-02
7.397123485966625e-02
8.612140914021255e-02
1.000191135175509e-01
1.158658545547847e-01
1.338386438851221e-01
1.541407078305208e-01
1.769554745906695e-01
2.024534459859731e-01
2.307823641811924e-01
2.620456909373172e-01
2.962922228137496e-01
3.335242206155022e-01
3.736441370992017e-01
4.164744027569598e-01
4.617240853683371e-01
5.089516723851437e-01
5.576187677939990e-01
6.070401872556740e-01
6.564537866891068e-01
7.049791865936205e-01
7.516973827563136e-01
7.956996263751431e-01
8.361338413842454e-01
8.722824077674838e-01
9.036132492476256e-01
9.298840778093785e-01
9.510477496854038e-01
9.673843978921162e-01
9.793938364094738e-01
9.877475799824610e-01
9.932070204024198e-01
9.965282095794283e-01
9.983883694516328e-01
9.993071234667323e-01
9.997280041520241e-01
9.999043105986399e-01
9.999701807660490e-01
9.999918826073245e-01
9.999980959281937e-01
9.999996214278051e-01
9.999999372447672e-01
9.999999915113227e-01
9.999999990802069e-01
9.999999999227198e-01
9.999999999949368e-01
9.999999999997846e-01
9.999999999999861e-01
1.000000000000001e+00
9.999999999999996e-01
1.000000000000000e+00
1.000000000000000e+00
1.000000000000000e+00
1.000000000000000e+00
1.000000000000000e+00
1.000000000000000e+00
1.000000000000000e+00
1.000000000000000e+00
1.000000000000000e+00
1.000000000000000e+00
###7.800000000000004e+00
2.205027471781823e-09
2.804747391657936e-09
3.524102490647197e-09
4.386239133177462e-09
5.445676270805242e-09
6.747203557818920e-09
8.333113720525374e-09
1.026993785611193e-08
1.263776212126702e-08
1.553295564540732e-08
1.906898596610968e-08
2.339151332893805e-08
2.867498170343426e-08
3.513294533399598e-08
4.302700256890980e-08
5.266632183934289e-08
6.443969533667648e-08
7.881877391309586e-08
9.637653498186957e-08
1.178057667864658e-07
1.440203337539519e-07
1.758789018800625e-07
2.148086141184555e-07
2.623148891433499e-07
3.202138597064753e-07
3.908047961199527e-07
4.768668722328825e-07
5.817401162918200e-07
7.094993834254091e-07
8.651137334803954e-07
1.054623405229249e-06
1.285319545332668e-06
1.566173144263936e-06
1.907788315579788e-06
2.323563542743876e-06
2.828854209634762e-06
3.443333041145106e-06
4.190171662374508e-06
5.097758795095487e-06
6.199787451531540e-06
7.538067470114878e-06
9.162597757169717e-06
1.113390047535594e-05
1.352512845305845e-05
1.642400331989062e-05
1.993968736057413e-05
2.419826393171714e-05
2.935730440581437e-05
3.560262094849326e-05
4.316064644002364e-05
5.230502898487463e-05
6.336071911461634e-05
7.672619963137501e-05
9.286988697255372e-05
1.123636469497363e-04
1.358894216367058e-04
1.642781053340598e-04
1.984848220155569e-04
2.397054616517757e-04
2.893536911898627e-04
3.491044145718053e-04
4.209752536955103e-04
5.073413599308687e-04
6.110868421875882e-04
7.356284746362155e-04
8.850063990699777e-04
1.064002137714926e-03
1.278412021929710e-03
1.534994598510078e-03
1.841584846868198e-03
2.207845088555516e-03
2.645113186079830e-03
3.166441012073414e-03
3.786742572578141e-03
4.524939188800697e-03
5.401994150985830e-03
6.442653750828305e-03
7.676055949680807e-03
9.135924771400388e-03
1.086153910887017e-02
1.289681000472533e-02
1.529379844518697e-02
1.811457082501861e-02
2.142424194340239e-02
2.530068435845328e-02
2.983423008059212e-02
3.512127511019054e-02
4.127563631551479e-02
4.841577201493220e-02
5.668322369410232e-02
6.622401604140020e-02
7.720553788127504e-02
8.978572132517888e-02
1.041530911107422e-01
1.205089133814725e-01
1.390275251996352e-01
1.599088193023753e-01
1.833304117679925e-01
2.094547494446781e-01
2.384189842596451e-01
2.703130163421771e-01
3.051691599644958e-01
3.429703271164021e-01
3.835967958050444e-01
4.268492065066175e-01
4.724102148069089e-01
5.198149995890444e-01
5.685036774341892e-01
6.177734093807881e-01
6.668523003841874e-01
7.148575556441211e-01
7.608804921596835e-01
8.040332907442121e-01
8.434970275680767e-01
8.785974806264909e-01
9.088548598711524e-01
9.340726162450688e-01
9.542595424933442e-01
9.697347384166095e-01
9.810251508146766e-01
9.888137159935004e-01
9.938573278749314e-01
9.968944045477236e-01
9.985760416696611e-01
9.993955606623123e-01
9.997659052647018e-01
9.999188520742658e-01
9.999751154591966e-01
9.999933436776191e-01
9.999984680629863e-01
9.999997016635621e-01
9.999999516377789e-01
9.999999936159566e-01
9.999999993257433e-01
9.999999999449954e-01
9.999999999964777e-01
9.999999999998614e-01
9.999999999999893e-01
1.000000000000001e+00
9.999999999999996e-01
1.000000000000000e+00
1.000000000000000e+00
1.000000000000000e+00
1.000000000000000e+00
1.000000000000000e+00
1.000000000000000e+00
1.000000000000000e+00
1.000000000000000e+00
1.000000000000000e+00
1.000000000000000e+00
###8.000000000000004e+00
2.389383402868724e-09
3.036587576267085e-09
3.815491299776776e-09
4.748737374375819e-09
5.895409833020335e-09
7.303879891648287e-09
9.019740919770489e-09
1.111485957708252e-08
1.367572183811741e-08
1.680632956258709e-08
2.062907164286926e-08
2.530109160833598e-08
3.101067824004940e-08
3.798784499422670e-08
4.651488385889933e-08
5.692478431519084e-08
6.963652247239826e-08
8.515817864172588e-08
1.041067742781835e-07
1.272281266629202e-07
1.555064380340947e-07
1.898637687842301e-07
2.318374021232428e-07
2.830455899289917e-07
3.454404103619722e-07
4.214933814146946e-07
5.141907206568273e-07
6.271199479981250e-07
7.646561952011623e-07
9.321338451261785e-07
1.136034670345796e-06
1.384180139400085e-06
1.686190934679449e-06
2.053433744436230e-06
2.500270448516866e-06
3.043142895424498e-06
3.703125236644055e-06
4.505020133617880e-06
5.479207244207621e-06
6.661721049426903e-06
8.097269683635972e-06
9.839292934573103e-06
1.195245006693920e-05
1.451485949812050e-05
1.762034540255489e-05
2.138484247993992e-05
2.594336366389252e-05
3.146370770965888e-05
3.814382223936780e-05
4.622487200906176e-05
5.599819573778226e-05
6.780945903362508e-05
8.208246102786273e-05
9.931494518813657e-05
1.201144023646093e-04
1.452047672879768e-04
1.754680710531434e-04
2.119174402221779e-04
2.558162985680145e-04
3.086665168273261e-04
3.722388867923125e-04
4.486672765601098e-04
5.404618518611452e-04
6.506627053888487e-04
7.828924542200433e-04
9.413950767180329e-04
1.131212897727618e-03
1.358449055451984e-03
1.630213499062326e-03
1.954734879400178e-03
2.342163090735756e-03
2.804392781897625e-03
3.355096142391108e-03
4.009872738914640e-03
4.788515107455726e-03
5.712953672764172e-03
6.808947497936915e-03
8.106900038246470e-03
9.641803526143262e-03
1.145456607874308e-02
1.359066809818721e-02
1.610409343727011e-02
1.905884773177173e-02
2.252257896718682e-02
2.657503838137827e-02
3.130928000707554e-02
3.682414107144324e-02
4.323610252122737e-02
5.066596241740168e-02
5.925785929271807e-02
6.915978212591732e-02
8.054101095146621e-02
9.355991992726689e-02
1.084054669659228e-01
1.252784075033468e-01
1.443500640974932e-01
1.658166111486025e-01
1.898494156121159e-01
2.166023922392033e-01
2.462016031982645e-01
2.787228866730023e-01
3.141816082873846e-01
3.525407938095965e-01
3.936588786942551e-01
4.373138466402455e-01
4.831625999425460e-01
5.307173750319049e-01
5.793975909022961e-01
6.284840097133140e-01
6.771963397380371e-01
7.246514264095866e-01
7.699521019263417e-01
8.122338427284983e-01
8.507122182942038e-01
8.847574315563725e-01
9.139418511783085e-01
9.381157249447495e-01
9.573411630983091e-01
9.719747367390272e-01
9.825682725715098e-01
9.898137854828738e-01
9.944615775969547e-01
9.972310062042044e-01
9.987464291281682e-01
9.994748432779078e-01
9.997994304424533e-01
9.999315272137624e-01
9.999793483957728e-01
9.999945752416128e-01
9.999987758171566e-01
9.999997666593308e-01
9.999999630370288e-01
9.999999952424947e-01
9.999999995106090e-01
9.999999999612916e-01
9.999999999975737e-01
9.999999999999137e-01
9.999999999999917e-01
1.000000000000001e+00
9.999999999999997e-01
1.000000000000000e+00
1.000000000000000e+00
1.000000000000000e+00
1.000000000000000e+00
1.000000000000000e+00
1.000000000000000e+00
1.000000000000000e+00
1.000000000000000e+00
1.000000000000000e+00
1.000000000000000e+00
###8.200000000000003e+00
2.587181088651661e-09
3.285404720361216e-09
4.128221477457731e-09
5.137764084929030e-09
6.378013541999299e-09
7.901197463478483e-09
9.756411863839615e-09
1.202124124943481e-08
1.478901868985916e-08
1.817191044518438e-08
2.230183927293755e-08
2.734822373780114e-08
3.351414805444988e-08
4.104721616364974e-08
5.025181551449608e-08
6.148636578909158e-08
7.520206458196485e-08
9.194586691348930e-08
1.123817803462897e-07
1.373121739870239e-07
1.677962693811202e-07
2.048236112903738e-07
2.500489080182076e-07
3.052105995003920e-07
3.724054810301860e-07
4.542884401880398e-07
5.540660257748910e-07
6.755890250206823e-07
8.235518279459880e-07
1.003677211567895e-06
1.222916128735872e-06
1.489653352051889e-06
1.814199512046683e-06
2.208730620712081e-06
2.688630828674525e-06
3.271494166037872e-06
3.979880788989418e-06
4.840321747877921e-06
5.885305811071662e-06
7.153346504995915e-06
8.692219830438784e-06
1.055900578012961e-05
1.282273835703288e-05
1.556678554969304e-05
1.889140586992343e-05
2.291971798347482e-05
2.779612505381701e-05
3.369922951716150e-05
4.083977167050237e-05
4.947444089402235e-05
5.991320630068026e-05
7.252353809638078e-05
8.775586936029633e-05
1.061387745441365e-04
1.283171773989343e-04
1.550591085275975e-04
1.873002527394317e-04
2.261144798016591e-04
2.728362535637766e-04
3.290595176684130e-04
3.966555252879929e-04
4.778796873283538e-04
5.753831609529581e-04
6.923693616748697e-04
8.326745044390395e-04
1.000756076668968e-03
1.201927498617476e-03
1.442611168112912e-03
1.730282065658528e-03
2.073577551698714e-03
2.483153093378764e-03
2.971480132957977e-03
3.552872522329056e-03
4.243637805802281e-03
5.064468554197290e-03
6.038286994724027e-03
7.191899801165693e-03
8.557004882930066e-03
1.016990158661616e-02
1.207315788933861e-02
1.431385284561985e-02
1.694803715157601e-02
2.004139500135207e-02
2.366439672013929e-02
2.789862662313670e-02
3.283986108703398e-02
3.858937048399042e-02
4.526628583807744e-02
5.299369216506426e-02
6.191826306349423e-02
7.218984472482703e-02
8.397947215490792e-02
9.744576130329598e-02
1.127778745725747e-01
1.301757743364990e-01
1.498074158993279e-01
1.718648589634197e-01
1.965127734256323e-01
2.238960563858832e-01
2.541291723041612e-01
2.872734085678837e-01
3.233267078626494e-01
3.622311602822468e-01
4.038253255240601e-01
4.478621389564638e-01
4.939739225478665e-01
5.416504302624429e-01
5.902912431031327e-01
6.391620386843471e-01
6.874755806881372e-01
7.343510286239399e-01
7.789021978619688e-01
8.202919949668298e-01
8.577712363136615e-01
8.907554914956592e-01
9.188691728600877e-01
9.420099098889341e-01
9.602906887837565e-01
9.741038030484676e-01
9.840235829579893e-01
9.907487770390560e-01
9.950209816036306e-01
9.975391638403779e-01
9.989004393788488e-01
9.995455720630743e-01
9.998289254307844e-01
9.999425101106777e-01
9.999829557222891e-01
9.999956059105173e-01
9.999990283327874e-01
9.999998188515961e-01
9.999999719800182e-01
9.999999964865661e-01
9.999999996482331e-01
9.999999999730655e-01
9.999999999983435e-01
9.999999999999486e-01
9.999999999999933e-01
1.000000000000001e+00
9.999999999999997e-01
1.000000000000000e+00
1.000000000000000e+00
1.000000000000000e+00
1.000000000000000e+00
1.000000000000000e+00
1.000000000000000e+00
1.000000000000000e+00
1.000000000000000e+00
1.000000000000000e+00
1.000000000000000e+00
###8.400000000000002e+00
2.799294647851109e-09
3.552291530186100e-09
4.463667069806763e-09
5.555025849245721e-09
6.895605240273377e-09
8.541763678614298e-09
1.054633099940389e-08
1.299300945503934e-08
1.598245272329978e-08
1.963555845829665e-08
2.409442918972766e-08
2.954159883299200e-08
3.619595470299973e-08
4.432388852862022e-08
5.425336898730866e-08
6.636994837635364e-08
8.115920242224106e-08
9.920954783168164e-08
1.212350898593099e-07
1.480984705802902e-07
1.809366735040792e-07
2.208176852044312e-07
2.695147028739390e-07
3.288963220353567e-07
4.012133174093575e-07
4.893156835036517e-07
5.966443183637207e-07
7.273299120789135e-07
8.864061181144005e-07
1.080008421672804e-06
1.315586077062884e-06
1.602121888072682e-06
1.950658806067262e-06
2.374231316218009e-06
2.889307857470393e-06
3.514703486338398e-06
4.274553668195469e-06
5.197219711560583e-06
6.317423597804300e-06
7.676302533163955e-06
9.324878010229455e-06
1.132407925809157e-05
1.374756406290851e-05
1.668424729748602e-05
2.024117009674839e-05
2.454906348186947e-05
2.976220518083255e-05
3.607060176424879e-05
4.369847391510664e-05
5.291886260918703e-05
6.406134835045888e-05
7.751634175918974e-05
9.376228327983985e-05
1.133601442704503e-04
1.369941629678682e-04
1.654786530375240e-04
1.998055698434032e-04
2.411123775737119e-04
2.908081977115049e-04
3.505830843291857e-04
4.224134774721994e-04
5.086818148271162e-04
6.121864313510598e-04
7.363016051562919e-04
8.850852520089003e-04
1.063218239187681e-03
1.276295722957290e-03
1.531072163157042e-03
1.835401579271895e-03
2.198345437095096e-03
2.631083236573454e-03
3.146683674510237e-03
3.760124028750215e-03
4.488442603646004e-03
5.353261257877615e-03
6.378519371753078e-03
7.592105884269082e-03
9.027042834743813e-03
1.072097496719244e-02
1.271813184954133e-02
1.506731317766201e-02
1.782659033571215e-02
2.106339511342744e-02
2.485095913764105e-02
2.927282300588082e-02
3.442745504402719e-02
4.041854676394444e-02
4.736786010301632e-02
5.540070863395066e-02
6.466623189108543e-02
7.531601789643513e-02
8.752271089794869e-02
1.014449576939772e-01
1.172718848911003e-01
1.352023673891435e-01
1.554006278032051e-01
1.780542033859951e-01
2.033206087543921e-01
2.313352303248685e-01
2.622004268842408e-01
2.959624392296367e-01
3.326013329718781e-01
3.720380844863913e-01
4.140907982296254e-01
4.584876175861585e-01
5.048366097578606e-01
5.526055894652765e-01
6.011752325533181e-01
6.497975076568735e-01
6.976797708528655e-01
7.439452258022766e-01
7.877213939466202e-01
8.281989807217363e-01
8.646665588398045e-01
8.965856531501402e-01
9.236325719788184e-01
9.457525056376783e-01
9.631069713771415e-01
9.761220211845729e-01
9.853919686499742e-01
9.916200678326075e-01
9.955370026512654e-01
9.978201633413770e-01
9.990390390453736e-01
9.996083662772600e-01
9.998547372441257e-01
9.999519712006987e-01
9.999860102040071e-01
9.999964623792889e-01
9.999992339242939e-01
9.999998604079450e-01
9.999999789310838e-01
9.999999974284850e-01
9.999999997495675e-01
9.999999999814698e-01
9.999999999988777e-01
9.999999999999715e-01
9.999999999999946e-01
1.000000000000001e+00
9.999999999999997e-01
1.000000000000000e+00
1.000000000000000e+00
1.000000000000000e+00
1.000000000000000e+00
1.000000000000000e+00
1.000000000000000e+00
1.000000000000000e+00
1.000000000000000e+00
1.000000000000000e+00
1.000000000000000e+00
###8.600000000000001e+00
3.026632300775422e-09
3.838402423535670e-09
4.823279727060692e-09
6.002325546489504e-09
7.450417776131170e-09
9.228332602941137e-09
1.139288259763096e-08
1.403431055465509e-08
1.726109382584630e-08
2.120345981033226e-08
2.601437766032756e-08
3.189038607055049e-08
3.906724273695939e-08
4.783139519322300e-08
5.853596595628894e-08
7.159544072575831e-08
8.753205510081867e-08
1.069784230616087e-07
1.307020369758266e-07
1.596297383335432e-07
1.949809932126363e-07
2.379083715903635e-07
2.903101200978013e-07
3.541936818835000e-07
4.319735912345152e-07
5.267073309239501e-07
6.420849315361047e-07
7.825345211734741e-07
9.534500918502062e-07
1.161405452455387e-06
1.414378819631947e-06
1.721987568688353e-06
2.096051585912359e-06
2.550515475301612e-06
3.102997208858907e-06
3.773605322739178e-06
4.588143950061336e-06
5.576912182201867e-06
6.776995169968439e-06
8.232305301083693e-06
9.997296050828037e-06
1.213696535152878e-05
1.472985506738975e-05
1.787073833214759e-05
2.167380426352790e-05
2.627784221384932e-05
3.184751269541725e-05
3.858485370310588e-05
4.672828364079949e-05
5.656805838887027e-05
6.845439328464041e-05
8.280182306391593e-05
1.001182265838259e-04
1.209986019326452e-04
1.461684596120781e-04
1.764906698149068e-04
2.130161778327060e-04
2.569490081058356e-04
3.097766715936728e-04
3.732895418975146e-04
4.495741280496166e-04
5.411455700736478e-04
6.509557801710346e-04
7.825576469827170e-04
9.402392374553729e-04
1.128914877896292e-03
1.354472449999715e-03
1.624011632804051e-03
1.945779873784800e-03
2.329278500639348e-03
2.786229965347682e-03
3.330321128685029e-03
3.977214864066199e-03
4.744703372454272e-03
5.655367485109246e-03
6.734189709573898e-03
8.010175663048914e-03
9.517701844100595e-03
1.129579512019596e-02
1.339024101022063e-02
1.585200894897485e-02
1.874079939101688e-02
2.212612711402520e-02
2.608354982407625e-02
3.069901845878876e-02
3.607355834972864e-02
4.231326443842599e-02
4.954250535987757e-02
5.788875878544734e-02
6.750355368128515e-02
7.854009591409329e-02
9.117248347275206e-02
1.055591721772484e-01
1.218890007840098e-01
1.403594502540143e-01
1.611306324146010e-01
1.843851435048083e-01
2.102728747463203e-01
2.389192027876905e-01
2.704138715164949e-01
3.047875823213409e-01
3.420020875689542e-01
3.819570659829068e-01
4.244496804465083e-01
4.691835437665713e-01
5.157428481286250e-01
5.635740896097658e-01
6.120400467469371e-01
6.603804192554635e-01
7.077987666260616e-01
7.534241455789553e-01
7.964001315755423e-01
8.359465733271777e-01
8.713911791960923e-01
9.022426667561652e-01
9.282285784500955e-01
9.493416393255181e-01
9.657895899090501e-01
9.780300936274435e-01
9.866749448628496e-01
9.924293750081211e-01
9.960113108027842e-01
9.980753950265315e-01
9.991632321604691e-01
9.996638510200047e-01
9.998772076841286e-01
9.999600744572641e-01
9.999885802461768e-01
9.999971691523736e-01
9.999994000388163e-01
9.999998932204448e-01
9.999999842847903e-01
9.999999981345576e-01
9.999999998233792e-01
9.999999999873975e-01
9.999999999992440e-01
9.999999999999860e-01
9.999999999999954e-01
1.000000000000001e+00
9.999999999999998e-01
1.000000000000000e+00
1.000000000000000e+00
1.000000000000000e+00
1.000000000000000e+00
1.000000000000000e+00
1.000000000000000e+00
1.000000000000000e+00
1.000000000000000e+00
1.000000000000000e+00
1.000000000000000e+00
###8.800000000000001e+00
3.270158255063597e-09
4.144956646654902e-09
5.208592644199973e-09
6.481567234455792e-09
8.044807671513604e-09
9.963812393444606e-09
1.229963986879660e-08
1.514952183551424e-08
1.863029288912739e-08
2.288214325663468e-08
2.806963689700815e-08
3.440425888771821e-08
4.213976766335648e-08
5.158400812950894e-08
6.311692119888567e-08
7.718382996062167e-08
9.434604300892786e-08
1.152832635924753e-07
1.408198476524660e-07
1.719509841791548e-07
2.099840589431752e-07
2.561613540765496e-07
3.125144449936379e-07
3.811983444304549e-07
4.648016586076714e-07
5.666024152276320e-07
6.905553611392305e-07
8.414045383622722e-07
1.024926471290438e-06
1.248160268250508e-06
1.519645379546160e-06
1.849672151884524e-06
2.250884455996687e-06
2.738191179736873e-06
3.330428449834677e-06
4.049074355066152e-06
4.921699754580074e-06
5.980654289449768e-06
7.265523082902087e-06
8.823151677049115e-06
1.071162182971691e-05
1.300022947299659e-05
1.577267360094561e-05
1.912991115866360e-05
2.319366247122353e-05
2.811123937739311e-05
3.405821838692142e-05
4.124932321170149e-05
4.993791879743541e-05
6.043237658347903e-05
7.310461417158696e-05
8.839452347782182e-05
1.068409123734282e-04
1.290745014329433e-04
1.558641096605282e-04
1.881235264221268e-04
2.269655130687020e-04
2.736637319902429e-04
3.297879417351308e-04
3.972332145649240e-04
4.782011727388198e-04
5.753455302410773e-04
6.917783929775241e-04
8.312392235114380e-04
9.982550379184088e-04
1.197983918905771e-03
1.436617813520923e-03
1.721615137306826e-03
2.061631538167562e-03
2.466624324935661e-03
2.948878280163029e-03
3.522719786723482e-03
4.204519887000421e-03
5.012848158169939e-03
5.971274512749460e-03
7.105851135207280e-03
8.446734549392211e-03
1.002968657934160e-02
1.189515203425929e-02
1.409052721086006e-02
1.666892040448976e-02
1.969174976627961e-02
2.323063569974774e-02
2.736347723738316e-02
3.217866714994094e-02
3.777968164082553e-02
4.427512819130849e-02
5.179190651238209e-02
6.045958737948261e-02
7.043200507346255e-02
8.186385042390083e-02
9.493050964076098e-02
1.097900146376492e-01
1.266306524257577e-01
1.456481913886964e-01
1.669982421991769e-01
1.908580309040424e-01
2.173693482777130e-01
2.466470570316758e-01
2.787677766366884e-01
3.137461837292553e-01
3.515254338568199e-01
3.919833206947223e-01
4.348960719832232e-01
4.799429125376211e-01
5.266845962331145e-01
5.745469996513285e-01
6.228760864524994e-01
6.709007971282728e-01
7.178225714693661e-01
7.627781912191591e-01
8.049295172776104e-01
8.435270921779080e-01
8.779384460505928e-01
9.077220121726134e-01
9.326544792485922e-01
9.527761874627234e-01
9.683387989186560e-01
9.798292828298103e-01
9.878743447850989e-01
9.931787019197723e-01
9.964457407129259e-01
9.983063226690814e-01
9.992740407225341e-01
9.997126464262198e-01
9.998966680869186e-01
9.999669752790911e-01
9.999907292235591e-01
9.999977484005891e-01
9.999995332501809e-01
9.999999189157858e-01
9.999999883713324e-01
9.999999986586600e-01
9.999999998765774e-01
9.999999999915298e-01
9.999999999994926e-01
9.999999999999951e-01
9.999999999999961e-01
1.000000000000001e+00
9.999999999999998e-01
1.000000000000000e+00
1.000000000000000e+00
1.000000000000000e+00
1.000000000000000e+00
1.000000000000000e+00
1.000000000000000e+00
1.000000000000000e+00
1.000000000000000e+00
1.000000000000000e+00
1.000000000000000e+00
###9.000000000000000e+00
3.530892139912888e-09
4.473241418241362e-09
5.621224523016034e-09
6.994761054735366e-09
8.681262560655709e-09
1.075127273097950e-08
1.327037404071842e-08
1.634326257141406e-08
2.009569534470517e-08
2.467849636746201e-08
3.026859471629930e-08
3.709341875612092e-08
4.542592434237241e-08
5.559677249712442e-08
6.801448358970927e-08
8.315723087740248e-08
1.016279464829408e-07
1.241564793543898e-07
1.516277211906744e-07
1.851095899487723e-07
2.260031285746022e-07
2.756457483127274e-07
3.362110843906040e-07
4.100109220990298e-07
4.998188090212245e-07
6.091470817786559e-07
7.422316232283601e-07
9.041518505318300e-07
1.101090183102724e-06
1.340579425814977e-06
1.631754218310271e-06
1.985618309213597e-06
2.415688869552431e-06
2.937896142240417e-06
3.572366460161904e-06
4.342027309930413e-06
5.276319234197847e-06
6.409760707180965e-06
7.784580077804664e-06
9.450722391275907e-06
1.147010260749285e-05
1.391655495229805e-05
1.687922150031388e-05
2.046558323332153e-05
2.480529396036115e-05
3.005467056863396e-05
3.640076474233539e-05
4.407166825044944e-05
5.333647397905309e-05
6.452260810309010e-05
7.802480376098393e-05
9.430959375240242e-05
1.139482671669406e-04
1.376090308306948e-04
1.661061293929811e-04
2.004067257915332e-04
2.416883326518079e-04
2.912974469142538e-04
3.508900556427739e-04
4.224704881177513e-04
5.083606894609380e-04
6.113590190063493e-04
7.347446143878764e-04
8.824516979183059e-04
1.059255381014021e-03
1.270568027649283e-03
1.522897342599173e-03
1.824074360481560e-03
2.183178087424511e-03
2.610638296643321e-03
3.119321939210208e-03
3.724216727420615e-03
4.442424848414314e-03
5.293317066746131e-03
6.301482900259415e-03
7.494071295926439e-03
8.902423789430571e-03
1.056371882794385e-02
1.251985490808196e-02
1.481992498833251e-02
1.751904905341285e-02
2.068054627856362e-02
2.437813194262337e-02
2.869208735023850e-02
3.371315045539108e-02
3.954734915307488e-02
4.630575204695191e-02
5.411775204906035e-02
6.311493525021430e-02
7.345334921207192e-02
8.528902768943811e-02
9.879846933732866e-02
1.141390379401422e-01
1.314981929981164e-01
1.510696594436131e-01
1.730041446186542e-01
1.974730648845295e-01
2.246096256710218e-01
2.545176677134220e-01
2.872601780970301e-01
3.228353358432108e-01
3.611676207972722e-01
4.021117943715977e-01
4.454238019636527e-01
4.907584700513745e-01
5.376536062091951e-01
5.855152469748722e-01
6.336737029831538e-01
6.813487207312657e-01
7.277413736478368e-01
7.719980829291210e-01
8.133011803627402e-01
8.509334512301723e-01
8.843036381571560e-01
9.130199341946398e-01
9.369083135394973e-01
9.560557488995244e-01
9.707554857445155e-01
9.815213625935096e-01
9.889923745605629e-01
9.938702891670795e-01
9.968422530638592e-01
9.985144565922576e-01
9.993724880758585e-01
9.997553586903866e-01
9.999134352562301e-01
9.999728189891047e-01
9.999925149520121e-01
9.999982199181717e-01
9.999996392844981e-01
9.999999388739714e-01
9.999999914631189e-01
9.999999990439641e-01
9.999999999145235e-01
9.999999999943766e-01
9.999999999996596e-01
1.000000000000001e+00
9.999999999999967e-01
1.000000000000001e+00
9.999999999999998e-01
1.000000000000000e+00
1.000000000000000e+00
1.000000000000000e+00
1.000000000000000e+00
1.000000000000000e+00
1.000000000000000e+00
1.000000000000000e+00
1.000000000000000e+00
1.000000000000000e+00
1.000000000000000e+00
###9.199999999999999e+00
3.809909998361718e-09
4.824615268379473e-09
6.062883741257323e-09
7.544028399930115e-09
9.362407566239807e-09
1.159395267248389e-08
1.430906412380491e-08
1.762040570425653e-08
2.166325593733059e-08
2.659978273069992e-08
3.262009534237285e-08
3.996862028546734e-08
4.893877718059485e-08
5.988554304483928e-08
7.324788031552702e-08
8.953893848993122e-08
1.094059689710969e-07
1.336321948151394e-07
1.631669211401002e-07
1.991554206731033e-07
2.430984456917520e-07
2.964345077491336e-07
3.614876824366678e-07
4.407371944339532e-07
5.371525278615037e-07
6.544949003616803e-07
7.972986259530861e-07
9.709989874618997e-07
1.182208883875863e-06
1.438984697934658e-06
1.751091966951137e-06
2.130290358646580e-06
2.591022163827200e-06
3.150298930334229e-06
3.829612885470143e-06
4.653424666254559e-06
5.653152588298526e-06
6.865607974352906e-06
8.335812569285987e-06
1.011698530951104e-05
1.227508891558983e-05
1.488874802157757e-05
1.805284547091667e-05
2.188174387716896e-05
2.651345028007264e-05
3.211379012402255e-05
3.888187564087164e-05
4.705987820214559e-05
5.693343351270545e-05
6.885000198835193e-05
8.322829187473027e-05
1.005628139331694e-04
1.214589538713660e-04
1.466242386420370e-04
1.769205390685000e-04
2.133709403858800e-04
2.572207540065447e-04
3.098926290436399e-04
3.731328910136399e-04
4.490598651683180e-04
5.401211992574677e-04
6.492661743635952e-04
7.799480225981407e-04
9.363041412085995e-04
1.123367232214377e-03
1.346814701547118e-03
1.613482058019468e-03
1.931587207429772e-03
2.310648058969934e-03
2.761583698826372e-03
3.297863542192224e-03
3.935158882954275e-03
4.691326424815018e-03
5.586562245337321e-03
6.646506466091376e-03
7.899452896763151e-03
9.377900080885238e-03
1.112053661786273e-02
1.317072936835269e-02
1.557926255057171e-02
1.840341333414026e-02
2.170831138900360e-02
2.556984113692487e-02
3.007067407466080e-02
3.530389657797089e-02
4.137809503689879e-02
4.840675600032415e-02
5.652173046918268e-02
6.585653541520202e-02
7.656933143677294e-02
8.881734379427127e-02
1.027779973263059e-01
1.186077320538775e-01
1.364928922594192e-01
1.566248163638875e-01
1.791488947572909e-01
2.042302848784845e-01
2.319931149090741e-01
2.625296929355090e-01
2.958888690432121e-01
3.320518635091000e-01
3.709240224942444e-01
4.123371466598312e-01
4.560264282563463e-01
5.016227193057917e-01
5.486414365583815e-01
5.964696361527801e-01
6.444232143735721e-01
6.917143528352586e-01
7.375455674066185e-01
7.810748858563566e-01
8.215072316387959e-01
8.581591680250213e-01
8.904819094904993e-01
9.181334203592449e-01
9.409888452232473e-01
9.591806021553605e-01
9.730411197292569e-01
9.831085609864120e-01
9.900315600907419e-01
9.945065687844934e-01
9.972028988255537e-01
9.987013291027635e-01
9.994595846396251e-01
9.997925728229756e-01
9.999278083866768e-01
9.999777398684896e-01
9.999939897531049e-01
9.999986011657365e-01
9.999997230676922e-01
9.999999542533201e-01
9.999999937819699e-01
9.999999993245081e-01
9.999999999413185e-01
9.999999999963151e-01
9.999999999997710e-01
1.000000000000004e+00
9.999999999999971e-01
1.000000000000001e+00
9.999999999999998e-01
1.000000000000000e+00
1.000000000000000e+00
1.000000000000000e+00
1.000000000000000e+00
1.000000000000000e+00
1.000000000000000e+00
1.000000000000000e+00
1.000000000000000e+00
1.000000000000000e+00
1.000000000000000e+00
###9.399999999999999e+00
4.108347055721160e-09
5.200511526710722e-09
6.535372752984502e-09
8.131607368648543e-09
1.009101203152027e-08
1.249526894811001e-08
1.541990666537827e-08
1.898609018638002e-08
2.333925344899979e-08
2.865366014379991e-08
3.513346141868824e-08
4.304119780590330e-08
5.269209223109700e-08
6.446702272465743e-08
7.883736308764587e-08
9.635348413389833e-08
1.177098043498879e-07
1.437463299037165e-07
1.754808727099222e-07
2.141409421136514e-07
2.613333810226535e-07
3.186050964376205e-07
3.884365188235514e-07
4.734883456685029e-07
5.769367773871524e-07
7.028071980040143e-07
8.559505640860498e-07
1.042179589891990e-06
1.268563516280298e-06
1.543713731120868e-06
1.878064216118162e-06
2.284175250192668e-06
2.777468653320655e-06
3.376100259371021e-06
4.103007644212998e-06
4.984272459197491e-06
6.053404205188269e-06
7.349636972027811e-06
8.920943678374348e-06
1.082399923547553e-05
1.312903875110038e-05
1.591974122251750e-05
1.929704268774092e-05
2.338255993435646e-05
2.832309295120530e-05
3.429450006328278e-05
4.150856677319115e-05
5.022228617105428e-05
6.073868561220367e-05
7.342628119379340e-05
8.872896435732805e-05
1.071706152698577e-04
1.293923970681200e-04
1.561430629621332e-04
1.883343964376331e-04
2.270480505768938e-04
2.736002987796184e-04
3.294933835441950e-04
3.965682127301467e-04
4.770620298925149e-04
5.735537397988951e-04
6.891500311087605e-04
8.274855220506938e-04
9.929094357469510e-04
1.190721910314348e-03
1.426876398032288e-03
1.708548613693822e-03
2.044357960044175e-03
2.444277182604006e-03
2.919731894915499e-03
3.484814728015744e-03
4.155903250442526e-03
4.951632443750759e-03
5.893048123155741e-03
7.006872509910811e-03
8.322574948430816e-03
9.873835856773382e-03
1.170089462636296e-02
1.384861850340290e-02
1.636952101505752e-02
1.932304997981713e-02
2.277618552649940e-02
2.680699767923964e-02
3.150058729302231e-02
3.695235674381023e-02
4.327346340970987e-02
5.057976516837184e-02
5.900552894428123e-02
6.868611119125663e-02
7.978167685713641e-02
9.245048165540644e-02
1.068706796572602e-01
1.231975199641919e-01
1.416159319619570e-01
1.623145124604333e-01
1.854329102630144e-01
2.111295654852891e-01
2.395190311868763e-01
2.706815708577263e-01
3.046513982206593e-01
3.413923263132704e-01
3.807901479758489e-01
4.226537613155692e-01
4.666972494012633e-01
5.125279366898415e-01
5.596394731819399e-01
6.074008745359463e-01
6.551149378441431e-01
7.019879710999830e-01
7.472257943590257e-01
7.900000337226711e-01
8.295402844802331e-01
8.651983693006355e-01
8.964691059244876e-01
9.230601733990627e-01
9.448955315146540e-01
9.621516606245142e-01
9.751977007214846e-01
9.845935071304460e-01
9.909946960144852e-01
9.950901212644880e-01
9.975297867211327e-01
9.988684734473615e-01
9.995363159444521e-01
9.998248469919616e-01
9.999400669491207e-01
9.999818606420943e-01
9.999952003650685e-01
9.999989073733420e-01
9.999997887884364e-01
9.999999660106365e-01
9.999999955061828e-01
9.999999995268861e-01
9.999999999600526e-01
9.999999999976192e-01
9.999999999998447e-01
1.000000000000005e+00
9.999999999999974e-01
1.000000000000001e+00
9.999999999999998e-01
1.000000000000000e+00
1.000000000000000e+00
1.000000000000000e+00
1.000000000000000e+00
1.000000000000000e+00
1.000000000000000e+00
1.000000000000000e+00
1.000000000000000e+00
1.000000000000000e+00
1.000000000000000e+00
###9.599999999999998e+00
4.427400535405930e-09
5.602441896644443e-09
7.040592593864626e-09
8.759858338843179e-09
1.086999639571049e-08
1.345882447533690e-08
1.660732637894103e-08
2.044573355713515e-08
2.513030618199149e-08
3.084819910743299e-08
3.781851635194068e-08
4.632309230649333e-08
5.670036963400557e-08
6.935880177222445e-08
8.480425498467664e-08
1.036266914623540e-07
1.265707039667443e-07
1.545366800752062e-07
1.886152577758867e-07
2.301213333673914e-07
2.807745660879850e-07
3.422366668721859e-07
4.171545264295537e-07
5.083811954311729e-07
6.193122738502519e-07
7.542533916171328e-07
9.183913158790793e-07
1.117938882788267e-06
1.360448866236029e-06
1.655120714350304e-06
2.013096305478388e-06
2.447783474146367e-06
2.975640743008726e-06
3.616034307071068e-06
4.393430497720707e-06
5.335624109333215e-06
6.478334739705625e-06
7.863355522495750e-06
9.541775473033189e-06
1.157389822206210e-05
1.403452153323542e-05
1.701259938481105e-05
2.061546643227864e-05
2.497238282309491e-05
3.023940119759475e-05
3.660295910967013e-05
4.428815608372622e-05
5.356757157210312e-05
6.476253615552461e-05
7.826365920916522e-05
9.454128204651296e-05
1.141501020995412e-04
1.377688082003477e-04
1.661893603827652e-04
2.003758295370096e-04
2.414711824732776e-04
2.908659359276023e-04
3.501454937132942e-04
4.212497281959117e-04
5.065399100090364e-04
6.087319353533558e-04
7.310965990752781e-04
8.774574304096390e-04
1.052384371219483e-03
1.261455192829112e-03
1.510910649190982e-03
1.808279420224384e-03
2.162597408602334e-03
2.584308518341322e-03
3.085362469669570e-03
3.680496314311851e-03
4.386817022928348e-03
5.223761987493771e-03
6.213251473324021e-03
7.383121651020510e-03
8.764044444280862e-03
1.039091896159544e-02
1.230556413545882e-02
1.455438301622990e-02
1.719165535871448e-02
2.027901428872902e-02
2.388532721031329e-02
2.809087675605870e-02
3.298319246524232e-02
3.865999500761044e-02
4.523500744631420e-02
5.282640844354700e-02
6.157083150929977e-02
7.160537390845040e-02
8.309208755149786e-02
9.619008770105866e-02
1.110780498152048e-01
1.279097533367320e-01
1.468684011209511e-01
1.681394814243011e-01
1.918564662658723e-01
2.181706116365148e-01
2.471863927591737e-01
2.789715168414328e-01
3.135450691412802e-01
3.508530223603457e-01
3.907612351368910e-01
4.330557587550227e-01
4.774293184988492e-01
5.234661903310819e-01
5.706389520431929e-01
6.182995992219497e-01
6.657392202342233e-01
7.121600002647429e-01
7.567729711675516e-01
7.987653727601179e-01
8.373934760873867e-01
8.720458068532344e-01
9.022617619925504e-01
9.277985952790166e-01
9.486284938554638e-01
9.649704303151675e-01
9.772277095158446e-01
9.859791800746814e-01
9.918847978219204e-01
9.956236360279813e-01
9.978250541438419e-01
9.990174050230289e-01
9.996036329484568e-01
9.998527083108860e-01
9.999504693655104e-01
9.999852923426265e-01
9.999961881116416e-01
9.999991516854017e-01
9.999998399694298e-01
9.999999749282135e-01
9.999999967773623e-01
9.999999996715174e-01
9.999999999730252e-01
9.999999999984862e-01
9.999999999998934e-01
1.000000000000006e+00
9.999999999999978e-01
1.000000000000001e+00
9.999999999999999e-01
1.000000000000000e+00
1.000000000000000e+00
1.000000000000000e+00
1.000000000000000e+00
1.000000000000000e+00
1.000000000000000e+00
1.000000000000000e+00
1.000000000000000e+00
1.000000000000000e+00
1.000000000000000e+00
###9.799999999999997e+00
4.768332714906008e-09
6.032000230028684e-09
7.580547616067146e-09
9.431270846670058e-09
1.170243944410289e-08
1.448841691590394e-08
1.787598695505016e-08
2.200504521723092e-08
2.704338799427235e-08
3.319190236340459e-08
4.068560793175590e-08
4.982687995060852e-08
6.097887797293257e-08
7.457940069897092e-08
9.117100016079405e-08
1.113857361305543e-07
1.360215481578001e-07
1.660430020258239e-07
2.026181174792315e-07
2.471546085636406e-07
3.014920413642850e-07
3.674136859786957e-07
4.477435286224365e-07
5.455384472826673e-07
6.644267840327600e-07
8.090113409968368e-07
9.848348624506663e-07
1.198534174427081e-06
1.458174162191570e-06
1.773577082162618e-06
2.156634157038919e-06
2.621650074991617e-06
3.186180093727108e-06
3.870870296641262e-06
4.701802678148293e-06
5.708582346809077e-06
6.929263464894230e-06
8.408340992749006e-06
1.020019261217406e-05
1.236894725561827e-05
1.499422246490919e-05
1.817052450855954e-05
2.201193203912867e-05
2.665575570337381e-05
3.226778003062062e-05
3.904559208232946e-05
4.722827472238201e-05
5.710475732818301e-05
6.901572349028763e-05
8.337485722561855e-05
1.006803008531228e-04
1.215190749809206e-04
1.466092123077529e-04
1.767879368193101e-04
2.130740725260620e-04
2.566747486038904e-04
3.090581282852142e-04
3.718964741700839e-04
4.472331478806147e-04
5.375587464160493e-04
6.457320746348709e-04
7.751949510342330e-04
9.299675774934682e-04
1.114849755460224e-03
1.335707439986553e-03
1.599080199852706e-03
1.912862798320782e-03
2.286523021769164e-03
2.730992644377566e-03
3.258763436038678e-03
3.885238525309251e-03
4.628277842152769e-03
5.508145685006989e-03
6.547661752896916e-03
7.775808350248509e-03
9.224487558690764e-03
1.092985337828139e-02
1.293533363216717e-02
1.528890241472459e-02
1.804683093875671e-02
2.127238156844367e-02
2.503691349273510e-02
2.942275810760648e-02
3.451987042006830e-02
4.042828773466723e-02
4.726428848710321e-02
5.514833949588097e-02
6.421931733572621e-02
7.461602070242440e-02
8.650223985033315e-02
1.000377686184239e-01
1.154015849530664e-01
1.327457082460858e-01
1.522512913485796e-01
1.741003353457906e-01
1.984196903910429e-01
2.253529538215795e-01
2.549940168129223e-01
2.873975204271698e-01
3.225669387830614e-01
3.604299893075545e-01
4.008322551697979e-01
4.435370037628922e-01
4.882154555850368e-01
5.344293573255635e-01
5.816309811933980e-01
6.291564034364411e-01
6.762864676790037e-01
7.222210432171855e-01
7.661783196440354e-01
8.073631735965423e-01
8.450604861038920e-01
8.786968590175699e-01
9.078570945549767e-01
9.323477682121328e-01
9.521884863156413e-01
9.676389665030464e-01
9.791340584843815e-01
9.872688589274581e-01
9.927050559249276e-01
9.961098749945613e-01
9.980908412792239e-01
9.991496059291577e-01
9.996624443704283e-01
9.998766498998354e-01
9.999592523645567e-01
9.999881344745236e-01
9.999969891823991e-01
9.999993453321894e-01
9.999998795422859e-01
9.999999816391375e-01
9.999999977066747e-01
9.999999997739257e-01
9.999999999819242e-01
9.999999999990552e-01
9.999999999999256e-01
1.000000000000006e+00
9.999999999999981e-01
1.000000000000000e+00
9.999999999999999e-01
1.000000000000000e+00
1.000000000000000e+00
1.000000000000000e+00
1.000000000000000e+00
1.000000000000000e+00
1.000000000000000e+00
1.000000000000000e+00
1.000000000000000e+00
1.000000000000000e+00
1.000000000000000e+00
###9.999999999999996e+00
5.132474021399401e-09
6.490866495551067e-09
8.157350495391217e-09
1.014847187894843e-08
1.259158719840960e-08
1.558804847589233e-08
1.923080254195806e-08
2.367004040810143e-08
2.908584524480089e-08
3.569372547044812e-08
4.374563321116684e-08
5.356580223719710e-08
6.554369053492000e-08
8.014831735249101e-08
9.796121631089572e-08
1.196592087536211e-07
1.460969218227608e-07
1.783071041831722e-07
2.175399610124676e-07
2.653017484859644e-07
3.235594106961469e-07
3.942248970348995e-07
4.803104777709729e-07
5.850889531395332e-07
7.124354392524549e-07
8.672677216545429e-07
1.055505734006678e-06
1.284235382537821e-06
1.562063697363802e-06
1.899472255863654e-06
2.309145153616505e-06
2.806335689444604e-06
3.409758863967959e-06
4.141414356741886e-06
5.029082139811457e-06
6.104301256420151e-06
7.407570589736637e-06
8.986243155906427e-06
1.089816578340751e-05
1.321150212683020e-05
1.601094735445324e-05
1.939686110904221e-05
2.349042322481124e-05
2.843741945668694e-05
3.441386885023963e-05
4.162909994947057e-05
5.033687882583455e-05
6.084332467816096e-05
7.350943473176814e-05
8.877312224229100e-05
1.071616922318141e-04
1.292960546064649e-04
1.559354754642683e-04
1.879645789561328e-04
2.264595015182621e-04
2.726944889761950e-04
3.282188802996912e-04
3.947956239574695e-04
4.745762453995265e-04
5.701861596947304e-04
6.846331870194506e-04
8.215373080340544e-04
9.851234004274231e-04
1.180430519907266e-03
1.413623711148214e-03
1.691553135161374e-03
2.022493117585806e-03
2.416359096289534e-03
2.884587817123963e-03
3.440231405365606e-03
4.099381169201612e-03
4.880673980847156e-03
5.805225894169558e-03
6.896781277864727e-03
8.185501075583487e-03
9.704545573361686e-03
1.149135930457776e-02
1.359100881032580e-02
1.605307458677693e-02
1.893587640517702e-02
2.230424629019750e-02
2.623213948808963e-02
3.080393829238611e-02
3.611201671469209e-02
4.225872298156774e-02
4.936287612706321e-02
5.754727351800894e-02
6.695263428599887e-02
7.771973298658498e-02
9.001378218280481e-02
1.039950885018709e-01
1.198427024616946e-01
1.377065812344709e-01
1.577654925025315e-01
1.801975601341181e-01
2.051225581448320e-01
2.326759437840753e-01
2.629405158792230e-01
2.959573430251176e-01
3.317138170671229e-01
3.701190063212063e-01
4.109979179891892e-01
4.540911143310949e-01
4.990482611444885e-01
5.454091420673386e-01
5.926065254653158e-01
6.399618635324280e-01
6.867471754949607e-01
7.321619117496704e-01
7.754333956901286e-01
8.157861589151530e-01
8.525355525940906e-01
8.851475382082061e-01
9.132529937032592e-01
9.367074329026048e-01
9.555768618330626e-01
9.701598296051858e-01
9.809200426980225e-01
9.884660747303733e-01
9.934587939446607e-01
9.965516393646173e-01
9.983292683706303e-01
9.992665117848257e-01
9.997136108187039e-01
9.998971290617484e-01
9.999666309057222e-01
9.999904754162763e-01
9.999976349614034e-01
9.999994978167910e-01
9.999999099223055e-01
9.999999866503074e-01
9.999999983803984e-01
9.999999998457735e-01
9.999999999879731e-01
9.999999999994238e-01
9.999999999999469e-01
1.000000000000006e+00
9.999999999999983e-01
1.000000000000000e+00
9.999999999999999e-01
1.000000000000000e+00
1.000000000000000e+00
1.000000000000000e+00
1.000000000000000e+00
1.000000000000000e+00
1.000000000000000e+00
1.000000000000000e+00
1.000000000000000e+00
1.000000000000000e+00
1.000000000000000e+00
###1.020000000000000e+01
5.521226036848677e-09
6.980810793443170e-09
8.773227272937562e-09
1.091422011696931e-08
1.354086320846325e-08
1.676193525681049e-08
2.067694933281371e-08
2.544705432104471e-08
3.126541394122951e-08
3.836309752497587e-08
4.701006352496992e-08
5.755379642801589e-08
7.041172144083176e-08
8.608605018517708e-08
1.051997469395825e-07
1.284771776455795e-07
1.568331896266419e-07
1.913729367843549e-07
2.334338729779793e-07
2.846268281929014e-07
3.470539932762830e-07
4.227635015892081e-07
5.149676717105238e-07
6.271679704925083e-07
7.635010406577534e-07
9.292183867108551e-07
1.130639434476649e-06
1.375325540597536e-06
1.672457426822141e-06
2.033214345599442e-06
2.471118959815884e-06
3.002427498364108e-06
3.647080806758160e-06
4.428508269866201e-06
5.376252329794167e-06
6.523987856605922e-06
7.914699597747229e-06
9.598786751379955e-06
1.163775461092914e-05
1.410402037722274e-05
1.708762667758579e-05
2.069510112700616e-05
2.505509793100702e-05
3.032232115126908e-05
3.668354944620998e-05
4.436046913785775e-05
5.362226032139635e-05
6.479310681638122e-05
7.825532002881699e-05
9.447224368594550e-05
1.140017625878468e-04
1.375003036425630e-04
1.657703297122013e-04
1.997460825707478e-04
2.405636666530164e-04
2.895675072301955e-04
3.483917758353511e-04
4.188940718238554e-04
5.033389077127639e-04
6.044922063608998e-04
7.255171029146234e-04
8.702191046923859e-04
1.043036013453625e-03
1.249255792994458e-03
1.495353840602629e-03
1.788502956459364e-03
2.137370869201185e-03
2.552336821748654e-03
3.045360022224109e-03
3.630071617027731e-03
4.323273638184437e-03
5.144404295283793e-03
6.115456578930994e-03
7.261124992976018e-03
8.612781925536663e-03
1.020487428139441e-02
1.207617216169473e-02
1.427341102511724e-02
1.684781197241076e-02
1.985976238015862e-02
2.337571623651010e-02
2.747221479930297e-02
3.223572707983402e-02
3.776103792974485e-02
4.415279626214952e-02
5.153234221838078e-02
6.002479932477193e-02
6.977234404706868e-02
8.091816781853745e-02
9.362832770465887e-02
1.080635614764239e-01
1.244027524979470e-01
1.427934816907173e-01
1.634117849075347e-01
1.864315078113378e-01
2.119648853861385e-01
2.401387476706247e-01
2.710242918343810e-01
3.046485133853487e-01
3.409822644457205e-01
3.799155943241823e-01
4.212526761156890e-01
4.647114690060322e-01
5.099201279135177e-01
5.563970908728614e-01
6.035563770884199e-01
6.507065600742697e-01
6.971119547804275e-01
7.419736540117498e-01
7.845301151332443e-01
8.240275256158888e-01
8.598134845301347e-01
8.913944922177517e-01
9.184480103714482e-01
9.408779637787625e-01
9.587955362711768e-01
9.725360403259670e-01
9.825892916773523e-01
9.895745642222258e-01
9.941494286198524e-01
9.969517395953058e-01
9.985424160364104e-01
9.993695012851038e-01
9.997579406544005e-01
9.999145664207755e-01
9.999727985658056e-01
9.999923929968593e-01
9.999981524604381e-01
9.999996171066002e-01
9.999999330801147e-01
9.999999903634160e-01
9.999999988647995e-01
9.999999998957214e-01
9.999999999920481e-01
9.999999999996592e-01
9.999999999999613e-01
1.000000000000005e+00
9.999999999999986e-01
1.000000000000000e+00
9.999999999999999e-01
1.000000000000000e+00
1.000000000000000e+00
1.000000000000000e+00
1.000000000000000e+00
1.000000000000000e+00
1.000000000000000e+00
1.000000000000000e+00
1.000000000000000e+00
1.000000000000000e+00
1.000000000000000e+00
###1.040000000000000e+01
5.936065173579631e-09
7.503697696392242e-09
9.430522808347920e-09
1.173142644095160e-08
1.455386201871467e-08
1.801451749490951e-08
2.221987811801144e-08
2.734275739035914e-08
3.359023832376700e-08
4.120994371053211e-08
5.049097176960748e-08
6.180552694697146e-08
7.560076535401595e-08
9.241416957208793e-08
1.129127190127152e-07
1.378712581201165e-07
1.682685791628278e-07
2.052866920166817e-07
2.503556340693394e-07
3.051971652518996e-07
3.720587670000200e-07
4.531273705302172e-07
5.518329994229686e-07
6.719174540890164e-07
8.177944057684417e-07
9.950687793237976e-07
1.210482933889578e-06
1.472101382778584e-06
1.789711664782022e-06
2.175230982798105e-06
2.643068527630654e-06
3.210540429285200e-06
3.898882721726375e-06
4.733034218555898e-06
5.744400837966200e-06
6.968904828940354e-06
8.452159845441274e-06
1.024777468671726e-05
1.242111131920554e-05
1.504906917356924e-05
1.822732076647869e-05
2.206888985368927e-05
2.671029541548742e-05
3.231562127290253e-05
3.908295507171426e-05
4.724698206673141e-05
5.709305937681763e-05
6.896434558169728e-05
8.326550884135156e-05
1.004865725161797e-04
1.212174752993150e-04
1.461518522446256e-04
1.761374024648837e-04
2.121602863859075e-04
2.554193309706377e-04
3.073323151815961e-04
3.696220314918629e-04
4.442448343570746e-04
5.335832012766634e-04
6.405494538451474e-04
7.684685388708566e-04
9.213390853298420e-04
1.103820316204737e-03
1.321459021669429e-03
1.581052573749182e-03
1.890108733459131e-03
2.257702835753743e-03
2.694694469891350e-03
3.213583184919601e-03
3.828598170769468e-03
4.557275163466711e-03
5.419878507624253e-03
6.439303629012309e-03
7.641220838915629e-03
9.058247053519951e-03
1.072614451906553e-02
1.268504332026963e-02
1.498337829316947e-02
1.767404414741669e-02
2.081951594642660e-02
2.448791614821681e-02
2.875836505560373e-02
3.371944864495337e-02
3.946835243640492e-02
4.611201116428384e-02
5.377426138167161e-02
6.258247547393947e-02
7.268022838323719e-02
8.421296066764267e-02
9.734745396526677e-02
1.122446505828352e-01
1.290830159850046e-01
1.480074292499025e-01
1.691908363373089e-01
1.928023932479484e-01
2.189463251877127e-01
2.477403432060414e-01
2.792435341172158e-01
3.134683272551605e-01
3.503685937024412e-01
3.898150205401593e-01
4.315907329601926e-01
4.753912193735552e-01
5.208232586296467e-01
5.673846181063962e-01
6.144715994219605e-01
6.613811155482994e-01
7.073715664176886e-01
7.516475874381057e-01
7.934607824778546e-01
8.320809671194652e-01
8.668896741910197e-01
8.974350044827020e-01
9.234413425709166e-01
9.448603427570706e-01
9.618469514735090e-01
9.747710349580568e-01
9.841457224563820e-01
9.905982259361518e-01
9.947804331565223e-01
9.973129686253381e-01
9.987323085477987e-01
9.994598877728288e-01
9.997961873227614e-01
9.999293458762140e-01
9.999779282911784e-01
9.999939551965790e-01
9.999985646753540e-01
9.999997098217779e-01
9.999999506084489e-01
9.999999930936265e-01
9.999999992102423e-01
9.999999999301293e-01
9.999999999947705e-01
9.999999999998069e-01
9.999999999999709e-01
1.000000000000005e+00
9.999999999999988e-01
1.000000000000000e+00
9.999999999999999e-01
1.000000000000000e+00
1.000000000000000e+00
1.000000000000000e+00
1.000000000000000e+00
1.000000000000000e+00
1.000000000000000e+00
1.000000000000000e+00
1.000000000000000e+00
1.000000000000000e+00
1.000000000000000e+00
###1.059999999999999e+01
6.378546109399124e-09
8.061490705752918e-09
1.013170639140572e-08
1.260315604236592e-08
1.563437479094177e-08
1.935047009396906e-08
2.386532715231613e-08
2.936417096176978e-08
3.606888983506524e-08
4.424470833205627e-08
5.420106023382772e-08
6.633642058033101e-08
8.112953812107027e-08
9.915535815258280e-08
1.211276013309804e-07
1.478746826013814e-07
1.804432650479078e-07
2.200969044116056e-07
2.683638412432077e-07
3.270834627447490e-07
3.986576520085581e-07
4.854192480429095e-07
5.910301845174688e-07
7.194863466965188e-07
8.754947151405866e-07
1.065034345537188e-06
1.295295165589825e-06
1.574876828322292e-06
1.914199775598211e-06
2.325970135946456e-06
2.825531047934346e-06
3.431318292469979e-06
4.165935798692194e-06
5.055915370947621e-06
6.134632062894099e-06
7.440372696715771e-06
9.021529169107303e-06
1.093509105557492e-05
1.325048428490163e-05
1.604932947001257e-05
1.943322434743291e-05
2.352203148655218e-05
2.846054184217798e-05
3.442270147993531e-05
4.161847947290839e-05
5.029622751010830e-05
6.075827622263237e-05
7.336770563124836e-05
8.855262632646467e-05
1.068310402076148e-04
1.288264724015517e-04
1.552715230132055e-04
1.870612451378440e-04
2.252361048171809e-04
2.710605077792524e-04
3.260288753414710e-04
3.919565444286300e-04
4.709028705217412e-04
5.653734334505617e-04
6.784330492932590e-04
8.135751745042414e-04
9.749993894611238e-04
1.167595088206475e-03
1.397178075102387e-03
1.670879679029398e-03
1.996555226599063e-03
2.383702222271741e-03
2.843677533311116e-03
3.389539314766777e-03
4.036134174964814e-03
4.801754963593353e-03
5.707517349767940e-03
6.777244993290250e-03
8.037609867518499e-03
9.522506754430471e-03
1.126904221469164e-02
1.331874009402933e-02
1.572176521407094e-02
1.853271768327389e-02
2.181618034264468e-02
2.564198731945254e-02
3.009183125336511e-02
3.525644065252613e-02
4.123538915643133e-02
4.813787770606515e-02
5.609020867639735e-02
6.522190768294407e-02
7.567791944203051e-02
8.760572155689177e-02
1.011726989207600e-01
1.165397633821215e-01
1.338846998590365e-01
1.533493487155519e-01
1.751031967599772e-01
1.993102889011792e-01
2.260663628494203e-01
2.554795153835290e-01
2.875962164889738e-01
3.224138457944882e-01
3.598688706391701e-01
3.998123021792659e-01
4.420060503002861e-01
4.861233012041086e-01
5.317496817359485e-01
5.783630257500043e-01
6.253430167929179e-01
6.719762204076724e-01
7.175169497612884e-01
7.611753266558233e-01
8.022181153272735e-01
8.399406912914308e-01
8.737601052822161e-01
9.032669902244309e-01
9.282328180950785e-01
9.486561301200720e-01
9.647340365425393e-01
9.768686203762932e-01
9.855934937272833e-01
9.915410785478914e-01
9.953553035661948e-01
9.976380782324578e-01
9.989008998858115e-01
9.995389130262012e-01
9.998290479320429e-01
9.999418152268414e-01
9.999821734268263e-01
9.999952209263802e-01
9.999988910753254e-01
9.999997814155219e-01
9.999999637828645e-01
9.999999950858098e-01
9.999999994546009e-01
9.999999999536164e-01
9.999999999965749e-01
9.999999999998981e-01
9.999999999999776e-01
1.000000000000004e+00
9.999999999999989e-01
1.000000000000000e+00
9.999999999999999e-01
1.000000000000000e+00
1.000000000000000e+00
1.000000000000000e+00
1.000000000000000e+00
1.000000000000000e+00
1.000000000000000e+00
1.000000000000000e+00
1.000000000000000e+00
1.000000000000000e+00
1.000000000000000e+00
###1.079999999999999e+01
6.850305364864420e-09
8.656256780528867e-09
1.087937724389649e-08
1.353263548384517e-08
1.678639200160638e-08
2.077471331267582e-08
2.561933519807605e-08
3.151868315268729e-08
3.871041792757205e-08
4.747837806448986e-08
5.815368863819330e-08
7.116269981427104e-08
8.701771719575397e-08
1.063334609236898e-07
1.298732626796961e-07
1.585223699113507e-07
1.933994514808396e-07
2.358545490432194e-07
2.875200228127243e-07
3.503599369258333e-07
4.269398037712025e-07
5.197469337672054e-07
6.326890201374239e-07
7.700308617206019e-07
9.367898511456835e-07
1.139340937225594e-06
1.385347493234006e-06
1.683970577779633e-06
2.046312854462288e-06
2.485900912838661e-06
3.019068905927939e-06
3.665434904138200e-06
4.449046935753053e-06
5.398117354095339e-06
6.548100862203511e-06
7.939771880197176e-06
9.624456464268313e-06
1.166270417833238e-05
1.412822156133391e-05
1.710760023758616e-05
2.070867170750585e-05
2.505849496978800e-05
3.031055797377853e-05
3.664917254735953e-05
4.429678614651300e-05
5.351611110827308e-05
6.462728369446953e-05
7.801428882238299e-05
9.412980990669200e-05
1.135211779257478e-04
1.368470969274225e-04
1.648809566822500e-04
1.985673626135421e-04
2.390035617365173e-04
2.875224991289541e-04
3.456986446947842e-04
4.154439418326505e-04
4.989251378162635e-04
5.987762157286497e-04
7.182207905131962e-04
8.609277317455834e-04
1.031305639860301e-03
1.234483086230876e-03
1.476555351543969e-03
1.765000068040995e-03
2.108033013193658e-03
2.515588791439571e-03
2.999538868811912e-03
3.573518655719541e-03
4.253011901294020e-03
5.057092400716985e-03
6.007752717185933e-03
7.129770825635177e-03
8.450846372196556e-03
1.000618556933689e-02
1.183426844889093e-02
1.397804574577957e-02
1.648944290754349e-02
1.942479599029458e-02
2.285081588969700e-02
2.683908718220710e-02
3.147386917957781e-02
3.684805347558835e-02
4.306358657498145e-02
5.023191109564420e-02
5.848175859051156e-02
6.794470882686773e-02
7.876703190462936e-02
9.109803127010054e-02
1.051055574047712e-01
1.209502479178569e-01
1.388089326886933e-01
1.588200653593014e-01
1.811492934697002e-01
2.059551199929354e-01
2.333243114144625e-01
2.633548527009376e-01
2.960800944634813e-01
3.314818947669357e-01
3.694789156213844e-01
4.099022109644402e-01
4.524923564891224e-01
4.969004465438824e-01
5.426912677984832e-01
5.893235230351720e-01
6.361614463418240e-01
6.824826579182797e-01
7.275392502157348e-01
7.705488098325304e-01
8.107952667404700e-01
8.476014357146948e-01
8.804213580915358e-01
9.088889895177775e-01
9.328228745157469e-01
9.522674332235604e-01
9.674601679670985e-01
9.788329292571698e-01
9.869369614908893e-01
9.924072217340297e-01
9.958775280919021e-01
9.979297584820123e-01
9.990500624324602e-01
9.996077429162402e-01
9.998571629396300e-01
9.999522873375291e-01
9.999856689442964e-01
9.999962408488623e-01
9.999991479915492e-01
9.999998363420213e-01
9.999999736157699e-01
9.999999965284260e-01
9.999999996260741e-01
9.999999999694724e-01
9.999999999977619e-01
9.999999999999528e-01
9.999999999999823e-01
1.000000000000004e+00
9.999999999999990e-01
1.000000000000000e+00
9.999999999999999e-01
1.000000000000000e+00
1.000000000000000e+00
1.000000000000000e+00
1.000000000000000e+00
1.000000000000000e+00
1.000000000000000e+00
1.000000000000000e+00
1.000000000000000e+00
1.000000000000000e+00
1.000000000000000e+00
###1.099999999999999e+01
7.353065171158422e-09
9.290171227471782e-09
1.167627010568408e-08
1.452326033691054e-08
1.801411288870445e-08
2.229242442712047e-08
2.748825583286826e-08
3.381406650746380e-08
4.152443566751943e-08
5.092250786822010e-08
6.236290495268712e-08
7.630141974167865e-08
9.328598582826151e-08
1.139735340472923e-07
1.391800356649887e-07
1.698510017271623e-07
2.071814642882226e-07
2.526131606615145e-07
3.078887711188928e-07
3.751044820624773e-07
4.569991359052141e-07
5.562235159366859e-07
6.769456337611600e-07
8.237147949058911e-07
1.001876763318044e-06
1.218225242604982e-06
1.480924203977976e-06
1.799727190021262e-06
2.186460400496521e-06
2.655514405156933e-06
3.224270688741611e-06
3.913595281281751e-06
4.749060155387980e-06
5.760649926723598e-06
6.986014518183194e-06
8.468545020688419e-06
1.026266441663317e-05
1.243266980616704e-05
1.505677484303954e-05
1.822680288149281e-05
2.205714180107091e-05
2.668242005197177e-05
3.226526616606684e-05
3.900088259297092e-05
4.712481777051686e-05
5.691486806491499e-05
6.870984025116447e-05
8.291564912534195e-05
1.000107270598239e-04
1.205731364569413e-04
1.452984157844743e-04
1.750026383907868e-04
2.106822433406507e-04
2.534938249582632e-04
3.048419350084612e-04
3.663846192368378e-04
4.401346313656479e-04
5.283706492265970e-04
6.338605277656955e-04
7.599931976822683e-04
9.106200547742598e-04
1.090367031218185e-03
1.304611142078031e-03
1.559737885402396e-03
1.863583909038300e-03
2.224738613060508e-03
2.653588997642568e-03
3.162538838740146e-03
3.765819832966624e-03
4.479572934440291e-03
5.323677129565609e-03
6.321027812316715e-03
7.497383616357394e-03
8.881497999289537e-03
1.050992236597045e-02
1.242253949322770e-02
1.466375946611856e-02
1.728729891599786e-02
2.035125911888917e-02
2.392449923886383e-02
2.808038882317070e-02
3.290574874173764e-02
3.849564929462221e-02
4.495439157419438e-02
5.239563025242112e-02
6.095048321622018e-02
7.075248121588816e-02
8.194916036585963e-02
9.469143824075833e-02
1.091474775469337e-01
1.254773886919920e-01
1.438567602644094e-01
1.644203002287300e-01
1.873294262721146e-01
2.127366598108529e-01
2.407193073970706e-01
2.713647437200450e-01
3.046927031910214e-01
3.406690643187813e-01
3.791943058811589e-01
4.200792785848474e-01
4.630431410491134e-01
5.077151970540972e-01
5.536397473282292e-01
6.002572485605830e-01
6.469177235234949e-01
6.928913321451593e-01
7.374298476442358e-01
7.797603248566618e-01
8.191858464079507e-01
8.550584810047785e-01
8.868706121907847e-01
9.143001577378133e-01
9.372125368616960e-01
9.556968735753932e-01
9.700291290070046e-01
9.806683758646727e-01
9.881806364442030e-01
9.932007997034211e-01
9.963505597404859e-01
9.981906201101575e-01
9.991815779860135e-01
9.996674635561659e-01
9.998807048921337e-01
9.999610391660562e-01
9.999885322132519e-01
9.999970580599380e-01
9.999993489728385e-01
9.999998782084891e-01
9.999999809008958e-01
9.999999975658407e-01
9.999999997451642e-01
9.999999999802281e-01
9.999999999985058e-01
9.999999999999951e-01
9.999999999999826e-01
1.000000000000004e+00
9.999999999999989e-01
1.000000000000000e+00
9.999999999999999e-01
1.000000000000000e+00
1.000000000000000e+00
1.000000000000000e+00
1.000000000000000e+00
1.000000000000000e+00
1.000000000000000e+00
1.000000000000000e+00
1.000000000000000e+00
1.000000000000000e+00
1.000000000000000e+00
###1.119999999999999e+01
7.888637404756435e-09
9.965522676086719e-09
1.252526433020890e-08
1.557860290841518e-08
1.932195494218964e-08
2.390904931224780e-08
2.947877152107116e-08
3.625849476941406e-08
4.452076533135800e-08
5.458924569868290e-08
6.684347598959378e-08
8.177050495425615e-08
9.995607823455784e-08
1.221019031033571e-07
1.490797823338346e-07
1.818991017768388e-07
2.218358461075255e-07
2.704289666191185e-07
3.295378791336933e-07
4.013988839991258e-07
4.889341704458692e-07
5.949676046768122e-07
7.239427662533242e-07
8.807098582632259e-07
1.070961870590767e-06
1.301935269220979e-06
1.582323125730234e-06
1.922505067137100e-06
2.335071183721980e-06
2.835324627868843e-06
3.441752286681686e-06
4.176536926629196e-06
5.066858110528989e-06
6.144568747228035e-06
7.449634815361406e-06
9.028199416230310e-06
1.093795235464795e-05
1.324713447442949e-05
1.603870321803771e-05
1.940998579569366e-05
2.348226360277838e-05
2.839812353731862e-05
3.432979739340179e-05
4.148392553904868e-05
5.010980574967823e-05
6.050107261815989e-05
7.301610319222476e-05
8.808380851866023e-05
1.062095925596696e-04
1.280037067004518e-04
1.542002432415218e-04
1.856599247096792e-04
2.234333901569941e-04
2.687392408686947e-04
3.230568134093944e-04
3.881313794523787e-04
4.660808526300774e-04
5.593005312639815e-04
6.706977825474622e-04
8.038335862427021e-04
9.627491911712106e-04
1.152296420015931e-03
1.378110261552673e-03
1.646877455442494e-03
1.966806745238237e-03
2.346874703813180e-03
2.797936121834210e-03
3.332945452169695e-03
3.966749998850307e-03
4.716168319858582e-03
5.601909243237117e-03
6.647797283229020e-03
7.880598316987494e-03
9.330145850388267e-03
1.103437040721638e-02
1.303458683360679e-02
1.537669633287466e-02
1.811623708276922e-02
2.131310352686802e-02
2.503832301790912e-02
2.936708045591887e-02
3.438875325466111e-02
4.020060113933019e-02
4.690925819326259e-02
5.463055625335556e-02
6.349794796753845e-02
7.364681429763033e-02
8.522587656004210e-02
9.838745535250787e-02
1.132998571124811e-01
1.301224025813307e-01
1.490291411538191e-01
1.701506654563727e-01
1.936437627185517e-01
2.196545251131335e-01
2.482503066912433e-01
2.795073738804867e-01
3.134313556627140e-01
3.499717091105434e-01
3.890103781455134e-01
4.303378018192540e-01
4.736516426759786e-01
5.185599163417205e-01
5.645867285711845e-01
6.111552923335246e-01
6.576027274406222e-01
7.031932953881704e-01
7.471803835496834e-01
7.888025339296726e-01
8.273839396520927e-01
8.623076608198379e-01
8.931056461741299e-01
9.195002530900448e-01
9.414033928731363e-01
9.589475521089210e-01
9.724450685194138e-01
9.823796126424482e-01
9.893291433851729e-01
9.939259675218919e-01
9.967777919629008e-01
9.984231800291241e-01
9.992971316484539e-01
9.997190835574115e-01
9.999011708285976e-01
9.999683169974208e-01
9.999908666269141e-01
9.999977091036879e-01
9.999995053708440e-01
9.999999098887309e-01
9.999999862713453e-01
9.999999983031206e-01
9.999999998282644e-01
9.999999999871081e-01
9.999999999990691e-01
9.999999999999953e-01
9.999999999999903e-01
1.000000000000002e+00
9.999999999999994e-01
1.000000000000000e+00
1.000000000000000e+00
1.000000000000000e+00
1.000000000000000e+00
1.000000000000000e+00
1.000000000000000e+00
1.000000000000000e+00
1.000000000000000e+00
1.000000000000000e+00
1.000000000000000e+00
1.000000000000000e+00
1.000000000000000e+00
###1.139999999999999e+01
8.458927668925539e-09
1.068471824150885e-08
1.342938711909507e-08
1.670242028380153e-08
2.071456382090776e-08
2.563031462247530e-08
3.159790849029576e-08
3.886056098105100e-08
4.770989189063414e-08
5.849135906892370e-08
7.161091945468759e-08
8.758878857352284e-08
1.070508262597036e-07
1.307462182307075e-07
1.596059610199789e-07
1.947071160426136e-07
2.374114501831437e-07
2.893608904012999e-07
3.525384783602932e-07
4.293290840650928e-07
5.228482338802600e-07
6.361035628690213e-07
7.738300406667583e-07
9.411960046081167e-07
1.144261444230496e-06
1.390730795547703e-06
1.689856140986298e-06
2.052678426382842e-06
2.492593968270114e-06
3.025869439444290e-06
3.672157951296148e-06
4.455031084414054e-06
5.403363568816282e-06
6.550977122460515e-06
7.940280102022702e-06
9.620309443851493e-06
1.165219908849337e-05
1.410833883704067e-05
1.707667712437138e-05
2.066032887966955e-05
2.498782146666284e-05
3.021010548903634e-05
3.650949861295777e-05
4.410464950841771e-05
5.325928173053210e-05
6.428365025671423e-05
7.755664158026967e-05
9.353127118551713e-05
1.127411855891863e-04
1.358303392210422e-04
1.635731629857552e-04
1.968770690321604e-04
2.368493482329319e-04
2.847733660234588e-04
3.422065333909548e-04
4.109851261617956e-04
4.933366967388161e-04
5.917721883938110e-04
7.093618463505702e-04
8.498281198298316e-04
1.017415455572328e-03
1.217210400571020e-03
1.455115710859722e-03
1.738130681411352e-03
2.074849601332352e-03
2.474649984526979e-03
2.948870394753170e-03
3.511034494727165e-03
4.176624966926325e-03
4.963158698735784e-03
5.892199405339494e-03
6.988527346634456e-03
8.279942447964374e-03
9.797384564382455e-03
1.158019739705756e-02
1.367115716264952e-02
1.611768723578237e-02
1.897717738928610e-02
2.231134180428124e-02
2.619339542004518e-02
3.070036482579474e-02
3.592417863573342e-02
4.196429182754248e-02
4.892964626924794e-02
5.693821053438350e-02
6.612570418013550e-02
7.662928202233568e-02
8.859872640647197e-02
1.021875565728616e-01
1.175640397186087e-01
1.348864346702657e-01
1.543269422276610e-01
1.760116596081877e-01
2.000923334911062e-01
2.267081717726720e-01
2.559160808588050e-01
2.877807228967331e-01
3.222931417450704e-01
3.593859496684192e-01
3.989222330026285e-01
4.406718516468999e-01
4.843110248225009e-01
5.294268084214523e-01
5.755237183234062e-01
6.220087202091198e-01
6.682074076992939e-01
7.133797763758735e-01
7.567827883374730e-01
7.976684972966562e-01
8.353841248160121e-01
8.693453722895971e-01
8.991248348433346e-01
9.244896215927831e-01
9.453975661948920e-01
9.620230132513706e-01
9.747124580329571e-01
9.839714878494348e-01
9.903871827386227e-01
9.945780101224694e-01
9.971625372903727e-01
9.986298493121776e-01
9.993983067953763e-01
9.997635322984955e-01
9.999184334607418e-01
9.999743492026418e-01
9.999927601115305e-01
9.999982253891763e-01
9.999996262747730e-01
9.999999337420664e-01
9.999999901934330e-01
9.999999988262085e-01
9.999999998848847e-01
9.999999999917317e-01
9.999999999994035e-01
1.000000000000002e+00
9.999999999999931e-01
1.000000000000002e+00
9.999999999999996e-01
1.000000000000000e+00
1.000000000000000e+00
1.000000000000000e+00
1.000000000000000e+00
1.000000000000000e+00
1.000000000000000e+00
1.000000000000000e+00
1.000000000000000e+00
1.000000000000000e+00
1.000000000000000e+00
1.000000000000000e+00
1.000000000000000e+00
###1.159999999999999e+01
9.065939586762828e-09
1.145028914638934e-08
1.439182165863853e-08
1.789866279408954e-08
2.219682380395654e-08
2.746224065499942e-08
3.385305246854691e-08
4.162929674600143e-08
5.110283401551364e-08
6.264226329590215e-08
7.668153779100082e-08
9.377605276224799e-08
1.145942081201051e-07
1.399355123316514e-07
1.707936962503872e-07
2.083174962006586e-07
2.539596247534731e-07
3.094707997199062e-07
3.769651795382678e-07
4.589847529458847e-07
5.588496597806726e-07
6.797617499191022e-07
8.267642651391251e-07
1.005361770477946e-06
1.222002015702455e-06
1.484883855238616e-06
1.803849760841202e-06
2.190638932574616e-06
2.659498316587730e-06
3.227711291773029e-06
3.916161420606315e-06
4.749884089731070e-06
5.759540979898047e-06
6.981027862224503e-06
8.459327462618504e-06
1.024651911448391e-05
1.240736599775234e-05
1.501862141674299e-05
1.817348253318178e-05
2.198114867812494e-05
2.657776072993804e-05
3.212305579505092e-05
3.880994038741230e-05
4.686966571727976e-05
5.658108582335895e-05
6.827188940580506e-05
8.234245010214427e-05
9.927103969817596e-05
1.196208682375065e-04
1.440711646753875e-04
1.734385525606311e-04
2.086792478144401e-04
2.509597370890013e-04
3.016310034684398e-04
3.623319370168625e-04
4.349937249235867e-04
5.219581660854203e-04
6.258559213424477e-04
7.499291154401505e-04
8.980658860914559e-04
1.074722513604824e-03
1.285229396505308e-03
1.535767116647209e-03
1.833659132548355e-03
2.187899099805222e-03
2.608279519869250e-03
3.106639127910126e-03
3.697089666206778e-03
4.395769352980616e-03
5.220914449276301e-03
6.194968986882888e-03
7.343695914987390e-03
8.695956208126687e-03
1.028382240064800e-02
1.214808552628156e-02
1.433301237559537e-02
1.688757880214035e-02
1.987105579281995e-02
2.334700239558641e-02
2.739083979502700e-02
3.208145862456972e-02
3.751333262341125e-02
4.378811295544251e-02
5.101702016701599e-02
5.932011345701391e-02
6.883531559462804e-02
7.970144077881806e-02
9.206922724886810e-02
1.060932608521408e-01
1.219413111991870e-01
1.397705542258104e-01
1.597509343315276e-01
1.820036632015853e-01
2.066750279425100e-01
2.338968907384780e-01
2.637152137117889e-01
2.961825624945373e-01
3.312749276231203e-01
3.689076740390542e-01
4.089247394209209e-01
4.510752809613826e-01
4.950141827588821e-01
5.403079332422778e-01
5.864421419358519e-01
6.328085975184377e-01
6.787228104806758e-01
7.234422073168014e-01
7.662293069657675e-01
8.063516948158264e-01
8.431814879195300e-01
8.761685792416080e-01
9.049271427920569e-01
9.292691782316080e-01
9.491976852587550e-01
9.649272036851720e-01
9.768360426586443e-01
9.854489803523947e-01
9.913593332061054e-01
9.951737806152386e-01
9.975076502629486e-01
9.988128517719912e-01
9.994865385182360e-01
9.998016502038818e-01
9.999329333539040e-01
9.999793233185624e-01
9.999942878409659e-01
9.999986324372767e-01
9.999997191786741e-01
9.999999515812212e-01
9.999999930386639e-01
9.999999991942559e-01
9.999999999232422e-01
9.999999999947876e-01
9.999999999996076e-01
1.000000000000008e+00
9.999999999999941e-01
1.000000000000001e+00
9.999999999999997e-01
1.000000000000000e+00
1.000000000000000e+00
1.000000000000000e+00
1.000000000000000e+00
1.000000000000000e+00
1.000000000000000e+00
1.000000000000000e+00
1.000000000000000e+00
1.000000000000000e+00
1.000000000000000e+00
1.000000000000000e+00
1.000000000000000e+00
###1.179999999999999e+01
9.711779352643267e-09
1.226489687566187e-08
1.541591419385904e-08
1.917148297532186e-08
2.377386883934228e-08
2.941115492541657e-08
3.625196527321486e-08
4.457419242329779e-08
5.471116850788330e-08
6.705605119073427e-08
8.207245417418464e-08
1.003530719847085e-07
1.226114005115740e-07
1.497002639615551e-07
1.826798554673849e-07
2.227747920682101e-07
2.715344856496909e-07
3.308235924437458e-07
4.028962281968616e-07
4.904601659440448e-07
5.970520058644441e-07
7.260787809965356e-07
8.829097310920114e-07
1.073404648002692e-06
1.304420816918870e-06
1.584679260164487e-06
1.924645746046063e-06
2.336796442263308e-06
2.836275463312334e-06
3.441438744775089e-06
4.174467145263333e-06
5.061938839692061e-06
6.136398191847263e-06
7.435925286616226e-06
9.008215108206505e-06
1.090854471255178e-05
1.320550040045332e-05
1.598042232034438e-05
1.933202534534497e-05
2.337590341022980e-05
2.825619407495437e-05
3.414186163121899e-05
4.123692562783668e-05
4.978585873527101e-05
6.008337938306689e-05
7.247545556162551e-05
8.738496556716286e-05
1.053166344112073e-04
1.268646081636233e-04
1.527450209687581e-04
1.838186146135253e-04
2.210925991431453e-04
2.657952945387962e-04
3.193482546864758e-04
3.834753751056034e-04
4.602067909938770e-04
5.520033185945218e-04
6.616207050333543e-04
7.924787107145498e-04
9.486390356351756e-04
1.134777522403076e-03
1.356477800832072e-03
1.620208611965313e-03
1.933629480175026e-03
2.306147621921044e-03
2.747984869977650e-03
3.271496890393465e-03
3.891402763121450e-03
4.624516762426771e-03
5.489815877125950e-03
6.510650255624025e-03
7.713792782685547e-03
9.129192650224154e-03
1.079008140004281e-02
1.273873160475293e-02
1.502092965915400e-02
1.768723342956249e-02
2.079882419310118e-02
2.442112948108980e-02
2.863179443628338e-02
3.351159215705108e-02
3.915753433079596e-02
4.567347904368373e-02
5.317284810201989e-02
6.177778358635114e-02
7.162832644036808e-02
8.286482928087677e-02
9.563887132223879e-02
1.101062768422164e-01
1.264329055386909e-01
1.447757923296749e-01
1.653017920119979e-01
1.881269375043942e-01
2.133915926456780e-01
2.412198065732824e-01
2.716461005568526e-01
3.047104566006666e-01
3.403733575361485e-01
3.785325417204174e-01
4.190125413947098e-01
4.615417341902134e-01
5.057538351178616e-01
5.511952236285876e-01
5.973333646903691e-01
6.435460149377975e-01
6.891401053955900e-01
7.333722511576483e-01
7.755125242320782e-01
8.148460466647668e-01
8.507716356323017e-01
8.827748167668165e-01
9.105121178596375e-01
9.338403902373985e-01
9.528068598534207e-01
9.676644480853154e-01
9.788208368296949e-01
9.868172397052560e-01
9.922505467442588e-01
9.957216240192984e-01
9.978166909302036e-01
9.989744559010199e-01
9.995632588277676e-01
9.998342215594823e-01
9.999450699598382e-01
9.999834065065599e-01
9.999955146341801e-01
9.999989516305566e-01
9.999997901634665e-01
9.999999648360689e-01
9.999999950893841e-01
9.999999994511388e-01
9.999999999490747e-01
9.999999999967778e-01
9.999999999997335e-01
1.000000000000012e+00
9.999999999999946e-01
1.000000000000001e+00
9.999999999999997e-01
1.000000000000000e+00
1.000000000000000e+00
1.000000000000000e+00
1.000000000000000e+00
1.000000000000000e+00
1.000000000000000e+00
1.000000000000000e+00
1.000000000000000e+00
1.000000000000000e+00
1.000000000000000e+00
1.000000000000000e+00
1.000000000000000e+00
###1.199999999999999e+01
1.039866027397389e-08
1.313133663621327e-08
1.650518132027584e-08
2.052524456811982e-08
2.545109363674834e-08
3.148370578669950e-08
3.880280143493272e-08
4.770526922085467e-08
5.854705478696729e-08
7.174752265027220e-08
8.780164784971482e-08
1.073416559257959e-07
1.311288299316181e-07
1.600724588341029e-07
1.953031212156037e-07
2.381257373324860e-07
2.901920476693810e-07
3.534873197930292e-07
4.304136554053038e-07
5.238540196648287e-07
6.375742707502468e-07
7.751977855533007e-07
9.424385216816222e-07
1.145531445820012e-06
1.391766210610532e-06
1.690415110551263e-06
2.052601711151396e-06
2.491579709918252e-06
3.023439160767766e-06
3.667667064705779e-06
4.447811464158931e-06
5.392076013058975e-06
6.534988079145087e-06
7.916927149553622e-06
9.588444611316599e-06
1.160817722666963e-05
1.404873807435326e-05
1.699628611785737e-05
2.055533568340630e-05
2.484819797984227e-05
3.002740734563375e-05
3.627161403695800e-05
4.379649720824951e-05
5.286039528244253e-05
6.377465514739276e-05
7.690440285992913e-05
9.269608025878720e-05
1.116821091760612e-04
1.344889957247819e-04
1.618714739563031e-04
1.947363987957295e-04
2.341442458247522e-04
2.813879032165651e-04
3.379625503260344e-04
4.056807354423379e-04
4.866757168665850e-04
5.835322604286916e-04
6.991366975888143e-04
8.370924588819240e-04
1.001642817740406e-03
1.197691179013685e-03
1.431084039512554e-03
1.708588910701916e-03
2.038213582446141e-03
2.429793401530930e-03
2.893994174091568e-03
3.443705616288104e-03
4.094273789636275e-03
4.863209901536065e-03
5.770253322053727e-03
6.839686473045055e-03
8.099319703708018e-03
9.580217730106798e-03
1.131679739027199e-02
1.335284701175195e-02
1.573570139615931e-02
1.851752910615695e-02
2.176145015023088e-02
2.553478256674464e-02
2.991741204913164e-02
3.499200865303940e-02
4.085811384696120e-02
4.762185154842374e-02
5.539860122405406e-02
6.431273521011148e-02
7.450626832401636e-02
8.612096309106655e-02
9.930911325837585e-02
1.142275027410905e-01
1.310399880295050e-01
1.499031892071445e-01
1.709800872029140e-01
1.943816173786971e-01
2.202416247746684e-01
2.486758715409538e-01
2.797069432452046e-01
3.133617580540499e-01
3.495848525540284e-01
3.882559850846788e-01
4.291800625795317e-01
4.720646556111115e-01
5.165225363416460e-01
5.620805017381558e-01
6.081887122940687e-01
6.542121135012123e-01
6.994506107268441e-01
7.431618267137036e-01
7.846253873078645e-01
8.231459305146585e-01
8.581507036602888e-01
8.891621898554354e-01
9.158798774547501e-01
9.382052504729744e-01
9.562286408741759e-01
9.702393957523467e-01
9.806720406997059e-01
9.880814624506055e-01
9.930655630820169e-01
9.962164150984600e-01
9.980926805329778e-01
9.991167085514725e-01
9.996297410806630e-01
9.998619461579689e-01
9.999551880502268e-01
9.999867423407646e-01
9.999964948540204e-01
9.999992005277114e-01
9.999998440853131e-01
9.999999746191217e-01
9.999999965580134e-01
9.999999996288990e-01
9.999999999664021e-01
9.999999999980442e-01
9.999999999998161e-01
1.000000000000013e+00
9.999999999999952e-01
1.000000000000001e+00
9.999999999999997e-01
1.000000000000000e+00
1.000000000000000e+00
1.000000000000000e+00
1.000000000000000e+00
1.000000000000000e+00
1.000000000000000e+00
1.000000000000000e+00
1.000000000000000e+00
1.000000000000000e+00
1.000000000000000e+00
1.000000000000000e+00
1.000000000000000e+00
###1.219999999999999e+01
1.112890769976573e-08
1.405254622875808e-08
1.766331783577132e-08
2.196453226444937e-08
2.723416840536615e-08
3.368687733587106e-08
4.151412676308589e-08
5.103320781826108e-08
6.262326215735970e-08
7.673221689876013e-08
9.388799291320506e-08
1.147646954100627e-07
1.401742272251975e-07
1.710856554137045e-07
2.087040702276407e-07
2.544193435606721e-07
3.099914643894454e-07
3.775333196160294e-07
4.596034345554678e-07
5.592693855924692e-07
6.805411201241281e-07
8.272686735229037e-07
1.005530834220882e-06
1.221958671312181e-06
1.484298143628736e-06
1.802403332818238e-06
2.188091761865431e-06
2.655437145519677e-06
3.221526570564309e-06
3.907039344480489e-06
4.736963847452726e-06
5.741215627663090e-06
6.956410253419348e-06
8.425346671729233e-06
1.020158330242966e-05
1.234728662256554e-05
1.493930719714900e-05
1.806886668232842e-05
2.184657247270378e-05
2.640178924760174e-05
3.189586598387393e-05
3.851761507688060e-05
4.649494628990892e-05
5.610073389288881e-05
6.766374843504954e-05
8.156918683308574e-05
9.828815690354166e-05
1.183820671721798e-04
1.425112637276514e-04
1.714708384873257e-04
2.062158278190830e-04
2.478623275260434e-04
2.977706244479367e-04
3.575126865802280e-04
4.289934861841567e-04
5.144537193987593e-04
6.166072001393081e-04
7.384764759878402e-04
8.838549595546588e-04
1.057175655786977e-03
1.263577803356555e-03
1.509180662157083e-03
1.801061405815841e-03
2.147588589683399e-03
2.559040636809198e-03
3.046542267390524e-03
3.623534724697743e-03
4.306011077968954e-03
5.112200694204103e-03
6.062627265544039e-03
7.182531985615788e-03
8.500790457661264e-03
1.004961033710216e-02
1.186461996717287e-02
1.399115760949736e-02
1.647813498315357e-02
1.937935910895490e-02
2.275991641526063e-02
2.668903579682749e-02
3.124885874668274e-02
3.652396284404461e-02
4.261640949412503e-02
4.963456749000314e-02
5.769574939095242e-02
6.692647502099222e-02
7.747065656693218e-02
8.947133064924759e-02
1.030813660824077e-01
1.184582281687597e-01
1.357636475748681e-01
1.551533703277260e-01
1.767862775053010e-01
2.007677033642802e-01
2.272245648466654e-01
2.562638595646532e-01
2.878957454654007e-01
3.221336055844205e-01
3.589056098121214e-01
3.980732113680959e-01
4.394215116225263e-01
4.826372984281276e-01
5.273126898501367e-01
5.729554962609924e-01
6.189994937054141e-01
6.647980961491554e-01
7.096458183496184e-01
7.528031331409550e-01
7.935612272181624e-01
8.312461973755494e-01
8.653153700427444e-01
8.953293710296714e-01
9.210310950885733e-01
9.423662537691126e-01
9.594669893793025e-01
9.726570283897584e-01
9.823950149030639e-01
9.892468842435210e-01
9.938090249804170e-01
9.966621519533529e-01
9.983383923002435e-01
9.992415194750601e-01
9.996871445108877e-01
9.998854533590487e-01
9.999635882400557e-01
9.999894546574509e-01
9.999972740594224e-01
9.999993935329393e-01
9.999998848023378e-01
9.999999817931631e-01
9.999999976026630e-01
9.999999997509724e-01
9.999999999779461e-01
9.999999999988400e-01
9.999999999998708e-01
1.000000000000013e+00
9.999999999999959e-01
1.000000000000001e+00
9.999999999999998e-01
1.000000000000000e+00
1.000000000000000e+00
1.000000000000000e+00
1.000000000000000e+00
1.000000000000000e+00
1.000000000000000e+00
1.000000000000000e+00
1.000000000000000e+00
1.000000000000000e+00
1.000000000000000e+00
1.000000000000000e+00
1.000000000000000e+00
