#./build/bin/rcbk -ic FILE ./data/ic/18/ic_208_20.dat -rc BALITSKY -alphas_scaling 4.967630582368005 -maxy 12 -fast -output ./data/bks/18/ic_208_20.dat 
# BK equation solver 20160623 (build May 19 2026 14:19:13)
# Heikki Mäntysaari <mantysaari@bnl.gov>, 2011-2016
# Running coupling: Balitsky
# Scaling factor C^2 in alpha_s: 4.96763
# Initial condition is String is not impelmented for the current IC N(r=0.0333803 1/GeV) = 0.000213078
# \alpha_s = 12 \pi / [ (33.0 - 2.0*Nf) * log(4.0*C^2/(r^2*lambdaqcd^2) ], C^2=4.96763, lambdaqcd=0.241 GeV, maxalphas=0.7 nf=3
# Using fast (and not so accurate) parameters
# Solving BK equation up to y=12
# r limits: 1e-05 - 100 points 150 multiplier 1.11424
# maxy 12 ystep 0.2
###1.000000000000000e-05
###1.114242875232510e+00
###150
###0.000000000000000e+00
###0.000000000000000e+00
0.000000000000000e+00
5.501634213100311e-11
6.757828875828219e-11
8.323765266102451e-11
1.024677743048408e-10
1.260998026737088e-10
1.551978834061493e-10
1.909900821411622e-10
2.350146352108815e-10
2.891674253421639e-10
3.557687945555536e-10
4.376735329728172e-10
5.383897252694566e-10
6.622258111688723e-10
8.144754008799151e-10
1.001640141139535e-09
1.231704212522348e-09
1.514473816186394e-09
1.861988532975107e-09
2.289028157958358e-09
2.813739460574996e-09
3.458394093088789e-09
4.250322722543090e-09
5.223070193752482e-09
6.417791038177184e-09
7.884969708808897e-09
9.686545881916561e-09
1.189848101170474e-08
1.461392284157779e-08
1.794711145565901e-08
2.203809325140200e-08
2.705853532476285e-08
3.321889786584696e-08
4.077708238573374e-08
5.004910380658741e-08
6.142224829004888e-08
7.537092541953065e-08
9.247624184308347e-08
1.134501215068617e-07
1.391643458204518e-07
1.706864393862523e-07
2.093238724783378e-07
2.566772545839084e-07
3.147061343915778e-07
3.858100263403708e-07
4.729259018136261e-07
5.796489453706712e-07
7.103812428718890e-07
8.705107262319130e-07
1.066633196648643e-06
1.306825753293002e-06
1.600976120866258e-06
1.961192109994599e-06
2.402306118899273e-06
2.942483656617949e-06
3.603981769066413e-06
4.414084189069062e-06
5.406231780471461e-06
6.621435110971764e-06
8.110017692636480e-06
9.933729445336775e-06
1.216839406256990e-05
1.490717876520085e-05
1.826457243140197e-05
2.238137779238441e-05
2.743088071625965e-05
3.362638500801692e-05
4.123067517295138e-05
5.056771275994577e-05
6.203697691146149e-05
7.613146448709287e-05
9.345993793781098e-05
1.147742996465558e-04
1.410038915377120e-04
1.732978867290880e-04
2.130776021550844e-04
2.621018786142790e-04
3.225478948053623e-04
3.971111017101196e-04
4.891297678405821e-04
6.027389537617266e-04
7.430611212884252e-04
9.164430135138422e-04
1.130748462532257e-03
1.395720847239896e-03
1.723432171593801e-03
2.128837529433041e-03
2.630460486297014e-03
3.251238781642895e-03
4.019565214611100e-03
4.970569806656772e-03
6.147690953611404e-03
7.604595866185624e-03
9.407528890053382e-03
1.163815081197946e-02
1.439695940007886e-02
1.780740789851276e-02
2.202074521200705e-02
2.722166438240998e-02
3.363486572907399e-02
4.153225487140972e-02
5.124067721413818e-02
6.315000377992637e-02
7.772003715346759e-02
9.548539425009475e-02
1.170568480623285e-01
1.431137961906002e-01
1.743855415616493e-01
2.116157167993802e-01
2.554979694486657e-01
3.065832060666823e-01
3.651440370073696e-01
4.309992349641089e-01
5.033283658935519e-01
5.804511404133580e-01
6.597334016047797e-01
7.376599335160298e-01
8.100231447872748e-01
8.727434514082764e-01
9.226362249961648e-01
9.582810168631973e-01
9.806692368249532e-01
9.925207631949767e-01
9.977503588414222e-01
9.994853116727236e-01
9.999120778682454e-01
9.999918785443551e-01
9.999993376572685e-01
9.999999702131013e-01
9.999999705319521e-01
1.000000015639840e+00
9.999999989148091e-01
9.999999965804134e-01
1.000000001812898e+00
9.999999998938900e-01
9.999999995943353e-01
1.000000000209953e+00
9.999999999900403e-01
9.999999999519091e-01
1.000000000024303e+00
9.999999999991237e-01
9.999999999943027e-01
1.000000000002812e+00
9.999999999999315e-01
9.999999999993254e-01
1.000000000000325e+00
9.999999999999960e-01
9.999999999999183e-01
1.000000000000043e+00
1.000000000000000e+00
###2.000000000000000e-01
5.952680712187420e-12
6.116282343934989e-11
7.536967455694094e-11
9.298746928568597e-11
1.146089355946457e-10
1.412296274614848e-10
1.739686790510655e-10
2.142275717315982e-10
2.637378259939829e-10
3.246323543817778e-10
3.995197252160398e-10
4.916155041964977e-10
6.048615936171642e-10
7.441061748943673e-10
9.153017864106841e-10
1.125765509039383e-09
1.384476665144279e-09
1.702472775953586e-09
2.093301779840199e-09
2.573575961709270e-09
3.163742166234176e-09
3.888870179238835e-09
4.779666063931238e-09
5.873981064652332e-09
7.218030798268763e-09
8.868828932734343e-09
1.089601812303482e-08
1.338515601046215e-08
1.644118289856416e-08
2.019280008205470e-08
2.479786786172480e-08
3.044977641850646e-08
3.738603058820962e-08
4.589675111967863e-08
5.633843064070584e-08
6.914933156226116e-08
8.486287784722635e-08
1.041350967915182e-07
1.277703924613185e-07
1.567509808676756e-07
1.922840450107776e-07
2.358451525855862e-07
2.892425488418286e-07
3.546901631401043e-07
4.349038485006781e-07
5.331898570806082e-07
6.536270738810704e-07
8.011885220119371e-07
9.819681139661230e-07
1.203452864998475e-06
1.474704144853772e-06
1.806984965933945e-06
2.213995153272287e-06
2.712481543488956e-06
3.323088816834519e-06
4.070841047053029e-06
4.986838121176965e-06
6.108815987113814e-06
7.483032297860815e-06
9.166640407023511e-06
1.122952524325343e-05
1.375730691146015e-05
1.685488325051837e-05
2.065230329364273e-05
2.530819241545137e-05
3.101801805632832e-05
3.802207329485036e-05
4.661568691878821e-05
5.716503640721065e-05
7.011456905334858e-05
8.602133305350422e-05
1.055677479404363e-04
1.295911762948932e-04
1.591280318279959e-04
1.954653169551289e-04
2.401719365789332e-04
2.952153474639982e-04
3.629886102474805e-04
4.464835598506596e-04
5.493839395613918e-04
6.762154395477665e-04
8.326025174163512e-04
1.025493854565155e-03
1.263435878727429e-03
1.557029809577837e-03
1.919373214634954e-03
2.366617991982741e-03
2.918608585401966e-03
3.600010146859364e-03
4.441150291155189e-03
5.479347043101977e-03
6.760721204492471e-03
8.341593456876052e-03
1.029158499425016e-02
1.269623843660318e-02
1.565957048258396e-02
1.930938191781558e-02
2.380098962593951e-02
2.932323673984986e-02
3.610354879757991e-02
4.441570576047740e-02
5.458668926589850e-02
6.700508102511862e-02
8.212032796596364e-02
1.004546695443397e-01
1.225951262383658e-01
1.491921403998394e-01
1.809258779786535e-01
2.184831255138386e-01
2.624823457259713e-01
3.133937725608010e-01
3.714000440477950e-01
4.362538783192991e-01
5.070868944239003e-01
5.822476889238678e-01
6.592202165173178e-01
7.347121679193580e-01
8.048626238781649e-01
8.659664323412772e-01
9.151561040388738e-01
9.511505471452321e-01
9.747581389805812e-01
9.883213069145746e-01
9.951938678034602e-01
9.981919124853814e-01
9.994107246688833e-01
9.998347847489428e-01
9.999597488876624e-01
9.999918582324103e-01
9.999986368109008e-01
9.999998295251876e-01
9.999999809603898e-01
9.999999964136502e-01
1.000000000920720e+00
9.999999999657331e-01
9.999999997689197e-01
1.000000000109976e+00
9.999999999976754e-01
9.999999999743778e-01
1.000000000012040e+00
9.999999999997806e-01
9.999999999972202e-01
1.000000000001293e+00
9.999999999999836e-01
9.999999999997006e-01
1.000000000000137e+00
9.999999999999993e-01
9.999999999999671e-01
1.000000000000017e+00
1.000000000000000e+00
###4.000000000000000e-01
1.246011253935534e-11
6.804006912057424e-11
8.407731236670077e-11
1.038773660915627e-10
1.281781962180464e-10
1.581170020005110e-10
1.949153212741991e-10
2.401538145947905e-10
2.957803051581267e-10
3.641911667031821e-10
4.483150631393067e-10
5.517703831238853e-10
6.789815105407410e-10
8.353961965590584e-10
1.027702357913730e-09
1.264121538807895e-09
1.554741084534844e-09
1.911967760624667e-09
2.351025749433052e-09
2.890565221501926e-09
3.553587610004265e-09
4.368271115837068e-09
5.369078630408046e-09
6.598623549856181e-09
8.108757490299787e-09
9.963725310111910e-09
1.224172867063920e-08
1.503895985932821e-08
1.847343272897423e-08
2.268987905662601e-08
2.786589083690272e-08
3.421891915394745e-08
4.201639763450582e-08
5.158421786717685e-08
6.332338235105210e-08
7.772871792199518e-08
9.539882372472912e-08
1.170725514945060e-07
1.436563073253774e-07
1.762542857393666e-07
2.162275777827464e-07
2.652371961807980e-07
3.253201026104246e-07
3.989703036716037e-07
4.892395274109554e-07
5.998771036906640e-07
7.354564814156598e-07
9.015907783413134e-07
1.105147939084705e-06
1.354572410422652e-06
1.660058871522204e-06
2.034324114421052e-06
2.492824418786481e-06
3.054409095010901e-06
3.742387897011449e-06
4.584878332755359e-06
5.617074433788296e-06
6.881406964816360e-06
8.429842580626750e-06
1.032694418064194e-05
1.265141978863928e-05
1.549950195384515e-05
1.898879376889526e-05
2.326613167315498e-05
2.850938423641892e-05
3.493791280387470e-05
4.282104220856533e-05
5.248908119765794e-05
6.435340143150053e-05
7.890674032582065e-05
9.677448103422828e-05
1.187176312050003e-04
1.456646389462861e-04
1.787657828063291e-04
2.194540490059641e-04
2.694550599165322e-04
3.309561018049425e-04
4.065785225210004e-04
4.996263961980060e-04
6.141431557978432e-04
7.550667067023659e-04
9.285348164724478e-04
1.142136869695978e-03
1.405144758385806e-03
1.729012754174389e-03
2.127911403031530e-03
2.619223340613209e-03
3.224150592639899e-03
3.969120372344401e-03
4.886429378770851e-03
6.015615463322460e-03
7.405498807799451e-03
9.115073326889359e-03
1.121732837399852e-02
1.380164665980327e-02
1.697552625087078e-02
2.087100135758670e-02
2.564731974401997e-02
3.149725303282209e-02
3.865073503346592e-02
4.738312906155977e-02
5.802171602736084e-02
7.095178625044496e-02
8.661395207188739e-02
1.055173234071025e-01
1.282257646547944e-01
1.553609896405627e-01
1.875565306849876e-01
2.254449097837396e-01
2.695744788074196e-01
3.203406435831702e-01
3.778448389322643e-01
4.417808558477307e-01
5.112405054773977e-01
5.846031353787987e-01
6.594621343616401e-01
7.327287691580766e-01
8.008480064483470e-01
8.604419324548067e-01
9.089153103891965e-01
9.451021869070833e-01
9.696589104978691e-01
9.846091349054844e-01
9.928506152851801e-01
9.969314993762681e-01
9.988588057785681e-01
9.996304987322800e-01
9.998957605759269e-01
9.999750003427075e-01
9.999949711112212e-01
9.999991786800718e-01
9.999998905077391e-01
9.999999874326749e-01
9.999999996495521e-01
9.999999999513229e-01
9.999999998655764e-01
1.000000000057654e+00
1.000000000000223e+00
9.999999999864285e-01
1.000000000005932e+00
1.000000000000004e+00
9.999999999986439e-01
1.000000000000594e+00
9.999999999999994e-01
9.999999999998671e-01
1.000000000000058e+00
1.000000000000000e+00
9.999999999999868e-01
1.000000000000006e+00
1.000000000000000e+00
###6.000000000000001e-01
1.957867550674376e-11
7.572064837552734e-11
9.379099442706104e-11
1.160189749900288e-10
1.433035399887837e-10
1.769442388349562e-10
2.182508717584987e-10
2.690317378928119e-10
3.314655693260518e-10
4.082417779255072e-10
5.026443954309718e-10
6.187389487701262e-10
7.614818084310294e-10
9.369998988077370e-10
1.152785361341926e-09
1.418067459226173e-09
1.744162484495560e-09
2.144997411270611e-09
2.637655883022429e-09
3.243050006062952e-09
3.987011071583637e-09
4.901148777055398e-09
6.024139804354463e-09
7.403868940444929e-09
9.098319621471083e-09
1.117984879430437e-08
1.373612098874756e-08
1.687509961799802e-08
2.072922092622336e-08
2.546098067961505e-08
3.126977325200338e-08
3.839963661986546e-08
4.715105801156279e-08
5.788943762919276e-08
7.106605945292563e-08
8.723465398974258e-08
1.070691924461914e-07
1.313987048644223e-07
1.612417910592474e-07
1.978371289623044e-07
2.427150777236878e-07
2.977406848736305e-07
3.652023019038802e-07
4.479015726159255e-07
5.492595448628159e-07
6.735104332610494e-07
8.257709105125275e-07
1.012355521164385e-06
1.240978904241589e-06
1.521127158103471e-06
1.864253696002790e-06
2.284642913117006e-06
2.799673466738822e-06
3.430490603882175e-06
4.203221688860632e-06
5.149598693634083e-06
6.309019195157846e-06
7.729095101388824e-06
9.467991127321163e-06
1.159829396981514e-05
1.420826192095412e-05
1.740560089007948e-05
2.132164452515653e-05
2.612131270332015e-05
3.200320893006254e-05
3.921238705395769e-05
4.804934578684825e-05
5.888192145900927e-05
7.216980660337157e-05
8.845747447628373e-05
1.084431331235272e-04
1.329715136299776e-04
1.630679823512802e-04
2.000037271102187e-04
2.453662083264227e-04
3.010471369833951e-04
3.694653055653889e-04
4.534830473028127e-04
5.567365576029349e-04
6.836329389904656e-04
8.395533197292472e-04
1.031171502918979e-03
1.266734401973029e-03
1.556279737124902e-03
1.912134323052277e-03
2.349578218930096e-03
2.887259225777392e-03
3.547773293740156e-03
4.359344961700517e-03
5.356274206173035e-03
6.580349884320292e-03
8.083109326261063e-03
9.926237076484955e-03
1.218608237330947e-02
1.495582853945085e-02
1.834641407934594e-02
2.249399701799851e-02
2.756161985372202e-02
3.374551700159128e-02
4.127868231592185e-02
5.043702389342865e-02
6.154810714187078e-02
7.499329612814812e-02
9.120454399013901e-02
1.106775811168744e-01
1.339536515412107e-01
1.616260315541247e-01
1.942839131635113e-01
2.325079750515148e-01
2.767810557888856e-01
3.274290524605860e-01
3.844798931907725e-01
4.475744731249783e-01
5.157721782954887e-01
5.874831476148187e-01
6.604031483957783e-01
7.316280967787130e-01
7.978740415664798e-01
8.560488047630808e-01
9.037934307978188e-01
9.400374959622930e-01
9.653120097309454e-01
9.813727091359334e-01
9.907435296145150e-01
9.957442127867531e-01
9.982937765688358e-01
9.993987965957548e-01
9.998140253638771e-01
9.999499482690068e-01
9.999887933401704e-01
9.999979028456393e-01
9.999996777995026e-01
9.999999602498272e-01
9.999999965371615e-01
9.999999997662355e-01
9.999999999057680e-01
1.000000000031255e+00
1.000000000000382e+00
9.999999999929833e-01
1.000000000002866e+00
1.000000000000072e+00
9.999999999993355e-01
1.000000000000273e+00
1.000000000000003e+00
9.999999999999410e-01
1.000000000000024e+00
1.000000000000000e+00
9.999999999999947e-01
1.000000000000002e+00
1.000000000000000e+00
###8.000000000000000e-01
2.737470815254322e-11
8.428219380350339e-11
1.046123637163245e-10
1.295333590844682e-10
1.601351846152556e-10
1.978814564993046e-10
2.442055491021208e-10
3.011582671552229e-10
3.711435874220535e-10
4.572142332640850e-10
5.630360793144109e-10
6.931695848328966e-10
8.531623838367389e-10
1.049892542798917e-09
1.291747992227484e-09
1.589067608975547e-09
1.954534272075812e-09
2.403756731861304e-09
2.955878370544069e-09
3.634315401987657e-09
4.468030659124679e-09
5.492430315823084e-09
6.750853772902445e-09
8.297008801997286e-09
1.019566758757622e-08
1.252814319302138e-08
1.539255322141500e-08
1.890986368789778e-08
2.322843809064099e-08
2.853036051763842e-08
3.503910008921713e-08
4.302799433622200e-08
5.283396424121728e-08
6.486595765306535e-08
7.962966321589863e-08
9.774653252442231e-08
1.199706026687630e-07
1.472312326794831e-07
1.806700169593623e-07
2.216732180754285e-07
2.719577387892777e-07
3.336121585523129e-07
4.092006420701209e-07
5.018620518502696e-07
6.154316032753318e-07
7.546459929814938e-07
9.252443372745414e-07
1.134299171862208e-06
1.390449377215830e-06
1.704306023598078e-06
2.088734960594508e-06
2.559690377543743e-06
3.136654029031379e-06
3.843273648034190e-06
4.708742419936595e-06
5.768708532957493e-06
7.067137864872559e-06
8.657255582650388e-06
1.060394150139503e-05
1.298845642238793e-05
1.590938330124386e-05
1.948678948002262e-05
2.386683679932820e-05
2.923388941333485e-05
3.580885147595614e-05
4.386435738267905e-05
5.373432502833342e-05
6.582678202415109e-05
8.065302123610912e-05
9.881282650101468e-05
1.210819324403601e-04
1.483941394773859e-04
1.818777789383980e-04
2.229322513592538e-04
2.733083240902286e-04
3.350734199899557e-04
4.108899832797766e-04
5.038743211581803e-04
6.180106858487814e-04
7.580876342755087e-04
9.299488265968415e-04
1.140828814284951e-03
1.399654570386773e-03
1.717260349836321e-03
2.106875750629305e-03
2.584923715686180e-03
3.171352006386740e-03
3.890186543583859e-03
4.771485013838819e-03
5.851584790093197e-03
7.174556311177333e-03
8.794672460393903e-03
1.077632362547932e-02
1.319921093020267e-02
1.616028069901802e-02
1.977386786421255e-02
2.418014843431043e-02
2.954582344298942e-02
3.607036447849226e-02
4.398969489067440e-02
5.358028909809209e-02
6.516857714446644e-02
7.913277512575725e-02
9.589569431282963e-02
1.159395634121412e-01
1.397834921508837e-01
1.679926691164326e-01
2.011139948547139e-01
2.396786147550716e-01
2.841079995902179e-01
3.346633662949224e-01
3.913058884855711e-01
4.536288615432615e-01
5.206652896373463e-01
5.908554411093538e-01
6.619913072752200e-01
7.313357347929793e-01
7.958457744117885e-01
8.526786718633272e-01
8.996820465537424e-01
9.358663979063048e-01
9.616598799771091e-01
9.785933436777977e-01
9.888848130126768e-01
9.946572963208692e-01
9.977436294424444e-01
9.991562730963207e-01
9.997212841465718e-01
9.999197244253190e-01
9.999803581291699e-01
9.999959608817555e-01
9.999993130582961e-01
9.999999059973501e-01
9.999999900022262e-01
9.999999992085600e-01
9.999999998999700e-01
1.000000000015515e+00
1.000000000000200e+00
9.999999999964049e-01
1.000000000001371e+00
1.000000000000072e+00
9.999999999996744e-01
1.000000000000125e+00
1.000000000000003e+00
9.999999999999739e-01
1.000000000000010e+00
1.000000000000000e+00
9.999999999999979e-01
1.000000000000001e+00
1.000000000000000e+00
###1.000000000000000e+00
3.591178191411433e-11
9.380734591536860e-11
1.166430097182137e-10
1.445512947190623e-10
1.788354311729838e-10
2.211349467015606e-10
2.730292218350936e-10
3.368328463131661e-10
4.151913651288524e-10
5.115724079011147e-10
6.300591492962736e-10
7.757616334670906e-10
9.548858633817010e-10
1.175125357277253e-09
1.445877347074420e-09
1.778699035711931e-09
2.187786609161187e-09
2.690607765134879e-09
3.308583711816572e-09
4.067893873595908e-09
5.000965244138565e-09
6.147398006545665e-09
7.555668557681490e-09
9.285920208411972e-09
1.141041833931328e-08
1.402034581517358e-08
1.722535036202081e-08
2.116072564196655e-08
2.599239489244617e-08
3.192400747106262e-08
3.920554040533563e-08
4.814258157718287e-08
5.911212200530742e-08
7.257100951725805e-08
8.908449390960914e-08
1.093491374690560e-07
1.342062047114626e-07
1.646953954954760e-07
2.020932876057857e-07
2.479478887032720e-07
3.041806002539516e-07
3.731248496320167e-07
4.576467215510607e-07
5.612540377823101e-07
6.882362774501142e-07
8.438752636992978e-07
1.034592725820781e-06
1.268289155846868e-06
1.554608185494314e-06
1.905390355353363e-06
2.335035749847871e-06
2.861320698288683e-06
3.506001787472810e-06
4.295455302378703e-06
5.262201251231965e-06
6.446126933167788e-06
7.896146113302606e-06
9.671522909855413e-06
1.184451057581879e-05
1.450561774536173e-05
1.776463029124818e-05
2.175484203005283e-05
2.663846715142069e-05
3.262072547822819e-05
3.994646415184881e-05
4.891789947518784e-05
5.990465875279111e-05
7.335780673268603e-05
8.984365269970934e-05
1.100210000784843e-04
1.347480291437471e-04
1.650531725091942e-04
2.021739938152533e-04
2.476456762961399e-04
3.033914760029727e-04
3.716644130618579e-04
4.553832033838220e-04
5.579314070828691e-04
6.836578316705859e-04
8.377506569269076e-04
1.026536175485835e-03
1.257833194813330e-03
1.541275041519161e-03
1.888521152038946e-03
2.313735157629238e-03
2.834516868444404e-03
3.472149156160408e-03
4.252123706585977e-03
5.206367689047974e-03
6.373289914670773e-03
7.799272407624080e-03
9.541342507426866e-03
1.166660962713355e-02
1.425811893353302e-02
1.741654366862525e-02
2.125956845881117e-02
2.593128459109496e-02
3.160191730674568e-02
3.847400520762541e-02
4.678612792466356e-02
5.681516577176802e-02
6.888596362751837e-02
8.337338164714003e-02
1.006909472901241e-01
1.213072832670834e-01
1.457198047622863e-01
1.744659907130615e-01
2.080523081193146e-01
2.469625292053288e-01
2.915605014482006e-01
3.420471339145765e-01
3.983227681747460e-01
4.599377357949964e-01
5.259035889164108e-01
5.946901244085188e-01
6.641785030949768e-01
7.317833463603439e-01
7.946757105512638e-01
8.502333583496238e-01
8.964830427127514e-01
9.325059188829162e-01
9.586474753688525e-01
9.762486166461525e-01
9.872779195863260e-01
9.936882782086638e-01
9.972288154659116e-01
9.989163180062138e-01
9.996237671663379e-01
9.998856607134958e-01
9.999701619221912e-01
9.999933777803742e-01
9.999987895035441e-01
9.999998194197142e-01
9.999999786182556e-01
9.999999980725058e-01
9.999999998349302e-01
1.000000000003133e+00
9.999999999999259e-01
9.999999999981605e-01
1.000000000000651e+00
1.000000000000054e+00
9.999999999998407e-01
1.000000000000058e+00
1.000000000000002e+00
9.999999999999885e-01
1.000000000000004e+00
1.000000000000000e+00
9.999999999999992e-01
1.000000000000000e+00
1.000000000000000e+00
###1.200000000000000e+00
4.526196025783955e-11
1.043862153216088e-10
1.299898982520188e-10
1.612135705985135e-10
1.995791536897181e-10
2.469215613426159e-10
3.049950649907535e-10
3.763793113753802e-10
4.640154477003114e-10
5.718158421722692e-10
7.043273853542737e-10
8.672681957906119e-10
1.067570470513539e-09
1.313830239504160e-09
1.616559009764039e-09
1.988658488175617e-09
2.445995422145834e-09
3.008090224671091e-09
3.698881839412025e-09
4.547581513995373e-09
5.590693906563004e-09
6.871738795206110e-09
8.445502530820761e-09
1.037899312783068e-08
1.275288190840951e-08
1.566906503696064e-08
1.924985704322356e-08
2.364640021914070e-08
2.904390628394894e-08
3.566972783146287e-08
4.380297153221673e-08
5.378465874612467e-08
6.603576876957107e-08
8.106573983941804e-08
9.950518413970009e-08
1.221329721143744e-07
1.498860422710029e-07
1.839249503200340e-07
2.256740826986996e-07
2.768589709026575e-07
3.396232827587796e-07
4.165695404415606e-07
5.108932521264634e-07
6.265051647468392e-07
7.681902420537236e-07
9.418271689473320e-07
1.154576081767593e-06
1.415244450099610e-06
1.734567546901300e-06
2.125730913119772e-06
2.604783209490997e-06
3.191491668258646e-06
3.910082072898085e-06
4.789887497442398e-06
5.867081486774424e-06
7.185998477960058e-06
8.801020906410452e-06
1.077789485910349e-05
1.319690361073953e-05
1.615842477562725e-05
1.978430937375314e-05
2.422214504256090e-05
2.965135554788976e-05
3.629953807441296e-05
4.443720534507307e-05
5.439832733823695e-05
6.659041554172932e-05
8.151076757555491e-05
9.978421351741392e-05
1.221324240369386e-04
1.495011674863232e-04
1.830192948248081e-04
2.240400965802143e-04
2.742423828029602e-04
3.357314359471100e-04
4.109560312323873e-04
5.031042560326686e-04
6.158405059448545e-04
7.538953971502315e-04
9.228747316144873e-04
1.129608581894694e-03
1.382523668246052e-03
1.691987024584200e-03
2.070511950457061e-03
2.533227778420848e-03
3.098945776156698e-03
3.790319420948500e-03
4.634341736115630e-03
5.664846173747252e-03
6.922346929916302e-03
8.455567053213800e-03
1.032430759322537e-02
1.259840823373331e-02
1.536425033425306e-02
1.872619912347862e-02
2.280523957264910e-02
2.774927800558074e-02
3.373193091979506e-02
4.095863522957032e-02
4.967036562306995e-02
6.014417411652698e-02
7.270310095350366e-02
8.771824715242632e-02
1.055937793770344e-01
1.267846259044746e-01
1.517669020278576e-01
1.810507686539622e-01
2.151039421395705e-01
2.543648313214759e-01
2.991430394581662e-01
3.495831180139354e-01
4.055297699912820e-01
4.664944104951052e-01
5.314710141154741e-01
5.989584229920953e-01
6.669198861662461e-01
7.329083368832253e-01
7.942852850515738e-01
8.486238269881212e-01
8.941072492235765e-01
9.298803285209266e-01
9.562212092045693e-01
9.743135163129031e-01
9.859198633493436e-01
9.928471241372000e-01
9.967635049883778e-01
9.986893034111264e-01
9.995268762597049e-01
9.998499067422046e-01
9.999588315710327e-01
9.999903701470141e-01
9.999981217071162e-01
9.999996998054790e-01
9.999999615099708e-01
9.999999961933306e-01
9.999999996882406e-01
9.999999999900966e-01
9.999999999992090e-01
9.999999999991226e-01
1.000000000000285e+00
1.000000000000042e+00
9.999999999999205e-01
1.000000000000027e+00
1.000000000000001e+00
9.999999999999949e-01
1.000000000000002e+00
1.000000000000000e+00
9.999999999999997e-01
1.000000000000000e+00
1.000000000000000e+00
###1.400000000000000e+00
5.550293914918936e-11
1.161158386255869e-10
1.447773995346949e-10
1.796721711083916e-10
2.225550292944459e-10
2.754763766371398e-10
3.403890761616670e-10
4.201334986651830e-10
5.180536289475539e-10
6.384825282029339e-10
7.865017336649904e-10
9.684986911118615e-10
1.192209029403475e-09
1.467223120544502e-09
1.805282800026144e-09
2.220768677517442e-09
2.731391070393991e-09
3.358930931029447e-09
4.130100409752651e-09
5.077454648632186e-09
6.242021361340160e-09
7.671509610078809e-09
9.427773870469777e-09
1.158530878897541e-08
1.423410406738156e-08
1.748774926374160e-08
2.148250464477060e-08
2.638691588581915e-08
3.240737835184300e-08
3.979725170849997e-08
4.886760182200263e-08
5.999833049398891e-08
7.365856007609243e-08
9.041543159036293e-08
1.109711248921509e-07
1.361945667256413e-07
1.671274323436606e-07
2.050624296692821e-07
2.515855063225373e-07
3.086162526101333e-07
3.785407674773093e-07
4.642554969997039e-07
5.693151916115413e-07
6.980698153968111e-07
8.558453765269898e-07
1.049165722316318e-06
1.286000667353263e-06
1.576140030309608e-06
1.931506148195197e-06
2.366746348509669e-06
2.899693646969739e-06
3.552276639313208e-06
4.351396042317908e-06
5.329584272693537e-06
6.526974988730799e-06
7.992679529271398e-06
9.787012841346401e-06
1.198269797121221e-05
1.466867482431281e-05
1.795605075548959e-05
2.197930226229922e-05
2.690172241443794e-05
3.292107596311082e-05
4.028893299576451e-05
4.930327901840541e-05
6.033200248192214e-05
7.382310610034566e-05
9.032312685244631e-05
1.105186578570418e-04
1.351998350319400e-04
1.654037806206202e-04
2.023663153115044e-04
2.475631849304107e-04
3.028249522666882e-04
3.704488272749526e-04
4.530897805694193e-04
5.542188565544431e-04
6.777951906101671e-04
8.289496996327930e-04
1.013722183575611e-03
1.239470328853944e-03
1.515251761596540e-03
1.852195639222831e-03
2.263698183295173e-03
2.765886356735015e-03
3.378818066202146e-03
4.126553224894013e-03
5.037621565746945e-03
6.147800039398296e-03
7.499742054530176e-03
9.144540554082550e-03
1.114478975628498e-02
1.357306899113785e-02
1.651908778299821e-02
2.009086921566592e-02
2.441264669965190e-02
2.963604320624733e-02
3.593793441172216e-02
4.352648781194120e-02
5.264482173902250e-02
6.356992804939512e-02
7.662282201982336e-02
9.217047155350948e-02
1.106075932526962e-01
1.323753421847102e-01
1.579288852000041e-01
1.877514579584719e-01
2.222735485757046e-01
2.618900635137191e-01
3.068594130837274e-01
3.572743101716245e-01
4.129254773256231e-01
4.732918161130524e-01
5.373514865584575e-01
6.036328543522841e-01
6.701734775841601e-01
7.346529811622911e-01
7.946025910709820e-01
8.477691570417423e-01
8.924741214603495e-01
9.279198217710954e-01
9.543306785483522e-01
9.727609135303842e-01
9.848028541343690e-01
9.921379637993264e-01
9.963568310676814e-01
9.984828796246226e-01
9.994350428356779e-01
9.998144343666229e-01
9.999470406635464e-01
9.999870624618945e-01
9.999973452394864e-01
9.999995511930084e-01
9.999999387538879e-01
9.999999934726811e-01
9.999999994492604e-01
9.999999999712924e-01
9.999999999983724e-01
9.999999999995581e-01
1.000000000000122e+00
1.000000000000028e+00
9.999999999999605e-01
1.000000000000012e+00
1.000000000000000e+00
9.999999999999978e-01
1.000000000000001e+00
1.000000000000000e+00
9.999999999999999e-01
1.000000000000000e+00
1.000000000000000e+00
###1.600000000000000e+00
6.678885341181723e-11
1.291007826687231e-10
1.611394084367385e-10
2.000908543492818e-10
2.479661535290860e-10
3.070508461447358e-10
3.795179150948141e-10
4.684987496773230e-10
5.777768648321536e-10
7.121512567451034e-10
8.772933002456095e-10
1.080324603431151e-09
1.329869302614612e-09
1.636611541259928e-09
2.013649052915720e-09
2.476987755123004e-09
3.046367960885255e-09
3.746057328957540e-09
4.605816855057173e-09
5.661884579420864e-09
6.960240020126454e-09
8.553223913336535e-09
1.051043168090472e-08
1.291460827643669e-08
1.586601118320483e-08
1.949081086741017e-08
2.394087328096824e-08
2.940368934547581e-08
3.610889808417413e-08
4.433834720135917e-08
5.443810675694403e-08
6.683075063578308e-08
8.203775839521171e-08
1.006897267635333e-07
1.235687490155438e-07
1.516368052930435e-07
1.860553539380583e-07
2.282596013193125e-07
2.800117866491185e-07
3.434431779915540e-07
4.212041651318232e-07
5.165113991510817e-07
6.333108251066688e-07
7.764304179063399e-07
9.517846603322026e-07
1.166598359968522e-06
1.429721182173098e-06
1.752009037383199e-06
2.146672123551332e-06
2.629942321374913e-06
3.221584776900165e-06
3.945868341216116e-06
4.832586232787489e-06
5.917728045036585e-06
7.245702275136113e-06
8.870775565658580e-06
1.085964415775741e-05
1.329245272257969e-05
1.626779102402970e-05
1.990793493728261e-05
2.436105103030940e-05
2.980725747816834e-05
3.646454159737805e-05
4.460844095268060e-05
5.456828670597191e-05
6.674666228153471e-05
8.163521096734052e-05
9.983406568478005e-05
1.220913866800358e-04
1.492783143178551e-04
1.825210634068782e-04
2.231712581032609e-04
2.728340912112590e-04
3.335002904417652e-04
4.076692666703141e-04
4.982129178501393e-04
6.088993245228802e-04
7.439965949028833e-04
9.090540364731931e-04
1.110565173197162e-03
1.356437319629926e-03
1.656381635096026e-03
2.022320231322069e-03
2.468561252684842e-03
3.012261485862072e-03
3.674761236121583e-03
4.481563001037925e-03
5.462768409609327e-03
6.656135489621302e-03
8.106490540297103e-03
9.867324679040761e-03
1.200404481337326e-02
1.459197745595950e-02
1.772415191023608e-02
2.151221543606075e-02
2.608359541571264e-02
3.159353433888317e-02
3.822203533657182e-02
4.617982918368623e-02
5.571193439107461e-02
6.709505208874889e-02
8.064795072573740e-02
9.673311466831667e-02
1.157357087982150e-01
1.380830405971811e-01
1.642096382002668e-01
1.945721967956774e-01
2.295653507667968e-01
2.695422301759080e-01
3.147146979448674e-01
3.651210902432242e-01
4.205078607427434e-01
4.803225476314269e-01
5.435302937184586e-01
6.086870557937745e-01
6.739002472862966e-01
7.369638930073910e-01
7.955617932527383e-01
8.475956406885684e-01
8.915097775778515e-01
9.265596718971101e-01
9.529277753477352e-01
9.715625687789347e-01
9.839155904070170e-01
9.915603436425683e-01
9.960139302864333e-01
9.983023188084480e-01
9.993516575510767e-01
9.997809283445077e-01
9.999354325212710e-01
9.999836518627289e-01
9.999965051305744e-01
9.999993813563851e-01
9.999999111677229e-01
9.999999899475489e-01
9.999999991110848e-01
9.999999999449900e-01
9.999999999970971e-01
9.999999999997317e-01
1.000000000000048e+00
1.000000000000018e+00
9.999999999999803e-01
1.000000000000006e+00
1.000000000000000e+00
9.999999999999990e-01
1.000000000000000e+00
1.000000000000000e+00
1.000000000000000e+00
1.000000000000000e+00
1.000000000000000e+00
###1.800000000000000e+00
7.907973378199720e-11
1.434979830350330e-10
1.792175728807332e-10
2.226455102113830e-10
2.760311334527001e-10
3.419163910394813e-10
4.227030283817329e-10
5.218868522558582e-10
6.436933224323567e-10
7.934442615831287e-10
9.774644237637335e-10
1.203682053776907e-09
1.481699588469222e-09
1.823401489104951e-09
2.243378492095700e-09
2.759417174265152e-09
3.393495076702104e-09
4.172609718792041e-09
5.129866022573295e-09
6.305548672588043e-09
7.751069094753834e-09
9.523858159892667e-09
1.170198701129795e-08
1.437734625865280e-08
1.766118085724891e-08
2.169367209791590e-08
2.664378263707964e-08
3.271960661307832e-08
4.017634201327346e-08
4.932693517793781e-08
6.055576215237071e-08
7.433201312242114e-08
9.123442723715944e-08
1.119628529062905e-07
1.373861415355745e-07
1.685692684165756e-07
2.068029328036564e-07
2.536779643561064e-07
3.111488812993742e-07
3.815767731126401e-07
4.679024529035331e-07
5.736863632110378e-07
7.033030041826393e-07
8.620992415540466e-07
1.056627287794993e-06
1.294874259441678e-06
1.586643201460322e-06
1.943945567545014e-06
2.381386508110850e-06
2.916907596620397e-06
3.572379170807446e-06
4.374583907683411e-06
5.356443578390694e-06
6.557677999798041e-06
8.027303511299050e-06
9.825141807025422e-06
1.202469729476445e-05
1.471425151648738e-05
1.800264041350730e-05
2.202412720797961e-05
2.694158345113890e-05
3.295313598779859e-05
4.029847546415604e-05
4.927855796006675e-05
6.025639514343234e-05
7.367137328036881e-05
9.006167116880912e-05
1.100845967237135e-04
1.345536283405907e-04
1.644254391486598e-04
2.009210910297776e-04
2.455129644045086e-04
2.999475150145558e-04
3.663797810767700e-04
4.475235342964877e-04
5.464786391771682e-04
6.673247916506481e-04
8.146536420803077e-04
9.944515745426176e-04
1.213686799381929e-03
1.480835380302235e-03
1.806290368403671e-03
2.202794689671513e-03
2.685598852084731e-03
3.272921941551125e-03
3.987422978173327e-03
4.856083496402903e-03
5.910612022563645e-03
7.190785551820914e-03
8.743636759762233e-03
1.062508259684186e-02
1.290336209144626e-02
1.565655463972905e-02
1.898100039004870e-02
2.299193719680210e-02
2.781992933047632e-02
3.362374233266327e-02
4.058637488579041e-02
4.892095357146811e-02
5.887411473528324e-02
7.072217370156286e-02
8.478129267019681e-02
1.014091361189884e-01
1.209813514109434e-01
1.439111752799365e-01
1.706128158664755e-01
2.015167967498451e-01
2.369831364215339e-01
2.773247843120556e-01
3.227095059360045e-01
3.731239297270140e-01
4.282742591609234e-01
4.875788467232134e-01
5.499922101031915e-01
6.140963448307857e-01
6.780633394368830e-01
7.397916460635603e-01
7.971022330255682e-01
8.480357653551071e-01
8.911466852183484e-01
9.257399003198294e-01
9.519670217618931e-01
9.706899800897326e-01
9.832443251879176e-01
9.911105918920149e-01
9.957367984081709e-01
9.981508752240360e-01
9.992791732836532e-01
9.997507248204202e-01
9.999245711223814e-01
9.999803297760382e-01
9.999956514033541e-01
9.999992005371122e-01
9.999998802601598e-01
9.999999857719952e-01
9.999999986819131e-01
9.999999999105922e-01
9.999999999952520e-01
9.999999999997620e-01
1.000000000000014e+00
1.000000000000011e+00
9.999999999999902e-01
1.000000000000003e+00
1.000000000000000e+00
9.999999999999996e-01
1.000000000000000e+00
1.000000000000000e+00
1.000000000000000e+00
1.000000000000000e+00
1.000000000000000e+00
###2.000000000000000e+00
9.251856740586752e-11
1.593383610121809e-10
1.991637091492500e-10
2.475274906147403e-10
3.069847654058988e-10
3.803635872238531e-10
4.703164637472328e-10
5.807401091804768e-10
7.163458878506956e-10
8.830296108689133e-10
1.087834649657120e-09
1.339576823548300e-09
1.648928932939882e-09
2.029097287243507e-09
2.496311403000367e-09
3.070312818852211e-09
3.775526449280883e-09
4.641955418706630e-09
5.706355531843895e-09
7.013463362148421e-09
8.620630286420862e-09
1.059087752819928e-08
1.301155842883347e-08
1.598453430028848e-08
1.963312111005709e-08
2.411281306692942e-08
2.961126531609607e-08
3.635910497446873e-08
4.463950180924922e-08
5.479920843744528e-08
6.726459149269835e-08
8.255564614520865e-08
1.013136402845266e-07
1.243138776649068e-07
1.525197513355387e-07
1.871085748348804e-07
2.295119901164051e-07
2.814889515969839e-07
3.452035763392211e-07
4.232700126618007e-07
5.189408356524432e-07
6.361512129326069e-07
7.797403976946977e-07
9.556205238993159e-07
1.171029502125431e-06
1.434787175898596e-06
1.757725718418434e-06
2.153107649734870e-06
2.637046808661600e-06
3.229331845957634e-06
3.954108548301604e-06
4.840870737459032e-06
5.925914337974529e-06
7.252978248533982e-06
8.876039072897691e-06
1.086089546778591e-05
1.328837090248322e-05
1.625548393596929e-05
1.988204862832456e-05
2.431519328246724e-05
2.973353609933383e-05
3.635445753992055e-05
4.444070388554310e-05
5.432076827243036e-05
6.639313419485861e-05
8.113657906011436e-05
9.913875301717685e-05
1.211176364505752e-04
1.479562228863722e-04
1.807014358344185e-04
2.206749226957135e-04
2.694764353943713e-04
3.290021578018619e-04
4.015794358421898e-04
4.901477434151337e-04
5.980462725599935e-04
7.296814188123795e-04
8.899832932951620e-04
1.085394644211672e-03
1.323378974849069e-03
1.613003064364053e-03
1.965368534348628e-03
2.394108049545761e-03
2.915325687846650e-03
3.548455158506919e-03
4.317471604605047e-03
5.250872113768941e-03
6.382006954402420e-03
7.752710209996637e-03
9.412254175969206e-03
1.141900862009724e-02
1.384406387887597e-02
1.676825605881280e-02
2.029122645456878e-02
2.453177241381111e-02
2.962352698577433e-02
3.572869053064406e-02
4.303312185803096e-02
5.175217335923371e-02
6.213366489929943e-02
7.445390730249725e-02
8.902561770337025e-02
1.062013076955378e-01
1.263476298161601e-01
1.498630267059356e-01
1.771418247526500e-01
2.085887247690980e-01
2.445302403886919e-01
2.852405950077752e-01
3.308453145441089e-01
3.812827763799221e-01
4.362213902118501e-01
4.950525811205625e-01
5.567219847719783e-01
6.198366289939075e-01
6.826279933404684e-01
7.430899277260908e-01
7.991683190920621e-01
8.490275979656861e-01
8.913227608268292e-01
9.254051964860166e-01
9.514052482289722e-01
9.701147117503522e-01
9.827736699394695e-01
9.907825464259445e-01
9.955250055785103e-01
9.980301391686048e-01
9.992191595033770e-01
9.997248016301834e-01
9.999149120862274e-01
9.999772642715503e-01
9.999948329659938e-01
9.999990199096097e-01
9.999998479809629e-01
9.999999811961806e-01
9.999999981841837e-01
9.999999998689991e-01
9.999999999928323e-01
9.999999999997062e-01
9.999999999999978e-01
1.000000000000006e+00
9.999999999999951e-01
1.000000000000001e+00
1.000000000000000e+00
9.999999999999998e-01
1.000000000000000e+00
1.000000000000000e+00
1.000000000000000e+00
1.000000000000000e+00
1.000000000000000e+00
###2.200000000000000e+00
1.072213288132538e-10
1.767974192363592e-10
2.211409909830401e-10
2.749354396399900e-10
3.410794710960784e-10
4.227047550771701e-10
5.227437152574676e-10
6.455339517247844e-10
7.963182083198793e-10
9.816240035357885e-10
1.209283316972221e-09
1.489085431398452e-09
1.832876459313796e-09
2.255313105388927e-09
2.774422088553012e-09
3.412085913064306e-09
4.195414304405272e-09
5.157691224256065e-09
6.339686512837269e-09
7.790996071779700e-09
9.575472438889827e-09
1.176225628134970e-08
1.444886493833481e-08
1.774801179661316e-08
2.179628606911517e-08
2.676583134590344e-08
3.286474717923048e-08
4.034826268122960e-08
4.953004744484095e-08
6.079377574694498e-08
7.461161398800208e-08
9.155869240050023e-08
1.123447079155240e-07
1.378271657532949e-07
1.690728482645469e-07
2.073787993697247e-07
2.543326764358013e-07
3.118757272971476e-07
3.823986495716080e-07
4.687911419286027e-07
5.746439197364528e-07
7.042999828165342e-07
8.630988104840030e-07
1.057567920211128e-06
1.295685313049128e-06
1.587177909398155e-06
1.943983793574695e-06
2.380720426779087e-06
2.915130810583055e-06
3.568997541223487e-06
4.368919135068809e-06
5.347312758318432e-06
6.544107470241159e-06
8.007366668051620e-06
9.796399743359678e-06
1.198342770171293e-05
1.465713204099838e-05
1.792390057659787e-05
2.191529758361394e-05
2.679223857730240e-05
3.275018331671988e-05
4.002707310309255e-05
4.891017042662927e-05
5.975836586357717e-05
7.300532551548026e-05
8.917416121129630e-05
1.089043075626977e-04
1.329780745254652e-04
1.623538806642753e-04
1.981694046155676e-04
2.418567378436310e-04
2.951493957711261e-04
3.601010036241600e-04
4.392200694896460e-04
5.356835327245956e-04
6.530814875002685e-04
7.961626264983507e-04
9.702107994193663e-04
1.182145007290100e-03
1.439944925666402e-03
1.753291053356976e-03
2.134020477990929e-03
2.596691622907931e-03
3.158273759104023e-03
3.839467637315930e-03
4.665596471606919e-03
5.666709356995401e-03
6.877832990906708e-03
8.342896828772128e-03
1.011344573199902e-02
1.225032853670409e-02
1.482750568493752e-02
1.792857189473965e-02
2.165645903403006e-02
2.613350204161167e-02
3.149630182171897e-02
3.791043455334832e-02
4.556447277503151e-02
5.467582274327334e-02
6.549328674309088e-02
7.829279405118911e-02
9.338366595526032e-02
1.111127629154584e-01
1.318375455305265e-01
1.559417060539325e-01
1.837998296208366e-01
2.157911156800273e-01
2.522095672334628e-01
2.932920020541878e-01
3.391234064099679e-01
3.895969388153648e-01
4.443454152993348e-01
5.027352905802804e-01
5.637048587808754e-01
6.258846955371454e-01
6.875613344305416e-01
7.468161092293211e-01
8.017075922922906e-01
8.505143009001559e-01
8.919809234587434e-01
9.255043627167951e-01
9.512017028057206e-01
9.698087226946520e-01
9.824870161431286e-01
9.905682925874572e-01
9.953762800033086e-01
9.979403212874516e-01
9.991724300414514e-01
9.997037930116214e-01
9.999067903180676e-01
9.999745910447650e-01
9.999940929402708e-01
9.999988502729423e-01
9.999998164287135e-01
9.999999765282507e-01
9.999999976511760e-01
9.999999998225154e-01
9.999999999899438e-01
9.999999999995969e-01
9.999999999999886e-01
1.000000000000004e+00
9.999999999999974e-01
1.000000000000001e+00
1.000000000000000e+00
9.999999999999999e-01
1.000000000000000e+00
1.000000000000000e+00
1.000000000000000e+00
1.000000000000000e+00
1.000000000000000e+00
###2.400000000000000e+00
1.232982375220536e-10
1.960152840105431e-10
2.454298929847461e-10
3.050901771052518e-10
3.785859993135372e-10
4.692752791890156e-10
5.803989791296843e-10
7.167777038915333e-10
8.842368714883238e-10
1.089997646298245e-09
1.342753402695995e-09
1.653362839414673e-09
2.034956248564271e-09
2.503778822525074e-09
3.079825727077971e-09
3.787320524153358e-09
4.656311533019767e-09
5.723671478240677e-09
7.034574123002108e-09
8.643888826674679e-09
1.062259631384964e-08
1.304648834321758e-08
1.602429924306236e-08
1.968035565740659e-08
2.416611495014544e-08
2.967152629877409e-08
3.642708604757815e-08
4.471489093727858e-08
5.488180475175067e-08
6.735182104625625e-08
8.264674106355080e-08
1.014018912042771e-07
1.244014427591463e-07
1.525921428270910e-07
1.871533709042269e-07
2.295121205241911e-07
2.814249525490096e-07
3.450318804163557e-07
4.229707987432892e-07
5.184247571482541e-07
6.353562495231932e-07
7.785484534766558e-07
9.538838978610115e-07
1.168551076616897e-06
1.431333407204154e-06
1.752937078703769e-06
2.146491213774348e-06
2.628079254239215e-06
3.217200260993351e-06
3.937793653680308e-06
4.819076785245036e-06
5.896636512644028e-06
7.214315137327819e-06
8.824783240794969e-06
1.079311656210358e-05
1.319841515401557e-05
1.613788606025030e-05
1.972765323548152e-05
2.411214342464271e-05
2.946692904102773e-05
3.600546141543160e-05
4.398761409512605e-05
5.372676078253152e-05
6.561434836712987e-05
8.012106034983163e-05
9.781748593282180e-05
1.193979220008630e-04
1.457128303079475e-04
1.778009055310230e-04
2.168946224978477e-04
2.645438996848635e-04
3.226229644409232e-04
3.933515731168866e-04
4.794274058773413e-04
5.842781739912711e-04
7.117563907202932e-04
8.669647565353321e-04
1.055569780164300e-03
1.284973948740661e-03
1.563698810176141e-03
1.902062122198817e-03
2.312663824095992e-03
2.811017064378151e-03
3.414991505868735e-03
4.146584624328043e-03
5.032507700837139e-03
6.104398594579963e-03
7.398994880748982e-03
8.962359803848094e-03
1.084834336923111e-02
1.312029892980842e-02
1.585507527732118e-02
1.913902564005238e-02
2.307836071128481e-02
2.779891619793576e-02
3.344019854738840e-02
4.017105792388445e-02
4.818264612805456e-02
5.769424972138382e-02
6.895544670829028e-02
8.224119133812063e-02
9.785812899377383e-02
1.161462925929651e-01
1.374539775194379e-01
1.621501425255804e-01
1.905897428130097e-01
2.231267659616234e-01
2.600235907942697e-01
3.014808243739380e-01
3.475444639878149e-01
3.980651127507723e-01
4.526419633863826e-01
5.106182025332691e-01
5.709260493921174e-01
6.322181328118718e-01
6.928321993051211e-01
7.509300763361600e-01
8.046729704048220e-01
8.524433658476531e-01
8.930686767715349e-01
9.259899720272498e-01
9.513180230319578e-01
9.697447610278270e-01
9.823674114954914e-01
9.904587592060969e-01
9.952870047347258e-01
9.978806007027313e-01
9.991391556363375e-01
9.996880225365480e-01
9.999004190281632e-01
9.999724087317470e-01
9.999934656512174e-01
9.999987010230693e-01
9.999997875907904e-01
9.999999720901516e-01
9.999999971220985e-01
9.999999997744312e-01
9.999999999867885e-01
9.999999999994558e-01
9.999999999999819e-01
1.000000000000002e+00
9.999999999999987e-01
1.000000000000000e+00
1.000000000000000e+00
1.000000000000000e+00
1.000000000000000e+00
1.000000000000000e+00
1.000000000000000e+00
1.000000000000000e+00
1.000000000000000e+00
###2.600000000000000e+00
1.408712091087083e-10
2.171412044197040e-10
2.720057290253872e-10
3.382264290977813e-10
4.197947972098060e-10
5.204349038695479e-10
6.437260280218630e-10
7.950176034687674e-10
9.807733812453974e-10
1.208974147692368e-09
1.489258268101463e-09
1.833646261891553e-09
2.256682462931995e-09
2.776346214045448e-09
3.414785917190234e-09
4.198781957099822e-09
5.161594705821467e-09
6.344017506007325e-09
7.796034226903070e-09
9.578266853777363e-09
1.176948081229296e-08
1.445274012957942e-08
1.774896006855773e-08
2.179518517238790e-08
2.675904974366632e-08
3.284999875087947e-08
4.032265078215239e-08
4.948866317911309e-08
6.073080837182869e-08
7.451706513758016e-08
9.142316749094523e-08
1.121499477720370e-07
1.375624158465932e-07
1.687040043845257e-07
2.068756017753572e-07
2.536484083747809e-07
3.109586799454904e-07
3.811632426375364e-07
4.671676230046049e-07
5.724726853329016e-07
7.014430769010839e-07
8.593384274867650e-07
1.052628590950987e-06
1.289215433663770e-06
1.578753311838551e-06
1.933004478064119e-06
2.366386606655555e-06
2.896552957528845e-06
3.544905760632538e-06
4.337700982275487e-06
5.306972229724867e-06
6.491717347852497e-06
7.939981480892620e-06
9.709378553044820e-06
1.187117059581702e-05
1.451183153172645e-05
1.773771306480765e-05
2.167531048874245e-05
2.648283462836588e-05
3.235151198998031e-05
3.951399133970876e-05
4.825351875134733e-05
5.891129678239542e-05
7.191337171532921e-05
8.776972888925014e-05
1.071014476924326e-04
1.306609701669059e-04
1.593709003870532e-04
1.943550791381856e-04
2.369455509302560e-04
2.888173658832858e-04
3.519920585857460e-04
4.288648583285239e-04
5.223322246652982e-04
6.360847528363037e-04
7.742497418374154e-04
9.422998083908691e-04
1.146302518473669e-03
1.394162610576147e-03
1.694965947917313e-03
2.059691635049191e-03
2.501730335991261e-03
3.037579849648289e-03
3.686044968915432e-03
4.470450870685899e-03
5.418936905253298e-03
6.564766813255893e-03
7.946446431463321e-03
9.612141245641786e-03
1.161810844650224e-02
1.403020742593919e-02
1.692819271259670e-02
2.040117386395165e-02
2.455862718076071e-02
2.952985120758218e-02
3.545719177956520e-02
4.251267014882638e-02
5.088988012179239e-02
6.080981264200897e-02
7.252261064833586e-02
8.630201873153583e-02
1.024516540966050e-01
1.213046047327357e-01
1.431996749719329e-01
1.684910774446631e-01
1.975142195310977e-01
2.305981322601791e-01
2.679743572843087e-01
3.098083691069136e-01
3.561085871248785e-01
4.066854021347192e-01
4.611061498035823e-01
5.186921259220271e-01
5.783708309259333e-01
6.388152412223081e-01
6.984109578167417e-01
7.553941396821480e-01
8.080199690395532e-01
8.547663015597491e-01
8.945375230146796e-01
9.268179890244005e-01
9.517181569659307e-01
9.698965292094260e-01
9.823978146857574e-01
9.904441582067235e-01
9.952526156667404e-01
9.978493538225244e-01
9.991189942133806e-01
9.996775487585026e-01
9.998959001645783e-01
9.999707773747187e-01
9.999929751019954e-01
9.999985794038165e-01
9.999997631412435e-01
9.999999681769929e-01
9.999999966362835e-01
9.999999997284739e-01
9.999999999836279e-01
9.999999999993014e-01
9.999999999999764e-01
1.000000000000001e+00
9.999999999999992e-01
1.000000000000000e+00
1.000000000000000e+00
1.000000000000000e+00
1.000000000000000e+00
1.000000000000000e+00
1.000000000000000e+00
1.000000000000000e+00
1.000000000000000e+00
###2.800000000000000e+00
1.600667466185391e-10
2.403352467790914e-10
3.011784465036579e-10
3.745942680287428e-10
4.650170024240155e-10
5.765689250286718e-10
7.132005927917611e-10
8.808387893909223e-10
1.086647375434850e-09
1.339435429058391e-09
1.649876591580201e-09
2.031259903759183e-09
2.499680310927617e-09
3.074997580680349e-09
3.781731435677177e-09
4.649426886904491e-09
5.714873058192031e-09
7.023133218677654e-09
8.629434338382350e-09
1.060069183971568e-08
1.302411087912271e-08
1.599079190358583e-08
1.963469032053379e-08
2.410707960047392e-08
2.959263309281512e-08
3.632249881438341e-08
4.457742852132351e-08
5.470112742286414e-08
6.711542350454183e-08
8.233611920960860e-08
1.009975062994969e-07
1.238718705379364e-07
1.519109007718245e-07
1.862639453582202e-07
2.283630511539482e-07
2.799363722073704e-07
3.431141360048614e-07
4.204881411344085e-07
5.152530245965613e-07
6.312548675577749e-07
7.732914000728322e-07
9.471378085453802e-07
1.159898043526217e-06
1.420243952448777e-06
1.738769518326629e-06
2.128374908336385e-06
2.604866564341779e-06
3.187587290779073e-06
3.899992707803980e-06
4.770814080103211e-06
5.835128408559079e-06
7.135585885257564e-06
8.724744535629119e-06
1.066552627348217e-05
1.303580382263305e-05
1.592995948877526e-05
1.946409235073543e-05
2.377587434114916e-05
2.903813299091499e-05
3.545884071371613e-05
4.329110959238052e-05
5.284306893374303e-05
6.448567315535488e-05
7.868128364422669e-05
9.598208582192902e-05
1.170625375043817e-04
1.427366898914593e-04
1.740033694710003e-04
2.120766599397119e-04
2.583937287348303e-04
3.147609044331947e-04
3.833555361358977e-04
4.667569404731209e-04
5.680705415149101e-04
6.912623729338132e-04
8.407472218523157e-04
1.022384912466408e-03
1.242660293849565e-03
1.510002279641395e-03
1.834083108604203e-03
2.226567826182041e-03
2.701666191751100e-03
3.276891489691763e-03
3.972017969784402e-03
4.811730686377924e-03
5.825636706933990e-03
7.048562008973658e-03
8.521122707018797e-03
1.029331043202406e-02
1.242393120743271e-02
1.498137208613533e-02
1.804830954580912e-02
2.171660516012597e-02
2.609898589210874e-02
3.132817371262269e-02
3.754928366554001e-02
4.493740350797450e-02
5.368842853981893e-02
6.402487501183741e-02
7.619723659475336e-02
9.047780771923915e-02
1.071668342078188e-01
1.265903151796039e-01
1.490772479729243e-01
1.749670556892193e-01
2.045756508446991e-01
2.382073278534770e-01
2.760634865230431e-01
3.182754389949570e-01
3.648153085232607e-01
4.154553392964631e-01
4.697325969875775e-01
5.269478001344871e-01
5.860245579644932e-01
6.456549674389772e-01
7.042697789956367e-01
7.601728625565393e-01
8.117071526908500e-01
8.574382064386609e-01
8.963426234309405e-01
9.279475056360238e-01
9.523683122782722e-01
9.702388475724821e-01
9.825613490713399e-01
9.905143483760819e-01
9.952679185521913e-01
9.978443781829011e-01
9.991112083893331e-01
9.996722140338115e-01
9.998932383580660e-01
9.999697213651098e-01
9.999926347568042e-01
9.999984901493045e-01
9.999997443074798e-01
9.999999650258878e-01
9.999999962279966e-01
9.999999996882295e-01
9.999999999807365e-01
9.999999999991510e-01
9.999999999999714e-01
1.000000000000000e+00
9.999999999999996e-01
1.000000000000000e+00
1.000000000000000e+00
1.000000000000000e+00
1.000000000000000e+00
1.000000000000000e+00
1.000000000000000e+00
1.000000000000000e+00
1.000000000000000e+00
###3.000000000000000e+00
1.810208851565933e-10
2.657692655407062e-10
3.331636224565679e-10
4.144623481593238e-10
5.145861078694660e-10
6.380901584779898e-10
7.893315774425446e-10
9.748679018571263e-10
1.202628040560718e-09
1.482325936551167e-09
1.825765597855762e-09
2.247621204616296e-09
2.765678340628699e-09
3.401855911439164e-09
4.183243373807932e-09
5.142414807544079e-09
6.320002213108355e-09
7.765724892513886e-09
9.540509377907351e-09
1.171814508982078e-08
1.439500624465207e-08
1.767094989813096e-08
2.169416477999790e-08
2.663128635085953e-08
3.268556268751559e-08
4.011176542377363e-08
4.921915475661290e-08
6.038586321076329e-08
7.407650674382757e-08
9.085856054077820e-08
1.114299517085231e-07
1.366403345651452e-07
1.675355280507142e-07
2.053794424384395e-07
2.517462120935981e-07
3.085338895281954e-07
3.780827741286982e-07
4.632379379504072e-07
5.675053967288411e-07
6.951102331840616e-07
8.513138088281293e-07
1.042441896811378e-06
1.276290547064407e-06
1.562364378009152e-06
1.912253624122102e-06
2.340099117429017e-06
2.863197297737835e-06
3.502712655706903e-06
4.284292694116839e-06
5.239343339336629e-06
6.406200923400699e-06
7.831435072200902e-06
9.572438121768295e-06
1.169783865161181e-05
1.429253016663295e-05
1.745940294990547e-05
2.132482751049291e-05
2.603879664402396e-05
3.178933344028245e-05
3.880239783229999e-05
4.735289420787889e-05
5.777541884750035e-05
7.047252438747810e-05
8.594515136330232e-05
1.047902943788084e-04
1.277388932471340e-04
1.556702440129570e-04
1.896639048197274e-04
2.310287263554714e-04
2.813132617866895e-04
3.424620090847892e-04
4.168163092064563e-04
5.071485806913057e-04
6.167837585294342e-04
7.499763235165536e-04
9.114415953479559e-04
1.107444458378126e-03
1.344919833494891e-03
1.632794735520630e-03
1.981398787685549e-03
2.403092079313657e-03
2.912932251989853e-03
3.529479788679499e-03
4.273512348082782e-03
5.171108129683329e-03
6.253381047373619e-03
7.556743840512137e-03
9.123998799805015e-03
1.100696316641707e-02
1.326703030715926e-02
1.597514071978738e-02
1.921690791751419e-02
2.308693888275092e-02
2.770119434471508e-02
3.319577840706014e-02
3.971850090923015e-02
4.744740920868620e-02
5.658055577134911e-02
6.734179917655790e-02
7.998176533132274e-02
9.477105140998325e-02
1.120061945478700e-01
1.320059362837302e-01
1.550891564508308e-01
1.815804157641115e-01
2.117761556390033e-01
2.459561183008620e-01
2.842922126291215e-01
3.268823391537318e-01
3.736636079472779e-01
4.243719038324675e-01
4.785154544000710e-01
5.353755877784632e-01
5.938726533646282e-01
6.527168426055783e-01
7.103812585746474e-01
7.652328420448967e-01
8.156958413030844e-01
8.604174214358459e-01
8.984424816199039e-01
9.293406532937006e-01
9.532368772502841e-01
9.707478344777987e-01
9.828416250970134e-01
9.906591239144277e-01
9.953273628922822e-01
9.978630768659833e-01
9.991147694989653e-01
9.996716897066515e-01
9.998923580407042e-01
9.999692336786908e-01
9.999924481296363e-01
9.999984354984024e-01
9.999997318129424e-01
9.999999627972087e-01
9.999999959229381e-01
9.999999996566420e-01
9.999999999783598e-01
9.999999999990200e-01
9.999999999999671e-01
9.999999999999999e-01
9.999999999999998e-01
1.000000000000000e+00
1.000000000000000e+00
1.000000000000000e+00
1.000000000000000e+00
1.000000000000000e+00
1.000000000000000e+00
1.000000000000000e+00
1.000000000000000e+00
###3.200000000000001e+00
2.038780900648560e-10
2.936273220039775e-10
3.681924617057145e-10
4.581184183101901e-10
5.688590758781036e-10
7.054406781986953e-10
8.726638194045595e-10
1.077775408231309e-09
1.329538929609874e-09
1.638667805733340e-09
2.018166343631126e-09
2.484247648909005e-09
3.056527428051150e-09
3.759177787628709e-09
4.622084293145947e-09
5.681129400851445e-09
6.981098372137700e-09
8.576823905571728e-09
1.053537800570883e-08
1.293807379685600e-08
1.589125094592082e-08
1.950422026699613e-08
2.394079704509356e-08
2.938396019780147e-08
3.605776291314574e-08
4.424200483265839e-08
5.427712819644360e-08
6.657861621380671e-08
8.165761289703453e-08
1.001370963463041e-07
1.227844704758076e-07
1.505329455152572e-07
1.845304175528090e-07
2.261651526134119e-07
2.771633456297154e-07
3.396084357793806e-07
4.160682259818381e-07
5.096581689807326e-07
6.242243467108218e-07
7.643984483212344e-07
9.359417718394337e-07
1.145778249931874e-06
1.402438916845353e-06
1.716335590615781e-06
2.100126674707225e-06
2.569290446231987e-06
3.142716333596957e-06
3.843535722894305e-06
4.699743536876090e-06
5.745620318507013e-06
7.022988499239435e-06
8.582627600899500e-06
1.048709787223030e-05
1.281113712510954e-05
1.564715234702763e-05
1.910710356466676e-05
2.332834783272725e-05
2.847400195694086e-05
3.474828797267557e-05
4.239632322771573e-05
5.171619726026796e-05
6.307063206561253e-05
7.689571211456553e-05
9.373306793202260e-05
1.142279875799528e-04
1.391703713855411e-04
1.695088015444973e-04
2.064081838866957e-04
2.512770760659752e-04
3.057816756639614e-04
3.720118853826920e-04
4.524815020638188e-04
5.501653951479091e-04
6.686189644678834e-04
8.123893042122333e-04
9.865439224266159e-04
1.197711539613285e-03
1.453337780934955e-03
1.762852601385122e-03
2.137273644308756e-03
2.589679432679972e-03
3.136004655162799e-03
3.795889559503205e-03
4.591148877280926e-03
5.549288213086013e-03
6.702967631415248e-03
8.090230747599297e-03
9.756082720107901e-03
1.175422394865416e-02
1.414865438464298e-02
1.701289198915205e-02
2.043550125781165e-02
2.451382541064631e-02
2.936703985742505e-02
3.513458723984564e-02
4.196689329983050e-02
5.004485514185853e-02
5.956853368525635e-02
7.076294223585219e-02
8.387861522576526e-02
9.918419834205615e-02
1.169721856076843e-01
1.375538691437774e-01
1.612377023321355e-01
1.883332825060272e-01
2.191175747313474e-01
2.538459183691629e-01
2.926612656773626e-01
3.356288833152605e-01
3.826519255524871e-01
4.334315393845444e-01
4.874484135759866e-01
5.439655506351688e-01
6.019005895232723e-01
6.599809213932513e-01
7.167194903295935e-01
7.705425101139631e-01
8.199498489327217e-01
8.636652296270616e-01
9.007986685909126e-01
9.309620872053387e-01
9.542943462683139e-01
9.714009631518632e-01
9.832228319685991e-01
9.908684352079172e-01
9.954252700738001e-01
9.979026233502799e-01
9.991284524656361e-01
9.996755244253590e-01
9.998931221484481e-01
9.999692820863545e-01
9.999924102624569e-01
9.999984153796322e-01
9.999997258825244e-01
9.999999615671338e-01
9.999999957362110e-01
9.999999996356922e-01
9.999999999766799e-01
9.999999999989206e-01
9.999999999999641e-01
9.999999999999994e-01
9.999999999999999e-01
1.000000000000000e+00
1.000000000000000e+00
1.000000000000000e+00
1.000000000000000e+00
1.000000000000000e+00
1.000000000000000e+00
1.000000000000000e+00
1.000000000000000e+00
###3.400000000000001e+00
2.287980133481478e-10
3.241065732190408e-10
4.065124165899955e-10
5.058703023205032e-10
6.282177359894398e-10
7.790937585032360e-10
9.637800756078197e-10
1.190278532157500e-09
1.468260426671482e-09
1.809532488505118e-09
2.228398482993091e-09
2.742752842383379e-09
3.374205431977689e-09
4.149379542391966e-09
5.101204827432167e-09
6.269162878599197e-09
7.702565185673007e-09
9.461767949763695e-09
1.162056415418403e-08
1.426844415360246e-08
1.752252531724031e-08
2.150241257846109e-08
2.638890473478127e-08
3.238272238321102e-08
3.973047890322112e-08
4.873896956462909e-08
5.978263786432513e-08
7.331741435616507e-08
8.990468990232762e-08
1.102279554177244e-07
1.351292805444617e-07
1.656320936484155e-07
2.029954531290294e-07
2.487416244347307e-07
3.047610691098952e-07
3.733377150040082e-07
4.572841837929467e-07
5.600089204499509e-07
6.857235992304459e-07
8.394987975213500e-07
1.027633695396810e-06
1.257698036620895e-06
1.539012849728795e-06
1.882963234556693e-06
2.303360375922400e-06
2.817118726932652e-06
3.444834854550721e-06
4.211753945847668e-06
5.148387896140983e-06
6.292105300284648e-06
7.688441799061692e-06
9.392702983699021e-06
1.147297806171531e-05
1.401051028783371e-05
1.710578042464038e-05
2.088035345078176e-05
2.548337158851214e-05
3.109190423116440e-05
3.792742525355024e-05
4.625543572479314e-05
5.639866891462593e-05
6.874970922195973e-05
8.378018909618650e-05
1.020739419441378e-04
1.243302918547081e-04
1.513985878617630e-04
1.843015833870320e-04
2.242942303237802e-04
2.728902832432298e-04
3.318797187883456e-04
4.035054671038728e-04
4.904625410635848e-04
5.959379534893496e-04
7.237292609397868e-04
8.786869074086138e-04
1.066252697177515e-03
1.293428195828855e-03
1.568190532179896e-03
1.900499104405132e-03
2.302080465601402e-03
2.786758549436636e-03
3.371374781216197e-03
4.076682536203902e-03
4.925567045404879e-03
5.946996486180670e-03
7.175216550567405e-03
8.649944742421041e-03
1.041840838702243e-02
1.253624474630755e-02
1.507008079048190e-02
1.809603410845658e-02
2.170563278056763e-02
2.599894436316285e-02
3.109833738565440e-02
3.714654674897692e-02
4.429653042860475e-02
5.273192188518144e-02
6.265463680856136e-02
7.429065029573306e-02
8.789017554449960e-02
1.037196447255819e-01
1.220671747376317e-01
1.432363944967801e-01
1.675250204414270e-01
1.952275585967347e-01
2.266014639012450e-01
2.618777876112821e-01
3.011709822428889e-01
3.445143986163556e-01
3.917781739050883e-01
4.426301703633200e-01
4.965247257124104e-01
5.527074868503984e-01
6.100938820648274e-01
6.674277469437715e-01
7.232597140910982e-01
7.760719925623362e-01
8.244352742186947e-01
8.671456091040788e-01
9.033755871164940e-01
9.327791855629650e-01
9.555132499417445e-01
9.721769508200591e-01
9.836899423006384e-01
9.911325578350537e-01
9.955559821935707e-01
9.979600882949254e-01
9.991509181941192e-01
9.996831849011782e-01
9.998953494039826e-01
9.999698151120443e-01
9.999925094418534e-01
9.999984277856477e-01
9.999997262987137e-01
9.999999613331829e-01
9.999999956720280e-01
9.999999996262554e-01
9.999999999757974e-01
9.999999999988608e-01
9.999999999999624e-01
9.999999999999991e-01
1.000000000000000e+00
1.000000000000000e+00
1.000000000000000e+00
1.000000000000000e+00
1.000000000000000e+00
1.000000000000000e+00
1.000000000000000e+00
1.000000000000000e+00
1.000000000000000e+00
###3.600000000000001e+00
2.559464559410305e-10
3.574170652013992e-10
4.483880725841453e-10
5.580470805586185e-10
6.930702862584718e-10
8.595534903072280e-10
1.063303404963531e-09
1.313144591115820e-09
1.619733098739710e-09
1.996070967250170e-09
2.457874035995836e-09
3.024864049967506e-09
3.720823561424873e-09
4.575039851659431e-09
5.623752918291778e-09
6.910353597912695e-09
8.489074783131761e-09
1.042626409883274e-08
1.280302047001108e-08
1.571770762619017e-08
1.929913909174791e-08
2.367807527545738e-08
2.905373959680160e-08
3.564614444341758e-08
4.372617342004020e-08
5.363004465276993e-08
6.576894580329292e-08
8.064273741058015e-08
9.886675144009867e-08
1.211904189547650e-07
1.485362560541620e-07
1.820252103809320e-07
2.230370359755208e-07
2.732370882593629e-07
3.346949389711200e-07
4.099105071236455e-07
5.019582256272170e-07
6.145660352178819e-07
7.523357892116479e-07
9.208130161847716e-07
1.126874898093948e-06
1.378786341429336e-06
1.686722306231910e-06
2.063099354734702e-06
2.522977715683029e-06
3.084819626275963e-06
3.771051991458189e-06
4.609157863553729e-06
5.632378278122912e-06
6.881377168751896e-06
8.405665520530155e-06
1.026538614365925e-05
1.253457659149094e-05
1.530130793199494e-05
1.867479523139341e-05
2.278681072311614e-05
2.779905003979639e-05
3.390342894499541e-05
4.133977785943819e-05
5.039533231922475e-05
6.141881537348340e-05
7.483463697949810e-05
9.115184740322950e-05
1.110010898423107e-04
1.351339388546630e-04
1.644670084020966e-04
2.000999620772019e-04
2.433826825296596e-04
2.959398184063115e-04
3.596914922847331e-04
4.370415610760097e-04
5.308753232697663e-04
6.446019587970334e-04
7.822725332501866e-04
9.490557916786241e-04
1.150780977713526e-03
1.394843046684674e-03
1.689767568456547e-03
2.046068586094093e-03
2.476204550322457e-03
2.994772100208219e-03
3.619549620604060e-03
4.372437736067869e-03
5.277425396292667e-03
6.364979347516102e-03
7.670970522991955e-03
9.236832301151847e-03
1.111203568994039e-02
1.335420497136512e-02
1.603261539166176e-02
1.922600443601176e-02
2.302887478986982e-02
2.754400355247483e-02
3.289692802815553e-02
3.923362603642012e-02
4.670949902393302e-02
5.551079929562976e-02
6.584113808733409e-02
7.792725331477152e-02
9.201880035793632e-02
1.083797273781444e-01
1.272934384155421e-01
1.490556644183938e-01
1.739530703510723e-01
2.022649171502945e-01
2.342290882269076e-01
2.700524282268412e-01
3.098212846494494e-01
3.535377335009198e-01
4.010397515806369e-01
4.519632195815793e-01
5.057372199771232e-01
5.615909436863105e-01
6.184380858546826e-01
6.750383171727538e-01
7.299781441506475e-01
7.817929769725317e-01
8.291203185210329e-01
8.708252636464004e-01
9.061403808740297e-01
9.347619847153814e-01
9.568680987615932e-01
9.730559730909744e-01
9.842288419536896e-01
9.914422261394608e-01
9.957139981950206e-01
9.980325411029287e-01
9.991807786375019e-01
9.996940923160043e-01
9.998988303468075e-01
9.999707682937983e-01
9.999927290533440e-01
9.999984692269587e-01
9.999997324881874e-01
9.999999620255022e-01
9.999999957247724e-01
9.999999996281451e-01
9.999999999757282e-01
9.999999999988434e-01
9.999999999999621e-01
9.999999999999989e-01
1.000000000000000e+00
1.000000000000000e+00
1.000000000000000e+00
1.000000000000000e+00
1.000000000000000e+00
1.000000000000000e+00
1.000000000000000e+00
1.000000000000000e+00
1.000000000000000e+00
###3.800000000000001e+00
2.855025071783606e-10
3.937836938683548e-10
4.941021505048828e-10
6.150004191695554e-10
7.638536731646281e-10
9.473595335612405e-10
1.171900046962953e-09
1.447189956136057e-09
1.784961611540181e-09
2.199514310579270e-09
2.708099984812978e-09
3.332424293946685e-09
4.098633970389393e-09
5.038908852379002e-09
6.193084987941709e-09
7.608795144853698e-09
9.345614699895080e-09
1.147639236677524e-08
1.409015186147599e-08
1.729488069092946e-08
2.123206652985883e-08
2.604457659984054e-08
3.195152724802401e-08
3.919415435798260e-08
4.806881029944277e-08
5.894433364210995e-08
7.227138911566484e-08
8.859736508081729e-08
1.085958349305461e-07
1.330875370476334e-07
1.630818491703271e-07
1.998050200721061e-07
2.447671174541607e-07
2.997875621486765e-07
3.671301400115983e-07
4.495250872585979e-07
5.503312670559977e-07
6.736204082783248e-07
8.244127702754409e-07
1.008766027545654e-06
1.234178314718349e-06
1.509662028462996e-06
1.846309010261671e-06
2.257643378683982e-06
2.760073884226851e-06
3.373697436971703e-06
4.122927574470349e-06
5.037647774832528e-06
6.153998739502897e-06
7.516158390350474e-06
9.177930921788778e-06
1.120459664622358e-05
1.367654326787854e-05
1.668916144790787e-05
2.036092098582279e-05
2.483451325917996e-05
3.028498341675157e-05
3.692003162044965e-05
4.499900342330943e-05
5.483222131020327e-05
6.679605465214268e-05
8.134841742102114e-05
9.903818168523422e-05
1.205453128872410e-04
1.466772849140441e-04
1.784209971350064e-04
2.169575211651400e-04
2.637367489125188e-04
3.205001333069284e-04
3.893045474942044e-04
4.727229581500105e-04
5.738403296371037e-04
6.962983859590012e-04
8.444133927780082e-04
1.023687722447364e-03
1.240351872199006e-03
1.502214835186909e-03
1.818368466534605e-03
2.199906785878369e-03
2.660043989476082e-03
3.214177051633810e-03
3.881052062429678e-03
4.683751744544277e-03
5.647401796822720e-03
6.804004283075462e-03
8.191095087969898e-03
9.851864476605405e-03
1.183805051795022e-02
1.420931136296850e-02
1.703759228092715e-02
2.040426894359773e-02
2.440682785983786e-02
2.915073778509256e-02
3.476467737646106e-02
4.139781456882711e-02
4.920790010183390e-02
5.838368291086071e-02
6.913030444635612e-02
8.167505975668211e-02
9.626680224815834e-02
1.131667165034514e-01
1.326531543349408e-01
1.550136939281682e-01
1.805236280866779e-01
2.094467942012876e-01
2.420014162316511e-01
2.783701822230328e-01
3.186116734894127e-01
3.626972641690143e-01
4.104335556059704e-01
4.614256248954919e-01
5.150783212093465e-01
5.706052305188559e-01
6.269187932055389e-01
6.827939712069947e-01
7.368519019927879e-01
7.876785954603575e-01
8.339751204471091e-01
8.746726837332827e-01
9.090621243003076e-01
9.368825866711806e-01
9.583353995298122e-01
9.740196286276039e-01
9.848260953454120e-01
9.917887069062942e-01
9.958940652685919e-01
9.981171307146491e-01
9.992166502407387e-01
9.997076520100078e-01
9.999033420758602e-01
9.999720695366278e-01
9.999930493575352e-01
9.999985352192123e-01
9.999997436226343e-01
9.999999635235437e-01
9.999999958810797e-01
9.999999996402825e-01
9.999999999764126e-01
9.999999999988667e-01
9.999999999999633e-01
9.999999999999988e-01
1.000000000000000e+00
1.000000000000000e+00
1.000000000000000e+00
1.000000000000000e+00
1.000000000000000e+00
1.000000000000000e+00
1.000000000000000e+00
1.000000000000000e+00
1.000000000000000e+00
###4.000000000000001e+00
3.176571420766246e-10
4.334466161615535e-10
5.439565733494394e-10
6.771058263294801e-10
8.410328676975255e-10
1.043087984041558e-09
1.290278774498372e-09
1.593287752525354e-09
1.965019195990689e-09
2.421175945287373e-09
2.980683798696106e-09
3.667399436354316e-09
4.510037836601412e-09
5.543917925896484e-09
6.812777796022609e-09
8.368848656158665e-09
1.027749968535695e-08
1.261862665279704e-08
1.548984083033826e-08
1.900957267320633e-08
2.333298284130793e-08
2.861620856326046e-08
3.509951888305569e-08
4.304747008952932e-08
5.278385069310232e-08
6.471274943216507e-08
7.932748933964880e-08
9.722680576195506e-08
1.191471563035268e-07
1.459862483131049e-07
1.788471906898005e-07
2.190698094340099e-07
2.683046268026971e-07
3.285371270008195e-07
4.022402647549222e-07
4.923923009603542e-07
6.026582004364450e-07
7.374795483616898e-07
9.023286931083333e-07
1.103811562808257e-06
1.350085844330940e-06
1.650978615156651e-06
2.018560684434142e-06
2.467544320950653e-06
3.015785633756023e-06
3.685135663423805e-06
4.502113011859106e-06
5.499199312717390e-06
6.715621503352105e-06
8.199318397041548e-06
1.000869150306321e-05
1.221446121524354e-05
1.490381135735667e-05
1.818001437496619e-05
2.217123047704852e-05
2.703189987016129e-05
3.295124583142919e-05
4.015371837514003e-05
4.891940771154063e-05
5.958311871775079e-05
7.255054810286550e-05
8.831510459833455e-05
1.074677744751323e-04
1.307406167860697e-04
1.590003616706634e-04
1.933078797350673e-04
2.349301279020162e-04
2.854222918429353e-04
3.466487567690828e-04
4.208099950193377e-04
5.106565567609605e-04
6.194827730168223e-04
7.511736409412024e-04
9.103226712386203e-04
1.102782371885829e-03
1.335195958126665e-03
1.615811473029707e-03
1.954303153365519e-03
2.362371102912126e-03
2.854009939132075e-03
3.445444945797865e-03
4.156421174265423e-03
5.011238989371498e-03
6.036193690923715e-03
7.264860087360000e-03
8.736478777195507e-03
1.049603698362342e-02
1.259756475045827e-02
1.510279782662540e-02
1.808637342758447e-02
2.163232162119710e-02
2.584111993118985e-02
3.082090757438308e-02
3.670347375534718e-02
4.364111985960697e-02
5.179384598518928e-02
6.135277021293665e-02
7.252439221153699e-02
8.553635111110450e-02
1.006364459195402e-01
1.180828083814669e-01
1.381483935469089e-01
1.611123526023671e-01
1.872382778682133e-01
2.167743812508096e-01
2.499191141332375e-01
2.868310285720764e-01
3.275412288262459e-01
3.719909007019196e-01
4.199559932761740e-01
4.710118549972357e-01
5.245400664997971e-01
5.797394536323098e-01
6.355216278507859e-01
6.906762660541951e-01
7.438589458644702e-01
7.937033185849450e-01
8.389716092161652e-01
8.786586967447534e-01
9.121124589901506e-01
9.391151854119050e-01
9.598932717495094e-01
9.750509098194454e-01
9.854696077686271e-01
9.921638884478079e-01
9.960912567553958e-01
9.982111506101837e-01
9.992571971004927e-01
9.997232815030035e-01
9.999086599791260e-01
9.999736442250351e-01
9.999934491683672e-01
9.999986207320181e-01
9.999997587220490e-01
9.999999656741818e-01
9.999999961222954e-01
9.999999996609368e-01
9.999999999777364e-01
9.999999999989246e-01
9.999999999999657e-01
9.999999999999987e-01
1.000000000000000e+00
1.000000000000000e+00
1.000000000000000e+00
1.000000000000000e+00
1.000000000000000e+00
1.000000000000000e+00
1.000000000000000e+00
1.000000000000000e+00
1.000000000000000e+00
###4.200000000000001e+00
3.526139589531541e-10
4.766621621020837e-10
5.982735714192910e-10
7.447640717333492e-10
9.251046151863691e-10
1.147353518927717e-09
1.419197144917678e-09
1.752369301980425e-09
2.161046631582922e-09
2.662456312138720e-09
3.277339083427828e-09
4.031883889983310e-09
4.957593709238506e-09
6.093189801364116e-09
7.486640587474673e-09
9.195157562530041e-09
1.129038701463642e-08
1.385985613690607e-08
1.701047309033530e-08
2.087196431299898e-08
2.561430146977378e-08
3.140793705615909e-08
3.851604426237350e-08
4.722835897572448e-08
5.789833175528557e-08
7.096810901337428e-08
8.697706640407016e-08
1.065793538634970e-07
1.305792753358374e-07
1.599575256323052e-07
1.959182662600051e-07
2.399237074333750e-07
2.937756230990927e-07
3.596383187989425e-07
4.402098201858297e-07
5.387352067729472e-07
6.592085843754517e-07
8.064689581489500e-07
9.864743617046036e-07
1.206417552515804e-06
1.475169679889317e-06
1.803425843099490e-06
2.204308390793706e-06
2.693802942369206e-06
3.291313710872876e-06
4.020575605337290e-06
4.910349826309340e-06
5.995901838490301e-06
7.319754900136588e-06
8.933886777063343e-06
1.090153804574623e-05
1.329929652515152e-05
1.622156231562000e-05
1.978000891357382e-05
2.411318209242173e-05
2.938783700766446e-05
3.580841690773290e-05
4.361711111677667e-05
5.311598272287872e-05
6.466589098899453e-05
7.870347824595691e-05
9.575984575923377e-05
1.164704446260475e-04
1.416223673816721e-04
1.721449509259617e-04
2.091772815974856e-04
2.540760170333006e-04
3.085079189745885e-04
3.744663964671498e-04
4.543026177565030e-04
5.509534882435582e-04
6.679327345377953e-04
8.093797150084294e-04
9.801775810613991e-04
1.186545151391218e-03
1.435551179519063e-03
1.735910211085227e-03
2.097892123215706e-03
2.533830829331566e-03
3.058526869736899e-03
3.689062157043304e-03
4.446212459935378e-03
5.355531990864322e-03
6.444518327765016e-03
7.748357055288296e-03
9.308033251996495e-03
1.117037024636188e-02
1.339171620113389e-02
1.603592522070950e-02
1.918034826581340e-02
2.291168381118633e-02
2.733340532607643e-02
3.255629776064014e-02
3.871522636395961e-02
4.596556504567348e-02
5.446945721552145e-02
6.442025678890176e-02
7.602564244201906e-02
8.951337634681179e-02
1.051299417704445e-01
1.231301180970399e-01
1.437811125507505e-01
1.673533563755102e-01
1.940984041988472e-01
2.242486182996043e-01
2.579825407271614e-01
2.954345812188675e-01
3.366086124978527e-01
3.814160946541503e-01
4.296029960494846e-01
4.807159347770898e-01
5.341141285927957e-01
5.889825663098197e-01
6.442322676351602e-01
6.986678625736621e-01
7.509780549957097e-01
7.998428870544957e-01
8.440834020933766e-01
8.827561739214410e-01
9.152651344091083e-01
9.414360012985785e-01
9.615216825289926e-01
9.761341916108409e-01
9.861481346317864e-01
9.925603179195993e-01
9.963010240714649e-01
9.983120769093765e-01
9.993011633758477e-01
9.997404226229554e-01
9.999145670950710e-01
9.999754189665777e-01
9.999939072867883e-01
9.999987205939141e-01
9.999997767483434e-01
9.999999683090987e-01
9.999999964270190e-01
9.999999996880192e-01
9.999999999795470e-01
9.999999999990097e-01
9.999999999999691e-01
9.999999999999986e-01
1.000000000000000e+00
1.000000000000000e+00
1.000000000000000e+00
1.000000000000000e+00
1.000000000000000e+00
1.000000000000000e+00
1.000000000000000e+00
1.000000000000000e+00
1.000000000000000e+00
###4.400000000000001e+00
3.905901242087986e-10
5.237037262148010e-10
6.573968612470424e-10
8.184027228416775e-10
1.016598868380589e-09
1.260811624354537e-09
1.559462897133414e-09
1.925427448868433e-09
2.374262056410920e-09
2.924847794576338e-09
3.599891566582863e-09
4.428108755730169e-09
5.444026298550288e-09
6.690049210004557e-09
8.218728017212829e-09
1.009266315692475e-08
1.239029519374577e-08
1.520740795224285e-08
1.866096485404739e-08
2.289289035263877e-08
2.808921391844133e-08
3.443578727611299e-08
4.222056987363723e-08
5.176046247210495e-08
6.344095029504346e-08
7.774524167582349e-08
9.526235788743950e-08
1.167062240337768e-07
1.429542652776855e-07
1.750765762239995e-07
2.143861603932584e-07
2.624769814442497e-07
3.213135486476082e-07
3.932525457786701e-07
4.812339612441641e-07
5.887896650676682e-07
7.202673418068267e-07
8.809338436118264e-07
1.077265017911175e-06
1.317085972852059e-06
1.610033635334406e-06
1.967731351517553e-06
2.404428485700613e-06
2.937474110203150e-06
3.587928247821713e-06
4.381541305065534e-06
5.349471333828904e-06
6.529956836635065e-06
7.969040773299319e-06
9.723009237333486e-06
1.186027241950661e-05
1.446364836902612e-05
1.763523575937754e-05
2.149564883626588e-05
2.619447515834745e-05
3.191157004072200e-05
3.886752047595719e-05
4.732334857277676e-05
5.760444266765823e-05
7.009934645882817e-05
8.527705161025921e-05
1.037089443813207e-04
1.260773382838511e-04
1.532274359330331e-04
1.861546429814970e-04
2.260804357462367e-04
2.744561988657936e-04
3.330640478859268e-04
4.040370370494270e-04
4.898809885327837e-04
5.937292514135765e-04
7.193253169435644e-04
8.710743511725414e-04
1.054161915926777e-03
1.275189583824956e-03
1.541671843332059e-03
1.862798020533263e-03
2.249466746239826e-03
2.714667463082186e-03
3.274032875325855e-03
3.945530200571036e-03
4.750998160039618e-03
5.717281648234124e-03
6.873113018683820e-03
8.255327195714056e-03
9.906693453650334e-03
1.187590945040673e-02
1.422166855645557e-02
1.700998112529907e-02
2.032093325474600e-02
2.424390349731738e-02
2.888536370630539e-02
3.435871605606425e-02
4.080186332817774e-02
4.837318635672069e-02
5.723685934534996e-02
6.758833235885794e-02
7.963627612137127e-02
9.360834622402037e-02
1.097494392950879e-01
1.283106721503499e-01
1.495531453633023e-01
1.737382592839516e-01
2.011051838685647e-01
2.318701867953313e-01
2.661917421464334e-01
3.041800867846538e-01
3.458120698427416e-01
3.909698456045633e-01
4.393700313747078e-01
4.905314422015876e-01
5.437918309056248e-01
5.983231358775739e-01
6.530364420855693e-01
7.067513376340235e-01
7.581887845191914e-01
8.060742384940963e-01
8.492857011414783e-01
8.869398510021430e-01
9.184958862017553e-01
9.438233972182094e-01
9.632023131517043e-01
9.772552093468218e-01
9.868513992879807e-01
9.929712208979105e-01
9.965192278437018e-01
9.984176084792833e-01
9.993473958653999e-01
9.997585599829233e-01
9.999208611766315e-01
9.999773246802885e-01
9.999944034846946e-01
9.999988298174439e-01
9.999997966837707e-01
9.999999712604211e-01
9.999999967733418e-01
9.999999997193334e-01
9.999999999816799e-01
9.999999999991130e-01
9.999999999999732e-01
9.999999999999986e-01
1.000000000000000e+00
1.000000000000000e+00
1.000000000000000e+00
1.000000000000000e+00
1.000000000000000e+00
1.000000000000000e+00
1.000000000000000e+00
1.000000000000000e+00
1.000000000000000e+00
###4.600000000000001e+00
4.318170397187877e-10
5.748627933225699e-10
7.216928926221883e-10
8.984770954795992e-10
1.116080530988511e-09
1.384160943565861e-09
1.711936835306223e-09
2.113520070714001e-09
2.605963221613792e-09
3.209939965748443e-09
3.950285474566453e-09
4.858449170882141e-09
5.972235857414579e-09
7.338034263173804e-09
9.013353892230554e-09
1.106662121170193e-08
1.358362411998766e-08
1.666907144883044e-08
2.045079222989117e-08
2.508388540593555e-08
3.077173216341217e-08
3.771677610233697e-08
4.623376071804110e-08
5.666887000443411e-08
6.944215141456539e-08
8.508107130820894e-08
1.042281464811303e-07
1.276616995116478e-07
1.563378978295599e-07
1.914230608633924e-07
2.343473188811147e-07
2.868463501748230e-07
3.510596043071585e-07
4.295505405289135e-07
5.255197387794864e-07
6.428049867072908e-07
7.861355388855933e-07
9.612366833624378e-07
1.175144126842049e-06
1.436345968385810e-06
1.755314775171689e-06
2.144662515382486e-06
2.619844806130412e-06
3.199669419969444e-06
3.906976979808177e-06
4.769639237734902e-06
5.821406880327969e-06
7.103680107626445e-06
8.666256859412446e-06
1.057001546991413e-05
1.288890305211185e-05
1.571229689735670e-05
1.915054053051629e-05
2.333375625733825e-05
2.842325557203605e-05
3.461281657210080e-05
4.214013960324142e-05
5.128621525790626e-05
6.240116237930652e-05
7.590276871481606e-05
9.229462328066076e-05
1.121899391093373e-04
1.363209754487092e-04
1.655942961982937e-04
2.010748933909761e-04
2.440709277217296e-04
2.961335724466785e-04
3.591664030020943e-04
4.354480385570358e-04
5.276475787569098e-04
6.391038333054263e-04
7.738007772556607e-04
9.364211969267469e-04
1.132466205587888e-03
1.368937021003317e-03
1.653810267667940e-03
1.996771692408282e-03
2.409369454724660e-03
2.905274910643497e-03
3.500979894499405e-03
4.215365958900779e-03
5.071367475632681e-03
6.097157450129290e-03
7.322735318396340e-03
8.786624366634580e-03
1.053341767205269e-02
1.261372450883347e-02
1.508861121929034e-02
1.802627951077181e-02
2.150957132597721e-02
2.563055447444525e-02
3.049869889596481e-02
3.622999144762663e-02
4.296532959552116e-02
5.086603042034087e-02
6.009817955814480e-02
7.085917663202475e-02
8.335848919757589e-02
9.782342745548854e-02
1.144970204292834e-01
1.336264009918676e-01
1.554661955599942e-01
1.802684452615861e-01
2.082595781063665e-01
2.396395028187515e-01
2.745464469770612e-01
3.130664227372651e-01
3.551494319534821e-01
4.006487083476302e-01
4.492521153651858e-01
5.004515431374732e-01
5.535641671233703e-01
6.077496806166613e-01
6.619199393798409e-01
7.149096422893448e-01
7.654714279859720e-01
8.123754454388046e-01
8.545552035929086e-01
8.911862202087362e-01
9.217823218538876e-01
9.462570983389944e-01
9.649184569164823e-01
9.784009943296541e-01
9.875701166640650e-01
9.933905069270591e-01
9.967421544221436e-01
9.985256766985166e-01
9.993948588128367e-01
9.997772307850407e-01
9.999273597691701e-01
9.999792988105404e-01
9.999949193624946e-01
9.999989438344177e-01
9.999998175901145e-01
9.999999743721077e-01
9.999999971406794e-01
9.999999997527934e-01
9.999999999839753e-01
9.999999999992260e-01
9.999999999999776e-01
9.999999999999986e-01
1.000000000000000e+00
1.000000000000000e+00
1.000000000000000e+00
1.000000000000000e+00
1.000000000000000e+00
1.000000000000000e+00
1.000000000000000e+00
1.000000000000000e+00
1.000000000000000e+00
###4.800000000000002e+00
4.765412995106315e-10
6.304499705964094e-10
7.915521428246774e-10
9.854727302609998e-10
1.224151464796969e-09
1.518145716584465e-09
1.877535824753262e-09
2.317773786254987e-09
2.857532037503466e-09
3.519425010180999e-09
4.330590183108135e-09
5.325433612566390e-09
6.545307956991431e-09
8.040908255951433e-09
9.875105472238568e-09
1.212261927953191e-08
1.487717593207331e-08
1.825312335318518e-08
2.239002154687062e-08
2.745718638095021e-08
3.367673198913945e-08
4.126896499257866e-08
5.057754384780080e-08
6.198019537712696e-08
7.593422020960389e-08
9.301474668585361e-08
1.139218920429430e-07
1.395032905851412e-07
1.707998324640725e-07
2.090813219039398e-07
2.559038187329192e-07
3.131553099098794e-07
3.831631436334280e-07
4.687128480183784e-07
5.732880554950136e-07
7.010446188339839e-07
8.571311813295288e-07
1.047760933985728e-06
1.280570463526292e-06
1.564755247161908e-06
1.911684940924256e-06
2.335028279494472e-06
2.851530845901951e-06
3.481559762005962e-06
4.249858987796627e-06
5.186560165630554e-06
6.328186138219826e-06
7.719506809853724e-06
9.414322776937468e-06
1.147840360478153e-05
1.399159028607838e-05
1.705027793520964e-05
2.077346649498506e-05
2.530148545414040e-05
3.080806194305048e-05
3.750184081853454e-05
4.563850813961847e-05
5.552017399294714e-05
6.752329507400907e-05
8.209654784265927e-05
9.978010759767390e-05
1.212313924658259e-04
1.472352990108111e-04
1.787630849645490e-04
2.169533071216740e-04
2.632048268849767e-04
3.191739102374844e-04
3.868946500031584e-04
4.687903069393694e-04
5.677089046269323e-04
6.872018679447949e-04
8.315046917086337e-04
1.005589979309042e-03
1.215287905232124e-03
1.468016671526316e-03
1.772232037072397e-03
2.138138054590853e-03
2.577953983570883e-03
3.106059738032516e-03
3.739833969204505e-03
4.499101940316527e-03
5.407926818890840e-03
6.495847705888599e-03
7.794163222339085e-03
9.343124419468113e-03
1.118918761673239e-02
1.338491002277171e-02
1.599375913784777e-02
1.908616038166756e-02
2.274773129534012e-02
2.707323547016308e-02
3.217513764452384e-02
3.817197252537740e-02
4.520758474686574e-02
5.344615147484288e-02
6.305554318898093e-02
7.423495506764904e-02
8.719444748032612e-02
1.021607367971613e-01
1.193746928184545e-01
1.390791315716021e-01
1.615218283795654e-01
1.869451200985842e-01
2.155623249877770e-01
2.475567106412365e-01
2.830460618523645e-01
3.220920961500582e-01
3.646181186690738e-01
4.104488009828996e-01
4.592438266720482e-01
5.104690063359129e-01
5.634218235216608e-01
6.172505486023050e-01
6.708686218010506e-01
7.231261012346678e-01
7.728069967365245e-01
8.187256676372672e-01
8.598700280532940e-01
8.954734375781296e-01
9.251038199035997e-01
9.487187691970430e-01
9.666549475283199e-01
9.795598641634033e-01
9.882959714727657e-01
9.938127634910128e-01
9.969665203059200e-01
9.986344484574987e-01
9.994426418022840e-01
9.997960292877248e-01
9.999339032025623e-01
9.999812867208441e-01
9.999954388698409e-01
9.999990586656325e-01
9.999998386497905e-01
9.999999775079993e-01
9.999999975110659e-01
9.999999997865722e-01
9.999999999862932e-01
9.999999999993409e-01
9.999999999999818e-01
9.999999999999987e-01
1.000000000000000e+00
1.000000000000000e+00
1.000000000000000e+00
1.000000000000000e+00
1.000000000000000e+00
1.000000000000000e+00
1.000000000000000e+00
1.000000000000000e+00
1.000000000000000e+00
###5.000000000000002e+00
5.250254263228301e-10
6.907960370708266e-10
8.673904398558888e-10
1.079906263492923e-09
1.341452538037242e-09
1.663558384645047e-09
2.057235917521017e-09
2.539387740286295e-09
3.130436637498096e-09
3.855103499716076e-09
4.743007037310980e-09
5.831750658091859e-09
7.166523493793885e-09
8.802671758378420e-09
1.080885808737962e-08
1.326659421952914e-08
1.627817626700553e-08
1.996835338323912e-08
2.448934017025383e-08
3.002578155260821e-08
3.681999852910257e-08
4.511151355505155e-08
5.527518253755082e-08
6.772265387439250e-08
8.295137414478429e-08
1.015877487743315e-07
1.243938638336565e-07
1.522918925243711e-07
1.864138049893724e-07
2.281406076775609e-07
2.791636457007376e-07
3.415344528860023e-07
4.177820467207468e-07
5.109302398540572e-07
6.247660349198711e-07
7.637867347554843e-07
9.335899086142524e-07
1.140911429290093e-06
1.394031091693323e-06
1.702901819891416e-06
2.079852250585435e-06
2.539680945035656e-06
3.100511872850144e-06
3.784377752718967e-06
4.618053262782893e-06
5.634082536404596e-06
6.871943252707150e-06
8.379996362750693e-06
1.021630580359632e-05
1.245184699152386e-05
1.517272586776032e-05
1.848281301792025e-05
2.251029504765915e-05
2.740633573534129e-05
3.335784067947713e-05
4.058923227045713e-05
4.937523147683219e-05
6.004042903394636e-05
7.298895505097999e-05
8.870199271367783e-05
1.077587739141983e-04
1.308633044366235e-04
1.588557214953219e-04
1.927756537456068e-04
2.338390931385236e-04
2.835409803003310e-04
3.436459401962349e-04
4.163238116536255e-04
5.041582969525110e-04
6.101756092590699e-04
7.381527288822675e-04
8.925880804412200e-04
1.078756649896115e-03
1.302831563737457e-03
1.572665805317442e-03
1.897211854894027e-03
2.287214224054535e-03
2.755585618392660e-03
3.317442558101795e-03
3.991075504138154e-03
4.797286529127172e-03
5.761300049093404e-03
6.914059758853688e-03
8.288195338336281e-03
9.925725314022797e-03
1.187500844901231e-02
1.419058519788127e-02
1.693835257940630e-02
2.019098935498011e-02
2.403690719964135e-02
2.857356917698287e-02
3.391642828991969e-02
4.018652569370824e-02
4.753060068352803e-02
5.611560844290697e-02
6.611107010589057e-02
7.771781448872725e-02
9.114628147143482e-02
1.066223350120774e-01
1.243843829898848e-01
1.446705798282286e-01
1.677214628251344e-01
1.937693034685268e-01
2.230139319841167e-01
2.556216765065157e-01
2.916896673536751e-01
3.312552427984513e-01
3.742151418915317e-01
4.203658132626885e-01
4.693393203886256e-01
5.205762204820614e-01
5.733551993550510e-01
6.268139194124913e-01
6.798684384856122e-01
7.313844138828527e-01
7.801772036440615e-01
8.251053368058261e-01
8.652096513782965e-01
8.997812426825159e-01
9.284414447294166e-01
9.511917707322690e-01
9.683980985908799e-01
9.807213646334955e-01
9.890215901852684e-01
9.942332418504369e-01
9.971894681509035e-01
9.987423653235964e-01
9.994899633221900e-01
9.998146093334441e-01
9.999403561309552e-01
9.999832424210805e-01
9.999959485909434e-01
9.999991710078656e-01
9.999998591891116e-01
9.999999805565758e-01
9.999999978699021e-01
9.999999998191891e-01
9.999999999885226e-01
9.999999999994512e-01
9.999999999999858e-01
9.999999999999987e-01
1.000000000000000e+00
1.000000000000000e+00
1.000000000000000e+00
1.000000000000000e+00
1.000000000000000e+00
1.000000000000000e+00
1.000000000000000e+00
1.000000000000000e+00
1.000000000000000e+00
###5.200000000000002e+00
5.775488513033928e-10
7.562530743089764e-10
9.496504058431280e-10
1.182328424086231e-09
1.468665781517149e-09
1.821242217120642e-09
2.252075605613989e-09
2.779637589432167e-09
3.426231869453115e-09
4.218890144600463e-09
5.189876541345320e-09
6.380258247082888e-09
7.839369283021443e-09
9.627575467171156e-09
1.181979064464729e-08
1.450485114491204e-08
1.779429685458247e-08
2.182409149664612e-08
2.676008930440833e-08
3.280345004783034e-08
4.021827281576979e-08
4.926473664855785e-08
6.035131780796926e-08
7.392614455615310e-08
9.052986176433429e-08
1.108440073785261e-07
1.356972822826102e-07
1.660919552859863e-07
2.032578300190679e-07
2.486953153144189e-07
3.042409760304594e-07
3.721218130096642e-07
4.550831382426857e-07
5.564042112385161e-07
6.801969550066337e-07
8.313249381165782e-07
1.015865885641881e-06
1.241115172060444e-06
1.516040602432440e-06
1.851405439792394e-06
2.260562756097155e-06
2.759518136371356e-06
3.367867251177684e-06
4.109420526507433e-06
5.013117781089428e-06
6.114075409345452e-06
7.454921288712246e-06
9.087837637755218e-06
1.107542693217462e-05
1.349420122497053e-05
1.643690446953482e-05
2.001541461931303e-05
2.436761017393161e-05
2.965616411254487e-05
3.608195981282942e-05
4.388613362594423e-05
5.336357067169355e-05
6.486263410671733e-05
7.881675521610242e-05
9.574136359711805e-05
1.162570076204305e-04
1.411171627969268e-04
1.712193109572068e-04
2.076756586294887e-04
2.517837947741619e-04
3.051391123993962e-04
3.696217171105281e-04
4.475399293866607e-04
5.416501330263191e-04
6.551625807998484e-04
7.920906776287887e-04
9.572086177735050e-04
1.156103558638441e-03
1.395309007607211e-03
1.683129952108667e-03
2.029033755661989e-03
2.444327831644708e-03
2.942641429107118e-03
3.539854978737755e-03
4.255199507515956e-03
5.110484224885803e-03
6.132128696861473e-03
7.352520184919136e-03
8.805651041127485e-03
1.053534721010273e-02
1.259190878635877e-02
1.503189372484126e-02
1.792365686039584e-02
2.134215718568367e-02
2.537861756950584e-02
3.013320121064193e-02
3.572433933563256e-02
4.227553331151809e-02
4.993635920902469e-02
5.887646189281540e-02
6.926687097501354e-02
8.130987856338441e-02
9.521608105902719e-02
1.112102207680449e-01
1.295279295032769e-01
1.504023432168041e-01
1.740663638827444e-01
2.007418211855778e-01
2.306146688715230e-01
2.638339829207959e-01
3.004760145946199e-01
3.405536271326495e-01
3.839371100078957e-01
4.303950163286595e-01
4.795323436974444e-01
5.307652153951633e-01
5.833544333928459e-01
6.364280068954062e-01
6.889054513002550e-01
7.396686680899818e-01
7.875644728068092e-01
8.314963800458508e-01
8.705548923159476e-01
9.040908646219243e-01
9.317778784082198e-01
9.536610385765406e-01
9.701357911449964e-01
9.818762236694136e-01
9.897405081562158e-01
9.946478353039500e-01
9.974085547536578e-01
9.988480968364498e-01
9.995361691817880e-01
9.998326842883990e-01
9.999466081133898e-01
9.999851287433357e-01
9.999964378279970e-01
9.999992782620234e-01
9.999998786861666e-01
9.999999834327800e-01
9.999999982062288e-01
9.999999998495533e-01
9.999999999905823e-01
9.999999999995526e-01
9.999999999999893e-01
9.999999999999988e-01
1.000000000000000e+00
1.000000000000000e+00
1.000000000000000e+00
1.000000000000000e+00
1.000000000000000e+00
1.000000000000000e+00
1.000000000000000e+00
1.000000000000000e+00
1.000000000000000e+00
###5.400000000000002e+00
6.344087791907693e-10
8.271956860505795e-10
1.038802936325255e-09
1.293324608316381e-09
1.606516715676342e-09
1.992094060750813e-09
2.463159339079379e-09
3.039879780603766e-09
3.746591138621279e-09
4.612820226176040e-09
5.673686081297177e-09
6.973993007897093e-09
8.567549321671197e-09
1.052013381449168e-08
1.291340209267512e-08
1.584408314935977e-08
1.943367947316068e-08
2.383023673843883e-08
2.921429875148126e-08
3.580480367721260e-08
4.388930287564685e-08
5.375016467015662e-08
6.583206374730801e-08
8.062233740525870e-08
9.870806736606423e-08
1.208300266823006e-07
1.478884694818960e-07
1.809716638624757e-07
2.214144175663733e-07
2.708452491813313e-07
3.312564940306750e-07
4.050632342537201e-07
4.952425844985663e-07
6.053475195508961e-07
7.398376318195318e-07
9.039690242574817e-07
1.104332667593434e-06
1.348822391622635e-06
1.647141378721068e-06
2.010919092310157e-06
2.454602246869593e-06
2.995484888085388e-06
3.654732911575909e-06
4.458052644641007e-06
5.436690821237652e-06
6.628500761553010e-06
8.079477002589837e-06
9.845854680975852e-06
1.199506765144213e-05
1.460951234704098e-05
1.778898534118592e-05
2.165386233611358e-05
2.635231161258802e-05
3.205920038545894e-05
3.899022726455606e-05
4.740422297853862e-05
5.761741781122784e-05
7.000329818448727e-05
8.502626155130023e-05
1.032379058989729e-04
1.253023481651194e-04
1.520252054488372e-04
1.843644635645419e-04
2.235086922015367e-04
2.708415057986738e-04
3.280623217265107e-04
3.971742894444884e-04
4.806320654147427e-04
5.813678116505903e-04
7.027891217361257e-04
8.491550343563144e-04
1.025527755814733e-03
1.237819643633140e-03
1.492939545560750e-03
1.799663118128188e-03
2.167991332909947e-03
2.609817257760869e-03
3.139510503012376e-03
3.773742802338722e-03
4.532715819707469e-03
5.439275876998679e-03
6.521072183416425e-03
7.811974982051689e-03
9.347370615558692e-03
1.117293254058234e-02
1.334094068276999e-02
1.591000362705164e-02
1.895096203343566e-02
2.254107923953535e-02
2.677440463586346e-02
3.175379898947479e-02
3.760065793282640e-02
4.444089167718288e-02
5.242684948441195e-02
6.173077086433788e-02
7.252504337629957e-02
8.501324318340843e-02
9.940589006255952e-02
1.159263243909015e-01
1.348070759745394e-01
1.562758931912101e-01
1.805576346880567e-01
2.078632974445303e-01
2.383645606542502e-01
2.721929229895360e-01
3.094035218470026e-01
3.499846422149237e-01
3.937802320725481e-01
4.405312718616582e-01
4.898162503838414e-01
5.410276808328998e-01
5.934094245348330e-01
6.460808411967658e-01
6.979658695023639e-01
7.479633288126528e-01
7.949508942841841e-01
8.378798080034017e-01
8.758877810330343e-01
9.083849149366786e-01
9.350973157360001e-01
9.561129898343359e-01
9.718569284152992e-01
9.830162859418733e-01
9.904471227896107e-01
9.950530445678617e-01
9.976217308834124e-01
9.989505407983472e-01
9.995807277285341e-01
9.998500248220245e-01
9.999525721721935e-01
9.999869170636566e-01
9.999968985155855e-01
9.999993785122423e-01
9.999998967662024e-01
9.999999860772735e-01
9.999999985126240e-01
9.999999998769510e-01
9.999999999924207e-01
9.999999999996424e-01
9.999999999999925e-01
9.999999999999989e-01
1.000000000000000e+00
1.000000000000000e+00
1.000000000000000e+00
1.000000000000000e+00
1.000000000000000e+00
1.000000000000000e+00
1.000000000000000e+00
1.000000000000000e+00
1.000000000000000e+00
###5.600000000000002e+00
6.959211983582403e-10
9.040221691930879e-10
1.135348791820331e-09
1.413517283134483e-09
1.755776729626150e-09
2.177067416614279e-09
2.691661136793033e-09
3.321556013490788e-09
4.093281417958729e-09
5.039056154604872e-09
6.197077874643068e-09
7.616179925024860e-09
9.354996539927832e-09
1.148513908299747e-08
1.409552845947004e-08
1.729139183476791e-08
2.120496072222768e-08
2.599728707368524e-08
3.186472285131728e-08
3.904533014672599e-08
4.785189564156887e-08
5.859060609382023e-08
7.174507880421064e-08
8.784476321295048e-08
1.075266186734455e-07
1.315950142154114e-07
1.610270035682526e-07
1.970031229468994e-07
2.409707935989290e-07
2.946958845949961e-07
3.603376787865543e-07
4.405127484257600e-07
5.384464294950471e-07
6.579846851887323e-07
8.039590243215040e-07
9.820457364891695e-07
1.199384112204862e-06
1.464507611029630e-06
1.787904863094248e-06
2.182131243754247e-06
2.662797983835019e-06
3.248575757830030e-06
3.962303855302693e-06
4.831709059024027e-06
5.890504338185269e-06
7.179428524558770e-06
8.748085761574817e-06
1.065701238224028e-05
1.297877658006306e-05
1.580202458551861e-05
1.923404081530067e-05
2.340421346492118e-05
2.847162721351033e-05
3.462406174955368e-05
4.209290764496474e-05
5.115571634394814e-05
6.215129765529563e-05
7.547967336464334e-05
9.163794593205930e-05
1.112158860064734e-04
1.349235280407823e-04
1.636214161000549e-04
1.983317045442636e-04
2.403220409052083e-04
2.910673148652727e-04
3.523762479133940e-04
4.263807751331357e-04
5.156894639724178e-04
6.234172625812618e-04
7.531790504132682e-04
9.094902994212485e-04
1.097716908342355e-03
1.324100590740344e-03
1.595950141335534e-03
1.922527974675327e-03
2.314387944234754e-03
2.784031850598199e-03
3.346594182236890e-03
4.019565701101372e-03
4.824149360133251e-03
5.784258909686631e-03
6.928808022829928e-03
8.293189736688807e-03
9.914215368424417e-03
1.183944604840082e-02
1.412317956331310e-02
1.682610705670837e-02
2.002158251214635e-02
2.378919489351745e-02
2.822583345445887e-02
3.343705052021490e-02
3.954718825915345e-02
4.668450893488151e-02
5.500406536636052e-02
6.468058958607358e-02
7.588766780013888e-02
8.882997169199608e-02
1.037177006893033e-01
1.207725015601543e-01
1.402234640957858e-01
1.622925676586362e-01
1.871962088151491e-01
2.151341473547126e-01
2.462633809479383e-01
2.806974953962899e-01
3.184702720014927e-01
3.595453107629739e-01
4.037403234450019e-01
4.507690431961263e-01
5.001840175448027e-01
5.513549885219281e-01
6.035098572471665e-01
6.557603976807904e-01
7.070360829627608e-01
7.562532648552329e-01
8.023212696225759e-01
8.442388352677215e-01
8.811915474274078e-01
9.126476060279131e-01
9.383854120919657e-01
9.585354572040298e-01
9.735518354173814e-01
9.841344517327718e-01
9.911366443802503e-01
9.954459626761694e-01
9.978273181550400e-01
9.990488127022127e-01
9.996232223142516e-01
9.998664552894088e-01
9.999581834594862e-01
9.999885866993411e-01
9.999973250271137e-01
9.999994704846943e-01
9.999999131894146e-01
9.999999884540275e-01
9.999999987848456e-01
9.999999999010033e-01
9.999999999940127e-01
9.999999999997194e-01
9.999999999999949e-01
9.999999999999990e-01
1.000000000000000e+00
1.000000000000000e+00
1.000000000000000e+00
1.000000000000000e+00
1.000000000000000e+00
1.000000000000000e+00
1.000000000000000e+00
1.000000000000000e+00
1.000000000000000e+00
###5.800000000000002e+00
7.624219454224449e-10
9.871558326066231e-10
1.239820206558921e-09
1.543568003369828e-09
1.917265617753690e-09
2.377175429316660e-09
2.938828363659993e-09
3.626197786679563e-09
4.468179438798222e-09
5.499894310580925e-09
6.762857288340276e-09
8.310242412102882e-09
1.020588486733991e-08
1.252767618043124e-08
1.537236079117131e-08
1.885430919996010e-08
2.311729799572135e-08
2.833637071925227e-08
3.472487813118672e-08
4.254143835824570e-08
5.212597113875796e-08
6.381021297336614e-08
7.811964237319704e-08
9.562890773978949e-08
1.170284996842297e-07
1.431910160359160e-07
1.751758805681025e-07
2.142625505688568e-07
2.620191315280490e-07
3.203586443900865e-07
3.916191671396475e-07
4.786329684681349e-07
5.848909991398443e-07
7.145524453562681e-07
8.728468998923080e-07
1.065899560056606e-06
1.301435318850385e-06
1.588670774452238e-06
1.938932913199590e-06
2.365768919512400e-06
2.886020618250142e-06
3.519837042229660e-06
4.291836763846916e-06
5.231898328618882e-06
6.376360286239176e-06
7.769028154044498e-06
9.463346553422068e-06
1.152442233399531e-05
1.403027637823644e-05
1.707618840325691e-05
2.077738736863258e-05
2.527281402047040e-05
3.073312592154265e-05
3.735976790045560e-05
4.540074000365220e-05
5.515338810137458e-05
6.698039161220822e-05
8.130978274619131e-05
9.867318430254268e-05
1.197006289559498e-04
1.451505176038776e-04
1.759412239802401e-04
2.131624900299779e-04
2.581654165703075e-04
3.125192873695420e-04
3.781491555217694e-04
4.573213143099443e-04
5.528041012504292e-04
6.679084289346626e-04
8.064608219319435e-04
9.732462957719847e-04
1.173947523148039e-03
1.415150355117051e-03
1.704575648566140e-03
2.052001685059856e-03
2.468535521855076e-03
2.967332177442061e-03
3.564306319649995e-03
4.277797232839511e-03
5.130040374705810e-03
6.146047554850196e-03
7.356032028953963e-03
8.796949791751303e-03
1.050706773685896e-02
1.253587481469977e-02
1.493972414257134e-02
1.778142006780733e-02
2.113685666292996e-02
2.508796689461833e-02
2.973449097658517e-02
3.518466312074730e-02
4.156574982331205e-02
4.900830288759135e-02
5.767000265301526e-02
6.772796406117040e-02
7.935680355125761e-02
9.276209003759414e-02
1.081534479295510e-01
1.257505269781029e-01
1.457785719327305e-01
1.684535636161096e-01
1.939828428288064e-01
2.225545697859009e-01
2.543106458191267e-01
2.893464000007089e-01
3.276740108169458e-01
3.692322871786647e-01
4.138128125300742e-01
4.611024074532690e-01
5.106282639578256e-01
5.617382160717004e-01
6.136452297554434e-01
6.654546219960304e-01
7.161025164280843e-01
7.645237797645702e-01
8.096602374438139e-01
8.505576538965771e-01
8.864506260427006e-01
9.168643976945006e-01
9.416292338459837e-01
9.609176328515915e-01
9.752120885749174e-01
9.852246302251791e-01
9.918050528957771e-01
9.958241810024860e-01
9.980239829064262e-01
9.991422291347549e-01
9.996633371362168e-01
9.998818489862764e-01
9.999633971682211e-01
9.999901240893873e-01
9.999977139018354e-01
9.999995534492480e-01
9.999999278328807e-01
9.999999905468719e-01
9.999999990213230e-01
9.999999999216024e-01
9.999999999953549e-01
9.999999999997835e-01
9.999999999999969e-01
9.999999999999990e-01
1.000000000000000e+00
1.000000000000000e+00
1.000000000000000e+00
1.000000000000000e+00
1.000000000000000e+00
1.000000000000000e+00
1.000000000000000e+00
1.000000000000000e+00
1.000000000000000e+00
###6.000000000000003e+00
8.342677303201823e-10
1.077046409203437e-09
1.352782641268744e-09
1.684179562997712e-09
2.091854159955180e-09
2.593494321132004e-09
3.205985685991891e-09
3.955431314071826e-09
4.873281107780579e-09
5.997772095190087e-09
7.374001357725650e-09
9.059812498233918e-09
1.112457856810261e-08
1.365313759429557e-08
1.675046311706672e-08
2.054081892039141e-08
2.518039619119352e-08
3.085927830294799e-08
3.780908206225272e-08
4.631050501566526e-08
5.673261909076355e-08
6.943454802671439e-08
8.498673542160410e-08
1.040123083606447e-07
1.272591664325756e-07
1.556730552682906e-07
1.904016800574559e-07
2.328304760762649e-07
2.846567885732057e-07
3.479511810660235e-07
4.252430782452383e-07
5.195954892460545e-07
6.347833986334066e-07
7.753008061036569e-07
9.468025095965530e-07
1.155893520495596e-06
1.410923565687510e-06
1.721838361691107e-06
2.100859089103836e-06
2.562590408288024e-06
3.125185990328186e-06
3.810368946034224e-06
4.644652548901527e-06
5.660205404254670e-06
6.896157426111676e-06
8.399577208739517e-06
1.022798690709125e-05
1.245134873918768e-05
1.515347061310251e-05
1.843666853870910e-05
2.242459504609146e-05
2.726630972760380e-05
3.314473059107172e-05
4.027575593065654e-05
4.892495505160496e-05
5.941059110285996e-05
7.212056075043360e-05
8.751244685433352e-05
1.061542868785906e-04
1.287185526482842e-04
1.560145634255945e-04
1.890215438528347e-04
2.289002898505990e-04
2.770895880118834e-04
3.352578231156380e-04
4.054520177071241e-04
4.900791871876375e-04
5.920789222841960e-04
7.149554163165935e-04
8.627676463949980e-04
1.040578260651736e-03
1.254399553470548e-03
1.511181542246488e-03
1.819058932410457e-03
2.188360139830449e-03
2.630753334682661e-03
3.160090045630152e-03
3.793073328682301e-03
4.548924849754571e-03
5.450944352124737e-03
6.525272625593276e-03
7.803457391007627e-03
9.323917696143141e-03
1.112682973719959e-02
1.326322743821993e-02
1.579169556591904e-02
1.877718171970817e-02
2.229814575255649e-02
2.643888008968434e-02
3.130198447975631e-02
3.699836148060868e-02
4.365817506264806e-02
5.141419804145032e-02
6.042665546884603e-02
7.087492767706358e-02
8.293448344923209e-02
9.681158031471046e-02
1.127150017838527e-01
1.308620830485383e-01
1.514736238792915e-01
1.747599221283076e-01
2.009181048610407e-01
2.301245368965405e-01
2.625056049417392e-01
2.981380311386697e-01
3.370121434984044e-01
3.790418577922904e-01
4.239927458293953e-01
4.715250661410574e-01
5.211412662646859e-01
5.721681680364759e-01
6.238048780513414e-01
6.751514534298123e-01
7.251518535043658e-01
7.727606082671022e-01
8.169529074773652e-01
8.568213838776235e-01
8.916506038174886e-01
9.210220021027056e-01
9.448171848755696e-01
9.632499942260150e-01
9.768304060444176e-01
9.862816754065143e-01
9.924490451788522e-01
9.961858060813363e-01
9.982107069037348e-01
9.992302891122139e-01
9.997008545341894e-01
9.998961228431483e-01
9.999681863557125e-01
9.999915218686013e-01
9.999980635307807e-01
9.999996271425340e-01
9.999999406693035e-01
9.999999923555948e-01
9.999999992226009e-01
9.999999999388507e-01
9.999999999964592e-01
9.999999999998354e-01
9.999999999999984e-01
9.999999999999991e-01
1.000000000000000e+00
1.000000000000000e+00
1.000000000000000e+00
1.000000000000000e+00
1.000000000000000e+00
1.000000000000000e+00
1.000000000000000e+00
1.000000000000000e+00
1.000000000000000e+00
###6.200000000000003e+00
9.118373128199004e-10
1.174171515803031e-09
1.474836552211250e-09
1.836098224222333e-09
2.280466940937063e-09
2.827166611460848e-09
3.494539295661775e-09
4.310982666543635e-09
5.310715351289851e-09
6.535275769767157e-09
8.033668325440545e-09
9.868742630233939e-09
1.211590174381011e-08
1.486724048046699e-08
1.823679285431896e-08
2.235938107252533e-08
2.740453649381482e-08
3.357849741054805e-08
4.113249452164169e-08
5.037092438052624e-08
6.169415809637207e-08
7.549065625639621e-08
9.237912632533525e-08
1.130346569231022e-07
1.382666701515507e-07
1.690992795045034e-07
2.067747415047492e-07
2.527919509446695e-07
3.089865576752429e-07
3.775976774430663e-07
4.613593726870575e-07
5.635813150929477e-07
6.883420174313708e-07
8.404931160625490e-07
1.026143310506233e-06
1.252410042212838e-06
1.528309360697569e-06
1.864564611678646e-06
2.274350093221246e-06
2.773397219557170e-06
3.381257145676251e-06
4.121327973993489e-06
5.022139160549216e-06
6.118295080159686e-06
7.451891410075700e-06
9.073466125831980e-06
1.104486833941804e-05
1.344121475496501e-05
1.635245111055391e-05
1.988831669435332e-05
2.418149753763091e-05
2.939165797323469e-05
3.571473200093912e-05
4.338189668752516e-05
5.267729429600156e-05
6.394127893986593e-05
7.758837174231796e-05
9.410731381199258e-05
1.141045332229487e-04
1.382972087183935e-04
1.675482359258899e-04
2.029008338091560e-04
2.455904546533539e-04
2.971479689834681e-04
3.593457427279926e-04
4.343586155204843e-04
5.247409423376413e-04
6.336139995363254e-04
7.646766603783102e-04
9.222376487448349e-04
1.111647036389941e-03
1.339260007636864e-03
1.612407026703018e-03
1.939650971991315e-03
2.331891972003189e-03
2.801379601055694e-03
3.362688977481290e-03
4.033334537804894e-03
4.833450144546041e-03
5.787432276089423e-03
6.922581768975181e-03
8.271815175532162e-03
9.875037746712076e-03
1.177442354384306e-02
1.402253411348580e-02
1.668023736539960e-02
1.981465382889993e-02
2.350683350984278e-02
2.784344074096774e-02
3.292994061513554e-02
3.887988636591246e-02
4.582630767649051e-02
5.390412351824451e-02
6.327601373439837e-02
7.412349824907305e-02
8.662271049557010e-02
1.009803773884743e-01
1.174041641159659e-01
1.361087611311265e-01
1.573101967399521e-01
1.812125335718257e-01
2.080023732373337e-01
2.378437924420264e-01
2.708472400489542e-01
3.070704775467557e-01
3.464817367193264e-01
3.889699467932703e-01
4.342747984581873e-01
4.820303609048117e-01
5.317149803193401e-01
5.826354022762258e-01
6.339780059496505e-01
6.848388564460099e-01
7.341710252025774e-01
7.809499370111029e-01
8.241850947431935e-01
8.630160638970362e-01
8.967781906390996e-01
9.251083778623174e-01
9.479389473206565e-01
9.655242365069640e-01
9.784004171859013e-01
9.873013190642581e-01
9.930659793773970e-01
9.965294016403057e-01
9.983867572116326e-01
9.993126562796740e-01
9.997356404067996e-01
9.999092318272147e-01
9.999725390630485e-01
9.999927779537631e-01
9.999983738274042e-01
9.999996916745492e-01
9.999999517463578e-01
9.999999938919980e-01
9.999999993907054e-01
9.999999999529955e-01
9.999999999973475e-01
9.999999999998762e-01
9.999999999999997e-01
9.999999999999991e-01
1.000000000000000e+00
1.000000000000000e+00
1.000000000000000e+00
1.000000000000000e+00
1.000000000000000e+00
1.000000000000000e+00
1.000000000000000e+00
1.000000000000000e+00
1.000000000000000e+00
###6.400000000000003e+00
9.955326596866413e-10
1.279038094705012e-09
1.606619260574898e-09
2.000116022814557e-09
2.484085189381806e-09
3.079404690953059e-09
3.805981195850349e-09
4.694682945323581e-09
5.782708017882019e-09
7.115148063605466e-09
8.745207028886373e-09
1.074111681810232e-08
1.318476453847635e-08
1.617604305891408e-08
1.983872073986235e-08
2.431895627150716e-08
2.980060566135262e-08
3.650724787427263e-08
4.471116039694772e-08
5.474215918530338e-08
6.703419710944955e-08
8.200681149045380e-08
1.003314581059473e-07
1.227379055651665e-07
1.501017842963092e-07
1.835311131085639e-07
2.243693466252652e-07
2.742367669045113e-07
3.351169281247963e-07
4.094291585364656e-07
5.001262242000391e-07
6.107813017132975e-07
7.457970575687385e-07
9.104068790463534e-07
1.111203711961454e-06
1.355851836346498e-06
1.654077449627328e-06
2.017432732937375e-06
2.460107265024472e-06
2.999032200910464e-06
3.655246441479455e-06
4.453929390009926e-06
5.425754625181787e-06
6.607915413218334e-06
8.045656883008118e-06
9.793202944996602e-06
1.191699192128344e-05
1.449760898584915e-05
1.763150564310890e-05
2.143628106098441e-05
2.605420270922340e-05
3.165614016042576e-05
3.845180313908744e-05
4.668851143070434e-05
5.667002935869589e-05
6.876002833294673e-05
8.340112279107502e-05
1.011148892788059e-04
1.225482067285197e-04
1.484653221241181e-04
1.797854747013074e-04
2.176191469127247e-04
2.632801895225542e-04
3.183961251752285e-04
3.848483578199818e-04
4.649456069578800e-04
5.613964236295954e-04
6.775121085423920e-04
8.171934545320081e-04
9.850139705778261e-04
1.186619210241056e-03
1.428722416721528e-03
1.719050294038653e-03
2.066611153952971e-03
2.482896508745026e-03
2.980760239434384e-03
3.575524227894726e-03
4.285542988168963e-03
5.131889587807297e-03
6.140091594299193e-03
7.338640773789502e-03
8.761857239648806e-03
1.045118302831027e-02
1.245079560986226e-02
1.481484877367616e-02
1.760651743489244e-02
2.089516360575765e-02
2.476432744747850e-02
2.930317721993857e-02
3.462000567317904e-02
4.083099441549014e-02
4.807200191593747e-02
5.648001177329469e-02
6.622006125488766e-02
7.747567543430697e-02
9.042345453817163e-02
1.052703648069413e-01
1.222226637627103e-01
1.414920553586285e-01
1.632894499265342e-01
1.878121302025051e-01
2.152358304729922e-01
2.457118467584847e-01
2.793342617537237e-01
3.161415222147758e-01
3.560795229746815e-01
3.990121313622362e-01
4.446543026766800e-01
4.926113067276523e-01
5.423410704081294e-01
5.931302629112866e-01
6.441537195458242e-01
6.945048551863289e-01
7.431472153247024e-01
7.890784272456496e-01
8.313433270447379e-01
8.691286467410997e-01
9.018211934162671e-01
9.291126870215426e-01
9.509854255988003e-01
9.677332100557293e-01
9.799171144572697e-01
9.882801143905311e-01
9.936538230272403e-01
9.968539417365639e-01
9.985516561178975e-01
9.993891370856793e-01
9.997676329131898e-01
9.999211631490574e-01
9.999764551872332e-01
9.999938132929962e-01
9.999986443295735e-01
9.999997474599913e-01
9.999999610940415e-01
9.999999951905990e-01
9.999999995235648e-01
9.999999999658392e-01
9.999999999976102e-01
1.000000000000035e+00
9.999999999999639e-01
1.000000000000010e+00
9.999999999999973e-01
1.000000000000001e+00
9.999999999999998e-01
1.000000000000000e+00
1.000000000000000e+00
1.000000000000000e+00
1.000000000000000e+00
1.000000000000000e+00
1.000000000000000e+00
###6.600000000000003e+00
1.085780182991882e-09
1.392183936333609e-09
1.748806938225017e-09
2.177073220281886e-09
2.703749772799471e-09
3.351494519221988e-09
4.141893719000028e-09
5.108473824055763e-09
6.291636959628971e-09
7.740296327488754e-09
9.512166430461533e-09
1.168126246108360e-08
1.433643838449327e-08
1.758596190881056e-08
2.156405202672321e-08
2.642903115694285e-08
3.238012683641224e-08
3.965951890755190e-08
4.856205470475347e-08
5.944479437570726e-08
7.277770011103989e-08
8.901349654924471e-08
1.088803414637041e-07
1.331663780415586e-07
1.628181378582401e-07
1.990334167593702e-07
2.432639101543260e-07
2.972596839409284e-07
3.631623579823101e-07
4.435838177443855e-07
5.417104046776207e-07
6.613966446753701e-07
8.073910848846665e-07
9.853344083746024e-07
1.202335853727932e-06
1.466642825266004e-06
1.788737968179584e-06
2.181056247337670e-06
2.658868123951701e-06
3.240381369145024e-06
3.948217698445125e-06
4.809449773415271e-06
5.857029906190605e-06
7.130901287799694e-06
8.679651688903084e-06
1.056141825769023e-05
1.284750413432762e-05
1.562429242004544e-05
1.899512631376813e-05
2.308592981628997e-05
2.804910408252496e-05
3.406737450827610e-05
4.136501416347460e-05
5.020638913217881e-05
6.091598202324867e-05
7.388206233115308e-05
8.957687045066224e-05
1.085565674176958e-04
1.315106303274431e-04
1.592528322707487e-04
1.927616358441747e-04
2.332181856296922e-04
2.820186166317291e-04
3.408918465168842e-04
4.118335551656076e-04
4.972926259690371e-04
6.001388969586909e-04
7.238809430410527e-04
8.726381280965957e-04
1.051250268524540e-03
1.265670804989813e-03
1.522987076064729e-03
1.831343334594278e-03
2.200207484444977e-03
2.641682763834682e-03
3.169250549458894e-03
3.799003264438390e-03
4.550164094064495e-03
5.444774415927280e-03
6.509525931182241e-03
7.774133015457290e-03
9.274354400056160e-03
1.105321813690396e-02
1.315691373352809e-02
1.564124754721005e-02
1.857172641559068e-02
2.201998411822875e-02
2.607205709995888e-02
3.081963818518215e-02
3.637384347787826e-02
4.285345568306986e-02
5.039711967387518e-02
5.914379515620932e-02
6.926077166190077e-02
8.093343595697233e-02
9.433864672646254e-02
1.096833683099644e-01
1.271721490938112e-01
1.470133529199054e-01
1.694124068774797e-01
1.945592743037145e-01
2.226184538367498e-01
2.537279682809347e-01
2.879651028081383e-01
3.253486376578226e-01
3.658018987119305e-01
4.091636385808888e-01
4.551242517664507e-01
5.032605938654470e-01
5.530109261745232e-01
6.036429030660303e-01
6.543210550154097e-01
7.041375624719408e-01
7.520678871897211e-01
7.971332343456353e-01
8.384148510563411e-01
8.751469930729308e-01
9.067684902634549e-01
9.330252545290392e-01
9.539486912730024e-01
9.698708579281268e-01
9.813762716406733e-01
9.892153764849737e-01
9.942111003502550e-01
9.971587692564464e-01
9.987051511529720e-01
9.994596625353732e-01
9.997968318201013e-01
9.999319307936269e-01
9.999799464472531e-01
9.999948270492527e-01
9.999988793627994e-01
9.999997950085621e-01
9.999999689625332e-01
9.999999962513634e-01
9.999999996334644e-01
9.999999999751453e-01
9.999999999980694e-01
1.000000000000078e+00
9.999999999999604e-01
1.000000000000010e+00
9.999999999999972e-01
1.000000000000001e+00
9.999999999999998e-01
1.000000000000000e+00
1.000000000000000e+00
1.000000000000000e+00
1.000000000000000e+00
1.000000000000000e+00
1.000000000000000e+00
###6.800000000000003e+00
1.183032066935127e-09
1.514179374959448e-09
1.902116685454847e-09
2.367860872070159e-09
2.940564406477165e-09
3.644799646679288e-09
4.503954346107353e-09
5.554413424796749e-09
6.840022262457002e-09
8.413801416334213e-09
1.033830648789799e-08
1.269376324449905e-08
1.557650626292447e-08
1.910379078125510e-08
2.342104893342672e-08
2.869964532930656e-08
3.515529218278829e-08
4.305010836867291e-08
5.270312758203472e-08
6.450059426337934e-08
7.895105444986178e-08
9.654272257317764e-08
1.180644556067955e-07
1.443668870820710e-07
1.764723549489501e-07
2.156746535206729e-07
2.635411778013587e-07
3.219606661990751e-07
3.932435552254998e-07
4.802073442179148e-07
5.862876624695688e-07
7.156392886422726e-07
8.733795934020319e-07
1.065583496115744e-06
1.299910400575924e-06
1.585229084938995e-06
1.932827512795739e-06
2.356080301182562e-06
2.871407933022428e-06
3.498375753106373e-06
4.261288382642561e-06
5.189229589106603e-06
6.317571986464681e-06
7.689177973769857e-06
9.356181048539572e-06
1.138087010306853e-05
1.383970259097201e-05
1.682520510210662e-05
2.044801715725755e-05
2.484287462496131e-05
3.017289116681413e-05
3.663332845251399e-05
4.446384681556360e-05
5.394680325063400e-05
6.542854367812553e-05
7.932327278582351e-05
9.613457734340374e-05
1.164546606638969e-04
1.410182006082044e-04
1.706909319848423e-04
2.065135365055067e-04
2.497413522758739e-04
3.018568340085762e-04
3.646958778792317e-04
4.403718678662290e-04
5.314823549273502e-04
6.410651066905890e-04
7.728296308960544e-04
9.311396490657914e-04
1.121092514984594e-03
1.348977305796862e-03
1.622261144177545e-03
1.949525891667943e-03
2.340716690999612e-03
2.808562038170522e-03
3.367216773417111e-03
4.033545810233341e-03
4.827677402400579e-03
5.772651866110329e-03
6.896355174452680e-03
8.229754636239537e-03
9.810096363789220e-03
1.168202783507945e-02
1.389376669707778e-02
1.650282822016930e-02
1.957707651385541e-02
2.319043742930652e-02
2.743147201125638e-02
3.239439085562885e-02
3.819313338103988e-02
4.494905130173525e-02
5.280352769791199e-02
6.189740258736932e-02
7.240010447503391e-02
8.449872898214954e-02
9.837017414751380e-02
1.142211496986694e-01
1.322541811309466e-01
1.526739265090105e-01
1.756799468280550e-01
2.014543496758503e-01
2.301500067501048e-01
2.618911751422135e-01
2.967379102343137e-01
3.346889784135818e-01
3.756449168738805e-01
4.194193287892317e-01
4.656780702738278e-01
5.139705668398719e-01
5.637156646490585e-01
6.141632955098250e-01
6.644689966077649e-01
7.137252007378435e-01
7.609208036629389e-01
8.051020219102041e-01
8.453876296757616e-01
8.810598618090545e-01
9.116100026248714e-01
9.368375181769818e-01
9.568219256835848e-01
9.719321490120456e-01
9.827745036674153e-01
9.901051143716274e-01
9.947368355522344e-01
9.974435524490680e-01
9.988471847223142e-01
9.995242690058893e-01
9.998232875731955e-01
9.999415701186234e-01
9.999830314506619e-01
9.999957015733399e-01
9.999990817109037e-01
9.999998350865664e-01
9.999999755107584e-01
9.999999971057262e-01
9.999999997230204e-01
9.999999999817411e-01
9.999999999985997e-01
1.000000000000058e+00
9.999999999999722e-01
1.000000000000007e+00
9.999999999999981e-01
1.000000000000000e+00
9.999999999999999e-01
1.000000000000000e+00
1.000000000000000e+00
1.000000000000000e+00
1.000000000000000e+00
1.000000000000000e+00
1.000000000000000e+00
###7.000000000000004e+00
1.287767571466072e-09
1.645628970412827e-09
2.067308627952176e-09
2.573423475991023e-09
3.195698934600579e-09
3.960765015891455e-09
4.893939941372609e-09
6.034682401904012e-09
7.430533621513681e-09
9.138926477078977e-09
1.122760898746184e-08
1.378347229889614e-08
1.691087795808619e-08
2.073671979480360e-08
2.541845392109568e-08
3.114141968953958e-08
3.813899639960978e-08
4.669466303567735e-08
5.715335527720753e-08
6.993256015831226e-08
8.558213890330944e-08
1.046282356658465e-07
1.279246462548648e-07
1.563888540504677e-07
1.911241985214744e-07
2.335270612234345e-07
2.852884325667602e-07
3.484451286640231e-07
4.254877713853664e-07
5.194532828316906e-07
6.340432043679259e-07
7.737324734195367e-07
9.440315945805008e-07
1.151478124703916e-06
1.404317383149985e-06
1.712079843418909e-06
2.086910341934382e-06
2.543183068448774e-06
3.098541363270348e-06
3.773993365540001e-06
4.595631936416995e-06
5.594675940648308e-06
6.809067118557704e-06
8.284764959883495e-06
1.007766206582003e-05
1.225444928561608e-05
1.489704229404034e-05
1.810447350396418e-05
2.199510277186434e-05
2.671298787425227e-05
3.243256134970030e-05
3.936233261891901e-05
4.775821084810643e-05
5.792153121233590e-05
7.022169841626975e-05
8.510025076707217e-05
1.030943772014835e-04
1.248324407214003e-04
1.510984288466749e-04
1.828121135362824e-04
2.210795060652748e-04
2.672338072785191e-04
3.228481488969740e-04
3.898701178339581e-04
4.705365626000280e-04
5.676006256993990e-04
6.842754438401981e-04
8.244830184631849e-04
9.928339089121682e-04
1.194701938850746e-03
1.436722703893049e-03
1.726758730687353e-03
2.073845629242751e-03
2.488427889596375e-03
2.983886136959075e-03
3.575036464419034e-03
4.279584087875731e-03
5.118576297853279e-03
6.116087263073395e-03
7.301215621914972e-03
8.706206274401348e-03
1.036994388111745e-02
1.233851754632695e-02
1.466236446587835e-02
1.740071038634091e-02
2.062380185081522e-02
2.440787546914057e-02
2.884404194365520e-02
3.402902046170007e-02
4.007956930862566e-02
4.711957205369065e-02
5.529309565413819e-02
6.474275707062675e-02
7.564000201320739e-02
8.817347239078016e-02
1.025198754588399e-01
1.188854018612912e-01
1.374702280279659e-01
1.584749284403690e-01
1.820927986957191e-01
2.084975559386204e-01
2.378300338058201e-01
2.702002317838121e-01
3.056505445076005e-01
3.441593845213627e-01
3.856042964691077e-01
4.297737221341004e-01
4.763090693085133e-01
5.247332758215068e-01
5.744461701153248e-01
6.246812746240973e-01
6.745865181600406e-01
7.232561420615663e-01
7.696940621823732e-01
8.129729873504654e-01
8.522503481390621e-01
8.868569065228905e-01
9.163366726629872e-01
9.405419945111662e-01
9.595993663519375e-01
9.739130154232881e-01
9.841092428421198e-01
9.909479677670385e-01
9.952305008987039e-01
9.977082441482656e-01
9.989778654297944e-01
9.995830804038026e-01
9.998470901190204e-01
9.999501328815192e-01
9.999857341245041e-01
9.999964511416096e-01
9.999992537582343e-01
9.999998684987481e-01
9.999999808764780e-01
9.999999977879356e-01
9.999999997937512e-01
9.999999999866144e-01
9.999999999990387e-01
1.000000000000031e+00
9.999999999999838e-01
1.000000000000004e+00
9.999999999999990e-01
1.000000000000000e+00
9.999999999999999e-01
1.000000000000000e+00
1.000000000000000e+00
1.000000000000000e+00
1.000000000000000e+00
1.000000000000000e+00
1.000000000000000e+00
###7.200000000000004e+00
1.400494511684990e-09
1.787173357137039e-09
2.245188248590410e-09
2.794761852702987e-09
3.470392808184268e-09
4.300921455387444e-09
5.313734020496670e-09
6.551590337052791e-09
8.065998131817914e-09
9.919127160457773e-09
1.218428899351678e-08
1.495552608279392e-08
1.834580694771007e-08
2.249235568305309e-08
2.756551363828671e-08
3.376558545673262e-08
4.134487216611240e-08
5.060972121393514e-08
6.193279041878599e-08
7.576499222766851e-08
9.270039914941324e-08
1.133056689252846e-07
1.385040316761357e-07
1.692844359677381e-07
2.068367226153679e-07
2.526668342645058e-07
3.085977119913516e-07
3.768241966406270e-07
4.600291122994915e-07
5.614834007139614e-07
6.851720814863921e-07
8.359112480078400e-07
1.019630247166504e-06
1.243359197157290e-06
1.515967079664747e-06
1.847688527258248e-06
2.251579617349443e-06
2.743077222962674e-06
3.341124236372062e-06
4.068261265331046e-06
4.952480216218458e-06
6.027265449576447e-06
7.333284221860831e-06
8.919779957240082e-06
1.084662847171857e-05
1.318518491712956e-05
1.602314213737118e-05
1.946641809724776e-05
2.364153724638359e-05
2.870241309832555e-05
3.483543199615684e-05
4.226309490136280e-05
5.125846027620494e-05
6.214287283636207e-05
7.531004385056300e-05
9.123030509703903e-05
1.104761726363557e-04
1.337141633990732e-04
1.617799800075400e-04
1.956502161412702e-04
2.364994439116107e-04
2.857425418910034e-04
3.450484694304724e-04
4.164793403945293e-04
5.024037428790227e-04
6.057365525540363e-04
7.298741023635829e-04
8.789606724146957e-04
1.057862606034459e-03
1.272243281696929e-03
1.529098212333694e-03
1.836701321028317e-03
2.204558676313668e-03
2.643649056924738e-03
3.167981748447399e-03
3.793101261624575e-03
4.537563343812059e-03
5.423368454619567e-03
6.475651806887303e-03
7.724742323637027e-03
9.204249689570764e-03
1.095468084285856e-02
1.302363217655230e-02
1.546374733549865e-02
1.833604750877072e-02
2.171315862013433e-02
2.567367145407903e-02
3.031125647193108e-02
3.572512949222166e-02
4.203485863393785e-02
4.936681679869121e-02
5.786769405928439e-02
6.768177306257231e-02
7.898238614562908e-02
9.195954888216039e-02
1.067895363095149e-01
1.236777435142363e-01
1.428216592537814e-01
1.644173844256115e-01
1.886515339451162e-01
2.156889022131868e-01
2.456578550081858e-01
2.786536443772700e-01
3.147005769004869e-01
3.537563816741934e-01
3.956754264491779e-01
4.402210075091478e-01
4.870102407847482e-01
5.355404971196427e-01
5.851931194288605e-01
6.351865664069613e-01
6.846626158021504e-01
7.327189408983376e-01
7.783761239168311e-01
8.207348834451259e-01
8.589924732174706e-01
8.925286704877314e-01
9.209404390578675e-01
9.441322363870664e-01
9.622762517444053e-01
9.758101672846407e-01
9.853786700988941e-01
9.917431478762524e-01
9.956919646641514e-01
9.979530425021728e-01
9.990974412156041e-01
9.996362913938900e-01
9.998683618291617e-01
9.999576829273882e-01
9.999880824076052e-01
9.999970890674598e-01
9.999993984238474e-01
9.999998960526262e-01
9.999999852138526e-01
9.999999983268423e-01
9.999999998483982e-01
9.999999999902756e-01
9.999999999993613e-01
1.000000000000012e+00
9.999999999999917e-01
1.000000000000002e+00
9.999999999999996e-01
1.000000000000000e+00
1.000000000000000e+00
1.000000000000000e+00
1.000000000000000e+00
1.000000000000000e+00
1.000000000000000e+00
1.000000000000000e+00
1.000000000000000e+00
###7.400000000000004e+00
1.521750678260630e-09
1.939490887998456e-09
2.436608701046239e-09
3.032935950956248e-09
3.765958642410709e-09
4.666890022797531e-09
5.765330405945364e-09
7.107582271807580e-09
8.749408211391494e-09
1.075805878366903e-08
1.321280652295264e-08
1.621535848840571e-08
1.988790747801076e-08
2.437874237250100e-08
2.987200425960852e-08
3.658401407504621e-08
4.478732596715312e-08
5.481275581468227e-08
6.706261363337130e-08
8.202355122426127e-08
1.003369217881875e-07
1.226126311974453e-07
1.498481088316371e-07
1.831086523678259e-07
2.236764243402209e-07
2.731743042683099e-07
3.335660235534338e-07
4.072149623194454e-07
4.970088432403135e-07
6.064680502034024e-07
7.398796292619618e-07
9.024230256527804e-07
1.100473462378709e-06
1.341585266005512e-06
1.635290864854585e-06
1.992573767690648e-06
2.427458594910649e-06
2.956511379376938e-06
3.600055177397541e-06
4.382257499535300e-06
5.333125778458818e-06
6.488546931976393e-06
7.892078017815859e-06
9.596442566062159e-06
1.166573487912884e-05
1.417624940428599e-05
1.722179071339454e-05
2.091556012256787e-05
2.539271194018184e-05
3.081757397280094e-05
3.738915092206061e-05
4.534471234793580e-05
5.497540697052160e-05
6.662366583078332e-05
8.070880867727091e-05
9.773148244152490e-05
1.183013319382648e-04
1.431250936193936e-04
1.730926996858850e-04
2.092404547482772e-04
2.528148496696771e-04
3.053164020575315e-04
3.685143762772515e-04
4.445909362320771e-04
5.360523819254457e-04
6.459825517067114e-04
7.779690513715984e-04
9.363880335818161e-04
1.126372370179893e-03
1.353886924567635e-03
1.626301437324778e-03
1.952317616424661e-03
2.341929161890416e-03
2.806656940095370e-03
3.361195205633302e-03
4.021818309384170e-03
4.807941386055371e-03
5.742575193353199e-03
6.851936759022318e-03
8.167537363812136e-03
9.724638378728986e-03
1.156514478743984e-02
1.373838667057662e-02
1.629896072413627e-02
1.930999178591917e-02
2.284642410041079e-02
2.698921867171073e-02
3.183462351615827e-02
3.748433591841604e-02
4.406072003701444e-02
5.169258990456835e-02
6.052919121780591e-02
7.071635286828738e-02
8.242915406714420e-02
9.585880114388620e-02
1.111808838242362e-01
1.285997131555874e-01
1.483097389273510e-01
1.705021865784561e-01
1.953565584629331e-01
2.230282002078025e-01
2.536325596080162e-01
2.872496559875195e-01
3.238852867761556e-01
3.634761814180824e-01
4.058533697692456e-01
4.507550511358994e-01
4.977742722218709e-01
5.463837528355997e-01
5.959470075290749e-01
6.456688184267759e-01
6.946863406847947e-01
7.421023664574122e-01
7.869558421764565e-01
8.283770382325303e-01
8.656041924870513e-01
8.980665788318086e-01
9.254142115976371e-01
9.476027908609377e-01
9.648487680749721e-01
9.776214148350321e-01
9.865816549943826e-01
9.924903793926959e-01
9.961214427508447e-01
9.981783540142716e-01
9.992062739805742e-01
9.996841521991068e-01
9.998872487542882e-01
9.999642923153766e-01
9.999901066095420e-01
9.999976280955233e-01
9.999995188286933e-01
9.999999185388384e-01
9.999999886769061e-01
9.999999987475882e-01
9.999999998898865e-01
9.999999999930150e-01
9.999999999995853e-01
1.000000000000002e+00
9.999999999999963e-01
1.000000000000001e+00
9.999999999999998e-01
1.000000000000000e+00
1.000000000000000e+00
1.000000000000000e+00
1.000000000000000e+00
1.000000000000000e+00
1.000000000000000e+00
1.000000000000000e+00
1.000000000000000e+00
###7.600000000000004e+00
1.652105424884421e-09
2.103300191605549e-09
2.642473258478900e-09
3.289067935563268e-09
4.083786004598541e-09
5.060386629860954e-09
6.250839203039134e-09
7.705245325190967e-09
9.483930119299176e-09
1.165958937788635e-08
1.431787902212266e-08
1.756871597160400e-08
2.154417274705971e-08
2.640438297597888e-08
3.234825783287110e-08
3.960924918631732e-08
4.848157201648784e-08
5.932222055498915e-08
7.256518909502604e-08
8.873532541803840e-08
1.085245146973169e-07
1.325888028793528e-07
1.620048680980670e-07
1.979195225967778e-07
2.417134050312064e-07
2.951341363222000e-07
3.602955790405233e-07
4.397407645095215e-07
5.365757223797899e-07
6.545865664339820e-07
7.983819367574664e-07
9.735280557737245e-07
1.186874574094830e-06
1.446533328240744e-06
1.762742147369834e-06
2.147280523103471e-06
2.615201947262166e-06
3.184271575055739e-06
3.876277479388436e-06
4.717113311125926e-06
5.738924477165864e-06
6.980144478908168e-06
8.487392664114382e-06
1.031707857050231e-05
1.253776183512452e-05
1.523096440277248e-05
1.849695335010439e-05
2.245664693783291e-05
2.725426518892386e-05
3.306518556523937e-05
4.010170945041119e-05
4.861668654177966e-05
5.892033864012148e-05
7.137730689244382e-05
8.643387742117455e-05
1.046225978963648e-04
1.265921223525009e-04
1.530915465576182e-04
1.850676583725489e-04
2.236194705183681e-04
2.700688806353611e-04
3.260061546113952e-04
3.933055080346841e-04
4.742748667824535e-04
5.715644225484738e-04
6.884344569467991e-04
8.286721828930955e-04
9.968955257746662e-04
1.198514956127680e-03
1.439809078376154e-03
1.728536587730304e-03
2.073843768924419e-03
2.486229510974896e-03
2.977773839187060e-03
3.563886500288176e-03
4.261582157862991e-03
5.091188807662695e-03
6.076732136946124e-03
7.245549464048778e-03
8.630377380754417e-03
1.026814466157699e-02
1.220220255027589e-02
1.448365433757105e-02
1.716907573505081e-02
2.032372411195202e-02
2.402489549275222e-02
2.835592944718157e-02
3.341566810022880e-02
3.930827170917371e-02
4.615888166316405e-02
5.409869899696110e-02
6.327945048424069e-02
7.384838334356963e-02
8.598217443626865e-02
9.987302730831370e-02
1.156955815081522e-01
1.336527633031996e-01
1.539356196781546e-01
1.767300869494428e-01
2.022081126753617e-01
2.305150581357714e-01
2.617530007712791e-01
2.959862427265671e-01
3.332016599340145e-01
3.733146826198099e-01
4.161328688133609e-01
4.613694066961633e-01
5.085935628621304e-01
5.572543319311231e-01
6.066981741119486e-01
6.561176308279510e-01
7.046468321940639e-01
7.513954163530487e-01
7.954224904257833e-01
8.358893740811982e-01
8.720764473410955e-01
9.034629293347423e-01
9.297518447895352e-01
9.509491587803942e-01
9.673139957025336e-01
9.793452254486001e-01
9.877176952063499e-01
9.931898442925401e-01
9.965194518621925e-01
9.983847552069514e-01
9.993048161643366e-01
9.997269545624102e-01
9.999039116511228e-01
9.999700379574699e-01
9.999918380588270e-01
9.999980801346058e-01
9.999996180827656e-01
9.999999367019572e-01
9.999999914101018e-01
9.999999990721681e-01
9.999999999209291e-01
9.999999999950431e-01
9.999999999997363e-01
9.999999999999964e-01
9.999999999999989e-01
1.000000000000000e+00
1.000000000000000e+00
1.000000000000000e+00
1.000000000000000e+00
1.000000000000000e+00
1.000000000000000e+00
1.000000000000000e+00
1.000000000000000e+00
1.000000000000000e+00
1.000000000000000e+00
###7.800000000000004e+00
1.792161288696143e-09
2.279361607631539e-09
2.863737937082812e-09
3.564345414442280e-09
4.425345376182867e-09
5.483226966996208e-09
6.772492913053468e-09
8.347316929790601e-09
1.027291280878860e-08
1.262780947384519e-08
1.550449440813212e-08
1.902167335839055e-08
2.332199428265665e-08
2.857826278956023e-08
3.500518993982470e-08
4.285453998391620e-08
5.244368486458524e-08
6.415759817288684e-08
7.846412242539927e-08
9.592889864961932e-08
1.172977899535702e-07
1.432760357386686e-07
1.750249127819919e-07
2.137782088168865e-07
2.610215447276897e-07
3.186355332357121e-07
3.888940384295234e-07
4.745314796279371e-07
5.788863477460603e-07
7.060276806696138e-07
8.609063652989267e-07
1.049500081193201e-06
1.279163034915362e-06
1.558599651494754e-06
1.898797387846593e-06
2.312381243279764e-06
2.815497151235473e-06
3.427182945773505e-06
4.170781036386628e-06
5.074015423532457e-06
6.171298171365972e-06
7.503760639920262e-06
9.121265507550354e-06
1.108412437927167e-05
1.346562096626140e-05
1.635280694797459e-05
1.985277921113992e-05
2.409461243065897e-05
2.923209210514426e-05
3.545226585166792e-05
4.298145588195970e-05
5.208893930024272e-05
6.310503713196524e-05
7.641777300026300e-05
9.250181519540836e-05
1.119232637302677e-04
1.353717434249235e-04
1.636409262561372e-04
1.977371961591819e-04
2.388253826454855e-04
2.883064117856300e-04
3.478645590466177e-04
4.194838108147828e-04
5.056037591498269e-04
6.090248811776032e-04
7.331916379963393e-04
8.820994469991872e-04
1.060618218391410e-03
1.274447422419255e-03
1.530191991788892e-03
1.836014726766964e-03
2.201523689164338e-03
2.637740962520127e-03
3.157325279636468e-03
3.776426676197415e-03
4.512825918947916e-03
5.387789632841130e-03
6.426389655011767e-03
7.657113635535044e-03
9.113965287918826e-03
1.083555981223540e-02
1.286674000827610e-02
1.526042165194209e-02
1.807518520267304e-02
2.137844827988195e-02
2.524988991260846e-02
2.977523473476161e-02
3.505593162824410e-02
4.119858173140555e-02
4.833107961925349e-02
5.658695297771001e-02
6.612032776505204e-02
7.707973281751690e-02
8.964328368211409e-02
1.040039766433760e-01
1.203352242952800e-01
1.388382549834650e-01
1.597003366650576e-01
1.831016912946086e-01
2.092062570651784e-01
2.381488749677266e-01
2.700177907763935e-01
3.048611105695158e-01
3.426463877981477e-01
3.832674739357633e-01
4.265083518916188e-01
4.720573265908763e-01
5.194602408933802e-01
5.681433123643400e-01
6.174368310683002e-01
6.665225875530499e-01
7.145333499846941e-01
7.605873250898563e-01
8.037657868300787e-01
8.432624246527194e-01
8.784009367319645e-01
9.087108814011019e-01
9.339481095786358e-01
9.541677454418794e-01
9.696698521620397e-01
9.809807544728244e-01
9.887868508857391e-01
9.938421255779075e-01
9.968867637829636e-01
9.985729586261792e-01
9.993935890701631e-01
9.997650193423292e-01
9.999185219060406e-01
9.999749988254181e-01
9.999933080209860e-01
9.999984563501930e-01
9.999996991527333e-01
9.999999512267558e-01
9.999999935435110e-01
9.999999993195948e-01
9.999999999438511e-01
9.999999999965237e-01
9.999999999998360e-01
9.999999999999943e-01
1.000000000000000e+00
9.999999999999999e-01
1.000000000000000e+00
1.000000000000000e+00
1.000000000000000e+00
1.000000000000000e+00
1.000000000000000e+00
1.000000000000000e+00
1.000000000000000e+00
1.000000000000000e+00
1.000000000000000e+00
###8.000000000000004e+00
1.942555685554419e-09
2.468479526043762e-09
3.101414149474436e-09
3.860024762198206e-09
4.792192275388650e-09
5.937331525571438e-09
7.332652633847240e-09
9.036691594627413e-09
1.111989710116369e-08
1.366704326765814e-08
1.677792459141192e-08
2.058064997616960e-08
2.522918131312585e-08
3.090987310744355e-08
3.785432844125049e-08
4.633387576497353e-08
5.669063036519310e-08
6.933945030131833e-08
8.478432052803791e-08
1.036344238857273e-07
1.266932502720150e-07
1.547184558127745e-07
1.889615822127527e-07
2.307491631750731e-07
2.816786767204916e-07
3.437724453828659e-07
4.194747601999431e-07
5.117238200549014e-07
6.241055126153193e-07
7.609899433455904e-07
9.276920285361366e-07
1.130626915352803e-06
1.377685119858770e-06
1.678200615841238e-06
2.043957058562548e-06
2.488477051080181e-06
3.029065883903015e-06
3.686111417609516e-06
4.484604287691798e-06
5.454208341745197e-06
6.631737434351057e-06
8.061179612522778e-06
9.795830830958148e-06
1.190013128466433e-05
1.445236001349428e-05
1.754541532440843e-05
2.129360825661986e-05
2.583462663203081e-05
3.133235400091738e-05
3.798614691587428e-05
4.603710864079937e-05
5.577182791619298e-05
6.754179613193781e-05
8.175964192718137e-05
9.892989141838950e-05
1.196539167395240e-04
1.446643584952281e-04
1.748017616150428e-04
2.111349641160429e-04
2.548978355908734e-04
3.075740895355010e-04
3.709464284763284e-04
4.471136062208782e-04
5.386529835701486e-04
6.485219345342370e-04
7.803570969378834e-04
9.383709583357212e-04
1.127695943136847e-03
1.354332257796656e-03
1.625224085993600e-03
1.948953909937915e-03
2.335609181574952e-03
2.796753636604489e-03
3.345644614634650e-03
3.999187389485453e-03
4.775986260584933e-03
5.698241559840299e-03
6.792113106925393e-03
8.087269703005089e-03
9.619128095771966e-03
1.142769452580108e-02
1.355966280816490e-02
1.606969115313757e-02
1.901840267967943e-02
2.247538862416390e-02
2.652274425027324e-02
3.124858365152253e-02
3.675697108947063e-02
4.315692257963349e-02
5.057905638016701e-02
5.915915995300747e-02
6.905366891648061e-02
8.041224790961936e-02
9.341428221189767e-02
1.082533451246448e-01
1.251013335271650e-01
1.441574521863675e-01
1.656048016404321e-01
1.896174529677860e-01
2.163508692073259e-01
2.459288349625692e-01
2.784252966476121e-01
3.138716927568088e-01
3.522158673886862e-01
3.933298370373284e-01
4.369739408558982e-01
4.828117744827318e-01
5.303661819635546e-01
5.790415846952529e-01
6.281530914747239e-01
6.768732893049103e-01
7.243353103818815e-01
7.696677989198966e-01
8.119759259142508e-01
8.504873536933397e-01
8.845701217819925e-01
9.138044448021118e-01
9.379986648471094e-01
9.572558221526426e-01
9.719150371628448e-01
9.825278145827400e-01
9.897896847081904e-01
9.944481543265139e-01
9.972243633711522e-01
9.987438138219742e-01
9.994731647797680e-01
9.997986857745015e-01
9.999312552377210e-01
9.999792536757603e-01
9.999945468713074e-01
9.999987670873891e-01
9.999997647844273e-01
9.999999627291708e-01
9.999999951910993e-01
9.999999995060079e-01
9.999999999605672e-01
9.999999999975888e-01
9.999999999999010e-01
9.999999999999939e-01
1.000000000000001e+00
9.999999999999998e-01
1.000000000000000e+00
1.000000000000000e+00
1.000000000000000e+00
1.000000000000000e+00
1.000000000000000e+00
1.000000000000000e+00
1.000000000000000e+00
1.000000000000000e+00
1.000000000000000e+00
###8.200000000000003e+00
2.103962640875533e-09
2.671504625736505e-09
3.356571519538651e-09
4.177434587789889e-09
5.185970302910962e-09
6.424730877579028e-09
7.933814504697784e-09
9.776428891578164e-09
1.202862525162336e-08
1.478186021937674e-08
1.814373951877680e-08
2.225242686263546e-08
2.727398142465660e-08
3.340923590398536e-08
4.090784321431395e-08
5.006202170191693e-08
6.124031040357481e-08
7.488946906622169e-08
9.155205350983657e-08
1.118836966849427e-07
1.367493788531686e-07
1.669625697837744e-07
2.038710789211127e-07
2.489002797573502e-07
3.037667689567674e-07
3.706437870952254e-07
4.521570592814628e-07
5.514616413284176e-07
6.724065711621181e-07
8.196821588494691e-07
9.989903124047055e-07
1.217211055657032e-06
1.482804670859154e-06
1.805773578846571e-06
2.198746679857723e-06
2.676198950384995e-06
3.256665449575274e-06
3.961965364713039e-06
4.818836191638868e-06
5.858996693843652e-06
7.121804308717877e-06
8.654270481744929e-06
1.051332365727135e-05
1.276777009312669e-05
1.550116864749685e-05
1.881259535448234e-05
2.282397849940612e-05
2.768209667869631e-05
3.356148816999839e-05
4.067448614932590e-05
4.927776931997581e-05
5.967616004967557e-05
7.224343828351890e-05
8.741811174342407e-05
1.057361022131016e-04
1.278358437327678e-04
1.544951235187332e-04
1.866037384418402e-04
2.252959601331669e-04
2.718780382338683e-04
3.279203723481312e-04
3.953086705494427e-04
4.762616035436837e-04
5.734925274522107e-04
6.901469253011093e-04
8.300375276639033e-04
9.976110705392581e-04
1.198273385707508e-03
1.438337486054744e-03
1.725100071992851e-03
2.067579313127209e-03
2.476360081601974e-03
2.963566673041460e-03
3.543075263026932e-03
4.232570813927417e-03
5.051512256178916e-03
6.023056000726929e-03
7.174482890415787e-03
8.536674634021935e-03
1.014651467752674e-02
1.204537846795626e-02
1.428189593764009e-02
1.691247321753423e-02
1.999986167199540e-02
2.361578933736461e-02
2.784481431867360e-02
3.277744242146285e-02
3.852035772017554e-02
4.518496090233393e-02
5.290455871658661e-02
6.181712470386424e-02
7.208130669623770e-02
8.384774992510917e-02
9.729693019788702e-02
1.126227683838364e-01
1.299953515734752e-01
1.496115160263565e-01
1.716497967736548e-01
1.962776666522107e-01
2.236416377095528e-01
2.538539023240096e-01
2.869736360632260e-01
3.230151476100837e-01
3.619062018660646e-01
4.034967508064345e-01
4.475234596147631e-01
4.936254387366607e-01
5.413030284542389e-01
5.899398763315389e-01
6.388369987032908e-01
6.871591261193710e-01
7.340423192144842e-01
7.786267845723006e-01
8.200436024857009e-01
8.575559695663610e-01
8.905772265314907e-01
9.187384650211340e-01
9.419000262742733e-01
9.602114787180690e-01
9.740488574764776e-01
9.839868132427826e-01
9.907272035733679e-01
9.950091587801900e-01
9.975334089899428e-01
9.988982330805904e-01
9.995441484880806e-01
9.998283021236420e-01
9.999422871327490e-01
9.999828792262577e-01
9.999955834721638e-01
9.999990218050870e-01
9.999998174602315e-01
9.999999717517006e-01
9.999999964504004e-01
9.999999996448552e-01
9.999999999726121e-01
9.999999999983440e-01
9.999999999999427e-01
9.999999999999941e-01
1.000000000000001e+00
9.999999999999997e-01
1.000000000000000e+00
1.000000000000000e+00
1.000000000000000e+00
1.000000000000000e+00
1.000000000000000e+00
1.000000000000000e+00
1.000000000000000e+00
1.000000000000000e+00
1.000000000000000e+00
###8.400000000000002e+00
2.277096123001622e-09
2.889336206345511e-09
3.630340814568514e-09
4.517979365576333e-09
5.608413092799880e-09
6.947571189491622e-09
8.578616476727304e-09
1.056976178352623e-08
1.300305106507759e-08
1.597708726416385e-08
1.960782196536271e-08
2.404416455276555e-08
2.946510223748160e-08
3.608692990458864e-08
4.417857750963353e-08
5.405455657914536e-08
6.611160912017907e-08
8.083053161699015e-08
9.879502010130615e-08
1.207102336728053e-07
1.475067306669939e-07
1.800573774986895e-07
2.198126032636612e-07
2.683030555359653e-07
3.273721162918064e-07
3.993536661628408e-07
4.870664808431491e-07
5.938962688651543e-07
7.239718272655811e-07
8.823238483475569e-07
1.075065427930688e-06
1.309570337915447e-06
1.594903859825608e-06
1.941777800582192e-06
2.363717903751179e-06
2.876209094602039e-06
3.499090315261158e-06
4.255697425512124e-06
5.174618420003756e-06
6.289747765476669e-06
7.643135296434961e-06
9.284990744920487e-06
1.127608390149427e-05
1.368983594598195e-05
1.661538373423078e-05
2.015832708518059e-05
2.444863392820040e-05
2.964267302670697e-05
3.592621881662557e-05
4.352527897919149e-05
5.271293688931234e-05
6.381321117921471e-05
7.722333566194960e-05
9.340902534402649e-05
1.129391990406725e-04
1.364912155482296e-04
1.648902331080655e-04
1.990797786827007e-04
2.402565917203431e-04
2.898088260015032e-04
3.493956031709886e-04
4.210103719472976e-04
5.069970314886315e-04
6.102117173880031e-04
7.339945342956962e-04
8.823434458177375e-04
1.059948508968308e-03
1.272500218032732e-03
1.526636801948070e-03
1.830021090395536e-03
2.192123377047390e-03
2.624044406138157e-03
3.138488381178114e-03
3.749970934949375e-03
4.476983728538053e-03
5.339865568445344e-03
6.362761305281479e-03
7.574094926640453e-03
9.006000302464933e-03
1.069685954700894e-02
1.268945770696831e-02
1.503438277341725e-02
1.778983553261936e-02
2.102071506616784e-02
2.480091342783193e-02
2.921747363168228e-02
3.436331167074767e-02
4.034767521956296e-02
4.728437127185262e-02
5.530933514371100e-02
6.456264567276705e-02
7.520505721482507e-02
8.738803076481885e-02
1.012929428762782e-01
1.171138229986278e-01
1.350186360028215e-01
1.552014984876927e-01
1.778359680460973e-01
2.030824617522561e-01
2.310780558656417e-01
2.619228156276842e-01
2.956606731124457e-01
3.322883562942640e-01
3.717132009427273e-01
4.137628947252821e-01
4.581504418741680e-01
5.044907445239897e-01
5.522622056529819e-01
6.008287699676372e-01
6.494785351039712e-01
6.973689695412753e-01
7.436441664285989e-01
7.874545861379528e-01
8.279600210525432e-01
8.644607294902769e-01
8.964162304701168e-01
9.235086024878711e-01
9.456495309615462e-01
9.630335761826883e-01
9.760715442444911e-01
9.853586961887679e-01
9.916008031566370e-01
9.955266170959099e-01
9.978151957946675e-01
9.990371881732120e-01
9.996071636339804e-01
9.998542177397864e-01
9.999517892801538e-01
9.999859487655721e-01
9.999964447387830e-01
9.999992290366648e-01
9.999998593813406e-01
9.999999787633000e-01
9.999999974032333e-01
9.999999997471253e-01
9.999999999811896e-01
9.999999999988719e-01
9.999999999999691e-01
9.999999999999947e-01
1.000000000000001e+00
9.999999999999997e-01
1.000000000000000e+00
1.000000000000000e+00
1.000000000000000e+00
1.000000000000000e+00
1.000000000000000e+00
1.000000000000000e+00
1.000000000000000e+00
1.000000000000000e+00
1.000000000000000e+00
###8.600000000000001e+00
2.462714899376298e-09
3.122924651471898e-09
3.923917034218363e-09
4.883143271458070e-09
6.061363625610660e-09
7.508120040897428e-09
9.269845359900908e-09
1.142010525802049e-08
1.404734944964253e-08
1.725782151796724e-08
2.117638290251529e-08
2.596342174658507e-08
3.181173333642990e-08
3.895411746021224e-08
4.768008034332583e-08
5.832791165212476e-08
7.132443944112796e-08
8.718675561222057e-08
1.065424135771615e-07
1.301493477826182e-07
1.590060872631994e-07
1.940544803575762e-07
2.368484901494204e-07
2.890327554554599e-07
3.525855392877977e-07
4.300116221010715e-07
5.243350853866049e-07
6.391868381640819e-07
7.789929411059094e-07
9.491457340891511e-07
1.156194987943295e-06
1.408038622366041e-06
1.714384006373909e-06
2.086695410246412e-06
2.539449674557567e-06
3.089202093740111e-06
3.757173723908273e-06
4.568306413169344e-06
5.553147553007868e-06
6.747894158530816e-06
8.197444511521848e-06
9.955390030467965e-06
1.208656075247547e-05
1.466925347600263e-05
1.779849524003589e-05
2.158677191948485e-05
2.617253299664596e-05
3.172225892626253e-05
3.843356849411232e-05
4.654687232876854e-05
5.635252424292418e-05
6.819474298083708e-05
8.249543121232927e-05
9.974889490359899e-05
1.205587176902671e-04
1.456431208155351e-04
1.758769572908789e-04
2.122603823537945e-04
2.560547269930213e-04
3.087347241541385e-04
3.720520854758466e-04
4.481128903449390e-04
5.393917742753184e-04
6.488946005132973e-04
7.801629622079519e-04
9.373893432905592e-04
1.125516534843955e-03
1.350531271927467e-03
1.619409759325002e-03
1.940194914869711e-03
2.322826026943536e-03
2.778938588276120e-03
3.321836494331163e-03
3.966695843769971e-03
4.732842442556453e-03
5.641520711529062e-03
6.717893534200663e-03
7.991562766363773e-03
9.495935092799269e-03
1.127093628610509e-02
1.336079863460979e-02
1.581808606090872e-02
1.870284360777597e-02
2.208213566088369e-02
2.603204313391183e-02
3.064211426601511e-02
3.600775742585929e-02
4.224040342187663e-02
4.945683458983868e-02
5.779513451453826e-02
6.739751298021279e-02
7.842671748037429e-02
9.103484987694388e-02
1.054039869782657e-01
1.217280164501095e-01
1.401724549755445e-01
1.609283373747659e-01
1.841638200701573e-01
2.100317972727717e-01
2.386594169623003e-01
2.701340842053286e-01
3.044840161993302e-01
3.416879231815662e-01
3.816323845807604e-01
4.241226562678552e-01
4.688481445542448e-01
5.153998736580643e-01
5.632349502455430e-01
6.116987414992664e-01
6.600676913545230e-01
7.074940252848628e-01
7.531309293338293e-01
7.961419226277207e-01
8.357169401679000e-01
8.711947646926270e-01
9.020818756172601e-01
9.281113209526930e-01
9.492453082715958e-01
9.657217041449125e-01
9.779838308686749e-01
9.866448935414140e-01
9.924122162399068e-01
9.960022137525173e-01
9.980711230917272e-01
9.991616883375404e-01
9.996628391657534e-01
9.998767765707960e-01
9.999599267729244e-01
9.999885311560573e-01
9.999971553685648e-01
9.999993963804420e-01
9.999998924672163e-01
9.999999841625438e-01
9.999999981170559e-01
9.999999998216367e-01
9.999999999872273e-01
9.999999999992363e-01
9.999999999999856e-01
9.999999999999952e-01
1.000000000000001e+00
9.999999999999997e-01
1.000000000000000e+00
1.000000000000000e+00
1.000000000000000e+00
1.000000000000000e+00
1.000000000000000e+00
1.000000000000000e+00
1.000000000000000e+00
1.000000000000000e+00
1.000000000000000e+00
###8.800000000000001e+00
2.661607487676916e-09
3.373273901493840e-09
4.238562538579501e-09
5.274494064543471e-09
6.546762334403921e-09
8.108772321242718e-09
1.001044415423783e-08
1.233106512127820e-08
1.516592940755287e-08
1.862944323394629e-08
2.285597717057330e-08
2.801817411312330e-08
3.432356955990610e-08
4.202257211926713e-08
5.142663954410895e-08
6.289941036673952e-08
7.689979076163441e-08
9.398355633428411e-08
1.148249901939004e-07
1.402382305972924e-07
1.712938979327313e-07
2.090081989558940e-07
2.550443485186629e-07
3.111685790247748e-07
3.795025826741765e-07
4.627328624565900e-07
5.641017298625513e-07
6.875006290782778e-07
8.376713252052536e-07
1.020390210054579e-06
1.242670564943460e-06
1.512966445036662e-06
1.841666360115670e-06
2.241032297703261e-06
2.726549314648730e-06
3.315906626102975e-06
4.031789208395931e-06
4.900839178149722e-06
5.955677341811626e-06
7.234936238795153e-06
8.786526498005255e-06
1.066761343324912e-05
1.294731655995074e-05
1.570908133279625e-05
1.905415177918994e-05
2.310227868942547e-05
2.800085501155938e-05
3.392701876569125e-05
4.109086736374643e-05
4.974797514290497e-05
6.020686982098124e-05
7.283301668390484e-05
8.807425349871433e-05
1.064549180421905e-04
1.286149944963838e-04
1.553155815971128e-04
1.874836437064037e-04
2.261785610794407e-04
2.727296899496477e-04
3.287019683387740e-04
3.959441076139536e-04
4.766798822937515e-04
5.735203695390094e-04
6.896282825467406e-04
8.287539208593371e-04
9.952937362288337e-04
1.194453007303509e-03
1.432526617349876e-03
1.716841860392133e-03
2.055836050413553e-03
2.459934777118707e-03
2.941327583389658e-03
3.513938273023922e-03
4.193624796187958e-03
5.000574985665478e-03
5.956965060255608e-03
7.089005149352665e-03
8.427507439910711e-03
1.000718376184837e-02
1.186953595496912e-02
1.406029067376126e-02
1.663399826865771e-02
1.965258217355575e-02
2.318531507792108e-02
2.731047850907906e-02
3.212014381594144e-02
3.771219436262094e-02
4.420024824747610e-02
5.170403519329284e-02
6.036370246600435e-02
7.032350464829988e-02
8.174806114893342e-02
9.478992952134754e-02
1.096316754653521e-01
1.264667824903003e-01
1.454579810276942e-01
1.667928498121550e-01
1.906337094519749e-01
2.171254553826538e-01
2.463848084188263e-01
2.784859833605241e-01
3.134410150772449e-01
3.512101751912731e-01
3.916589855605292e-01
4.345701421262463e-01
4.796095589117331e-01
5.263447806666081e-01
5.742123314155796e-01
6.225401852230097e-01
6.705944907042690e-01
7.175242468056722e-01
7.624929908278797e-01
8.046799514732786e-01
8.433066889671071e-01
8.777518868722182e-01
9.075696590392587e-01
9.325438651470924e-01
9.526862426746733e-01
9.682761304016257e-01
9.797869861498251e-01
9.878472597019747e-01
9.931634603210500e-01
9.964377966233945e-01
9.983026633777634e-01
9.992727607584332e-01
9.997117985931224e-01
9.998963119129793e-01
9.999668560024437e-01
9.999906901616232e-01
9.999977376960614e-01
9.999995305164012e-01
9.999999183668682e-01
9.999999882829850e-01
9.999999986466418e-01
9.999999998753488e-01
9.999999999914285e-01
9.999999999994849e-01
9.999999999999956e-01
9.999999999999958e-01
1.000000000000001e+00
9.999999999999998e-01
1.000000000000000e+00
1.000000000000000e+00
1.000000000000000e+00
1.000000000000000e+00
1.000000000000000e+00
1.000000000000000e+00
1.000000000000000e+00
1.000000000000000e+00
1.000000000000000e+00
###9.000000000000000e+00
2.874613785872647e-09
3.641444176612019e-09
4.575610481312825e-09
5.693687340492528e-09
7.066658223269458e-09
8.752056691479978e-09
1.080351987983410e-08
1.330644767717098e-08
1.636344398792300e-08
2.009763012371819e-08
2.465352084194045e-08
3.021683531042098e-08
3.701083631375180e-08
4.530470931029423e-08
5.543331900264171e-08
6.778731341735714e-08
8.285978349311733e-08
1.012477132866507e-07
1.236751509876417e-07
1.510160607978593e-07
1.844179013412591e-07
2.249757269598527e-07
2.744692260701069e-07
3.347938520509692e-07
4.082237396426801e-07
4.976385274609282e-07
6.065123806819831e-07
7.390134365262624e-07
9.002185842861528e-07
1.096311862561366e-06
1.334798308716289e-06
1.624721730576413e-06
1.977192965936434e-06
2.405319179040577e-06
2.925653736402564e-06
3.557086490609078e-06
4.323852274268900e-06
5.254392365116696e-06
6.383521013839101e-06
7.752444961611027e-06
9.412259420915316e-06
1.142390535301715e-05
1.386103134806915e-05
1.681251741976656e-05
2.038616674309261e-05
2.470939092595207e-05
2.993900935993859e-05
3.626338796931707e-05
4.390576481363815e-05
5.313767191857439e-05
6.428675345293344e-05
7.774081158409233e-05
9.397493839744339e-05
1.135450033215068e-04
1.371291968010115e-04
1.655335900544787e-04
1.997397700776454e-04
2.408690449186151e-04
2.903223324500781e-04
3.497585659270999e-04
4.211280082281379e-04
5.067773723222677e-04
6.094600829663259e-04
7.325030079504240e-04
8.798727196231293e-04
1.056179257220686e-03
1.266900480988166e-03
1.518651664308803e-03
1.819124660221928e-03
2.177165837906537e-03
2.603704831667723e-03
3.111504961585894e-03
3.715130582261516e-03
4.431143248220581e-03
5.280621131220350e-03
6.286699002624812e-03
7.476663467442476e-03
8.882569849845279e-03
1.054046741267395e-02
1.249343823567227e-02
1.478882581031240e-02
1.748310986108964e-02
2.064015459725299e-02
2.433146307496846e-02
2.863753663449404e-02
3.365298463592958e-02
3.947814616745851e-02
4.622884505692620e-02
5.402766058508812e-02
6.301677850620445e-02
7.334238226671069e-02
8.517083249569656e-02
9.865494696612918e-02
1.139775575273606e-01
1.313314690746890e-01
1.508762754867243e-01
1.727957129415928e-01
1.972458208791015e-01
2.243630116055044e-01
2.542530742551816e-01
2.869765064024055e-01
3.225286982076411e-01
3.608510777739030e-01
4.017878327875430e-01
4.450990041026460e-01
4.904271533792061e-01
5.373167891759327e-01
5.851844996365849e-01
6.333421370270463e-01
6.810445348692812e-01
7.270815825915863e-01
7.717129307916131e-01
8.130571009535333e-01
8.507197117351081e-01
8.841250638821010e-01
9.128747679071368e-01
9.368034024699963e-01
9.559714569129584e-01
9.706974480937908e-01
9.814826216296889e-01
9.889679244715079e-01
9.938567330291994e-01
9.968353072807651e-01
9.985113202986647e-01
9.993714279322836e-01
9.997546488963439e-01
9.999131416032637e-01
9.999727229150074e-01
9.999924839999061e-01
9.999982116441467e-01
9.999996372448745e-01
9.999999384773592e-01
9.999999913997358e-01
9.999999990357735e-01
9.999999999136661e-01
9.999999999943177e-01
9.999999999996527e-01
1.000000000000001e+00
9.999999999999963e-01
1.000000000000001e+00
9.999999999999998e-01
1.000000000000000e+00
1.000000000000000e+00
1.000000000000000e+00
1.000000000000000e+00
1.000000000000000e+00
1.000000000000000e+00
1.000000000000000e+00
1.000000000000000e+00
1.000000000000000e+00
###9.199999999999999e+00
3.102620407631361e-09
3.928554741076515e-09
4.936468263748841e-09
6.142470810496287e-09
7.623214146436406e-09
9.440642085512223e-09
1.165235154168036e-08
1.435026939044844e-08
1.764480226873209e-08
2.166837158326963e-08
2.657630842118878e-08
3.256827779477341e-08
3.988431454361400e-08
4.881361648454868e-08
5.971599450144379e-08
7.301086185113109e-08
8.922772068650702e-08
1.090074316141626e-07
1.331270143555315e-07
1.625240842187000e-07
1.984279445752415e-07
2.420182166720399e-07
2.951957628923183e-07
3.599962095868475e-07
4.388546722680815e-07
5.348559537146263e-07
6.517204291129709e-07
7.939099469097326e-07
9.668569638405183e-07
1.177178004366552e-06
1.432899581906915e-06
1.743690653800120e-06
2.121427560275984e-06
2.580112649128458e-06
3.137430700160549e-06
3.813542230920128e-06
4.634322170390987e-06
5.630114696857427e-06
6.838053167452249e-06
8.302064696664619e-06
1.007660892649214e-05
1.222661351428300e-05
1.483050753600294e-05
1.798290432994363e-05
2.179852481003338e-05
2.641285449108134e-05
3.199264418839720e-05
3.873808342205593e-05
4.688624165929749e-05
5.672543686352346e-05
6.860341293538770e-05
8.293144433114964e-05
1.002132515079764e-04
1.210377962470292e-04
1.461233532058742e-04
1.763231433133992e-04
2.126759850314120e-04
2.563679271339138e-04
3.088750880362606e-04
3.719543573098045e-04
4.476622466813388e-04
5.384738334856277e-04
6.472910004205291e-04
7.776122648103523e-04
9.336283850360194e-04
1.120172790988511e-03
1.343006359598126e-03
1.609077336061019e-03
1.926455961917767e-03
2.304412674471505e-03
2.754399333215277e-03
3.289773186107046e-03
3.925760197473819e-03
4.679647637408065e-03
5.573432756516462e-03
6.631235931405310e-03
7.881449819314575e-03
9.357405825796481e-03
1.109652196723644e-02
1.314336013461006e-02
1.554732078867843e-02
1.836643633463792e-02
2.166668190423780e-02
2.552180699457677e-02
3.001455121276894e-02
3.524207393022052e-02
4.130714837932769e-02
4.832781326249590e-02
5.642940045500278e-02
6.575609698119597e-02
7.645589295780635e-02
8.869674985603457e-02
1.026315397760143e-01
1.184431265294935e-01
1.363233499540696e-01
1.564283050396843e-01
1.789374874711557e-01
2.040002002895200e-01
2.317438814705168e-01
2.622628805672398e-01
2.956034568433801e-01
3.317439032601337e-01
3.706064214487143e-01
4.120136224641469e-01
4.557028432105167e-01
5.012934970124862e-01
5.483072644223426e-01
5.961425395354102e-01
6.440953979358995e-01
6.914104961155327e-01
7.369508778174485e-01
7.807866485200817e-01
8.212667961715907e-01
8.579506074681290e-01
8.903100291977660e-01
9.179945091359965e-01
9.408891475600569e-01
9.591013745439289e-01
9.729872249531331e-01
9.830730805572382e-01
9.900094291313887e-01
9.944944873498653e-01
9.971968166082122e-01
9.986986379176575e-01
9.994587049217901e-01
9.997919791734627e-01
9.999275665792382e-01
9.999776626986726e-01
9.999939653080722e-01
9.999985947964297e-01
9.999997215488046e-01
9.999999539681966e-01
9.999999937367900e-01
9.999999993169528e-01
9.999999999407304e-01
9.999999999962812e-01
9.999999999997656e-01
1.000000000000004e+00
9.999999999999969e-01
1.000000000000001e+00
9.999999999999998e-01
1.000000000000000e+00
1.000000000000000e+00
1.000000000000000e+00
1.000000000000000e+00
1.000000000000000e+00
1.000000000000000e+00
1.000000000000000e+00
1.000000000000000e+00
1.000000000000000e+00
###9.399999999999999e+00
3.346562981873870e-09
4.235786801948517e-09
5.322621188068548e-09
6.622688830035347e-09
8.218712397442374e-09
1.017734457266750e-08
1.256039857827235e-08
1.546676713474739e-08
1.901518189279637e-08
2.334798379771226e-08
2.863203112081330e-08
3.508185487564998e-08
4.295536735305993e-08
5.256308510925208e-08
6.429139284058071e-08
7.859032357058797e-08
9.602814377899756e-08
1.172924087812599e-07
1.432164956084509e-07
1.748057095073359e-07
2.133764767398059e-07
2.601982259711819e-07
3.173002950143308e-07
3.868677912856881e-07
4.715064448091349e-07
5.745189529884239e-07
6.998870227308405e-07
8.523841326766743e-07
1.037819819768131e-06
1.263269232274576e-06
1.537311616108170e-06
1.870278303928118e-06
2.274856503215292e-06
2.765996282084180e-06
3.362580127808494e-06
4.086112681177892e-06
4.964203717089063e-06
6.029209091030995e-06
7.320713102893922e-06
8.885516222370701e-06
1.078163112679168e-05
1.307819354451810e-05
1.585867481379701e-05
1.922373573371156e-05
2.329538864618912e-05
2.821762541663567e-05
3.416765554621329e-05
4.135811423884915e-05
5.004062261463347e-05
6.052114885239752e-05
7.316856091730814e-05
8.841878852742052e-05
1.068056108683712e-04
1.289527055525827e-04
1.556203839522008e-04
1.877112784704307e-04
2.263241485190241e-04
2.727127081392627e-04
3.284320249544489e-04
3.953410766836217e-04
4.756074723240332e-04
5.718402661307849e-04
6.870961173843249e-04
8.250528858779232e-04
9.901337751101740e-04
1.187405603180144e-03
1.422923041052369e-03
1.703980232721473e-03
2.039040000501019e-03
2.437812218449522e-03
2.912289590517071e-03
3.476443868693645e-03
4.146184099064342e-03
4.939545726812268e-03
5.879474239935590e-03
6.991102919247465e-03
8.303960474612031e-03
9.852687395145837e-03
1.167610137932159e-02
1.382029773583797e-02
1.633671256643273e-02
1.928501503515556e-02
2.273330466247303e-02
2.675759663964023e-02
3.144289488379266e-02
3.688886439441987e-02
4.320074849274212e-02
5.049877989153582e-02
5.891094581655897e-02
6.858338572478652e-02
7.966576743344581e-02
9.232750305664211e-02
1.067213025283355e-01
1.230298159854508e-01
1.414436197640908e-01
1.621149359865721e-01
1.852186108830219e-01
2.108967469863423e-01
2.392673484403564e-01
2.704127042008387e-01
3.043644341307260e-01
3.410832578407962e-01
3.804717939665896e-01
4.223308743693642e-01
4.663751374217259e-01
5.122011270512205e-01
5.593083092386196e-01
6.070778858279069e-01
6.547915197732684e-01
7.016865338919390e-01
7.466867503891277e-01
7.897124926112705e-01
8.293046642053666e-01
8.649958034339176e-01
8.963041451448234e-01
9.229276497759717e-01
9.448011119203642e-01
9.620773989888042e-01
9.751477825267586e-01
9.845610091629474e-01
9.909747154027126e-01
9.950793842668667e-01
9.975244769218133e-01
9.988661723296258e-01
9.995355898360584e-01
9.998243522438034e-01
9.999398685972185e-01
9.999817989338333e-01
9.999951811555012e-01
9.999989024978736e-01
9.999997876613067e-01
9.999999658067085e-01
9.999999954741885e-01
9.999999995220785e-01
9.999999999596305e-01
9.999999999976046e-01
9.999999999998394e-01
1.000000000000006e+00
9.999999999999972e-01
1.000000000000001e+00
9.999999999999998e-01
1.000000000000000e+00
1.000000000000000e+00
1.000000000000000e+00
1.000000000000000e+00
1.000000000000000e+00
1.000000000000000e+00
1.000000000000000e+00
1.000000000000000e+00
1.000000000000000e+00
###9.599999999999998e+00
3.607428482951541e-09
4.564386471296463e-09
5.735636189965947e-09
7.136287016673984e-09
8.855560405872164e-09
1.096513438932478e-08
1.353130923738675e-08
1.666040861685302e-08
2.048004187034609e-08
2.514312507589768e-08
3.082879539234792e-08
3.776742306926363e-08
4.623596698189211e-08
5.656764305324438e-08
6.917713030101396e-08
8.454703990298619e-08
1.032868883053794e-07
1.261339011517276e-07
1.539813865790576e-07
1.879066018873387e-07
2.293186623523610e-07
2.795821361158701e-07
3.408631722059358e-07
4.155054331561663e-07
5.062957544244771e-07
6.167680883851583e-07
7.511813960422959e-07
9.146396464245572e-07
1.113352088098196e-06
1.354879984823821e-06
1.648388181330922e-06
2.004909515890317e-06
2.437989706359514e-06
2.963581728255050e-06
3.601835380919095e-06
4.375676495481149e-06
5.314549119118123e-06
6.452934755967629e-06
7.833007126140189e-06
9.504599955398276e-06
1.152947628923194e-05
1.398121179825541e-05
1.694859484596145e-05
2.053866109165498e-05
2.488110530814413e-05
3.012887735574575e-05
3.647019609984565e-05
4.413079194870304e-05
5.337758813440109e-05
6.453510433407421e-05
7.799440035095665e-05
9.421729248316971e-05
1.137691073040875e-04
1.373099264523068e-04
1.656441272101118e-04
1.997261026520054e-04
2.407173657960547e-04
2.899423346288909e-04
3.490388889939734e-04
4.199723999056724e-04
5.050265770548977e-04
6.069502559805324e-04
7.289614023004247e-04
8.749251167085714e-04
1.049505652106273e-03
1.258013416644530e-03
1.506807995993860e-03
1.803542709997183e-03
2.157087519010959e-03
2.577607458833056e-03
3.077655135848567e-03
3.671837808551527e-03
4.376769485588972e-03
5.211256582931340e-03
6.199222394068748e-03
7.366840774777855e-03
8.744806680526591e-03
1.036910280213718e-02
1.227997776952105e-02
1.452513863197318e-02
1.715795830114219e-02
2.023990241638023e-02
2.384119037182628e-02
2.804010859797914e-02
3.292391522591004e-02
3.859481563458543e-02
4.516050258251188e-02
5.274337513974910e-02
6.147398333970884e-02
7.150035886267327e-02
8.297371095601450e-02
9.606474213340452e-02
1.109257727994731e-01
1.277389822065817e-01
1.466933726084738e-01
1.679369078622131e-01
1.916393648633313e-01
2.179351745957783e-01
2.469325705265231e-01
2.787007701836716e-01
3.132567490534685e-01
3.505430672479024e-01
3.904424283576884e-01
4.327337213606821e-01
4.771089414576207e-01
5.231421041832502e-01
5.703112019574453e-01
6.179811351372845e-01
6.654207792240722e-01
7.118626231241633e-01
7.562817671476270e-01
7.984814002616758e-01
8.371636525781034e-01
8.718498790898133e-01
9.021038952681161e-01
9.276725509106313e-01
9.485393717432730e-01
9.649010200352385e-01
9.771815994101112e-01
9.859494862215846e-01
9.918668066032569e-01
9.956141223402932e-01
9.978204338129966e-01
9.990154449566915e-01
9.996030371049857e-01
9.998522974229006e-01
9.999503073177053e-01
9.999852430745437e-01
9.999961485698744e-01
9.999991475943490e-01
9.999998391525247e-01
9.999999747656934e-01
9.999999967586353e-01
9.999999996672004e-01
9.999999999730914e-01
9.999999999983752e-01
9.999999999999194e-01
9.999999999999981e-01
1.000000000000000e+00
9.999999999999999e-01
1.000000000000000e+00
1.000000000000000e+00
1.000000000000000e+00
1.000000000000000e+00
1.000000000000000e+00
1.000000000000000e+00
1.000000000000000e+00
1.000000000000000e+00
1.000000000000000e+00
1.000000000000000e+00
###9.799999999999997e+00
3.886257799513535e-09
4.915667926561264e-09
6.177165807024076e-09
7.685317175827247e-09
9.536296816095764e-09
1.180714346778222e-08
1.456892993012433e-08
1.793590351808296e-08
2.204513608001398e-08
2.706081226779632e-08
3.317514278799804e-08
4.063536607657688e-08
4.973872367161789e-08
6.084258945039119e-08
7.439175465949189e-08
9.090347603912252e-08
1.110311444971276e-07
1.355647968887868e-07
1.654614431405473e-07
2.018747892850524e-07
2.463125052459165e-07
3.002399283817303e-07
3.659688026589458e-07
4.460108817973394e-07
5.433451843196836e-07
6.617509743847685e-07
8.057812261897335e-07
9.808902429471340e-07
1.193710780611438e-06
1.452319135213688e-06
1.766500286189950e-06
2.148029680355355e-06
2.611361616934296e-06
3.173509879863463e-06
3.855964653290076e-06
4.683153773005907e-06
5.686459819436875e-06
6.902609503084747e-06
8.376510788556743e-06
1.016119833984892e-05
1.232239243996066e-05
1.493835067821703e-05
1.810346630223084e-05
2.193149182177752e-05
2.656021311653113e-05
3.215200959425461e-05
3.890668421484465e-05
4.706370465963264e-05
5.690618625181391e-05
6.877803218599464e-05
8.309364152381931e-05
1.003419989131877e-04
1.211215271722391e-04
1.461304668428043e-04
1.762193693710971e-04
2.123968275364720e-04
2.558900268942987e-04
3.080972446155918e-04
3.707431546438097e-04
4.459040020641329e-04
5.359847611637101e-04
6.438800478266503e-04
7.729758792284302e-04
9.273327077218951e-04
1.111864784996307e-03
1.332136575245691e-03
1.594823890883927e-03
1.907953011797967e-03
2.280815910505818e-03
2.724048866694780e-03
3.250783885390677e-03
3.876285157229575e-03
4.617893936255739e-03
5.495210724814084e-03
6.533166657011126e-03
7.759024131424521e-03
9.204614461496306e-03
1.090735588393917e-02
1.290893912591599e-02
1.525868056068532e-02
1.801203176229756e-02
2.123217267035384e-02
2.499154578191851e-02
2.937060479367971e-02
3.445898888002599e-02
4.036138167747989e-02
4.718797330693965e-02
5.506323077989182e-02
6.412019394094726e-02
7.450871584079205e-02
8.638145431376652e-02
9.991007719414614e-02
1.152464313210446e-01
1.325719053632671e-01
1.520736044869638e-01
1.738948377311205e-01
1.981998824383862e-01
2.251150196772354e-01
2.547381795907300e-01
2.871250737621014e-01
3.222774637361787e-01
3.601193741178543e-01
4.005132906425559e-01
4.432160374681433e-01
4.878970752676859e-01
5.341082971280364e-01
5.813070251490963e-01
6.288428477997582e-01
6.759735166671321e-01
7.219290064231755e-01
7.657285011447826e-01
8.070849276942553e-01
8.448372581778247e-01
8.785074186301634e-01
9.077064327099827e-01
9.322282415862355e-01
9.521046374797227e-01
9.675742755746255e-01
9.790915849337621e-01
9.872418102358235e-01
9.926889023040717e-01
9.961014721513705e-01
9.980868350571481e-01
9.991479432351719e-01
9.996619585410271e-01
9.998763101340412e-01
9.999591205425183e-01
9.999880953385468e-01
9.999969623291759e-01
9.999993419338752e-01
9.999998789467937e-01
9.999999815110769e-01
9.999999976959469e-01
9.999999997703181e-01
9.999999999821821e-01
9.999999999989235e-01
9.999999999999588e-01
9.999999999999966e-01
1.000000000000001e+00
9.999999999999998e-01
1.000000000000000e+00
1.000000000000000e+00
1.000000000000000e+00
1.000000000000000e+00
1.000000000000000e+00
1.000000000000000e+00
1.000000000000000e+00
1.000000000000000e+00
1.000000000000000e+00
1.000000000000000e+00
###9.999999999999996e+00
4.184148279650110e-09
5.291016683258224e-09
6.648952303501683e-09
8.271943277000296e-09
1.026359778262300e-08
1.270667286461489e-08
1.567731461866062e-08
1.929821502317412e-08
2.371652723311596e-08
2.910843773800751e-08
3.568007048375722e-08
4.369661956815492e-08
5.347691558131985e-08
6.540403214899884e-08
7.995478842658798e-08
9.768327286975909e-08
1.192895196058369e-07
1.456196905428821e-07
1.776984745068413e-07
2.167607675799006e-07
2.644189771964850e-07
3.222451466983076e-07
3.927058579677839e-07
4.784910110568976e-07
5.827834622948651e-07
7.096225847250021e-07
8.638729980913051e-07
1.051360214786827e-06
1.279165508004528e-06
1.555910605533420e-06
1.892036906001587e-06
2.300105633061164e-06
2.795532240917353e-06
3.396452255627253e-06
4.125772395548423e-06
5.009507742595307e-06
6.081088560975019e-06
7.379612059414730e-06
8.952872024270808e-06
1.085727616792550e-05
1.316272917913393e-05
1.595241292823038e-05
1.932663009087462e-05
2.340620793706623e-05
2.833744880938788e-05
3.429265539535123e-05
4.148381398263167e-05
5.016482967273207e-05
6.063584636289712e-05
7.326110891024779e-05
8.847951975050199e-05
1.068085653271046e-04
1.288813758787547e-04
1.554361743740893e-04
1.873718761172423e-04
2.257538049815405e-04
2.718778475132308e-04
3.272194138829910e-04
3.935940778583441e-04
4.731936180122222e-04
5.685496007843623e-04
6.827086215997426e-04
8.192317131850796e-04
9.823830093624471e-04
1.177336055386276e-03
1.409920016462566e-03
1.687138717123007e-03
2.017405411809133e-03
2.410449371888399e-03
2.877394560293133e-03
3.431972314188423e-03
4.090125602868009e-03
4.869945604065115e-03
5.791850327334955e-03
6.881809272495699e-03
8.168204306371879e-03
9.684024831046682e-03
1.146816637778209e-02
1.356379016310826e-02
1.602186139048667e-02
1.889992431864849e-02
2.226291713381077e-02
2.618549490219809e-02
3.075038066647758e-02
3.604951043520387e-02
4.219007913804214e-02
4.928472947223738e-02
5.745997876803398e-02
6.685130915499206e-02
7.761013884237164e-02
8.989059912035113e-02
1.038650746613538e-01
1.196846979298024e-01
1.375297849675017e-01
1.575852084537593e-01
1.799892152062668e-01
2.049001430180764e-01
2.324356375838467e-01
2.626827948000603e-01
2.956833786245974e-01
3.314233910161204e-01
3.698079603087486e-01
4.106790848564678e-01
4.537714467918735e-01
4.987321373699449e-01
5.450914005524566e-01
5.922867570261285e-01
6.396535662202473e-01
6.864401660029291e-01
7.318762066818796e-01
7.750196152171803e-01
8.155152356680855e-01
8.523195518851103e-01
8.849649741092349e-01
9.131095846025203e-01
9.365944096555034e-01
9.554982220110746e-01
9.700997089339483e-01
9.808810305012461e-01
9.884415123314418e-01
9.934443338875718e-01
9.965442426500154e-01
9.983258076751478e-01
9.992651076071298e-01
9.997132174831909e-01
9.998968493750990e-01
9.999665241558670e-01
9.999904445415293e-01
9.999976165451632e-01
9.999994951321460e-01
9.999999094850536e-01
9.999999865547848e-01
9.999999983737046e-01
9.999999998431404e-01
9.999999999882102e-01
9.999999999993213e-01
9.999999999999726e-01
9.999999999999986e-01
1.000000000000000e+00
9.999999999999999e-01
1.000000000000000e+00
1.000000000000000e+00
1.000000000000000e+00
1.000000000000000e+00
1.000000000000000e+00
1.000000000000000e+00
1.000000000000000e+00
1.000000000000000e+00
1.000000000000000e+00
1.000000000000000e+00
###1.020000000000000e+01
4.502256288329124e-09
5.691893010677722e-09
7.152831978792933e-09
8.898447758164111e-09
1.104028354026339e-08
1.366720118543720e-08
1.686073468233320e-08
2.075257182823639e-08
2.550060146560456e-08
3.129378703342901e-08
3.835305263773551e-08
4.696269707052990e-08
5.746451977975144e-08
7.026892807287941e-08
8.588677379181425e-08
1.049113009527358e-07
1.280921024643230e-07
1.563349603432837e-07
1.907364359163357e-07
2.326176128538442e-07
2.837021496944324e-07
3.456750557431023e-07
4.211674733667664e-07
5.130580468360041e-07
6.247457284690656e-07
7.605455709832100e-07
9.256523866480768e-07
1.126284842331438e-06
1.369999012119512e-06
1.665994000524845e-06
2.025405733331508e-06
2.461626535069676e-06
2.991088198691588e-06
3.633112591281391e-06
4.412100784912012e-06
5.355746487291158e-06
6.499641313828357e-06
7.885384380377340e-06
9.563813782833432e-06
1.159487660718433e-05
1.405294138981473e-05
1.702632607061504e-05
2.062157468796303e-05
2.496696287412140e-05
3.021775491697992e-05
3.655669065304780e-05
4.420856535071180e-05
5.344245872219628e-05
6.457639308188853e-05
7.799597443408948e-05
9.416581324781405e-05
1.136332848789985e-04
1.370679018357499e-04
1.652497639293835e-04
1.991284238617754e-04
2.398285629589930e-04
2.887179102817850e-04
3.473524025061593e-04
4.176427486823484e-04
5.019011007016282e-04
6.027911146049658e-04
7.235177669850750e-04
8.678242931748232e-04
1.040187063792027e-03
1.246048557994189e-03
1.491513507007594e-03
1.783925909385381e-03
2.132100340803013e-03
2.546219038234502e-03
3.037910443695641e-03
3.621525595891410e-03
4.313708504771981e-03
5.133323328210615e-03
6.101629299622260e-03
7.245665158158209e-03
8.594959520997822e-03
1.018369350385714e-02
1.205226989963420e-02
1.424535246660683e-02
1.681559348899859e-02
1.982264518232157e-02
2.333324439572829e-02
2.742427163882768e-02
3.218074670238926e-02
3.769688777483062e-02
4.408240488776655e-02
5.145234592559911e-02
5.993525333949966e-02
6.966920866945950e-02
8.080629541427981e-02
9.350275460049705e-02
1.079312547179162e-01
1.242419287816714e-01
1.426137365880425e-01
1.632289709961322e-01
1.862203987396803e-01
2.117399688843099e-01
2.398962004383393e-01
2.707648265071448e-01
3.043732179828707e-01
3.406910960701179e-01
3.796043509482077e-01
4.209342602134404e-01
4.643933344844693e-01
5.096065202429665e-01
5.560829550980361e-01
6.032412957404755e-01
6.504038457417417e-01
6.968112853574009e-01
7.416950440130764e-01
7.841479360267157e-01
8.237650838047803e-01
8.596052037149827e-01
8.912192013564880e-01
9.183118609412779e-01
9.407713892156683e-01
9.587220107597527e-01
9.724803281018762e-01
9.825535640466502e-01
9.895523311385267e-01
9.941365256757601e-01
9.969452517278721e-01
9.985394385667941e-01
9.993683210688092e-01
9.997576247048887e-01
9.999143372965786e-01
9.999727125292444e-01
9.999923687989081e-01
9.999981397000042e-01
9.999996150533575e-01
9.999999327587855e-01
9.999999902947400e-01
9.999999988603182e-01
9.999999998939370e-01
9.999999999922157e-01
9.999999999995911e-01
9.999999999999779e-01
1.000000000000001e+00
9.999999999999997e-01
1.000000000000000e+00
1.000000000000000e+00
1.000000000000000e+00
1.000000000000000e+00
1.000000000000000e+00
1.000000000000000e+00
1.000000000000000e+00
1.000000000000000e+00
1.000000000000000e+00
1.000000000000000e+00
1.000000000000000e+00
###1.040000000000000e+01
4.841800218245107e-09
6.119835477982865e-09
7.690739568707053e-09
9.567229987351333e-09
1.186933077902053e-08
1.469239284292588e-08
1.812368915696785e-08
2.230448061592421e-08
2.740408349470758e-08
3.362505723215527e-08
4.120406256382532e-08
5.044571695709611e-08
6.171624441600695e-08
7.545510427547535e-08
9.220931916874579e-08
1.126137164417826e-07
1.374705304945319e-07
1.677488487092087e-07
2.046215247461515e-07
2.495010957475853e-07
3.042293325435305e-07
3.706108047399263e-07
4.514514430064216e-07
5.498297997345370e-07
6.693738121466997e-07
8.146905917698152e-07
9.913246448840654e-07
1.205910857777182e-06
1.466507715673919e-06
1.782925257838749e-06
2.167033944104247e-06
2.633104774242866e-06
3.198643777101118e-06
3.884225927429922e-06
4.715802501353601e-06
5.722924600474566e-06
6.943379556903636e-06
8.421434216844926e-06
1.021113712429815e-05
1.237616718116151e-05
1.499559354361314e-05
1.816314719734400e-05
2.199194176848261e-05
2.661809126608433e-05
3.220628735131100e-05
3.895024270660133e-05
4.708821415064587e-05
5.690522451834342e-05
6.873805977029484e-05
8.299474810161208e-05
1.001668620627802e-04
1.208331079260152e-04
1.457011213606086e-04
1.755948462921962e-04
2.115168326832029e-04
2.546538433079113e-04
3.064487059370276e-04
3.685414041282145e-04
4.429421472923697e-04
5.320884856103306e-04
6.387818358479549e-04
7.663921646057776e-04
9.188523235377671e-04
1.100859707130218e-03
1.318135715274747e-03
1.577071748029593e-03
1.885364487078301e-03
2.252244542527442e-03
2.688363154624739e-03
3.205870396137400e-03
3.819757809252943e-03
4.547393120633678e-03
5.408436893992817e-03
6.425013582454133e-03
7.625262372108522e-03
9.039886334326131e-03
1.070429157112044e-02
1.266041849996621e-02
1.495446561975615e-02
1.764099303795564e-02
2.078122284558483e-02
2.444428120296277e-02
2.870910867254162e-02
3.366302877525599e-02
3.940254107086327e-02
4.603987481362701e-02
5.369240017688434e-02
6.249068290852101e-02
7.257525650391067e-02
8.409882641439528e-02
9.721950357857941e-02
1.121100849972190e-01
1.289194098088184e-01
1.478247852193373e-01
1.690055653545428e-01
1.925886090157271e-01
2.187190189823919e-01
2.474956914585402e-01
2.789824716899683e-01
3.131918915684530e-01
3.500768956508508e-01
3.895038165802596e-01
4.312730167421255e-01
4.750751052511589e-01
5.205124246563742e-01
5.670743664696936e-01
6.141614825543564e-01
6.610842811102985e-01
7.070775854249948e-01
7.513766521684382e-01
7.931065144896067e-01
8.318278225615738e-01
8.666894824533410e-01
8.972672649119635e-01
9.233124205571156e-01
9.447601260241272e-01
9.617784188575520e-01
9.747195581145887e-01
9.841131013767200e-01
9.905781670465896e-01
9.947689578924321e-01
9.973072992352729e-01
9.987297577127966e-01
9.994589008446931e-01
9.997959357199412e-01
9.999291591100724e-01
9.999778587118214e-01
9.999938401717283e-01
9.999985542908116e-01
9.999997083396349e-01
9.999999503039360e-01
9.999999930594226e-01
9.999999992022153e-01
9.999999999303646e-01
9.999999999944652e-01
9.999999999998834e-01
9.999999999999472e-01
1.000000000000012e+00
9.999999999999968e-01
1.000000000000001e+00
9.999999999999998e-01
1.000000000000000e+00
1.000000000000000e+00
1.000000000000000e+00
1.000000000000000e+00
1.000000000000000e+00
1.000000000000000e+00
1.000000000000000e+00
1.000000000000000e+00
1.000000000000000e+00
###1.059999999999999e+01
5.204063336270874e-09
6.576464646790422e-09
8.264712952510798e-09
1.028081886057547e-08
1.275386442078381e-08
1.578610679129242e-08
1.947091541458692e-08
2.395973906340321e-08
2.943405236665631e-08
3.611087608269538e-08
4.424359586247523e-08
5.415842897820591e-08
6.624756243530427e-08
8.098131880759704e-08
9.894514779090716e-08
1.208180193472658e-07
1.474580597719013e-07
1.799015459326168e-07
2.194022807343843e-07
2.674698015480731e-07
3.260715387225053e-07
3.971375982759118e-07
4.836604237855209e-07
5.889299077006274e-07
7.168165206690351e-07
8.722366563077952e-07
1.061105012807877e-06
1.290497441828138e-06
1.569002297823681e-06
1.907077330556616e-06
2.317369015103501e-06
2.815076923116103e-06
3.418842062704367e-06
4.150562397866852e-06
5.037822318495277e-06
6.112145072111644e-06
7.413622315413164e-06
8.989337691876659e-06
1.089672424739708e-05
1.320339381320824e-05
1.599336404185274e-05
1.936606800814582e-05
2.344153200650923e-05
2.836411542621604e-05
3.430842321499148e-05
4.147969943447839e-05
5.013034302342065e-05
6.056212007992249e-05
7.313150273681783e-05
8.827004523872578e-05
1.064975870035393e-04
1.284256639866002e-04
1.548018439282729e-04
1.864959571580765e-04
2.245659995555067e-04
2.702636396979200e-04
3.251101789142506e-04
3.908332951192004e-04
4.695471996315680e-04
5.638200533956037e-04
6.765968828754585e-04
8.114194650850634e-04
9.724179121111928e-04
1.164519667131405e-03
1.393735385065917e-03
1.666754482974206e-03
1.991639182771408e-03
2.378051212005974e-03
2.837127223544784e-03
3.381556426622718e-03
4.026992099352855e-03
4.791548770458014e-03
5.695707194650928e-03
6.762481302631188e-03
8.021142256088201e-03
9.503595665304392e-03
1.124650555314398e-02
1.329338063685754e-02
1.569198676281462e-02
1.849884966995380e-02
2.177670418801636e-02
2.559717173052002e-02
3.004124926609068e-02
3.519856712238462e-02
4.116790233309596e-02
4.806404119271939e-02
5.600647198633638e-02
6.512789826233931e-02
7.557111677829206e-02
8.748934506238347e-02
1.010423890015942e-01
1.164029775826940e-01
1.337183531621669e-01
1.531638613702975e-01
1.749155474219921e-01
1.990939249653686e-01
2.258367853127667e-01
2.552329023427017e-01
2.873337129789613e-01
3.221364670263476e-01
3.595768634388305e-01
3.995013839507365e-01
4.416893327003436e-01
4.858105659451613e-01
5.314419086905176e-01
5.780569409196232e-01
6.250381385766878e-01
6.716855427114001e-01
7.172299653859381e-01
7.609125029591873e-01
8.018886841268651e-01
8.396973944802405e-01
8.735682650806534e-01
9.031069803725131e-01
9.281110549573197e-01
9.485621491061811e-01
9.646703528354506e-01
9.768211966696588e-01
9.855638008459371e-01
9.915230417931076e-01
9.953451333133234e-01
9.976331434995606e-01
9.988987243539742e-01
9.995380922243221e-01
9.998288495183968e-01
9.999416637873714e-01
9.999821174377017e-01
9.999951460690765e-01
9.999988824787027e-01
9.999997803413436e-01
9.999999635080248e-01
9.999999950715499e-01
9.999999994456894e-01
9.999999999547112e-01
9.999999999961116e-01
1.000000000000020e+00
9.999999999999425e-01
1.000000000000014e+00
9.999999999999962e-01
1.000000000000001e+00
9.999999999999998e-01
1.000000000000000e+00
1.000000000000000e+00
1.000000000000000e+00
1.000000000000000e+00
1.000000000000000e+00
1.000000000000000e+00
1.000000000000000e+00
1.000000000000000e+00
1.000000000000000e+00
###1.079999999999999e+01
5.590396893578111e-09
7.063487007731549e-09
8.876898087809786e-09
1.104187816853822e-08
1.369717808844032e-08
1.695240581478092e-08
2.090740054311381e-08
2.572444970993730e-08
3.159795845103156e-08
3.876032245275153e-08
4.748269516557145e-08
5.811424565057975e-08
7.107474762663377e-08
8.686729701054487e-08
1.061181500992404e-07
1.295531168045863e-07
1.580896407618092e-07
1.928352817179491e-07
2.351296968213299e-07
2.865852688677620e-07
3.493043020340330e-07
4.253448940818964e-07
5.179021597814363e-07
6.304881021520030e-07
7.672299552427134e-07
9.333715007718228e-07
1.135219176180859e-06
1.380317750959007e-06
1.677808334442856e-06
2.038840937969032e-06
2.476879605682432e-06
3.008104808696955e-06
3.652356230495107e-06
4.432928074127420e-06
5.379130503176572e-06
6.524561647762893e-06
7.911748611565754e-06
9.590742070701355e-06
1.162254161793734e-05
1.407890218450080e-05
1.704904923522652e-05
2.063841963953862e-05
2.497431095172039e-05
3.020975194411764e-05
3.652976856583042e-05
4.415171813683050e-05
5.334285138721034e-05
6.442251071897520e-05
7.776781513566912e-05
9.383499312812422e-05
1.131735078968262e-04
1.364292826191722e-04
1.643916959967921e-04
1.979785842105485e-04
2.383059290264955e-04
2.866932322515029e-04
3.447437654063683e-04
4.142766780804772e-04
4.975148257263274e-04
5.971623831830535e-04
7.163140176493629e-04
8.586903525405979e-04
1.028626638468006e-03
1.231289635412753e-03
1.472989935465882e-03
1.760726573955724e-03
2.102940516869255e-03
2.509740064489836e-03
2.992764063219702e-03
3.565258716147310e-03
4.243560695572236e-03
5.046554815396361e-03
5.995566146016930e-03
7.114522594494871e-03
8.433859128804129e-03
9.986712286763231e-03
1.181103653458093e-02
1.395193980516488e-02
1.645878706294347e-02
1.939009038900816e-02
2.281014911930116e-02
2.679307448587377e-02
3.142194994122522e-02
3.678871340951491e-02
4.299441172238529e-02
5.015636671142132e-02
5.839617275990633e-02
6.784853606409558e-02
7.865837642738913e-02
9.097943455530451e-02
1.049729098875026e-01
1.208112842933783e-01
1.386398918703947e-01
1.586317951864613e-01
1.809593495444335e-01
2.057362772813932e-01
2.330925864819711e-01
2.631064269341864e-01
2.958163127463186e-01
3.312037743713170e-01
3.691868240408480e-01
4.095918288780790e-01
4.521769374899011e-01
4.965911653667808e-01
5.423868459374518e-01
5.890218812976838e-01
6.358620689818489e-01
6.821983896254981e-01
7.272595297080195e-01
7.702944172095932e-01
8.104881012080886e-01
8.473683287420520e-01
8.802380373123969e-01
9.087368022260580e-01
9.327081672099361e-01
9.521795380001891e-01
9.674011697458468e-01
9.787893688688927e-01
9.869100188224943e-01
9.923910586756567e-01
9.958685467295193e-01
9.979254807882098e-01
9.990482157822825e-01
9.996070642938748e-01
9.998570082246309e-01
9.999521652233210e-01
9.999856243142562e-01
9.999961918960525e-01
9.999991412616092e-01
9.999998355561306e-01
9.999999733945113e-01
9.999999965222822e-01
9.999999996186471e-01
9.999999999705882e-01
9.999999999973644e-01
1.000000000000057e+00
9.999999999999536e-01
1.000000000000011e+00
9.999999999999970e-01
1.000000000000001e+00
9.999999999999998e-01
1.000000000000000e+00
1.000000000000000e+00
1.000000000000000e+00
1.000000000000000e+00
1.000000000000000e+00
1.000000000000000e+00
1.000000000000000e+00
1.000000000000000e+00
1.000000000000000e+00
###1.099999999999999e+01
6.002223220798102e-09
7.582698893029454e-09
9.529553742712730e-09
1.185321182701812e-08
1.470273956222931e-08
1.819556576438664e-08
2.243839261050387e-08
2.760503365144336e-08
3.390363992129039e-08
4.158294639106059e-08
5.093297432640278e-08
6.232727101299250e-08
7.621490958338227e-08
9.313377335399606e-08
1.137534337913480e-07
1.388493825199511e-07
1.694019898293866e-07
2.065944095189102e-07
2.518573178918658e-07
3.069120979416131e-07
3.740039726940855e-07
4.553265571471736e-07
5.542896827207879e-07
6.746404486979440e-07
8.207777979260688e-07
9.982919274229982e-07
1.213903642345525e-06
1.475649125425048e-06
1.793266848842437e-06
2.178625241643561e-06
2.646056367036509e-06
3.212776464052777e-06
3.899890656583655e-06
4.732166147200198e-06
5.740735796226883e-06
6.961380487854739e-06
8.439199677112061e-06
1.022736838140547e-05
1.239064310325031e-05
1.500514145969494e-05
1.816556786460123e-05
2.198367785551569e-05
2.659441429651954e-05
3.215991880509313e-05
3.887616674762134e-05
4.697323502202844e-05
5.673396696747147e-05
6.849614722251994e-05
8.265854221789144e-05
9.970324857940286e-05
1.202107641323987e-04
1.448630171628471e-04
1.744931483809804e-04
2.100691988235818e-04
2.527677694019812e-04
3.039792290115134e-04
3.653924407813893e-04
4.389219359546232e-04
5.269040012254527e-04
6.321844224330895e-04
7.580137248131709e-04
9.082986338128532e-04
1.087587654309733e-03
1.301296379915810e-03
1.556046373154778e-03
1.859158142011958e-03
2.219464953726631e-03
2.647537509043871e-03
3.155534000002604e-03
3.757275829573336e-03
4.469805143726282e-03
5.312800914393749e-03
6.308456977068898e-03
7.481639933331013e-03
8.863980670149403e-03
1.048987529062276e-02
1.239860080403704e-02
1.463689542137346e-02
1.725575409382552e-02
2.031569654462208e-02
2.388263389536242e-02
2.803316354546792e-02
3.285248129999747e-02
3.843483099901407e-02
4.488351744744274e-02
5.231837231810957e-02
6.086304674357607e-02
7.065417022811558e-02
8.183863673103506e-02
9.457064542121991e-02
1.090125181861954e-01
1.253362931560480e-01
1.436850759134734e-01
1.642293122897434e-01
1.871372761895458e-01
2.125154442482485e-01
2.404855639358999e-01
2.711146583320983e-01
3.044278116476150e-01
3.403904064286891e-01
3.789023563061810e-01
4.197696830132052e-01
4.627293260568052e-01
5.074094680217730e-01
5.533389522202161e-01
5.999603120317148e-01
6.466240912787800e-01
6.926136996505540e-01
7.371576188344307e-01
7.795145919925809e-01
8.188994874318902e-01
8.548357537505357e-01
8.866958995991605e-01
9.141558154712056e-01
9.371047520444584e-01
9.556148909511339e-01
9.699746372026464e-01
9.806284835866247e-01
9.881562675059478e-01
9.931863662581331e-01
9.963426576732209e-01
9.981869278625644e-01
9.991800184708693e-01
9.996669071729538e-01
9.998809978320342e-01
9.999609438258502e-01
9.999884975161093e-01
9.999970260380450e-01
9.999993439320047e-01
9.999998776341464e-01
9.999999807362989e-01
9.999999975622403e-01
9.999999997399429e-01
9.999999999809885e-01
9.999999999982504e-01
1.000000000000058e+00
9.999999999999661e-01
1.000000000000008e+00
9.999999999999979e-01
1.000000000000001e+00
9.999999999999999e-01
1.000000000000000e+00
1.000000000000000e+00
1.000000000000000e+00
1.000000000000000e+00
1.000000000000000e+00
1.000000000000000e+00
1.000000000000000e+00
1.000000000000000e+00
1.000000000000000e+00
###1.119999999999999e+01
6.441039045781760e-09
8.135990673707660e-09
1.022505629851826e-08
1.271777042591946e-08
1.577419778900175e-08
1.952008552116422e-08
2.406941286428144e-08
2.960824549776579e-08
3.635948097164702e-08
4.458879109082423e-08
5.460664472592635e-08
6.681233186156871e-08
8.168603159173015e-08
9.980253692961744e-08
1.218773786449239e-07
1.487387223043873e-07
1.814336672617284e-07
2.212255082117843e-07
2.696413528553679e-07
3.285180846451306e-07
4.002523031583502e-07
4.871810504268552e-07
5.929415387865961e-07
7.215296172924067e-07
8.776316333245049e-07
1.067204186637797e-06
1.297406196487071e-06
1.576792454055681e-06
1.915734936312801e-06
2.326858598885147e-06
2.825412836172442e-06
3.429707183277837e-06
4.162182166115109e-06
5.049158398371209e-06
6.123692801121772e-06
7.423862208553350e-06
8.997481355237466e-06
1.090101425508209e-05
1.320317326503471e-05
1.598466817574261e-05
1.934596562073916e-05
2.340546838558990e-05
2.830615511108130e-05
3.421974262527217e-05
4.135370670499275e-05
4.995147641445532e-05
6.031225719691959e-05
7.279317898492591e-05
8.781569655256085e-05
1.058890156675482e-04
1.276261350124328e-04
1.537466681340027e-04
1.851295430957739e-04
2.227952862366180e-04
2.679838478158549e-04
3.221596058624201e-04
3.871007648910025e-04
4.648212832957247e-04
5.577758151731990e-04
6.689575518088122e-04
8.017792842104332e-04
9.603413191627198e-04
1.149413772806830e-03
1.374670843108799e-03
1.643056447850575e-03
1.962224683506350e-03
2.341415026678554e-03
2.791676781374468e-03
3.325705007598992e-03
3.957914859077012e-03
4.706076450687979e-03
5.590687165962080e-03
6.634834363682332e-03
7.864348254544223e-03
9.312088016827227e-03
1.101373815123880e-02
1.300992987080488e-02
1.534906277833317e-02
1.808379174601382e-02
2.127666578472669e-02
2.499525080746966e-02
2.931862801340542e-02
3.433412727948171e-02
4.013829394020023e-02
4.683667463117172e-02
5.455158048875894e-02
6.340865705384037e-02
7.354638155667549e-02
8.511347469492528e-02
9.826449221094324e-02
1.131626149402908e-01
1.299792241827712e-01
1.488547412513921e-01
1.699570290489899e-01
1.934494992244486e-01
2.194310472966703e-01
2.480146781574225e-01
2.792557862073586e-01
3.131655276563963e-01
3.496927203476056e-01
3.887187984527259e-01
4.300292437139237e-01
4.733397802103638e-01
5.182578577182637e-01
5.642898230730654e-01
6.108633097488930e-01
6.573150675085104e-01
7.029225008723127e-01
7.469158390782901e-01
7.885656181632567e-01
8.271165631412738e-01
8.620953893857448e-01
8.929395644618188e-01
9.193637202297105e-01
9.413023712082612e-01
9.588712899091084e-01
9.723948919990307e-01
9.823431899698402e-01
9.893071743243455e-01
9.939131246401208e-01
9.967708660993118e-01
9.984200073263423e-01
9.992958215516762e-01
9.997186310349320e-01
9.999013496785329e-01
9.999682484456520e-01
9.999908396861864e-01
9.999976884098434e-01
9.999995016280941e-01
9.999999094978055e-01
9.999999861461121e-01
9.999999983029648e-01
9.999999998240726e-01
9.999999999878018e-01
9.999999999988508e-01
1.000000000000050e+00
9.999999999999760e-01
1.000000000000006e+00
9.999999999999986e-01
1.000000000000000e+00
9.999999999999999e-01
1.000000000000000e+00
1.000000000000000e+00
1.000000000000000e+00
1.000000000000000e+00
1.000000000000000e+00
1.000000000000000e+00
1.000000000000000e+00
1.000000000000000e+00
1.000000000000000e+00
###1.139999999999999e+01
6.908418985548027e-09
8.725351176708246e-09
1.096590773263798e-08
1.363865811189666e-08
1.691539136818606e-08
2.093069742298608e-08
2.580626847379836e-08
3.174118887747652e-08
3.897404354000286e-08
4.778841569263550e-08
5.851654285129931e-08
7.158501131174112e-08
8.750701067970872e-08
1.068964813756340e-07
1.305176944241268e-07
1.592546442391774e-07
1.942251619959606e-07
2.367774915078797e-07
2.885407956518252e-07
3.514744119806723e-07
4.281350577872198e-07
5.210116454192386e-07
6.339820347258215e-07
7.713051752699685e-07
9.379712983748025e-07
1.140324397169565e-06
1.385986432669104e-06
1.684060204484550e-06
2.045586509169472e-06
2.483989379374167e-06
3.015486395216021e-06
3.659540642999371e-06
4.440001349299645e-06
5.384826743036238e-06
6.529103801108083e-06
7.913324013875277e-06
9.588166601554891e-06
1.161355685677055e-05
1.406237095107475e-05
1.702015024418765e-05
2.059341984749376e-05
2.490757242670927e-05
3.011402976336275e-05
3.639456614527728e-05
4.396873141974276e-05
5.309396722388216e-05
6.408664092606769e-05
7.732416808559094e-05
9.325177413963870e-05
1.124070638734105e-04
1.354370605767982e-04
1.631008072247348e-04
1.963251207593364e-04
2.361853773479279e-04
2.839877059389969e-04
3.412737471209393e-04
4.099149280695464e-04
4.920288182295637e-04
5.901935284414704e-04
7.075556506565126e-04
8.476968439289532e-04
1.014918703327470e-03
1.214221558069621e-03
1.451548240011959e-03
1.734176760176294e-03
2.070107185412000e-03
2.468999461306398e-03
2.942398074114697e-03
3.503552842860414e-03
4.167491563162382e-03
4.952735223570330e-03
5.880624243157333e-03
6.975164553596753e-03
8.263175060961199e-03
9.778775841478125e-03
1.155896877271480e-02
1.364577045886757e-02
1.608927297039045e-02
1.894382005907480e-02
2.227401178332726e-02
2.614910775658108e-02
3.065067143010400e-02
3.586818435532699e-02
4.190048594838890e-02
4.885534404264873e-02
5.685751391728024e-02
6.603456698716775e-02
7.652674400089386e-02
8.848444030582790e-02
1.020624491981876e-01
1.174245446353392e-01
1.347412177074760e-01
1.541492992281994e-01
1.758159493476665e-01
1.998960532627256e-01
2.264825439210645e-01
2.556787030317885e-01
2.875277921543758e-01
3.220265532538183e-01
3.591068369896482e-01
3.986312503472192e-01
4.403645797362445e-01
4.840013781250663e-01
5.291285519723660e-01
5.752309514529690e-01
6.217219250221616e-01
6.679259283144122e-01
7.131159962827543e-01
7.565260845696715e-01
7.974404873882992e-01
8.351340518861752e-01
8.691435258085699e-01
8.989673428366972e-01
9.243608082429671e-01
9.453031223730182e-01
9.619522593965819e-01
9.746663967008535e-01
9.839383339650885e-01
9.903674427921811e-01
9.945754741910866e-01
9.971564908911053e-01
9.986271355988138e-01
9.993972141177995e-01
9.997631667964030e-01
9.999185425822914e-01
9.999742985039070e-01
9.999927393484551e-01
9.999982119287297e-01
9.999996235597755e-01
9.999999334722979e-01
9.999999901026670e-01
9.999999988269545e-01
9.999999998818574e-01
9.999999999922505e-01
9.999999999992473e-01
1.000000000000041e+00
9.999999999999830e-01
1.000000000000004e+00
9.999999999999990e-01
1.000000000000000e+00
9.999999999999999e-01
1.000000000000000e+00
1.000000000000000e+00
1.000000000000000e+00
1.000000000000000e+00
1.000000000000000e+00
1.000000000000000e+00
1.000000000000000e+00
1.000000000000000e+00
1.000000000000000e+00
###1.159999999999999e+01
7.406019047725917e-09
9.352872110183085e-09
1.175473854090904e-08
1.461913945953904e-08
1.813035699535165e-08
2.243237756952993e-08
2.765506505031173e-08
3.401133137397735e-08
4.175641273878762e-08
5.119291727172232e-08
6.267615746686983e-08
7.666168184725782e-08
9.369769793531814e-08
1.144396488968733e-07
1.397034790465521e-07
1.704323281821866e-07
2.078189732894901e-07
2.533016430777584e-07
3.086175464385627e-07
3.758558811250118e-07
4.577421842877842e-07
5.569266255920339e-07
6.775414748875445e-07
8.241238739300771e-07
1.001985221694147e-06
1.217878945896266e-06
1.479916209562190e-06
1.797778652106119e-06
2.183212940567411e-06
2.650486783714401e-06
3.216839214845671e-06
3.902950023894847e-06
4.734153889311758e-06
5.740134801827523e-06
6.958120610815681e-06
8.431141879721936e-06
1.021289804652798e-05
1.236695590403182e-05
1.497057268361531e-05
1.811437106497997e-05
2.191124443173248e-05
2.649393233063577e-05
3.202272469114752e-05
3.868995597677686e-05
4.672784850283401e-05
5.640854196643696e-05
6.806640058831262e-05
8.210010279440950e-05
9.897977021537300e-05
1.192727469599095e-04
1.436616632697772e-04
1.729468026208815e-04
2.081050492154446e-04
2.502690813944142e-04
3.008141373864847e-04
3.613624891435506e-04
4.338827995004937e-04
5.205994935985017e-04
6.242226354779755e-04
7.480551664195773e-04
8.958554980072263e-04
1.072134452130940e-03
1.282131421222534e-03
1.532068164087291e-03
1.829568877802751e-03
2.182992251682519e-03
2.602433311820813e-03
3.099948682607769e-03
3.689361199852633e-03
4.386330527294677e-03
5.210151834357431e-03
6.183033558868205e-03
7.329925528047785e-03
8.678660575576300e-03
1.026465248993779e-02
1.212624959414315e-02
1.430688457446359e-02
1.685837291200458e-02
1.983677517365025e-02
2.330876412047589e-02
2.734532802476107e-02
3.203051143315818e-02
3.745596106936002e-02
4.372279979228842e-02
5.094099133720217e-02
5.923769464288723e-02
6.874233202454633e-02
7.959681489481783e-02
9.195305585320332e-02
1.059659505271584e-01
1.217995967283706e-01
1.396233457620648e-01
1.595701733194132e-01
1.818060098810072e-01
2.064768390895762e-01
2.336692322221597e-01
2.634762288590815e-01
2.959284530381973e-01
3.310077594108796e-01
3.686286461701582e-01
4.086345802825038e-01
4.507695396553412e-01
4.947070002488885e-01
5.400127697995775e-01
5.861530758164116e-01
6.325271936785601e-01
6.784476938308417e-01
7.231855883039349e-01
7.659805631528802e-01
8.061326204111959e-01
8.429472852386664e-01
8.759770428322263e-01
9.047781445398406e-01
9.291479493756989e-01
9.491096134888923e-01
9.648617379017006e-01
9.767938995122282e-01
9.854189180282426e-01
9.913418168250807e-01
9.951775078478728e-01
9.975027516777210e-01
9.988106136374184e-01
9.994856764074413e-01
9.998013670439810e-01
9.999330054215873e-01
9.999792862614887e-01
9.999942723346198e-01
9.999986236892558e-01
9.999997172592608e-01
9.999999513948973e-01
9.999999929754492e-01
9.999999991949878e-01
9.999999999211984e-01
9.999999999951373e-01
9.999999999995051e-01
1.000000000000033e+00
9.999999999999877e-01
1.000000000000003e+00
9.999999999999993e-01
1.000000000000000e+00
9.999999999999999e-01
1.000000000000000e+00
1.000000000000000e+00
1.000000000000000e+00
1.000000000000000e+00
1.000000000000000e+00
1.000000000000000e+00
1.000000000000000e+00
1.000000000000000e+00
1.000000000000000e+00
###1.179999999999999e+01
7.935580350893476e-09
1.002075293741197e-08
1.259431450639055e-08
1.566264681787874e-08
1.942333853905716e-08
2.403035701489998e-08
2.962222036093254e-08
3.642652140681997e-08
4.471616444444964e-08
5.481395556757266e-08
6.709965903420944e-08
8.205954052357906e-08
1.002789405255314e-07
1.224572843999760e-07
1.494652790462880e-07
1.823086980519343e-07
2.222597698081505e-07
2.708517835808384e-07
3.299365323878795e-07
4.017405386729658e-07
4.891679899737400e-07
5.950394950447742e-07
7.237564213650706e-07
8.801499426875285e-07
1.069870773018834e-06
1.300104902554593e-06
1.579480141722537e-06
1.918289291389307e-06
2.329023752605761e-06
2.826841595761074e-06
3.430059214197213e-06
4.160639142386330e-06
5.045481895058251e-06
6.116089469056702e-06
7.411946417502812e-06
8.978752712612283e-06
1.087339056285805e-05
1.316325683146548e-05
1.593021622489119e-05
1.927023383984265e-05
2.330289447803042e-05
2.816865706051272e-05
3.403712270727651e-05
4.111170992131877e-05
4.963793681000647e-05
5.990335475045281e-05
7.226119335621803e-05
8.713241048666454e-05
1.050131939390946e-04
1.265020188628844e-04
1.523187664005423e-04
1.833068379765520e-04
2.204954459049776e-04
2.650771098096717e-04
3.184992112728098e-04
3.824681391767298e-04
4.590539181463437e-04
5.505871053420978e-04
6.599308449321406e-04
7.905351453820604e-04
9.463473292604649e-04
1.132095659790743e-03
1.353267688532967e-03
1.616374665916004e-03
1.929399423929669e-03
2.301072200746340e-03
2.741938066436204e-03
3.264583116705796e-03
3.883421825939659e-03
4.614765280866453e-03
5.478706534538503e-03
6.498347371402424e-03
7.699607093039308e-03
9.111357807767831e-03
1.077034001321624e-02
1.271627756416380e-02
1.499404941492432e-02
1.765722515951444e-02
2.076360903634225e-02
2.438196785655154e-02
2.858504966295155e-02
3.345937893170091e-02
3.909877693955885e-02
4.560663588327989e-02
5.309508526944338e-02
6.169363343924402e-02
7.153349706472943e-02
8.275813154777674e-02
9.552081177406470e-02
1.099763850264786e-01
1.262889990903786e-01
1.446266026537111e-01
1.651180307854215e-01
1.879274229465799e-01
2.131916040421817e-01
2.409902387361822e-01
2.714056523410205e-01
3.044553336352990e-01
3.401057908733907e-01
3.782538050801640e-01
4.187234272849470e-01
4.612377587808258e-01
5.054493446308527e-01
5.509032385387493e-01
5.970481770708145e-01
6.432701685856280e-01
6.888715021223681e-01
7.331229064501196e-01
7.752718041149075e-01
8.146358852734986e-01
8.505520681346062e-01
8.825934086128473e-01
9.103714686978619e-01
9.337265702702432e-01
9.527249319670931e-01
9.676040334130070e-01
9.787823930688823e-01
9.867900614902541e-01
9.922350469661164e-01
9.957232460256472e-01
9.978127533515824e-01
9.989726199372737e-01
9.995625920684600e-01
9.998340028071154e-01
9.999451199601024e-01
9.999833791302919e-01
9.999955031654986e-01
9.999989459236945e-01
9.999997888286164e-01
9.999999647069258e-01
9.999999950465577e-01
9.999999994516007e-01
9.999999999477668e-01
9.999999999969958e-01
9.999999999996713e-01
1.000000000000027e+00
9.999999999999909e-01
1.000000000000002e+00
9.999999999999994e-01
1.000000000000000e+00
9.999999999999999e-01
1.000000000000000e+00
1.000000000000000e+00
1.000000000000000e+00
1.000000000000000e+00
1.000000000000000e+00
1.000000000000000e+00
1.000000000000000e+00
1.000000000000000e+00
1.000000000000000e+00
###1.199999999999999e+01
8.498933065450324e-09
1.073130604243970e-08
1.348754298349636e-08
1.677278806773893e-08
2.079879660790950e-08
2.573013352378403e-08
3.171447869574723e-08
3.899500572487717e-08
4.786335921496800e-08
5.866377870816695e-08
7.180193079756362e-08
8.779664641412420e-08
1.072726269804223e-07
1.309758893972528e-07
1.598351550029163e-07
1.949225015959810e-07
2.375946269642449e-07
2.894843770947540e-07
3.525658425805302e-07
4.292104377848351e-07
5.225113301290828e-07
6.354692043530192e-07
7.727699531529716e-07
9.395554102702301e-07
1.141834645271285e-06
1.387250473778878e-06
1.684976138745530e-06
2.045949481955516e-06
2.483447373820567e-06
3.013567031440096e-06
3.655761124853233e-06
4.433343800932037e-06
5.374865393142773e-06
6.513742675957851e-06
7.891837860488310e-06
9.557656804467166e-06
1.157143432567229e-05
1.400459402492511e-05
1.694384435137764e-05
2.049076595432828e-05
2.477197185337584e-05
2.993602869754733e-05
3.616231062465204e-05
4.366586592349877e-05
5.270615759398871e-05
6.358689126911393e-05
7.668106555307042e-05
9.243297459551037e-05
1.113660882043384e-04
1.341114571545989e-04
1.614279215108852e-04
1.942039460843335e-04
2.335234165254473e-04
2.806413220728194e-04
3.370803307001174e-04
4.046345513683505e-04
4.854796304002061e-04
5.820570800642913e-04
6.973882663686890e-04
8.350773570910592e-04
9.992675347519418e-04
1.194912972235733e-03
1.427758729320324e-03
1.704616386165919e-03
2.033840216579238e-03
2.424545211037723e-03
2.887741798932179e-03
3.436563257176450e-03
4.086034681255288e-03
4.853138457742930e-03
5.758789611810655e-03
6.827008934583034e-03
8.084711013441376e-03
9.561832665979073e-03
1.129647424473414e-02
1.332976418271247e-02
1.570805734395879e-02
1.848670780511481e-02
2.172528918855094e-02
2.549468319005459e-02
2.986942497333822e-02
3.493851738766565e-02
4.079796146836574e-02
4.755340095961386e-02
5.531909571184462e-02
6.422681295253212e-02
7.440959345780679e-02
8.601220831992615e-02
9.918916339263273e-02
1.140950924554322e-01
1.308939139066830e-01
1.497518980599108e-01
1.707934342085535e-01
1.941802605585201e-01
2.200399445764968e-01
2.484445171139338e-01
2.794651765656930e-01
3.131057878947397e-01
3.493170699734942e-01
3.879777455446858e-01
4.288922134854868e-01
4.717626785551611e-01
5.162209627129828e-01
5.617919512364763e-01
6.076916340512970e-01
6.539419793975889e-01
6.991886564946393e-01
7.429198485947041e-01
7.843926865549079e-01
8.229446204519085e-01
8.579447055413505e-01
8.889906804255711e-01
9.157473950414510e-01
9.380986332926750e-01
9.561526140081545e-01
9.701837873313474e-01
9.806370745701963e-01
9.880569631465480e-01
9.930518594567910e-01
9.962166146030845e-01
9.980894734225683e-01
9.991152057208174e-01
9.996292250759339e-01
9.998617789286826e-01
9.999552241711321e-01
9.999867219971319e-01
9.999964863876407e-01
9.999991968006525e-01
9.999998431653511e-01
9.999999745306146e-01
9.999999965293158e-01
9.999999996291971e-01
9.999999999655714e-01
9.999999999981803e-01
9.999999999997782e-01
1.000000000000022e+00
9.999999999999930e-01
1.000000000000002e+00
9.999999999999996e-01
1.000000000000000e+00
9.999999999999999e-01
1.000000000000000e+00
1.000000000000000e+00
1.000000000000000e+00
1.000000000000000e+00
1.000000000000000e+00
1.000000000000000e+00
1.000000000000000e+00
1.000000000000000e+00
1.000000000000000e+00
###1.219999999999999e+01
9.098000408871845e-09
1.148696045518829e-08
1.443747929795613e-08
1.795335453467189e-08
2.226141830540274e-08
2.753748355085362e-08
3.393892549553089e-08
4.172544720892931e-08
5.120856384422539e-08
6.275524929067948e-08
7.679860034497838e-08
9.389195848016144e-08
1.147017326054682e-07
1.400232759343454e-07
1.708467467847201e-07
2.083143866196513e-07
2.538722730424871e-07
3.092586325342801e-07
3.765768620531851e-07
4.583515851554721e-07
5.578757909275344e-07
6.783403797964224e-07
8.247319398237653e-07
1.002520430891443e-06
1.218093240673577e-06
1.479575461664287e-06
1.796715949466264e-06
2.181133086413348e-06
2.646931904446434e-06
3.211200006431653e-06
3.894587560889432e-06
4.721832798697822e-06
5.723223818478143e-06
6.934193130542782e-06
8.399107092995395e-06
1.016941947794699e-05
1.230889709423430e-05
1.489319355893599e-05
1.801410909910526e-05
2.177912369579389e-05
2.632223069618938e-05
3.180050872465096e-05
3.840358658718597e-05
4.635871061179835e-05
5.593996444080576e-05
6.746798045174723e-05
8.133646603923754e-05
9.801415018085426e-05
1.180530475229583e-04
1.421182849360465e-04
1.710094321821704e-04
2.056620357980912e-04
2.472170863669490e-04
2.969947636061548e-04
3.565962737613137e-04
4.279071742135933e-04
5.132131395757230e-04
6.150715780984816e-04
7.366674727571440e-04
8.817663696832103e-04
1.054714510106686e-03
1.260700681653759e-03
1.505737060943638e-03
1.796946671541092e-03
2.143068395955291e-03
2.553615459919238e-03
3.040079318898286e-03
3.616158516772164e-03
4.297508109459666e-03
5.101801974716176e-03
6.050801573403414e-03
7.169472681524818e-03
8.485751191480290e-03
1.003066412257400e-02
1.184370493588210e-02
1.396743496018824e-02
1.644971513686889e-02
1.934771345484151e-02
2.272279740401581e-02
2.664798367913656e-02
3.119961819573284e-02
3.646917984524098e-02
4.255485038849692e-02
4.956450335873282e-02
5.761448818583140e-02
6.683877659386298e-02
7.737213019542627e-02
8.936052433539875e-02
1.029595151559673e-01
1.183233813001987e-01
1.356154083276135e-01
1.549992504462504e-01
1.765967943684487e-01
2.005644857709757e-01
2.270212405965898e-01
2.560307634795422e-01
2.876526994442188e-01
3.218768080537043e-01
3.586375866746706e-01
3.977953678513251e-01
4.391346852166583e-01
4.823367552859016e-01
5.270129637552330e-01
5.726666302734729e-01
6.185358690115798e-01
6.645271528577191e-01
7.093878023922711e-01
7.525663514096964e-01
7.933350702584475e-01
8.310525061056112e-01
8.651211861183064e-01
8.951668932271591e-01
9.209061375724166e-01
9.422663090177568e-01
9.593964068124072e-01
9.726058020970026e-01
9.823632220299566e-01
9.892248157540257e-01
9.937968987260734e-01
9.966614107844981e-01
9.983357442211572e-01
9.992402887773033e-01
9.996867386422023e-01
9.998853263463732e-01
9.999636153603612e-01
9.999894394530088e-01
9.999972678121768e-01
9.999993910960946e-01
9.999998841726025e-01
9.999999817330953e-01
9.999999975835767e-01
9.999999997511771e-01
9.999999999774175e-01
9.999999999989259e-01
9.999999999998473e-01
1.000000000000018e+00
9.999999999999946e-01
1.000000000000001e+00
9.999999999999997e-01
1.000000000000000e+00
9.999999999999999e-01
1.000000000000000e+00
1.000000000000000e+00
1.000000000000000e+00
1.000000000000000e+00
1.000000000000000e+00
1.000000000000000e+00
1.000000000000000e+00
1.000000000000000e+00
1.000000000000000e+00
