#./build/bin/rcbk -ic FILE ./data/ic/62/ic_208_4.dat -rc BALITSKY -alphas_scaling 5.159311507704283 -maxy 12 -fast -output ./data/bks/62/ic_208_4.dat 
# BK equation solver 20160623 (build May 19 2026 14:19:13)
# Heikki Mäntysaari <mantysaari@bnl.gov>, 2011-2016
# Running coupling: Balitsky
# Scaling factor C^2 in alpha_s: 5.15931
# Initial condition is String is not impelmented for the current IC N(r=0.0333803 1/GeV) = 0.00030463
# \alpha_s = 12 \pi / [ (33.0 - 2.0*Nf) * log(4.0*C^2/(r^2*lambdaqcd^2) ], C^2=5.15931, lambdaqcd=0.241 GeV, maxalphas=0.7 nf=3
# Using fast (and not so accurate) parameters
# Solving BK equation up to y=12
# r limits: 1e-05 - 100 points 150 multiplier 1.11424
# maxy 12 ystep 0.2
###1.000000000000000e-05
###1.114242875232510e+00
###150
###0.000000000000000e+00
###0.000000000000000e+00
0.000000000000000e+00
8.397461460126003e-11
1.031484391792530e-10
1.270499893463301e-10
1.564016364497090e-10
1.924718138257342e-10
2.368846577516550e-10
2.915146335319655e-10
3.587094100256287e-10
4.413623860800603e-10
5.430147207996740e-10
6.680232819845374e-10
8.217417344809156e-10
1.010744810253467e-09
1.243110910625607e-09
1.528761499497018e-09
1.879879433954114e-09
2.311427746901449e-09
2.841776647289681e-09
3.493476049877097e-09
4.294211186851195e-09
5.277958480484532e-09
6.486409699638725e-09
7.970731438534228e-09
9.793691950980429e-09
1.203228215976102e-08
1.478095193716295e-08
1.815551778855032e-08
2.229797951318654e-08
2.738246361148526e-08
3.362239236069734e-08
4.127932260778232e-08
5.067384406221073e-08
6.219871123490537e-08
7.633503852013209e-08
9.367225352084588e-08
1.149321137060781e-07
1.409983355324001e-07
1.729530703585665e-07
2.121207609908342e-07
2.601222707687689e-07
3.189414661647517e-07
3.910051892102603e-07
4.792820176634050e-07
5.874036488477257e-07
7.198105545533700e-07
8.819319872984123e-07
1.080407055422431e-06
1.323349790023842e-06
1.620677045475014e-06
1.984510951947043e-06
2.429661186371328e-06
2.974222334141204e-06
3.640306729119900e-06
4.454922488192991e-06
5.451062911573126e-06
6.669042687044863e-06
8.158099420212233e-06
9.978384936126429e-06
1.220340804403695e-05
1.492296551152207e-05
1.824679580478381e-05
2.230906345301448e-05
2.727375007462708e-05
3.334139452402593e-05
4.075737209723231e-05
4.982187613668693e-05
6.090243480437238e-05
7.444930098652007e-05
9.101407556366543e-05
1.112731201041801e-04
1.360563693145604e-04
1.663823468465959e-04
2.035022519622789e-04
2.489542444488039e-04
3.046297124258125e-04
3.728566986899638e-04
4.565026384566917e-04
5.591002952590700e-04
6.850059984843169e-04
8.395944581809035e-04
1.029498352117531e-03
1.262908263106504e-03
1.549941704802760e-03
1.903097799536270e-03
2.337823535944963e-03
2.873209428243378e-03
3.532846431296234e-03
4.345885681462209e-03
5.348335791677117e-03
6.584655372217346e-03
8.109701887142147e-03
9.991097801496374e-03
1.231210926082632e-02
1.517510381231486e-02
1.870567167555372e-02
2.305753847378773e-02
2.841823996649216e-02
3.501559852145125e-02
4.312506256932725e-02
5.307735692846552e-02
6.526614971135605e-02
8.015526911882376e-02
9.828299865891064e-02
1.202620908579568e-01
1.467729782009173e-01
1.785426390539291e-01
2.163065608295731e-01
2.607456616447361e-01
3.123859903863253e-01
3.714672264028778e-01
4.377620297850388e-01
5.103782604936796e-01
5.875938864561370e-01
6.666928511882698e-01
7.440873066300481e-01
8.156629430530274e-01
8.772880823493442e-01
9.259712726005714e-01
9.604643461871116e-01
9.818683071509868e-01
9.931471798259417e-01
9.979150630976875e-01
9.995575751153903e-01
9.999250092969820e-01
9.999920382748901e-01
9.999994587741012e-01
1.000000031694083e+00
9.999999950501590e-01
9.999999872948380e-01
1.000000006897675e+00
9.999999995215946e-01
9.999999984924757e-01
1.000000000799216e+00
9.999999999532214e-01
9.999999998211627e-01
1.000000000092558e+00
9.999999999956093e-01
9.999999999787992e-01
1.000000000010714e+00
9.999999999996136e-01
9.999999999974883e-01
1.000000000001239e+00
9.999999999999698e-01
9.999999999997026e-01
1.000000000000143e+00
9.999999999999982e-01
9.999999999999640e-01
1.000000000000019e+00
1.000000000000000e+00
###2.000000000000000e-01
8.758091607083226e-12
9.294847316577040e-11
1.145301455599709e-10
1.412927352429766e-10
1.741340402201909e-10
2.145652711740992e-10
2.642849521072149e-10
3.254191866245668e-10
4.005955546281808e-10
4.930495606412146e-10
6.067371036802942e-10
7.465358063239061e-10
9.184164700805716e-10
1.129747585951373e-09
1.389534376665986e-09
1.708876001289818e-09
2.101376918837536e-09
2.583770852505908e-09
3.176571519931024e-09
3.904932339714447e-09
4.800058348936867e-09
5.899220550203371e-09
7.249623122544209e-09
8.908312838500925e-09
1.094509146135805e-08
1.344637713251335e-08
1.651738807580089e-08
2.028744759281919e-08
2.491521633050043e-08
3.059512092510899e-08
3.756559719962073e-08
4.611878001144535e-08
5.661252241637201e-08
6.948510954257230e-08
8.527369005652505e-08
1.046385727490330e-07
1.283834768156106e-07
1.574957556788682e-07
1.931850999303660e-07
2.369278740196221e-07
2.905379422830154e-07
3.562266587995046e-07
4.367080718153559e-07
5.352969932376458e-07
6.560501445914260e-07
8.039240492581430e-07
9.849851443773943e-07
1.206654486131977e-06
1.477988756294987e-06
1.810068658249410e-06
2.216439081072150e-06
2.713638224942546e-06
3.321904843722603e-06
4.065909379655758e-06
4.975837383632040e-06
6.088562495758364e-06
7.449169648536309e-06
9.112563182620541e-06
1.114588646386791e-05
1.363133245727836e-05
1.666936957880016e-05
2.038225904369501e-05
2.491930583411662e-05
3.046454212211471e-05
3.724123152188807e-05
4.552314806579789e-05
5.564435829125836e-05
6.801390113560281e-05
8.313552149121270e-05
1.016166504703107e-04
1.242147499548433e-04
1.518519470873612e-04
1.856527286520702e-04
2.270012661165845e-04
2.776075874111541e-04
3.395435499989103e-04
4.153949671903678e-04
5.082967643891829e-04
6.221466616398556e-04
7.617068546343068e-04
9.328396503572680e-04
1.142788931614234e-03
1.400441841111968e-03
1.716787096486527e-03
2.105301631514833e-03
2.582666173834459e-03
3.169382831982340e-03
3.890562685067137e-03
4.777419496056650e-03
5.868142712383945e-03
7.209693071565929e-03
8.859967419779681e-03
1.088947474006249e-02
1.338516657365473e-02
1.645356683719587e-02
2.022374558864647e-02
2.485377416269810e-02
3.053479978661743e-02
3.749769391181224e-02
4.602006626540654e-02
5.643120738065087e-02
6.912307447694191e-02
8.455016536616944e-02
1.032373063373856e-01
1.257734875379247e-01
1.528101932625019e-01
1.850265588321602e-01
2.231005581208076e-01
2.676424607293385e-01
3.190986901417412e-01
3.776255756760186e-01
4.429305442249202e-01
5.140862349702804e-01
5.894003464370760e-01
6.662823396418155e-01
7.413725754197815e-01
8.108715228689439e-01
8.710251561486135e-01
9.191148284192235e-01
9.539979288050402e-01
9.765895535936014e-01
9.894412958192497e-01
9.957278517681876e-01
9.984651971471998e-01
9.994838754991253e-01
9.998532279326593e-01
9.999653086132816e-01
9.999931858336683e-01
9.999988983507776e-01
9.999998481464104e-01
9.999999897484043e-01
9.999999986481974e-01
9.999999990500210e-01
1.000000000432914e+00
9.999999999890213e-01
9.999999998972190e-01
1.000000000049044e+00
9.999999999986793e-01
9.999999999888325e-01
1.000000000005289e+00
9.999999999998889e-01
9.999999999987883e-01
1.000000000000566e+00
9.999999999999915e-01
9.999999999998698e-01
1.000000000000060e+00
9.999999999999996e-01
9.999999999999858e-01
1.000000000000007e+00
1.000000000000000e+00
###4.000000000000000e-01
1.827371389303472e-11
1.029266332653245e-10
1.271696402467995e-10
1.570985746109033e-10
1.938269788542206e-10
2.390680067025482e-10
2.946658222781991e-10
3.630043865760656e-10
4.470217420726533e-10
5.503311579119778e-10
6.773467759620553e-10
8.335222863410400e-10
1.025512590917302e-09
1.261558018700406e-09
1.551698861466113e-09
1.908318527540350e-09
2.346608747694220e-09
2.885241143339169e-09
3.547113828010045e-09
4.360237651793747e-09
5.359712109811883e-09
6.586449147109777e-09
8.093705464691269e-09
9.945032361077542e-09
1.221798964846842e-08
1.500936444576474e-08
1.843624456046488e-08
2.264283186045198e-08
2.780622184326183e-08
3.414292423404654e-08
4.191916009045889e-08
5.146051401809744e-08
6.316595841157284e-08
7.752373046132952e-08
9.513258628579936e-08
1.167305733256511e-07
1.432119581750178e-07
1.756763669015530e-07
2.154747276186105e-07
2.642496976492329e-07
3.240262932661172e-07
3.972654938952717e-07
4.869948455643788e-07
5.969111656821585e-07
7.315298284545333e-07
8.963747302538937e-07
1.098209765762407e-06
1.345307770824196e-06
1.647754132907296e-06
2.017899729411464e-06
2.470835445200033e-06
3.024982805484298e-06
3.702913470172239e-06
4.532078497116156e-06
5.546122291072942e-06
6.786100829709881e-06
8.302297430156179e-06
1.015574097222212e-05
1.242114606428608e-05
1.519017833073313e-05
1.857454548439326e-05
2.271029984597277e-05
2.776297312285630e-05
3.393813009904373e-05
4.148347452941559e-05
5.070322256342021e-05
6.196779297434424e-05
7.573061372109499e-05
9.255245845894356e-05
1.131005622356755e-04
1.382185107971431e-04
1.689264231834992e-04
2.064613556873563e-04
2.523483783012156e-04
3.084787808966225e-04
3.771155259641736e-04
4.611145256875314e-04
5.638937749333078e-04
6.897313754695387e-04
8.438147817455016e-04
1.032515067886692e-03
1.263711312399945e-03
1.547033405648399e-03
1.894311861567506e-03
2.320091777609837e-03
2.842301459514602e-03
3.482888126768694e-03
4.268522857543796e-03
5.232502271709594e-03
6.415235742887787e-03
7.866205680006986e-03
9.646349297247029e-03
1.182906837784398e-02
1.450496530137834e-02
1.778464320686490e-02
2.180058780952358e-02
2.671504646124830e-02
3.272259636424660e-02
4.005691336244548e-02
4.899743289807140e-02
5.987180389521762e-02
7.306977745007419e-02
8.903645608324910e-02
1.082830526967775e-01
1.313753181763327e-01
1.589361065803356e-01
1.915989089441922e-01
2.299869188275641e-01
2.746440445802470e-01
3.259428225368653e-01
3.839637573886475e-01
4.483559750239294e-01
5.181634658705114e-01
5.917238429721189e-01
6.665638537576021e-01
7.395306423046020e-01
8.071066346782871e-01
8.658666461460167e-01
9.133316232845921e-01
9.484475405920659e-01
9.719745887144228e-01
9.861193908545733e-01
9.936855184759945e-01
9.973814903091810e-01
9.989990784096305e-01
9.996740946192896e-01
9.999104365196213e-01
9.999790338926225e-01
9.999958951715253e-01
9.999993347780746e-01
9.999999181260242e-01
9.999999914131602e-01
9.999999988405437e-01
1.000000000198701e+00
1.000000000001374e+00
9.999999999410997e-01
1.000000000025893e+00
9.999999999998406e-01
9.999999999941288e-01
1.000000000002596e+00
9.999999999999853e-01
9.999999999994157e-01
1.000000000000258e+00
9.999999999999986e-01
9.999999999999429e-01
1.000000000000025e+00
1.000000000000000e+00
9.999999999999943e-01
1.000000000000003e+00
1.000000000000000e+00
###6.000000000000001e-01
2.862087112138696e-11
1.139973053259003e-10
1.411834936187151e-10
1.746149804379421e-10
2.156442135220610e-10
2.662187951513260e-10
3.283038803006601e-10
4.046112818211161e-10
4.984073867330659e-10
6.137224605240384e-10
7.554781353854706e-10
9.297608299314164e-10
1.143988894339663e-09
1.407344577251259e-09
1.731028750023508e-09
2.128840156537840e-09
2.617709948129492e-09
3.218454042283615e-09
3.956598027762708e-09
4.863312341194914e-09
5.977950506534974e-09
7.345512705131581e-09
9.025787455386870e-09
1.108958021689304e-08
1.362300255974950e-08
1.673421181911419e-08
2.055331625485788e-08
2.524094221042230e-08
3.099439504749492e-08
3.805459081151621e-08
4.671804066964068e-08
5.734698113168520e-08
7.038588863966039e-08
8.637755034453044e-08
1.059882697905089e-07
1.300413604225490e-07
1.595302488599466e-07
1.956777557315649e-07
2.399891175047531e-07
2.942891639702039e-07
3.608335326110869e-07
4.423582029345699e-07
5.422286540374263e-07
6.645617947373761e-07
8.143745336456624e-07
9.978082308183386e-07
1.222387327649050e-06
1.497312528762457e-06
1.833789496986377e-06
2.245546766622118e-06
2.749368612762713e-06
3.365710622387333e-06
4.119680200650774e-06
5.041746235596951e-06
6.169301062715575e-06
7.547931141570048e-06
9.233534411505486e-06
1.129368717255766e-05
1.381155174751705e-05
1.688874629351871e-05
2.064912433707782e-05
2.524365957937339e-05
3.085576636876446e-05
3.771272573697194e-05
4.609015133401931e-05
5.632352353886442e-05
6.882266118854798e-05
8.408929078215516e-05
1.027414635864509e-04
1.255175408724906e-04
1.533456772920023e-04
1.873522600387015e-04
2.288937535792027e-04
2.796443211891949e-04
3.416862827599971e-04
4.174845718062215e-04
5.101783512114593e-04
6.234835136603949e-04
7.620757046113924e-04
9.315868593267471e-04
1.138918469022291e-03
1.392609461557274e-03
1.703062937144562e-03
2.082969963398476e-03
2.547986543596795e-03
3.117319139061014e-03
3.814393813703669e-03
4.667491766618096e-03
5.711980018927116e-03
6.990559769134794e-03
8.555243035401776e-03
1.047000929111951e-02
1.281115640525918e-02
1.567290386345731e-02
1.916986248733648e-02
2.343785856912257e-02
2.864315988499034e-02
3.498359292796092e-02
4.269540080125710e-02
5.205952730092139e-02
6.340176977185832e-02
7.710922439129606e-02
9.361752482926673e-02
1.134240619137673e-01
1.370720803810268e-01
1.651559156626937e-01
1.982655126432083e-01
2.369718384831309e-01
2.817563685872567e-01
3.329229571106177e-01
3.904829586979669e-01
4.540332768421926e-01
5.225944866300898e-01
5.945344819497259e-01
6.674887054457482e-01
7.384921349639357e-01
8.042795949560750e-01
8.617140609356172e-01
9.085266823766165e-01
9.437401033382034e-01
9.679848649555021e-01
9.831796091195918e-01
9.918146922352855e-01
9.963407103590733e-01
9.984996064694122e-01
9.994703955890685e-01
9.998400544412751e-01
9.999583542227223e-01
9.999907810770170e-01
9.999983168804156e-01
9.999997527612271e-01
9.999999705681926e-01
9.999999970462919e-01
9.999999999385777e-01
9.999999999989296e-01
9.999999999656941e-01
1.000000000013673e+00
1.000000000000167e+00
9.999999999969321e-01
1.000000000001271e+00
1.000000000000014e+00
9.999999999997181e-01
1.000000000000118e+00
1.000000000000000e+00
9.999999999999750e-01
1.000000000000010e+00
1.000000000000000e+00
9.999999999999978e-01
1.000000000000001e+00
1.000000000000000e+00
###8.000000000000000e-01
3.988469252424589e-11
1.262702671324802e-10
1.566975095013425e-10
1.939975636577799e-10
2.397799261266198e-10
2.962342095352850e-10
3.654966268613383e-10
4.506263215341291e-10
5.552038203172444e-10
6.837787042019208e-10
8.418108577555224e-10
1.036085004412957e-09
1.274860548639321e-09
1.568358014505998e-09
1.929059085137478e-09
2.372315612856716e-09
2.916977232268636e-09
3.586218780084388e-09
4.408456752762435e-09
5.418346547285997e-09
6.659900666519483e-09
8.182630415735737e-09
1.005352263577917e-08
1.235123324409548e-08
1.517152753744359e-08
1.863477229407963e-08
2.288551249062007e-08
2.810243502740700e-08
3.450485003992226e-08
4.236062189815193e-08
5.199936051498586e-08
6.382355829548623e-08
7.832766023387781e-08
9.611392743758178e-08
1.179227889378518e-07
1.446705946513012e-07
1.774589910057251e-07
2.176464753749569e-07
2.669062511307069e-07
3.272623095856071e-07
4.012218010904877e-07
4.918211255558545e-07
6.027964110009897e-07
7.387159262210696e-07
9.051365751938186e-07
1.108909353399308e-06
1.358347468817454e-06
1.663671221833752e-06
2.037306170027818e-06
2.494476215276534e-06
3.053805222602741e-06
3.737953249750698e-06
4.574793943252290e-06
5.598009610778895e-06
6.849102678240408e-06
8.378539850504965e-06
1.024823899099070e-05
1.253295536476210e-05
1.532488146045508e-05
1.873634367209360e-05
2.290428485400104e-05
2.799571193602406e-05
3.421330753078434e-05
4.180744407960203e-05
5.108383167747075e-05
6.241122214404866e-05
7.624159137924068e-05
9.312834746557040e-05
1.137499287540712e-04
1.389216288425785e-04
1.696602214848870e-04
2.072038468555050e-04
2.530390837913815e-04
3.089940414928693e-04
3.773534129760571e-04
4.607952176728740e-04
5.627555324765393e-04
6.872632600771529e-04
8.394093038746725e-04
1.025289697064327e-03
1.252358407207111e-03
1.529839404291503e-03
1.868936097925720e-03
2.283230591508052e-03
2.789521541808808e-03
3.408328314445801e-03
4.164589872785951e-03
5.088232157355742e-03
6.216725087322910e-03
7.595088793326221e-03
9.277886938592553e-03
1.133214395074374e-02
1.383705429009376e-02
1.689042152711647e-02
2.061080360903898e-02
2.513726371667812e-02
3.063996550262393e-02
3.731979873009231e-02
4.541534307264589e-02
5.520874897714777e-02
6.702374985992686e-02
8.124437746751643e-02
9.829671149486474e-02
1.186638506595691e-01
1.428680972526108e-01
1.714745441089574e-01
2.050317949440905e-01
2.440609742995481e-01
2.889847177057252e-01
3.400429126484863e-01
3.971836801355199e-01
4.599570207360824e-01
5.273643789614150e-01
5.978039497344733e-01
6.690116097084485e-01
7.381932591449815e-01
8.023098680298238e-01
8.584779842273406e-01
9.046134371714309e-01
9.398068504993846e-01
9.645810518701350e-01
9.806142931011428e-01
9.901325616430378e-01
9.953682115427468e-01
9.980080936773861e-01
9.992555512340874e-01
9.997595046462699e-01
9.999324992045340e-01
9.999838071416158e-01
9.999967516663806e-01
9.999994671139391e-01
9.999999292879046e-01
9.999999925376045e-01
9.999999994833924e-01
9.999999999748352e-01
9.999999999789767e-01
1.000000000007216e+00
1.000000000000214e+00
9.999999999984012e-01
1.000000000000620e+00
1.000000000000018e+00
9.999999999998641e-01
1.000000000000054e+00
1.000000000000001e+00
9.999999999999891e-01
1.000000000000004e+00
1.000000000000000e+00
9.999999999999991e-01
1.000000000000000e+00
1.000000000000000e+00
###1.000000000000000e+00
5.214751603588355e-11
1.398481047660577e-10
1.738493420450921e-10
2.154152829275223e-10
2.664435973601214e-10
3.293802351697967e-10
4.065647740434983e-10
5.014328441595553e-10
6.178979795235964e-10
7.610972300680514e-10
9.370766042257646e-10
1.153392498785013e-09
1.419227661140386e-09
1.745945382032912e-09
2.147439532585195e-09
2.640761639917628e-09
3.246876480308157e-09
3.991549305524262e-09
4.906373180241669e-09
6.029836496931446e-09
7.411058313074259e-09
9.104506415205637e-09
1.118507208220422e-08
1.374001965954972e-08
1.687585098062975e-08
2.072587951088470e-08
2.545092927060467e-08
3.124930577357748e-08
3.836442616309187e-08
4.709367719536426e-08
5.780289997151909e-08
7.093874399008851e-08
8.704995644763508e-08
1.068041934401520e-07
1.310246951434737e-07
1.607237328531139e-07
1.971266845414522e-07
2.417385527762210e-07
2.964155183340332e-07
3.633987820254114e-07
4.454697683122806e-07
5.459920865490969e-07
6.691054458058409e-07
8.198692927059659e-07
1.004426210920762e-06
1.230404283271365e-06
1.506972171657825e-06
1.845446727123759e-06
2.259594256488335e-06
2.766237424094909e-06
3.386013795125002e-06
4.143963909010644e-06
5.070953704078322e-06
6.204143439688655e-06
7.589462056640907e-06
9.282658485410813e-06
1.135215216591905e-05
1.388038992985229e-05
1.696932313850947e-05
2.074278392934103e-05
2.535177748627905e-05
3.098051088560125e-05
3.785222798709355e-05
4.624245839040489e-05
5.648836467053940e-05
6.899478796837737e-05
8.425851925757138e-05
1.028880031813208e-04
1.256262595799723e-04
1.533693775362387e-04
1.872289406406321e-04
2.285609694354362e-04
2.789908019905663e-04
3.405068695574690e-04
4.156085397273941e-04
5.071978003676938e-04
6.190218143397097e-04
7.554379079828607e-04
9.219705101700833e-04
1.125199775491849e-03
1.373154625835063e-03
1.675769804228427e-03
2.045076648485241e-03
2.495578900284674e-03
3.045250238730004e-03
3.715957966603412e-03
4.534188260059480e-03
5.531545903191191e-03
6.747636549635398e-03
8.229826184953019e-03
1.003525124464348e-02
1.223398448159498e-02
1.490811484182664e-02
1.815899740628981e-02
2.210906744161861e-02
2.690055248159800e-02
3.270735821969206e-02
3.973326549103455e-02
4.821896545589419e-02
5.844752681486216e-02
7.074040467960467e-02
8.547818973259741e-02
1.030773138823090e-01
1.240065672132829e-01
1.487675280487900e-01
1.778966453385812e-01
2.119027912082996e-01
2.512594612923907e-01
2.963337336675140e-01
3.473057949658891e-01
4.040657749317662e-01
4.661214196160831e-01
5.324585767488990e-01
6.015053496449386e-01
6.710906004934802e-01
7.385753145464288e-01
8.011238426949335e-01
8.560768231491441e-01
9.015125816084163e-01
9.365838038380483e-01
9.617240724090459e-01
9.784115124131325e-01
9.886480505776404e-01
9.944818712906726e-01
9.975416462588151e-01
9.990406831412405e-01
9.996738309234974e-01
9.999031012578656e-01
9.999752586230063e-01
9.999946715820511e-01
9.999990518884717e-01
9.999998628718244e-01
9.999999842616838e-01
9.999999986501800e-01
9.999999999162416e-01
9.999999999843836e-01
1.000000000003692e+00
1.000000000000177e+00
9.999999999991686e-01
1.000000000000301e+00
1.000000000000014e+00
9.999999999999345e-01
1.000000000000024e+00
1.000000000000000e+00
9.999999999999952e-01
1.000000000000002e+00
1.000000000000000e+00
9.999999999999997e-01
1.000000000000000e+00
1.000000000000000e+00
###1.200000000000000e+00
6.550228823539233e-11
1.548467511631866e-10
1.927818937579725e-10
2.390492858801470e-10
2.958604941129148e-10
3.659385574606247e-10
4.518643598893162e-10
5.574463028460938e-10
6.870116132825492e-10
8.463176929374372e-10
1.042062497983287e-09
1.282647319688524e-09
1.578273103378430e-09
1.941552963276733e-09
2.387939923217972e-09
2.936342446327216e-09
3.610052621738512e-09
4.437682924314479e-09
5.454295024499925e-09
6.702596809941923e-09
8.237309066370974e-09
1.011832013249545e-08
1.242919315112022e-08
1.526664131405653e-08
1.874885313022601e-08
2.302339600424831e-08
2.826892036287916e-08
3.470510120222388e-08
4.260179662009343e-08
5.228863674707327e-08
6.417110828655923e-08
7.874405146326269e-08
9.661555903978678e-08
1.185246698904033e-07
1.453843744113978e-07
1.783133386519209e-07
2.186701725568639e-07
2.681199929561610e-07
3.287183323759076e-07
4.029423229668966e-07
4.938744086588838e-07
6.052298878619917e-07
7.415903343504377e-07
9.085497552782032e-07
1.112899006962292e-06
1.363062965226840e-06
1.669187026935508e-06
2.043761994180073e-06
2.502004643663975e-06
3.062468389616087e-06
3.747969691211681e-06
4.586123251231185e-06
5.611023269533112e-06
6.863616866351308e-06
8.394530136669111e-06
1.026527579153419e-05
1.255132474100036e-05
1.534317871709116e-05
1.875349329738823e-05
2.291838770224755e-05
2.800395234473276e-05
3.421282059317553e-05
4.179020508995151e-05
5.103920100957606e-05
6.232881652515118e-05
7.610404751394780e-05
9.290889462237093e-05
1.134103460915513e-04
1.384215708795080e-04
1.689200989474495e-04
2.061216502643159e-04
2.515061462157388e-04
3.068453620150850e-04
3.742966925411495e-04
4.565852998421279e-04
5.568555971759755e-04
6.791598755896095e-04
8.282202273656840e-04
1.010006622643103e-03
1.231603743040597e-03
1.501638374967366e-03
1.830782303805210e-03
2.231922930955102e-03
2.720516383661494e-03
3.315744332710666e-03
4.040857337200792e-03
4.923923337622500e-03
5.998259576664301e-03
7.305640562890876e-03
8.895804838457894e-03
1.082848184281700e-02
1.317679649043131e-02
1.602572763108474e-02
1.948014946417597e-02
2.366630673119328e-02
2.872951524427553e-02
3.484727364893281e-02
4.222608320208305e-02
5.110852618305960e-02
6.177831227863152e-02
7.455440194764695e-02
8.981359539725059e-02
1.079625758054617e-01
1.294558084219109e-01
1.547743560267315e-01
1.844265964454904e-01
2.188831472660867e-01
2.585719219420883e-01
3.038074380690683e-01
3.547144519321627e-01
4.111284864810597e-01
4.725203449839928e-01
5.378627695883319e-01
6.056130903643682e-01
6.736863740501619e-01
7.395840455733349e-01
8.006540731222621e-01
8.544355537946485e-01
8.991517517599135e-01
9.340112290181083e-01
9.593753534145582e-01
9.765554283102273e-01
9.873643360149450e-01
9.936934765335882e-01
9.971128368433332e-01
9.988346458063224e-01
9.995875168598226e-01
9.998718575761686e-01
9.999656157335907e-01
9.999921682540066e-01
9.999985151143428e-01
9.999997698353468e-01
9.999999715252080e-01
9.999999972811011e-01
9.999999998070476e-01
9.999999999829770e-01
1.000000000001631e+00
1.000000000000119e+00
9.999999999995690e-01
1.000000000000146e+00
1.000000000000010e+00
9.999999999999685e-01
1.000000000000011e+00
1.000000000000000e+00
9.999999999999979e-01
1.000000000000001e+00
1.000000000000000e+00
9.999999999999999e-01
1.000000000000000e+00
1.000000000000000e+00
###1.400000000000000e+00
8.004871287773145e-11
1.713908185201244e-10
2.136666685935077e-10
2.650945782194491e-10
3.282727817170319e-10
4.062096243572427e-10
5.017605648328107e-10
6.190937168965913e-10
7.631043516918264e-10
9.401280710291941e-10
1.157612182071174e-09
1.424885273541782e-09
1.753262147435015e-09
2.156732542964103e-09
2.652455811628701e-09
3.261379785143965e-09
4.009339672400527e-09
4.928077147415788e-09
6.056449067620590e-09
7.441791236998996e-09
9.144952144569421e-09
1.123175194120679e-08
1.379526253188116e-08
1.694258771426425e-08
2.080444456061905e-08
2.554426953925635e-08
3.136009076650972e-08
3.849493827089621e-08
4.724759219481156e-08
5.798272191665918e-08
7.114924667267274e-08
8.729451232504579e-08
1.070913623545167e-07
1.313566689187355e-07
1.611010470895259e-07
1.975592774760830e-07
2.422352061917103e-07
2.969675932063461e-07
3.640279370338203e-07
4.461539820773285e-07
5.467493701078514e-07
6.699155532421660e-07
8.207120769368250e-07
1.005313712014061e-06
1.231216643247960e-06
1.507700967411291e-06
1.845977236744399e-06
2.259810790147047e-06
2.765971355890348e-06
3.384900381227082e-06
4.141759697752185e-06
5.066944835763712e-06
6.198028587577769e-06
7.580044923858153e-06
9.268682036696863e-06
1.133164681118375e-05
1.385199135694553e-05
1.692892329929957e-05
2.068645281177665e-05
2.527400134735342e-05
3.087378071835982e-05
3.770813864846934e-05
4.604588526691261e-05
5.621940671032540e-05
6.863144584431393e-05
8.377022506068617e-05
1.022298028183687e-04
1.247393709793409e-04
1.521865188568960e-04
1.856353552418116e-04
2.264113624220098e-04
2.761251596007755e-04
3.367036153956319e-04
4.104820661621293e-04
5.004227262760261e-04
6.099255849049543e-04
7.433594930650278e-04
9.058310642115049e-04
1.103774124334676e-03
1.344798660360576e-03
1.638152675377488e-03
1.995267300405989e-03
2.429928164514956e-03
2.958561176956354e-03
3.601594053658677e-03
4.383696214319578e-03
5.334552126721537e-03
6.489224649139248e-03
7.891690482413010e-03
9.594087163139822e-03
1.165875646358327e-02
1.416187956190747e-02
1.719131823658695e-02
2.085543336800493e-02
2.528421279078749e-02
3.062598113643803e-02
3.706168472279491e-02
4.480037561127912e-02
5.408631056794532e-02
6.520352175853333e-02
7.846840738770916e-02
9.425349899872811e-02
1.129556725907948e-01
1.350150494724914e-01
1.608923719952688e-01
1.910684889420322e-01
2.259771157875019e-01
2.660024708707766e-01
3.114092441150706e-01
3.622702285387787e-01
4.183704660210739e-01
4.791473320868724e-01
5.435628591515914e-01
6.101027052912844e-01
6.767614707915905e-01
7.411689777895800e-01
8.008384994270683e-01
8.534859632414932e-01
8.974640675058204e-01
9.320332433178087e-01
9.574968663976140e-01
9.750282085752383e-01
9.862800682649191e-01
9.930099026133323e-01
9.967304106989789e-01
9.986442122268949e-01
9.995043477332186e-01
9.998403800437811e-01
9.999554099131805e-01
9.999893732007464e-01
9.999978794500620e-01
9.999996521834176e-01
9.999999541793297e-01
9.999999952803655e-01
9.999999996326974e-01
9.999999999747032e-01
1.000000000000185e+00
1.000000000000056e+00
9.999999999997780e-01
1.000000000000070e+00
1.000000000000006e+00
9.999999999999848e-01
1.000000000000005e+00
1.000000000000000e+00
9.999999999999991e-01
1.000000000000000e+00
1.000000000000000e+00
1.000000000000000e+00
1.000000000000000e+00
1.000000000000000e+00
###1.600000000000000e+00
9.589463908804043e-11
1.896500340294686e-10
2.366390245846003e-10
2.937605353912296e-10
3.639401794148660e-10
4.505153692516313e-10
5.566424506015254e-10
6.868942370211068e-10
8.467773767300097e-10
1.043266716012044e-09
1.284631081043791e-09
1.581214450297514e-09
1.945552774612808e-09
2.393145751243290e-09
2.943018952409352e-09
3.618355113835883e-09
4.447776169010288e-09
5.466436820511813e-09
6.717363623002988e-09
8.252939712413553e-09
1.014072387136624e-08
1.245296995647411e-08
1.529327660409691e-08
1.877985750443694e-08
2.305749020985626e-08
2.830659122533506e-08
3.474646580499074e-08
4.264562213970398e-08
5.233436607316568e-08
6.421561328681013e-08
7.878563519594636e-08
9.664874556932150e-08
1.185485940929995e-07
1.453868267725382e-07
1.782799745904113e-07
2.185890073971850e-07
2.679760487788795e-07
3.284689887109123e-07
4.025725443177692e-07
4.933083223185345e-07
6.044280505207927e-07
7.404537319931847e-07
9.069595757456246e-07
1.110751749245805e-06
1.360088538037224e-06
1.665186350944818e-06
2.038385039424003e-06
2.494847071825912e-06
3.053011566756723e-06
3.735365545153850e-06
4.569586911293439e-06
5.589080897279407e-06
6.835160727252137e-06
8.357264022349673e-06
1.021653262207554e-05
1.248730410905356e-05
1.526078995343732e-05
1.864573168358133e-05
2.277772601781534e-05
2.782101688639172e-05
3.397487735735324e-05
4.148272076580715e-05
5.063857156779507e-05
6.180596933475303e-05
7.542373472471856e-05
9.202598267844290e-05
1.122600106989667e-04
1.369211987900968e-04
1.669754562266057e-04
2.035791475289915e-04
2.481735745059031e-04
3.025073561057491e-04
3.686706334385120e-04
4.491862628458579e-04
5.472597319023287e-04
6.665751836205604e-04
8.118175043947606e-04
9.884994013288986e-04
1.203538755208309e-03
1.465092077011074e-03
1.783052265933440e-03
2.169619790824620e-03
2.639560308296730e-03
3.210248104343581e-03
3.903408220493857e-03
4.745164993553156e-03
5.766854339073060e-03
7.005317453850067e-03
8.506766721831290e-03
1.032576479188363e-02
1.252728417106124e-02
1.519056646320100e-02
1.840634705055266e-02
2.228644075466341e-02
2.696450545666599e-02
3.259181470435466e-02
3.935259711323294e-02
4.745829404060551e-02
5.715463420368207e-02
6.872544682351345e-02
8.248506939369575e-02
9.880076228055011e-02
1.180596975323021e-01
1.406876307180866e-01
1.671251620920597e-01
1.978261196514106e-01
2.331885515588441e-01
2.735547161431718e-01
3.191419608177088e-01
3.699741659532532e-01
4.257897768231536e-01
4.859955758212672e-01
5.495449102837182e-01
6.149505413449584e-01
6.802808401226536e-01
7.432831230976275e-01
8.016198196713836e-01
8.531648192346306e-01
8.963878097665128e-01
9.305972261423312e-01
9.560519602343056e-01
9.738102796675899e-01
9.853900987094518e-01
9.924340802227730e-01
9.963999510962187e-01
9.984743020067560e-01
9.994273592887936e-01
9.998100860912447e-01
9.999451663315316e-01
9.999864375632715e-01
9.999971778234481e-01
9.999995149853392e-01
9.999999326761880e-01
9.999999926371148e-01
9.999999993850750e-01
9.999999999592126e-01
9.999999999988493e-01
9.999999999999919e-01
9.999999999998863e-01
1.000000000000033e+00
1.000000000000004e+00
9.999999999999927e-01
1.000000000000002e+00
1.000000000000000e+00
9.999999999999997e-01
1.000000000000000e+00
1.000000000000000e+00
1.000000000000000e+00
1.000000000000000e+00
1.000000000000000e+00
###1.800000000000000e+00
1.131537511377573e-10
2.097479919193648e-10
2.618982795694231e-10
3.252720977291034e-10
4.031417280171032e-10
4.992011666628468e-10
6.169229296320296e-10
7.613721802772894e-10
9.386758865277473e-10
1.156526553129990e-09
1.424089847096166e-09
1.752824048673782e-09
2.156600690451658e-09
2.652571870253902e-09
3.261806391060756e-09
4.009927620827166e-09
4.928607029657591e-09
6.056727447960759e-09
7.441892583423477e-09
9.141948114882467e-09
1.123182376612679e-08
1.379077740460636e-08
1.693392259500986e-08
2.079157335400243e-08
2.552386344547222e-08
3.132975930041272e-08
3.845153604810508e-08
4.718576101127689e-08
5.789687828206081e-08
7.102962791340332e-08
8.713155614603910e-08
1.068691509383177e-07
1.310630713929936e-07
1.607069713467355e-07
1.970335224226150e-07
2.415382831391425e-07
2.960569789934739e-07
3.628228495959331e-07
4.445950849536857e-07
5.446973643026484e-07
6.672641997919286e-07
8.172713225450865e-07
1.000851315126205e-06
1.225489702554770e-06
1.500276018356237e-06
1.836428031360317e-06
2.247513261635712e-06
2.750199406460963e-06
3.364728089669575e-06
4.115807966495036e-06
5.033776423589502e-06
6.155331986081740e-06
7.525796998793973e-06
9.199316335712258e-06
1.124295747083547e-05
1.373807011961646e-05
1.678470113123092e-05
2.050177622100415e-05
2.503731690969727e-05
3.057141336674284e-05
3.732164298748890e-05
4.555361081293851e-05
5.558855161651899e-05
6.782221226881691e-05
8.273443828881515e-05
1.009054789481752e-04
1.230400358706824e-04
1.500036740398747e-04
1.828451590003712e-04
2.228185218706981e-04
2.714873395371062e-04
3.307457936896440e-04
4.028557750843900e-04
4.905380882761983e-04
5.972507618102481e-04
7.269796634745211e-04
8.847381751116934e-04
1.076462691796716e-03
1.309575882329523e-03
1.592802443641485e-03
1.936704218877349e-03
2.354275376627291e-03
2.861302840751189e-03
3.476129230937443e-03
4.221814774975804e-03
5.125975168244491e-03
6.221632832375744e-03
7.547439587933455e-03
9.151877079044114e-03
1.109195880175068e-02
1.343530543033091e-02
1.626422300471254e-02
1.967230885175624e-02
2.377479817809291e-02
2.870891958190013e-02
3.462891401044765e-02
4.172204777064958e-02
5.020201662420328e-02
6.031586664408665e-02
7.234682070019838e-02
8.660702383564144e-02
1.034582021005535e-01
1.232776585223663e-01
1.464767535187553e-01
1.734761047043205e-01
2.047029908780766e-01
2.405209172933274e-01
2.812319736346026e-01
3.270078204869991e-01
3.778267835385165e-01
4.333839358337150e-01
4.930579523313874e-01
5.557951354487893e-01
6.201342277887150e-01
6.842119272107263e-01
7.458829540612855e-01
8.029450593549479e-01
8.534140960696811e-01
8.958659416002732e-01
9.296544861654306e-01
9.550050818862736e-01
9.728808883858188e-01
9.846865057320666e-01
9.919658956109461e-01
9.961243738531068e-01
9.983282140632205e-01
9.993588435649834e-01
9.997821553500835e-01
9.999353645533258e-01
9.999835146675790e-01
9.999964486239805e-01
9.999993655234102e-01
9.999999080058560e-01
9.999999894311157e-01
9.999999990656595e-01
9.999999999364898e-01
9.999999999973364e-01
9.999999999999202e-01
9.999999999999419e-01
1.000000000000015e+00
1.000000000000002e+00
9.999999999999964e-01
1.000000000000001e+00
1.000000000000000e+00
9.999999999999999e-01
1.000000000000000e+00
1.000000000000000e+00
1.000000000000000e+00
1.000000000000000e+00
1.000000000000000e+00
###2.000000000000000e+00
1.319507822287842e-10
2.317861754044238e-10
2.896379590356232e-10
3.598714570710529e-10
4.461763028124347e-10
5.526371999018869e-10
6.830694610796108e-10
8.430896923652844e-10
1.039490934874783e-09
1.280755055004024e-09
1.577031055806432e-09
1.940986999748740e-09
2.387964672927525e-09
2.936915874740111e-09
3.611146556124535e-09
4.438941584398526e-09
5.455304208762426e-09
6.703187307199236e-09
8.235186451560471e-09
1.011512591274368e-08
1.242594125712560e-08
1.525454924886854e-08
1.872861037736858e-08
2.299162976942020e-08
2.822045683000412e-08
3.463427918154872e-08
4.250034623661467e-08
5.214578269375728e-08
6.397215025096726e-08
7.846968488367580e-08
9.624165146709283e-08
1.180221813160817e-07
1.447154985348361e-07
1.774149038513930e-07
2.174783864547084e-07
2.665507358569860e-07
3.266523985126218e-07
4.002404907695004e-07
4.903497043607696e-07
6.006309427171363e-07
7.356327275712386e-07
9.008217892437247e-07
1.102934597923050e-06
1.350189982330875e-06
1.652576419541689e-06
2.022390621775755e-06
2.474528694691346e-06
3.027272248756111e-06
3.702814341271105e-06
4.528248474707056e-06
5.536780763610292e-06
6.768658846985609e-06
8.273470417630692e-06
1.011045870033467e-05
1.235303346080930e-05
1.509007717271126e-05
1.843106336887931e-05
2.250584172036184e-05
2.747573099300836e-05
3.353781448803803e-05
4.092895868591249e-05
4.993867560236832e-05
6.091710126965531e-05
7.429413066868563e-05
9.059363996929672e-05
1.104444307588803e-04
1.346122167147622e-04
1.640368837414872e-04
1.998548778797448e-04
2.434234031169442e-04
2.964350507947384e-04
3.609374001349791e-04
4.393728727493633e-04
5.346703848570807e-04
6.505528923742860e-04
7.913211288843616e-04
9.623335148883692e-04
1.169967197124541e-03
1.422170867427843e-03
1.728259523880877e-03
2.099488471527912e-03
2.549674802854627e-03
3.095655405968031e-03
3.756774407010316e-03
4.557461310155945e-03
5.526859831589427e-03
6.699714085690763e-03
8.116518343143407e-03
9.828057109879707e-03
1.189382001073743e-02
1.438409232689430e-02
1.738424819419030e-02
2.099073328738605e-02
2.532226911103603e-02
3.051929170790682e-02
3.673921024254531e-02
4.417210260647435e-02
5.303374368608327e-02
6.357227635938982e-02
7.607011437953069e-02
9.083688549856024e-02
1.082285823381259e-01
1.286124701164111e-01
1.523854732896282e-01
1.799483662128351e-01
2.117023114445768e-01
2.479772987663190e-01
2.890373893732078e-01
3.350085189478355e-01
3.858280195656060e-01
4.411499465249890e-01
5.003270383923447e-01
5.623000952800762e-01
6.256320677253187e-01
6.885235583786261e-01
7.489276133589154e-01
8.047650839128858e-01
8.541801256028905e-01
8.958455433036490e-01
9.291590635958478e-01
9.543217168540395e-01
9.722186110186386e-01
9.841592665849611e-01
9.916025834521220e-01
9.959045651961514e-01
9.982078627428175e-01
9.993004035759863e-01
9.997575043272559e-01
9.999264095755533e-01
9.999807464007547e-01
9.999957312041752e-01
9.999992122688962e-01
9.999998815499970e-01
9.999999858216295e-01
9.999999986863910e-01
9.999999999072436e-01
9.999999999955086e-01
9.999999999998375e-01
9.999999999999692e-01
1.000000000000007e+00
1.000000000000001e+00
9.999999999999982e-01
1.000000000000000e+00
1.000000000000000e+00
1.000000000000000e+00
1.000000000000000e+00
1.000000000000000e+00
1.000000000000000e+00
1.000000000000000e+00
1.000000000000000e+00
###2.200000000000000e+00
1.524160584175218e-10
2.559485954675344e-10
3.200658343595236e-10
3.978153429736170e-10
4.933641197954251e-10
6.112200159758847e-10
7.555753403841944e-10
9.326489716177159e-10
1.149962972354813e-09
1.416859672246808e-09
1.744564574986009e-09
2.147065524836464e-09
2.641315232364747e-09
3.248216611486357e-09
3.993537122136346e-09
4.908437490224335e-09
6.031578860074806e-09
7.410347445121992e-09
9.102767443380537e-09
1.117919888872723e-08
1.373128382633116e-08
1.685435561083247e-08
2.068951992068007e-08
2.539501063722393e-08
3.116529942548135e-08
3.824206389547326e-08
4.691968472480733e-08
5.755812975021270e-08
7.059958955941448e-08
8.658366796033027e-08
1.061740612150027e-07
1.301786978035976e-07
1.595913804122950e-07
1.956145259604199e-07
2.397416120739129e-07
2.937790417320600e-07
3.599473610797024e-07
4.409460049636482e-07
5.401072503933481e-07
6.614373901387105e-07
8.099313413899216e-07
9.915852545440984e-07
1.213789308335060e-06
1.485554409875947e-06
1.817834981285345e-06
2.224094627245892e-06
2.720659609933046e-06
3.327548528848899e-06
4.069060377924345e-06
4.974836749477718e-06
6.081205647703113e-06
7.432153641367609e-06
9.081911380993870e-06
1.109517518781279e-05
1.355213470217350e-05
1.654979351097548e-05
2.020757119684877e-05
2.466695014564712e-05
3.010400968721405e-05
3.673329077436416e-05
4.481251129228311e-05
5.465663838599445e-05
6.664667826201049e-05
8.124839387815102e-05
9.903281840969559e-05
1.206805445991956e-04
1.470207842614311e-04
1.790731516744803e-04
2.180664227900182e-04
2.654666852467884e-04
3.231025392644355e-04
3.931830752230166e-04
4.783403330021196e-04
5.817216826784855e-04
7.073281511098782e-04
8.597885917953179e-04
1.044823413262459e-03
1.269268138060271e-03
1.541619224313735e-03
1.871804544788264e-03
2.271797857962518e-03
2.756268750014484e-03
3.343133760466546e-03
4.052771371563397e-03
4.911015176332648e-03
5.948573775239711e-03
7.201948254515543e-03
8.713506684988355e-03
1.053636998934132e-02
1.273252867312656e-02
1.537494801492865e-02
1.855207336820828e-02
2.236318332027293e-02
2.693046055398746e-02
3.239745146742556e-02
3.892466428628232e-02
4.670485215075088e-02
5.595569229750823e-02
6.692620549426102e-02
7.989778813476540e-02
9.517723596126988e-02
1.131146025963925e-01
1.340669414468271e-01
1.584166871458645e-01
1.865448883065017e-01
2.188269846436642e-01
2.555603831264832e-01
2.969724526698288e-01
3.431451908372808e-01
3.939772328877039e-01
4.490843015036480e-01
5.077951036384256e-01
5.690460055807597e-01
6.314230475166657e-01
6.931860678121388e-01
7.523787166897522e-01
8.070341252028372e-01
8.554129474498919e-01
8.962775164583660e-01
9.290678333947840e-01
9.539685459873830e-01
9.718017800692669e-01
9.837969751517656e-01
9.913396346392545e-01
9.957397275378611e-01
9.981140106391638e-01
9.992529999977324e-01
9.997367798173313e-01
9.999186181841373e-01
9.999782536389061e-01
9.999950618769795e-01
9.999990638608964e-01
9.999998548849502e-01
9.999999820243839e-01
9.999999982683269e-01
9.999999998730027e-01
9.999999999933561e-01
9.999999999997405e-01
9.999999999999816e-01
1.000000000000002e+00
1.000000000000001e+00
9.999999999999991e-01
1.000000000000000e+00
1.000000000000000e+00
1.000000000000000e+00
1.000000000000000e+00
1.000000000000000e+00
1.000000000000000e+00
1.000000000000000e+00
1.000000000000000e+00
###2.400000000000000e+00
1.746901442432394e-10
2.824298824287726e-10
3.534442126225095e-10
4.393794986892583e-10
5.450483094841028e-10
6.753743384441229e-10
8.349645289036282e-10
1.030694674085237e-09
1.270883282369530e-09
1.565811651257380e-09
1.927879939504631e-09
2.372520567568029e-09
2.918429115303573e-09
3.588656938600999e-09
4.411632095321032e-09
5.421665572710138e-09
6.661394568896643e-09
8.183051189505293e-09
1.005052986910932e-08
1.234134684751128e-08
1.515660655848244e-08
1.860078574629111e-08
2.282966227566615e-08
2.801733811647849e-08
3.437759886423923e-08
4.217647005068665e-08
5.173784527638335e-08
6.345729144582297e-08
7.782129651969214e-08
9.542246994622540e-08
1.169905857219179e-07
1.434133197350543e-07
1.757817074567758e-07
2.154162741722766e-07
2.639568903530281e-07
3.233852252840916e-07
3.961392335987541e-07
4.851768014511381e-07
5.941537829205168e-07
7.274644850323933e-07
8.905826440912692e-07
1.090070559200531e-06
1.334029189891565e-06
1.632328079576232e-06
1.996945689933299e-06
2.442618597622884e-06
2.987204524028604e-06
3.652597454502799e-06
4.465344388415264e-06
5.457839133708715e-06
6.669749610334906e-06
8.149089601271585e-06
9.955049631123047e-06
1.215819269224925e-05
1.484591206796445e-05
1.812394737435937e-05
2.212225364606799e-05
2.699493968758392e-05
3.293377711079262e-05
4.017165175324995e-05
4.898876622873988e-05
5.972725735789607e-05
7.280048274419117e-05
8.871272634247079e-05
1.080848857210383e-04
1.316525089509556e-04
1.603123880133142e-04
1.951670784527133e-04
2.375442467495534e-04
2.890243268668226e-04
3.515791818988558e-04
4.275878131315061e-04
5.198812781719545e-04
6.318360559413119e-04
7.677447751186491e-04
9.325781549337274e-04
1.132435839547628e-03
1.374629908402755e-03
1.668226845768089e-03
2.023790433507806e-03
2.454038346672418e-03
2.974522596009631e-03
3.604269998043982e-03
4.364725961971186e-03
5.283163651549820e-03
6.391893598023782e-03
7.729209185779126e-03
9.339383129481528e-03
1.127790618876745e-02
1.360929387586151e-02
1.640920567613989e-02
1.976916054572735e-02
2.379125187879244e-02
2.860107782171069e-02
3.434525524271476e-02
4.118726165082979e-02
4.932240617976023e-02
5.897009058369662e-02
7.037999487132046e-02
8.383228413126737e-02
9.963061465380671e-02
1.181188882366371e-01
1.396437654877106e-01
1.645731229138135e-01
1.932683774649934e-01
2.260795992771240e-01
2.632724513697564e-01
3.050386577446745e-01
3.514184102060833e-01
4.022732103685766e-01
4.571829894810976e-01
5.154541046760880e-01
5.760193196266739e-01
6.374867828073676e-01
6.981710570706440e-01
7.562001766331508e-01
8.097095113262068e-01
8.570663941539511e-01
8.971161423159359e-01
9.293402512508473e-01
9.539138977729483e-01
9.716087651421563e-01
9.835871818856845e-01
9.911711445148454e-01
9.956277675696773e-01
9.980464796895466e-01
9.992170590932888e-01
9.997203804418539e-01
9.999122144337815e-01
9.999761306523014e-01
9.999944714937750e-01
9.999989282427915e-01
9.999998295992046e-01
9.999999782806792e-01
9.999999978386260e-01
9.999999998360157e-01
9.999999999909677e-01
9.999999999996300e-01
9.999999999999859e-01
1.000000000000000e+00
1.000000000000001e+00
9.999999999999996e-01
1.000000000000000e+00
1.000000000000000e+00
1.000000000000000e+00
1.000000000000000e+00
1.000000000000000e+00
1.000000000000000e+00
1.000000000000000e+00
1.000000000000000e+00
###2.600000000000000e+00
1.989225133669194e-10
3.114206518357538e-10
3.899682246991386e-10
4.848610768583458e-10
6.015963286042610e-10
7.455559439285108e-10
9.217974884979588e-10
1.137916584652455e-09
1.403098925242114e-09
1.728648844474803e-09
2.128249502316987e-09
2.618905817257484e-09
3.221210271372375e-09
3.960556800679274e-09
4.868271132534791e-09
5.982101212354616e-09
7.348984023130194e-09
9.026446658533185e-09
1.108476051943990e-08
1.360923221565510e-08
1.671124144397313e-08
2.050513948747385e-08
2.516280634912028e-08
3.087528909967189e-08
3.787787402424813e-08
4.646235302993525e-08
5.698501086697639e-08
6.987998592746267e-08
8.568168084862212e-08
1.050402411223846e-07
1.287569404301673e-07
1.578056972812358e-07
1.933830628824239e-07
2.369376630050427e-07
2.902660763510425e-07
3.555411119155127e-07
4.354350729082871e-07
5.331847684070496e-07
6.527957387278354e-07
7.990810833236637e-07
9.780287038322059e-07
1.196817833644324e-06
1.464303141360788e-06
1.791288234121595e-06
2.190852862792686e-06
2.679102803977417e-06
3.275534561259736e-06
4.004066015242733e-06
4.893652530712532e-06
5.979645096683583e-06
7.305285305100152e-06
8.922912391820309e-06
1.089702001353592e-05
1.330445118165712e-05
1.624030966693185e-05
1.981964908302858e-05
2.418369559253450e-05
2.950001299125114e-05
3.597709036704345e-05
4.386737286037786e-05
5.347497300093608e-05
6.517093430503704e-05
7.940269547967134e-05
9.671611746794894e-05
1.177845260119638e-04
1.434009974350455e-04
1.745348185615209e-04
2.123756157439339e-04
2.583555325582536e-04
3.141754509773315e-04
3.819580153839085e-04
4.642608314351774e-04
5.641236919546112e-04
6.851631595191583e-04
8.319773932999587e-04
1.009893214434336e-03
1.225407066005447e-03
1.486326319490682e-03
1.802310269318630e-03
2.184582103556692e-03
2.646629346141203e-03
3.204916736250827e-03
3.879612883855495e-03
4.693262452446774e-03
5.674614277613534e-03
6.857618028380381e-03
8.282394714500877e-03
9.995151995940994e-03
1.205378366938125e-02
1.452535365702682e-02
1.748822858019699e-02
2.103700243593195e-02
2.527656254226297e-02
3.033587662902315e-02
3.636458679315875e-02
4.352901121098504e-02
5.202689157578632e-02
6.207917454469301e-02
7.393597986294903e-02
8.787602126310164e-02
1.041995128857086e-01
1.232439838447865e-01
1.453455119793506e-01
1.708572258129308e-01
2.001213009386179e-01
2.334624316033478e-01
2.711153931323015e-01
3.132372318714364e-01
3.598282291445062e-01
4.107142083772620e-01
4.654425671551744e-01
5.232957266700086e-01
5.832065994211928e-01
6.438034843396161e-01
7.034519301967824e-01
7.603579760768820e-01
8.127513249421189e-01
8.590974284731432e-01
8.983189221589277e-01
9.299383632458449e-01
9.541275156869828e-01
9.716182412196430e-01
9.835168369812844e-01
9.910901961002961e-01
9.955656215588569e-01
9.980043492011762e-01
9.991925547036973e-01
9.997084783245640e-01
9.999073323528556e-01
9.999744427039964e-01
9.999939837688301e-01
9.999988120261851e-01
9.999998071305473e-01
9.999999748277764e-01
9.999999974266861e-01
9.999999997989857e-01
9.999999999884945e-01
9.999999999995111e-01
9.999999999999862e-01
9.999999999999994e-01
1.000000000000000e+00
9.999999999999998e-01
1.000000000000000e+00
1.000000000000000e+00
1.000000000000000e+00
1.000000000000000e+00
1.000000000000000e+00
1.000000000000000e+00
1.000000000000000e+00
1.000000000000000e+00
###2.800000000000000e+00
2.252759360926208e-10
3.431216965769607e-10
4.298542137969839e-10
5.345761688489794e-10
6.634013098689397e-10
8.222495694987275e-10
1.016673147879096e-09
1.255053126631285e-09
1.547514663044040e-09
1.906482284626104e-09
2.347032069226366e-09
2.887883036253297e-09
3.551691279604678e-09
4.366399272926284e-09
5.366486087692597e-09
6.593433606320813e-09
8.098868442063669e-09
9.946030555384374e-09
1.221216092550703e-08
1.499102426433003e-08
1.840513015501582e-08
2.257955656312867e-08
2.770366537577973e-08
3.398689869356388e-08
4.168781562490565e-08
5.112615091965884e-08
6.269330116061030e-08
7.686531209672697e-08
9.422806171657383e-08
1.154946268587211e-07
1.415430626859883e-07
1.734403688680832e-07
2.124980089441909e-07
2.603022694501963e-07
3.188195824594285e-07
3.904296826685705e-07
4.780550267426023e-07
5.852372658491508e-07
7.163553343581520e-07
8.766761272214692e-07
1.072740108590835e-06
1.312391625603038e-06
1.605301169181532e-06
1.963261902764520e-06
2.400552484256148e-06
2.934745520913139e-06
3.587098184369007e-06
4.383693754898713e-06
5.356077904898049e-06
6.542775367994474e-06
7.990835832246980e-06
9.757248158153896e-06
1.191221388318680e-05
1.453916272617351e-05
1.774158450161771e-05
2.164436574050368e-05
2.640082339785328e-05
3.219283096370855e-05
3.924667135278688e-05
4.783563371379848e-05
5.828919276088096e-05
7.100912484039244e-05
8.647900748478704e-05
1.052891520272129e-04
1.281674059826280e-04
1.559685480546841e-04
1.897382703959048e-04
2.307581374636254e-04
2.805702800671633e-04
3.410024442899448e-04
4.143358492867177e-04
5.033160038872735e-04
6.112005626716469e-04
7.418583886959995e-04
9.002072031679028e-04
1.091944654510113e-03
1.323981880184558e-03
1.604640830158684e-03
1.944196923700860e-03
2.354556715754322e-03
2.850003976769163e-03
3.447946860249185e-03
4.169728131014907e-03
5.039023818318888e-03
6.086095098969437e-03
7.346568120538991e-03
8.862426794589890e-03
1.068184344172855e-02
1.286514778414249e-02
1.548197472921268e-02
1.861340957212197e-02
2.235712162498330e-02
2.682076836840426e-02
3.213664056578223e-02
3.845735501677718e-02
4.595194219367455e-02
5.482044845202973e-02
6.528518317651469e-02
7.759648441913625e-02
9.203138795304776e-02
1.088863653092483e-01
1.284923433894403e-01
1.511746144633134e-01
1.772709423827687e-01
2.071058724522853e-01
2.409774373553368e-01
2.790907035355132e-01
3.215689339347589e-01
3.683741857830417e-01
4.192979586894308e-01
4.738570729174205e-01
5.313113732001172e-01
5.905944453173729e-01
6.503538932440921e-01
7.090029183951249e-01
7.648199696209798e-01
8.161222204899795e-01
8.614659481228170e-01
8.998462043777719e-01
9.308265998786996e-01
9.545806371414818e-01
9.718093868960734e-01
9.835726049203155e-01
9.910892355370319e-01
9.955495188592888e-01
9.979861274603847e-01
9.991790914039060e-01
9.997010536129696e-01
9.999040232401252e-01
9.999732263933929e-01
9.999936143680742e-01
9.999987200928184e-01
9.999997886307441e-01
9.999999718728269e-01
9.999999970603698e-01
9.999999997646889e-01
9.999999999861208e-01
9.999999999993922e-01
9.999999999999846e-01
9.999999999999989e-01
1.000000000000000e+00
9.999999999999999e-01
1.000000000000000e+00
1.000000000000000e+00
1.000000000000000e+00
1.000000000000000e+00
1.000000000000000e+00
1.000000000000000e+00
1.000000000000000e+00
1.000000000000000e+00
###3.000000000000000e+00
2.539226294280240e-10
3.777493419594126e-10
4.734145064123189e-10
5.888631094727233e-10
7.308822098434138e-10
9.059742710007156e-10
1.120233024621180e-09
1.382890313798659e-09
1.705097735406256e-09
2.100503053513869e-09
2.585679474084725e-09
3.181227109241002e-09
3.912041350513411e-09
4.808833664456053e-09
5.909510886106916e-09
7.259607623255744e-09
8.915844688497103e-09
1.094766423956897e-08
1.343987111519211e-08
1.649540897354271e-08
2.024885798719147e-08
2.483693442427456e-08
3.046789621313143e-08
3.737124345872648e-08
4.583054323236586e-08
5.619596898586497e-08
6.889684995028312e-08
8.445458859104940e-08
1.035107293747271e-07
1.268463960468972e-07
1.554226397673512e-07
1.904070229439504e-07
2.332355844397850e-07
2.856417389427854e-07
3.497775058116786e-07
4.282430614131270e-07
5.242324477736433e-07
6.416163789190447e-07
7.851736077849574e-07
9.606614574769240e-07
1.175214340930557e-06
1.437392354651282e-06
1.757743729240907e-06
2.149122260391193e-06
2.627094260631179e-06
3.210813844511239e-06
3.923428686935921e-06
4.793317906699937e-06
5.854842524846057e-06
7.149871704775640e-06
8.729580929094948e-06
1.065591142015857e-05
1.300516670058043e-05
1.586780453236576e-05
1.935626925781190e-05
2.360593606252006e-05
2.878300292109034e-05
3.508457354472475e-05
4.275585457919924e-05
5.209237245392004e-05
6.345035363257766e-05
7.726431405177617e-05
9.405611532419812e-05
1.144646177981759e-04
1.392710046625997e-04
1.693995611806229e-04
2.059752028587633e-04
2.503765352113531e-04
3.042614084219476e-04
3.695910711663619e-04
4.488134011520283e-04
5.448725082949521e-04
6.612500438957342e-04
8.020830318005063e-04
9.726220827127996e-04
1.178937999940687e-03
1.428413690260149e-03
1.729866736949077e-03
2.094225341122611e-03
2.534103914350952e-03
3.064609320547399e-03
3.704124208104565e-03
4.475198657422834e-03
5.402671980084132e-03
6.518354880400779e-03
7.859587427597663e-03
9.470251604663645e-03
1.140052048213000e-02
1.371317114977215e-02
1.648045216950704e-02
1.978617052553762e-02
2.373106972680272e-02
2.842555065721344e-02
3.400517939988096e-02
4.062549166445462e-02
4.845810122358628e-02
5.770522641956966e-02
6.859035387430648e-02
8.136381559512466e-02
9.630073572752303e-02
1.136935430090195e-01
1.338663231067221e-01
1.571333665258969e-01
1.838169714358641e-01
2.142240531576774e-01
2.486262490201281e-01
2.871994825157013e-01
3.300340562867579e-01
3.770553068072199e-01
4.280216614374642e-01
4.824209199185603e-01
5.394921337706464e-01
5.981694610107549e-01
6.571192100967614e-01
7.147992992870730e-01
7.695557006069804e-01
8.197870562213684e-01
8.641344848977430e-01
9.016609793612956e-01
9.319715935321289e-01
9.552459403874063e-01
9.721620507694325e-01
9.837411268505505e-01
9.911603039723387e-01
9.955752115277904e-01
9.979899051494333e-01
9.991759867925228e-01
9.996979294383718e-01
9.999022690651018e-01
9.999724921724966e-01
9.999933710869907e-01
9.999986554414243e-01
9.999997749012525e-01
9.999999695743432e-01
9.999999967628415e-01
9.999999997356304e-01
9.999999999840297e-01
9.999999999992835e-01
9.999999999999820e-01
9.999999999999986e-01
1.000000000000000e+00
9.999999999999999e-01
1.000000000000000e+00
1.000000000000000e+00
1.000000000000000e+00
1.000000000000000e+00
1.000000000000000e+00
1.000000000000000e+00
1.000000000000000e+00
1.000000000000000e+00
###3.200000000000001e+00
2.850465323487741e-10
4.155346943991955e-10
5.209397045008453e-10
6.480833258357106e-10
8.044870935379567e-10
9.972846996518487e-10
1.233159706346572e-09
1.522268506803715e-09
1.876881726053792e-09
2.311982236573460e-09
2.845744688898331e-09
3.500831471907257e-09
4.304573976680746e-09
5.290684812568244e-09
6.500792809145621e-09
7.984827308856655e-09
9.805036993347130e-09
1.203759072689408e-08
1.477549395268206e-08
1.813165646094831e-08
2.225369021369573e-08
2.729106551843037e-08
3.347215274873840e-08
4.104877834145493e-08
5.033064749058692e-08
6.170166906145971e-08
7.563191147720826e-08
9.269183868319866e-08
1.135830576306449e-07
1.391602782700804e-07
1.704741408708556e-07
2.088007470750173e-07
2.557105006462082e-07
3.130955384295309e-07
3.833080279874253e-07
4.691852769944715e-07
5.742142834636651e-07
7.026198901374654e-07
8.596115295066549e-07
1.051473489883546e-06
1.285977020579330e-06
1.572454134190841e-06
1.922394512132434e-06
2.349790754930585e-06
2.871598667121963e-06
3.508652373901522e-06
4.286121979068924e-06
5.234881274438982e-06
6.392253253912002e-06
7.803721801526953e-06
9.524886735985680e-06
1.162291451660859e-05
1.418067482037644e-05
1.729618194607669e-05
2.109124505430074e-05
2.571258409742343e-05
3.134005531436460e-05
3.818695778185209e-05
4.651860711639897e-05
5.665415143991750e-05
6.897830448510448e-05
8.396001303009706e-05
1.021619515417050e-04
1.242742057484757e-04
1.511344946065044e-04
1.837403499227990e-04
2.233003019488572e-04
2.712952880466534e-04
3.295048352400628e-04
4.000305626643185e-04
4.854953806090671e-04
5.890514368899195e-04
7.144155583439628e-04
8.660044156993811e-04
1.049416775480958e-03
1.271110236257668e-03
1.538964762217046e-03
1.862307402802116e-03
2.252745404780965e-03
2.723626087390130e-03
3.290906695541382e-03
3.973975852880037e-03
4.796624875827104e-03
5.784888092919944e-03
6.972163402396581e-03
8.397542297952061e-03
1.010684007181552e-02
1.215229143282502e-02
1.459905410265944e-02
1.752210919500051e-02
2.100796168123789e-02
2.516042554286493e-02
3.009246465559664e-02
3.594332567880026e-02
4.287094841086896e-02
5.104954887752539e-02
6.068338058241371e-02
7.199691769504214e-02
8.524025806869807e-02
1.006863728373581e-01
1.186233465418798e-01
1.393681712727261e-01
1.632232362834676e-01
1.904973843437021e-01
2.214775574222957e-01
2.564101786519118e-01
2.954424419025711e-01
3.386324381678985e-01
3.858701278272818e-01
4.368820231535278e-01
4.911283163990773e-01
5.478288311071041e-01
6.059182636581636e-01
6.640810677019322e-01
7.208173157255522e-01
7.745362561527054e-01
8.237126426619603e-01
8.670672359377716e-01
9.037286481079323e-01
9.333420633259419e-01
9.560975038284949e-01
9.726568562748484e-01
9.840092471543749e-01
9.912952893552598e-01
9.956381694525985e-01
9.980134885829012e-01
9.991823484447748e-01
9.996988061920754e-01
9.999019924127162e-01
9.999722277743395e-01
9.999932544519845e-01
9.999986192003842e-01
9.999997663682441e-01
9.999999680321255e-01
9.999999965504726e-01
9.999999997137468e-01
9.999999999823783e-01
9.999999999991939e-01
9.999999999999793e-01
9.999999999999983e-01
1.000000000000000e+00
9.999999999999999e-01
1.000000000000000e+00
1.000000000000000e+00
1.000000000000000e+00
1.000000000000000e+00
1.000000000000000e+00
1.000000000000000e+00
1.000000000000000e+00
1.000000000000000e+00
###3.400000000000001e+00
3.188447224727007e-10
4.567244940681277e-10
5.727400394553228e-10
7.126226622873787e-10
8.846944166260259e-10
1.096772696701019e-09
1.356182472023431e-09
1.674084706161904e-09
2.063965395645171e-09
2.542258718538442e-09
3.128875846794553e-09
3.848714718088756e-09
4.731755111663583e-09
5.814962859643769e-09
7.144004368949286e-09
8.773570179084745e-09
1.077190145603923e-08
1.322245550122358e-08
1.622712008832109e-08
1.990959159617013e-08
2.443160847695890e-08
2.995639965374907e-08
3.673413500579630e-08
4.504075436809396e-08
5.521424832451415e-08
6.767496117726510e-08
8.293697141664682e-08
1.016237239058562e-07
1.245016736084424e-07
1.525049182359513e-07
1.867807464581520e-07
2.287223081331068e-07
2.800447794239496e-07
3.428113553436809e-07
4.195896890576655e-07
5.134724211289539e-07
6.282617508584164e-07
7.685633054108604e-07
9.400516314382887e-07
1.149573491340396e-06
1.405583308050623e-06
1.718246390273668e-06
2.100060326918463e-06
2.566239319145203e-06
3.135228004584264e-06
3.829661560665766e-06
4.676871132433974e-06
5.710404129462730e-06
6.970750112453494e-06
8.507279504515636e-06
1.038025269565916e-05
1.266248038106555e-05
1.544378614459802e-05
1.883028815197001e-05
2.295380016841854e-05
2.797294166965920e-05
3.408228317431515e-05
4.151226880587025e-05
5.054955449438308e-05
6.153837762366647e-05
7.489365127651173e-05
9.112079868179794e-05
1.108256755767142e-04
1.347524397552348e-04
1.637987462008289e-04
1.990392686606037e-04
2.417705661234651e-04
2.935815618288466e-04
3.563795921685316e-04
4.324137514602848e-04
5.244906498551207e-04
6.359802515324155e-04
7.708460358393081e-04
9.337962379013005e-04
1.130805722781550e-03
1.368698553067010e-03
1.655906809375353e-03
2.002276684989023e-03
2.420118753631897e-03
2.923538742671314e-03
3.529372010642754e-03
4.258045024286103e-03
5.134624974377241e-03
6.186372759711518e-03
7.448311556488781e-03
8.961321805155058e-03
1.077318717805654e-02
1.293822885261187e-02
1.552402329616001e-02
1.860829623830800e-02
2.228026053683278e-02
2.664679412205973e-02
3.182337560621661e-02
3.795293319802757e-02
4.519569403366298e-02
5.372835608771252e-02
6.375706696050792e-02
7.550709374482392e-02
8.922806738810909e-02
1.051905563454456e-01
1.236779966698946e-01
1.450000201313382e-01
1.694468726642613e-01
1.973139288772171e-01
2.288678315654445e-01
2.643302071884038e-01
3.038198988777844e-01
3.473634657538446e-01
3.948166986428085e-01
4.458752678265078e-01
4.999730495071099e-01
5.563120296627365e-01
6.138274772028791e-01
6.712214969222307e-01
7.270341027469065e-01
7.797341550199649e-01
8.278681644552938e-01
8.702319059090754e-01
9.060169037595336e-01
9.349089384077965e-01
9.571109972022414e-01
9.732753127211995e-01
9.843641569930046e-01
9.914860768005853e-01
9.957337310829563e-01
9.980545150305942e-01
9.991971415114109e-01
9.997032946911721e-01
9.999030710412901e-01
9.999724026240094e-01
9.999932588588991e-01
9.999986108350348e-01
9.999997630964632e-01
9.999999672849215e-01
9.999999964318500e-01
9.999999997002373e-01
9.999999999812769e-01
9.999999999991304e-01
9.999999999999772e-01
9.999999999999982e-01
1.000000000000000e+00
9.999999999999999e-01
1.000000000000000e+00
1.000000000000000e+00
1.000000000000000e+00
1.000000000000000e+00
1.000000000000000e+00
1.000000000000000e+00
1.000000000000000e+00
1.000000000000000e+00
###3.600000000000001e+00
3.555299320402939e-10
5.015820012758259e-10
6.291465319557768e-10
7.828927433826754e-10
9.720145956135458e-10
1.205069574293548e-09
1.490079433780214e-09
1.839295469274152e-09
2.267522474788145e-09
2.792770629993257e-09
3.436832519757892e-09
4.227027635491431e-09
5.196211571979864e-09
6.384873597409131e-09
7.843055814417535e-09
9.630602354153296e-09
1.182224426337195e-08
1.450932851312705e-08
1.780335411066805e-08
2.183967316420482e-08
2.679534883204342e-08
3.284841189018736e-08
4.027264531070931e-08
4.937001120123777e-08
6.050907538502422e-08
7.414950006424031e-08
9.085286266141979e-08
1.112997675189313e-07
1.363266118880198e-07
1.669530750281653e-07
2.044306008052953e-07
2.502784390683784e-07
3.063676228476599e-07
3.749455066243957e-07
4.588115482980075e-07
5.613330445813765e-07
6.866510243776905e-07
8.397813172253801e-07
1.026894750886729e-06
1.255444605264828e-06
1.534619188659289e-06
1.875475469709197e-06
2.291592181034594e-06
2.799492596852721e-06
3.419213314308302e-06
4.175322680671016e-06
5.097458683157149e-06
6.222027729750405e-06
7.592903608311116e-06
9.263609600327978e-06
1.129937101125492e-05
1.377902535600427e-05
1.679980071663509e-05
2.047645146249704e-05
2.495145126685570e-05
3.039607440308354e-05
3.702050245791320e-05
4.507339819457442e-05
5.486401999044381e-05
6.676347411282426e-05
8.121803599461794e-05
9.877235697006302e-05
1.200777366539533e-04
1.459353784043572e-04
1.773064017928950e-04
2.153468803247042e-04
2.614453926005723e-04
3.173053026227935e-04
3.849679293080517e-04
4.668371883287774e-04
5.659123577924204e-04
6.857913508129410e-04
8.306979241698891e-04
1.005638704013684e-03
1.216988266016400e-03
1.471945966490024e-03
1.779521022132131e-03
2.150099112609345e-03
2.596718999800845e-03
3.134270768921870e-03
3.780496058187582e-03
4.556891429508322e-03
5.489835262990321e-03
6.607846397938978e-03
7.947611731636484e-03
9.551838150715548e-03
1.147031242544188e-02
1.375946661878283e-02
1.648933226618210e-02
1.974039158382699e-02
2.360457272448936e-02
2.819180930861939e-02
3.362007189846968e-02
4.003588059231130e-02
4.760171532400346e-02
5.649660431809887e-02
6.692844187252815e-02
7.912308808182046e-02
9.332946866515214e-02
1.098154913344149e-01
1.288596349913904e-01
1.507638951480316e-01
1.758062459943127e-01
2.042681633009511e-01
2.363960629593509e-01
2.723869945533822e-01
3.123317874720639e-01
3.562260873922736e-01
4.038926018548552e-01
4.549971586593429e-01
5.089485081803397e-01
5.649320516267672e-01
6.218837345075972e-01
6.785229025773700e-01
7.334276261433256e-01
7.851232418727918e-01
8.322242913508334e-01
8.735976725978047e-01
9.084955773537082e-01
9.366446372587702e-01
9.582637030962967e-01
9.739998999521950e-01
9.847935406340034e-01
9.917247321075907e-01
9.958572389330471e-01
9.981105481547190e-01
9.992192468344043e-01
9.997109471493242e-01
9.999053510207702e-01
9.999729723062489e-01
9.999933738579236e-01
9.999986284323710e-01
9.999997648361898e-01
9.999999673154683e-01
9.999999964078645e-01
9.999999996955071e-01
9.999999999807778e-01
9.999999999990969e-01
9.999999999999759e-01
9.999999999999981e-01
1.000000000000000e+00
9.999999999999999e-01
1.000000000000000e+00
1.000000000000000e+00
1.000000000000000e+00
1.000000000000000e+00
1.000000000000000e+00
1.000000000000000e+00
1.000000000000000e+00
1.000000000000000e+00
###3.800000000000001e+00
3.953216987402508e-10
5.503880093131084e-10
6.905121743819974e-10
8.593325248923422e-10
1.066991868331010e-09
1.322848558448008e-09
1.635680046370748e-09
2.018920223766263e-09
2.488803685500916e-09
3.065050156023298e-09
3.771488979579103e-09
4.638060587721544e-09
5.700740105979344e-09
7.003829370795454e-09
8.602108299615172e-09
1.056099449681893e-08
1.296224104275861e-08
1.590572748500906e-08
1.951334363033730e-08
2.393303738389832e-08
2.935844241071507e-08
3.598353855236587e-08
4.410764772223876e-08
5.406079253707664e-08
6.624455381086982e-08
8.116098696292415e-08
9.942288715165822e-08
1.217724701680289e-07
1.491215026278825e-07
1.825818304622731e-07
2.235170510637286e-07
2.735821377663584e-07
3.348157738888583e-07
4.096633654564980e-07
5.011742033625138e-07
6.130087636931123e-07
7.496739685187988e-07
9.166254317001430e-07
1.120570946067372e-06
1.369600222045306e-06
1.673702948619846e-06
2.044886350984243e-06
2.497887231576939e-06
3.050630404765602e-06
3.724865341914612e-06
4.547197277442692e-06
5.549760627061264e-06
6.772004573180405e-06
8.261416419771833e-06
1.007594845318312e-05
1.228615136780176e-05
1.497720531367630e-05
1.825428069225505e-05
2.224132102492366e-05
2.709212678843040e-05
3.299143223064712e-05
4.016597933418324e-05
4.888376382209371e-05
5.947806578348885e-05
7.234830372736554e-05
8.797434321418164e-05
1.069416251905305e-04
1.299499230821557e-04
1.578606439928161e-04
1.917019221664501e-04
2.327153841822305e-04
2.823869609002067e-04
3.425382491817500e-04
4.153553791522426e-04
5.034012147275378e-04
6.098780134578339e-04
7.386221328325335e-04
8.941298646596864e-04
1.081718451208511e-03
1.308178846012866e-03
1.581103761783048e-03
1.910098074230312e-03
2.306109915274787e-03
2.782931775196878e-03
3.356264475540138e-03
4.044784530514155e-03
4.871091219506048e-03
5.862910059157559e-03
7.050048968478019e-03
8.470897326784124e-03
1.017002525562018e-02
1.219908962477240e-02
1.461716219342563e-02
1.749626001796548e-02
2.091979938501858e-02
2.498242953590564e-02
2.979712938566420e-02
3.548433284653827e-02
4.219406464142005e-02
5.009101153636378e-02
5.935637937343096e-02
7.019965501571730e-02
8.284708568611986e-02
9.754664719755680e-02
1.145633195812218e-01
1.341703102827008e-01
1.566616929430106e-01
1.823030091654761e-01
2.113614263859404e-01
2.440631624435131e-01
2.805808660038352e-01
3.209776504166255e-01
3.652188113413216e-01
4.130949560147436e-01
4.642430061495061e-01
5.180477006728548e-01
5.736789835577346e-01
6.300736730464519e-01
6.859680370002407e-01
7.399766237217871e-01
7.906785894916103e-01
8.367533411637407e-01
8.771356409549846e-01
9.111364885857520e-01
9.385235850780567e-01
9.595342344668286e-01
9.748140769821309e-01
9.852856566403269e-01
9.920036018319321e-01
9.960041329613821e-01
9.981791531500775e-01
9.992475113960855e-01
9.997212830838595e-01
9.999086583383361e-01
9.999738829882553e-01
9.999935854979394e-01
9.999986690334384e-01
9.999997710883102e-01
9.999999680596561e-01
9.999999964726346e-01
9.999999996992331e-01
9.999999999808771e-01
9.999999999990942e-01
9.999999999999755e-01
9.999999999999981e-01
1.000000000000000e+00
9.999999999999999e-01
1.000000000000000e+00
1.000000000000000e+00
1.000000000000000e+00
1.000000000000000e+00
1.000000000000000e+00
1.000000000000000e+00
1.000000000000000e+00
1.000000000000000e+00
###4.000000000000001e+00
4.384579460374209e-10
6.034417663804410e-10
7.572132032132018e-10
9.424097696501612e-10
1.170206228107933e-09
1.450826966044363e-09
1.793868005205674e-09
2.214044934783919e-09
2.729141121262448e-09
3.360728847747124e-09
4.134840643928113e-09
5.084252195983401e-09
6.248316897407613e-09
7.675460523835944e-09
9.425587839652185e-09
1.157013865248152e-08
1.419845709626221e-08
1.741964235794363e-08
2.136680804063064e-08
2.620150158985031e-08
3.213525818730600e-08
3.937922868556656e-08
4.826033175625019e-08
5.913882042671475e-08
7.245189351761093e-08
8.874727673923166e-08
1.086929445209255e-07
1.330974642218016e-07
1.629537474462094e-07
1.994728115269043e-07
2.441389153689857e-07
2.987529813928376e-07
3.655338758647488e-07
4.471398366557638e-07
5.468916967017128e-07
6.687549309923808e-07
8.176388932899907e-07
9.994675290343165e-07
1.221525333991238e-06
1.492581501803238e-06
1.823486699674471e-06
2.227264453753635e-06
2.719890939190390e-06
3.320790257112851e-06
4.053543863439819e-06
4.946928930355804e-06
6.035750599831126e-06
7.362703365573262e-06
8.979129399926741e-06
1.094770098832454e-05
1.334464827043036e-05
1.626192598219463e-05
1.981306182673851e-05
2.413186923579009e-05
2.938415069033738e-05
3.576896077985974e-05
4.353056755727151e-05
5.295747976832538e-05
6.440839137368786e-05
7.831273468586823e-05
9.518597104266945e-05
1.156565285907083e-04
1.404754084785236e-04
1.705674747766442e-04
2.070316926335607e-04
2.511996202070531e-04
3.046593590439156e-04
3.693576444881156e-04
4.476310182523304e-04
5.422100848374967e-04
6.565098663429775e-04
7.946151418795728e-04
9.613076853569829e-04
1.162228826508361e-03
1.404602019580147e-03
1.696431897821030e-03
2.047938429067697e-03
2.470655331321808e-03
2.979155033759366e-03
3.589975895700979e-03
4.322758319706089e-03
5.201237281247733e-03
6.254521966789045e-03
7.513740247229105e-03
9.019022996776765e-03
1.081683930764412e-02
1.296072991452067e-02
1.551249720559431e-02
1.854611088090337e-02
2.214794935773176e-02
2.641540446132140e-02
3.146443604676954e-02
3.741795843528100e-02
4.442939808562307e-02
5.266559162466210e-02
6.230976792247039e-02
7.357284520002889e-02
8.668124534006598e-02
1.018817424911516e-01
1.194361127299839e-01
1.396119709825671e-01
1.626951729980350e-01
1.889386373985718e-01
2.185948294115498e-01
2.518697586776769e-01
2.889118089654726e-01
3.297566396301296e-01
3.743397110414375e-01
4.224204254311966e-01
4.736076820681444e-01
5.272632510586277e-01
5.825426887393438e-01
6.383839375296276e-01
6.935399832566294e-01
7.466605605053251e-01
7.963764217449150e-01
8.414291722044849e-01
8.808187203857654e-01
9.139133345339020e-01
9.405219932028027e-01
9.609026067454413e-01
9.757023505719935e-01
9.858294719479554e-01
9.923154027051945e-01
9.961700347730069e-01
9.982579558445065e-01
9.992807872163328e-01
9.997338115404317e-01
9.999128099210436e-01
9.999750755948028e-01
9.999938776510713e-01
9.999987289850717e-01
9.999997811777207e-01
9.999999694187394e-01
9.999999966150790e-01
9.999999997104959e-01
9.999999999815206e-01
9.999999999991203e-01
9.999999999999760e-01
9.999999999999982e-01
1.000000000000000e+00
9.999999999999999e-01
1.000000000000000e+00
1.000000000000000e+00
1.000000000000000e+00
1.000000000000000e+00
1.000000000000000e+00
1.000000000000000e+00
1.000000000000000e+00
1.000000000000000e+00
###4.200000000000001e+00
4.851920203073800e-10
6.610620447272911e-10
8.296504153965905e-10
1.032622448227605e-09
1.282275424938281e-09
1.589768682078117e-09
1.965584332698817e-09
2.425825827452779e-09
2.989952794966774e-09
3.681543170017706e-09
4.529010810536058e-09
5.568195692576251e-09
6.842107454053824e-09
8.403627639118927e-09
1.031819975882256e-08
1.266376584176597e-08
1.553786844401608e-08
1.905956074793269e-08
2.337406925803242e-08
2.865761230350700e-08
3.514104717233300e-08
4.305399749965425e-08
5.275318065913129e-08
6.463137243044429e-08
7.916418166467709e-08
9.694849960573449e-08
1.187116648781387e-07
1.453336726153777e-07
1.778947094516217e-07
2.177124161740269e-07
2.664007529958831e-07
3.259174540371373e-07
3.986748736469628e-07
4.875597830828988e-07
5.961841749811062e-07
7.288412422585945e-07
8.908712899640721e-07
1.088700313701337e-06
1.330230537444006e-06
1.624959169866145e-06
1.984657935487268e-06
2.423437493514332e-06
2.958599289392651e-06
3.611169922983627e-06
4.406686546840850e-06
5.376246868062654e-06
6.557504338078154e-06
7.996614247317179e-06
9.749027744506793e-06
1.188244342686347e-05
1.447913327111344e-05
1.763827286946059e-05
2.148226536130769e-05
2.615540659235049e-05
3.183624711425999e-05
3.873912479555988e-05
4.712673728443272e-05
5.730938963752052e-05
6.967268819382093e-05
8.467758003938358e-05
1.028775540211849e-04
1.249463673681636e-04
1.516888132085955e-04
1.840968010063922e-04
2.233441935560768e-04
2.708571884055048e-04
3.283298215000314e-04
3.978444933632653e-04
4.818879403763262e-04
5.833723668228271e-04
7.059355252967832e-04
8.539183197528889e-04
1.032403750320452e-03
1.247370128468555e-03
1.506474085329816e-03
1.818218940991462e-03
2.193352830758169e-03
2.644093045220128e-03
3.185799539685701e-03
3.835875324266096e-03
4.614954129340616e-03
5.547939951928560e-03
6.665362736309056e-03
7.999700962018092e-03
9.592866184495242e-03
1.149326223708406e-02
1.375635927883431e-02
1.644668233665961e-02
1.964021682166812e-02
2.342629850054141e-02
2.790506380584844e-02
3.319543486146112e-02
3.942276923952896e-02
4.674380896093624e-02
5.532747286922225e-02
6.535885536630985e-02
7.705013738746797e-02
9.062769578831545e-02
1.063368435782888e-01
1.244358667098171e-01
1.451864590464741e-01
1.688659512103622e-01
1.957144215848363e-01
2.259692503597909e-01
2.598161940431684e-01
2.973794713940336e-01
3.386675180896934e-01
3.835864316241893e-01
4.318652311376613e-01
4.830856345226850e-01
5.365874352500503e-01
5.915128214727470e-01
6.468011629524030e-01
7.012221438767556e-01
7.534595929470339e-01
8.021940491017392e-01
8.462270916439650e-01
8.846215200871772e-01
9.168017719574768e-01
9.426177435236917e-01
9.623504092733981e-01
9.766502913548598e-01
9.864145821411504e-01
9.926532899325116e-01
9.963508092559132e-01
9.983446936127754e-01
9.993179649588628e-01
9.997480497410191e-01
9.999176212466840e-01
9.999764893169185e-01
9.999942332429421e-01
9.999988042501996e-01
9.999997943269001e-01
9.999999712723275e-01
9.999999968205946e-01
9.999999997279549e-01
9.999999999826173e-01
9.999999999991708e-01
9.999999999999774e-01
9.999999999999983e-01
1.000000000000000e+00
9.999999999999999e-01
1.000000000000000e+00
1.000000000000000e+00
1.000000000000000e+00
1.000000000000000e+00
1.000000000000000e+00
1.000000000000000e+00
1.000000000000000e+00
1.000000000000000e+00
###4.400000000000001e+00
5.357935561297790e-10
7.235882621006113e-10
9.082505245792254e-10
1.130501746873578e-09
1.403857081239107e-09
1.740486777663980e-09
2.151830517838701e-09
2.655493242798251e-09
3.272747353320462e-09
4.029340235070228e-09
4.956257615207348e-09
6.092648569244457e-09
7.485476820996511e-09
9.192433565775193e-09
1.128494361538545e-08
1.384796367483648e-08
1.698788359845045e-08
2.083449406679018e-08
2.554608326650175e-08
3.131468309988352e-08
3.839198785997228e-08
4.702748098934362e-08
5.761001562871930e-08
7.056736024107848e-08
8.641647715455660e-08
1.058071443925442e-07
1.295305441733771e-07
1.585434707820326e-07
1.940199094496925e-07
2.373920449488392e-07
2.904131380544050e-07
3.552092682756056e-07
4.344004039922357e-07
5.311184929771175e-07
6.492875066047470e-07
7.935524026557754e-07
9.697146736916176e-07
1.184738069996716e-06
1.447185953508039e-06
1.767334849082036e-06
2.157941090463160e-06
2.634277321941660e-06
3.215060958076584e-06
3.923030024692207e-06
4.785807962338917e-06
5.836969530982008e-06
7.117203728150915e-06
8.676353570464115e-06
1.057424654487766e-05
1.288392975388439e-05
1.569408565222214e-05
1.911161657635534e-05
2.326830783895146e-05
2.831959274005783e-05
3.445755201035889e-05
4.191272272670970e-05
5.096733907432445e-05
6.195476978673960e-05
7.528912620741124e-05
9.146458156715740e-05
1.110748706170149e-04
1.348419191209014e-04
1.636262710297292e-04
1.984912793369793e-04
2.406896626350762e-04
2.917465050654607e-04
3.534688882406435e-04
4.280751743588659e-04
5.182214501966736e-04
6.270012697212748e-04
7.582852346915211e-04
9.166852752389734e-04
1.107596657867067e-03
1.337349730329083e-03
1.614049103089311e-03
1.946726684088099e-03
2.346662394608092e-03
2.826792354489296e-03
3.403298246116604e-03
4.094447462590985e-03
4.921924513047354e-03
5.911826958281262e-03
7.096143056703085e-03
8.508732313273521e-03
1.019332626308227e-02
1.220029921349271e-02
1.458709370406821e-02
1.742095325756797e-02
2.077993502061945e-02
2.475632842053088e-02
2.945300981435017e-02
3.499185215071002e-02
4.150060317127122e-02
4.913923694269676e-02
5.807867667522245e-02
6.850572099958059e-02
8.063363712804773e-02
9.468852942553403e-02
1.109139818957353e-01
1.295644939621339e-01
1.508955015814258e-01
1.751754914169485e-01
2.026314597193276e-01
2.334853263729951e-01
2.679025188844794e-01
3.059831586458807e-01
3.477086603352938e-01
3.929561950984364e-01
4.414251607047283e-01
4.926706707492807e-01
5.460121936020904e-01
6.005788402145436e-01
6.553119529576841e-01
7.089982300364774e-01
7.603545378224963e-01
8.081098125740628e-01
8.511237753197647e-01
8.885202535616503e-01
9.197787690926762e-01
9.447903158822587e-01
9.638602581264560e-01
9.776445319308741e-01
9.870313699985861e-01
9.930109200229451e-01
9.965426090286087e-01
9.984372512796211e-01
9.993579988538467e-01
9.997635375235229e-01
9.999229141632544e-01
9.999780645333943e-01
9.999946352112797e-01
9.999988907394173e-01
9.999998097227150e-01
9.999999734904023e-01
9.999999970728788e-01
9.999999997500383e-01
9.999999999840554e-01
9.999999999992399e-01
9.999999999999793e-01
9.999999999999984e-01
1.000000000000000e+00
9.999999999999999e-01
1.000000000000000e+00
1.000000000000000e+00
1.000000000000000e+00
1.000000000000000e+00
1.000000000000000e+00
1.000000000000000e+00
1.000000000000000e+00
1.000000000000000e+00
###4.600000000000001e+00
5.905495162350473e-10
7.913815902195335e-10
9.934676522976755e-10
1.236611995982674e-09
1.535650899483107e-09
1.903846297530400e-09
2.353671899995030e-09
2.904355756143555e-09
3.579129088636134e-09
4.406083811249443e-09
5.418981417221937e-09
6.660541029684489e-09
8.182000420388838e-09
1.004623666682503e-08
1.233112905038661e-08
1.512919576082271e-08
1.855636663370884e-08
2.275400535635640e-08
2.789447362818226e-08
3.418683492254412e-08
4.190523517482138e-08
5.132049420712117e-08
6.285608970420662e-08
7.697741370762161e-08
9.424591119662015e-08
1.153682044653265e-07
1.412040889104316e-07
1.727928601270648e-07
2.114092331702135e-07
2.586083492287779e-07
3.162929572536856e-07
3.867697283908132e-07
4.728812226740196e-07
5.780222081259487e-07
7.064506932278791e-07
8.631888568424244e-07
1.054531426740777e-06
1.288017664572095e-06
1.572918006163559e-06
1.920342481277778e-06
2.344099214390211e-06
2.860701918243998e-06
3.490379665444037e-06
4.257696819228574e-06
5.192500867933850e-06
6.331003970999090e-06
7.717141373852631e-06
9.404669291154310e-06
1.145807715249076e-05
1.395609932317871e-05
1.699422939449039e-05
2.068758771954562e-05
2.517791323666974e-05
3.063245041771768e-05
3.725762933085051e-05
4.530114568622722e-05
5.506592773720089e-05
6.690973310251514e-05
8.127680685844884e-05
9.869644039378904e-05
1.198048231388550e-04
1.453746764943707e-04
1.763255240928939e-04
2.137955260012303e-04
2.591210046391444e-04
3.139292851624473e-04
3.801479843382965e-04
4.601377280621248e-04
5.567313548314370e-04
6.732125868912952e-04
8.136954065333697e-04
9.830758296343551e-04
1.187071449629052e-03
1.432382423374789e-03
1.727579076516066e-03
2.082238799087159e-03
2.508198539200175e-03
3.019134317183160e-03
3.632079611938074e-03
4.366191585818949e-03
5.244238068451518e-03
6.293543603098109e-03
7.547592720754200e-03
9.041656098351647e-03
1.082132459627378e-02
1.293897857987794e-02
1.545407345846257e-02
1.843657028176189e-02
2.196664741930890e-02
2.613954478513457e-02
3.106087082220002e-02
3.685530956088290e-02
4.365331368689596e-02
5.161763095995400e-02
6.092122549165384e-02
7.175243418036595e-02
8.432542591701597e-02
9.886579675104809e-02
1.156151249403012e-01
1.348238162985727e-01
1.567407030790100e-01
1.816250973388074e-01
2.096906486534419e-01
2.411434462464296e-01
2.761284852752456e-01
3.147218291117848e-01
3.568780500453020e-01
4.024458000162531e-01
4.510955595208164e-01
5.023556529627928e-01
5.555291132838895e-01
6.097300110474032e-01
6.639031230704575e-01
7.168522556006356e-01
7.673268452710525e-01
8.141031038057155e-01
8.560971967572688e-01
8.924926530700605e-01
9.228230629252849e-01
9.470207176063125e-01
9.654162610137219e-01
9.786727591278780e-01
9.876709944312703e-01
9.933824196121886e-01
9.967419038723383e-01
9.985336863058993e-01
9.993999226314687e-01
9.997798480805964e-01
9.999285225949653e-01
9.999797451046019e-01
9.999950673257613e-01
9.999989845063142e-01
9.999998265731843e-01
9.999999759443295e-01
9.999999973554491e-01
9.999999997751251e-01
9.999999999857162e-01
9.999999999993212e-01
9.999999999999818e-01
9.999999999999986e-01
1.000000000000000e+00
9.999999999999999e-01
1.000000000000000e+00
1.000000000000000e+00
1.000000000000000e+00
1.000000000000000e+00
1.000000000000000e+00
1.000000000000000e+00
1.000000000000000e+00
1.000000000000000e+00
###4.800000000000002e+00
6.497572876286541e-10
8.648261779167797e-10
1.085784785519335e-09
1.351553349171955e-09
1.678400980493217e-09
2.080767066080205e-09
2.572241155115199e-09
3.173804412856202e-09
3.910803141072113e-09
4.813860859640020e-09
5.919732471390107e-09
7.274986908101146e-09
8.935423250236026e-09
1.096966434427421e-08
1.346239227118081e-08
1.651432152960019e-08
2.025166127125649e-08
2.482823836130769e-08
3.043156648590228e-08
3.728903824191176e-08
4.569897134833383e-08
5.595509224219540e-08
6.851815283809949e-08
8.389396871229462e-08
1.026917927645466e-07
1.256792999615769e-07
1.537899674392390e-07
1.881516490297745e-07
2.301471469482673e-07
2.814634904261000e-07
3.441637393266496e-07
4.207480959315551e-07
5.142976466171366e-07
6.284885777861260e-07
7.679364895843643e-07
9.380675332952032e-07
1.145703674807550e-06
1.398999600472263e-06
1.707981397274269e-06
2.084650527872406e-06
2.543935776616949e-06
3.103677477284686e-06
3.785716650119924e-06
4.616565150161706e-06
5.628449049351335e-06
6.860362458843396e-06
8.359725422285803e-06
1.018444663189096e-05
1.240397384256409e-05
1.510308475652193e-05
1.838450911467145e-05
2.237208781343620e-05
2.721812561686636e-05
3.310238017876484e-05
4.024648868487714e-05
4.891630971828198e-05
5.943667562391625e-05
7.219111794128970e-05
8.765571701386473e-05
1.063968547222371e-04
1.290954792837919e-04
1.565778465227189e-04
1.898260756501265e-04
2.300557985222182e-04
2.786920749546332e-04
3.374697293152841e-04
4.084425499185974e-04
4.941221401203171e-04
5.975213189393465e-04
7.221275149628047e-04
8.723075073448119e-04
1.053256977272871e-03
1.271019748439177e-03
1.532690459382686e-03
1.847321186905674e-03
2.225052389910048e-03
2.678303325366369e-03
3.221519205468636e-03
3.872591789084260e-03
4.651621471090492e-03
5.582479441964476e-03
6.693752721614289e-03
8.020460512766558e-03
9.599314484790570e-03
1.147780414727247e-02
1.371035123476999e-02
1.635846212173505e-02
1.949481695036851e-02
2.320175849542334e-02
2.757747401564978e-02
3.273028998591870e-02
3.878747239915901e-02
4.588275784939470e-02
5.418094165002459e-02
6.385713522444129e-02
7.510104687515229e-02
8.812755337675345e-02
1.031614981797351e-01
1.204421676000701e-01
1.402155558712996e-01
1.627235362846274e-01
1.882159037738582e-01
2.168926759901869e-01
2.489437440835877e-01
2.844935437225133e-01
3.235940951716682e-01
3.661732880529989e-01
4.120516388141275e-01
4.608713777732479e-01
5.121350488917359e-01
5.651295118797420e-01
6.189554544493784e-01
6.725614234300159e-01
7.247686695915369e-01
7.743586029404296e-01
8.201544199980427e-01
8.611265896716962e-01
8.965179129740430e-01
9.259149734732198e-01
9.492914394329498e-01
9.670038686067765e-01
9.797237125458872e-01
9.883253936964325e-01
9.937624055224960e-01
9.969454997376955e-01
9.986322466899545e-01
9.994428660950621e-01
9.997965956123446e-01
9.999342961327571e-01
9.999814800311905e-01
9.999955147962658e-01
9.999990819368016e-01
9.999998441479822e-01
9.999999785147606e-01
9.999999976528946e-01
9.999999998016837e-01
9.999999999874861e-01
9.999999999994085e-01
9.999999999999843e-01
9.999999999999987e-01
1.000000000000000e+00
9.999999999999999e-01
1.000000000000000e+00
1.000000000000000e+00
1.000000000000000e+00
1.000000000000000e+00
1.000000000000000e+00
1.000000000000000e+00
1.000000000000000e+00
1.000000000000000e+00
###5.000000000000002e+00
7.137466666662663e-10
9.443304561526477e-10
1.185715798222990e-09
1.475964347288528e-09
1.832898306308025e-09
2.272226892494672e-09
2.808742005373612e-09
3.465317315996789e-09
4.269581101597558e-09
5.254888087961775e-09
6.461219092437977e-09
7.939291527435160e-09
9.749814977556689e-09
1.196762755338955e-08
1.468471356486778e-08
1.801061789881876e-08
2.208261636817165e-08
2.706794821865114e-08
3.317042767738560e-08
4.063715753906881e-08
4.979245864658793e-08
6.095463453671675e-08
7.462452899190641e-08
9.135135985595573e-08
1.117957197527024e-07
1.367908089474792e-07
1.673491695945123e-07
2.046936439797317e-07
2.503229271019228e-07
3.060654132648991e-07
3.741559380886387e-07
4.573019784861929e-07
5.588399928302319e-07
6.827471767938232e-07
8.340220649282740e-07
1.018522634333810e-06
1.243634234505999e-06
1.518169141043938e-06
1.852960460514623e-06
2.260964981288933e-06
2.758296521858539e-06
3.364220637769199e-06
4.102293304959468e-06
5.001101543927260e-06
6.095404968850836e-06
7.427156202477170e-06
9.047484693462922e-06
1.101871409573895e-05
1.341556087166843e-05
1.632922015192369e-05
1.987010380018665e-05
2.417130057787879e-05
2.939632253210371e-05
3.573817624047321e-05
4.343460378001239e-05
5.277067741681214e-05
6.409439787976214e-05
7.781651766191481e-05
9.444672916016458e-05
1.145905601994896e-04
1.389761203103851e-04
1.684860536785051e-04
2.041684436151494e-04
2.473206809573713e-04
2.994596667357875e-04
3.624346244052195e-04
4.384310237236740e-04
5.301187976056826e-04
6.406989984430395e-04
7.738718320121810e-04
9.342682568854121e-04
1.127396555735120e-03
1.359640301462853e-03
1.638503873404574e-03
1.973541456907967e-03
2.375474554078488e-03
2.857330318635681e-03
3.434380703101306e-03
4.125299250315589e-03
4.951266380241548e-03
5.937250228781689e-03
7.113135577700234e-03
8.515515146333291e-03
1.018257102220602e-02
1.216373060978769e-02
1.451549194995503e-02
1.730144818930479e-02
2.059700213502738e-02
2.448669841052532e-02
2.907166797524105e-02
3.446293865493611e-02
4.079043243898701e-02
4.819081650147584e-02
5.683112976479506e-02
6.688842167363196e-02
7.855359758457979e-02
9.204203962549520e-02
1.075775849483682e-01
1.253969318480731e-01
1.457413338081764e-01
1.688453400822716e-01
1.949488741130754e-01
2.242380175332050e-01
2.568860976472446e-01
2.929968430170806e-01
3.325982256193573e-01
3.755915976558005e-01
4.217697071880994e-01
4.707471794592035e-01
5.220017360566255e-01
5.748044476484767e-01
6.282441612585848e-01
6.812736658082434e-01
7.327320115696676e-01
7.814325114912664e-01
8.262446000921114e-01
8.661923771513750e-01
9.005766195582944e-01
9.290362906621648e-01
9.515863967136917e-01
9.686097943719510e-01
9.807871645350095e-01
9.889872836007395e-01
9.941461854342071e-01
9.971505526274110e-01
9.987313771476540e-01
9.994860568436164e-01
9.998134400861126e-01
9.999401025236059e-01
9.999832245572033e-01
9.999959646700065e-01
9.999991798711515e-01
9.999998618096803e-01
9.999999810975665e-01
9.999999979517660e-01
9.999999998283762e-01
9.999999999892654e-01
9.999999999994964e-01
9.999999999999869e-01
9.999999999999989e-01
1.000000000000000e+00
9.999999999999999e-01
1.000000000000000e+00
1.000000000000000e+00
1.000000000000000e+00
1.000000000000000e+00
1.000000000000000e+00
1.000000000000000e+00
1.000000000000000e+00
1.000000000000000e+00
###5.200000000000002e+00
7.828635541879670e-10
1.030328432924215e-09
1.293807934993337e-09
1.610523221217572e-09
1.999983287229502e-09
2.479264355341686e-09
3.064453079937640e-09
3.780464283471579e-09
4.657371035480827e-09
5.731518948271543e-09
7.046316182635564e-09
8.656962908928719e-09
1.062946214984961e-08
1.304533610840818e-08
1.600443547091000e-08
1.962580034140642e-08
2.405861198963425e-08
2.948453277568058e-08
3.612490060451419e-08
4.424799641810291e-08
5.420609475079989e-08
6.634384959502344e-08
8.120519383857470e-08
9.938591350076134e-08
1.216016903165730e-07
1.487560005329472e-07
1.819461657446501e-07
2.224968394789396e-07
2.720308863940984e-07
3.325281157992667e-07
4.064072864098600e-07
4.965977149296234e-07
6.067090391427739e-07
7.410404603222483e-07
9.049996466318797e-07
1.104906395992572e-06
1.348747494796862e-06
1.646037367606354e-06
2.008470382688164e-06
2.450022391313998e-06
2.988071186317576e-06
3.643400526240425e-06
4.441393583686260e-06
5.412846947280010e-06
6.595215273479497e-06
8.033600815889433e-06
9.783073269119642e-06
1.191064886751128e-05
1.449663882855418e-05
1.763904170707397e-05
2.145643965721159e-05
2.609170198662522e-05
3.172022667155348e-05
3.854903994185614e-05
4.683292789768953e-05
5.687727553234197e-05
6.905457270694633e-05
8.380430361610189e-05
1.016716272973653e-04
1.233033587015173e-04
1.494772724837421e-04
1.811353713549130e-04
2.193951158198589e-04
2.656397996044114e-04
3.214828454832836e-04
3.888933904988970e-04
4.701948665960286e-04
5.682223602514701e-04
6.863760540506556e-04
8.285759466498638e-04
9.997296603461473e-04
1.205670791094860e-03
1.453143636300354e-03
1.750062963770183e-03
2.106523607927254e-03
2.533821705848339e-03
3.045644015355043e-03
3.658099918740824e-03
4.390679881173916e-03
5.265670651915463e-03
6.309168568046601e-03
7.552391470323833e-03
9.033515353704502e-03
1.079231005000596e-02
1.288009162443673e-02
1.535549831096855e-02
1.828424359323119e-02
2.174445799437127e-02
2.582291994804557e-02
3.062369950978780e-02
3.626050601075004e-02
4.286590833680348e-02
5.057937823314028e-02
5.957015650718846e-02
7.001709102708070e-02
8.211210219967752e-02
9.607086586014937e-02
1.121159493315057e-01
1.304811565223447e-01
1.514026596345152e-01
1.751073087415753e-01
2.018247897451165e-01
2.317269270892815e-01
2.649702561110236e-01
3.016372233090028e-01
3.417321412784569e-01
3.851298233912184e-01
4.315956061559506e-01
4.807171416255601e-01
5.319482535742028e-01
5.845447175192463e-01
6.375850022631374e-01
6.900267395183042e-01
7.407272372528887e-01
7.885318712995674e-01
8.323557553422695e-01
8.712761308023307e-01
9.046506949275794e-01
9.321702149642095e-01
9.538908746725793e-01
9.702219729320194e-01
9.818538946706051e-01
9.896501460267961e-01
9.945295356815212e-01
9.973545719427773e-01
9.988297260087209e-01
9.995288269881197e-01
9.998300894713761e-01
9.999458289740049e-01
9.999849408624298e-01
9.999964060580848e-01
9.999992756720790e-01
9.999998790305442e-01
9.999999836071490e-01
9.999999982411070e-01
9.999999998541172e-01
9.999999999909750e-01
9.999999999995804e-01
9.999999999999895e-01
9.999999999999990e-01
1.000000000000000e+00
9.999999999999999e-01
1.000000000000000e+00
1.000000000000000e+00
1.000000000000000e+00
1.000000000000000e+00
1.000000000000000e+00
1.000000000000000e+00
1.000000000000000e+00
1.000000000000000e+00
###5.400000000000002e+00
8.574737951322295e-10
1.123281074873356e-09
1.410638929768780e-09
1.755950280241477e-09
2.180548385338785e-09
2.702982348915503e-09
3.340731898557484e-09
4.120911721629938e-09
5.076225981683163e-09
6.246250858742721e-09
7.678073944779561e-09
9.431722225836046e-09
1.157890012852232e-08
1.420831398814350e-08
1.742828146927178e-08
2.136804577257089e-08
2.618958676211494e-08
3.209006554234682e-08
3.930964426415768e-08
4.813934520913812e-08
5.896146954825883e-08
7.214861767752360e-08
8.829185651025695e-08
1.080360469085037e-07
1.321562219202876e-07
1.616311776971428e-07
1.976490778914252e-07
2.416436228295788e-07
2.953706188593420e-07
3.609719420711647e-07
4.410631405207339e-07
5.388107914928321e-07
6.581165835356337e-07
8.036238640360435e-07
9.811772246471711e-07
1.197589925745372e-06
1.461490429110744e-06
1.783142363069937e-06
2.175158609140320e-06
2.652601311146783e-06
3.234195472743655e-06
3.942341095686143e-06
4.804366761709378e-06
5.853420206541914e-06
7.129820973082286e-06
8.682021900982407e-06
1.056927580563270e-05
1.286358300568961e-05
1.565119172381873e-05
1.903728295748151e-05
2.314919984882555e-05
2.814007199615130e-05
3.419791964077075e-05
4.154459584235954e-05
5.045291285690249e-05
6.124971724115060e-05
7.433336715658176e-05
9.017365523785034e-05
1.093531420545931e-04
1.325621594529302e-04
1.606307553306973e-04
1.945633809023434e-04
2.355504200307227e-04
2.850653776239126e-04
3.448230448807456e-04
4.169181962227605e-04
5.038187529308986e-04
6.085385477458028e-04
7.346684053101771e-04
8.863750790315571e-04
1.068849208699975e-03
1.288262835938462e-03
1.551737052391258e-03
1.867611551583719e-03
2.246543957071220e-03
2.700418334938529e-03
3.243621037545236e-03
3.893107247150307e-03
4.669224965990365e-03
5.595393455554683e-03
6.698868636606379e-03
8.012235940004442e-03
9.575156793695168e-03
1.142943384330439e-02
1.362789538239054e-02
1.623148940240112e-02
1.930808249245886e-02
2.293853873237176e-02
2.721189717949344e-02
3.223516098793449e-02
3.812469761443037e-02
4.501570583518441e-02
5.305033740774488e-02
6.239998079302945e-02
7.324513646530614e-02
8.577855001200960e-02
1.002159697443493e-01
1.167784195511855e-01
1.356964918871980e-01
1.572009258699521e-01
1.815104872330403e-01
2.088442470650951e-01
2.393594415201081e-01
2.731960439578076e-01
3.104132323119361e-01
3.509934244929271e-01
3.947844432042172e-01
4.415245572401673e-01
4.907750739156424e-01
5.419668244869190e-01
5.943406267026711e-01
6.469667547527868e-01
6.988076318892064e-01
7.487396631673092e-01
7.956405895214755e-01
8.384708735344324e-01
8.763605447686261e-01
9.087233529557868e-01
9.353013064796163e-01
9.561914781837798e-01
9.718295189880284e-01
9.829156699779603e-01
9.903082093599963e-01
9.949087439240931e-01
9.975553863795985e-01
9.989261404159835e-01
9.995706215729376e-01
9.998463001377949e-01
9.999513824358356e-01
9.999865980617166e-01
9.999968302040536e-01
9.999993672488253e-01
9.999998953980895e-01
9.999999859777438e-01
9.999999985126300e-01
9.999999998781035e-01
9.999999999925567e-01
9.999999999996575e-01
9.999999999999918e-01
9.999999999999991e-01
1.000000000000000e+00
9.999999999999999e-01
1.000000000000000e+00
1.000000000000000e+00
1.000000000000000e+00
1.000000000000000e+00
1.000000000000000e+00
1.000000000000000e+00
1.000000000000000e+00
1.000000000000000e+00
###5.600000000000002e+00
9.379656656386664e-10
1.223677783730043e-09
1.536824061130941e-09
1.913010183147313e-09
2.375540959440190e-09
2.944551361676578e-09
3.639019153367454e-09
4.488427911403381e-09
5.528314953972606e-09
6.801732984647951e-09
8.359727249384859e-09
1.026751509746104e-08
1.260293686279921e-08
1.546241579029395e-08
1.896337570688261e-08
2.324601683825228e-08
2.848606668263096e-08
3.489733036858045e-08
4.274017678486946e-08
5.233003108189879e-08
6.408142481610279e-08
7.839683284573139e-08
9.591804630908990e-08
1.173423720148039e-07
1.435084756157374e-07
1.754758260029324e-07
2.145298575721123e-07
2.622209867943483e-07
3.204472537573086e-07
3.915238853000557e-07
4.782768399344752e-07
5.841262730321074e-07
7.132858928094963e-07
8.707665900962371e-07
1.062879278351435e-06
1.296964067150436e-06
1.582333593947624e-06
1.930050448789637e-06
2.353706298466175e-06
2.869520538931111e-06
3.497653090394534e-06
4.262223523470662e-06
5.192630271136916e-06
6.324521219645015e-06
7.701259539959409e-06
9.374859681327067e-06
1.140901301503177e-05
1.388100998705519e-05
1.688339487211688e-05
2.052896369141916e-05
2.495433528746819e-05
3.032350657756268e-05
3.683785594152657e-05
4.473490792781036e-05
5.430652765717057e-05
6.590222370010271e-05
7.994766207715943e-05
9.694458878349505e-05
1.175149837231811e-04
1.423950168772834e-04
1.724697249020906e-04
2.088092208528573e-04
2.526804949587296e-04
3.056517402231014e-04
3.695441335688968e-04
4.465840248700601e-04
5.393905962196775e-04
6.511646254079847e-04
7.856959483967445e-04
9.474093568239589e-04
1.141789991569773e-03
1.375362173897348e-03
1.655639361432604e-03
1.991403159385563e-03
2.393893814442220e-03
2.875604921988912e-03
3.451652667757245e-03
4.139853200849783e-03
4.961440242679151e-03
5.941009876664025e-03
7.107002069654166e-03
8.493404197381994e-03
1.014141358454832e-02
1.209486746555168e-02
1.440817278038514e-02
1.714460755881296e-02
2.037422243254025e-02
2.418062139006449e-02
2.865512583143731e-02
3.390766424916911e-02
4.005723498223352e-02
4.724164195936574e-02
5.560559262013025e-02
6.532255677258447e-02
7.657453485644802e-02
8.955489942268943e-02
1.044792401231217e-01
1.215667532941684e-01
1.410444919540527e-01
1.631373988538824e-01
1.880557600776772e-01
2.160076438398493e-01
2.471353541950024e-01
2.815618256759236e-01
3.193230884579429e-01
3.603793029649865e-01
4.045515577550552e-01
4.515513981220128e-01
5.009144183968166e-01
5.520493462133402e-01
6.041816621911388e-01
6.563780827244544e-01
7.076034277381066e-01
7.567549371709853e-01
8.027431690031451e-01
8.445737960491660e-01
8.814293982889643e-01
9.127790506969097e-01
9.384154310636958e-01
9.584760785426586e-01
9.734226815615352e-01
9.839652183376395e-01
9.909564237131556e-01
9.952806089732700e-01
9.977511699476145e-01
9.990196594404194e-01
9.996109790323154e-01
9.998618763054443e-01
9.999566890974452e-01
9.999881721086593e-01
9.999972304346657e-01
9.999994530448506e-01
9.999999106125171e-01
9.999999881629181e-01
9.999999987606618e-01
9.999999998998029e-01
9.999999999939734e-01
9.999999999997257e-01
9.999999999999939e-01
9.999999999999992e-01
1.000000000000000e+00
9.999999999999999e-01
1.000000000000000e+00
1.000000000000000e+00
1.000000000000000e+00
1.000000000000000e+00
1.000000000000000e+00
1.000000000000000e+00
1.000000000000000e+00
1.000000000000000e+00
###5.800000000000002e+00
1.024751123014037e-09
1.332037868195526e-09
1.673015693012547e-09
2.082514336284059e-09
2.585966175725195e-09
3.205213429232431e-09
3.960843115029481e-09
4.884888302810442e-09
6.015934923996196e-09
7.400774207128251e-09
9.094705348275599e-09
1.116852340500925e-08
1.370668388573985e-08
1.681384401747227e-08
2.061726426549845e-08
2.526888613898923e-08
3.095919553736021e-08
3.791985814073589e-08
4.643291907973520e-08
5.683997151525243e-08
6.959011932006458e-08
8.511781293302760e-08
1.041192072078804e-07
1.273478057467026e-07
1.557103874413828e-07
1.903527701871372e-07
2.326644726846728e-07
2.843207525119045e-07
3.473717215679981e-07
4.243179049859766e-07
5.182100860244177e-07
6.327392513392026e-07
7.724522594926715e-07
9.427522441873143e-07
1.150447534249451e-06
1.403440300035390e-06
1.711772277942801e-06
2.087357404074534e-06
2.544829825428801e-06
3.101640893376125e-06
3.779477855399992e-06
4.604288695055341e-06
5.607672587447184e-06
6.827934461364019e-06
8.311668984743868e-06
1.011467379137891e-05
1.230534730251415e-05
1.496659128687095e-05
1.819762264489546e-05
2.211930587739299e-05
2.687807525377748e-05
3.264943026805006e-05
3.964887746283614e-05
4.813049647578801e-05
5.840627812170440e-05
7.084964682493413e-05
8.591507850521458e-05
1.041379878522365e-04
1.261818774828678e-04
1.528311711614138e-04
1.850287203721641e-04
2.239136403074861e-04
2.708333511913353e-04
3.274553839641571e-04
3.957124930041180e-04
4.779687616715199e-04
5.770016328799155e-04
6.962059756993518e-04
8.395858248361225e-04
1.011829184331372e-03
1.218724390051255e-03
1.467164907925784e-03
1.765077725244767e-03
2.121700253762292e-03
2.548875810937679e-03
3.059729520942926e-03
3.670132261000315e-03
4.398788006597743e-03
5.267846092955047e-03
6.303111100290093e-03
7.534238114251005e-03
8.996651061003540e-03
1.073313218227069e-02
1.278955843637935e-02
1.522197722177687e-02
1.809601799971665e-02
2.148394377532511e-02
2.547210499048376e-02
3.015412199481725e-02
3.564283873623270e-02
4.205985207606575e-02
4.954530025497415e-02
5.824704113834596e-02
6.833982931677565e-02
8.000724177571360e-02
9.344307257697378e-02
1.088625110963284e-01
1.264826312809481e-01
1.465266076242127e-01
1.692132116897112e-01
1.947438444893782e-01
2.233151730711316e-01
2.550542119320455e-01
2.900663999919104e-01
3.283646848218733e-01
3.698866547145895e-01
4.144269009856355e-01
4.616706009944875e-01
5.111282779344344e-01
5.621874504603397e-01
6.140593203238663e-01
6.658076344125474e-01
7.164013627068282e-01
7.647590789277902e-01
8.098247286699561e-01
8.506492201313194e-01
8.864675377709671e-01
9.168034547252581e-01
9.414997163067357e-01
9.607337656651849e-01
9.749927983641715e-01
9.849960820315761e-01
9.915904278835183e-01
9.956424165157187e-01
9.979404085729047e-01
9.991095043634286e-01
9.996495332176841e-01
9.998766643034001e-01
9.999616932181851e-01
9.999896454449152e-01
9.999976020211487e-01
9.999995319988273e-01
9.999999244799725e-01
9.999999901339544e-01
9.999999989818921e-01
9.999999999189280e-01
9.999999999952057e-01
9.999999999997843e-01
9.999999999999956e-01
9.999999999999993e-01
1.000000000000000e+00
9.999999999999999e-01
1.000000000000000e+00
1.000000000000000e+00
1.000000000000000e+00
1.000000000000000e+00
1.000000000000000e+00
1.000000000000000e+00
1.000000000000000e+00
1.000000000000000e+00
###6.000000000000003e+00
1.118267115753430e-09
1.448912060569724e-09
1.819904133572632e-09
2.265323355431897e-09
2.812890103153843e-09
3.486285623332828e-09
4.307824329198433e-09
5.312281375932849e-09
6.541525529224348e-09
8.046351570380058e-09
9.886642309780591e-09
1.213917791709920e-08
1.489560584747361e-08
1.826916750607218e-08
2.239793644081719e-08
2.744636318182755e-08
3.362076624458230e-08
4.117196431372499e-08
5.040523981499988e-08
6.169022804337239e-08
7.551309241988716e-08
9.234248472321095e-08
1.129327890565457e-07
1.380976812157599e-07
1.688168019075497e-07
2.063283341811728e-07
2.521330989959321e-07
3.080397984135894e-07
3.762610273002946e-07
4.594952562737081e-07
5.610333273829935e-07
6.848553129695160e-07
8.358635455034030e-07
1.019879491234374e-06
1.244241744768817e-06
1.517451664993800e-06
1.850327518471437e-06
2.255689806078181e-06
2.749282318779667e-06
3.349867037836635e-06
4.080755851688402e-06
4.969839741859425e-06
6.051056368095947e-06
7.365532506447952e-06
8.963292000472054e-06
1.090414814054469e-05
1.326148847131850e-05
1.612416303001250e-05
1.959845619932830e-05
2.381377604724098e-05
2.892693797115664e-05
3.512560859064056e-05
4.264022814469943e-05
5.174235528296261e-05
6.276522709234437e-05
7.610749439724480e-05
9.225455647021519e-05
1.117756369224164e-04
1.353795989422985e-04
1.639010884188140e-04
1.983437094800274e-04
2.399190502702707e-04
2.900589309708363e-04
3.505356832277636e-04
4.233970918156795e-04
5.111532721354627e-04
6.167465004853447e-04
7.437694289182247e-04
8.964654293860031e-04
1.079777466499309e-03
1.299824131223945e-03
1.563873862163483e-03
1.880286903530046e-03
2.258773873596210e-03
2.711800652029325e-03
3.253150919362751e-03
3.899470916051274e-03
4.670380053868339e-03
5.588977410509901e-03
6.682304272654516e-03
7.981263359379289e-03
9.522749994863751e-03
1.135117902799940e-02
1.351447516538491e-02
1.607038382256185e-02
1.908690803360006e-02
2.263854892647924e-02
2.681440971826037e-02
3.171042132022472e-02
3.744233072198432e-02
4.413429623765466e-02
5.192898885914805e-02
6.097658059258121e-02
7.145373237774526e-02
8.354518903407579e-02
9.744495184383124e-02
1.133675577182703e-01
1.315276523111522e-01
1.521441812574381e-01
1.754293581098427e-01
2.015752852543566e-01
2.307668190525558e-01
2.631153161936254e-01
2.987082809436895e-01
3.375355988241249e-01
3.795120152339412e-01
4.244058506300336e-01
4.718762866065667e-01
5.214094344344066e-01
5.723725197638234e-01
6.239635539339584e-01
6.752440567998257e-01
7.251888442951513e-01
7.727384947551922e-01
8.168710083859851e-01
8.566826904036997e-01
8.914608526745615e-01
9.207834036062177e-01
9.445425054620119e-01
9.629547979339076e-01
9.765322478465662e-01
9.860027254603316e-01
9.922065160376659e-01
9.959919131867492e-01
9.981218811302323e-01
9.991950660848999e-01
9.996860064064803e-01
9.998905523108123e-01
9.999663555769429e-01
9.999910062649288e-01
9.999979419780849e-01
9.999996034882953e-01
9.999999368960504e-01
9.999999918773318e-01
9.999999991750140e-01
9.999999999353919e-01
9.999999999962503e-01
9.999999999998335e-01
9.999999999999969e-01
9.999999999999994e-01
1.000000000000000e+00
9.999999999999999e-01
1.000000000000000e+00
1.000000000000000e+00
1.000000000000000e+00
1.000000000000000e+00
1.000000000000000e+00
1.000000000000000e+00
1.000000000000000e+00
1.000000000000000e+00
###6.200000000000003e+00
1.218976834057911e-09
1.574884426741738e-09
1.978226333503245e-09
2.462349652087939e-09
3.057442933080339e-09
3.789164063767279e-09
4.681680243455171e-09
5.772714412515508e-09
7.107686138507602e-09
8.741618961538058e-09
1.073938700998249e-08
1.318417052415589e-08
1.617533601589515e-08
1.983533925934073e-08
2.431384717493417e-08
2.978872094789359e-08
3.648325323221070e-08
4.466878799831611e-08
5.467550251337247e-08
6.690306304745497e-08
8.187733127404202e-08
1.001035209770642e-07
1.223983452617112e-07
1.496398647672380e-07
1.828856120930796e-07
2.234725086854188e-07
2.730203204086483e-07
3.334802994184450e-07
4.072385358990842e-07
4.972048212955734e-07
6.069261447774966e-07
7.406910184456250e-07
9.037807636304416e-07
1.102462738302730e-06
1.344640499975853e-06
1.639453726627648e-06
1.998547265475516e-06
2.435706376812535e-06
2.967855263943181e-06
3.615149371786843e-06
4.402627657661184e-06
5.360244685162887e-06
6.524421435744356e-06
7.939279702190830e-06
9.658480283199057e-06
1.174609599049767e-05
1.428079968990330e-05
1.735774301901291e-05
2.109069165930176e-05
2.561809486104630e-05
3.110774177362936e-05
3.776016109077881e-05
4.582156913200569e-05
5.558196925257173e-05
6.739701483457155e-05
8.169195322722800e-05
9.898483819303398e-05
1.198802522613969e-04
1.451350106589927e-04
1.756365029279737e-04
2.124521370935800e-04
2.568695822384300e-04
3.104099339269044e-04
3.749531646152389e-04
4.526695717932814e-04
5.462215017090922e-04
6.587234022565866e-04
7.939770146718506e-04
9.564677530707096e-04
1.151411948902128e-03
1.385269304094196e-03
1.665698642218104e-03
2.001509371947565e-03
2.402907045952462e-03
2.882987901015200e-03
3.456238777223986e-03
4.140091923214914e-03
4.955112720693006e-03
5.925389310922086e-03
7.079212772258770e-03
8.448771006774311e-03
1.007250732871796e-02
1.199644074418193e-02
1.427060714308289e-02
1.695448956716127e-02
2.011848718874072e-02
2.383937235592596e-02
2.820897704141733e-02
3.332557926949196e-02
3.930780385339832e-02
4.628233062777841e-02
5.439436304126664e-02
6.379611250483888e-02
7.466618945313641e-02
8.719028404592516e-02
1.015623780574187e-01
1.179960933465615e-01
1.367033298057772e-01
1.578984425698171e-01
1.817866871250834e-01
2.085504502056034e-01
2.383623533470083e-01
2.713177200180689e-01
3.074856970959466e-01
3.468330939054159e-01
3.892515832664441e-01
4.344834395326731e-01
4.821622421381066e-01
5.317503846074375e-01
5.825977805853824e-01
6.338842222269269e-01
6.846760161066103e-01
7.339534801238980e-01
7.806799972453593e-01
8.238683781643703e-01
8.626605939691601e-01
8.963962546636536e-01
9.247068722369814e-01
9.475331969737166e-01
9.651305500380919e-01
9.780343992852976e-01
9.869804252792582e-01
9.928016010977000e-01
9.963272765924358e-01
9.982946381445383e-01
9.992758912457835e-01
9.997202008774190e-01
9.999034653769219e-01
9.999706516590261e-01
9.999922478673636e-01
9.999982488311665e-01
9.999996672633841e-01
9.999999478324002e-01
9.999999933919006e-01
9.999999993403084e-01
9.999999999492628e-01
9.999999999971150e-01
9.999999999998735e-01
9.999999999999980e-01
9.999999999999996e-01
1.000000000000000e+00
9.999999999999999e-01
1.000000000000000e+00
1.000000000000000e+00
1.000000000000000e+00
1.000000000000000e+00
1.000000000000000e+00
1.000000000000000e+00
1.000000000000000e+00
1.000000000000000e+00
###6.400000000000003e+00
1.327371122162556e-09
1.710573877868392e-09
2.148760579261123e-09
2.674560236611851e-09
3.320822283252797e-09
4.115328043229035e-09
5.084229933849073e-09
6.268419575592207e-09
7.717126551100414e-09
9.489916225104681e-09
1.165701440833212e-08
1.430846758221201e-08
1.755192156021154e-08
2.151971599321402e-08
2.637394062611674e-08
3.230682469666762e-08
3.955984678730109e-08
4.842633328746358e-08
5.926311504899968e-08
7.250199914391655e-08
8.871134411161566e-08
1.084354263545779e-07
1.325576357640438e-07
1.620248793319086e-07
1.979779072783716e-07
2.418591277444194e-07
2.954153400231303e-07
3.607499790500559e-07
4.404342739405023e-07
5.376034757369287e-07
6.560777445678328e-07
8.004744330470083e-07
9.764786779083244e-07
1.190832857184622e-06
1.452042085413328e-06
1.769925591891489e-06
2.157007592216105e-06
2.628099412472932e-06
3.201380200283155e-06
3.898486040180517e-06
4.746290725792783e-06
5.776939241759252e-06
7.029488113516553e-06
8.551236071705443e-06
1.039969911860420e-05
1.264346536268283e-05
1.536680383390486e-05
1.867154115484452e-05
2.267934883880143e-05
2.753824729978994e-05
3.342761697752632e-05
4.056157513754156e-05
4.920299471760948e-05
5.966133255244055e-05
7.231587961000154e-05
8.761990864249422e-05
1.061258223578129e-04
1.284755080495807e-04
1.554761002942287e-04
1.880704629625774e-04
2.273929800807124e-04
2.748111514763707e-04
3.319397478351363e-04
4.007711514775735e-04
4.836043468297378e-04
5.832606051786812e-04
7.030342618903083e-04
8.469457526117387e-04
1.019731460545831e-03
1.226893876415685e-03
1.475247093370997e-03
1.772856098465857e-03
2.128995932571198e-03
2.554401390721993e-03
3.062790701730636e-03
3.669374590430041e-03
4.392431444981751e-03
5.253483532969883e-03
6.277642254584086e-03
7.494476900945709e-03
8.937492444088081e-03
1.064678721535929e-02
1.266982555596349e-02
1.505897127210994e-02
1.787541972287809e-02
2.119198746970156e-02
2.508779708419593e-02
2.965726902512689e-02
3.500116870019924e-02
4.124093505568391e-02
4.850572394555472e-02
5.694320953069869e-02
6.670752596185293e-02
7.797910345983058e-02
9.094439989954746e-02
1.057971410530857e-01
1.227497600020705e-01
1.420110820359914e-01
1.637904987546420e-01
1.882858995559564e-01
2.156695207332463e-01
2.461013259902604e-01
2.796602204293636e-01
3.163965862135461e-01
3.562541166802066e-01
3.991012217150894e-01
4.446543601238217e-01
4.925219295895646e-01
5.421433416694859e-01
5.928521395182298e-01
6.438110861646795e-01
6.940922169729882e-01
7.426830956886559e-01
7.885708202830259e-01
8.308038437027649e-01
8.685701540111173e-01
9.012616564158370e-01
9.285629382268948e-01
9.504625531559040e-01
9.672534650521767e-01
9.794935623856506e-01
9.879252250285114e-01
9.933731734458902e-01
9.966470825798504e-01
9.984579786697806e-01
9.993516669277254e-01
9.997519910749555e-01
9.999153607435933e-01
9.999745696820098e-01
9.999933678868101e-01
9.999985223651721e-01
9.999997233773577e-01
9.999999573207006e-01
9.999999946859887e-01
9.999999994792215e-01
9.999999999607192e-01
9.999999999978147e-01
9.999999999999056e-01
9.999999999999987e-01
9.999999999999997e-01
1.000000000000000e+00
9.999999999999999e-01
1.000000000000000e+00
1.000000000000000e+00
1.000000000000000e+00
1.000000000000000e+00
1.000000000000000e+00
1.000000000000000e+00
1.000000000000000e+00
1.000000000000000e+00
###6.600000000000003e+00
1.443969893789022e-09
1.856636167229022e-09
2.332331276612469e-09
2.902979419701652e-09
3.604296694029317e-09
4.466344367644800e-09
5.517401089321709e-09
6.801760313415907e-09
8.372739629975255e-09
1.029477822650058e-08
1.264383703511715e-08
1.551732394918660e-08
1.903175965474930e-08
2.333007860224980e-08
2.858767459410998e-08
3.501216091684867e-08
4.286448745218308e-08
5.246151156209453e-08
6.418858055045706e-08
7.851188013657466e-08
9.604523314420954e-08
1.173746247042015e-07
1.434547314689174e-07
1.753060292901101e-07
2.141581233562940e-07
2.615660468063528e-07
3.194121925468239e-07
3.899623626367426e-07
4.759852291159296e-07
5.808564466662198e-07
7.086873292788809e-07
8.644455974681120e-07
1.054246410966862e-06
1.285337899772196e-06
1.566865328078567e-06
1.909370910619512e-06
2.326313878633737e-06
2.833596201433852e-06
3.450730369042971e-06
4.200924877035000e-06
5.113001670882590e-06
6.221429514137976e-06
7.568060396210099e-06
9.203561021629260e-06
1.118953176142833e-05
1.359934413091876e-05
1.652318952224547e-05
2.006997230650262e-05
2.436967941225322e-05
2.958049201061832e-05
3.589401667772131e-05
4.353871842688314e-05
5.279504680993821e-05
6.399296548105466e-05
7.753667730738067e-05
9.390896998741771e-05
1.136983643874660e-04
1.375860691474761e-04
1.664320116774481e-04
2.012373636171657e-04
2.432067814225056e-04
2.937914869055931e-04
3.547043353839335e-04
4.280555244765480e-04
5.162786417906162e-04
6.223609736991803e-04
7.497847060979042e-04
9.027983980947595e-04
1.086400060592444e-03
1.306390037261972e-03
1.569950974021796e-03
1.885570192444540e-03
2.263005288771094e-03
2.713528183830810e-03
3.251534173006321e-03
3.892961547522443e-03
4.656938104079482e-03
5.566003617405097e-03
6.646315036301692e-03
7.928666931370530e-03
9.448169407924889e-03
1.124634983013036e-02
1.337235033145898e-02
1.588062103290580e-02
1.883433712670758e-02
2.230866223652028e-02
2.638513977988375e-02
3.116076605182047e-02
3.673877849622768e-02
4.324341336105114e-02
5.080625144508389e-02
5.957736897547717e-02
6.971269970706764e-02
8.139435501172115e-02
9.480937252945651e-02
1.101509754817995e-01
1.276301231899889e-01
1.474522258786857e-01
1.698213274494054e-01
1.949275324096810e-01
2.229324845732716e-01
2.539832521538606e-01
2.881413514527175e-01
3.254385867887055e-01
3.657952875237874e-01
4.090564468485918e-01
4.549129500320529e-01
5.029484641130483e-01
5.525801823397505e-01
6.031258927006787e-01
6.537336901699191e-01
7.034812779240279e-01
7.513655140753969e-01
7.963982314153726e-01
8.376638067691785e-01
8.743239196902307e-01
9.060437322848848e-01
9.323407063464259e-01
9.533215786091576e-01
9.693165724538763e-01
9.809046413056037e-01
9.888337307696946e-01
9.939191723594578e-01
9.969502273452895e-01
9.986114040412160e-01
9.994221957318483e-01
9.997813103190499e-01
9.999262223002334e-01
9.999781082604967e-01
9.999943674401259e-01
9.999987633127551e-01
9.999997721136884e-01
9.999999654353722e-01
9.999999957745398e-01
9.999999995939836e-01
9.999999999700067e-01
9.999999999983696e-01
9.999999999999308e-01
9.999999999999991e-01
9.999999999999998e-01
1.000000000000000e+00
1.000000000000000e+00
1.000000000000000e+00
1.000000000000000e+00
1.000000000000000e+00
1.000000000000000e+00
1.000000000000000e+00
1.000000000000000e+00
1.000000000000000e+00
1.000000000000000e+00
###6.800000000000003e+00
1.569323639694494e-09
2.013765645127570e-09
2.529811433145858e-09
3.148691818981249e-09
3.909209295334842e-09
4.843871616262358e-09
5.983233565564993e-09
7.375238094585399e-09
9.077586773889143e-09
1.115994548480253e-08
1.370441707024433e-08
1.681629759315665e-08
2.062161512613014e-08
2.527465342591247e-08
3.096504617597188e-08
3.791686830598046e-08
4.641190141369288e-08
5.679218607380285e-08
6.947355096938409e-08
8.495893544464297e-08
1.039107713114044e-07
1.269595514507362e-07
1.551361248559297e-07
1.895395328138581e-07
2.314941975740665e-07
2.826753317201936e-07
3.451099699245404e-07
4.212370464738725e-07
5.140356730399155e-07
6.271376939280361e-07
7.649645584335186e-07
9.328570545385836e-07
1.137388085794208e-06
1.386343851076115e-06
1.689550499932836e-06
2.058318950374247e-06
2.507102091710060e-06
3.052960516729767e-06
3.716822497541183e-06
4.523565509508270e-06
5.504078755797775e-06
6.695294915581472e-06
8.142029392647962e-06
9.898517387626654e-06
1.203068415138103e-05
1.461696558431359e-05
1.775381750025594e-05
2.155762831331502e-05
2.616717563869622e-05
3.175137173650346e-05
3.851472905616052e-05
4.670085325085034e-05
5.660873155708077e-05
6.858993380654477e-05
8.307490389759125e-05
1.005774967194910e-04
1.217241974195581e-04
1.472376260478748e-04
1.780330850965517e-04
2.151729935437166e-04
2.599357043690849e-04
3.138601978337120e-04
3.787619885904306e-04
4.568746816600879e-04
5.507725853058025e-04
6.636163395432058e-04
7.990841958164550e-04
9.616625688232428e-04
1.156622069801729e-03
1.390072916201092e-03
1.669580873066407e-03
2.004072163773160e-03
2.403804245034776e-03
2.880603024470190e-03
3.449571042081485e-03
4.127386218899612e-03
4.934073072393577e-03
5.893197897302878e-03
7.032002524309179e-03
8.382539536328318e-03
9.981558576149263e-03
1.187204543928019e-02
1.410488615666229e-02
1.673657959998016e-02
1.983237114501458e-02
2.346978448058271e-02
2.773278658461656e-02
3.272096558286974e-02
3.854001212199944e-02
4.531693826902972e-02
5.318569313852991e-02
6.229867921070382e-02
7.281349983531472e-02
8.491379970251056e-02
9.878699775475172e-02
1.146255577257689e-01
1.326386688303049e-01
1.530279741367691e-01
1.759917747665706e-01
2.017119612644323e-01
2.303393626799015e-01
2.620070460638582e-01
2.967593928404104e-01
3.346090555463846e-01
3.754529281793039e-01
4.191124704428456e-01
4.652532551825716e-01
5.134347065727162e-01
5.630526001273448e-01
6.134097102739037e-01
6.636416806175961e-01
7.128321528693681e-01
7.599892793532308e-01
8.041507706758176e-01
8.444378502312152e-01
8.800757599152451e-01
9.107344525064924e-01
9.360325250402093e-01
9.561038298437230e-01
9.713147933548402e-01
9.822639156904515e-01
9.897035538188557e-01
9.944382180109965e-01
9.972360364174619e-01
9.987546598364411e-01
9.994874093748918e-01
9.998081527874683e-01
9.999360595432797e-01
9.999812754120511e-01
9.999952506195873e-01
9.999989732323596e-01
9.999998139317288e-01
9.999999722834075e-01
9.999999966768790e-01
9.999999996872876e-01
9.999999999774039e-01
9.999999999988015e-01
9.999999999999500e-01
9.999999999999994e-01
9.999999999999998e-01
1.000000000000000e+00
1.000000000000000e+00
1.000000000000000e+00
1.000000000000000e+00
1.000000000000000e+00
1.000000000000000e+00
1.000000000000000e+00
1.000000000000000e+00
1.000000000000000e+00
1.000000000000000e+00
###7.000000000000004e+00
1.704015018526369e-09
2.182697232593101e-09
2.742125182345274e-09
3.412845496585592e-09
4.236981647513468e-09
5.249665175171027e-09
6.483885878584805e-09
7.991499330791705e-09
9.834906524645195e-09
1.208937508013077e-08
1.484357901016527e-08
1.821126501959464e-08
2.232863893274224e-08
2.736213459022542e-08
3.351661864447644e-08
4.103377022377578e-08
5.021764950740279e-08
6.143721887244341e-08
7.514088335320800e-08
9.187084785823636e-08
1.123414835478136e-07
1.372307506002781e-07
1.676508461118664e-07
2.047846608185655e-07
2.500577376049044e-07
3.052734572206577e-07
3.726130583482397e-07
4.546999806346738e-07
5.547374978439665e-07
6.766303118713454e-07
8.251300297267337e-07
1.005974473901874e-06
1.226223502150908e-06
1.494235445488508e-06
1.820560261067857e-06
2.217325728105114e-06
2.700040108932216e-06
3.286994127018111e-06
4.000618675975228e-06
4.867561579268807e-06
5.920904504024377e-06
7.200191265701691e-06
8.753376974728567e-06
1.063847578443844e-05
1.292598992039230e-05
1.569971438910979e-05
1.906272756956402e-05
2.313932766064573e-05
2.807757997122612e-05
3.405772451119120e-05
4.129789034252209e-05
5.005765175223786e-05
6.065553712144604e-05
7.346586944177430e-05
8.894671945547852e-05
1.076446262698982e-04
1.302259645850301e-04
1.574569321841670e-04
1.903109003773875e-04
2.299145846125835e-04
2.776235895983006e-04
3.350688397442925e-04
4.041732525759351e-04
4.872996250970397e-04
5.871693089366803e-04
7.071238899500045e-04
8.510461575702726e-04
1.023670422522135e-03
1.230551188366240e-03
1.478120898363518e-03
1.774343414624162e-03
2.128600830345144e-03
2.551668208114358e-03
3.055944711019517e-03
3.657264725864114e-03
4.373069231142426e-03
5.224310525820789e-03
6.235605760438948e-03
7.435315958592161e-03
8.856789144600804e-03
1.053843567295643e-02
1.252474268977423e-02
1.486838206726244e-02
1.762791892095603e-02
2.087070275419367e-02
2.467664651423199e-02
2.913214209755371e-02
3.433938155686226e-02
4.040648636908264e-02
4.746321803791582e-02
5.564583154261895e-02
6.510897241385451e-02
7.601177628778523e-02
8.853926392747261e-02
1.028790263609640e-01
1.192225003774197e-01
1.377767972070531e-01
1.587394296952864e-01
1.823025500900064e-01
2.086394049130737e-01
2.378905475921526e-01
2.701715521433783e-01
3.055123609003121e-01
3.439050573699888e-01
3.852230461871875e-01
4.292641787184638e-01
4.756689996517851e-01
5.239732187436300e-01
5.735520365788336e-01
6.236940689588787e-01
6.735246160146883e-01
7.221338016127729e-01
7.685430237977611e-01
8.118170612096763e-01
8.511152976389471e-01
8.857224547766155e-01
9.153262714396433e-01
9.396307312061339e-01
9.588031827011034e-01
9.732435098005132e-01
9.835683487759688e-01
9.905327521189831e-01
9.949292827355708e-01
9.975040790144757e-01
9.988876393155557e-01
9.995473213934523e-01
9.998325530847780e-01
9.999448988229644e-01
9.999840855653755e-01
9.999960235264476e-01
9.999991542018317e-01
9.999998493995856e-01
9.999999779894582e-01
9.999999974144800e-01
9.999999997619972e-01
9.999999999831974e-01
9.999999999991318e-01
9.999999999999644e-01
9.999999999999998e-01
9.999999999999998e-01
1.000000000000000e+00
1.000000000000000e+00
1.000000000000000e+00
1.000000000000000e+00
1.000000000000000e+00
1.000000000000000e+00
1.000000000000000e+00
1.000000000000000e+00
1.000000000000000e+00
1.000000000000000e+00
###7.200000000000004e+00
1.848660501891507e-09
2.364208609617017e-09
2.970250359085179e-09
3.696655179615819e-09
4.589117758224306e-09
5.685582041560420e-09
7.021641205159749e-09
8.653343531389195e-09
1.064812345473759e-08
1.308724848986308e-08
1.606642276984142e-08
1.970843687608211e-08
2.416038720445769e-08
2.960170709223800e-08
3.625354930762272e-08
4.437640815336067e-08
5.429815596586390e-08
6.641651911126570e-08
8.121469785218398e-08
9.927682165252735e-08
1.213727311998490e-07
1.482309745359196e-07
1.810505825238180e-07
2.211038797146133e-07
2.699241915988431e-07
3.294515104723334e-07
4.020313810530644e-07
4.904837583822982e-07
5.982505608497472e-07
7.295269396519471e-07
8.894157895908789e-07
1.084077206407344e-06
1.321088824799436e-06
1.609416978588944e-06
1.960380666315302e-06
2.386975155496230e-06
2.905829088268984e-06
3.536538509045444e-06
4.303128248284493e-06
5.234122972267398e-06
6.364928336130834e-06
7.737853882155662e-06
9.404179412026414e-06
1.142591872485405e-05
1.387841534717284e-05
1.685113232120274e-05
2.045414552565835e-05
2.482010851873736e-05
3.010689442059304e-05
3.650669450956506e-05
4.425199743922656e-05
5.361921048844764e-05
6.494745050636617e-05
7.863498983144326e-05
9.516897045004218e-05
1.151302995750619e-04
1.392272481466323e-04
1.682722013055373e-04
2.032983141082207e-04
2.455008534398985e-04
2.963160001599395e-04
3.574709622918274e-04
4.310009589988561e-04
5.193977559628657e-04
6.255549828491007e-04
7.529843415282248e-04
9.057880716773517e-04
1.088958760818999e-03
1.308346417300300e-03
1.570718399680545e-03
1.884452059894719e-03
2.259402734674873e-03
2.706881283431179e-03
3.239879742148014e-03
3.874979376462889e-03
4.630440096921249e-03
5.528138116095975e-03
6.593781319319290e-03
7.856882986268732e-03
9.352225939341246e-03
1.111959549427516e-02
1.320532969211653e-02
1.566382542658830e-02
1.855573145222890e-02
2.195053339764474e-02
2.593056049826518e-02
3.058462932455956e-02
3.601752318954457e-02
4.233983056653579e-02
4.968398869131214e-02
5.818844993347411e-02
6.801007261640181e-02
7.930935966351750e-02
9.227254120540943e-02
1.070872336349334e-01
1.239433465917997e-01
1.430458152263551e-01
1.645875749427702e-01
1.887541799935621e-01
2.157098913247759e-01
2.455842579667554e-01
2.784753926394808e-01
3.143979924784046e-01
3.533233539461613e-01
3.951013332344922e-01
4.395061395373717e-01
4.861536036419478e-01
5.345562939433183e-01
5.840697268472057e-01
6.339693189220311e-01
6.833720567824852e-01
7.313753209580286e-01
7.770156577529918e-01
8.193861096014442e-01
8.576856454172738e-01
8.912559166958890e-01
9.198099349430725e-01
9.431284249462718e-01
9.614142755087862e-01
9.750989056840961e-01
9.848154620388674e-01
9.913199375342104e-01
9.953917370674248e-01
9.977541841183893e-01
9.990103998810335e-01
9.996020240359716e-01
9.998545824324472e-01
9.999527817250424e-01
9.999865582995775e-01
9.999966937574351e-01
9.999993086436268e-01
9.999998791500043e-01
9.999999826864860e-01
9.999999980094478e-01
9.999999998209517e-01
9.999999999876642e-01
9.999999999993799e-01
9.999999999999750e-01
9.999999999999999e-01
9.999999999999999e-01
1.000000000000000e+00
1.000000000000000e+00
1.000000000000000e+00
1.000000000000000e+00
1.000000000000000e+00
1.000000000000000e+00
1.000000000000000e+00
1.000000000000000e+00
1.000000000000000e+00
1.000000000000000e+00
###7.400000000000004e+00
2.003912056160352e-09
2.559122118735771e-09
3.215221273833466e-09
4.001405654634669e-09
4.967208261828684e-09
6.153585995124713e-09
7.598913776447373e-09
9.363730081158307e-09
1.152085764371101e-08
1.415798637970447e-08
1.737833750045580e-08
2.131437485088855e-08
2.612484186162252e-08
3.200307112403424e-08
3.918761884672778e-08
4.795907702117864e-08
5.867075497367628e-08
7.175109406556227e-08
8.772043897966282e-08
1.072076579227600e-07
1.310417988921240e-07
1.600052895536869e-07
1.953898047720809e-07
2.385630024735528e-07
2.911730284634915e-07
3.553054067089550e-07
4.334806557167968e-07
5.287279230566775e-07
6.447430505273729e-07
7.860301971250557e-07
9.580658242889321e-07
1.167458901219540e-06
1.422337310784795e-06
1.732313178390298e-06
2.109522165891424e-06
2.567880265298378e-06
3.125204917209033e-06
3.802476534204606e-06
4.625409840372183e-06
5.624518224167860e-06
6.837669409009367e-06
8.310100932945495e-06
1.009661132376428e-05
1.226344539629863e-05
1.489106525878063e-05
1.807492486931527e-05
2.193249077615515e-05
2.660523809124444e-05
3.226139100827476e-05
3.910574431193911e-05
4.738592261097136e-05
5.739606736317486e-05
6.949697751781814e-05
8.411212156488618e-05
1.017592182247977e-04
1.230552954642877e-04
1.487526202269459e-04
1.797138482323951e-04
2.170295279954012e-04
2.619720611796732e-04
3.160602866731433e-04
3.811221797532084e-04
4.593103094431017e-04
5.532505845253299e-04
6.660189205035259e-04
8.013020443156173e-04
9.634315862011376e-04
1.157669152330721e-03
1.390172191744415e-03
1.668056010306961e-03
2.000127260060216e-03
2.396732305572188e-03
2.869736436845034e-03
3.432744509286369e-03
4.103108907441784e-03
4.899938840512179e-03
5.846057003499915e-03
6.968293504160325e-03
8.297347582555419e-03
9.869486674413725e-03
1.172585165272879e-02
1.391471393636366e-02
1.649222086668447e-02
1.952112985437703e-02
2.307308444753270e-02
2.723285766617236e-02
3.209168792625786e-02
3.775685855456077e-02
4.434190073743051e-02
5.198095414490133e-02
6.081533006997299e-02
7.100379297237100e-02
8.270805773141764e-02
9.611538778345084e-02
1.114131987878538e-01
1.287895639999441e-01
1.484469299143570e-01
1.705732635156088e-01
1.953469514258744e-01
2.229232511597752e-01
2.534196680188359e-01
2.869169266270718e-01
3.234137431930313e-01
3.628604046685074e-01
4.050831690736728e-01
4.498326107274270e-01
4.967001969700692e-01
5.451759763166157e-01
5.945967247342911e-01
6.442257165006937e-01
6.931736025181209e-01
7.405459900563619e-01
7.853964419469218e-01
8.268476090482346e-01
8.641391065011166e-01
8.966678727281283e-01
9.241777554023173e-01
9.465196326543194e-01
9.639326550471201e-01
9.768779713632108e-01
9.860034522478633e-01
9.920642483072809e-01
9.958253131218668e-01
9.979864095428338e-01
9.991231182464608e-01
9.996516736551971e-01
9.998743407333420e-01
9.999597609721813e-01
9.999887167742206e-01
9.999972698495490e-01
9.999994391645237e-01
9.999999038400026e-01
9.999999865079320e-01
9.999999984832598e-01
9.999999998668289e-01
9.999999999910553e-01
9.999999999995635e-01
9.999999999999826e-01
1.000000000000000e+00
9.999999999999999e-01
1.000000000000000e+00
1.000000000000000e+00
1.000000000000000e+00
1.000000000000000e+00
1.000000000000000e+00
1.000000000000000e+00
1.000000000000000e+00
1.000000000000000e+00
1.000000000000000e+00
1.000000000000000e+00
###7.600000000000004e+00
2.170458959289333e-09
2.768307789509375e-09
3.478131541707768e-09
4.328455271677170e-09
5.372933521414936e-09
6.655752915132297e-09
8.218255363451226e-09
1.012578657187025e-08
1.245693432902769e-08
1.530625921745609e-08
1.878501588243251e-08
2.303600891723713e-08
2.823043098119210e-08
3.457646723602717e-08
4.233126155473670e-08
5.179686157581293e-08
6.335373436074183e-08
7.746310166486310e-08
9.468493860859844e-08
1.156958292522551e-07
1.413879830041778e-07
1.726011840331984e-07
2.107258963053275e-07
2.572313432273150e-07
3.138879224532351e-07
3.829361094598714e-07
4.670826569573946e-07
5.695792811871296e-07
6.943918586686254e-07
8.463531274521656e-07
1.031336595734091e-06
1.256428130351619e-06
1.530340067772001e-06
1.863370086287581e-06
2.268520653043529e-06
2.760684415067146e-06
3.358939666590050e-06
4.085734176431489e-06
4.968573371072908e-06
6.040076906459780e-06
7.340719423421443e-06
8.918836737291056e-06
1.083294955428528e-05
1.315377619950650e-05
1.596718793226614e-05
1.937496739058945e-05
2.350238356732329e-05
2.850022072660333e-05
3.454762153211787e-05
4.186266621465309e-05
5.070892572222457e-05
6.139921656219727e-05
7.431715972219532e-05
8.991271930887012e-05
1.087357594279452e-04
1.314412523017174e-04
1.588276505733000e-04
1.918102441687923e-04
2.315400991015866e-04
2.793700569932994e-04
3.369056477707779e-04
4.060802536317016e-04
4.891690274994372e-04
5.889386083260806e-04
7.086537882610905e-04
8.521851289117752e-04
1.024102664049318e-03
1.229948076489136e-03
1.476198527449992e-03
1.770330643862980e-03
2.121596609640594e-03
2.540852015682638e-03
3.040535651174087e-03
3.634885524034699e-03
4.342051859184361e-03
5.182017869097759e-03
6.178582422353145e-03
7.359725666769554e-03
8.757368465057003e-03
1.040929179338267e-02
1.235803404545028e-02
1.465382107831289e-02
1.735459577040436e-02
2.052524607552881e-02
2.423959640330221e-02
2.858488762470476e-02
3.365477481722020e-02
3.955905174632229e-02
4.641415615760271e-02
5.435583780826529e-02
6.352824981707321e-02
7.409193282570148e-02
8.620965192193711e-02
1.000695177606167e-01
1.158584935511198e-01
1.337625387232285e-01
1.539812439942880e-01
1.766972193064752e-01
2.020812688999232e-01
2.302791273535162e-01
2.613957281660593e-01
2.954942620301660e-01
3.325567848143832e-01
3.725112957944610e-01
4.151636153593766e-01
4.602375468173476e-01
5.073016311889029e-01
5.558240793622384e-01
6.051239262115822e-01
6.544534533660479e-01
7.029189216432404e-01
7.496353006353834e-01
7.936750132049963e-01
8.341916972180958e-01
8.704666059635527e-01
9.019507772274205e-01
9.284231240752741e-01
9.497992886718581e-01
9.663547309382564e-01
9.785783508453315e-01
9.871311374626791e-01
9.927653084857780e-01
9.962300647823231e-01
9.982010106813899e-01
9.992260751301842e-01
9.996964777330284e-01
9.998919495294972e-01
9.999658967059450e-01
9.999905863902427e-01
9.999977608227696e-01
9.999995484612937e-01
9.999999241208435e-01
9.999999895819385e-01
9.999999988559533e-01
9.999999999020511e-01
9.999999999935922e-01
9.999999999996969e-01
9.999999999999880e-01
1.000000000000000e+00
9.999999999999999e-01
1.000000000000000e+00
1.000000000000000e+00
1.000000000000000e+00
1.000000000000000e+00
1.000000000000000e+00
1.000000000000000e+00
1.000000000000000e+00
1.000000000000000e+00
1.000000000000000e+00
1.000000000000000e+00
###7.800000000000004e+00
2.349029694577390e-09
2.992684878301630e-09
3.760137048832185e-09
4.679239701098694e-09
5.808066722177338e-09
7.194276498408367e-09
8.882362104498613e-09
1.094281709733846e-08
1.346039401084421e-08
1.653699952041213e-08
2.029246895320631e-08
2.488065523732922e-08
3.048605081506277e-08
3.733270235973631e-08
4.569759673175867e-08
5.590567414883892e-08
6.836638095387181e-08
8.357590488735996e-08
1.021364812041703e-07
1.247755579544130e-07
1.524522992353967e-07
1.860686803407496e-07
2.271192871272153e-07
2.771818769710964e-07
3.381569437195429e-07
4.124498577007771e-07
5.029654870205581e-07
6.131922243891574e-07
7.473829636954478e-07
9.107196526684368e-07
1.109497582564242e-06
1.351309030605824e-06
1.645486800353022e-06
2.003055967048792e-06
2.437938521932673e-06
2.966062494508579e-06
3.607843079808087e-06
4.387282271283703e-06
5.333782172081886e-06
6.482192062322151e-06
7.875745489034909e-06
9.566055129900214e-06
1.161557711796483e-05
1.409975734666891e-05
1.711018054977605e-05
2.075531141997823e-05
2.516865247437004e-05
3.051080627677102e-05
3.697242756510236e-05
4.478559375133536e-05
5.423066824260811e-05
6.564012392718862e-05
7.942159214316093e-05
9.605288659077228e-05
1.161176492832516e-04
1.403106944110951e-04
1.694789372382620e-04
2.045927649434126e-04
2.468669783363039e-04
2.977383184590735e-04
3.589031716448970e-04
4.324051338051634e-04
5.206473648410327e-04
6.265439907607984e-04
7.535556028808801e-04
9.057455679591697e-04
1.087931662601951e-03
1.305947024838017e-03
1.566601139546874e-03
1.877745673102482e-03
2.249094997277851e-03
2.692032544412412e-03
3.219590102926166e-03
3.846659549215416e-03
4.592216092231775e-03
5.477142170883177e-03
6.526245229982411e-03
7.768680387563768e-03
9.237620503125984e-03
1.097239990335715e-02
1.301699073790973e-02
1.542359567447800e-02
1.825199629057560e-02
2.156923144866428e-02
2.545132860009685e-02
2.998801788717368e-02
3.527546191285885e-02
4.142567257568249e-02
4.855821111403078e-02
5.681036469986554e-02
6.632897857131184e-02
7.727636659793778e-02
8.981589251788752e-02
1.041365986462192e-01
1.204246377942725e-01
1.388635707631587e-01
1.596497499720596e-01
1.829600299420836e-01
2.089572053375875e-01
2.377769686772844e-01
2.695111608787833e-01
3.042052529919080e-01
3.418240098990122e-01
3.822729049710383e-01
4.253374317512426e-01
4.707146119815104e-01
5.179504970390065e-01
5.664922075042045e-01
6.156420953529351e-01
6.646426869035242e-01
7.125977819114980e-01
7.586329873492896e-01
8.018414094361421e-01
8.414090616123142e-01
8.766597808012238e-01
9.070978217304356e-01
9.325403249364450e-01
9.529631996783255e-01
9.686777279540024e-01
9.801986142722022e-01
9.881979046146849e-01
9.934230694270085e-01
9.966063243168014e-01
9.983984094988261e-01
9.993196377543692e-01
9.997366827934409e-01
9.999075457085630e-01
9.999712541375803e-01
9.999921936702086e-01
9.999981758075638e-01
9.999996391556867e-01
9.999999406148992e-01
9.999999920282913e-01
9.999999991456383e-01
9.999999999287416e-01
9.999999999954643e-01
9.999999999997923e-01
9.999999999999919e-01
1.000000000000000e+00
9.999999999999999e-01
1.000000000000000e+00
1.000000000000000e+00
1.000000000000000e+00
1.000000000000000e+00
1.000000000000000e+00
1.000000000000000e+00
1.000000000000000e+00
1.000000000000000e+00
1.000000000000000e+00
1.000000000000000e+00
###8.000000000000004e+00
2.540401374048320e-09
3.233224591192748e-09
4.062458989982265e-09
5.055275604969160e-09
6.274488751514560e-09
7.771473780969589e-09
9.594081558014624e-09
1.181831084184056e-08
1.453550294691020e-08
1.785541448634015e-08
2.190704137206134e-08
2.685603456130055e-08
3.290108736789347e-08
4.028317648945536e-08
4.930046064776252e-08
6.030229287737469e-08
7.372902619101922e-08
9.011412573285673e-08
1.101048672576879e-07
1.344828846426413e-07
1.642767656533682e-07
2.004604340590768e-07
2.446335860137589e-07
2.984914010605245e-07
3.640727542541721e-07
4.439584015319798e-07
5.412638584155399e-07
6.597290675452132e-07
8.039118346618891e-07
9.793650551004431e-07
1.192831853570491e-06
1.452441985636744e-06
1.768186622989016e-06
2.151862247994180e-06
2.618365822629579e-06
3.184722593347601e-06
3.872764175885621e-06
4.708138426584551e-06
5.722255157402908e-06
6.952322837504564e-06
8.444493199834784e-06
1.025384312630752e-05
1.244698751232146e-05
1.510436592952569e-05
1.832359519439167e-05
2.222019165343155e-05
2.693634198491075e-05
3.264299997223577e-05
3.954295160107422e-05
4.788301479868286e-05
5.796122844189527e-05
7.013074483049548e-05
8.482444414375014e-05
1.025493996658658e-04
1.239247304044679e-04
1.496870660405160e-04
1.807341511894572e-04
2.180940361441277e-04
2.630485702968030e-04
3.171220103606295e-04
3.821059013477541e-04
4.601590307690012e-04
5.538181811243619e-04
6.661519001150155e-04
8.008238309306447e-04
9.620992883211050e-04
1.155053458327230e-03
1.385822639093613e-03
1.661561594719464e-03
1.990511096873462e-03
2.382864787708489e-03
2.850552974932720e-03
3.407220373682901e-03
4.068433819413944e-03
4.854021072098941e-03
5.785789499386370e-03
6.889584163421875e-03
8.195767389149851e-03
9.738794971247536e-03
1.155958710192428e-02
1.370359674404938e-02
1.622500370615479e-02
1.918548776382751e-02
2.265425690595986e-02
2.670955942814791e-02
3.144363398635348e-02
3.695514961448248e-02
4.335830372181987e-02
5.077573254773692e-02
5.934626216386723e-02
6.921928385560901e-02
8.055920192696650e-02
9.352850753638080e-02
1.083182541634837e-01
1.251130925297273e-01
1.440938742505454e-01
1.654533296620461e-01
1.893621452494748e-01
2.159746677910667e-01
2.454160291628994e-01
2.777644646433888e-01
3.130475082638341e-01
3.512120567650270e-01
3.921410297663112e-01
4.355991223375237e-01
4.812572129834738e-01
5.286391590079537e-01
5.771717918890192e-01
6.261419022357343e-01
6.747835804585433e-01
7.222000891394884e-01
7.675290643551979e-01
8.098860999979476e-01
8.484909690514794e-01
8.827109843035774e-01
9.121029418163943e-01
9.365245044803636e-01
9.560080074858556e-01
9.708996390639740e-01
9.817378847134087e-01
9.892036592363171e-01
9.940379197129868e-01
9.969546653598806e-01
9.985791663661302e-01
9.994042412086172e-01
9.997725636299086e-01
9.999212760375975e-01
9.999759009694060e-01
9.999935653356875e-01
9.999985237514188e-01
9.999997137504746e-01
9.999999538999592e-01
9.999999939545640e-01
9.999999993682176e-01
9.999999999487118e-01
9.999999999968273e-01
9.999999999998593e-01
9.999999999999946e-01
1.000000000000000e+00
9.999999999999999e-01
1.000000000000000e+00
1.000000000000000e+00
1.000000000000000e+00
1.000000000000000e+00
1.000000000000000e+00
1.000000000000000e+00
1.000000000000000e+00
1.000000000000000e+00
1.000000000000000e+00
1.000000000000000e+00
###8.200000000000003e+00
2.745381208015356e-09
3.490952734149982e-09
4.386387225791835e-09
5.458164858565715e-09
6.774183459110335e-09
8.389791570225454e-09
1.035642037922133e-08
1.275595144433513e-08
1.568676351003284e-08
1.926699982808013e-08
2.363542819149645e-08
2.897029263562879e-08
3.548544142475029e-08
4.343991236703126e-08
5.315444249467835e-08
6.500440520239444e-08
7.946309881392981e-08
9.710370958433354e-08
1.186214924228598e-07
1.448557742641109e-07
1.769091637689569e-07
2.158318843905915e-07
2.633357396476498e-07
3.212407202988704e-07
3.917328241185500e-07
4.775792572472780e-07
5.821193953922181e-07
7.093604057499178e-07
8.641838532821096e-07
1.052536478207411e-06
1.281636660915937e-06
1.560184284037908e-06
1.898868892526130e-06
2.310304493791141e-06
2.810421419190742e-06
3.417407009204361e-06
4.154592861623121e-06
5.049368968803889e-06
6.135269434333968e-06
7.451997132186719e-06
9.048789708782807e-06
1.098438457590281e-05
1.332978900241166e-05
1.617071494110301e-05
1.961114473375843e-05
2.377403280510683e-05
2.881072117387980e-05
3.490307168627764e-05
4.226664790701895e-05
5.116378414433395e-05
6.191111589339049e-05
7.488354100972234e-05
9.054047885086247e-05
1.094197300767512e-04
1.321776583726166e-04
1.595947607949646e-04
1.926220716016417e-04
2.323479712687900e-04
2.801247767221214e-04
3.375680339025415e-04
4.065688901931350e-04
4.894064777734381e-04
5.887570134008723e-04
7.078505864078267e-04
8.505614737078824e-04
1.021366263877726e-03
1.225607547345930e-03
1.469736818841257e-03
1.761267424833687e-03
2.108843657713638e-03
2.523155940665513e-03
3.016700910490468e-03
3.603756558809399e-03
4.300586136500945e-03
5.127897941877884e-03
6.108450416273838e-03
7.269155522971860e-03
8.641614454207334e-03
1.026159932738491e-02
1.217164669027440e-02
1.441872904843713e-02
1.705903554391357e-02
2.015615433117597e-02
2.378151162069548e-02
2.801558435365201e-02
3.295313583108007e-02
3.869531848863551e-02
4.535853467921065e-02
5.306838920864902e-02
6.196525214814898e-02
7.220091566173854e-02
8.394170186508006e-02
9.734917971842938e-02
1.126160503139618e-01
1.299252401934275e-01
1.494545649596175e-01
1.713927418051703e-01
1.959038651001824e-01
2.231333852855812e-01
2.531953333000162e-01
2.861539019827226e-01
3.220183784664680e-01
3.607172870770098e-01
4.021109547558262e-01
4.459429062796024e-01
4.918584935088958e-01
5.393597575718356e-01
5.878541009985567e-01
6.366139399688862e-01
6.848663266247316e-01
7.317159112834595e-01
7.763138493188712e-01
8.178000053906272e-01
8.554292778219397e-01
8.886132837400723e-01
9.169608148420955e-01
9.403716384569744e-01
9.589311478760475e-01
9.730191730709928e-01
9.831958614547948e-01
9.901487701200454e-01
9.946105714332077e-01
9.972758661069140e-01
9.987439535165129e-01
9.994803714307446e-01
9.998044138540534e-01
9.999332924508959e-01
9.999799053034851e-01
9.999947275724457e-01
9.999988131990011e-01
9.999997745759295e-01
9.999999644997341e-01
9.999999954557106e-01
9.999999995373248e-01
9.999999999634712e-01
9.999999999978069e-01
9.999999999999057e-01
9.999999999999964e-01
1.000000000000000e+00
9.999999999999999e-01
1.000000000000000e+00
1.000000000000000e+00
1.000000000000000e+00
1.000000000000000e+00
1.000000000000000e+00
1.000000000000000e+00
1.000000000000000e+00
1.000000000000000e+00
1.000000000000000e+00
1.000000000000000e+00
###8.400000000000002e+00
2.964825842586164e-09
3.766952383187771e-09
4.733283637346967e-09
5.889598694609834e-09
7.309243886635538e-09
9.051812805088017e-09
1.117255203069842e-08
1.375962646410846e-08
1.691892827739183e-08
2.077755374101430e-08
2.548469176346016e-08
3.123202045842931e-08
3.824955315246019e-08
4.681558522325638e-08
5.727492001957041e-08
7.003065084445099e-08
8.559117646040721e-08
1.045719871887068e-07
1.277194218300333e-07
1.559342048075941e-07
1.903978163413265e-07
2.322415766313060e-07
2.832961843955269e-07
3.455148280426987e-07
4.212396473947920e-07
5.134359643751185e-07
6.256809402783251e-07
7.622654787833702e-07
9.284147478383959e-07
1.130493441256392e-06
1.376224054473119e-06
1.674910966852055e-06
2.037984066668272e-06
2.478923461140494e-06
3.014754191443210e-06
3.664893797640346e-06
4.454261618003259e-06
5.412090712742142e-06
6.574161870514771e-06
7.982814394816286e-06
9.690547242061281e-06
1.175996394959086e-05
1.426670906344415e-05
1.730205820031646e-05
2.097670889839424e-05
2.542145671447870e-05
3.079729175833600e-05
3.729756556685871e-05
4.515129374668634e-05
5.463713647543563e-05
6.609128656640799e-05
7.991149801929363e-05
9.658507329405026e-05
1.166820678410931e-04
1.408979284838676e-04
1.700591521534594e-04
2.051726187652897e-04
2.473898111352207e-04
2.981370415848437e-04
3.591250776421630e-04
4.323492592978750e-04
5.202143954008878e-04
6.255421483033981e-04
7.517314614134657e-04
9.028751557543045e-04
1.083670612411756e-03
1.299738150591143e-03
1.557856834455168e-03
1.865912246836377e-03
2.232966967771921e-03
2.670226140842884e-03
3.190772604486788e-03
3.809538390536823e-03
4.543504977611321e-03
5.414289605081506e-03
6.445628334744663e-03
7.665529516601918e-03
9.106865144182743e-03
1.080675634463458e-02
1.280925022415974e-02
1.516328703149523e-02
1.792667956721065e-02
2.116509782319112e-02
2.495220218972579e-02
2.937071517114850e-02
3.451793772151733e-02
4.049748086157243e-02
4.742796197207879e-02
5.543785046122299e-02
6.466904946951235e-02
7.527560487833858e-02
8.742558012555988e-02
1.012795443119715e-01
1.170314912825962e-01
1.348623811580003e-01
1.549466548829689e-01
1.774686162162972e-01
2.025853331882780e-01
2.304329016822065e-01
2.611136372247928e-01
2.946774933291715e-01
3.311148728929738e-01
3.703357851427455e-01
4.121776847077703e-01
4.563627307254776e-01
5.025113465109996e-01
5.501042266760393e-01
5.985302633069581e-01
6.470487515697720e-01
6.948811785855773e-01
7.410368101441708e-01
7.849779917860096e-01
8.255745198330977e-01
8.622164493600728e-01
8.943604592532786e-01
9.216668521747837e-01
9.440784998465199e-01
9.617308096176957e-01
9.750357081282819e-01
9.845727924747431e-01
9.910340181705178e-01
9.951420054425901e-01
9.975708743204359e-01
9.988935303344472e-01
9.995485499423080e-01
9.998325375318131e-01
9.999437480111063e-01
9.999833340131161e-01
9.999957054687926e-01
9.999990521368120e-01
9.999998237563812e-01
9.999999728792200e-01
9.999999966137985e-01
9.999999996643995e-01
9.999999999742499e-01
9.999999999985019e-01
9.999999999999373e-01
9.999999999999978e-01
1.000000000000000e+00
1.000000000000000e+00
1.000000000000000e+00
1.000000000000000e+00
1.000000000000000e+00
1.000000000000000e+00
1.000000000000000e+00
1.000000000000000e+00
1.000000000000000e+00
1.000000000000000e+00
1.000000000000000e+00
1.000000000000000e+00
###8.600000000000001e+00
3.199640932133227e-09
4.062366653963163e-09
5.104585644152748e-09
6.351362059207516e-09
7.881878902664033e-09
9.760263084103151e-09
1.204582501597914e-08
1.483343722276210e-08
1.823700994253306e-08
2.239319139781775e-08
2.746227926344306e-08
3.365027553182544e-08
4.120442752599450e-08
5.042355340205424e-08
6.167809641021489e-08
7.540066597199047e-08
9.213703876903915e-08
1.125477380240048e-07
1.374334653913868e-07
1.677602548765480e-07
2.047935736197666e-07
2.497516815762522e-07
3.045889960547729e-07
3.714030937719090e-07
4.527009656467081e-07
5.516583518162199e-07
6.721048692541210e-07
8.186325464438129e-07
9.968310389014244e-07
1.213508368523124e-06
1.476921499511890e-06
1.797015466663088e-06
2.186004584903448e-06
2.658286122128202e-06
3.232044266802677e-06
3.927998224582842e-06
4.772747213834815e-06
5.797473218541438e-06
7.040331971922749e-06
8.546448326202252e-06
1.037176608508318e-05
1.258297018292380e-05
1.526059887778628e-05
1.850179638205647e-05
2.242434042706751e-05
2.716728951046481e-05
3.290179643081217e-05
3.983330972706362e-05
4.820500061939320e-05
5.831269931634621e-05
7.051315785918289e-05
8.522814256157822e-05
1.029742383389555e-04
1.243553443193779e-04
1.501079018810408e-04
1.811066233100950e-04
2.184168887220833e-04
2.632561644260023e-04
3.171283944751558e-04
3.818436663450392e-04
4.595062521246333e-04
5.526521521904788e-04
6.642546890970127e-04
7.978891720835406e-04
9.578752049269343e-04
1.149140681832080e-03
1.377594305679005e-03
1.650355423624222e-03
1.975695862331408e-03
2.363111608795674e-03
2.824340895123885e-03
3.373073050478602e-03
4.024915315675688e-03
4.797589553333235e-03
5.713650754603674e-03
6.797839617402984e-03
8.079290346349048e-03
9.592177976565506e-03
1.137500436951522e-02
1.347334156432838e-02
1.593818850538246e-02
1.882895308288985e-02
2.221343729171311e-02
2.616755183862098e-02
3.077628586968792e-02
3.613946686869034e-02
4.236315832859470e-02
4.956818675427604e-02
5.788578342850221e-02
6.745935844558412e-02
7.844506126710322e-02
9.101251535172204e-02
1.053211862722883e-01
1.215660115681966e-01
1.399257238079926e-01
1.605710386549898e-01
1.836814368703433e-01
2.094065161079441e-01
2.378725511178952e-01
2.691696486537036e-01
3.033329742482412e-01
3.403334914948565e-01
3.800632777281328e-01
4.223358417424293e-01
4.668521206126574e-01
5.132081971278069e-01
5.608639556207681e-01
6.091906557361592e-01
6.574357867940498e-01
7.048151074775215e-01
7.502811017895982e-01
7.935065266536458e-01
8.331989687127117e-01
8.688436160141018e-01
8.999457656984956e-01
9.262167412166600e-01
9.476415921423441e-01
9.644055064122550e-01
9.769490130681555e-01
9.858693512192681e-01
9.918604769677581e-01
9.956334243461002e-01
9.978407521044533e-01
9.990287107881485e-01
9.996093158229055e-01
9.998572405737921e-01
9.999527931816086e-01
9.999862513423171e-01
9.999965225778514e-01
9.999992478865711e-01
9.999998631920074e-01
9.999999794436145e-01
9.999999974984202e-01
9.999999997588693e-01
9.999999999820302e-01
9.999999999989889e-01
9.999999999999585e-01
9.999999999999988e-01
1.000000000000000e+00
1.000000000000000e+00
1.000000000000000e+00
1.000000000000000e+00
1.000000000000000e+00
1.000000000000000e+00
1.000000000000000e+00
1.000000000000000e+00
1.000000000000000e+00
1.000000000000000e+00
1.000000000000000e+00
1.000000000000000e+00
###8.800000000000001e+00
3.450782037320877e-09
4.378401687854145e-09
5.501809913787509e-09
6.845338208938247e-09
8.494418850593175e-09
1.051801766490639e-08
1.297977132806838e-08
1.598170920114323e-08
1.964629410461096e-08
2.412036026776454e-08
2.957604122407606e-08
3.623460422573005e-08
4.436166137358199e-08
5.427789086420482e-08
6.638103973057531e-08
8.113513023867872e-08
9.912572354064746e-08
1.210612574656177e-07
1.478002582164696e-07
1.803781985177194e-07
2.201499261892165e-07
2.684258083367281e-07
3.272920205153207e-07
3.989994584870009e-07
4.862300041062988e-07
5.923828215973964e-07
7.215554329558343e-07
8.786592958017535e-07
1.069670525819128e-06
1.301867168811759e-06
1.584072575868346e-06
1.926910448197696e-06
2.343425845044368e-06
2.848986824439217e-06
3.463004400627443e-06
4.207574400465624e-06
5.111072648246044e-06
6.206740995405664e-06
7.535244679300331e-06
9.144650317681173e-06
1.109453840243182e-05
1.345590159916828e-05
1.631443862607589e-05
1.977348259632692e-05
2.395827241361396e-05
2.901657025742360e-05
3.513022902391047e-05
4.251742855574944e-05
5.143622835511525e-05
6.220050996987244e-05
7.518862795300787e-05
9.084756517776629e-05
1.097246452776986e-04
1.324592633578486e-04
1.598308420873468e-04
1.927646098290720e-04
2.323872031532184e-04
2.799850636239175e-04
3.371435187904651e-04
4.057762406972965e-04
4.881013277325155e-04
5.867916735881805e-04
7.049786831223162e-04
8.464217495153079e-04
1.015675827196858e-03
1.217909302006301e-03
1.459330108146615e-03
1.747411075771625e-03
2.090824593784493e-03
2.499515529614550e-03
2.985774003301388e-03
3.563916544750440e-03
4.250247177743498e-03
5.063250641076818e-03
6.026448891655090e-03
7.165614517947081e-03
8.511037467085788e-03
1.009822812383188e-02
1.196710085944394e-02
1.416483930614297e-02
1.674437309630611e-02
1.976689396964764e-02
2.330231236533498e-02
2.742882567260378e-02
3.223366724006151e-02
3.781916730840981e-02
4.429388564742188e-02
5.178081912205171e-02
6.041385801237893e-02
7.033787887834450e-02
8.171098082365999e-02
9.470416050698449e-02
1.094756521269876e-01
1.262209916366745e-01
1.451164051348377e-01
1.663285210072707e-01
1.900315786466999e-01
2.163672529541821e-01
2.454515251966535e-01
2.773618008086757e-01
3.121179277194477e-01
3.496712830931467e-01
3.898953871873787e-01
4.325800070620847e-01
4.774046718608395e-01
5.239417419137135e-01
5.716309290597557e-01
6.198269294668759e-01
6.677668070178981e-01
7.146625821370070e-01
7.595063304287567e-01
8.018980200514352e-01
8.406687498976113e-01
8.753067610728266e-01
9.053658367953661e-01
9.306074475853463e-01
9.510608723820128e-01
9.669552520924308e-01
9.787599004983594e-01
9.870867313901109e-01
9.926296767310603e-01
9.960862688864145e-01
9.980867169571863e-01
9.991503757303306e-01
9.996632279459220e-01
9.998788296024427e-01
9.999605746975775e-01
9.999887182581895e-01
9.999971825538339e-01
9.999994067919294e-01
9.999998945711538e-01
9.999999845280063e-01
9.999999981704861e-01
9.999999998274353e-01
9.999999999878501e-01
9.999999999992478e-01
9.999999999999950e-01
9.999999999999930e-01
1.000000000000002e+00
9.999999999999996e-01
1.000000000000000e+00
1.000000000000000e+00
1.000000000000000e+00
1.000000000000000e+00
1.000000000000000e+00
1.000000000000000e+00
1.000000000000000e+00
1.000000000000000e+00
1.000000000000000e+00
1.000000000000000e+00
###9.000000000000000e+00
3.719256850046203e-09
4.716329646857778e-09
5.926556144387605e-09
7.373513398080006e-09
9.149321359932319e-09
1.132810860261296e-08
1.397811496118073e-08
1.720900262251575e-08
2.115235252088061e-08
2.596585568958330e-08
3.183425035838336e-08
3.899506448279711e-08
4.773347067927138e-08
5.839342006935324e-08
7.140172203097063e-08
8.725581419515599e-08
1.065835836469149e-07
1.301444249879237e-07
1.588583420911114e-07
1.938346029693154e-07
2.365231223266301e-07
2.883318298968106e-07
3.514871822835358e-07
4.284026328197439e-07
5.219457067493474e-07
6.357526282999571e-07
7.742050881712382e-07
9.425532348132612e-07
1.147182754203387e-06
1.395869788145541e-06
1.698037630169104e-06
2.065028594029286e-06
2.510767116374845e-06
3.051648367902335e-06
3.708381229099002e-06
4.504516772592052e-06
5.470308863448054e-06
6.641175549812728e-06
8.060432766372523e-06
9.779251804561796e-06
1.186105163119091e-05
1.438136852243739e-05
1.743134196407914e-05
2.112082770108117e-05
2.558292434006464e-05
3.097455793823411e-05
3.748884259843393e-05
4.535735101889782e-05
5.485379585259480e-05
6.631102719416681e-05
8.013008971670121e-05
9.678443604331394e-05
1.168536436953252e-04
1.410143213972029e-04
1.700909372249600e-04
2.050616246725422e-04
2.471171369997373e-04
2.976159961139858e-04
3.582287844090882e-04
4.309771923437701e-04
5.181981970878253e-04
6.227074795261726e-04
7.478011592400932e-04
8.974306444324020e-04
1.076395138000007e-03
1.290113675956958e-03
1.545104722946928e-03
1.849208025119764e-03
2.211511251164114e-03
2.642423976659435e-03
3.154807439633599e-03
3.763626499056729e-03
4.485903932023522e-03
5.340910168347137e-03
6.353163738401442e-03
7.549500871446031e-03
8.961384824742839e-03
1.062570625947972e-02
1.258381962456186e-02
1.488452480112241e-02
1.758279794422632e-02
2.074155791998904e-02
2.443291920859563e-02
2.873726329332643e-02
3.374418317170944e-02
3.955847932381257e-02
4.629120452236940e-02
5.406747078499478e-02
6.302373814010345e-02
7.330629538626525e-02
8.507503272205953e-02
9.850212690471474e-02
1.137444302363222e-01
1.309977334967671e-01
1.504354605051527e-01
1.722197790147044e-01
1.965192599957969e-01
2.234671954138760e-01
2.531687958953417e-01
2.856882747726122e-01
3.210296525466200e-01
3.591245528990972e-01
3.998273935091100e-01
4.429043896441435e-01
4.880135736252902e-01
5.347042223362757e-01
5.823965941396098e-01
6.304299628961860e-01
6.780324133852113e-01
7.244144277659934e-01
7.686032085694271e-01
8.101446837049188e-01
8.479768930525272e-01
8.816002938689831e-01
9.106165951300228e-01
9.348370668074150e-01
9.543347314970755e-01
9.693802511975477e-01
9.804694709038939e-01
9.882266144036194e-01
9.933433596770163e-01
9.965021648950056e-01
9.983100383584653e-01
9.992594200568565e-01
9.997108397875244e-01
9.998976018439020e-01
9.999672319551384e-01
9.999907917198383e-01
9.999977485613494e-01
9.999995351391777e-01
9.999999193214074e-01
9.999999884453853e-01
9.999999986729304e-01
9.999999998777253e-01
9.999999999918447e-01
9.999999999994588e-01
1.000000000000009e+00
9.999999999999923e-01
1.000000000000002e+00
9.999999999999994e-01
1.000000000000000e+00
1.000000000000000e+00
1.000000000000000e+00
1.000000000000000e+00
1.000000000000000e+00
1.000000000000000e+00
1.000000000000000e+00
1.000000000000000e+00
1.000000000000000e+00
1.000000000000000e+00
###9.199999999999999e+00
4.006127878450734e-09
5.077491927072692e-09
6.380511084788947e-09
7.937981861774926e-09
9.849177485288796e-09
1.219373236548187e-08
1.504478139661058e-08
1.852012371881788e-08
2.276105662836641e-08
2.793683746696165e-08
3.424562163255795e-08
4.194225005297009e-08
5.133271981122806e-08
6.278574726288912e-08
7.675906184078693e-08
9.378563015465381e-08
1.145383481750085e-07
1.398307776069196e-07
1.706482535112718e-07
2.081784345547379e-07
2.539722936544034e-07
3.095410814937631e-07
3.772605022671785e-07
4.597163114455737e-07
5.599729910661713e-07
6.819181817355526e-07
8.302348572804411e-07
1.010532119623461e-06
1.229629518112653e-06
1.495830811789597e-06
1.819194489016247e-06
2.211823426758943e-06
2.688572539447651e-06
3.266923189402855e-06
3.968956687907164e-06
4.819761779011717e-06
5.851576738940723e-06
7.102117746408664e-06
8.617499119900970e-06
1.045216780309651e-05
1.267359215110107e-05
1.536209872409825e-05
1.861456117175742e-05
2.254770649675250e-05
2.730290913960848e-05
3.304673970611556e-05
3.998415898992705e-05
4.836081496486915e-05
5.846689359576866e-05
7.065514655513334e-05
8.535044832502631e-05
1.030540253435825e-04
1.243792850267801e-04
1.500418346567889e-04
1.809133316435471e-04
2.180272941903829e-04
2.626415597445859e-04
3.161899514519061e-04
3.804323016283025e-04
4.575029249766356e-04
5.498628932285303e-04
6.604767635010210e-04
7.928122171761804e-04
9.510208276535202e-04
1.140155274767035e-03
1.365895621207594e-03
1.635082524604976e-03
1.955936406955543e-03
2.337975305166085e-03
2.792089685863449e-03
3.331731565259929e-03
3.972535675382345e-03
4.732265910448650e-03
5.631001509181742e-03
6.694287691650113e-03
7.950071764633427e-03
9.430961207731648e-03
1.117531858210653e-02
1.322595032764998e-02
1.563330260723637e-02
1.845443666442141e-02
2.175401775066798e-02
2.560639174820011e-02
3.009413530131700e-02
3.530920716042355e-02
4.135887983694054e-02
4.835666282974684e-02
5.642975424330136e-02
6.571708098145400e-02
7.636627668131449e-02
8.853885876148375e-02
1.024079840689281e-01
1.181289511813273e-01
1.358974620979828e-01
1.558838264888318e-01
1.782453670639621e-01
2.031445510354183e-01
2.307058202741396e-01
2.610231342020982e-01
2.941470266399139e-01
3.300652008650715e-01
3.686893481302724e-01
4.098543123121905e-01
4.533029439659564e-01
4.986717814267772e-01
5.454876858236151e-01
5.931522610851725e-01
6.409905628807668e-01
6.882232078867906e-01
7.340612462702722e-01
7.775638178086668e-01
8.182383745595913e-01
8.551168052311863e-01
8.877191162507782e-01
9.156945984244796e-01
9.389038161426433e-01
9.574627908910848e-01
9.716812685498729e-01
9.820792720537589e-01
9.892909279858948e-01
9.940034802598348e-01
9.968828310098574e-01
9.985120403757151e-01
9.993567495741351e-01
9.997526965196998e-01
9.999138431912123e-01
9.999728961252067e-01
9.999925240243299e-01
9.999982107417732e-01
9.999996381375440e-01
9.999999386904065e-01
9.999999914406464e-01
9.999999990446659e-01
9.999999999143772e-01
9.999999999945194e-01
9.999999999996338e-01
1.000000000000009e+00
9.999999999999943e-01
1.000000000000001e+00
9.999999999999996e-01
1.000000000000000e+00
1.000000000000000e+00
1.000000000000000e+00
1.000000000000000e+00
1.000000000000000e+00
1.000000000000000e+00
1.000000000000000e+00
1.000000000000000e+00
1.000000000000000e+00
1.000000000000000e+00
###9.399999999999999e+00
4.312515024696099e-09
5.463302419542021e-09
6.865452707420273e-09
8.540951876715636e-09
1.059671807479026e-08
1.311825734305294e-08
1.618390709085332e-08
1.992013639033222e-08
2.447859180803728e-08
3.004084703045761e-08
3.681933301412205e-08
4.508731554212884e-08
5.517295175283923e-08
6.747130024203716e-08
8.247296783753849e-08
1.007486846300725e-07
1.230191852559280e-07
1.501555849571148e-07
1.832126138430289e-07
2.234611652640948e-07
2.725595846110372e-07
3.321285143938915e-07
4.047023400120666e-07
4.930493917369547e-07
6.004430087163007e-07
7.310373572067998e-07
8.898346970308083e-07
1.082824393124071e-06
1.317285386754841e-06
1.602080081910526e-06
1.947939191219950e-06
2.367770203666482e-06
2.877412154172486e-06
3.495494757541995e-06
4.245549438453265e-06
5.154289538705693e-06
6.256049076000950e-06
7.590970110962865e-06
9.208119894500644e-06
1.116539643497318e-05
1.353454911391798e-05
1.640094170252053e-05
1.986749236928989e-05
2.405816401933925e-05
2.912304028320284e-05
3.523883911601175e-05
4.262297835842377e-05
5.153586316034877e-05
6.228509696581235e-05
7.524421540302318e-05
9.086313872373897e-05
1.096722234605882e-04
1.323203458578806e-04
1.595639659658957e-04
1.923241566190818e-04
2.316923934088224e-04
2.789966765369394e-04
3.357494672782599e-04
4.038039732533698e-04
4.854119137869327e-04
5.831638375880687e-04
7.001794671813098e-04
8.401051109751625e-04
1.007300882836092e-03
1.207082499975775e-03
1.445401662738671e-03
1.729433221201901e-03
2.067792391594141e-03
2.470443030341956e-03
2.948773032206639e-03
3.516845280485020e-03
4.190986336413108e-03
4.989723954964181e-03
5.933969595319560e-03
7.050325690880291e-03
8.367877381882076e-03
9.920410023090423e-03
1.174778703366652e-02
1.389429949362266e-02
1.641207701235292e-02
1.936028071892891e-02
2.280536302971685e-02
2.682389032094904e-02
3.150073114895482e-02
3.693012556890003e-02
4.322184679623311e-02
5.049181377325072e-02
5.886928131302771e-02
6.849553504585594e-02
7.951947314544845e-02
9.210407044259081e-02
1.064232563651261e-01
1.226305838574450e-01
1.409213210296340e-01
1.614623363014905e-01
1.844057122916177e-01
2.099073692290865e-01
2.380824266622062e-01
2.690132972878987e-01
3.027357879529798e-01
3.392213793888518e-01
3.783614615921697e-01
4.199709023047191e-01
4.637693819140685e-01
5.093720354877804e-01
5.562840126486894e-01
6.038891409424476e-01
6.514995247835400e-01
6.983298892484405e-01
7.435938918742990e-01
7.863804441101810e-01
8.261714913384482e-01
8.620824627764896e-01
8.936587797513322e-01
9.205970844895953e-01
9.428065709987788e-01
9.604452944342118e-01
9.738596045130025e-01
9.835912725104985e-01
9.902818989647449e-01
9.946121776265106e-01
9.972300697468961e-01
9.986940779828992e-01
9.994432669882878e-01
9.997893278214303e-01
9.999278251376468e-01
9.999776891242881e-01
9.999939626455168e-01
9.999985859595691e-01
9.999997201571301e-01
9.999999537333510e-01
9.999999937094798e-01
9.999999993176324e-01
9.999999999406824e-01
9.999999999963254e-01
9.999999999997623e-01
1.000000000000006e+00
9.999999999999966e-01
1.000000000000001e+00
9.999999999999998e-01
1.000000000000000e+00
1.000000000000000e+00
1.000000000000000e+00
1.000000000000000e+00
1.000000000000000e+00
1.000000000000000e+00
1.000000000000000e+00
1.000000000000000e+00
1.000000000000000e+00
1.000000000000000e+00
###9.599999999999998e+00
4.639598326269028e-09
5.875251022965188e-09
7.383254555932060e-09
9.184753032333928e-09
1.139482153938340e-08
1.410523238236516e-08
1.739984946005638e-08
2.141437435977210e-08
2.631147208298692e-08
3.228582531500786e-08
3.956504708126877e-08
4.844200306602805e-08
5.926841943452420e-08
7.246736930123797e-08
8.856438427952030e-08
1.081703328611446e-07
1.320567674162875e-07
1.611559277444596e-07
1.965962229834307e-07
2.397368859647168e-07
2.923502859198054e-07
3.561728555734981e-07
4.339075840445542e-07
5.285162007386384e-07
6.434934157772610e-07
7.832758170332407e-07
9.532038827462298e-07
1.159669639022335e-06
1.410438241246227e-06
1.714963336497516e-06
2.084686744442985e-06
2.533366803721765e-06
3.077882963610410e-06
3.738079181739830e-06
4.539016349399314e-06
5.509125587673634e-06
6.684952560219271e-06
8.109199165927651e-06
9.834047154209949e-06
1.192101495947865e-05
1.444641816248137e-05
1.750087313953609e-05
2.119368086797424e-05
2.565642060173887e-05
3.104833918642503e-05
3.755682482297550e-05
4.541238950062039e-05
5.489094623261642e-05
6.631838010798301e-05
8.009004868778895e-05
9.668214356088287e-05
1.166555618756282e-04
1.406963519309439e-04
1.696037522848688e-04
2.043505618472426e-04
2.460888819869195e-04
2.962200668414046e-04
3.563386758414041e-04
4.283955472395565e-04
5.147647639677801e-04
6.181719067596175e-04
7.418983551482901e-04
8.897763322766247e-04
1.066383098659330e-03
1.277307302761331e-03
1.528783134625257e-03
1.828331974761905e-03
2.184978313688223e-03
2.609147642693662e-03
3.112742174652499e-03
3.710456175637053e-03
4.419330398865904e-03
5.258679568391970e-03
6.250271055706730e-03
7.421795359143907e-03
8.803502639696445e-03
1.043038936610193e-02
1.234384925811878e-02
1.458969011978326e-02
1.722179954858992e-02
2.030133881903468e-02
2.389670048900926e-02
2.808664980914631e-02
3.295835523123807e-02
3.860833705535300e-02
4.514886407163281e-02
5.269821438647634e-02
6.138766134005645e-02
7.136073797315191e-02
8.276751414564951e-02
9.577224578022231e-02
1.105494193641278e-01
1.272506313084653e-01
1.460703679557115e-01
1.671717149356096e-01
1.907011095175579e-01
2.168074744148674e-01
2.455961308203093e-01
2.771374707087228e-01
3.114520621806478e-01
3.484947492248823e-01
3.881364339730572e-01
4.301716713955999e-01
4.742971826951694e-01
5.201068754369507e-01
5.670849352782767e-01
6.145983694811284e-01
6.619476616051283e-01
7.083432836545122e-01
7.530034989335465e-01
7.950463800939096e-01
8.339369897095578e-01
8.688684276436194e-01
8.994154872891439e-01
9.253219605102290e-01
9.465448701176473e-01
9.632830726341106e-01
9.759170508424631e-01
9.850078147776909e-01
9.912020084197244e-01
9.951717372592805e-01
9.975457483784982e-01
9.988575170975384e-01
9.995198603233602e-01
9.998212423509438e-01
9.999398026557574e-01
9.999817230287162e-01
9.999951502908448e-01
9.999988887737639e-01
9.999997849860487e-01
9.999999653277816e-01
9.999999954127745e-01
9.999999995164580e-01
9.999999999593184e-01
9.999999999975473e-01
9.999999999998507e-01
1.000000000000003e+00
9.999999999999981e-01
1.000000000000000e+00
9.999999999999999e-01
1.000000000000000e+00
1.000000000000000e+00
1.000000000000000e+00
1.000000000000000e+00
1.000000000000000e+00
1.000000000000000e+00
1.000000000000000e+00
1.000000000000000e+00
1.000000000000000e+00
1.000000000000000e+00
###9.799999999999997e+00
4.988620843225775e-09
6.314907220670739e-09
7.935890266003582e-09
9.871831067018094e-09
1.224652308164426e-08
1.515839516704224e-08
1.869719727818164e-08
2.300845383931562e-08
2.826655550245922e-08
3.468013138997600e-08
4.249293353576651e-08
5.201866780389392e-08
6.363411840921274e-08
7.779212830541126e-08
9.505533828666327e-08
1.160772355242941e-07
1.416833396515030e-07
1.728707793150499e-07
2.108461570062098e-07
2.570624229004725e-07
3.134132848097326e-07
3.817567741895426e-07
4.649758503958904e-07
5.662367316731861e-07
6.892686542550288e-07
8.388073453274882e-07
1.020551404128484e-06
1.241319549917109e-06
1.509389834080741e-06
1.834842872174603e-06
2.229871905347618e-06
2.709134645897034e-06
3.290610006048290e-06
3.995424265657582e-06
4.850224528329630e-06
5.885342569108546e-06
7.139570092950599e-06
8.658338064135756e-06
1.049711204078178e-05
1.272122696668348e-05
1.541180584547509e-05
1.866499982149169e-05
2.259682696800957e-05
2.734688006019241e-05
3.308404306896911e-05
4.000691973973673e-05
4.835978045092179e-05
5.843482841690186e-05
7.057713036792064e-05
8.520494574538945e-05
1.028220129130177e-04
1.240212356187385e-04
1.495276040933636e-04
1.801851346224194e-04
2.170207498874813e-04
2.612499438007334e-04
3.143507318296146e-04
3.780033560086203e-04
4.542606761054204e-04
5.456242794269385e-04
6.549605095917648e-04
7.857191023877307e-04
9.419257094160160e-04
1.128383580668342e-03
1.350964525133362e-03
1.616196322125748e-03
1.931959561231414e-03
2.307702852425817e-03
2.754329502467003e-03
3.284273283986737e-03
3.912880785891606e-03
4.657929722794991e-03
5.539545255356088e-03
6.580374623145079e-03
7.809227558008880e-03
9.257546836118364e-03
1.096157292901138e-02
1.296425967052962e-02
1.531296425770045e-02
1.806354648755639e-02
2.127864048578148e-02
2.502915551823060e-02
2.939589382526658e-02
3.446832753843507e-02
4.034525313161633e-02
4.714147609029348e-02
5.497742546009441e-02
6.398650034366549e-02
7.431431517025412e-02
8.611200607811542e-02
9.954492675970145e-02
1.147878967697096e-01
1.319903270045113e-01
1.513455704071431e-01
1.730125744223831e-01
1.971317160823253e-01
2.238444631839334e-01
2.532458586307915e-01
2.853937648499483e-01
3.202931173504747e-01
3.578816238388084e-01
3.980095547960979e-01
4.404508819345271e-01
4.848796021324712e-01
5.308686544878990e-01
5.778820570735463e-01
6.252710300804907e-01
6.723258300882077e-01
7.182543717477968e-01
7.622814974587263e-01
8.035537150664309e-01
8.415283753233751e-01
8.754698531309768e-01
9.049860859042306e-01
9.298677857750943e-01
9.501188508557383e-01
9.659775034809319e-01
9.778558453480305e-01
9.863315687474560e-01
9.920539477733876e-01
9.956845550220453e-01
9.978317719842286e-01
9.990037172229019e-01
9.995873932379197e-01
9.998489234126851e-01
9.999500127712686e-01
9.999850994742477e-01
9.999960640994865e-01
9.999991307859900e-01
9.999998358967519e-01
9.999999741549636e-01
9.999999966894120e-01
9.999999996570675e-01
9.999999999732274e-01
9.999999999981206e-01
9.999999999999810e-01
9.999999999999803e-01
1.000000000000005e+00
9.999999999999986e-01
1.000000000000000e+00
9.999999999999999e-01
1.000000000000000e+00
1.000000000000000e+00
1.000000000000000e+00
1.000000000000000e+00
1.000000000000000e+00
1.000000000000000e+00
1.000000000000000e+00
1.000000000000000e+00
1.000000000000000e+00
###9.999999999999996e+00
5.360891403842096e-09
6.783923836759864e-09
8.525438289912911e-09
1.060476604883274e-08
1.315500856745534e-08
1.628168110152019e-08
2.008078154163085e-08
2.470828676398929e-08
3.035106021774130e-08
3.723256195770050e-08
4.561369278281752e-08
5.583030781945128e-08
6.828582127396496e-08
8.346469715081073e-08
1.019689895650662e-07
1.244974188011216e-07
1.519327913612163e-07
1.853410922123083e-07
2.260118725786421e-07
2.754974670380138e-07
3.358215496546446e-07
4.089670656666047e-07
4.980116939285676e-07
6.063368939888263e-07
7.379202487908727e-07
8.978142010509234e-07
1.092096395028029e-06
1.328039389450464e-06
1.614456390952926e-06
1.962098235717017e-06
2.383950003772267e-06
2.895619648336151e-06
3.516247486006059e-06
4.268313355347810e-06
5.180135065296770e-06
6.284062099851440e-06
7.621242793853767e-06
9.239989109214825e-06
1.119922774523293e-05
1.356831502856884e-05
1.643343386372308e-05
1.989656454985734e-05
2.408079185599127e-05
2.913413564199206e-05
3.523561245799678e-05
4.259560973268336e-05
5.147284878786777e-05
6.217663735730990e-05
7.507216153108155e-05
9.060170588855942e-05
1.092978819796412e-04
1.317871237078514e-04
1.588352016488123e-04
1.913329846627623e-04
2.303640063929452e-04
2.772100211307857e-04
3.334291325342735e-04
4.007909764086893e-04
4.814549649720407e-04
5.780555156334722e-04
6.936056456812277e-04
8.317303580806604e-04
9.966564763430929e-04
1.193422324710325e-03
1.428193438111187e-03
1.707802540799449e-03
2.040502448883044e-03
2.436181105263538e-03
2.906236178485679e-03
3.463650592078539e-03
4.124444618825263e-03
4.907156101448679e-03
5.832744447469932e-03
6.924760965316237e-03
8.213166090507868e-03
9.730623150635115e-03
1.151464910852455e-02
1.360978802961222e-02
1.606497888077878e-02
1.893807212997254e-02
2.229322975317784e-02
2.620386885772058e-02
3.075286034588812e-02
3.603198073170612e-02
4.214229529945460e-02
4.920113652090755e-02
5.733102343368696e-02
6.666749472223277e-02
7.735787713002552e-02
8.955452872334080e-02
1.034236152470248e-01
1.191400558853653e-01
1.368508299551301e-01
1.567478006225081e-01
1.789854087302334e-01
2.036975469419551e-01
2.310177648540604e-01
2.610303441737654e-01
2.937801157049576e-01
3.292559893506249e-01
3.673780720579573e-01
4.079758678259859e-01
4.508025593090462e-01
4.955096848727581e-01
5.416495558130634e-01
5.886668725525700e-01
6.358981772330199e-01
6.826249556512503e-01
7.280543127418027e-01
7.714196220639369e-01
8.118954851127688e-01
8.489396855639646e-01
8.818824794866347e-01
9.103680539384379e-01
9.342337484698278e-01
9.535292319871396e-01
9.685304706854497e-01
9.796786256817108e-01
9.875654857684903e-01
9.928405782381818e-01
9.961531037026899e-01
9.980900592076403e-01
9.991340188822045e-01
9.996466971767614e-01
9.998728258819624e-01
9.999586737707583e-01
9.999879108780247e-01
9.999968820105435e-01
9.999993239351249e-01
9.999998755373680e-01
9.999999808672367e-01
9.999999976282593e-01
9.999999997588359e-01
9.999999999825379e-01
9.999999999986038e-01
1.000000000000036e+00
9.999999999999748e-01
1.000000000000006e+00
9.999999999999982e-01
1.000000000000000e+00
9.999999999999999e-01
1.000000000000000e+00
1.000000000000000e+00
1.000000000000000e+00
1.000000000000000e+00
1.000000000000000e+00
1.000000000000000e+00
1.000000000000000e+00
1.000000000000000e+00
1.000000000000000e+00
###1.020000000000000e+01
5.757787965845268e-09
7.284040948922824e-09
9.154086819466225e-09
1.138627413166827e-08
1.412363735069248e-08
1.747923253095069e-08
2.155568675040377e-08
2.652009452796877e-08
3.257258123367002e-08
3.995237154004603e-08
4.893858031485518e-08
5.989059327395987e-08
7.324011304242674e-08
8.950517675905806e-08
1.093296814283120e-07
1.334603351221611e-07
1.628407293700654e-07
1.986098851041756e-07
2.421453102313255e-07
2.951046926020734e-07
3.596497842126678e-07
4.378948210139889e-07
5.331248184947364e-07
6.489487658717775e-07
7.896071079123965e-07
9.604874759011778e-07
1.168068543608359e-06
1.420101784746936e-06
1.725969188942028e-06
2.097126955082929e-06
2.547397812160712e-06
3.093393298848563e-06
3.755480070284127e-06
4.557566181425051e-06
5.529734598619867e-06
6.706457173507389e-06
8.131372505164339e-06
9.855826586096104e-06
1.194239271569990e-05
1.446466263072015e-05
1.751414321916885e-05
2.119895112707671e-05
2.564960259038008e-05
3.102297697800243e-05
3.750873927412970e-05
4.532965245186418e-05
5.475961210347984e-05
6.612587670691656e-05
7.981472850252249e-05
9.629364511656467e-05
1.161254905560422e-04
1.399718115451266e-04
1.686410680795362e-04
2.030731342530152e-04
2.444107337550175e-04
2.940048529977596e-04
3.534972332377818e-04
4.247507447699465e-04
5.100360272170096e-04
6.121258421943253e-04
7.341859754167613e-04
8.800238236508442e-04
1.054075359128037e-03
1.261623312176592e-03
1.509137848941935e-03
1.803768249801048e-03
2.154152920361492e-03
2.570634718185502e-03
3.065122585570692e-03
3.651166534823048e-03
4.345482300310835e-03
5.167391407096949e-03
6.138711645279028e-03
7.283922816825748e-03
8.634167813650891e-03
1.022335872036815e-02
1.209032105021837e-02
1.428121943233393e-02
1.684660601591408e-02
1.984634125224227e-02
2.334616519431370e-02
2.742199612741745e-02
3.215880099824700e-02
3.765065911686423e-02
4.400089325134913e-02
5.132933870755750e-02
5.976062042204941e-02
6.943214737561144e-02
8.049301635593929e-02
9.309663211769420e-02
1.074097693391791e-01
1.236072035959447e-01
1.418332202521238e-01
1.622778308022638e-01
1.850905888598887e-01
2.103984698988719e-01
2.383266370042431e-01
2.689481262017129e-01
3.022942424987009e-01
3.383374815147629e-01
3.769799201536332e-01
4.180301760318469e-01
4.612205008213016e-01
5.061802772936677e-01
5.524416101797263e-01
5.994307894464413e-01
6.464708626593126e-01
6.928360617796157e-01
7.377344760104463e-01
7.804099469137098e-01
8.200652614950035e-01
8.561655177569666e-01
8.881026463434822e-01
9.155594973196467e-01
9.384196490674191e-01
9.567772856435838e-01
9.709443253104533e-01
9.813883860885604e-01
9.887127557235518e-01
9.935648922230216e-01
9.965799027885209e-01
9.983225211109424e-01
9.992497303498763e-01
9.996985654781659e-01
9.998933741112991e-01
9.999659849432644e-01
9.999902394514280e-01
9.999975413024945e-01
9.999994774257495e-01
9.999999061892392e-01
9.999999859439340e-01
9.999999983114785e-01
9.999999998323932e-01
9.999999999885595e-01
9.999999999990302e-01
1.000000000000041e+00
9.999999999999796e-01
1.000000000000005e+00
9.999999999999987e-01
1.000000000000000e+00
9.999999999999999e-01
1.000000000000000e+00
1.000000000000000e+00
1.000000000000000e+00
1.000000000000000e+00
1.000000000000000e+00
1.000000000000000e+00
1.000000000000000e+00
1.000000000000000e+00
1.000000000000000e+00
###1.040000000000000e+01
6.180760658440519e-09
7.817089867242793e-09
9.824138794762240e-09
1.221921375550757e-08
1.515594452389485e-08
1.875540812986427e-08
2.312726236521606e-08
2.845042191699831e-08
3.493910722199611e-08
4.284929290963404e-08
5.247943136048191e-08
6.421389579804622e-08
7.851442681077293e-08
9.593469183132837e-08
1.171629920400174e-07
1.429969245550583e-07
1.744445513159846e-07
2.127223300238097e-07
2.593009974780687e-07
3.159498760282623e-07
3.849770072812445e-07
4.686355957772976e-07
5.704302854054006e-07
6.942108426472702e-07
8.444958188964184e-07
1.027027442608080e-06
1.248708487322913e-06
1.517792377750910e-06
1.844275131955114e-06
2.240345226652964e-06
2.720714364473625e-06
3.303053610540069e-06
4.009024005441449e-06
4.864040040076715e-06
5.900048612954079e-06
7.153753812751365e-06
8.671423994534612e-06
1.050759939305703e-05
1.272869372985990e-05
1.541275787887787e-05
1.865689861441371e-05
2.257568951054502e-05
2.730745897684514e-05
3.301839712810835e-05
3.990935507035560e-05
4.821608850792804e-05
5.822841939165068e-05
7.029243911951184e-05
8.481654227250402e-05
1.022946135409147e-04
1.233212030991591e-04
1.485946140420424e-04
1.789679776302352e-04
2.154324059751605e-04
2.591924859971257e-04
3.116715149849630e-04
3.745985468003354e-04
4.499336593722446e-04
5.400635426542517e-04
6.479050084678317e-04
7.767828936922737e-04
9.306943352284104e-04
1.114292667837164e-03
1.333114611768736e-03
1.593946210896335e-03
1.904265175036052e-03
2.273109206995231e-03
2.711292031301813e-03
3.231251141013814e-03
3.847121918255064e-03
4.576337748423838e-03
5.439027772191505e-03
6.457892608251505e-03
7.658365178506567e-03
9.072802845456272e-03
1.073639486918668e-02
1.268930693530331e-02
1.497935468314843e-02
1.765873387224811e-02
2.078933482686561e-02
2.443852138357974e-02
2.868470800994662e-02
3.361498086944466e-02
3.932571790981547e-02
4.592248389097179e-02
5.352758842275649e-02
6.226769624465251e-02
7.228201772609680e-02
8.372130151232597e-02
9.673983164981277e-02
1.115047983506587e-01
1.281905812388683e-01
1.469384936741838e-01
1.679363276241223e-01
1.913283573238713e-01
2.172342003008931e-01
2.457701606880239e-01
2.769975442695564e-01
3.109336452849649e-01
3.475341640859549e-01
3.866827540116776e-01
4.281670468060430e-01
4.716982848237386e-01
5.168840406788978e-01
5.632367135741263e-01
6.101651504038277e-01
6.569801604041462e-01
7.029502970216399e-01
7.472864682280310e-01
7.892449077842946e-01
8.280570146999988e-01
8.632010346602362e-01
8.941272934421129e-01
9.205591382837576e-01
9.424258772390829e-01
9.598648046156871e-01
9.732218450296837e-01
9.829884335928361e-01
9.897767649959496e-01
9.942299770585756e-01
9.969674899044056e-01
9.985310412944929e-01
9.993520818458762e-01
9.997406204758280e-01
9.999109003082823e-01
9.999721229924458e-01
9.999921539599778e-01
9.999980705230074e-01
9.999995982711805e-01
9.999999297734588e-01
9.999999897330251e-01
9.999999988102621e-01
9.999999998833800e-01
9.999999999928898e-01
9.999999999992414e-01
1.000000000000065e+00
9.999999999999768e-01
1.000000000000006e+00
9.999999999999984e-01
1.000000000000000e+00
9.999999999999999e-01
1.000000000000000e+00
1.000000000000000e+00
1.000000000000000e+00
1.000000000000000e+00
1.000000000000000e+00
1.000000000000000e+00
1.000000000000000e+00
1.000000000000000e+00
1.000000000000000e+00
###1.059999999999999e+01
6.631335195296244e-09
8.384997452307378e-09
1.053801628999343e-08
1.310659239184086e-08
1.625564925109132e-08
2.011479317039092e-08
2.480113538372711e-08
3.050615253493348e-08
3.745918327054938e-08
4.593355977313046e-08
5.624868807802777e-08
6.881532133848331e-08
8.412708287414168e-08
1.027754396955194e-07
1.254957914177776e-07
1.531396831549372e-07
1.867835274488515e-07
2.277258591622432e-07
2.775361675776762e-07
3.381020423026113e-07
4.118864450871184e-07
5.012896187003344e-07
6.100487548244768e-07
7.422683238894522e-07
9.027609912268022e-07
1.097643966274575e-06
1.334268336139728e-06
1.621418056408478e-06
1.969737464101165e-06
2.392188707379792e-06
2.904421893616661e-06
3.525226216814072e-06
4.277628403007364e-06
5.188631300352102e-06
6.292149017330419e-06
7.627233148401912e-06
9.242927401243690e-06
1.119713390911094e-05
1.356030943317100e-05
1.641519743595723e-05
1.986479307724549e-05
2.403046121236188e-05
2.905873973109974e-05
3.512559989158319e-05
4.244363890516437e-05
5.126225002841252e-05
6.188796251885783e-05
7.468661946600074e-05
9.008978525292810e-05
1.086190131884278e-04
1.309020292246907e-04
1.576755991982494e-04
1.898395823368296e-04
2.284386436117035e-04
2.747420040840683e-04
3.302484594341265e-04
3.967781802885716e-04
4.763925606825184e-04
5.715993157429336e-04
6.854652089421855e-04
8.214806030360317e-04
9.838399450842845e-04
1.177422386767432e-03
1.408028478821341e-03
1.682771732482543e-03
2.009470427309013e-03
2.397575616050182e-03
2.858388214508856e-03
3.404891907421454e-03
4.051826066665733e-03
4.817364324090700e-03
5.722467738790142e-03
6.790744497987349e-03
8.048605448235860e-03
9.529654675286959e-03
1.127038719428301e-02
1.331234002534720e-02
1.570501028477737e-02
1.850226675699613e-02
2.176804985918398e-02
2.557138861002405e-02
2.999318983937008e-02
3.512267794488835e-02
4.105852251850164e-02
4.790851049505900e-02
5.579739238323858e-02
6.485380122544464e-02
7.521867119860250e-02
8.704427698554798e-02
1.004856059988370e-01
1.157100601461500e-01
1.328913613538213e-01
1.521675579949253e-01
1.737238482385773e-01
1.976988240492348e-01
2.242042971006410e-01
2.533472369966546e-01
2.851767361900533e-01
3.196956038344108e-01
3.568423749833183e-01
3.964818781657645e-01
4.383807514494468e-01
4.822292803833086e-01
5.276134654755357e-01
5.740266458156924e-01
6.208612555172323e-01
6.674171923846832e-01
7.129589620200234e-01
7.567021598597623e-01
7.979173229303301e-01
8.358651417564478e-01
8.700419677728030e-01
8.999539584478585e-01
9.253663012717563e-01
9.462533865573670e-01
9.627940660342664e-01
9.753661931056964e-01
9.844823451386976e-01
9.907610566262591e-01
9.948389817051754e-01
9.973183986076024e-01
9.987174629389395e-01
9.994423022048745e-01
9.997807932346353e-01
9.999258393967909e-01
9.999772527870763e-01
9.999937230809784e-01
9.999984930826492e-01
9.999996929847009e-01
9.999999477524633e-01
9.999999925539278e-01
9.999999991673277e-01
9.999999999196554e-01
9.999999999956048e-01
9.999999999994384e-01
1.000000000000062e+00
9.999999999999800e-01
1.000000000000005e+00
9.999999999999987e-01
1.000000000000000e+00
9.999999999999999e-01
1.000000000000000e+00
1.000000000000000e+00
1.000000000000000e+00
1.000000000000000e+00
1.000000000000000e+00
1.000000000000000e+00
1.000000000000000e+00
1.000000000000000e+00
1.000000000000000e+00
###1.079999999999999e+01
7.111116370228597e-09
8.989790524306524e-09
1.129826892505686e-08
1.405157340731908e-08
1.742666323155814e-08
2.156220991921393e-08
2.658322304202196e-08
3.269452425148637e-08
4.014153149254950e-08
4.921592946143869e-08
6.025942697640728e-08
7.371074324189800e-08
9.009732886070508e-08
1.100507339956156e-07
1.343562986410119e-07
1.639227320408534e-07
1.998988836872170e-07
2.436702804686872e-07
2.969108776426347e-07
3.616336507681442e-07
4.404653904534295e-07
5.359619917804402e-07
6.521067240229538e-07
7.932733969068841e-07
9.645855927616223e-07
1.172556904584265e-06
1.425012146546104e-06
1.731295778869294e-06
2.102736439424704e-06
2.553113334471873e-06
3.099066765584488e-06
3.760565475283878e-06
4.562076542501325e-06
5.532276939318256e-06
6.707155956962708e-06
8.128233551960360e-06
9.847480726730835e-06
1.192633693576973e-05
1.443951364173830e-05
1.747469054956191e-05
2.114105268809734e-05
2.556710482787059e-05
3.090800873441749e-05
3.735000735036043e-05
4.511802790762736e-05
5.447577094650054e-05
6.574728801961878e-05
7.931912903593243e-05
9.564712751945890e-05
1.152818162833030e-04
1.388856446998830e-04
1.672356123731398e-04
2.012804396699030e-04
2.421207443016432e-04
2.910932519737220e-04
3.497755566525386e-04
4.200828814652202e-04
5.041821839014019e-04
6.047073347314925e-04
7.248811495728131e-04
8.683661876889868e-04
1.039562003936616e-03
1.243582265420915e-03
1.486501455163846e-03
1.775772486644588e-03
2.119566620240469e-03
2.527762657139855e-03
3.012165401534637e-03
3.586322732998120e-03
4.265596967004634e-03
5.068924976789170e-03
6.018124401522828e-03
7.137736013164859e-03
8.455173541018015e-03
1.000532025984896e-02
1.182600562705772e-02
1.396016867416252e-02
1.645901838704591e-02
1.937812493870603e-02
2.278349915592406e-02
2.674587250585259e-02
3.134864108094645e-02
3.668318240505072e-02
4.285044764536197e-02
4.996042159942994e-02
5.814025717264387e-02
6.752047850927838e-02
7.824365733177967e-02
9.046346047860575e-02
1.043353941865130e-01
1.200268576723546e-01
1.377106437936832e-01
1.575212286853600e-01
1.796408357622893e-01
2.042019618211859e-01
2.313081584810157e-01
2.610565831743432e-01
2.934836349152893e-01
3.285771756978447e-01
3.662582177823576e-01
4.063722557527240e-01
4.486654640935102e-01
4.928066567226121e-01
5.383608847063779e-01
5.848030886823299e-01
6.315103842803428e-01
6.777731532260340e-01
7.228535354079709e-01
7.659737101865581e-01
8.064204125649583e-01
8.434844894199198e-01
8.766846191097490e-01
9.055807718650217e-01
9.299808961293135e-01
9.499036670808806e-01
9.655678021479910e-01
9.773808772611742e-01
9.858739257200132e-01
9.916692921019398e-01
9.953950856533214e-01
9.976351340946936e-01
9.988835733730024e-01
9.995215491660898e-01
9.998153399926073e-01
9.999385430212212e-01
9.999815221641358e-01
9.999950039771799e-01
9.999988289133838e-01
9.999997636862898e-01
9.999999613264430e-01
9.999999946446358e-01
9.999999994188007e-01
9.999999999458230e-01
9.999999999971115e-01
9.999999999996526e-01
1.000000000000036e+00
9.999999999999888e-01
1.000000000000003e+00
9.999999999999993e-01
1.000000000000000e+00
9.999999999999999e-01
1.000000000000000e+00
1.000000000000000e+00
1.000000000000000e+00
1.000000000000000e+00
1.000000000000000e+00
1.000000000000000e+00
1.000000000000000e+00
1.000000000000000e+00
1.000000000000000e+00
###1.099999999999999e+01
7.621791599362297e-09
9.633600345191344e-09
1.210757704043129e-08
1.505748302457808e-08
1.867309924926850e-08
2.310272806935353e-08
2.847974548579883e-08
3.502314431203504e-08
4.299540621324860e-08
5.270770516847438e-08
6.452538640332361e-08
7.891683573528794e-08
9.644538019129899e-08
1.177850571146338e-07
1.437741407780316e-07
1.753818877846346e-07
2.138338844938465e-07
2.606077799621502e-07
3.174881310736749e-07
3.866208303317930e-07
4.708053764809565e-07
5.727628963034988e-07
6.967367677673555e-07
8.473855277895196e-07
1.030161295237330e-06
1.251996515966068e-06
1.521216395953440e-06
1.847757324104261e-06
2.243669989730883e-06
2.723596106512332e-06
3.305220436133715e-06
4.009755601241229e-06
4.863187211038496e-06
5.895956124956887e-06
7.146239675967851e-06
8.658152827902872e-06
1.048675245490359e-05
1.269719876692699e-05
1.536867902302306e-05
1.859406315653209e-05
2.248904147100211e-05
2.718962172485353e-05
3.286002182313819e-05
3.969726759958973e-05
4.793922472526511e-05
5.786459787146339e-05
6.981580921226331e-05
8.420110889258886e-05
1.015017424952906e-04
1.222985840261843e-04
1.472904129102219e-04
1.772963009977351e-04
2.133160408031069e-04
2.565086906387227e-04
3.082814534441618e-04
3.702941371175598e-04
4.445610861503031e-04
5.333581041752352e-04
6.394538317550706e-04
7.662301150951487e-04
9.175296886517651e-04
1.097965244207699e-03
1.312893910361459e-03
1.568674469751032e-03
1.873111520330946e-03
2.234741988488309e-03
2.663887168536999e-03
3.172872823327033e-03
3.775829390400042e-03
4.488761410882941e-03
5.331392386356087e-03
6.326421544833619e-03
7.499347516452786e-03
8.878611998221221e-03
1.050041010493530e-02
1.240393447573432e-02
1.463355631636883e-02
1.724222670587314e-02
2.028724447295254e-02
2.383671104492399e-02
2.796309361392128e-02
3.275227473055614e-02
3.829779581614257e-02
4.470287623460510e-02
5.207966966207220e-02
6.055768758815545e-02
7.026926205053269e-02
8.135850729091681e-02
9.398034019862199e-02
1.082905923585496e-01
1.244564353543815e-01
1.426494518190988e-01
1.630002247793138e-01
1.856876150987531e-01
2.108376023089625e-01
2.385450184314682e-01
2.688967302128532e-01
3.019159678779905e-01
3.375751981630779e-01
3.757775701156442e-01
4.163490055257160e-01
4.590151006709343e-01
5.034234017732792e-01
5.491184947042860e-01
5.955576494834679e-01
6.421038218235263e-01
6.880393382197322e-01
7.326257019706109e-01
7.750935933113887e-01
8.147478187542505e-01
8.509103750309237e-01
8.831258623496679e-01
9.110064500275030e-01
9.344033994693716e-01
9.533787164814465e-01
9.681891577508529e-01
9.792697089700658e-01
9.871671679248671e-01
9.925052155517725e-01
9.959014706221632e-01
9.979201535366748e-01
9.990310918363011e-01
9.995909000145896e-01
9.998449574055758e-01
9.999492885547988e-01
9.999850581084805e-01
9.999960435534127e-01
9.999990945190214e-01
9.999998220389118e-01
9.999999715478799e-01
9.999999961763089e-01
9.999999995967915e-01
9.999999999638761e-01
9.999999999980843e-01
9.999999999997956e-01
1.000000000000019e+00
9.999999999999943e-01
1.000000000000001e+00
9.999999999999997e-01
1.000000000000000e+00
1.000000000000000e+00
1.000000000000000e+00
1.000000000000000e+00
1.000000000000000e+00
1.000000000000000e+00
1.000000000000000e+00
1.000000000000000e+00
1.000000000000000e+00
1.000000000000000e+00
1.000000000000000e+00
###1.119999999999999e+01
8.165134690293412e-09
1.031866756470942e-08
1.296875823972219e-08
1.612781776797013e-08
1.999928037427760e-08
2.474167608793939e-08
3.049723967660943e-08
3.750000646060673e-08
4.603055996918200e-08
5.642076104431138e-08
6.906099640249842e-08
8.445110961155080e-08
1.031924627387853e-07
1.260041109125503e-07
1.537804142509555e-07
1.875547365307223e-07
2.286342721025259e-07
2.785931420521329e-07
3.393340005282868e-07
4.131429945108338e-07
5.030023554959707e-07
6.118078045522740e-07
7.440778015110298e-07
9.047717581125220e-07
1.099688827115102e-06
1.336203878197154e-06
1.623170478641549e-06
1.971149886106417e-06
2.392954418697557e-06
2.904135757161153e-06
3.523480417329530e-06
4.273511825721581e-06
5.181816045494753e-06
6.280691799405623e-06
7.610622370994485e-06
9.218450388233616e-06
1.116248410684200e-05
1.351179624831662e-05
1.635028029963794e-05
1.977626223505331e-05
2.391226608756065e-05
2.890218152466852e-05
3.491973308805939e-05
4.217326209281679e-05
5.091420626249426e-05
6.143699957885915e-05
7.410331738505019e-05
8.934414292472451e-05
1.076673216785272e-04
1.296854818748143e-04
1.561354033243027e-04
1.878801338282977e-04
2.259728329471541e-04
2.716335743443808e-04
3.263431154038897e-04
3.918470103407446e-04
4.702629081015861e-04
5.639746782086087e-04
6.759072620145790e-04
8.095919992585792e-04
9.690641461416470e-04
1.159157837161937e-03
1.385482853310476e-03
1.654692917493020e-03
1.974956943318572e-03
2.355190485867695e-03
2.806172423554481e-03
3.340766921398070e-03
3.973705695120843e-03
4.721655114901067e-03
5.605149082471108e-03
6.647793755410484e-03
7.876071135319433e-03
9.319476066773382e-03
1.101554831488149e-02
1.300487242586684e-02
1.533328141028887e-02
1.805549838952333e-02
2.123057696560090e-02
2.492872902434482e-02
2.922418687275185e-02
3.420531661617900e-02
3.996783019964778e-02
4.661719827145500e-02
5.426770947430809e-02
6.305116618303554e-02
7.310167425093785e-02
8.456473124665437e-02
9.759637178835427e-02
1.123525503119327e-01
1.289999752276705e-01
1.477087279130627e-01
1.686051644294211e-01
1.918643884152670e-01
2.176054316789176e-01
2.459139427728747e-01
2.768660196676682e-01
3.104712549919218e-01
3.466862879454160e-01
3.853960849287633e-01
4.264067903478641e-01
4.694233615917661e-01
5.140723327814217e-01
5.598783707302040e-01
6.062818808315549e-01
6.526328820243040e-01
6.982071684641578e-01
7.422673779785132e-01
7.840546213130102e-01
8.227130226915742e-01
8.581386027691156e-01
8.893631413974497e-01
9.162302848727212e-01
9.386348333345398e-01
9.566810091574377e-01
9.706616542556364e-01
9.810367629403334e-01
9.883662130332952e-01
9.932726203382649e-01
9.963612951976817e-01
9.981758502095792e-01
9.991616616897336e-01
9.996513667254134e-01
9.998702658830653e-01
9.999583321524661e-01
9.999879722439550e-01
9.999968825259817e-01
9.999993035043760e-01
9.999998667128572e-01
9.999999792068196e-01
9.999999972883992e-01
9.999999997224895e-01
9.999999999760578e-01
9.999999999987533e-01
9.999999999998777e-01
1.000000000000010e+00
9.999999999999970e-01
1.000000000000001e+00
9.999999999999999e-01
1.000000000000000e+00
1.000000000000000e+00
1.000000000000000e+00
1.000000000000000e+00
1.000000000000000e+00
1.000000000000000e+00
1.000000000000000e+00
1.000000000000000e+00
1.000000000000000e+00
1.000000000000000e+00
1.000000000000000e+00
###1.139999999999999e+01
8.743009809226127e-09
1.104734759281446e-08
1.388477376251302e-08
1.726625227662095e-08
2.140974959627091e-08
2.648465305121210e-08
3.264257385072531e-08
4.013350853797064e-08
4.925723702070217e-08
6.036756804617898e-08
7.388140992819559e-08
9.033194983231890e-08
1.103608583823392e-07
1.347348709258880e-07
1.644077508806506e-07
2.004807123835172e-07
2.443473895631647e-07
2.976838206758201e-07
3.625177624831375e-07
4.412836194559080e-07
5.371568866302092e-07
6.532177060025264e-07
7.942753418402884e-07
9.656070303271713e-07
1.173378358628423e-06
1.425431346152766e-06
1.731177249515803e-06
2.101836713066154e-06
2.551025166916481e-06
3.095254081802610e-06
3.754471352491947e-06
4.552581703012163e-06
5.518857042946205e-06
6.687552439631011e-06
8.101580288029640e-06
9.810649569268172e-06
1.187649324502766e-05
1.437229613084142e-05
1.738689860985224e-05
2.102436021312108e-05
2.541438143181385e-05
3.070912866161280e-05
3.709230257228076e-05
4.478411467005536e-05
5.405023439231061e-05
6.520157945735951e-05
7.861999632890736e-05
9.476027487100707e-05
1.141580945872603e-04
1.374593052193035e-04
1.654404191284011e-04
1.990104351173050e-04
2.392782584117646e-04
2.875276432142430e-04
3.453160871393393e-04
4.144785425754182e-04
4.972402789139721e-04
5.960981222073574e-04
7.141384936099946e-04
8.550494310218047e-04
1.023065726835286e-03
1.223251517952843e-03
1.461478680915842e-03
1.744706794291611e-03
2.081482069840749e-03
2.481111933575716e-03
2.954848285233341e-03
3.516111507860672e-03
4.180253669146988e-03
4.964622885993887e-03
5.890587606796989e-03
6.982686578531936e-03
8.268410903445865e-03
9.778333820963041e-03
1.155137268157463e-02
1.362953251836129e-02
1.606013733322873e-02
1.889971181334035e-02
2.220908923796110e-02
2.606061126995165e-02
3.053030091694106e-02
3.570900445531428e-02
4.169460679860216e-02
4.859480919089738e-02
5.652599619018613e-02
6.562220220132581e-02
7.601922296923230e-02
8.786381469630777e-02
1.013129739280893e-01
1.165225662922089e-01
1.336585908533227e-01
1.528893267475720e-01
1.743365568187019e-01
1.981712259283854e-01
2.245049801342127e-01
2.534138172586757e-01
2.849625900695391e-01
3.191467928229804e-01
3.559068222886905e-01
3.951091659961743e-01
4.365400223499769e-01
4.798837029645332e-01
5.247460370508686e-01
5.706323775368839e-01
6.167507161361182e-01
6.630886672427702e-01
7.082677144369253e-01
7.517698745112694e-01
7.928468621616704e-01
8.306999197136741e-01
8.651599853319478e-01
8.953924663632447e-01
9.212506562873481e-01
9.426759035434579e-01
9.598129067986855e-01
9.729888160691493e-01
9.826861322270242e-01
9.894751955961659e-01
9.939752524408940e-01
9.967776380572261e-01
9.984045227245543e-01
9.992768360108464e-01
9.997038901417261e-01
9.998918196309700e-01
9.999659062364241e-01
9.999903620033331e-01
9.999975558439835e-01
9.999994670555937e-01
9.999999007192343e-01
9.999999849037536e-01
9.999999980898996e-01
9.999999998102852e-01
9.999999999842214e-01
9.999999999992047e-01
9.999999999999247e-01
1.000000000000006e+00
9.999999999999982e-01
1.000000000000000e+00
9.999999999999999e-01
1.000000000000000e+00
1.000000000000000e+00
1.000000000000000e+00
1.000000000000000e+00
1.000000000000000e+00
1.000000000000000e+00
1.000000000000000e+00
1.000000000000000e+00
1.000000000000000e+00
1.000000000000000e+00
1.000000000000000e+00
###1.159999999999999e+01
9.357375533889343e-09
1.182211365364229e-08
1.485873495538874e-08
1.847664729158069e-08
2.290927967113714e-08
2.833754073632622e-08
3.492296228376304e-08
4.293251676530967e-08
5.268619504123432e-08
6.456122025784289e-08
7.900253469437766e-08
9.657865379000743e-08
1.179739505917164e-07
1.440056410434157e-07
1.756903805743034e-07
2.142011744080687e-07
2.610231003179857e-07
3.179400500545469e-07
3.871120323931538e-07
4.711300807174721e-07
5.733743217617388e-07
6.971193389762334e-07
8.474817826572182e-07
1.030074513315188e-06
1.251449890362052e-06
1.519943013168316e-06
1.845553571448147e-06
2.240197757128563e-06
2.718337580922534e-06
3.297496490116893e-06
3.998846090039943e-06
4.847746161770356e-06
5.875244034983323e-06
7.117653829458450e-06
8.620445788078114e-06
1.043633975205966e-05
1.263067583144554e-05
1.528095786474180e-05
1.848122519828473e-05
2.234155969906244e-05
2.699919664319309e-05
3.261498867176443e-05
3.938310360346269e-05
4.753620009476175e-05
5.735486588162526e-05
6.916728695869218e-05
8.337643569664275e-05
1.004620238578379e-04
1.209888465220562e-04
1.456374984180055e-04
1.752260208808571e-04
2.107114108353005e-04
2.532607856731430e-04
3.042243377872047e-04
3.652396009025187e-04
4.382347028242853e-04
5.255469966649001e-04
6.297912730439527e-04
7.542208686412771e-04
9.026878482160832e-04
1.079633806067263e-03
1.290361677502301e-03
1.541015136367368e-03
1.838870808764620e-03
2.192865540639365e-03
2.612712152506562e-03
3.110151348393200e-03
3.699177916396719e-03
4.395783699333339e-03
5.218018784803015e-03
6.188110678016384e-03
7.331556679682611e-03
8.676882912284538e-03
1.025576629430299e-02
1.210853477977542e-02
1.427864182974477e-02
1.681493190808206e-02
1.977575991456982e-02
2.322376241697697e-02
2.723342942838461e-02
3.188259648564754e-02
3.726458580461420e-02
4.347945345665632e-02
5.063710657317165e-02
5.885598133035227e-02
6.827228285477370e-02
7.902339523794806e-02
9.125721024353731e-02
1.051315180128407e-01
1.208018740728676e-01
1.384333111818724e-01
1.581919949965269e-01
1.801947767324181e-01
2.046080336160715e-01
2.315355803785970e-01
2.610432931435787e-01
2.931843039140104e-01
3.279395538138047e-01
3.652327952916912e-01
4.049117509850138e-01
4.467425267820261e-01
4.903887179754819e-01
5.354358329361033e-01
5.813685448492723e-01
6.274176439622883e-01
6.734562969210128e-01
7.182105358299292e-01
7.611244781192807e-01
8.014664069915332e-01
8.384890759110897e-01
8.719777276983361e-01
9.012142877547211e-01
9.260693984919662e-01
9.465293863411911e-01
9.627782315050771e-01
9.751750904427143e-01
9.842224736170487e-01
9.904985444675236e-01
9.946169682941771e-01
9.971535752838585e-01
9.986084107904730e-01
9.993780943744039e-01
9.997493476227055e-01
9.999101115428461e-01
9.999722200025826e-01
9.999923121611307e-01
9.999980932852247e-01
9.999995943538162e-01
9.999999264578872e-01
9.999999891110958e-01
9.999999986633918e-01
9.999999998715083e-01
9.999999999896548e-01
9.999999999995041e-01
9.999999999999520e-01
1.000000000000004e+00
9.999999999999988e-01
1.000000000000000e+00
9.999999999999999e-01
1.000000000000000e+00
1.000000000000000e+00
1.000000000000000e+00
1.000000000000000e+00
1.000000000000000e+00
1.000000000000000e+00
1.000000000000000e+00
1.000000000000000e+00
1.000000000000000e+00
1.000000000000000e+00
1.000000000000000e+00
###1.179999999999999e+01
1.001028911435066e-08
1.264556456195401e-08
1.589391008811926e-08
1.976305810881511e-08
2.450288595402674e-08
3.030651651926833e-08
3.734603466971788e-08
4.590643507872845e-08
5.632872862331282e-08
6.901546283157049e-08
8.444106631832833e-08
1.032114712580014e-07
1.260562720303246e-07
1.538461112797851e-07
1.876642063822202e-07
2.287594900150870e-07
2.787137487590386e-07
3.394249628475384e-07
4.131929018082192e-07
5.027736077349860e-07
6.117650271249183e-07
7.436454240882355e-07
9.038566755320495e-07
1.098365932392639e-06
1.334133644457709e-06
1.620015174606099e-06
1.966630863925664e-06
2.386630323544312e-06
2.895367678701860e-06
3.511432968937740e-06
4.257286747839399e-06
5.159820945805578e-06
6.251952178609497e-06
7.572160790926205e-06
9.168609386433971e-06
1.109718060900809e-05
1.342700959335384e-05
1.624013760841895e-05
1.963606535293530e-05
2.373119788849857e-05
2.867067847646285e-05
3.462447412795137e-05
4.179772966601430e-05
5.043615198838634e-05
6.083596152774851e-05
7.334342791479673e-05
8.838364302943577e-05
1.064623982974452e-04
1.281749339373871e-04
1.542381726429139e-04
1.855135463483437e-04
2.230081726868945e-04
2.679499338191384e-04
3.217583167499252e-04
3.861542995351409e-04
4.631630895254363e-04
5.552387389221362e-04
6.651191319248265e-04
7.962302125299161e-04
9.525955340926944e-04
1.138871010252868e-03
1.360607411300550e-03
1.624230171365660e-03
1.937344435633716e-03
2.309291375268575e-03
2.750203011314284e-03
3.272324979468440e-03
3.890245028822341e-03
4.620614544380587e-03
5.482206105088460e-03
6.498131134866057e-03
7.694871739705319e-03
9.102015147504390e-03
1.075236724399727e-02
1.268769965415035e-02
1.495294281528569e-02
1.759848904904741e-02
2.068455221594858e-02
2.427559443308022e-02
2.844827172761167e-02
3.328225030286158e-02
3.887332294315779e-02
4.532372522928323e-02
5.274549797852386e-02
6.125912266902562e-02
7.100289324443385e-02
8.211567369218972e-02
9.474635923600447e-02
1.090533564370960e-01
1.251916806719477e-01
1.433252909937934e-01
1.636174364218297e-01
1.861801491616806e-01
2.111746657691888e-01
2.386965187234687e-01
2.688009929390725e-01
3.015290313525063e-01
3.368465845078036e-01
3.746603899616291e-01
4.147991685472669e-01
4.570088504119181e-01
5.009324592652605e-01
5.461355846168301e-01
5.920836183978032e-01
6.380246566682864e-01
6.837356206877010e-01
7.280308369541906e-01
7.703265137239979e-01
8.099086744145775e-01
8.460779683576425e-01
8.785895822282358e-01
9.068281032270411e-01
9.306874414363610e-01
9.501959763848012e-01
9.653610273211422e-01
9.772208786147222e-01
9.856494854298709e-01
9.914399743649536e-01
9.952012947679476e-01
9.974919348261291e-01
9.987895877133534e-01
9.994667939838163e-01
9.997885357271690e-01
9.999255751986259e-01
9.999774578614912e-01
9.999938954773422e-01
9.999985199024681e-01
9.999996928759599e-01
9.999999458256286e-01
9.999999921962445e-01
9.999999990708239e-01
9.999999999136513e-01
9.999999999932518e-01
9.999999999996980e-01
9.999999999999684e-01
1.000000000000003e+00
9.999999999999991e-01
1.000000000000000e+00
9.999999999999999e-01
1.000000000000000e+00
1.000000000000000e+00
1.000000000000000e+00
1.000000000000000e+00
1.000000000000000e+00
1.000000000000000e+00
1.000000000000000e+00
1.000000000000000e+00
1.000000000000000e+00
1.000000000000000e+00
1.000000000000000e+00
###1.199999999999999e+01
1.070391101253840e-08
1.352042963269219e-08
1.699373160839215e-08
2.112974359196535e-08
2.619583098417153e-08
3.239806734271919e-08
3.991996231383967e-08
4.906485321276611e-08
6.019669330974366e-08
7.374472122735615e-08
9.021452375375165e-08
1.102516468441677e-07
1.346335563407620e-07
1.642874188399435e-07
2.003668729716804e-07
2.442011231431529e-07
2.974741994114380e-07
3.622047035904964e-07
4.408400928546471e-07
5.363107172439232e-07
6.524445714834121e-07
7.929349179992400e-07
9.635670316790703e-07
1.170681936940014e-06
1.421670490594139e-06
1.725936832814707e-06
2.094755701515172e-06
2.541549779331958e-06
3.082612988622011e-06
3.737659104067625e-06
4.530505903029201e-06
5.489658088105182e-06
6.649999588326633e-06
8.052289110101341e-06
9.747522021834027e-06
1.179490254433817e-05
1.426755695064451e-05
1.725229176090198e-05
2.085434270814917e-05
2.519675163497568e-05
3.043295874235910e-05
3.674249160600561e-05
4.434200252669960e-05
5.349087220292396e-05
6.450169722737376e-05
7.773967850455912e-05
9.365305865257607e-05
1.127749121972139e-04
1.357323059819629e-04
1.632801294285529e-04
1.963251376388946e-04
2.359267672847348e-04
2.833763087643517e-04
3.401654988477750e-04
4.081022845560614e-04
4.893129864153667e-04
5.863731263060629e-04
7.021489371716451e-04
8.402449175445135e-04
1.004863712681655e-03
1.200883326037939e-03
1.434111643963262e-03
1.711266088128029e-03
2.040292077390905e-03
2.430949156030706e-03
2.893802635404554e-03
3.441619553745627e-03
4.089599544165446e-03
4.855073639801535e-03
5.757557719056816e-03
6.821072326511708e-03
8.073110894611090e-03
9.544347981568304e-03
1.126874369805211e-02
1.328954642142827e-02
1.565319183325165e-02
1.841164684429035e-02
2.162701234257076e-02
2.536559682972404e-02
2.970623892886037e-02
3.473044994415331e-02
4.053648683643446e-02
4.722882089042318e-02
5.492139105259447e-02
6.373687053480113e-02
7.381550244352555e-02
8.529751391493154e-02
9.833266280143291e-02
1.130797855768165e-01
1.296931185938625e-01
1.483352766331413e-01
1.691662331087754e-01
1.922928482506287e-01
2.178707931469440e-01
2.459868613256072e-01
2.766852775122557e-01
3.099943335355989e-01
3.458645646730993e-01
3.841853510442945e-01
4.247662023262656e-01
4.673328360939392e-01
5.115079019625712e-01
5.568375450115300e-01
6.027691836453165e-01
6.485639208782310e-01
6.939179698982985e-01
7.377207301451862e-01
7.793689946824126e-01
8.181679392774551e-01
8.534632193067621e-01
8.849931259733530e-01
9.122336424795811e-01
9.351063828779530e-01
9.536800998997255e-01
9.680465863790851e-01
9.791339241305725e-01
9.869724631629815e-01
9.923043274710501e-01
9.957320789329954e-01
9.977956735114709e-01
9.989501068643211e-01
9.995442406955867e-01
9.998221976014243e-01
9.999386004016620e-01
9.999817837041952e-01
9.999951747414710e-01
9.999988567397413e-01
9.999997672059566e-01
9.999999602984431e-01
9.999999944445671e-01
9.999999993574873e-01
9.999999999426260e-01
9.999999999955592e-01
9.999999999998385e-01
9.999999999999736e-01
1.000000000000004e+00
9.999999999999989e-01
1.000000000000000e+00
9.999999999999999e-01
1.000000000000000e+00
1.000000000000000e+00
1.000000000000000e+00
1.000000000000000e+00
1.000000000000000e+00
1.000000000000000e+00
1.000000000000000e+00
1.000000000000000e+00
1.000000000000000e+00
1.000000000000000e+00
1.000000000000000e+00
###1.219999999999999e+01
1.144050915672694e-08
1.444957403715315e-08
1.816180281316660e-08
2.258117431947100e-08
2.799363991330083e-08
3.461900130487458e-08
4.265283625262169e-08
5.241792808087458e-08
6.430252748541224e-08
7.876412856344420e-08
9.634128304630876e-08
1.177214642821446e-07
1.437327877722091e-07
1.753621896005714e-07
2.138378404100122e-07
2.605737605092044e-07
3.173619407486854e-07
3.863485267005240e-07
4.701371073591892e-07
5.718419383809489e-07
6.955339491673770e-07
8.451332691453158e-07
1.026787622379420e-06
1.247232435113885e-06
1.514312370667482e-06
1.838010200548753e-06
2.230290410008173e-06
2.705390258903592e-06
3.280593382895704e-06
3.976797064184575e-06
4.819247706112762e-06
5.838147125596912e-06
7.070448943584018e-06
8.559307516059831e-06
1.035869727318857e-05
1.253131025540541e-05
1.515446810941755e-05
1.831998045021203e-05
2.213910339225692e-05
2.674184230638823e-05
3.229033970804616e-05
3.897414854708283e-05
4.702197985526737e-05
5.670753942487992e-05
6.836057422993081e-05
8.236609574910730e-05
9.919656942457894e-05
1.194136021596946e-04
1.436775208598724e-04
1.727828810770230e-04
2.076837644487056e-04
2.494942033382581e-04
2.995716331289076e-04
3.594830967202247e-04
4.311271539709819e-04
5.167354047568377e-04
6.190097695612785e-04
7.409502159207520e-04
8.863459995685246e-04
1.059586610170104e-03
1.265780166632627e-03
1.511001199700655e-03
1.802269613170863e-03
2.147883140051093e-03
2.558034103898763e-03
3.043735480370121e-03
3.618292522744098e-03
4.297536035168469e-03
5.099497137086462e-03
6.044456090748496e-03
7.157368089494509e-03
8.466764663185971e-03
1.000443403677540e-02
1.180551573538102e-02
1.391476794080287e-02
1.638015951161108e-02
1.925525793698929e-02
2.260407842705947e-02
2.649479518569783e-02
3.100844473232064e-02
3.622839420696886e-02
4.225535669995985e-02
4.919601754204440e-02
5.716619302635458e-02
6.629066916076196e-02
7.671156595345273e-02
8.857034794352570e-02
1.020174867899586e-01
1.172120526482274e-01
1.343072538915405e-01
1.534640492700262e-01
1.748388621331754e-01
1.985329244574335e-01
2.246959417247303e-01
2.534055089411932e-01
2.846943233948150e-01
3.185775717778820e-01
3.549899675774651e-01
3.938032112506230e-01
4.348074322830482e-01
4.777081442590376e-01
5.221078758987761e-01
5.675338733092624e-01
6.134168342491737e-01
6.590275657807059e-01
7.039948909684250e-01
7.472725877598239e-01
7.882453040600004e-01
8.262391206622778e-01
8.606418746698906e-01
8.911865716095962e-01
9.174312480727748e-01
9.393284792174666e-01
9.569867944813611e-01
9.705698907587162e-01
9.809223015348514e-01
9.881971518334518e-01
9.930965681864315e-01
9.962131962377432e-01
9.980676797084058e-01
9.990919335726949e-01
9.996116559132285e-01
9.998510138959814e-01
9.999495328686991e-01
9.999853410704713e-01
9.999962034896775e-01
9.999991213259898e-01
9.999998258182210e-01
9.999999710669859e-01
9.999999960703997e-01
9.999999995584872e-01
9.999999999622002e-01
9.999999999970834e-01
9.999999999999216e-01
9.999999999999782e-01
1.000000000000004e+00
9.999999999999989e-01
1.000000000000000e+00
9.999999999999999e-01
1.000000000000000e+00
1.000000000000000e+00
1.000000000000000e+00
1.000000000000000e+00
1.000000000000000e+00
1.000000000000000e+00
1.000000000000000e+00
1.000000000000000e+00
1.000000000000000e+00
1.000000000000000e+00
1.000000000000000e+00
