#./build/bin/rcbk -ic FILE ./data/ic/98/ic_208_32.dat -rc BALITSKY -alphas_scaling 5.816890952435898 -maxy 12 -fast -output ./data/bks/98/ic_208_32.dat 
# BK equation solver 20160623 (build May 19 2026 14:19:13)
# Heikki Mäntysaari <mantysaari@bnl.gov>, 2011-2016
# Running coupling: Balitsky
# Scaling factor C^2 in alpha_s: 5.81689
# Initial condition is String is not impelmented for the current IC N(r=0.0333803 1/GeV) = 8.94098e-05
# \alpha_s = 12 \pi / [ (33.0 - 2.0*Nf) * log(4.0*C^2/(r^2*lambdaqcd^2) ], C^2=5.81689, lambdaqcd=0.241 GeV, maxalphas=0.7 nf=3
# Using fast (and not so accurate) parameters
# Solving BK equation up to y=12
# r limits: 1e-05 - 100 points 150 multiplier 1.11424
# maxy 12 ystep 0.2
###1.000000000000000e-05
###1.114242875232510e+00
###150
###0.000000000000000e+00
###0.000000000000000e+00
0.000000000000000e+00
2.520608265220365e-11
3.096133861094006e-11
3.813562648788216e-11
4.694580175672510e-11
5.777267206688494e-11
7.110373878389016e-11
8.750151215011702e-11
1.076706642983755e-10
1.324797055822945e-10
1.629915371685815e-10
2.005138585822774e-10
2.466535647598313e-10
3.033840764943937e-10
3.731300526329815e-10
4.588693306156792e-10
5.642585283947858e-10
6.937886079028599e-10
8.529730817823494e-10
1.048579870620222e-09
1.288917983453029e-09
1.584184474127756e-09
1.946891828886780e-09
2.392395516180274e-09
2.939532373158371e-09
3.611407163188210e-09
4.436362957603625e-09
5.449153449092347e-09
6.692387821256574e-09
8.218313168851606e-09
1.009096431724160e-08
1.238881405475878e-08
1.520804053488741e-08
1.866646357710224e-08
2.290839833742374e-08
2.811063421699335e-08
3.448962953540799e-08
4.231038543741007e-08
5.189736745764102e-08
6.364763205893157e-08
7.804702237067537e-08
9.569008264709028e-08
1.173039645603150e-07
1.437779356549714e-07
1.761996275985402e-07
2.158984991475811e-07
2.644995135109020e-07
3.239890106278718e-07
3.967936008825967e-07
4.858776698731871e-07
5.948629216612367e-07
7.281714075684580e-07
8.912024639208900e-07
1.090549453722831e-06
1.334258884420433e-06
1.632151363613340e-06
1.996214476270187e-06
2.441072270147678e-06
2.984567757803661e-06
3.648475620327086e-06
4.459353956223463e-06
5.449603354275069e-06
6.658762546849199e-06
8.135058091385525e-06
9.937336439034155e-06
1.213742831805971e-05
1.482298156532889e-05
1.810100405444062e-05
2.210220251366677e-05
2.698619539448740e-05
3.294805419718444e-05
4.022632250775929e-05
4.911268712550456e-05
5.996415090245356e-05
7.321797211774137e-05
8.940976497801588e-05
1.091963306738205e-04
1.333837036759508e-04
1.629613033510225e-04
1.991450347220164e-04
2.434302674517764e-04
2.976566633435705e-04
3.640898791816464e-04
4.455220297554246e-04
5.453951364376834e-04
6.679562177711708e-04
8.184480312038766e-04
1.003344165803447e-03
1.230643064423394e-03
1.510229630740291e-03
1.854321540754657e-03
2.278024375561877e-03
2.800013782196037e-03
3.443376796240857e-03
4.236651156739789e-03
5.215098552029951e-03
6.422268919795059e-03
7.911913476150346e-03
9.750310176886434e-03
1.201909475179283e-02
1.481866081425820e-02
1.827222047524660e-02
2.253064873332770e-02
2.777808375449100e-02
3.423834369891975e-02
4.218221201870527e-02
5.193505992529941e-02
6.388457683479878e-02
7.848811977884698e-02
9.627729553337913e-02
1.178585870607042e-01
1.439074284784655e-01
1.751484342598606e-01
2.123194604506919e-01
2.561110897539762e-01
3.070697654664658e-01
3.654697012750929e-01
4.311352188209995e-01
5.032448799401188e-01
5.801602714829364e-01
6.592528975711041e-01
7.370086340630067e-01
8.093359132275570e-01
8.720560125109085e-01
9.220444137792060e-01
9.578509997269096e-01
9.803717129073676e-01
9.924338930027109e-01
9.976462295483394e-01
9.994837984978704e-01
9.999098991122237e-01
9.999901343216939e-01
9.999992656585492e-01
1.000000043297388e+00
9.999999949711383e-01
9.999999818430859e-01
1.000000009391848e+00
9.999999995544703e-01
9.999999978487419e-01
1.000000001087136e+00
9.999999999607981e-01
9.999999997451418e-01
1.000000000125776e+00
9.999999999969341e-01
9.999999999698229e-01
1.000000000014555e+00
9.999999999998194e-01
9.999999999963458e-01
1.000000000001934e+00
1.000000000000000e+00
###2.000000000000000e-01
2.642343791214926e-12
2.791877298974979e-11
3.440129544186129e-11
4.244013141389611e-11
5.230503732884727e-11
6.445015243819707e-11
7.938566015570178e-11
9.775028530162969e-11
1.203333952585981e-10
1.481072530160434e-10
1.822603401517284e-10
2.242587096500716e-10
2.758965655546354e-10
3.393851262482350e-10
4.174336961987000e-10
5.133761103476462e-10
6.313010233947137e-10
7.762341298881036e-10
9.543432181113503e-10
1.173190095084491e-09
1.442079203086547e-09
1.772412960028484e-09
2.178179142417116e-09
2.676587629822201e-09
3.288616807969342e-09
4.040223786339401e-09
4.963057137195991e-09
6.095995437710439e-09
7.486678973720781e-09
9.193575309486021e-09
1.128833156288053e-08
1.385869732234862e-08
1.701239424550720e-08
2.088098268684593e-08
2.562593610183968e-08
3.144571184377790e-08
3.858181112113734e-08
4.733103223862173e-08
5.805678584662001e-08
7.120262269411533e-08
8.731342375204529e-08
1.070543516681124e-07
1.312396731689889e-07
1.608652056320447e-07
1.971496802967674e-07
2.415810706242693e-07
2.959797066937232e-07
3.625738792230346e-07
4.440801152824691e-07
5.438226408556255e-07
6.658630507591591e-07
8.151546625933669e-07
9.977640301408349e-07
1.221076281617477e-06
1.494117484866099e-06
1.827932692056336e-06
2.235983579640693e-06
2.734652814468103e-06
3.343952728592177e-06
4.088407009184790e-06
4.997870857475337e-06
6.108746790219722e-06
7.465270062053428e-06
9.121992445119539e-06
1.114494690547028e-05
1.361488365885847e-05
1.663027830311622e-05
2.031161240228243e-05
2.480561756443280e-05
3.029205660875321e-05
3.699006238812846e-05
4.516822328374178e-05
5.515408538547640e-05
6.734698010718830e-05
8.224079602232581e-05
1.004315861135561e-04
1.226617920037171e-04
1.498267949029649e-04
1.830404482590821e-04
2.236578245458686e-04
2.733443289081110e-04
3.341419305304980e-04
4.085949261845191e-04
4.997740682550881e-04
6.115068445320743e-04
7.484866783010099e-04
9.164863563060975e-04
1.122600492624936e-03
1.375631965232188e-03
1.686386996798308e-03
2.068158945574719e-03
2.537401285065148e-03
3.114181289329055e-03
3.823564892238653e-03
4.696208131206977e-03
5.769686288259079e-03
7.090488236130835e-03
8.715584944582652e-03
1.071499575199235e-02
1.317423538190508e-02
1.619805947576387e-02
1.991440570177287e-02
2.447959032695202e-02
3.008134462977453e-02
3.694827918639355e-02
4.535253038213012e-02
5.562230164755812e-02
6.814101602592831e-02
8.335817623923569e-02
1.017925310361848e-01
1.240253570076700e-01
1.506970943552373e-01
1.824833732340166e-01
2.200536858398607e-01
2.640177858714226e-01
3.148253111237189e-01
3.726449904921271e-01
4.372104795797211e-01
5.076425782839651e-01
5.823075637947636e-01
6.586971154033884e-01
7.335433234010797e-01
8.031255094021794e-01
8.637435024234362e-01
9.126706155771287e-01
9.487620121718624e-01
9.732523784475489e-01
9.876047862359657e-01
9.948860579497816e-01
9.981507674283051e-01
9.993921645527283e-01
9.998248946148677e-01
9.999566607228852e-01
9.999910773107787e-01
9.999984833972289e-01
9.999997806022900e-01
9.999999827101851e-01
9.999999980355397e-01
9.999999987293167e-01
1.000000000530765e+00
1.000000000001793e+00
9.999999998662263e-01
1.000000000060251e+00
1.000000000000142e+00
9.999999999853851e-01
1.000000000006546e+00
1.000000000000046e+00
9.999999999983741e-01
1.000000000000814e+00
1.000000000000030e+00
###4.000000000000000e-01
5.523553031763531e-12
3.094684991109373e-11
3.823655551400646e-11
4.723617325935867e-11
5.828049459089363e-11
7.188567367165450e-11
8.860574554638054e-11
1.091583728355399e-10
1.344267031735772e-10
1.654986938715778e-10
2.037021299015166e-10
2.506787453873590e-10
3.084305058249213e-10
3.794359101588623e-10
4.667173339725295e-10
5.740044309730312e-10
7.058657546361090e-10
8.679211515608851e-10
1.067064482545429e-09
1.311739266627096e-09
1.612354961495937e-09
1.981650968355288e-09
2.435253064624666e-09
2.992426112396816e-09
3.676528716090636e-09
4.516675466460957e-09
5.548184026490143e-09
6.814499748524870e-09
8.368852451540786e-09
1.027659133843800e-08
1.261779991562557e-08
1.549050523511701e-08
1.901520673313196e-08
2.333868342888774e-08
2.864142115301299e-08
3.514580566322695e-08
4.312108762524052e-08
5.289921976318104e-08
6.488665941254778e-08
7.957852256953809e-08
9.758450066777544e-08
1.196481691821348e-07
1.466798680468991e-07
1.797930384195602e-07
2.203512906300144e-07
2.700164059155095e-07
3.308259977684091e-07
4.052733580174783e-07
4.963954496945551e-07
6.079123159485114e-07
7.443681434871736e-07
9.113049370532896e-07
1.115518611297144e-06
1.365266058791727e-06
1.670657365418026e-06
2.044055170631786e-06
2.500563500953873e-06
3.058480708750314e-06
3.740202315347262e-06
4.573267353938840e-06
5.591112443407875e-06
6.834523491407193e-06
8.352874222719536e-06
1.020759544797637e-05
1.247255754594399e-05
1.523821439313090e-05
1.861482368057217e-05
2.273748166656548e-05
2.777031509129267e-05
3.391489150249944e-05
4.141638417930746e-05
5.057581476664221e-05
6.175940671092545e-05
7.541216056378249e-05
9.208869187232030e-05
1.124501877390984e-04
1.373305368151156e-04
1.677210725468276e-04
2.048681663931357e-04
2.502753307795179e-04
3.057887927566358e-04
3.736656298808654e-04
4.567440072185789e-04
5.583903323234343e-04
6.828374944325962e-04
8.352481781693860e-04
1.021950742275456e-03
1.250690006023306e-03
1.531105963012422e-03
1.874962238960639e-03
2.296667273930060e-03
2.814062430020047e-03
3.448653226883225e-03
4.227525096602782e-03
5.183495099345468e-03
6.356493223962579e-03
7.795973167426767e-03
9.562143378552258e-03
1.172875554705486e-02
1.438517901805280e-02
1.764046543099461e-02
2.162717847334834e-02
2.650681867101814e-02
3.247058420454869e-02
3.975146880650345e-02
4.862274546833975e-02
5.941475781583679e-02
7.250644610104749e-02
8.833914582134614e-02
1.074184431189682e-01
1.303009787471638e-01
1.575932617916336e-01
1.899241118085467e-01
2.278991329361943e-01
2.720531504689921e-01
3.227480388325829e-01
3.800593658438502e-01
4.436431654927565e-01
5.125752886508759e-01
5.852358894776304e-01
6.592318827920699e-01
7.315192495339971e-01
7.987029765335227e-01
8.574861501133809e-01
9.054678624749212e-01
9.417075160962364e-01
9.674920493032926e-01
9.835187897101741e-01
9.924024146152807e-01
9.968490426774154e-01
9.988185907022155e-01
9.996087536431834e-01
9.998875507915858e-01
9.999724546160991e-01
9.999943370881788e-01
9.999990337540270e-01
9.999998720720181e-01
9.999999860516228e-01
9.999999982380916e-01
1.000000000194717e+00
1.000000000008700e+00
9.999999999303713e-01
1.000000000029629e+00
1.000000000000912e+00
9.999999999929335e-01
1.000000000002934e+00
1.000000000000079e+00
9.999999999992772e-01
1.000000000000342e+00
1.000000000000021e+00
###6.000000000000001e-01
8.668444397354792e-12
3.432068753449927e-11
4.250653406777158e-11
5.257345484960529e-11
6.492823074473021e-11
8.015944615514320e-11
9.885761966311880e-11
1.218409298201828e-10
1.500928152534510e-10
1.848290167918981e-10
2.275321547646446e-10
2.800402785445756e-10
3.445812633569955e-10
4.239347752015171e-10
5.214732757286944e-10
6.413533894537655e-10
7.886871121785740e-10
9.697494221749515e-10
1.192239014628389e-09
1.465577355249460e-09
1.801397315567709e-09
2.213920227881862e-09
2.720587585563801e-09
3.342937784689704e-09
4.106969256137210e-09
5.045287316369598e-09
6.197275000457562e-09
7.611430359931313e-09
9.347177337097515e-09
1.147745374680099e-08
1.409169002089670e-08
1.729928755456433e-08
2.123485154842303e-08
2.606199198255889e-08
3.198220779348496e-08
3.924428386271297e-08
4.814814983016399e-08
5.906455198822833e-08
7.244744350864937e-08
8.884886549040134e-08
1.089499601492431e-07
1.335807597581661e-07
1.637574953623955e-07
2.007231986027826e-07
2.460002844054649e-07
3.014440640523433e-07
3.693291576288160e-07
4.524408942690923e-07
5.541686529715861e-07
6.786671500295543e-07
8.310113060965139e-07
1.017388750957718e-06
1.245395502091410e-06
1.524244843886550e-06
1.865236056624096e-06
2.282170149301160e-06
2.791951272315059e-06
3.414964620723851e-06
4.176240627704601e-06
5.106593683200760e-06
6.243329838933873e-06
7.632054715201549e-06
9.327781892628960e-06
1.139930461636833e-05
1.392911729416740e-05
1.701818594661767e-05
2.078969971869252e-05
2.539411772528341e-05
3.101488107012335e-05
3.787695747460018e-05
4.625364411920789e-05
5.648091261245468e-05
6.896662520657351e-05
8.420494621215729e-05
1.028155339117501e-04
1.255295869247544e-04
1.532785534373106e-04
1.871565538253528e-04
2.285509453337224e-04
2.791232913608644e-04
3.409118257664027e-04
4.164041109683620e-04
5.087415456675170e-04
6.216100795622865e-04
7.596664596697240e-04
9.285660816109218e-04
1.135219024580357e-03
1.388049957382802e-03
1.697569527498410e-03
2.076535407611276e-03
2.540510842547200e-03
3.108765988850971e-03
3.804290283715912e-03
4.656230752905204e-03
5.699608023529450e-03
6.976746528223431e-03
8.540091267850457e-03
1.045310502038864e-02
1.279326349913339e-02
1.565376481764975e-02
1.914789141092730e-02
2.341273355876389e-02
2.861476694859845e-02
3.494842912892388e-02
4.265080962003240e-02
5.199606252579687e-02
6.331605057746000e-02
7.698501112986761e-02
9.343583121043669e-02
1.131606916619345e-01
1.366921312410777e-01
1.646037485083608e-01
1.974795928912604e-01
2.358654230494019e-01
2.802264738765350e-01
3.308448235410705e-01
3.877134523928531e-01
4.504216925837428e-01
5.180106866561486e-01
5.888809315379615e-01
6.607469419933879e-01
7.307683055366275e-01
7.958350358047218e-01
8.529899671708807e-01
9.000964639562606e-01
9.363505469543796e-01
9.629332861659219e-01
9.801488688422819e-01
9.902471449114333e-01
9.956466645431805e-01
9.982416891846272e-01
9.993681671167883e-01
9.998009744210787e-01
9.999458775500767e-01
9.999874974400911e-01
9.999975865864911e-01
9.999996225071432e-01
9.999999525346983e-01
9.999999950335549e-01
9.999999997883874e-01
9.999999999927746e-01
9.999999999634537e-01
1.000000000013943e+00
1.000000000000866e+00
9.999999999965917e-01
1.000000000001311e+00
1.000000000000063e+00
9.999999999996791e-01
1.000000000000143e+00
1.000000000000012e+00
###8.000000000000000e-01
1.210626589148618e-11
3.807749509630673e-11
4.725426365032907e-11
5.850492657399312e-11
7.231455867121331e-11
8.935048443649816e-11
1.102426768088704e-10
1.359290297810569e-10
1.674859105924992e-10
2.062879688087081e-10
2.539836409023207e-10
3.126263928890541e-10
3.847003927185022e-10
4.733129072905212e-10
5.822238977397461e-10
7.160712245071101e-10
8.805593833723026e-10
1.082691754138028e-09
1.331058129446137e-09
1.636162406715913e-09
2.010991029339704e-09
2.471404469044703e-09
3.036853859122487e-09
3.731388860536132e-09
4.583931378061830e-09
5.630941655296306e-09
6.916295149399430e-09
8.494074882151428e-09
1.043054982642659e-08
1.280703083289185e-08
1.572327629611770e-08
1.930124138611283e-08
2.369109280297539e-08
2.907501894071797e-08
3.567769723075413e-08
4.377699598851294e-08
5.370669471314937e-08
6.588027499826881e-08
8.080400530879367e-08
9.909264313878524e-08
1.215059666648152e-07
1.489691555816163e-07
1.826149356864854e-07
2.238288270363162e-07
2.743039476544067e-07
3.361199024181800e-07
4.117999969306958e-07
5.044543251156412e-07
6.178578774734672e-07
7.566419001192843e-07
9.264667027781663e-07
1.134223330326874e-06
1.388384912107921e-06
1.699211778404785e-06
2.079303346404565e-06
2.544033304172230e-06
3.112246393910963e-06
3.806634928052536e-06
4.655164852123334e-06
5.692108251560001e-06
6.959031496711835e-06
8.506754306857299e-06
1.039662917010593e-05
1.270499429687171e-05
1.552413326934543e-05
1.896617160314684e-05
2.316821961737523e-05
2.829788853288045e-05
3.455892141506906e-05
4.220171636882446e-05
5.152988711777414e-05
6.291700490660216e-05
7.681567999882917e-05
9.377289849384199e-05
1.144778995286371e-04
1.397369623367550e-04
1.705855207748218e-04
2.082275573542834e-04
2.542002789235878e-04
3.103332595442007e-04
3.788684033249907e-04
4.625478620900839e-04
5.648010214889867e-04
6.896828164251480e-04
8.422848120584757e-04
1.028779066850988e-03
1.256684160297675e-03
1.535134733437344e-03
1.875546479467602e-03
2.291708332552233e-03
2.800378414923972e-03
3.422297441867240e-03
4.181983621574793e-03
5.110689029342019e-03
6.245680231542402e-03
7.631714573993397e-03
9.324255276662042e-03
1.139003544842616e-02
1.391024695048627e-02
1.698188937189574e-02
2.072241124499140e-02
2.527333012362507e-02
3.080587329774920e-02
3.751756946351018e-02
4.564925440421640e-02
5.547573035633591e-02
6.732981743186327e-02
8.158082631724611e-02
9.865293834742603e-02
1.190247326882431e-01
1.432051395217112e-01
1.717358137304684e-01
2.051579335661745e-01
2.439610518145351e-01
2.885456194605692e-01
3.391206610214337e-01
3.956063874682880e-01
4.575337662578505e-01
5.239178129536028e-01
5.931820508254951e-01
6.631427665905312e-01
7.311422128920646e-01
7.943196588587408e-01
8.500036853241775e-01
8.962750416098122e-01
9.324168212402270e-01
9.594283941069351e-01
9.774489466990316e-01
9.884404825762041e-01
9.945857013672020e-01
9.976990958963001e-01
9.991249580037771e-01
9.997060784796945e-01
9.999140439556040e-01
9.999784571870370e-01
9.999954519190922e-01
9.999992094820035e-01
9.999998889244545e-01
9.999999875324836e-01
9.999999990221969e-01
9.999999999426290e-01
9.999999999786771e-01
1.000000000006425e+00
1.000000000000625e+00
9.999999999983614e-01
1.000000000000582e+00
1.000000000000041e+00
9.999999999998578e-01
1.000000000000060e+00
1.000000000000005e+00
###1.000000000000000e+00
1.586508501222323e-11
4.225230782193791e-11
5.252655899801312e-11
6.508838632213835e-11
8.051072974585833e-11
9.954420382346170e-11
1.228715034299757e-10
1.515553493543278e-10
1.867730065879464e-10
2.300810120627436e-10
2.833087593367012e-10
3.487487032777307e-10
4.291680856672487e-10
5.280367371610147e-10
6.495431655972414e-10
7.988586760590438e-10
9.823408718001198e-10
1.207799131595635e-09
1.484808453044641e-09
1.825068856297318e-09
2.243062217934278e-09
2.756459698596455e-09
3.386933091264908e-09
4.161302300038812e-09
5.111720422462813e-09
6.278898349028046e-09
7.711670821664012e-09
9.470280521696790e-09
1.162854993073950e-08
1.427701721150851e-08
1.752683252934572e-08
2.151378152727344e-08
2.640517213407502e-08
3.240366563256556e-08
3.975946342773963e-08
4.878242540120258e-08
5.984361018948247e-08
7.340350014401135e-08
9.002588947630845e-08
1.103945070861270e-07
1.353555291637236e-07
1.659386634997772e-07
2.034045677455402e-07
2.492951483500106e-07
3.054910681128475e-07
3.743173304020756e-07
4.585705116236865e-07
5.617163199569556e-07
6.879520084251169e-07
8.424307103413660e-07
1.031452962169828e-06
1.262679326784523e-06
1.545541208846093e-06
1.891442992222562e-06
2.314402960848630e-06
2.831510948912484e-06
3.463743521214799e-06
4.236257991763085e-06
5.180261612050231e-06
6.333775307811021e-06
7.742995346667593e-06
9.464404185699439e-06
1.156622167771732e-05
1.413299267803027e-05
1.726758363842819e-05
2.109418266317994e-05
2.576492830870165e-05
3.146605602925215e-05
3.842310099138335e-05
4.691387996546114e-05
5.727462592565946e-05
6.991929606070634e-05
8.534854285478335e-05
1.041659650275932e-04
1.271351579736503e-04
1.551427533069382e-04
1.893347126091463e-04
2.310328195674578e-04
2.819327833803011e-04
3.440427142276640e-04
4.198202939778872e-04
5.122761660979806e-04
6.251448946234833e-04
7.628684300874379e-04
9.309954966121054e-04
1.136239352254273e-03
1.386754485670394e-03
1.692416136512083e-03
2.065581200762651e-03
2.521104914245838e-03
3.076983470127342e-03
3.755469798527770e-03
4.582668524150162e-03
5.591940930860931e-03
6.822882245935777e-03
8.322706484366055e-03
1.014992228568267e-02
1.237454820538272e-02
1.508148457561088e-02
1.837150365563376e-02
2.236615552987180e-02
2.721128543541652e-02
3.308265568922443e-02
4.018074765708704e-02
4.874979847774490e-02
5.906502467183640e-02
7.145969159012262e-02
8.629795519370363e-02
1.039950509920275e-01
1.250157929922494e-01
1.498459522384309e-01
1.789961441346861e-01
2.129664277008155e-01
2.521934150812921e-01
2.970170705910882e-01
3.475784548239285e-01
4.037358996639143e-01
4.649664295700551e-01
5.302659674044009e-01
5.980834297234966e-01
6.663289886600191e-01
7.325096787170868e-01
7.939813391904389e-01
8.483140451447502e-01
8.937680869968149e-01
9.296805754745489e-01
9.568417441022616e-01
9.753625743026653e-01
9.869813623440125e-01
9.936888322913636e-01
9.972158925261960e-01
9.988957637196766e-01
9.996109684133030e-01
9.998799207124108e-01
9.999680216504786e-01
9.999927766462416e-01
9.999986438049471e-01
9.999997925684776e-01
9.999999746734787e-01
9.999999976538754e-01
9.999999998368849e-01
9.999999999819439e-01
1.000000000002697e+00
1.000000000000395e+00
9.999999999992150e-01
1.000000000000257e+00
1.000000000000024e+00
9.999999999999372e-01
1.000000000000025e+00
1.000000000000002e+00
###1.200000000000000e+00
1.997689081811692e-11
4.688508624851940e-11
5.837273650465756e-11
7.238627901966515e-11
8.959512666352732e-11
1.108351581716854e-10
1.368651975395006e-10
1.688635564300185e-10
2.081346108437775e-10
2.564301133680397e-10
3.157803733215030e-10
3.887422500861528e-10
4.783954488340855e-10
5.886104813772746e-10
7.240499154928058e-10
8.904726180160168e-10
1.094958374227926e-09
1.346206259901604e-09
1.654884991579075e-09
2.033995317130956e-09
2.499688619903593e-09
3.071626567978561e-09
3.773929708698955e-09
4.636473034382150e-09
5.694972362340784e-09
6.994819486781010e-09
8.590316635988039e-09
1.054849020665496e-08
1.295148270271430e-08
1.589999005455950e-08
1.951769849644539e-08
2.395561625172558e-08
2.939990006199982e-08
3.607573750692998e-08
4.426138514819954e-08
5.430185125318314e-08
6.660917014647495e-08
8.169543791658251e-08
1.001876009168527e-07
1.228451076987547e-07
1.506089092494023e-07
1.846233533681153e-07
2.262893539730925e-07
2.773201719642604e-07
3.398021199502560e-07
4.163283537364618e-07
5.099950878857875e-07
6.246567358389566e-07
7.649723835979442e-07
9.366654675841111e-07
1.146735640560369e-06
1.403683758781212e-06
1.717986430916179e-06
2.102295808160919e-06
2.572175985281711e-06
3.146586205360356e-06
3.848826087198801e-06
4.706774368861871e-06
5.755017148178541e-06
7.035796668485910e-06
8.600282415249704e-06
1.051109570264324e-05
1.284386626848681e-05
1.569228181127142e-05
1.917003356342481e-05
2.341490238112046e-05
2.859506924317875e-05
3.491681768887545e-05
4.262956874390709e-05
5.203952492940066e-05
6.351889833262687e-05
7.752482986977943e-05
9.460931485181480e-05
1.154365762662590e-04
1.408495798625643e-04
1.718207776375438e-04
2.096127428916932e-04
2.556756141335847e-04
3.118703820109439e-04
3.803952720141942e-04
4.639363107846238e-04
5.657870792937035e-04
6.900049304386072e-04
8.414375395055973e-04
1.026113727091071e-03
1.251313140850020e-03
1.525854217722815e-03
1.860383984389637e-03
2.268240953702965e-03
2.765371926099331e-03
3.371065079692986e-03
4.109125100188737e-03
5.007349500798586e-03
6.101063202598625e-03
7.432422739302167e-03
9.051072780911220e-03
1.101859396118803e-02
1.340830455717026e-02
1.630880555738761e-02
1.982461146820516e-02
2.408130913896916e-02
2.922897137836403e-02
3.544769012964197e-02
4.294075202566196e-02
5.195547071923227e-02
6.276723641470927e-02
7.570928825092446e-02
9.114039413806405e-02
1.094666145845626e-01
1.311388563157038e-01
1.566201340962480e-01
1.863908588613317e-01
2.209115742276682e-01
2.605688704036878e-01
3.056460586402303e-01
3.562218869544278e-01
4.120985375649442e-01
4.727062133146460e-01
5.370260196724498e-01
6.035332800904694e-01
6.702242372560139e-01
7.347541417209273e-01
7.946670732635637e-01
8.477380742321812e-01
8.923770654321695e-01
9.279541724883112e-01
9.550504681014231e-01
9.738280571640356e-01
9.858549387405787e-01
9.929645647271801e-01
9.968070608119602e-01
9.986922755906907e-01
9.995221268652225e-01
9.998462614691578e-01
9.999570985392359e-01
9.999897878836956e-01
9.999979654598137e-01
9.999996675245181e-01
9.999999564024022e-01
9.999999955579184e-01
9.999999996567899e-01
9.999999999753800e-01
1.000000000000571e+00
1.000000000000218e+00
9.999999999996254e-01
1.000000000000113e+00
1.000000000000014e+00
9.999999999999722e-01
1.000000000000010e+00
1.000000000000001e+00
###1.400000000000000e+00
2.447623749220794e-11
5.201903405654655e-11
6.485167974805058e-11
8.046628116258586e-11
9.965145513261129e-11
1.233313103275774e-10
1.523517308326044e-10
1.880036031479870e-10
2.317660260850781e-10
2.855752837185933e-10
3.516937736562894e-10
4.329688253583885e-10
5.328265482616387e-10
6.555783258039635e-10
8.064159571399159e-10
9.917295746479601e-10
1.219411578194862e-09
1.499136478606895e-09
1.842778879936378e-09
2.264772469280506e-09
2.783108409527544e-09
3.419640872750257e-09
4.201186579991676e-09
5.160986372501335e-09
6.338675768238529e-09
7.784828451064599e-09
9.559669775858849e-09
1.173778000291574e-08
1.441042103681184e-08
1.768945605165374e-08
2.171234704193655e-08
2.664682673846076e-08
3.269975369209480e-08
4.012105840199407e-08
4.921979059606534e-08
6.037951520816425e-08
7.405723387452348e-08
9.082163716646561e-08
1.113688914024718e-07
1.365414388535082e-07
1.673840331343299e-07
2.051665527843735e-07
2.514434309505871e-07
3.081153893899274e-07
3.774938327505798e-07
4.624645682259600e-07
5.664517094240205e-07
6.937339116964231e-07
8.494745116771636e-07
1.040019139457068e-06
1.273129648179648e-06
1.558222897061346e-06
1.906913703820863e-06
2.333212764108309e-06
2.854361472285904e-06
3.491364276343308e-06
4.270031401457552e-06
5.221210778816275e-06
6.383126354427444e-06
7.802622847639010e-06
9.536250053887596e-06
1.165327311392232e-05
1.423733183938643e-05
1.739180783460936e-05
2.124264604392256e-05
2.594171401635159e-05
3.167467204093395e-05
3.866933127721650e-05
4.720096965630631e-05
5.760599587891240e-05
7.029539013247037e-05
8.577251993344489e-05
1.046442977132109e-04
1.276397559446670e-04
1.556864524440923e-04
1.898483747369585e-04
2.315121060086749e-04
2.822640334732676e-04
3.441405028903870e-04
4.195409101612730e-04
5.113925985278656e-04
6.232870826728022e-04
7.596225550585531e-04
9.256718032743026e-04
1.127967294178607e-03
1.374380913971021e-03
1.674423723513145e-03
2.039546275990094e-03
2.484105422613777e-03
3.025178914656383e-03
3.683387673142199e-03
4.484133078681693e-03
5.456944303997882e-03
6.639172222463991e-03
8.075547342569102e-03
9.818204109596740e-03
1.193181517231478e-02
1.449301177849846e-02
1.759408738546768e-02
2.134326653767930e-02
2.587010740313466e-02
3.132880940655770e-02
3.790359766256151e-02
4.580040852423790e-02
5.526932341444291e-02
6.658565922691313e-02
8.008219019964118e-02
9.611205647165276e-02
1.150719197039574e-01
1.373986488623254e-01
1.635328566763924e-01
1.939255108325225e-01
2.289990963490371e-01
2.690927803230261e-01
3.144366319281857e-01
3.650519784640689e-01
4.206897749498167e-01
4.807392200064298e-01
5.441698216476509e-01
6.094833374373629e-01
6.747549370438962e-01
7.377717559937588e-01
7.962428624667517e-01
8.481183267000469e-01
8.919336081001108e-01
9.270799442597198e-01
9.539443139288143e-01
9.727834199050399e-01
9.850375142555143e-01
9.924113483874737e-01
9.964798096786143e-01
9.985218362924816e-01
9.994442685121108e-01
9.998153331320434e-01
9.999465466396252e-01
9.999867396289894e-01
9.999972319229109e-01
9.999995233144954e-01
9.999999337569500e-01
9.999999927684545e-01
9.999999993960377e-01
9.999999999598752e-01
9.999999999989365e-01
1.000000000000085e+00
9.999999999998213e-01
1.000000000000049e+00
1.000000000000007e+00
9.999999999999878e-01
1.000000000000004e+00
1.000000000000000e+00
###1.600000000000000e+00
2.942524115976068e-11
5.770076655930296e-11
7.201207517140059e-11
8.940154411646714e-11
1.107703825798226e-10
1.371451833493627e-10
1.694678128364327e-10
2.091556808681964e-10
2.578780253728589e-10
3.177757745387099e-10
3.913668932730601e-10
4.818197543995659e-10
5.929397780970965e-10
7.295269395641255e-10
8.973507411790877e-10
1.103509820510937e-09
1.356777999418022e-09
1.667908285457831e-09
2.050101474099262e-09
2.519371531809200e-09
3.095741461410395e-09
3.803446211114848e-09
4.672301460785856e-09
5.739232802130504e-09
7.048193070454439e-09
8.655444693674078e-09
1.062771989959620e-08
1.304789801809226e-08
1.601725447754981e-08
1.965991228417631e-08
2.412844994508960e-08
2.960895109242331e-08
3.633097595390409e-08
4.457158913352837e-08
5.467359582903197e-08
6.706279259644144e-08
8.224545330946495e-08
1.008522338645362e-07
1.236550572975099e-07
1.515871938364517e-07
1.858069184779474e-07
2.277213574208954e-07
2.790527220008908e-07
3.419065039177470e-07
4.188400627817215e-07
5.130582053920664e-07
6.283431955094204e-07
7.694360653102828e-07
9.420498241139932e-07
1.153207851151387e-06
1.411501709686428e-06
1.727345168341500e-06
2.113590659906324e-06
2.585725536476096e-06
3.162792883863766e-06
3.868077943363094e-06
4.730053307969273e-06
5.782805065196402e-06
7.068501305873167e-06
8.638963721618678e-06
1.055656442656126e-05
1.289774811178865e-05
1.575483911255265e-05
1.924152676032096e-05
2.349719586181384e-05
2.868872790324027e-05
3.502062656756018e-05
4.274383307520288e-05
5.216136257141953e-05
6.364207560105025e-05
7.763842051458067e-05
9.470322731328605e-05
1.155020806125447e-04
1.408331831205610e-04
1.717141892987861e-04
2.093065307089680e-04
2.551285432112954e-04
3.109110691965299e-04
3.788762649468167e-04
4.616361758388265e-04
5.623728682983018e-04
6.849913438304924e-04
8.342491452212370e-04
1.015864239023139e-03
1.236896914456793e-03
1.505836215528398e-03
1.832919927012602e-03
2.230429628849952e-03
2.713779703202400e-03
3.301218685651126e-03
4.014741539266499e-03
4.881391769669814e-03
5.932469543454320e-03
7.207435657322696e-03
8.753539363292439e-03
1.062553131393657e-02
1.289117364414274e-02
1.563042225248748e-02
1.893925428472147e-02
2.292957006521953e-02
2.773483251392619e-02
3.351326535112558e-02
4.045303732105498e-02
4.876256943299971e-02
5.869403768725649e-02
7.052357148897208e-02
8.458193144659169e-02
1.012167551329072e-01
1.208150849803722e-01
1.437996246896966e-01
1.705888889497746e-01
2.016050870742914e-01
2.372339577369124e-01
2.777695494858321e-01
3.233917113031131e-01
3.740685759659364e-01
4.295040869239074e-01
4.890511760261582e-01
5.516701320427880e-01
6.158884869017968e-01
6.798534832886293e-01
7.414696717608369e-01
7.985911509304721e-01
8.493185424738707e-01
8.922939931213865e-01
9.269242642406197e-01
9.534245027038450e-01
9.721683145264922e-01
9.845004428767851e-01
9.920207937649484e-01
9.962353803774618e-01
9.983881902706935e-01
9.993803923045308e-01
9.997888068180290e-01
9.999370768916374e-01
9.999838707815066e-01
9.999965057904087e-01
9.999993725593292e-01
9.999999086247097e-01
9.999999894736141e-01
9.999999990657653e-01
9.999999999365788e-01
9.999999999972750e-01
9.999999999999757e-01
9.999999999999134e-01
1.000000000000021e+00
1.000000000000004e+00
9.999999999999947e-01
1.000000000000002e+00
1.000000000000000e+00
###1.800000000000000e+00
3.481402020291756e-11
6.398076361227472e-11
7.992300796208583e-11
9.927118888926249e-11
1.230498894421085e-10
1.523981812339149e-10
1.883576128898328e-10
2.325046434909724e-10
2.866981297209042e-10
3.533112290388144e-10
4.351441949405266e-10
5.357154973857792e-10
6.592518198416814e-10
8.110892225162097e-10
9.976325665346208e-10
1.226762068979493e-09
1.508218276073515e-09
1.853941205290858e-09
2.278588435301661e-09
2.799914281078257e-09
3.440171198875014e-09
4.226210161133856e-09
5.191141704052271e-09
6.375936164268572e-09
7.829286218532750e-09
9.613693780296344e-09
1.180304443471002e-08
1.448930658692517e-08
1.778473961917389e-08
2.182690793834708e-08
2.678495661661293e-08
3.286519602092605e-08
4.032168157115176e-08
4.946155993102468e-08
6.066446250632767e-08
7.440238179816351e-08
9.123550031256745e-08
1.118622228727367e-07
1.371372684555704e-07
1.680931617451023e-07
2.060121499570504e-07
2.524511989936301e-07
3.093156149519891e-07
3.789342456517527e-07
4.641327698673523e-07
5.684632938797678e-07
6.960985986806188e-07
8.522829669656708e-07
1.043327674824113e-06
1.276993277789215e-06
1.562773225254123e-06
1.912164584474074e-06
2.339363548368876e-06
2.861460018205804e-06
3.499452478187987e-06
4.279094814260248e-06
5.231746624653521e-06
6.394996942130988e-06
7.815283200819816e-06
9.549802190287370e-06
1.166721677499149e-05
1.425171913870737e-05
1.740499865512431e-05
2.125184577229496e-05
2.594610500001656e-05
3.167081782231534e-05
3.865072452196088e-05
4.716158516437839e-05
5.753613213567654e-05
7.017803151994015e-05
8.558404042371276e-05
1.043598441574883e-04
1.272336307228436e-04
1.550773239052481e-04
1.890039967222990e-04
2.302805736093298e-04
2.805621795654309e-04
3.417347870882315e-04
4.162166621222557e-04
5.068443923496252e-04
6.170686259433576e-04
7.511239675639581e-04
9.141462964543194e-04
1.112321579565461e-03
1.353256471203433e-03
1.646083031817649e-03
2.001816549923622e-03
2.433579645875846e-03
2.957890145297999e-03
3.594207733311620e-03
4.365943211068138e-03
5.301828115699691e-03
6.434973257716624e-03
7.807000688795571e-03
9.467718946185418e-03
1.147452497061839e-02
1.389829918148139e-02
1.682233235272759e-02
2.034627558052925e-02
2.458566842227429e-02
2.967781037602023e-02
3.578484525735835e-02
4.309870088370438e-02
5.183010816043503e-02
6.223302821052508e-02
7.458422923432836e-02
8.921198616748251e-02
1.064581905739159e-01
1.267000447512266e-01
1.503459556614460e-01
1.777925927648043e-01
2.094340140157906e-01
2.456203837564164e-01
2.866026667547184e-01
3.325131579903374e-01
3.832704405487525e-01
4.385350462774321e-01
4.976274895712171e-01
5.595005570420183e-01
6.227064415941053e-01
6.854580263405110e-01
7.457645651664406e-01
8.016081724745217e-01
8.512199759231193e-01
8.933347863221089e-01
9.273729058660970e-01
9.534035435049659e-01
9.719253251822491e-01
9.842127122398449e-01
9.917800819773012e-01
9.960709252933622e-01
9.982922614546882e-01
9.993320265810181e-01
9.997677419531670e-01
9.999292069205324e-01
9.999813763586417e-01
9.999958444446543e-01
9.999992284458787e-01
9.999998833208884e-01
9.999999859702930e-01
9.999999986930720e-01
9.999999999076312e-01
9.999999999954184e-01
9.999999999998718e-01
9.999999999999560e-01
1.000000000000009e+00
1.000000000000002e+00
9.999999999999977e-01
1.000000000000001e+00
1.000000000000000e+00
###2.000000000000000e+00
4.071136195380763e-11
7.091343393890561e-11
8.865288284815939e-11
1.101602755701586e-10
1.365956753780272e-10
1.692212719548201e-10
2.091888131900667e-10
2.582489411354271e-10
3.184716099957788e-10
3.924830597696142e-10
4.833945300695580e-10
5.951092406888117e-10
7.323201568442130e-10
9.009469950307592e-10
1.108100037294593e-09
1.362507290685202e-09
1.674981273363441e-09
2.058762310554373e-09
2.530106439956876e-09
3.108681605744059e-09
3.819182127370424e-09
4.691353278192385e-09
5.761861461173736e-09
7.076167169564122e-09
8.688142910739930e-09
1.066712340408737e-08
1.309488825596785e-08
1.607322659233858e-08
1.972653958782613e-08
2.420710792516284e-08
2.970216892197213e-08
3.644017646201328e-08
4.470197152914380e-08
5.482760418782129e-08
6.723695890712890e-08
8.245249873983130e-08
1.010932993551833e-07
1.239317388207782e-07
1.519129058489749e-07
1.861776276554081e-07
2.281435524346862e-07
2.795304240631767e-07
3.424436594216630e-07
4.194552016931396e-07
5.136830071918925e-07
6.290568458068384e-07
7.701746189540643e-07
9.428276211681651e-07
1.153977343727532e-06
1.412185027919041e-06
1.727923104556637e-06
2.113864108236511e-06
2.585661229306538e-06
3.162141052357671e-06
3.866421032304387e-06
4.726923936665095e-06
5.778134966021858e-06
7.061427473378107e-06
8.627853184244200e-06
1.054040683491748e-05
1.287453814005525e-05
1.572278818562819e-05
1.919692353341255e-05
2.343369697984883e-05
2.860246842962760e-05
3.490365357803601e-05
4.258369794636214e-05
5.194495892596606e-05
6.335196964344436e-05
7.724566788831408e-05
9.417010550189243e-05
1.147873780939450e-04
1.398923916379001e-04
1.704355300969737e-04
2.076295755867931e-04
2.528613969160765e-04
3.079177339037589e-04
3.748585442090554e-04
4.563068039326623e-04
5.553359321097808e-04
6.756794898642648e-04
8.219183680857119e-04
9.995863312903793e-04
1.215368618808323e-03
1.477413793245937e-03
1.795554879053130e-03
2.181604921254288e-03
2.649563347882755e-03
3.217085031149369e-03
3.904886905922464e-03
4.737836123051034e-03
5.746398602532607e-03
6.965535560528253e-03
8.439081001912589e-03
1.021944358011815e-02
1.236669567326622e-02
1.495486375205267e-02
1.807058226080250e-02
2.181716519924864e-02
2.631375229474694e-02
3.170141629696791e-02
3.814609394898141e-02
4.584331159198967e-02
5.500592177916782e-02
6.588943850387384e-02
7.877087134184835e-02
9.397576649530330e-02
1.118399469208480e-01
1.327305445072436e-01
1.570415289900364e-01
1.851479253036386e-01
2.174161690523442e-01
2.541618875878932e-01
2.955947501576981e-01
3.418018410590314e-01
3.926553325042223e-01
4.477754134128356e-01
5.064533042140423e-01
5.676354210831653e-01
6.298974659093667e-01
6.915118752061815e-01
7.505817040154730e-01
8.052019195624640e-01
8.537189670381543e-01
8.949493856772425e-01
9.283277634288248e-01
9.538037097329417e-01
9.720009633951444e-01
9.841429279800236e-01
9.916738090843275e-01
9.959807463528516e-01
9.982328755760773e-01
9.992995103424629e-01
9.997526444935818e-01
9.999232524892823e-01
9.999793939873107e-01
9.999952934803532e-01
9.999991026234849e-01
9.999998601428186e-01
9.999999825975214e-01
9.999999983149009e-01
9.999999998761699e-01
9.999999999934095e-01
9.999999999997676e-01
9.999999999999749e-01
1.000000000000004e+00
1.000000000000001e+00
9.999999999999990e-01
1.000000000000000e+00
1.000000000000000e+00
###2.200000000000000e+00
4.716407245398430e-11
7.855745163655942e-11
9.827536788486831e-11
1.221601790407280e-10
1.515217026046963e-10
1.877556579862153e-10
2.321357705653899e-10
2.866040236976012e-10
3.534627443264288e-10
4.356159591003557e-10
5.365163911110269e-10
6.604904387596590e-10
8.127486746669014e-10
9.998352908407350e-10
1.229648111307219e-09
1.511843683620149e-09
1.858409957156581e-09
2.284018566599368e-09
2.806661678687412e-09
3.448124141907900e-09
4.235767124006025e-09
5.202516261906116e-09
6.388923266539101e-09
7.845367073910869e-09
9.631399808692209e-09
1.182382692609817e-08
1.451308365542633e-08
1.781168362343939e-08
2.185737970670666e-08
2.681835953697036e-08
3.290183126033160e-08
4.036032609117463e-08
4.950404570972569e-08
6.070889760838099e-08
7.443872826321644e-08
9.127108379447383e-08
1.118893512410111e-07
1.371463522800504e-07
1.680859133525140e-07
2.059668047327492e-07
2.523550486726319e-07
3.091449081108787e-07
3.786622931109871e-07
4.637445551230633e-07
5.678219591581227e-07
6.952400835625819e-07
8.510570630065931e-07
1.041658002811724e-06
1.274710099925246e-06
1.559643093690392e-06
1.907990673477941e-06
2.333699095275761e-06
2.853999245792886e-06
3.489597190580460e-06
4.265903300426244e-06
5.214222450365816e-06
6.372418702485233e-06
7.785948477114266e-06
9.510843449874631e-06
1.161634500733198e-05
1.418521484527644e-05
1.731900753067860e-05
2.114023507342182e-05
2.579860530573072e-05
3.148008265197944e-05
3.840373410482975e-05
4.683925749311463e-05
5.711747921949779e-05
6.963692391050467e-05
8.487838420605426e-05
1.034363428542064e-04
1.260330287536258e-04
1.535343690586634e-04
1.869741447878449e-04
2.276707608147602e-04
2.771389641338572e-04
3.373046007361932e-04
4.104111298677919e-04
4.992980740555318e-04
6.072883959956208e-04
7.384133790458355e-04
8.976174608260115e-04
1.090852376250141e-03
1.325324369529056e-03
1.609750682976949e-03
1.954693260057272e-03
2.372794339548514e-03
2.878972713633611e-03
3.492035072679224e-03
4.234021808982311e-03
5.131290995757716e-03
6.216089597160423e-03
7.525269047377305e-03
9.104925365230273e-03
1.101010828093674e-02
1.330359370894395e-02
1.606258075592415e-02
1.937705469876331e-02
2.335397974502879e-02
2.811605417371213e-02
3.380808811381407e-02
4.059958980641392e-02
4.868961615353221e-02
5.829291687906656e-02
6.966632118938165e-02
8.308669654732735e-02
9.887660126255454e-02
1.173650482629785e-01
1.389101181945258e-01
1.638899317190935e-01
1.926584299696863e-01
2.255548819175598e-01
2.628612864114014e-01
3.047475823251654e-01
3.512576955697030e-01
4.022200954675020e-01
4.572185720922429e-01
5.155135638484581e-01
5.760496384823623e-01
6.374241211107521e-01
6.979627011322102e-01
7.558529518214931e-01
8.092909078599765e-01
8.567245858655568e-01
8.970452620463220e-01
9.297040812473825e-01
9.545562926487097e-01
9.723460383819220e-01
9.842603213092246e-01
9.916853621697980e-01
9.959573704030605e-01
9.982073906656426e-01
9.992822519075486e-01
9.997435634529258e-01
9.999193436614120e-01
9.999780005136407e-01
9.999948830396126e-01
9.999990038228340e-01
9.999998410091102e-01
9.999999796722359e-01
9.999999979701372e-01
9.999999998458110e-01
9.999999999914112e-01
9.999999999996658e-01
9.999999999999822e-01
1.000000000000001e+00
1.000000000000001e+00
9.999999999999996e-01
1.000000000000000e+00
1.000000000000000e+00
###2.400000000000000e+00
5.422259440266994e-11
8.697611969402282e-11
1.089162007907729e-10
1.353701479969498e-10
1.679508333556177e-10
2.081535085774472e-10
2.573863301207681e-10
3.178014393761623e-10
3.919561027001104e-10
4.830594616377761e-10
5.949386353167934e-10
7.323859912976521e-10
9.011753621948262e-10
1.108540476984750e-09
1.363241202370492e-09
1.675954962339518e-09
2.059947355716857e-09
2.531468943157074e-09
3.110395208690332e-09
3.820872820400141e-09
4.693138250812013e-09
5.763615729751330e-09
7.077122162456510e-09
8.689370633685933e-09
1.066617095594335e-08
1.309247716605810e-08
1.606819241952306e-08
1.971755610362307e-08
2.419289380740040e-08
2.967976303016140e-08
3.640718233993984e-08
4.465394035584659e-08
5.476233188235223e-08
6.714735048429617e-08
8.232067276621653e-08
1.009200065856878e-07
1.236991284120256e-07
1.515973745828352e-07
1.857671632071569e-07
2.275952611442535e-07
2.788089158854719e-07
3.414929150479454e-07
4.182115917480686e-07
5.120916106100554e-07
6.269020066940645e-07
7.674397234160230e-07
9.392623738180240e-07
1.149398885092804e-06
1.406281378068161e-06
1.720280438921290e-06
2.104078749635792e-06
2.573000945005439e-06
3.145984153601628e-06
3.845765822412129e-06
4.700234082970513e-06
5.743802762123328e-06
7.017983431750216e-06
8.572632516194078e-06
1.046914900340888e-05
1.278348236132412e-05
1.560630472789988e-05
1.904881989051365e-05
2.324500236977395e-05
2.835871461322551e-05
3.459347620641698e-05
4.218842304304841e-05
5.143813384177502e-05
6.270387253020989e-05
7.642045718137683e-05
9.311124005570746e-05
1.134244262138139e-04
1.381462751947171e-04
1.682182326297966e-04
2.047626274812739e-04
2.492107078988646e-04
3.032102300015284e-04
3.688370229693510e-04
4.485269522301675e-04
5.453483349809909e-04
6.628868373619416e-04
8.054867572746454e-04
9.784739260022184e-04
1.188238650234181e-03
1.442530704423425e-03
1.750663190729388e-03
2.123955816269074e-03
2.575912186480586e-03
3.122404669678573e-03
3.783433480430024e-03
4.582403030048437e-03
5.547206046151984e-03
6.711917525864490e-03
8.115318894108676e-03
9.805817597439757e-03
1.184114536708557e-02
1.428680856957526e-02
1.722320417579006e-02
2.074367358001794e-02
2.495881650783888e-02
2.999484512264913e-02
3.600023790391778e-02
4.314793916906988e-02
5.164037885397586e-02
6.169400268600299e-02
7.356677486223387e-02
8.753485461928094e-02
1.039177281528968e-01
1.230368058454442e-01
1.452420828575658e-01
1.708944444459170e-01
2.003272349756029e-01
2.338529410513830e-01
2.717207202331675e-01
3.140619494259870e-01
3.608797731330566e-01
4.119607099390912e-01
4.668544967803296e-01
5.247930286691498e-01
5.847194642353768e-01
6.452510601418688e-01
7.047622395983821e-01
7.615167834763755e-01
8.138018808678454e-01
8.601567631786934e-01
8.995417295794409e-01
9.314282881187224e-01
9.556005668027958e-01
9.729158104667446e-01
9.845356419842476e-01
9.917978869209265e-01
9.959923389578046e-01
9.982122077406442e-01
9.992790150743959e-01
9.997401951960577e-01
9.999174559117203e-01
9.999772177969044e-01
9.999946274481855e-01
9.999989372360103e-01
9.999998272356500e-01
9.999999774398215e-01
9.999999976922900e-01
9.999999998199579e-01
9.999999999896338e-01
9.999999999995748e-01
9.999999999999841e-01
1.000000000000000e+00
1.000000000000000e+00
9.999999999999998e-01
1.000000000000000e+00
1.000000000000000e+00
###2.600000000000000e+00
6.194055269114676e-11
9.623793166325092e-11
1.205672127899051e-10
1.498966347486049e-10
1.860152022831849e-10
2.305785084998949e-10
2.851425457857777e-10
3.520901689711115e-10
4.342576797733578e-10
5.351891493475598e-10
6.591218738394377e-10
8.113600232149347e-10
9.982924255835904e-10
1.227909827719983e-09
1.509915943461720e-09
1.856105831908266e-09
2.281146954785410e-09
2.803005184568666e-09
3.443630236594216e-09
4.229750429195330e-09
5.194740276519236e-09
6.378851823879116e-09
7.831568599635862e-09
9.614385969455964e-09
1.180017922885622e-08
1.448229677107441e-08
1.777152932177209e-08
2.180462533385130e-08
2.674985006151479e-08
3.281176069664618e-08
4.024309960998613e-08
4.935125980162101e-08
6.051360665058236e-08
7.418784150947280e-08
9.093743584868506e-08
1.114652926162788e-07
1.366024242306743e-07
1.673821747498853e-07
2.050748362330638e-07
2.512063775438143e-07
3.076790567689697e-07
3.767861797505001e-07
4.613470420624736e-07
5.648054649622933e-07
6.912978347428582e-07
8.461092983660874e-07
1.035339211091555e-06
1.266713725810962e-06
1.549493067792588e-06
1.895081227514349e-06
2.317356860191585e-06
2.833180835416375e-06
3.463317921111064e-06
4.232698350041526e-06
5.171884307911005e-06
6.318639677610329e-06
7.718408301473291e-06
9.425785266145512e-06
1.150793848540890e-05
1.404796743859225e-05
1.714525117593036e-05
2.092114064304234e-05
2.552161475247497e-05
3.112680862389083e-05
3.795793842733400e-05
4.627598326191272e-05
5.640211892130388e-05
6.873011556939050e-05
8.373333094700120e-05
1.019810219078659e-04
1.241780540593495e-04
1.511789675985026e-04
1.840054239602038e-04
2.238736894646186e-04
2.723376164032846e-04
3.311757492955921e-04
4.026342942571181e-04
4.893462460097952e-04
5.946221553223980e-04
7.223240117548182e-04
8.771249104066346e-04
1.064750516778454e-03
1.292050841500976e-03
1.567342499287690e-03
1.900562066712296e-03
2.303816733504089e-03
2.791504343791374e-03
3.380485530953898e-03
4.091996351278063e-03
4.950846468699397e-03
5.986507251277661e-03
7.234929035879213e-03
8.736862877193987e-03
1.054307638388567e-02
1.271402400201430e-02
1.531796812782427e-02
1.843852726876255e-02
2.217240207141960e-02
2.663381071314567e-02
3.195243098546580e-02
3.828033625247749e-02
4.579376954229416e-02
5.469837270101720e-02
6.521207929715389e-02
7.759373735371143e-02
9.211842556382553e-02
1.091022457861095e-01
1.288571264262499e-01
1.517294813423858e-01
1.780580072173865e-01
2.081570242972569e-01
2.423125727884733e-01
2.807416309585517e-01
3.235373887590006e-01
3.706662302493668e-01
4.218722927752606e-01
4.766736493673651e-01
5.342762244929192e-01
5.936213235161960e-01
6.533447819622609e-01
7.118657700062311e-01
7.675172183038355e-01
8.186693997233663e-01
8.639447662246419e-01
9.023681423648353e-01
9.334362104679560e-01
9.568829180954175e-01
9.736699266669716e-01
9.849416679953146e-01
9.919949188701015e-01
9.960768511664311e-01
9.982432095454263e-01
9.992881409577974e-01
9.997419865027565e-01
9.999174460328845e-01
9.999770223089172e-01
9.999945269381496e-01
9.999989045564132e-01
9.999998194644687e-01
9.999999760468394e-01
9.999999975044382e-01
9.999999998012199e-01
9.999999999882692e-01
9.999999999995020e-01
9.999999999999840e-01
9.999999999999998e-01
1.000000000000000e+00
9.999999999999999e-01
1.000000000000000e+00
1.000000000000000e+00
###2.800000000000000e+00
7.037659663586156e-11
1.064156820933356e-10
1.333678721300356e-10
1.658539352035606e-10
2.058568996303126e-10
2.552066598355544e-10
3.156215715213195e-10
3.897381386853261e-10
4.806964017448091e-10
5.924089551230959e-10
7.295597131053666e-10
8.980193462455448e-10
1.104843246297008e-09
1.358853078937936e-09
1.670785132889181e-09
2.053655972417374e-09
2.523667428669901e-09
3.100657699794729e-09
3.808848588780633e-09
4.677785334576069e-09
5.744244160709876e-09
7.052713472926243e-09
8.657753765224634e-09
1.062713834121170e-08
1.304150260008085e-08
1.600328062418659e-08
1.963519948939368e-08
2.408763970351938e-08
2.954619050986532e-08
3.623624631014994e-08
4.443621937036767e-08
5.448458450573395e-08
6.679716922372037e-08
8.187788133391917e-08
1.003482257153432e-07
1.229774371725681e-07
1.506847412550031e-07
1.846045223884801e-07
2.261348325680052e-07
2.769528400456874e-07
3.391505799469861e-07
4.152477797422705e-07
5.083418700777264e-07
6.222151540512545e-07
7.614076241606242e-07
9.317305796609537e-07
1.139870145445976e-06
1.394306678621508e-06
1.705195894982211e-06
2.085060677654488e-06
2.549064618067773e-06
3.115733733427139e-06
3.807805681538220e-06
4.652565837974458e-06
5.683467743156846e-06
6.941878380280778e-06
8.477475599217488e-06
1.034996221453489e-05
1.263266842604292e-05
1.541641628044075e-05
1.880990352933583e-05
2.294537280428376e-05
2.798169001861854e-05
3.411634573081253e-05
4.158955290062977e-05
5.068561355388701e-05
6.175410584424528e-05
7.522347434408176e-05
9.160732401702045e-05
1.115262902552090e-04
1.357430107363124e-04
1.651853937833242e-04
2.009602265147682e-04
2.443833353911567e-04
2.971382691587308e-04
3.611382166335317e-04
4.388208235022105e-04
5.330152027779229e-04
6.472909767767776e-04
7.858005799650994e-04
9.535621839743758e-04
1.156720332543391e-03
1.402606417056401e-03
1.700127981153401e-03
2.059873148755612e-03
2.494767171700187e-03
3.020135697479242e-03
3.653862785709524e-03
4.418463256184779e-03
5.340193885510299e-03
6.450148894126521e-03
7.786201521805900e-03
9.391111869005779e-03
1.131805571332700e-02
1.363025055011152e-02
1.639873888337325e-02
1.971038267308384e-02
2.366524253766704e-02
2.838113529600211e-02
3.399115212642628e-02
4.065088297679374e-02
4.853972928765899e-02
5.786637923858154e-02
6.885003786585847e-02
8.175016622529346e-02
9.684042813482649e-02
1.144331438339055e-01
1.348309980616653e-01
1.583751699072145e-01
1.853832633628339e-01
2.161500843196761e-01
2.509354925100535e-01
2.899248443137794e-01
3.331743688282157e-01
3.806144681716084e-01
4.319492301213464e-01
4.866662425456564e-01
5.439475568617301e-01
6.027322565907316e-01
6.616734987656643e-01
7.192317547277945e-01
7.738030734364035e-01
8.238346981359266e-01
8.680248210959828e-01
9.054624621014438e-01
9.356717600220500e-01
9.583558548963498e-01
9.745722500334231e-01
9.854533871361505e-01
9.922608702844941e-01
9.962022103688428e-01
9.982960632030413e-01
9.993077446870087e-01
9.997482279074720e-01
9.999190899979016e-01
9.999773567642541e-01
9.999945704516139e-01
9.999989044613941e-01
9.999998177025904e-01
9.999999755362821e-01
9.999999974170505e-01
9.999999997910759e-01
9.999999999874444e-01
9.999999999994545e-01
9.999999999999832e-01
9.999999999999996e-01
1.000000000000000e+00
1.000000000000000e+00
1.000000000000000e+00
1.000000000000000e+00
###3.000000000000000e+00
7.959348603370888e-11
1.175879852859762e-10
1.474170185260592e-10
1.833647810394219e-10
2.276289259113827e-10
2.822270199197959e-10
3.490568693895982e-10
4.310322380740345e-10
5.316272941027592e-10
6.551541767802797e-10
8.067864094821902e-10
9.930157240113647e-10
1.221625033349602e-09
1.502346454692149e-09
1.847042591847339e-09
2.270064421412250e-09
2.789290280106018e-09
3.426602984181918e-09
4.208699539101364e-09
5.168218978674260e-09
6.345622141108506e-09
7.790037990461628e-09
9.561555726601024e-09
1.173479944552788e-08
1.439884860566445e-08
1.766607089616264e-08
2.167214514386979e-08
2.658238577270776e-08
3.260108416045671e-08
3.997645700865335e-08
4.901479580598996e-08
6.008813853720107e-08
7.365503979111090e-08
9.026837461870605e-08
1.106127845585051e-07
1.355317358230767e-07
1.660371757053765e-07
2.033749348845655e-07
2.490811941778284e-07
3.049970385897649e-07
3.734204097269423e-07
4.571162690908020e-07
5.594836264057366e-07
6.846702982248037e-07
8.376542863962700e-07
1.024815044168462e-06
1.253474161398302e-06
1.532924651743510e-06
1.874291759279346e-06
2.291300353240548e-06
2.800515037298412e-06
3.422242638613822e-06
4.181365923612460e-06
5.107665069679615e-06
6.237748040151067e-06
7.616842749705376e-06
9.299180451150875e-06
1.134994852841173e-05
1.384909674279999e-05
1.689573347296342e-05
2.060853615886027e-05
2.513142388790700e-05
3.063707753668853e-05
3.734149020300787e-05
4.550523465967797e-05
5.543749298600128e-05
6.751814192615421e-05
8.221257505800073e-05
1.000773121961753e-04
1.217874771724351e-04
1.481672645354355e-04
1.802223913250142e-04
2.191498958563671e-04
2.663710188098591e-04
3.237064045916924e-04
3.932119168680679e-04
4.775264269444112e-04
5.796862224910448e-04
7.035333820699674e-04
8.535253909111038e-04
1.035042287846064e-03
1.254667146545349e-03
1.520234974190827e-03
1.841269103965349e-03
2.229037759712689e-03
2.697315680468020e-03
3.262390567196255e-03
3.943205530221899e-03
4.763597666966149e-03
5.751313307837951e-03
6.939113924274251e-03
8.366843417190996e-03
1.007931002351755e-02
1.213214491318283e-02
1.459136840453110e-02
1.753082551876577e-02
2.104064160787101e-02
2.522423528901956e-02
3.020299909016561e-02
3.611338093607058e-02
4.311440380437404e-02
5.138848339021646e-02
6.114718331676672e-02
7.261075485837086e-02
8.603899493224060e-02
1.017038123751519e-01
1.199133966582917e-01
1.409611792357560e-01
1.651817940251830e-01
1.928725492464909e-01
2.243082990676617e-01
2.597229073764044e-01
2.992705787785104e-01
3.429716175899571e-01
3.907211621410340e-01
4.421852243977256e-01
4.968219800413790e-01
5.537913372298562e-01
6.120298839956331e-01
6.702069958044986e-01
7.268220649882324e-01
7.803279451908943e-01
8.292448459155936e-01
8.723417580103839e-01
9.087700409336644e-01
9.380859216730718e-01
9.599780767773648e-01
9.755906522026094e-01
9.860481703418158e-01
9.925812991783342e-01
9.963601076382781e-01
9.983664924821095e-01
9.993358651479034e-01
9.997581331771359e-01
9.999221158350576e-01
9.999781419488408e-01
9.999947390092173e-01
9.999989333579420e-01
9.999998214405005e-01
9.999999758605276e-01
9.999999974285158e-01
9.999999997897967e-01
9.999999999872081e-01
9.999999999994352e-01
9.999999999999829e-01
9.999999999999994e-01
1.000000000000000e+00
1.000000000000000e+00
1.000000000000000e+00
1.000000000000000e+00
###3.200000000000001e+00
8.965848461196885e-11
1.298393838190981e-10
1.628206316283386e-10
2.025618756914743e-10
2.514950636942588e-10
3.118427726664537e-10
3.856992240062225e-10
4.762810995350714e-10
5.874286724117981e-10
7.238893774988612e-10
8.913731937856430e-10
1.097048332213916e-09
1.349490828027568e-09
1.659435809727225e-09
2.039962620399861e-09
2.506894848545394e-09
3.079925196472164e-09
3.783172286361000e-09
4.645999836122156e-09
5.704519635695430e-09
7.003099127250511e-09
8.595993141646361e-09
1.054925576873818e-08
1.294511628058506e-08
1.588154729813595e-08
1.948185045680384e-08
2.389617604669414e-08
2.930564398201095e-08
3.593499648844990e-08
4.405728654626875e-08
5.400908393262152e-08
6.619890698941369e-08
8.113172824681434e-08
9.941357410938338e-08
1.217976905719936e-07
1.492078110796594e-07
1.827567239207126e-07
2.238110458409833e-07
2.740562851291499e-07
3.355113767277125e-07
4.106979106418955e-07
5.026451746872323e-07
6.150788769318218e-07
7.525422113472041e-07
9.205003279003295e-07
1.125905493200304e-06
1.376809825523127e-06
1.683359523437118e-06
2.057742107355422e-06
2.514937193859412e-06
3.073098014551560e-06
3.754382601092038e-06
4.586000714318477e-06
5.600424165624510e-06
6.837645579882711e-06
8.347043458443141e-06
1.018774037472083e-05
1.243080699852269e-05
1.516329566162977e-05
1.849319677322879e-05
2.254986595565498e-05
2.748972556160192e-05
3.350024681395355e-05
4.081713905298439e-05
4.972276365056531e-05
6.055282025422338e-05
7.371947481400993e-05
8.972745735936340e-05
1.091789910336326e-04
1.328069579383780e-04
1.615010514165213e-04
1.963494447165810e-04
2.386447721448226e-04
2.899197814145493e-04
3.521399383956702e-04
4.275120648478448e-04
5.188865094233947e-04
6.295181183491565e-04
7.635353191497060e-04
9.257157281808002e-04
1.121818565106361e-03
1.358885697571479e-03
1.645278553497885e-03
1.991161881860499e-03
2.408513056141832e-03
2.911988558073527e-03
3.518873067939706e-03
4.249204821160383e-03
5.128187283389455e-03
6.185099310742660e-03
7.454414165937178e-03
8.977994293204408e-03
1.080273472365044e-02
1.298676838357977e-02
1.559895743904966e-02
1.871596998023937e-02
2.243121247524274e-02
2.685145657273896e-02
3.210164405293714e-02
3.832151811788887e-02
4.567344544328330e-02
5.434270708094702e-02
6.454356494144774e-02
7.649708173350660e-02
9.046310529660993e-02
1.067114421356776e-01
1.255457939271774e-01
1.472502515732871e-01
1.721517421471376e-01
2.005278677872619e-01
2.326331304842968e-01
2.686755039565600e-01
3.087784368052546e-01
3.529271802489695e-01
4.009822680083072e-01
4.525733129308985e-01
5.071300850039824e-01
5.637917884002067e-01
6.214923600411471e-01
6.789164841448921e-01
7.346000284338542e-01
7.870490095134985e-01
8.348520392255294e-01
8.768458230082445e-01
9.122426872605542e-01
9.406355831809268e-01
9.617131607342936e-01
9.766967550090669e-01
9.867058221118679e-01
9.929431151081063e-01
9.965428407683973e-01
9.984504229753167e-01
9.993705758724741e-01
9.997708992693519e-01
9.999262324933172e-01
9.999792873984040e-01
9.999950090186427e-01
9.999989861730257e-01
9.999998298089305e-01
9.999999769042465e-01
9.999999975275071e-01
9.999999997966248e-01
9.999999999875282e-01
9.999999999994437e-01
9.999999999999832e-01
9.999999999999994e-01
1.000000000000000e+00
1.000000000000000e+00
1.000000000000000e+00
1.000000000000000e+00
###3.400000000000001e+00
1.006437966849610e-10
1.432606439015851e-10
1.796929757525632e-10
2.235859007532326e-10
2.776314430813312e-10
3.442719553758788e-10
4.258179130602349e-10
5.258158936076129e-10
6.485077420040783e-10
7.991158683023769e-10
9.839282762585820e-10
1.210864026974756e-09
1.489359640631692e-09
1.831239550779201e-09
2.250921082010345e-09
2.765822306708774e-09
3.397617449504957e-09
4.172859708511966e-09
5.123833028891394e-09
6.290406483114180e-09
7.721648723534457e-09
9.476131706912134e-09
1.162755207029449e-08
1.426621226714838e-08
1.749956787441202e-08
2.146290342962838e-08
2.632199288084887e-08
3.227538018492004e-08
3.956976851761425e-08
4.850527859607372e-08
5.945134923341518e-08
7.285600149937200e-08
8.927484591352561e-08
1.093712825920993e-07
1.339729746202519e-07
1.640907757877581e-07
2.009466108288425e-07
2.460381424920139e-07
3.012109915762035e-07
3.686800728770082e-07
4.512036403706637e-07
5.521037965403026e-07
6.754534664905580e-07
8.262242624124949e-07
1.010411380020965e-06
1.235577623803047e-06
1.510568378247751e-06
1.846451051068789e-06
2.256554076877445e-06
2.757211212170979e-06
3.368284468988618e-06
4.113925343646704e-06
5.023842993698843e-06
6.133427217099290e-06
7.486244975354944e-06
9.136186683976421e-06
1.114760552176881e-05
1.359787693193908e-05
1.658166574054977e-05
2.021647342469152e-05
2.464307135726797e-05
3.003125580134038e-05
3.658431322792543e-05
4.455895187960742e-05
5.426081922358814e-05
6.605385330417385e-05
8.038459779022115e-05
9.779962366344096e-05
1.189497713109754e-04
1.446290645829105e-04
1.757969533204186e-04
2.136287750763319e-04
2.595183817644300e-04
3.151163668551130e-04
3.825410777419822e-04
4.641588410195147e-04
5.630422049655308e-04
6.826762987122328e-04
8.274903076215400e-04
1.002597543071673e-03
1.214153792863479e-03
1.469681973652187e-03
1.778096505499307e-03
2.150216719309530e-03
2.598772376469083e-03
3.139330212980131e-03
3.790207477579752e-03
4.572574038326825e-03
5.513044376016998e-03
6.642473320826087e-03
7.997090558535890e-03
9.620825002771770e-03
1.156269659131728e-02
1.388338541852359e-02
1.665463358079895e-02
1.995595072648623e-02
2.388403969652595e-02
2.854901689160910e-02
3.407934294943801e-02
4.061798958572104e-02
4.833057158490605e-02
5.740508078815078e-02
6.805829307832947e-02
8.051183748037777e-02
9.502531876949784e-02
1.118660849542399e-01
1.313329825352530e-01
1.537006071749291e-01
1.792871365019761e-01
2.083508807336168e-01
2.411256056106661e-01
2.777934509330862e-01
3.184474166319338e-01
3.630384398822034e-01
4.113930545331560e-01
4.631058979639122e-01
5.175793367850318e-01
5.739330581714259e-01
6.310983371775493e-01
6.877743510984174e-01
7.425317873676316e-01
7.939268748522468e-01
8.406129872506511e-01
8.814924195644364e-01
9.158378184411868e-01
9.432830237451323e-01
9.635291772735970e-01
9.778657077475684e-01
9.874084854628231e-01
9.933346037000446e-01
9.967434360226178e-01
9.985441005202610e-01
9.994100670705155e-01
9.997857537668289e-01
9.999311511777699e-01
9.999807000497677e-01
9.999953550687436e-01
9.999990571391963e-01
9.999998417413679e-01
9.999999785108329e-01
9.999999976962984e-01
9.999999998100647e-01
9.999999999883133e-01
9.999999999994758e-01
9.999999999999842e-01
9.999999999999994e-01
1.000000000000000e+00
1.000000000000000e+00
1.000000000000000e+00
1.000000000000000e+00
###3.600000000000001e+00
1.126268459809368e-10
1.579491320512142e-10
1.981556404956920e-10
2.465901644224561e-10
3.062269768868014e-10
3.797482627128105e-10
4.697010975551360e-10
5.799917002532714e-10
7.153000454670394e-10
8.813634408526143e-10
1.085110999002470e-09
1.335266703589496e-09
1.642206643912324e-09
2.018951613904459e-09
2.481372324273135e-09
3.048639814406029e-09
3.744555839784869e-09
4.598327897269345e-09
5.645457053237196e-09
6.929849652527663e-09
8.505780637898148e-09
1.043630005647160e-08
1.280357284957863e-08
1.570679459057793e-08
1.926355536249048e-08
2.362221638811028e-08
2.896521419483792e-08
3.551074430967121e-08
4.352856139070898e-08
5.334873579566129e-08
6.537597469202624e-08
8.010065254212383e-08
9.813509035536658e-08
1.202026392203261e-07
1.472132948190342e-07
1.802711748213025e-07
2.207158369146283e-07
2.701890956676711e-07
3.307078096096595e-07
4.046982823755951e-07
4.951744375924839e-07
6.057779763420973e-07
7.409530998641439e-07
9.061314618895308e-07
1.107888415789385e-06
1.354442215246228e-06
1.655486223274438e-06
2.023090113074346e-06
2.471798032270419e-06
3.019413852806790e-06
3.687630187237173e-06
4.502743873275807e-06
5.497146625374313e-06
6.709368204537617e-06
8.186802654951143e-06
9.988183087760437e-06
1.218346925137601e-05
1.485678659501135e-05
1.811095048364583e-05
2.207363729931163e-05
2.689781242208728e-05
3.276756236794492e-05
3.990306541147716e-05
4.858338278151610e-05
5.913901722717267e-05
7.196395235431966e-05
8.754129958458086e-05
1.064620964470908e-04
1.294288434803865e-04
1.573000647951551e-04
1.911099832899218e-04
2.321254407322493e-04
2.818475530276496e-04
3.420513534524172e-04
4.150164728732832e-04
5.032775638919001e-04
6.101405729024032e-04
7.393329892050860e-04
8.955996906025097e-04
1.084405732152230e-03
1.312319683695251e-03
1.587373706590295e-03
1.919070101563076e-03
2.318859091113063e-03
2.800305753460355e-03
3.379903668648643e-03
4.077038716902960e-03
4.914049345429246e-03
5.919006212898609e-03
7.124383992794364e-03
8.568213457276767e-03
1.029653787387506e-02
1.236053953309606e-02
1.482349005032537e-02
1.776004839253696e-02
2.125258197128529e-02
2.540110253069922e-02
3.031905928774040e-02
3.613839699413984e-02
4.300524333753315e-02
5.108835885243273e-02
6.057828505658874e-02
7.169411946099094e-02
8.465780123483763e-02
9.972838788332065e-02
1.171704025269637e-01
1.372774567444689e-01
1.603144373133462e-01
1.865898245136167e-01
2.163429018133969e-01
2.497863257734131e-01
2.870764025479043e-01
3.282759243260168e-01
3.733021382159922e-01
4.219481359056960e-01
4.737748534775308e-01
5.281581094276903e-01
5.841992362700064e-01
6.408269353135021e-01
6.967539409914069e-01
7.505856986629256e-01
8.009252551104515e-01
8.464884208878846e-01
8.862416494757317e-01
9.195177626937159e-01
9.459952127074979e-01
9.653982698747464e-01
9.790756841612115e-01
9.881405354105210e-01
9.937454788419369e-01
9.969557288959676e-01
9.986441649437837e-01
9.994526975765153e-01
9.998019852913329e-01
9.999366013948091e-01
9.999822908746636e-01
9.999957522153399e-01
9.999991404116624e-01
9.999998561157468e-01
9.999999805080730e-01
9.999999979142233e-01
9.999999998282357e-01
9.999999999894371e-01
9.999999999995256e-01
9.999999999999858e-01
9.999999999999994e-01
1.000000000000000e+00
1.000000000000000e+00
1.000000000000000e+00
1.000000000000000e+00
###3.800000000000001e+00
1.256906460239891e-10
1.740092406260786e-10
2.183408660876956e-10
2.717381496154794e-10
3.374841560101890e-10
4.185213996267564e-10
5.176579288422861e-10
6.391889291504882e-10
7.882729131887567e-10
9.712098683478939e-10
1.195624973094159e-09
1.471110811297329e-09
1.809093253492906e-09
2.223867513642898e-09
2.732899430011604e-09
3.357258030290974e-09
4.123080446502275e-09
5.062413493151496e-09
6.214352674834919e-09
7.627090645747396e-09
9.360584971578268e-09
1.148271955920332e-08
1.408506071062315e-08
1.727606392278583e-08
2.118485518881379e-08
2.597360230943877e-08
3.184282893815518e-08
3.903215779479819e-08
4.783595908991156e-08
5.861781090440276e-08
7.181958292970566e-08
8.797803483497149e-08
1.077664283976554e-07
1.319732377035360e-07
1.615980637809390e-07
1.978452858470110e-07
2.421813275747844e-07
2.964052325535781e-07
3.627176629182703e-07
4.437747416798695e-07
5.428573980338653e-07
6.639685473723795e-07
8.119444019285353e-07
9.927005320692734e-07
1.213468377001898e-06
1.483148539515480e-06
1.812343148896485e-06
2.214213751728871e-06
2.704607665103395e-06
3.302913683310915e-06
4.032779721633023e-06
4.922817171838297e-06
6.008291786339026e-06
7.331104089676183e-06
8.942771760375370e-06
1.090715687637847e-05
1.330027882367452e-05
1.621346121243698e-05
1.975825111298578e-05
2.407318617874588e-05
2.932425100117704e-05
3.571078623130713e-05
4.347099238335394e-05
5.290771065004823e-05
6.437762632358120e-05
7.830762061267313e-05
9.521871385660871e-05
1.157494760936918e-04
1.406572473170533e-04
1.708688330515526e-04
2.074976777150734e-04
2.519074377899639e-04
3.057125295768784e-04
3.708192813761815e-04
4.496773597145056e-04
5.449988488512943e-04
6.603347737676661e-04
7.996674263997787e-04
9.680728452366150e-04
1.171384378539037e-03
1.416602406165318e-03
1.712290461037221e-03
2.068566916928354e-03
2.497529490866417e-03
3.013620113884384e-03
3.634290790191839e-03
4.380032609943972e-03
5.274389949444732e-03
6.346935300026955e-03
7.631807405836898e-03
9.168882756908886e-03
1.100636672375537e-02
1.319764060292597e-02
1.580861070374509e-02
1.891688845353296e-02
2.260771271700304e-02
2.698441366375544e-02
3.216375739263229e-02
3.828113323937136e-02
4.548574606674630e-02
5.394939248410249e-02
6.386499520339521e-02
7.545377214885429e-02
8.893770467380235e-02
1.045749875258816e-01
1.226269410646208e-01
1.433815482392379e-01
1.670937213592047e-01
1.940613702340842e-01
2.245048901188902e-01
2.586154594517018e-01
2.965235021135327e-01
3.382617855557917e-01
3.837143959903025e-01
4.326415027669348e-01
4.845714721299214e-01
5.388544102003924e-01
5.945743789589769e-01
6.506577451633038e-01
7.058307525711611e-01
7.587320838732423e-01
8.080109469641865e-01
8.524427023466203e-01
8.910578098273021e-01
9.232492297493470e-01
9.487432634626681e-01
9.672962239292127e-01
9.803078466582366e-01
9.888884465138962e-01
9.941668167431597e-01
9.971743224549466e-01
9.987476824041532e-01
9.994970314635526e-01
9.998189648798528e-01
9.999423416032909e-01
9.999839794379272e-01
9.999961775829501e-01
9.999992305488474e-01
9.999998718666904e-01
9.999999827283892e-01
9.999999981605846e-01
9.999999998491855e-01
9.999999999907639e-01
9.999999999995861e-01
9.999999999999878e-01
9.999999999999996e-01
1.000000000000000e+00
1.000000000000000e+00
1.000000000000000e+00
1.000000000000000e+00
###4.000000000000001e+00
1.399235901559882e-10
1.915528145874607e-10
2.403892399894847e-10
2.992047414466283e-10
3.716199189391056e-10
4.608590480543521e-10
5.700195377397167e-10
7.038164800974171e-10
8.679267678420293e-10
1.069268949282916e-09
1.316222058817543e-09
1.619324528650425e-09
1.991144692516709e-09
2.447364748284678e-09
3.007184965210534e-09
3.693714358969474e-09
4.535690747214772e-09
5.568191835328818e-09
6.834238416569020e-09
8.386625687975567e-09
1.029158380909647e-08
1.262213078653036e-08
1.548021446172733e-08
1.898400673203001e-08
2.327551033886623e-08
2.853179010837322e-08
3.497278868206382e-08
4.286121298599770e-08
5.251872517450594e-08
6.434458128475437e-08
7.882085093781988e-08
9.653546460507848e-08
1.182262748427957e-07
1.447519620408177e-07
1.772117005326727e-07
2.169154195148419e-07
2.654655711893176e-07
3.248367610159639e-07
3.974221693640530e-07
4.861271136209017e-07
5.945239635094865e-07
7.269926291236429e-07
8.888159708846160e-07
1.086409925951547e-06
1.327717860649752e-06
1.622376678076777e-06
1.981964461701730e-06
2.420816973621275e-06
2.956181984910837e-06
3.609165294579349e-06
4.405470933970646e-06
5.376235496878821e-06
6.559791377479639e-06
8.001654204358727e-06
9.757844293615862e-06
1.189745670270767e-05
1.450324714816963e-05
1.767412766744876e-05
2.153104226426407e-05
2.622406024462139e-05
3.193307230900114e-05
3.887368680253444e-05
4.730331300151132e-05
5.755007472248248e-05
6.999856458209701e-05
8.511055196686497e-05
1.034473717100792e-04
1.256980008336253e-04
1.526779399533846e-04
1.853862334775681e-04
2.250201842669706e-04
2.730457999501338e-04
3.311970829738131e-04
4.015187789867599e-04
4.866397009114855e-04
5.894587640861890e-04
7.137842407587001e-04
8.638660436007233e-04
1.045127380855095e-03
1.263786953208725e-03
1.527296509949958e-03
1.844773751424416e-03
2.226977508408882e-03
2.686683508534306e-03
3.239239482663369e-03
3.903092515855078e-03
4.699876135074989e-03
5.654378349215438e-03
6.797719608900671e-03
8.165747248040768e-03
9.800228005165815e-03
1.175157686809346e-02
1.407540986726546e-02
1.684030986647734e-02
2.012687477727726e-02
2.402322585535610e-02
2.863601791468978e-02
3.408531366259524e-02
4.050990225676853e-02
4.806198022919472e-02
5.691626274357423e-02
6.726787714038178e-02
7.933995099622783e-02
9.335422750565787e-02
1.095677147828912e-01
1.282388473924629e-01
1.496474306650129e-01
1.740402233532317e-01
2.017030522423278e-01
2.328374486497095e-01
2.676127441653248e-01
3.061333890324707e-01
3.484022598351668e-01
3.942707347834570e-01
4.434665526212503e-01
4.954865361823696e-01
5.496559137626498e-01
6.050425276149652e-01
6.605708099867699e-01
7.149806719179854e-01
7.669430637782917e-01
8.151527982409855e-01
8.584434536770716e-01
8.959089472615245e-01
9.270028248356561e-01
9.515019806057134e-01
9.692021389049418e-01
9.815460260853138e-01
9.896406473797399e-01
9.945910008372593e-01
9.973946356060220e-01
9.988521537436313e-01
9.995418446796975e-01
9.998361557252178e-01
9.999481652845629e-01
9.999856966518427e-01
9.999966114863970e-01
9.999993228264848e-01
9.999998880615137e-01
9.999999850232431e-01
9.999999984168075e-01
9.999999998711457e-01
9.999999999921655e-01
9.999999999996513e-01
9.999999999999898e-01
9.999999999999997e-01
1.000000000000000e+00
1.000000000000000e+00
1.000000000000000e+00
1.000000000000000e+00
###4.200000000000001e+00
1.554212462093774e-10
2.106996312683821e-10
2.644513048464960e-10
3.291772150839518e-10
4.088665448046706e-10
5.070507013418539e-10
6.271397004776530e-10
7.743058249510382e-10
9.547971096086685e-10
1.176197395609365e-09
1.447706534698763e-09
1.780891798802179e-09
2.189564126506839e-09
2.690913291191778e-09
3.306023937195595e-09
4.060216598321637e-09
4.985028799308493e-09
6.118926568218856e-09
7.509084506435240e-09
9.213277454067437e-09
1.130467027581325e-08
1.386177897999949e-08
1.699775982043860e-08
2.084134312219569e-08
2.554837612258003e-08
3.131247432377530e-08
3.837416734562821e-08
4.702096813087158e-08
5.760507407860753e-08
7.056266234238578e-08
8.642100948145557e-08
1.058232655689488e-07
1.295754360915012e-07
1.586139504305677e-07
1.941439252992847e-07
2.375898003800659e-07
2.907024187730957e-07
3.556434273820986e-07
4.350141958155676e-07
5.319893605832219e-07
6.504561645025951e-07
7.951973131514099e-07
9.719749280133701e-07
1.187759020279461e-06
1.451235872243707e-06
1.772850746001440e-06
2.165223234494288e-06
2.643951939432904e-06
3.227788280024074e-06
3.939680154798631e-06
4.807539057518515e-06
5.865205315691746e-06
7.154274258359115e-06
8.724202540968021e-06
1.063575499239954e-05
1.296366419724899e-05
1.579786452096823e-05
1.924538247323071e-05
2.343718959557767e-05
2.853588152090789e-05
3.473550899146771e-05
4.226966896084143e-05
5.141600744862261e-05
6.252951221354340e-05
7.602448704507600e-05
9.239968152450695e-05
1.122592578998743e-04
1.363456110244397e-04
1.655358684786915e-04
2.009054527930285e-04
2.437403567128202e-04
2.956147082388937e-04
3.583886378515250e-04
4.342527053100827e-04
5.260243475352095e-04
6.367990134045474e-04
7.706548863622452e-04
9.321227036120820e-04
1.126989401509816e-03
1.361876608733598e-03
1.644707542885261e-03
1.985177534902053e-03
2.394711026288159e-03
2.886792473153950e-03
3.477705469212767e-03
4.186929323573566e-03
5.037277853508662e-03
6.054820725242892e-03
7.272272908158705e-03
8.727235066893872e-03
1.046340853963903e-02
1.253346510365587e-02
1.499529018302976e-02
1.792018359604809e-02
2.139176197189853e-02
2.550103688631217e-02
3.035799040603631e-02
3.608595686355326e-02
4.282707479078963e-02
5.073643966835067e-02
5.999155930534886e-02
7.078958020947415e-02
8.335531849328502e-02
9.790998581806436e-02
1.147090690812919e-01
1.340076111924491e-01
1.560770910031581e-01
1.811554724728003e-01
2.095158472811620e-01
2.413408116765408e-01
2.767774784583876e-01
3.159041970976463e-01
3.586940468157528e-01
4.049660914017582e-01
4.544161134871064e-01
5.065103461923494e-01
5.605499906754828e-01
6.155877234150489e-01
6.705466072171486e-01
7.241805933767919e-01
7.751924115432143e-01
8.223222428079523e-01
8.644612437211887e-01
9.007664742778554e-01
9.307526689000172e-01
9.542494673081345e-01
9.710980448597537e-01
9.827764555729829e-01
9.903873622140420e-01
9.950116383529152e-01
9.976128491483375e-01
9.989555038809886e-01
9.995861181572405e-01
9.998531166348720e-01
9.999539031049144e-01
9.999873863481541e-01
9.999970378737144e-01
9.999994134023600e-01
9.999999039425833e-01
9.999999872721045e-01
9.999999986678066e-01
9.999999998926642e-01
9.999999999935393e-01
9.999999999997154e-01
9.999999999999917e-01
9.999999999999998e-01
1.000000000000000e+00
1.000000000000000e+00
1.000000000000000e+00
1.000000000000000e+00
###4.400000000000001e+00
1.722855788023549e-10
2.315767682057547e-10
2.906881720753828e-10
3.618560068849180e-10
4.494699028003360e-10
5.574038858824431e-10
6.893949433987621e-10
8.511230054237774e-10
1.049456619405928e-09
1.292697409792847e-09
1.590938239625494e-09
1.956864399573682e-09
2.405637329562800e-09
2.956083728745901e-09
3.631333844494264e-09
4.459107956814594e-09
5.473976292915788e-09
6.718095136271710e-09
8.243128134636002e-09
1.011225916769416e-08
1.240613070532336e-08
1.520931066750790e-08
1.864699965606171e-08
2.285944220979479e-08
2.801735495714245e-08
3.433237313929992e-08
4.206727602661986e-08
5.153640465192258e-08
6.312495504229904e-08
7.730894859052391e-08
9.466477542258205e-08
1.158949323506670e-07
1.418778838175755e-07
1.736378213458744e-07
2.124896236096750e-07
2.599820387861833e-07
3.180315514292145e-07
3.889930055731645e-07
4.756982766755216e-07
5.816088109346071e-07
7.109529108138780e-07
8.689450131304536e-07
1.061853684075473e-06
1.297274091799279e-06
1.584663097804748e-06
1.935336503050301e-06
2.363014498437959e-06
2.884723164742392e-06
3.520756046837648e-06
4.296068840411671e-06
5.240924196727515e-06
6.392053492651761e-06
7.794451691235806e-06
9.502103643498379e-06
1.158052885635787e-05
1.411060365904657e-05
1.718991015206912e-05
2.093409562979957e-05
2.548496570103586e-05
3.101835428718488e-05
3.774345399691330e-05
4.591279332505500e-05
5.582584693416541e-05
6.786599155685510e-05
8.247914368827471e-05
1.002032298800475e-04
1.216878641539733e-04
1.477320109544272e-04
1.792780412861848e-04
2.174820822231359e-04
2.637238485601069e-04
3.196915976561098e-04
3.873783928956905e-04
4.691282866321937e-04
5.679571927504639e-04
6.871671083470775e-04
8.311192937818351e-04
1.004638910494150e-03
1.213893738604896e-03
1.465926433113293e-03
1.769152325013499e-03
2.133868509302350e-03
2.572190947747386e-03
3.098343780509815e-03
3.729577591095633e-03
4.486441549078698e-03
5.392968208687678e-03
6.476547204207862e-03
7.771534970998638e-03
9.317330392249346e-03
1.115961349094720e-02
1.335335954793444e-02
1.595875681986661e-02
1.904986085865562e-02
2.271333721622835e-02
2.704309243728917e-02
3.215243451544901e-02
3.816793932535842e-02
4.523503816888405e-02
5.351162502156155e-02
6.317786543007917e-02
7.443272993484945e-02
8.750249068455082e-02
1.026075208063295e-01
1.200014355748214e-01
1.399353840262439e-01
1.626723071271286e-01
1.884407453135810e-01
2.175004153664249e-01
2.500148330369120e-01
2.861085146518297e-01
3.258335532872318e-01
3.691332927216166e-01
4.157948325203519e-01
4.654824673220316e-01
5.176327500478397e-01
5.715237373490810e-01
6.261940266219930e-01
6.805660439029360e-01
7.334083713591487e-01
7.834554514882706e-01
8.294929343535005e-01
8.704693447017656e-01
9.056048587858834e-01
9.344760788430474e-01
9.569667989242392e-01
9.729686231981453e-01
9.839875881449733e-01
9.911204536990031e-01
9.954234644323589e-01
9.978258489308626e-01
9.990560582368077e-01
9.996290413514626e-01
9.998694984018192e-01
9.999594225749168e-01
9.999890048357770e-01
9.999974444441180e-01
9.999994993635372e-01
9.999999189409871e-01
9.999999893853986e-01
9.999999989024868e-01
9.999999999126807e-01
9.999999999948110e-01
9.999999999997745e-01
9.999999999999934e-01
9.999999999999998e-01
1.000000000000000e+00
1.000000000000000e+00
1.000000000000000e+00
1.000000000000000e+00
###4.600000000000001e+00
1.906254742146881e-10
2.543222140740714e-10
3.192721688845255e-10
3.974553214631251e-10
4.936979765198898e-10
6.122474730260394e-10
7.571942018264037e-10
9.347702859737562e-10
1.152516384297873e-09
1.419519442543024e-09
1.746835916636800e-09
2.148365820830850e-09
2.640737587718941e-09
3.244553188460211e-09
3.985161820352725e-09
4.892885515021739e-09
6.005582364727048e-09
7.369407570195327e-09
9.040888674875419e-09
1.108907603475442e-08
1.360266686881888e-08
1.667289082818456e-08
2.043784638806349e-08
2.505048669886071e-08
3.069709556265764e-08
3.760928664723414e-08
4.607373102691959e-08
5.643378546500408e-08
6.911022517042473e-08
8.462218236688840e-08
1.035990329295459e-07
1.268073096644770e-07
1.552037453447600e-07
1.899070450432937e-07
2.323484890415309e-07
2.842169557471499e-07
3.476011034147598e-07
4.250615084983977e-07
5.196902876377387e-07
6.352466344904075e-07
7.763307914667835e-07
9.486180588744475e-07
1.158923047871431e-06
1.415511980808533e-06
1.728667784647578e-06
2.110638719786867e-06
2.576337424762029e-06
3.144277342096662e-06
3.836464100394526e-06
4.680030630366893e-06
5.707682462652717e-06
6.959245704352117e-06
8.483384962517166e-06
1.033875430864221e-05
1.259640341008288e-05
1.534335191149483e-05
1.868534826280591e-05
2.274735318354823e-05
2.768306095775467e-05
3.368181811204206e-05
4.096921690192348e-05
4.981777386029690e-05
6.055132191820335e-05
7.358045339743434e-05
8.938750218517976e-05
1.085507526470893e-04
1.317682458068039e-04
1.598987337607542e-04
1.939536024247800e-04
2.351742024134567e-04
2.850392098805850e-04
3.453572670748714e-04
4.182614453181426e-04
5.062572566921796e-04
6.125693293173283e-04
7.407165425925866e-04
8.953569111312047e-04
1.081624023767242e-03
1.306084185914298e-03
1.576219705332114e-03
1.900959223674151e-03
2.291226405829519e-03
2.759855385340498e-03
3.321841209852206e-03
3.995433593578499e-03
4.802289698132229e-03
5.767699817724948e-03
6.920412112566222e-03
8.296471767044778e-03
9.937120837997753e-03
1.189006175643412e-02
1.421261943855555e-02
1.696731702700249e-02
2.023100278786119e-02
2.409341911395013e-02
2.865136859253566e-02
3.402147945841383e-02
4.033353357164506e-02
4.773619021128447e-02
5.638968628789302e-02
6.647774852957820e-02
7.819992069351638e-02
9.178402992854647e-02
1.074492921589559e-01
1.254470841784359e-01
1.460241590792755e-01
1.694346530955882e-01
1.958970623813397e-01
2.256570973099953e-01
2.588589845493031e-01
2.956042606001847e-01
3.359185844616250e-01
3.797156065355047e-01
4.267507753765830e-01
4.766573787854400e-01
5.288432408522592e-01
5.825640099540149e-01
6.368455406540666e-01
6.906104588268835e-01
7.426427827994447e-01
7.915665473214595e-01
8.366405414096557e-01
8.764435098885972e-01
9.104013427430467e-01
9.381529468985973e-01
9.596377152336520e-01
9.748009379623704e-01
9.851697346096613e-01
9.918332618088522e-01
9.958222366465339e-01
9.980311362488018e-01
9.991525092704092e-01
9.996699930200237e-01
9.998850377455570e-01
9.999646257006729e-01
9.999905204314397e-01
9.999978224890231e-01
9.999995786861003e-01
9.999999326698618e-01
9.999999913036515e-01
9.999999991136508e-01
9.999999999305247e-01
9.999999999959349e-01
9.999999999998259e-01
9.999999999999951e-01
9.999999999999998e-01
1.000000000000000e+00
1.000000000000000e+00
1.000000000000000e+00
1.000000000000000e+00
###4.800000000000002e+00
2.105573114492111e-10
2.790827782220043e-10
3.503875264829155e-10
4.362043229821086e-10
5.418354224672266e-10
6.719329732369928e-10
8.309707571946706e-10
1.025780429060179e-09
1.264626260518333e-09
1.557465036224774e-09
1.916380700293508e-09
2.356596052166350e-09
2.896330851128352e-09
3.558111576921284e-09
4.369692173322806e-09
5.364213069835325e-09
6.583093891605527e-09
8.076819717344997e-09
9.907183803551207e-09
1.214960281564219e-08
1.490141890997579e-08
1.826126358699055e-08
2.238085541939047e-08
2.742715105736608e-08
3.360318742316717e-08
4.116214592095391e-08
5.041652458381997e-08
6.174100728208730e-08
7.559474976142247e-08
9.254344162589368e-08
1.132735908476258e-07
1.386207742497652e-07
1.696261814531839e-07
2.075102308234410e-07
2.538297378123253e-07
3.104243980290937e-07
3.795681730701580e-07
4.640432287435240e-07
5.672162898951372e-07
6.931771234040759e-07
8.469249634826534e-07
1.034621118312258e-06
1.263671323218614e-06
1.543061621238532e-06
1.883954304323924e-06
2.299595726935362e-06
2.806227566137241e-06
3.423891115659073e-06
4.176449944595113e-06
5.093303386850054e-06
6.209951228384702e-06
7.569359104201262e-06
9.224177501928813e-06
1.123799732082558e-05
1.368766618863428e-05
1.666727931294109e-05
2.029069784163945e-05
2.469303771344042e-05
3.004060880472317e-05
3.653717861698608e-05
4.442578676357449e-05
5.400019402101627e-05
6.561017256688034e-05
7.969485294476171e-05
9.677594818395116e-05
1.174732570089624e-04
1.425370828523724e-04
1.728892101608977e-04
2.096139087675128e-04
2.540424704002743e-04
3.077579849979121e-04
3.726959888794828e-04
4.511369132173668e-04
5.457559928959385e-04
6.599972001880199e-04
7.976069581017308e-04
9.635542326007154e-04
1.163295454250948e-03
1.403813708788535e-03
1.693050115882943e-03
2.040468381917441e-03
2.457644219906447e-03
2.958157314877337e-03
3.557805135761323e-03
4.275869634392899e-03
5.135154585328231e-03
6.162247541949189e-03
7.387293948263736e-03
8.848075297044353e-03
1.058772175169123e-02
1.265600140453116e-02
1.511263421719805e-02
1.802250870587406e-02
2.146530083277843e-02
2.553385518615808e-02
3.032786757131024e-02
3.596727601714093e-02
4.258502686682301e-02
5.033293349548350e-02
5.937344088690037e-02
6.989375125752899e-02
8.209370193159424e-02
9.620242764196089e-02
1.124376565080182e-01
1.310481432999188e-01
1.522757398394264e-01
1.763654650020980e-01
2.035258660067146e-01
2.339858638869406e-01
2.678722800931073e-01
3.052625784017817e-01
3.461557794026947e-01
3.904358598614397e-01
4.378269099522097e-01
4.879316811275196e-01
5.401303699163351e-01
5.936563440541964e-01
6.475243420816811e-01
7.006579228804437e-01
7.518512998637596e-01
7.992059859868316e-01
8.437151116661755e-01
8.823492064493824e-01
9.151260064662736e-01
9.417597543295930e-01
9.622441434051284e-01
9.765817675444081e-01
9.863136730498028e-01
9.925197769783027e-01
9.962043099781285e-01
9.982267137167755e-01
9.992438234691376e-01
9.997085001380330e-01
9.998995417953674e-01
9.999694433832191e-01
9.999919116817152e-01
9.999981662769847e-01
9.999996501130515e-01
9.999999449027451e-01
9.999999929936214e-01
9.999999992974997e-01
9.999999999458641e-01
9.999999999968896e-01
9.999999999998688e-01
9.999999999999964e-01
9.999999999999998e-01
1.000000000000000e+00
1.000000000000000e+00
1.000000000000000e+00
1.000000000000000e+00
###5.000000000000002e+00
2.322047377214662e-10
3.060150661678289e-10
3.842310893881205e-10
4.783478179076931e-10
5.941864437123629e-10
7.368358575344380e-10
9.111873913797518e-10
1.124722395743117e-09
1.386489951925577e-09
1.707389946007253e-09
2.100619821030666e-09
2.582835412177810e-09
3.173981177520728e-09
3.898668167187868e-09
4.787254368456406e-09
5.875930786068691e-09
7.209971892878772e-09
8.844547290104316e-09
1.084714634601098e-08
1.330006617089843e-08
1.630998972674896e-08
1.998359474216639e-08
2.448726030855436e-08
3.000308705816535e-08
3.675221315968039e-08
4.501108730420550e-08
5.512010089569198e-08
6.748773014245109e-08
8.261451231918006e-08
1.011163610170904e-07
1.237413457495272e-07
1.513994232916202e-07
1.852228371420315e-07
2.265413943282571e-07
2.770471683062467e-07
3.387420509127081e-07
4.140992759337785e-07
5.061394615474674e-07
6.185242480816872e-07
7.556969733636099e-07
9.230901864006902e-07
1.127382335161429e-06
1.376614938482319e-06
1.680545519004949e-06
2.051254940638948e-06
2.503134437698501e-06
3.053772681003148e-06
3.724873323589415e-06
4.542287108570077e-06
5.537826771549545e-06
6.750001838102673e-06
8.225117895435646e-06
1.002009945764786e-05
1.220377999455227e-05
1.485916479291945e-05
1.808798011371988e-05
2.201267228851001e-05
2.677921812746649e-05
3.256721391681305e-05
3.959533927703240e-05
4.812680762817340e-05
5.847630604343215e-05
7.102152604548056e-05
8.623217720933909e-05
1.046713906857854e-04
1.270033435187108e-04
1.540328144946510e-04
1.867488372744471e-04
2.263126117331888e-04
2.741502151423916e-04
3.319548238225314e-04
4.017956380197225e-04
4.861080847954507e-04
5.877456880652403e-04
7.103827956918464e-04
8.580043727116351e-04
1.035905057843841e-03
1.249878959774977e-03
1.507344780269257e-03
1.816722148801396e-03
2.188032151109564e-03
2.633528701387409e-03
3.167565130964242e-03
3.806773155485509e-03
4.571500994145279e-03
5.485738139041099e-03
6.577409401554742e-03
7.878096422878249e-03
9.427364786556714e-03
1.127027759003112e-02
1.345871127377314e-02
1.605482540658032e-02
1.912590264212639e-02
2.275447944490863e-02
2.703652516673647e-02
3.207462178270316e-02
3.799200179018544e-02
4.492472676745768e-02
5.302735973963013e-02
6.246545372962776e-02
7.342841332799610e-02
8.611659856988417e-02
1.007601295080405e-01
1.175748989023866e-01
1.368066403271371e-01
1.586917922356179e-01
1.834656287543226e-01
2.113268464042082e-01
2.424864416510978e-01
2.770534688879523e-01
3.150810602607947e-01
3.565413839804543e-01
4.012887636293687e-01
4.490162337445273e-01
4.992965224657589e-01
5.514830321997118e-01
6.047881112519742e-01
6.582164712950126e-01
7.106938476818417e-01
7.610263303064433e-01
8.075387409017779e-01
8.507238611013865e-01
8.881781507719486e-01
9.197700094422508e-01
9.452870514756638e-01
9.647782119587278e-01
9.783043266797479e-01
9.874142223811229e-01
9.931763834744687e-01
9.965674155491590e-01
9.984113041878533e-01
9.993293547877720e-01
9.997442729431558e-01
9.999128961820348e-01
9.999738365233859e-01
9.999931671734117e-01
9.999984730704842e-01
9.999997130866110e-01
9.999999555501770e-01
9.999999944444489e-01
9.999999994530487e-01
9.999999999586450e-01
9.999999999976721e-01
9.999999999999034e-01
9.999999999999976e-01
9.999999999999999e-01
1.000000000000000e+00
1.000000000000000e+00
1.000000000000000e+00
1.000000000000000e+00
###5.200000000000002e+00
2.557010004438610e-10
3.352863157453910e-10
4.210130634386096e-10
5.241472026853714e-10
6.510746532596944e-10
8.073570515650974e-10
9.983381322052340e-10
1.232203480131024e-09
1.518852855153389e-09
1.870207244328827e-09
2.300670465719972e-09
2.828449470442782e-09
3.475356422472183e-09
4.268258508441263e-09
5.240331381850205e-09
6.431065290618556e-09
7.889903754525545e-09
9.677080644329078e-09
1.186624211798197e-08
1.454712187867706e-08
1.783647070119963e-08
2.184971780712749e-08
2.676901097440302e-08
3.279281339018317e-08
4.016180368240378e-08
4.917751417592321e-08
6.021043496687942e-08
7.370546592784844e-08
9.020772754286578e-08
1.103872674282012e-07
1.350584393976605e-07
1.652112678208037e-07
2.020760777139523e-07
2.471002305196423e-07
3.021214153548629e-07
3.693158257119350e-07
4.513708284891958e-07
5.515641431596272e-07
6.738723807551720e-07
8.231184610969500e-07
1.005201792235971e-06
1.227354517401155e-06
1.498299882051273e-06
1.828621656535682e-06
2.231387587928783e-06
2.722209120249812e-06
3.320121156376770e-06
4.048605076316075e-06
4.935635606250027e-06
6.015605951148496e-06
7.330158911626590e-06
8.929394027491745e-06
1.087459414461074e-05
1.324022788964745e-05
1.611587418715386e-05
1.961135856600644e-05
2.385832924104405e-05
2.901428471717071e-05
3.527298988366746e-05
4.286878981379471e-05
5.208644641484082e-05
6.326325872368335e-05
7.680549797832746e-05
9.321649257877877e-05
1.131023985346146e-04
1.371745771017217e-04
1.662957511994988e-04
2.015250479041036e-04
2.441057329477436e-04
2.955635229103346e-04
3.577075773609596e-04
4.327477984756730e-04
5.232825364079175e-04
6.323524804069295e-04
7.638737957793969e-04
9.220813325519536e-04
1.112610655395702e-03
1.341608817221491e-03
1.616949559153599e-03
1.947551260947311e-03
2.344015265375954e-03
2.819300514834934e-03
3.388562782528163e-03
4.069300181352199e-03
4.882962105817592e-03
5.854763339876322e-03
7.014006387085697e-03
8.393748100078993e-03
1.003538609125876e-02
1.198596101644296e-02
1.429949966595163e-02
1.704064477842256e-02
2.027909998880260e-02
2.410029269204359e-02
2.860333648220332e-02
3.389368788608255e-02
4.009785326157708e-02
4.735495158456201e-02
5.582218234863244e-02
6.566820272672791e-02
7.708424454733247e-02
9.027108431613329e-02
1.054595034518816e-01
1.228631944253040e-01
1.427244543138370e-01
1.652737871660022e-01
1.907363296323278e-01
2.193002269465426e-01
2.511581879281955e-01
2.864008808836612e-01
3.250568247729313e-01
3.670711248682605e-01
4.122684786322957e-01
4.603111845900202e-01
5.107425071831682e-01
5.628899686640330e-01
6.159462301818049e-01
6.689073969753382e-01
7.207028308366197e-01
7.701552070844779e-01
8.157625901778793e-01
8.576608119851838e-01
8.939188994041013e-01
9.243225046460226e-01
9.487251975576894e-01
9.672324191476515e-01
9.799627869217188e-01
9.884672452550527e-01
9.938003654842296e-01
9.969099477295361e-01
9.985840522064433e-01
9.994087027428846e-01
9.997771455883316e-01
9.999250429320976e-01
9.999777881742994e-01
9.999942830063385e-01
9.999987422239218e-01
9.999997675703121e-01
9.999999646259057e-01
9.999999956615417e-01
9.999999995813443e-01
9.999999999689998e-01
9.999999999982941e-01
9.999999999999304e-01
9.999999999999984e-01
9.999999999999999e-01
1.000000000000000e+00
1.000000000000000e+00
1.000000000000000e+00
1.000000000000000e+00
###5.400000000000002e+00
2.811878964737459e-10
3.670750237421238e-10
4.609577993778141e-10
5.738814482408170e-10
7.128457952277385e-10
8.839243129516214e-10
1.092950071537719e-09
1.348871526170546e-09
1.662509623813643e-09
2.046890656915156e-09
2.517723814343834e-09
3.094893950083433e-09
3.802234193856861e-09
4.669051637130805e-09
5.731568449215266e-09
7.032840271034449e-09
8.626816034018705e-09
1.057920025268191e-08
1.297028868928448e-08
1.589784765336257e-08
1.948946862437595e-08
2.387009107685050e-08
2.923881325164231e-08
3.581176300278286e-08
4.385069503833035e-08
5.368416518218474e-08
6.571511450652849e-08
8.042767344723744e-08
9.841495945409682e-08
1.204053212132521e-07
1.472844349593775e-07
1.801284345447160e-07
2.202732165220463e-07
2.692924032393863e-07
3.291807282299433e-07
4.023002733639619e-07
4.915696383089010e-07
6.005424011236425e-07
7.335356850322740e-07
8.957708968389946e-07
1.093656696187535e-06
1.335016310112943e-06
1.629303088267579e-06
1.987985140141610e-06
2.425194336135260e-06
2.957827094434527e-06
3.606484544346333e-06
4.396542827150970e-06
5.358245228077858e-06
6.528741510845794e-06
7.953004136790047e-06
9.685123426807662e-06
1.179128457267063e-05
1.435168052596525e-05
1.746298761654428e-05
2.124358134812527e-05
2.583503437405486e-05
3.140702759137163e-05
3.816844739474222e-05
4.637023600235284e-05
5.631918665765633e-05
6.837879835639614e-05
8.298345658172738e-05
1.006742423380376e-04
1.220989162753607e-04
1.480223770959466e-04
1.793675646451653e-04
2.172673830517824e-04
2.630517496955884e-04
3.183514430503757e-04
3.850974074849435e-04
4.656478871940896e-04
5.627722718227360e-04
6.797076096726048e-04
8.206237440003434e-04
9.900171061063042e-04
1.193879976877744e-03
1.438728057618311e-03
1.732910145469733e-03
2.085864157918717e-03
2.508795136174406e-03
3.015388240883773e-03
3.621650097204740e-03
4.345958771213422e-03
5.210906885293308e-03
6.242974540332951e-03
7.472882756457292e-03
8.935202652803191e-03
1.067321189583888e-02
1.273597301793202e-02
1.517970435732851e-02
1.807157423311532e-02
2.148373200967437e-02
2.550452383363663e-02
3.023622369920885e-02
3.578714631297380e-02
4.228704559961085e-02
4.987803361263825e-02
5.871988695103742e-02
6.898415817530332e-02
8.086372329416164e-02
9.455957816978772e-02
1.103028337947821e-01
1.283046006768381e-01
1.488033073452613e-01
1.720229942359240e-01
1.981782812186866e-01
2.274459230449959e-01
2.600000875795729e-01
2.959124085593763e-01
3.351864904205085e-01
3.777401717381456e-01
4.233685619406363e-01
4.717035632403698e-01
5.222595803911252e-01
5.743392279578464e-01
6.271168636281921e-01
6.795814889513566e-01
7.306677132226828e-01
7.792183756021062e-01
8.238686520844762e-01
8.645038329599291e-01
8.995540865284373e-01
9.287686144669125e-01
9.520627314794040e-01
9.695984732438366e-01
9.815514104264872e-01
9.894689842250970e-01
9.943895279701854e-01
9.972307357999676e-01
9.987444042076014e-01
9.994816460404714e-01
9.998070455136844e-01
9.999359661872094e-01
9.999812979620334e-01
9.999952608480380e-01
9.999989746975153e-01
9.999998139000510e-01
9.999999722154436e-01
9.999999966611887e-01
9.999999996847384e-01
9.999999999771754e-01
9.999999999987756e-01
9.999999999999507e-01
9.999999999999991e-01
9.999999999999999e-01
1.000000000000000e+00
1.000000000000000e+00
1.000000000000000e+00
1.000000000000000e+00
###5.600000000000002e+00
3.088164998315447e-10
4.015715850592186e-10
5.043046205568979e-10
6.278480559438548e-10
7.798687576113807e-10
9.669938295071400e-10
1.195585258329925e-09
1.475417236559800e-09
1.818301065799147e-09
2.238477992363527e-09
2.753049218871064e-09
3.383719810848084e-09
4.156508025850747e-09
5.103357547278387e-09
6.263782094670916e-09
7.684687395912879e-09
9.424887641689525e-09
1.155599260334331e-08
1.416547453400223e-08
1.735976904478262e-08
2.127813524580979e-08
2.605583115036170e-08
3.191016920341262e-08
3.907633157109113e-08
4.783878663274008e-08
5.855518413848293e-08
7.166342380648435e-08
8.768985901819354e-08
1.072792419418061e-07
1.312226606572675e-07
1.604824751506924e-07
1.962273742514908e-07
2.399067700933407e-07
2.932298573742641e-07
3.583621943789571e-07
4.378590140741754e-07
5.348933806084770e-07
6.533128361240790e-07
7.977994013693002e-07
9.740020380843296e-07
1.188874324249396e-06
1.450873329982536e-06
1.770233781674845e-06
2.159369670015973e-06
2.633552071119384e-06
3.211050829133226e-06
3.914140280400419e-06
4.770221645605512e-06
5.811959492669870e-06
7.079446022116037e-06
8.621205232489272e-06
1.049556359647572e-05
1.277398063204315e-05
1.554269894785955e-05
1.890595935735810e-05
2.299100165301888e-05
2.795036335342363e-05
3.396647621249211e-05
4.126458054590622e-05
5.011288189846776e-05
6.084147450912439e-05
7.384159874985657e-05
8.957745353068917e-05
1.086307942861959e-04
1.316923794038936e-04
1.595816015071330e-04
1.932913894453604e-04
2.340275690121292e-04
2.832143047178694e-04
3.425863017272469e-04
4.142089000767229e-04
5.005952730445832e-04
6.046938511701094e-04
7.299475564925485e-04
8.807921977884945e-04
1.061997841510068e-03
1.279929820072612e-03
1.541488628290572e-03
1.855518724140667e-03
2.231998902626097e-03
2.682761709592428e-03
3.222217043662243e-03
3.867342459160393e-03
4.637339126335164e-03
5.556008755620988e-03
6.651137517260135e-03
7.954906067649325e-03
9.503438852928958e-03
1.134194162458710e-02
1.352154270059331e-02
1.610069222984518e-02
1.914912521046308e-02
2.274145918101486e-02
2.696898403440617e-02
3.193714670910711e-02
3.775709862408256e-02
4.456180893117486e-02
5.249631149428047e-02
6.172288621578711e-02
7.241577094122571e-02
8.476928897357806e-02
9.898443721110088e-02
1.152923148711372e-01
1.339011617695091e-01
1.550447600303352e-01
1.789404769548395e-01
2.057918849759523e-01
2.357635449937349e-01
2.690107702398676e-01
3.055855393015065e-01
3.454662292460267e-01
3.885432206432395e-01
4.345820924884295e-01
4.831847211563264e-01
5.338373098025432e-01
5.858186070537074e-01
6.382861161713518e-01
6.902233353822729e-01
7.405718882858620e-01
7.881976512180825e-01
8.318470066715448e-01
8.712338753501907e-01
9.050683803604482e-01
9.330955956935917e-01
9.552900962182423e-01
9.718697758241523e-01
9.830658494568711e-01
9.904168187623030e-01
9.949424601661954e-01
9.975291311161064e-01
9.988921241307720e-01
9.995481353007407e-01
9.998339883781709e-01
9.999456862719923e-01
9.999843426196507e-01
9.999961066896365e-01
9.999991726239482e-01
9.999998526728643e-01
9.999999784511322e-01
9.999999974664399e-01
9.999999997662913e-01
9.999999999834838e-01
9.999999999991381e-01
9.999999999999657e-01
9.999999999999996e-01
9.999999999999999e-01
1.000000000000000e+00
1.000000000000000e+00
1.000000000000000e+00
1.000000000000000e+00
###5.800000000000002e+00
3.387478744560579e-10
4.389789557157391e-10
5.513086751519182e-10
6.863639864573685e-10
8.525367863385852e-10
1.057051833961921e-09
1.306842713480898e-09
1.612576649104978e-09
1.987134671721726e-09
2.446074821771084e-09
3.007998675662889e-09
3.696578691385426e-09
4.540193936316973e-09
5.573635160004668e-09
6.839969804705848e-09
8.390258026693134e-09
1.028856393701227e-08
1.261286723532055e-08
1.545837957208282e-08
1.894088565468655e-08
2.321219736394215e-08
2.841874894527232e-08
3.479742168191055e-08
4.260392947464284e-08
5.214720368786437e-08
6.381619503851501e-08
7.808643376835812e-08
9.552968442534652e-08
1.168462080035585e-07
1.428945567015716e-07
1.747194795623258e-07
2.135890815815885e-07
2.610747422682275e-07
3.190310999640995e-07
3.898069954264145e-07
4.761651643326287e-07
5.815511482626728e-07
7.101278889573083e-07
8.669681877491394e-07
1.058179348453409e-06
1.291297728976783e-06
1.575459492095948e-06
1.921735054964392e-06
2.343549487853318e-06
2.857392376594019e-06
3.483000642122874e-06
4.244434845391037e-06
5.171258968087646e-06
6.298720124026748e-06
7.670049030167710e-06
9.337542644253448e-06
1.136407899114840e-05
1.382668956038073e-05
1.681807760734838e-05
2.045052111211059e-05
2.486069666820147e-05
3.021277840760307e-05
3.670274089472146e-05
4.457268037887683e-05
5.411056236023920e-05
6.566977002326286e-05
7.967037156084070e-05
9.661093688884799e-05
1.171132497625195e-04
1.419148337204553e-04
1.718927925008326e-04
2.081108249945649e-04
2.518595432240794e-04
3.046548966916248e-04
3.683425036299884e-04
4.451301541426486e-04
5.376936317614970e-04
6.491685308980442e-04
7.832142082139466e-04
9.445449227016628e-04
1.138216793066200e-03
1.370985095576008e-03
1.650151709136897e-03
1.985077959835946e-03
2.386305408514626e-03
2.866318413010498e-03
3.440282321432382e-03
4.126172098559110e-03
4.944049844761763e-03
5.918961336596629e-03
7.080040057342981e-03
8.460967694142544e-03
1.009946099986751e-02
1.204270176744108e-02
1.434392748451573e-02
1.706385930314953e-02
2.027483851455322e-02
2.405397076329806e-02
2.849551162540221e-02
3.370808961018430e-02
3.980566596044925e-02
4.692438628518308e-02
5.521212750933714e-02
6.483358496033224e-02
7.596546861264197e-02
8.880333837333933e-02
1.035479531994404e-01
1.204300527251980e-01
1.396550731587232e-01
1.614502178374780e-01
1.860270911224684e-01
2.135772883632495e-01
2.442523952692692e-01
2.781885089200528e-01
3.154173570046281e-01
3.558917726402593e-01
3.994745054092579e-01
4.459016892973483e-01
4.947455859867791e-01
5.454649182101071e-01
5.973156890556320e-01
6.494400728542519e-01
7.008177717227755e-01
7.503993181875614e-01
7.970760779121783e-01
8.396872365077760e-01
8.778345572076586e-01
9.104483671747847e-01
9.372926577707084e-01
9.583994945163992e-01
9.740412678253134e-01
9.845030113779839e-01
9.913090902096605e-01
9.954584350269088e-01
9.978049295915956e-01
9.990272390781900e-01
9.996082612022026e-01
9.998580527405360e-01
9.999542508061886e-01
9.999870060371615e-01
9.999968288530645e-01
9.999993388076294e-01
9.999998846154701e-01
9.999999834911620e-01
9.999999981021189e-01
9.999999998294128e-01
9.999999999882402e-01
9.999999999994000e-01
9.999999999999795e-01
9.999999999999986e-01
1.000000000000000e+00
9.999999999999998e-01
1.000000000000000e+00
1.000000000000000e+00
1.000000000000000e+00
###6.000000000000003e+00
3.711536389247494e-10
4.795134706485418e-10
6.022419020205703e-10
7.497676136215339e-10
9.312689216786772e-10
1.154616469737531e-09
1.427360621987405e-09
1.761133791813802e-09
2.169973109062220e-09
2.670858442397996e-09
3.284011615540032e-09
4.035228677932079e-09
4.955437457415336e-09
6.082500824774869e-09
7.463320279884102e-09
9.153435500776197e-09
1.122257173730687e-08
1.375557485134043e-08
1.685599702728450e-08
2.064969751376944e-08
2.530198762227247e-08
3.097138792345274e-08
3.791580315754299e-08
4.641303727670764e-08
5.679836390532368e-08
6.949438216748064e-08
8.501709811782309e-08
1.039870824470540e-07
1.271642283862030e-07
1.554795792242644e-07
1.900663422973089e-07
2.322993339076103e-07
2.838808804527062e-07
3.468215557529167e-07
4.236667240246370e-07
5.174018281701469e-07
6.317640294078340e-07
7.712544060536266e-07
9.413639816121415e-07
1.148691005443683e-06
1.401394778001407e-06
1.709338421744426e-06
2.084485549475590e-06
2.541341313008497e-06
3.097697624197746e-06
3.774856905465265e-06
4.598787075985223e-06
5.601358476493084e-06
6.820571623667674e-06
8.303002409842711e-06
1.010496502546774e-05
1.229418908008761e-05
1.495362416140253e-05
1.818285500589221e-05
2.210269469998657e-05
2.685985724813341e-05
3.263086009100296e-05
3.962604983564290e-05
4.810539057614790e-05
5.837777885449073e-05
7.082131223977630e-05
8.588636212403614e-05
1.041083534878410e-04
1.261506339693564e-04
1.527990998813140e-04
1.849967356200624e-04
2.238764556017363e-04
2.708195845599482e-04
3.274393527138606e-04
3.956981156917378e-04
4.779529156352472e-04
5.770514862335159e-04
6.963224345691651e-04
8.396550350388681e-04
1.012054084092363e-03
1.218874531697237e-03
1.467279052844196e-03
1.764987954880491e-03
2.121901251851063e-03
2.549145706902977e-03
3.059882397746978e-03
3.670063165681105e-03
4.398688315516443e-03
5.266718182402300e-03
6.300478679636254e-03
7.530492154874734e-03
8.991982958162673e-03
1.072430519416142e-02
1.277664579318660e-02
1.520441284955646e-02
1.807063025274529e-02
2.145028354211946e-02
2.542298366626628e-02
3.008597050785141e-02
3.555105853816254e-02
4.193498618254562e-02
4.937702987861120e-02
5.802782285859988e-02
6.805437404433902e-02
7.963564778100628e-02
9.296821560092229e-02
1.082523394299063e-01
1.257180404187581e-01
1.455674381792569e-01
1.680208942547338e-01
1.932834621412745e-01
2.215343638794467e-01
2.529114517079094e-01
2.875312063448663e-01
3.254045329725548e-01
3.664584078628607e-01
4.105278009947037e-01
4.573195226168855e-01
5.063766808589139e-01
5.571313105138004e-01
6.088178759776117e-01
6.605648331907082e-01
7.113499068046577e-01
7.601345458925314e-01
8.058378208517635e-01
8.473788076243622e-01
8.842909167153261e-01
9.156823891896719e-01
9.413507883834346e-01
9.613847321764001e-01
9.761092720315332e-01
9.858609224649314e-01
9.921449836961119e-01
9.959373136528256e-01
9.980583008732722e-01
9.991499911869073e-01
9.996622247810412e-01
9.998793665732941e-01
9.999617272309309e-01
9.999893252661999e-01
9.999974388175195e-01
9.999994766893839e-01
9.999999105752316e-01
9.999999875084054e-01
9.999999985955662e-01
9.999999998779833e-01
9.999999999915367e-01
9.999999999996607e-01
9.999999999999661e-01
1.000000000000005e+00
9.999999999999986e-01
1.000000000000000e+00
9.999999999999999e-01
1.000000000000000e+00
1.000000000000000e+00
###6.200000000000003e+00
4.062165822736316e-10
5.234055426501235e-10
6.573939607097578e-10
8.184190271198059e-10
1.016511470216226e-09
1.260239523920524e-09
1.557818548524891e-09
1.921923472149920e-09
2.367847991266364e-09
2.914081937317234e-09
3.582619842233953e-09
4.401540323383820e-09
5.404520915206290e-09
6.632737116097417e-09
8.137224038805839e-09
9.978348136742728e-09
1.223193488108486e-08
1.499022609812093e-08
1.836575608141353e-08
2.249523237172614e-08
2.755847716641285e-08
3.372706363496296e-08
4.128146744226142e-08
5.052326293698858e-08
6.181604630207177e-08
7.561857278971042e-08
9.249035270360196e-08
1.131043760053590e-07
1.382845545169511e-07
1.690397683830233e-07
2.065981359682377e-07
2.524489375333578e-07
3.084349849565327e-07
3.767339250108915e-07
4.601017133770681e-07
5.617626066918128e-07
6.857657239058811e-07
8.369743507169300e-07
1.021326845368686e-06
1.245946904312677e-06
1.519659345974234e-06
1.853104869658857e-06
2.259201108978122e-06
2.753606356305091e-06
3.355504492698039e-06
4.087861775056318e-06
4.978691439972478e-06
6.062314065338234e-06
7.379665890767434e-06
8.980885900973658e-06
1.092656546070016e-05
1.328959391208914e-05
1.615921146274051e-05
1.964232367227435e-05
2.386880286031579e-05
2.899603053900714e-05
3.521361033774011e-05
4.274713035707240e-05
5.187548432637703e-05
6.292972740280901e-05
7.631416053813904e-05
9.251118622939323e-05
1.120939306018050e-04
1.357729801564500e-04
1.643826653432193e-04
1.989355847489041e-04
2.406380573717762e-04
2.909664115402231e-04
3.516368300329764e-04
4.247344501178526e-04
5.127726411675595e-04
6.187709507194828e-04
7.462866015171735e-04
8.994232130596127e-04
1.083498390725087e-03
1.304179110344336e-03
1.569053462734044e-03
1.886277690450769e-03
2.266312931930972e-03
2.720894138459424e-03
3.263884607157392e-03
3.912054074447525e-03
4.685457473907853e-03
5.605990229761895e-03
6.701295482435145e-03
8.003326269599185e-03
9.548891624612586e-03
1.137905043685554e-02
1.354495468497728e-02
1.610431237058975e-02
1.912245821459221e-02
2.267705778145427e-02
2.685024160827091e-02
3.174224890606202e-02
3.746807995678658e-02
4.414721157322193e-02
5.192199816948245e-02
6.094573397603899e-02
7.138762581470934e-02
8.342866862295710e-02
9.726620588738139e-02
1.130997236760944e-01
1.311581515642068e-01
1.516397766024940e-01
1.747578045222547e-01
2.007099764831043e-01
2.296627006944449e-01
2.617393606091061e-01
2.970363901853100e-01
3.355433248483269e-01
3.771609819161242e-01
4.216963554509883e-01
4.688273313289577e-01
5.180681494438180e-01
5.688251060376215e-01
6.203124263359711e-01
6.716465501545235e-01
7.218051546154689e-01
7.697627137325599e-01
8.144680962221464e-01
8.549112777560923e-01
8.905903416029657e-01
9.207604385979440e-01
9.452626120489189e-01
9.642410457421214e-01
9.780713587036820e-01
9.871386021589782e-01
9.929244179178844e-01
9.963794561772368e-01
9.982897224957104e-01
9.992607933899993e-01
9.997103107941659e-01
9.998980940507021e-01
9.999681965756241e-01
9.999912933098681e-01
9.999979492009603e-01
9.999995896752520e-01
9.999999314329876e-01
9.999999906533337e-01
9.999999989752548e-01
9.999999999135889e-01
9.999999999941170e-01
9.999999999997877e-01
9.999999999999738e-01
1.000000000000004e+00
9.999999999999988e-01
1.000000000000000e+00
9.999999999999999e-01
1.000000000000000e+00
1.000000000000000e+00
###6.400000000000003e+00
4.441312879000044e-10
5.709005180351346e-10
7.170732356670640e-10
8.927015747125075e-10
1.108739536133310e-09
1.374508324408682e-09
1.698939757390697e-09
2.095834035764655e-09
2.581842292622375e-09
3.177078362903858e-09
3.905452672200671e-09
4.797502812663133e-09
5.889870896008031e-09
7.227301881262732e-09
8.865284436335928e-09
1.086938240204258e-08
1.332199014404582e-08
1.632331075507888e-08
1.999554499171470e-08
2.448707352889761e-08
2.999331007293830e-08
3.669990397451401e-08
4.491155626888094e-08
5.495539984366550e-08
6.722546082011508e-08
8.221932060217062e-08
1.005432154920121e-07
1.229263979067206e-07
1.502614617681296e-07
1.836408059296752e-07
2.243943166168401e-07
2.741339713766676e-07
3.348531956612089e-07
4.089085082443146e-07
4.992814515731526e-07
6.094520912994131e-07
7.438031149757651e-07
9.075855063065217e-07
1.107215794235621e-06
1.350380099151233e-06
1.646612478997172e-06
2.007386094342390e-06
2.446636480503520e-06
2.981252287970124e-06
3.631908608822036e-06
4.423328474824187e-06
5.385721216673073e-06
6.556013463843849e-06
7.978266489433873e-06
9.706412020864306e-06
1.180559226639568e-05
1.435418077501143e-05
1.744810047206288e-05
2.120203908423958e-05
2.575547951451966e-05
3.127713155175018e-05
3.797046544536636e-05
4.607722200949926e-05
5.589633807977342e-05
6.778231333899236e-05
8.216720691523832e-05
9.956725534435110e-05
1.205951641061620e-04
1.460105282611516e-04
1.767027454376649e-04
2.137533314008520e-04
2.584475402827103e-04
3.123612231769672e-04
3.773193619278377e-04
4.555361474221341e-04
5.496886120163062e-04
6.629761073882034e-04
7.991971407849383e-04
9.626777709430971e-04
1.159063256832235e-03
1.394346236530922e-03
1.676558804633823e-03
2.014311110446351e-03
2.418648474442538e-03
2.901937569057627e-03
3.478769993273859e-03
4.166765156798949e-03
4.987063185002680e-03
5.962531050366651e-03
7.122167138619471e-03
8.499397248390866e-03
1.013265728942479e-02
1.206474665159112e-02
1.434883574991373e-02
1.704496696064368e-02
2.022082388375072e-02
2.395678574810997e-02
2.833751377373796e-02
3.346625767486932e-02
3.946119851336843e-02
4.644450619820662e-02
5.456155262380442e-02
6.396818866294296e-02
7.483568950662790e-02
8.734684932218395e-02
1.016995298692880e-01
1.180921421886472e-01
1.367521369095445e-01
1.578734474482738e-01
1.816617645869683e-01
2.083067761806066e-01
2.379615988900129e-01
2.707344318237261e-01
3.067012096400516e-01
3.458295759317657e-01
3.879939012171837e-01
4.329728005582192e-01
4.804164304404238e-01
5.298097773368925e-01
5.805346677255915e-01
6.317864907558434e-01
6.826714669717505e-01
7.321692651911409e-01
7.792695808015045e-01
8.229531220085137e-01
8.622744302844191e-01
8.967218542992824e-01
9.256740532126115e-01
9.490222488493147e-01
9.669649798240926e-01
9.799262071359498e-01
9.883359406484028e-01
9.936479403550081e-01
9.967856376700213e-01
9.984999191824755e-01
9.993601900926482e-01
9.997528649962792e-01
9.999144234598951e-01
9.999737470938596e-01
9.999929492730562e-01
9.999983715620298e-01
9.999996812136730e-01
9.999999479678576e-01
9.999999930841668e-01
9.999999992620174e-01
9.999999999395310e-01
9.999999999960051e-01
9.999999999998609e-01
9.999999999999831e-01
1.000000000000003e+00
9.999999999999992e-01
1.000000000000000e+00
9.999999999999999e-01
1.000000000000000e+00
1.000000000000000e+00
###6.600000000000003e+00
4.851048065381812e-10
6.222594605878462e-10
7.816079103618984e-10
9.730231957205155e-10
1.208458652780291e-09
1.498047760700671e-09
1.851493670945501e-09
2.283810387072588e-09
2.813112651469869e-09
3.461265206036175e-09
4.254242244191035e-09
5.225230596250711e-09
6.414066305840097e-09
7.869338011776676e-09
9.651329452499890e-09
1.183119722071814e-08
1.449840453547450e-08
1.776171862208318e-08
2.175373630426359e-08
2.663539021170227e-08
3.261883864978127e-08
3.990489326595205e-08
4.882424589535408e-08
5.973149062195166e-08
7.305332499473183e-08
8.932899784094178e-08
1.092148971469707e-07
1.335006235446532e-07
1.631524086044244e-07
1.993522062755972e-07
2.435389524204586e-07
2.974560626349014e-07
3.632583207452570e-07
4.434935482969883e-07
5.413850494587706e-07
6.606864238904077e-07
8.061369324640910e-07
9.834022562488023e-07
1.199409762504848e-06
1.462448857491374e-06
1.782803767871835e-06
2.172843465322017e-06
2.647587167384235e-06
3.225235441373983e-06
3.928053295484087e-06
4.782636780957289e-06
5.821532266680522e-06
7.084442725157249e-06
8.618753984895092e-06
1.048243238019525e-05
1.274545899161941e-05
1.549203304415285e-05
1.882517271678969e-05
2.286783218133213e-05
2.776968456144786e-05
3.371146071024989e-05
4.091131693211130e-05
4.962810145797335e-05
6.018196140885361e-05
7.295218775016600e-05
8.840022111326585e-05
1.070780187428946e-04
1.296400570520676e-04
1.568976144618391e-04
1.897982133996073e-04
2.294958885509186e-04
2.773590451070141e-04
3.350668041940348e-04
4.045619866107617e-04
4.881913354758290e-04
5.888041930318165e-04
7.097896913104019e-04
8.551861334792365e-04
1.029583785090368e-03
1.238941047960383e-03
1.489599524729190e-03
1.790054535637055e-03
2.149388561424793e-03
2.579254791531036e-03
3.092675695629940e-03
3.704997829665074e-03
4.434722444922655e-03
5.304106615500252e-03
6.337024971489672e-03
7.563869998540417e-03
9.019582541601156e-03
1.074426756429646e-02
1.278250065247897e-02
1.518952260070873e-02
1.802774461803565e-02
2.136723503635029e-02
2.529111822131357e-02
2.988659370619066e-02
3.525992877152139e-02
4.153247501908553e-02
4.882904329931870e-02
5.729795444117499e-02
6.709750206729632e-02
7.840088634766654e-02
9.139245982088785e-02
1.062703369740199e-01
1.232315322366574e-01
1.425016161116933e-01
1.642695825198667e-01
1.887333822430823e-01
2.160737506675862e-01
2.464300623831787e-01
2.798946342750472e-01
3.165224348332154e-01
3.562587204065851e-01
3.989511509582508e-01
4.443500131233560e-01
4.920777551289767e-01
5.415910312683286e-01
5.922481467205103e-01
6.432271592454966e-01
6.936259644877909e-01
7.424283657925991e-01
7.886415518887739e-01
8.312800965876941e-01
8.694593537341017e-01
9.026759988130061e-01
9.304162260211126e-01
9.526252221143604e-01
9.695545352462550e-01
9.816735032119911e-01
9.894535946572808e-01
9.943166341482592e-01
9.971569738813832e-01
9.986898092691843e-01
9.994488219658697e-01
9.997902739811702e-01
9.999285571435980e-01
9.999784704749329e-01
9.999943309457540e-01
9.999987174832301e-01
9.999997545637108e-01
9.999999609122096e-01
9.999999949390632e-01
9.999999994751194e-01
9.999999999582234e-01
9.999999999973347e-01
9.999999999999083e-01
9.999999999999898e-01
1.000000000000002e+00
9.999999999999996e-01
1.000000000000000e+00
1.000000000000000e+00
1.000000000000000e+00
1.000000000000000e+00
###6.800000000000003e+00
5.293573548382356e-10
6.777600645503733e-10
8.513470718094744e-10
1.059817788691802e-09
1.316206489735980e-09
1.631522377668898e-09
2.016298437786747e-09
2.486857142364142e-09
3.062890276597625e-09
3.768149068816182e-09
4.630829287419284e-09
5.686970224358971e-09
6.979846619552894e-09
8.562183433446373e-09
1.049942381263017e-08
1.286873855135797e-08
1.576719285488433e-08
1.931276067738422e-08
2.364921274788224e-08
2.895096822509797e-08
3.544816093473457e-08
4.335791655349682e-08
5.303880028793931e-08
6.487489096433261e-08
7.932794050935286e-08
9.698188702293004e-08
1.185469109197277e-07
1.448773024323522e-07
1.770181939865256e-07
2.162475051803455e-07
2.641209471911679e-07
3.225226643565980e-07
3.937801576342014e-07
4.806458830443851e-07
5.866016951950239e-07
7.156938355242578e-07
8.730424161967047e-07
1.064756360615878e-06
1.298308482855685e-06
1.582632289521473e-06
1.928812578193480e-06
2.350173957718688e-06
2.862891199323548e-06
3.486562912181362e-06
4.245148198800382e-06
5.167238656153243e-06
6.287866455047821e-06
7.649690265579505e-06
9.303630620834053e-06
1.131192284822268e-05
1.374975083726440e-05
1.670743779197204e-05
2.029555112541336e-05
2.464581970387791e-05
2.991871589100819e-05
3.630771774715984e-05
4.404652754108638e-05
5.341210080630371e-05
6.474701784542039e-05
7.845677070183649e-05
9.503387623896360e-05
1.150679856034511e-04
1.392576339916733e-04
1.684685770243989e-04
2.037096412131296e-04
2.462111391614019e-04
2.974289981398527e-04
3.591498743857396e-04
4.334428102396678e-04
5.227916942365230e-04
6.302268439769895e-04
7.593373436256515e-04
9.144089183587030e-04
1.100312499792191e-03
1.323331203485067e-03
1.590170648748973e-03
1.909809261416500e-03
2.291820732549674e-03
2.748490439949356e-03
3.293521266678606e-03
3.943041941386563e-03
4.716468126017128e-03
5.637206718889397e-03
6.730175801571833e-03
8.027201571075709e-03
9.564782373822174e-03
1.138473432089877e-02
1.353344472819231e-02
1.606827525886752e-02
1.905404014102911e-02
2.256322597881840e-02
2.668173135213655e-02
3.149929802238625e-02
3.712521349535138e-02
4.368398412782019e-02
5.130300231376494e-02
6.013346080760436e-02
7.033597207263718e-02
8.208551957689768e-02
9.556771854239186e-02
1.109806973642492e-01
1.285197224807873e-01
1.484080641399577e-01
1.708289829379346e-01
1.959730395760508e-01
2.240105238959899e-01
2.550667874651947e-01
2.892175874366273e-01
3.264964514838248e-01
3.668257825300539e-01
4.100262981014356e-01
4.558200384041122e-01
5.038018766242039e-01
5.534010857288902e-01
6.039535161401250e-01
6.546215001842344e-01
7.044966008453531e-01
7.525689949780504e-01
7.978656984416839e-01
8.394371774737996e-01
8.764573201514163e-01
9.084447095652636e-01
9.349813139739573e-01
9.560683395053493e-01
9.720087005657716e-01
9.833138178819359e-01
9.904928735196766e-01
9.949320271460177e-01
9.974948517907504e-01
9.988604562304408e-01
9.995273957424524e-01
9.998229482072154e-01
9.999407031428517e-01
9.999824582745492e-01
9.999954741823950e-01
9.999989980252896e-01
9.999998127156742e-01
9.999999709255022e-01
9.999999963366445e-01
9.999999996311413e-01
9.999999999715135e-01
9.999999999982474e-01
9.999999999999405e-01
9.999999999999940e-01
1.000000000000001e+00
9.999999999999998e-01
1.000000000000000e+00
1.000000000000000e+00
1.000000000000000e+00
1.000000000000000e+00
###7.000000000000004e+00
5.771230535084595e-10
7.376975573908517e-10
9.266618961935438e-10
1.153546652135854e-09
1.432554638161730e-09
1.775638629410186e-09
2.194223661001112e-09
2.706041931136073e-09
3.332483416151210e-09
4.099330606436903e-09
5.037169064908831e-09
6.185107579752674e-09
7.590120561683865e-09
9.309381700143647e-09
1.141388172904211e-08
1.398725483124115e-08
1.713473635228063e-08
2.098419155782411e-08
2.569139307452417e-08
3.144524257068179e-08
3.849515958682017e-08
4.707580678839820e-08
5.757562781737241e-08
7.041033772000402e-08
8.607927489970860e-08
1.052142789488682e-07
1.285831901171441e-07
1.571095989310586e-07
1.919231258945554e-07
2.344044577752083e-07
2.862342804797883e-07
3.494473145350877e-07
4.265558373336716e-07
5.205310441352017e-07
6.351311437502159e-07
7.747152298286827e-07
9.448099912657952e-07
1.151997777645755e-06
1.404333470164987e-06
1.711437810399209e-06
2.085249440549393e-06
2.540111799020450e-06
3.093431093892163e-06
3.766294886874530e-06
4.584466276426640e-06
5.578661503380721e-06
6.786555463019396e-06
8.253951355844726e-06
1.003552561745528e-05
1.219804659630232e-05
1.482223197298430e-05
1.800489434977109e-05
2.186461005377405e-05
2.654241591539146e-05
3.221022307853722e-05
3.907501766761140e-05
4.738694982121084e-05
5.744212915546539e-05
6.960684982606462e-05
8.431428000223317e-05
1.020897816690750e-04
1.235627622581097e-04
1.494782032731456e-04
1.807592539909938e-04
2.184793504956728e-04
2.639490028904889e-04
3.187161979224110e-04
3.846804648773857e-04
4.640393819939127e-04
5.594325363485496e-04
6.740623301474373e-04
8.117496195390097e-04
9.770199054903890e-04
1.175041603738689e-03
1.412425619400065e-03
1.696299483643064e-03
2.036100954422810e-03
2.441928889822914e-03
2.926725874284663e-03
3.504900345499987e-03
4.193390973911116e-03
5.012560807693714e-03
5.987000490683913e-03
7.142707061088256e-03
8.512980714350487e-03
1.013591987521894e-02
1.205509373672118e-02
1.431873657684768e-02
1.698637993428375e-02
2.012527471331074e-02
2.381035688730070e-02
2.813032569629687e-02
3.317746507158467e-02
3.906408070327155e-02
4.591781202133036e-02
5.386856596018374e-02
6.307032130861902e-02
7.368587539894889e-02
8.589189377834491e-02
9.987477951998509e-02
1.158320028361846e-01
1.339584198954417e-01
1.544728075356585e-01
1.775527632792022e-01
2.033808955480524e-01
2.321164504331488e-01
2.638701593328377e-01
2.987005590126094e-01
3.366192610422968e-01
3.775253804131058e-01
4.212124982302496e-01
4.673745308438489e-01
5.155790191793702e-01
5.652288513478582e-01
6.156386064278327e-01
6.659566006712773e-01
7.152701520434055e-01
7.625781373796992e-01
8.069297834068283e-01
8.474134649959262e-01
8.832603762151657e-01
9.140211178870262e-01
9.393652884272038e-01
9.593495949885557e-01
9.743274278716975e-01
9.848484980955186e-01
9.914556476365077e-01
9.954960120272749e-01
9.978008668630617e-01
9.990130254209132e-01
9.995966579803078e-01
9.998513078943837e-01
9.999510685397001e-01
9.999857992048493e-01
9.999964123735668e-01
9.999992233973689e-01
9.999998583433608e-01
9.999999785831148e-01
9.999999973766516e-01
9.999999997438102e-01
9.999999999808291e-01
9.999999999988622e-01
9.999999999999624e-01
9.999999999999963e-01
1.000000000000000e+00
9.999999999999999e-01
1.000000000000000e+00
1.000000000000000e+00
1.000000000000000e+00
1.000000000000000e+00
###7.200000000000004e+00
6.286506737827395e-10
8.023857324689870e-10
1.007946812851257e-09
1.254700019323251e-09
1.558110472670453e-09
1.931147046993791e-09
2.386193188115899e-09
2.942498838834419e-09
3.623281539937613e-09
4.456509925215965e-09
5.475337539748798e-09
6.722175362180583e-09
8.247975515168407e-09
1.011469294477727e-08
1.239928014872085e-08
1.519231293723126e-08
1.860780194789152e-08
2.278423271283053e-08
2.789026097756588e-08
3.413033085245414e-08
4.177454204736467e-08
5.107618983110790e-08
6.245633867125705e-08
7.636401855487148e-08
9.333904525800685e-08
1.140645731614861e-07
1.393702085151984e-07
1.702537364441897e-07
2.079351934403881e-07
2.539052488242811e-07
3.099782484876428e-07
3.783499521166898e-07
4.617301724991473e-07
5.633237863248418e-07
6.871842151336987e-07
8.380047766036516e-07
1.021745977975417e-06
1.245495503305059e-06
1.517929024995201e-06
1.849400088644218e-06
2.252757461622050e-06
2.743430129535722e-06
3.340135819218172e-06
4.065546960858434e-06
4.947346533994224e-06
6.018511396617732e-06
7.319524608494166e-06
8.899532629227059e-06
1.081720061608114e-05
1.314411172697974e-05
1.596685300194671e-05
1.938912275380591e-05
2.353798507753507e-05
2.856434393939776e-05
3.465222051073920e-05
4.202290592248866e-05
5.094394362844762e-05
6.173169275027218e-05
7.477750180863323e-05
9.054375763513637e-05
1.095905129787101e-04
1.325890862534892e-04
1.603333953025974e-04
1.938071008594248e-04
2.341514588742433e-04
2.827614860773650e-04
3.412818573409408e-04
4.117278932061056e-04
4.964395127350935e-04
5.982081702021214e-04
7.204318861212965e-04
8.671619985719267e-04
1.043177207802894e-03
1.253955232123725e-03
1.506450661478862e-03
1.808238285158414e-03
2.169217098085643e-03
2.600045038111380e-03
3.114343619636719e-03
3.727252490762653e-03
4.456548575594439e-03
5.323575691342016e-03
6.354143127127028e-03
7.575362107425380e-03
9.022047712135642e-03
1.073394108559068e-02
1.275640619930149e-02
1.513955908038139e-02
1.794514862124785e-02
2.124289527964048e-02
2.511021290024602e-02
2.963862495880975e-02
3.492295325037182e-02
4.107851460072608e-02
4.823605357068728e-02
5.652791661619389e-02
6.611077336591166e-02
7.714946104029931e-02
8.982213189990444e-02
1.043157267950109e-01
1.208266780265217e-01
1.395492048354157e-01
1.606970149165638e-01
1.844415425231594e-01
2.109568751966861e-01
2.403906066384809e-01
2.728382445466312e-01
3.083404601210681e-01
3.468864793517842e-01
3.883517294898501e-01
4.325025049025579e-01
4.790047696938894e-01
5.273990837078486e-01
5.770630038185040e-01
6.272908809119996e-01
6.772196029278710e-01
7.259336511639829e-01
7.724432570358288e-01
8.158222712157425e-01
8.551989926495116e-01
8.898613932590855e-01
9.193993878269071e-01
9.435645643849405e-01
9.624680570474142e-01
9.765115713775837e-01
9.862795597631880e-01
9.923442524560625e-01
9.960107677368474e-01
9.980767669780647e-01
9.991487471334559e-01
9.996573730586745e-01
9.998757715908756e-01
9.999598543270939e-01
9.999885772039483e-01
9.999971760693744e-01
9.999994027934536e-01
9.999998937819149e-01
9.999999843745488e-01
9.999999981412310e-01
9.999999998240956e-01
9.999999999872659e-01
9.999999999992698e-01
9.999999999999770e-01
9.999999999999977e-01
1.000000000000000e+00
9.999999999999999e-01
1.000000000000000e+00
1.000000000000000e+00
1.000000000000000e+00
1.000000000000000e+00
###7.400000000000004e+00
6.842044815848863e-10
8.721578913342069e-10
1.095620855850278e-09
1.363798648395637e-09
1.693519155686479e-09
2.098844810002852e-09
2.593187762454020e-09
3.197432104694005e-09
3.936759851580108e-09
4.841490972440457e-09
5.947538049055526e-09
7.300861176310546e-09
8.956686931915958e-09
1.098210574435385e-08
1.346047321919274e-08
1.648981551181231e-08
2.019356316655943e-08
2.472159765308638e-08
3.025639535143726e-08
3.701906995421859e-08
4.530188562713777e-08
5.537809904339954e-08
6.770380880429851e-08
8.276364870505108e-08
1.011408105402700e-07
1.235733886111475e-07
1.509571131535857e-07
1.843691566880677e-07
2.251262580639400e-07
2.748367201010941e-07
3.354577663044756e-07
4.093572431385927e-07
4.994560524309584e-07
6.092085569502808e-07
7.429833543612766e-07
9.058305804403074e-07
1.104173391179470e-06
1.345638523093438e-06
1.639563369462158e-06
1.997082398000346e-06
2.432013934187423e-06
2.960942917845690e-06
3.603983071857100e-06
4.385492845499755e-06
5.335197237595087e-06
6.488476894916707e-06
7.888797361445909e-06
9.588857432144115e-06
1.165155591370632e-05
1.415358692034680e-05
1.718775973397854e-05
2.086507434755962e-05
2.532158561143205e-05
3.071865082398273e-05
3.725310534564003e-05
4.516138067422655e-05
5.472972697044895e-05
6.629492614884399e-05
8.027575536095933e-05
9.716511101396000e-05
1.175596607680737e-04
1.421748841869928e-04
1.718563227051477e-04
2.076514149279213e-04
2.507719819057108e-04
3.027028023645379e-04
3.651897551740403e-04
4.403706832098131e-04
5.307318925029346e-04
6.392258656826628e-04
7.694572579577077e-04
9.257153246098543e-04
1.113045038996166e-03
1.337244590817615e-03
1.605631419598384e-03
1.926259870032674e-03
2.309455545320421e-03
2.766512578079014e-03
3.311738890621421e-03
3.961031343498596e-03
4.733033968641821e-03
5.650105124204333e-03
6.739308559827417e-03
8.028904639470978e-03
9.555264740948258e-03
1.135981536441589e-02
1.348975664469209e-02
1.599712054566448e-02
1.894591921387500e-02
2.240837450688465e-02
2.646440389115782e-02
3.120837554735891e-02
3.673764030435206e-02
4.317051378133626e-02
5.064081111442297e-02
5.928323491504085e-02
6.925704078547408e-02
8.072894943214283e-02
9.387839165849454e-02
1.088925816305477e-01
1.259666330212025e-01
1.452935437577340e-01
1.670816978893278e-01
1.914957434664322e-01
2.187006654184052e-01
2.488317890033199e-01
2.819687905146961e-01
3.181338473642834e-01
3.572933421086228e-01
3.992986527065061e-01
4.438886857277503e-01
4.907016817360452e-01
5.392516784103856e-01
5.888920231778866e-01
6.388982717760165e-01
6.883977550006357e-01
7.364744346962815e-01
7.821523367468072e-01
8.245323641609433e-01
8.627847281287242e-01
8.962541208488436e-01
9.245756038193348e-01
9.475770262156008e-01
9.654237827090698e-01
9.785627921160134e-01
9.876095968360722e-01
9.931614064629868e-01
9.964786908312839e-01
9.983243999305023e-01
9.992688534913494e-01
9.997075040796176e-01
9.998966750499955e-01
9.999672458364046e-01
9.999908654346861e-01
9.999977928340819e-01
9.999995440381876e-01
9.999999210859252e-01
9.999999886878758e-01
9.999999987018000e-01
9.999999998789088e-01
9.999999999921426e-01
9.999999999993909e-01
1.000000000000029e+00
9.999999999999863e-01
1.000000000000004e+00
9.999999999999990e-01
1.000000000000000e+00
9.999999999999999e-01
1.000000000000000e+00
1.000000000000000e+00
###7.600000000000004e+00
7.440650644305154e-10
9.473679025231264e-10
1.190129003997062e-09
1.481395503130659e-09
1.839465705698398e-09
2.279578274627393e-09
2.816249192869260e-09
3.472119937418121e-09
4.274483944438880e-09
5.256188208888841e-09
6.456108169813563e-09
7.924015861388980e-09
9.719728540766480e-09
1.191584932807911e-08
1.460260672208907e-08
1.788601877925958e-08
2.189962163088566e-08
2.680551786608973e-08
3.280100151870853e-08
4.012505382767385e-08
4.909368236923063e-08
6.000155519245999e-08
7.334224699236513e-08
8.963854933177141e-08
1.095200652324377e-07
1.337836750752560e-07
1.633958574180077e-07
1.995186786436627e-07
2.435722433928012e-07
2.972905969437191e-07
3.627836052131839e-07
4.426029004859840e-07
5.398948261203265e-07
6.583799482714742e-07
8.027631757939580e-07
9.784753280011015e-07
1.192432710481336e-06
1.452836726844255e-06
1.769729729488296e-06
2.155077901261140e-06
2.623731857542827e-06
3.193506758990359e-06
3.886001401746450e-06
4.727366876661377e-06
5.749498885186583e-06
6.990332526325231e-06
8.496499442080066e-06
1.032447061281112e-05
1.254163610924415e-05
1.523011206375649e-05
1.848930092086080e-05
2.243794082458389e-05
2.722160545415912e-05
3.301271980074816e-05
4.002167175374286e-05
4.850090903262096e-05
5.875648411466636e-05
7.114661389719203e-05
8.611915462945698e-05
1.041991423962929e-04
1.260218644062298e-04
1.523493126648691e-04
1.840817897495497e-04
2.223325101441185e-04
2.683888849711397e-04
3.238294372524607e-04
3.905063294582113e-04
4.706863254992985e-04
5.670080334303673e-04
6.825937286765299e-04
8.212636819926934e-04
9.875557880256701e-04
1.186793705468880e-03
1.425107799857172e-03
1.710195626185090e-03
2.050610505601400e-03
2.457124023868736e-03
2.941686154675495e-03
3.519320774314193e-03
4.206704592177526e-03
5.023381933305835e-03
5.992758588311343e-03
7.143189429378101e-03
8.504118639180051e-03
1.011351575006689e-02
1.201453519024820e-02
1.425625423263336e-02
1.689265422698677e-02
1.999005481757192e-02
2.362320982866543e-02
2.787456318441956e-02
3.284134486620852e-02
3.862342112149555e-02
4.534208839028440e-02
5.313419087601534e-02
6.213669524066397e-02
7.251132813966614e-02
8.442652556126874e-02
9.806274671246808e-02
1.136072864508126e-01
1.312535483280062e-01
1.511927647249040e-01
1.736276944200622e-01
1.987156800994611e-01
2.266117012929161e-01
2.574385021757163e-01
2.912592159511666e-01
3.280769168206193e-01
3.678347033196523e-01
4.103595847188039e-01
4.553630335351112e-01
5.024558600248702e-01
5.511261465592345e-01
6.007042321720227e-01
6.504484670955752e-01
6.994784625742816e-01
7.468801887003428e-01
7.916939164920010e-01
8.330500275022893e-01
8.701625731602076e-01
9.024332098455404e-01
9.295464072929170e-01
9.514016847329199e-01
9.682177379980614e-01
9.804834679082320e-01
9.888416961743701e-01
9.939101371987052e-01
9.969023437573076e-01
9.985456837340723e-01
9.993746585930535e-01
9.997544606819817e-01
9.999145116816441e-01
9.999734274445686e-01
9.999927416002353e-01
9.999982866631635e-01
9.999996545815373e-01
9.999999418536251e-01
9.999999918907092e-01
9.999999991014978e-01
9.999999999179489e-01
9.999999999951262e-01
9.999999999995561e-01
1.000000000000036e+00
9.999999999999870e-01
1.000000000000003e+00
9.999999999999991e-01
1.000000000000000e+00
9.999999999999999e-01
1.000000000000000e+00
1.000000000000000e+00
###7.800000000000004e+00
8.085302286445298e-10
1.028391565268303e-09
1.291943560215253e-09
1.608077477256373e-09
1.996677118644677e-09
2.474245595379340e-09
3.056482676206248e-09
3.767918385970771e-09
4.638114561237630e-09
5.702632214685511e-09
7.003526723862157e-09
8.594661970383624e-09
1.054078256662005e-08
1.292040593295020e-08
1.583113326158498e-08
1.938755051669390e-08
2.373402868579654e-08
2.904576884378731e-08
3.553594242180385e-08
4.346267102797693e-08
5.316738413098033e-08
6.496769719749401e-08
7.939725828488394e-08
9.701972494535072e-08
1.185143308827717e-07
1.447408247027019e-07
1.767413345684505e-07
2.157686582164485e-07
2.633533260478943e-07
3.213637157721781e-07
3.920726755899295e-07
4.782280242244873e-07
5.832166868308630e-07
7.110431603769351e-07
8.667709991874037e-07
1.056236932157163e-06
1.286882642083131e-06
1.567521828590838e-06
1.908947404601036e-06
2.324010913845739e-06
2.828661425911407e-06
3.442022631642274e-06
4.187272280164982e-06
5.092466444824613e-06
6.191807042387417e-06
7.525942126833099e-06
9.144862727198274e-06
1.110904490805575e-05
1.349063539588734e-05
1.637750439107494e-05
1.987603534053535e-05
2.411316237908145e-05
2.924453209737426e-05
3.545428073194816e-05
4.296712254047979e-05
5.205243768072774e-05
6.303716274970949e-05
7.630220377973972e-05
9.232602557282909e-05
1.116675709241248e-04
1.350028369574386e-04
1.631427817967577e-04
1.970452781948492e-04
2.378927752945941e-04
2.870521159955240e-04
3.462001791332455e-04
4.173006786112195e-04
5.027556577977880e-04
6.053629949846466e-04
7.284229811651008e-04
8.759810916308858e-04
1.052834944380256e-03
1.264599584301296e-03
1.517737941479307e-03
1.820373209128700e-03
2.181565374673181e-03
2.612540233506473e-03
3.125931810901097e-03
3.737514471268790e-03
4.464754200782436e-03
5.328142977742366e-03
6.352162852339543e-03
7.566497208338803e-03
9.001808449744377e-03
1.069770648045744e-02
1.269911609213378e-02
1.505703216527244e-02
1.782741799606348e-02
2.107894322420084e-02
2.488892268125929e-02
2.934234648891408e-02
3.453931988542148e-02
4.058220585566835e-02
4.759525771933451e-02
5.571829992725379e-02
6.509046190849840e-02
7.587581603911751e-02
8.824433214554760e-02
1.023771374830213e-01
1.184616954335729e-01
1.366889915844556e-01
1.572480505290258e-01
1.803356678996613e-01
2.061017092804062e-01
2.346891717722464e-01
2.662089587726908e-01
3.007066118216675e-01
3.381655068860345e-01
3.785050417059236e-01
4.215275830484561e-01
4.669171834734284e-01
5.142575870595376e-01
5.630115963386608e-01
6.124878290265270e-01
6.619291173327337e-01
7.104493238579319e-01
7.571389863230575e-01
8.010571240142199e-01
8.413659947865745e-01
8.773253586808620e-01
9.083942189417729e-01
9.343094866911957e-01
9.550385136045730e-01
9.708517146605445e-01
9.822766018783013e-01
9.899793554796017e-01
9.945937089082851e-01
9.972843939113148e-01
9.987425576620179e-01
9.994674241799744e-01
9.997947050862591e-01
9.999296616921772e-01
9.999785676658762e-01
9.999942704644872e-01
9.999986792180925e-01
9.999997404138098e-01
9.999999575042317e-01
9.999999942456215e-01
9.999999993831126e-01
9.999999999453951e-01
9.999999999969151e-01
9.999999999997154e-01
1.000000000000024e+00
9.999999999999917e-01
1.000000000000002e+00
9.999999999999994e-01
1.000000000000000e+00
1.000000000000000e+00
1.000000000000000e+00
1.000000000000000e+00
###8.000000000000004e+00
8.779159152155279e-10
1.115627468323913e-09
1.401565627230429e-09
1.744467217412016e-09
2.165924624638176e-09
2.683799477834135e-09
3.315060339110412e-09
4.086265421441544e-09
5.029412644134830e-09
6.182975755537524e-09
7.592421247609219e-09
9.316002826049641e-09
1.142375085262227e-08
1.400052404096471e-08
1.715182816945334e-08
2.100142932349166e-08
2.570530621954217e-08
3.145269801551526e-08
3.847377223367938e-08
4.704714526849231e-08
5.754145002077574e-08
7.029887992601927e-08
8.589591390147795e-08
1.049399472276861e-07
1.281632582103516e-07
1.564927922495920e-07
1.910515216013846e-07
2.331891602601000e-07
2.845541409352726e-07
3.471582695035002e-07
4.234483164961011e-07
5.163814088605236e-07
6.296010882669507e-07
7.674144947449128e-07
9.352674594350113e-07
1.139429233266828e-06
1.387900951622939e-06
1.690148311237196e-06
2.057762941273591e-06
2.504538294157713e-06
3.047591677378172e-06
3.707437845996166e-06
4.508932402570579e-06
5.482154720983745e-06
6.663735272232250e-06
8.097262637831688e-06
9.836229762956039e-06
1.194538959176078e-05
1.450190380252565e-05
1.759976570814195e-05
2.135274031107784e-05
2.589643760975080e-05
3.139715833243958e-05
3.805142379457682e-05
4.609908527769552e-05
5.582741346058573e-05
6.758536319593579e-05
8.177801194715468e-05
9.891550461001772e-05
1.195930649883427e-04
1.445294017073938e-04
1.745869969751186e-04
2.107842220199095e-04
2.543757052911202e-04
3.068136680310248e-04
3.698761884950924e-04
4.456446464836506e-04
5.366629511196521e-04
6.458954903817155e-04
7.768290453338951e-04
9.337442339612273e-04
1.121709851907219e-03
1.346645310462925e-03
1.615357802744186e-03
1.936419964198727e-03
2.319408944699230e-03
2.776032372316949e-03
3.319661707374634e-03
3.966747045624846e-03
4.735676291540637e-03
5.647883151657453e-03
6.728961561505817e-03
8.009961525203550e-03
9.522797696586311e-03
1.130876285645583e-02
1.341459360076290e-02
1.589303975797984e-02
1.880268924600783e-02
2.221399217766852e-02
2.620705277888915e-02
3.086942494849056e-02
3.630409848634138e-02
4.261590909034198e-02
4.993203661288789e-02
5.839522910698208e-02
6.814666781050134e-02
7.935263439863957e-02
9.218443805594519e-02
1.068236496760850e-01
1.234575239860177e-01
1.422743514815520e-01
1.634612589433236e-01
1.872059838233155e-01
2.136529180923743e-01
2.429317843066745e-01
2.751407785883890e-01
3.103073272213717e-01
3.483945128363463e-01
3.892975902892461e-01
4.327940013536909e-01
4.785400704122011e-01
5.260929438820309e-01
5.748844261210466e-01
6.233016868231529e-01
6.733043826790214e-01
7.212879293869566e-01
7.672310890170484e-01
8.102261520304973e-01
8.494676021830480e-01
8.842638357823591e-01
9.141314625532163e-01
9.388620307855365e-01
9.584873805472826e-01
9.733276048338175e-01
9.839453451825783e-01
9.910261794342079e-01
9.952154504213947e-01
9.976275180480865e-01
9.989169309286248e-01
9.995483517472887e-01
9.998290735135607e-01
9.999424388069529e-01
9.999828136957749e-01
9.999955065791816e-01
9.999989889207180e-01
9.999998064436091e-01
9.999999691993772e-01
9.999999959559412e-01
9.999999995802974e-01
9.999999999641712e-01
9.999999999980400e-01
9.999999999998282e-01
1.000000000000014e+00
9.999999999999953e-01
1.000000000000001e+00
9.999999999999997e-01
1.000000000000000e+00
1.000000000000000e+00
1.000000000000000e+00
1.000000000000000e+00
###8.200000000000003e+00
9.525571655085200e-10
1.209498345092479e-09
1.519526660630738e-09
1.891225055197309e-09
2.348026069252677e-09
2.909250135377382e-09
3.593224916719570e-09
4.428685764603878e-09
5.450244701490300e-09
6.699500306106776e-09
8.225575907512978e-09
1.009143213053742e-08
1.237276624862511e-08
1.516123240527737e-08
1.857080645094134e-08
2.273508504343728e-08
2.782247788689685e-08
3.403725440640885e-08
4.162777206853199e-08
5.089457751456176e-08
6.223540246102658e-08
7.601873618961543e-08
9.286682566713377e-08
1.134338443438117e-07
1.385087335889325e-07
1.690902233730170e-07
2.063876328804060e-07
2.518541424349306e-07
3.072640012157828e-07
3.747820703721330e-07
4.570406224959612e-07
5.572199540503722e-07
6.792371912646999e-07
8.277218866341142e-07
1.008527121986040e-06
1.228382752765317e-06
1.495885361169366e-06
1.821194513636919e-06
2.216751388578044e-06
2.697350924525174e-06
3.281352233840697e-06
3.990748058248936e-06
4.852176014700445e-06
5.897862888850630e-06
7.166918559453865e-06
8.706347259965474e-06
1.057305834909732e-05
1.283643530804881e-05
1.557895408898718e-05
1.890109084316298e-05
2.292442178286932e-05
2.779373568980083e-05
3.368659681504048e-05
4.081261690435315e-05
4.942763333400706e-05
5.983780876390672e-05
7.241530801690356e-05
8.759143272481600e-05
1.059075856164794e-04
1.279992900043970e-04
1.546295457873279e-04
1.867150201681641e-04
2.253376213789014e-04
2.718253585169392e-04
3.277276527846775e-04
3.949211128442470e-04
4.756129638314902e-04
5.724958219740707e-04
6.887080982512120e-04
8.279318008288763e-04
9.946929875573141e-04
1.194343463156976e-03
1.433120350859980e-03
1.718189634860050e-03
2.058587192348184e-03
2.464435477988316e-03
2.947939722272640e-03
3.523236897392594e-03
4.207466004279463e-03
5.019982154274035e-03
5.983185232623390e-03
7.123816665421497e-03
8.474331886535479e-03
1.006793139839181e-02
1.194763357511149e-02
1.416202685615188e-02
1.676563196901486e-02
1.981977044728451e-02
2.339663542448590e-02
2.757916566560355e-02
3.245749456351004e-02
3.813750141623849e-02
4.472646509538954e-02
5.235445506579775e-02
6.116707832787591e-02
7.130744723464598e-02
8.294390520723825e-02
9.624889398421187e-02
1.114041863104416e-01
1.285964454208649e-01
1.480109639190495e-01
1.698324347625958e-01
1.942389403141674e-01
2.213688720613260e-01
2.513382107831980e-01
2.842316104911076e-01
3.200578574842562e-01
3.587591824331162e-01
4.002063158379267e-01
4.441515630528533e-01
4.902235407253006e-01
5.379531884733845e-01
5.867406740316813e-01
6.351476189737989e-01
6.845768348349484e-01
7.319868872106984e-01
7.771491775134356e-01
8.191934562984940e-01
8.573486861246249e-01
8.909736432291019e-01
9.196429583421228e-01
9.432040757876776e-01
9.617502461583680e-01
9.756487725923116e-01
9.854938011206116e-01
9.919863156362907e-01
9.957789322324158e-01
9.979344646841523e-01
9.990707012607104e-01
9.996186095250995e-01
9.998583061285904e-01
9.999531446876144e-01
9.999862982113894e-01
9.999964986971747e-01
9.999992314027726e-01
9.999998567932786e-01
9.999999778621713e-01
9.999999971843672e-01
9.999999997171993e-01
9.999999999767692e-01
9.999999999987628e-01
9.999999999998992e-01
1.000000000000008e+00
9.999999999999976e-01
1.000000000000001e+00
9.999999999999999e-01
1.000000000000000e+00
1.000000000000000e+00
1.000000000000000e+00
1.000000000000000e+00
###8.400000000000002e+00
1.032809191820530e-09
1.310452380939412e-09
1.646390120922627e-09
2.049051052593020e-09
2.543848448789276e-09
3.151668399199649e-09
3.892293568047587e-09
4.796795061337174e-09
5.902588501748142e-09
7.254622956048467e-09
8.905939881101429e-09
1.092454400481027e-08
1.339220499626948e-08
1.640785491516583e-08
2.009454073016371e-08
2.459638044549903e-08
3.009508966273799e-08
3.681102011890806e-08
4.501198787187945e-08
5.502199231790453e-08
6.726987836561398e-08
8.215224261655749e-08
1.003402250513949e-07
1.225379957882496e-07
1.495949927839122e-07
1.825865909669551e-07
2.228142834827577e-07
2.718416507557860e-07
3.315771324271122e-07
4.043488300190164e-07
4.929867642310886e-07
6.009090541727536e-07
7.323243389765223e-07
8.922054762976175e-07
1.086839170098362e-06
1.323445507964095e-06
1.611254521502229e-06
1.961163802280390e-06
2.386517686137489e-06
2.903175381423913e-06
3.530815310508081e-06
4.292999731458028e-06
5.218257920940608e-06
6.341094473408980e-06
7.703256940829967e-06
9.355351478105233e-06
1.135792725533381e-05
1.378526494109893e-05
1.672546899842203e-05
2.028587595337659e-05
2.459632391113640e-05
2.981130736493488e-05
3.612029270988461e-05
4.374672021790938e-05
5.296330224730885e-05
6.409613998705853e-05
7.754185859631645e-05
9.375955388590578e-05
1.133231419739330e-04
1.369109425396690e-04
1.653324623063906e-04
1.995613216569027e-04
2.407461209964451e-04
2.902915874319695e-04
3.498504062071430e-04
4.214011734902876e-04
5.072833399455732e-04
6.103453267349273e-04
7.339073608716559e-04
8.818556847535960e-04
1.058972458203479e-03
1.270904708748432e-03
1.524220989743415e-03
1.826460963989887e-03
2.187141459217151e-03
2.616948158012031e-03
3.128612353762919e-03
3.737052864297679e-03
4.460132254155333e-03
5.318198389959768e-03
6.334648991210185e-03
7.537408886656517e-03
8.960378358181625e-03
1.063807701685300e-02
1.261529166014234e-02
1.494250252665966e-02
1.767605560423484e-02
2.087999479648236e-02
2.462833529609204e-02
2.900685463976343e-02
3.410827728366839e-02
4.004137267600907e-02
4.691582741724323e-02
5.486455684260157e-02
6.403595401075315e-02
7.457493171609492e-02
8.665173628723154e-02
1.004397227243710e-01
1.161206067740124e-01
1.338800707775034e-01
1.539000769817099e-01
1.763621830411690e-01
2.014347103518446e-01
2.292490182636429e-01
2.599070157199612e-01
2.934790247561412e-01
3.299546783750676e-01
3.692548501489518e-01
4.112254511275694e-01
4.555935591039852e-01
5.019604957156953e-01
5.498315366344104e-01
5.985796441725524e-01
6.469014422782098e-01
6.957541543285226e-01
7.425442782673236e-01
7.868903977493469e-01
8.279555392659658e-01
8.650065392560546e-01
8.974534017800093e-01
9.249291777814195e-01
9.473376901760946e-01
9.648306378810196e-01
9.778197052264050e-01
9.869268016093069e-01
9.928643080709089e-01
9.962878976018962e-01
9.982080178650167e-01
9.992057389460961e-01
9.996793203201271e-01
9.998830654527472e-01
9.999620607688214e-01
9.999891395791511e-01
9.999972891767570e-01
9.999994198212141e-01
9.999998948590901e-01
9.999999842219046e-01
9.999999980575396e-01
9.999999998113365e-01
9.999999999850956e-01
9.999999999992290e-01
9.999999999999413e-01
1.000000000000004e+00
9.999999999999987e-01
1.000000000000000e+00
9.999999999999999e-01
1.000000000000000e+00
1.000000000000000e+00
1.000000000000000e+00
1.000000000000000e+00
###8.600000000000001e+00
1.119048374027261e-09
1.418964539628375e-09
1.782753137241875e-09
2.218687065455959e-09
2.754310455928797e-09
3.412188846135623e-09
4.213661697778702e-09
5.192304740281959e-09
6.388538809358110e-09
7.850903338189577e-09
9.636635752742684e-09
1.181914325968098e-08
1.448669909279212e-08
1.774602539621912e-08
2.172987910559820e-08
2.659363272459811e-08
3.253323662011943e-08
3.978624141396250e-08
4.864126775607130e-08
5.944738259336581e-08
7.266668084886715e-08
8.872578399204814e-08
1.083480402413482e-07
1.322910246059239e-07
1.614687311955349e-07
1.970383268453143e-07
2.403996463773859e-07
2.932340072384762e-07
3.575928958675244e-07
4.359784254569099e-07
5.314313097355825e-07
6.476229744410089e-07
7.890725124651811e-07
9.611181390469776e-07
1.170508034612637e-06
1.424983755849156e-06
1.734448891900976e-06
2.110585605448139e-06
2.567697883671398e-06
3.122775381056645e-06
3.796897417708416e-06
4.615292134492209e-06
5.608495831578437e-06
6.813428147349352e-06
8.274640080303055e-06
1.004653685963450e-05
1.219354065288611e-05
1.479510992532256e-05
1.794530718967962e-05
2.175872534935252e-05
2.637393694407944e-05
3.195569395644556e-05
3.870603395872219e-05
4.686299770480281e-05
5.671710269091373e-05
6.861548183029069e-05
8.298052827897476e-05
1.003005874552641e-04
1.211839431633133e-04
1.463537744896729e-04
1.766685796559052e-04
2.131618154691113e-04
2.570520616341084e-04
3.098248819114166e-04
3.732405527114015e-04
4.493852152001991e-04
5.407365092826301e-04
6.503060030333285e-04
7.816038191676983e-04
9.387297165693116e-04
1.126732988989118e-03
1.351568488337669e-03
1.620150292028422e-03
1.940407016502627e-03
2.322355697260633e-03
2.777257370402823e-03
3.318411235237056e-03
3.961524210366448e-03
4.725220161261738e-03
5.630866411144411e-03
6.702890358762688e-03
7.970436440570437e-03
9.468860187986523e-03
1.123412184468093e-02
1.331273082311399e-02
1.575712847682935e-02
1.862553703505659e-02
2.198471602949254e-02
2.591057313230865e-02
3.049172932793244e-02
3.582350728442405e-02
4.201756260093190e-02
4.918594786425862e-02
5.746437324725877e-02
6.700393622237241e-02
7.795120879362202e-02
9.047816944546465e-02
1.047588539151928e-01
1.209746447678455e-01
1.393098455394344e-01
1.599427271940764e-01
1.830510315079367e-01
2.087931346726265e-01
2.372923932357379e-01
2.686362629995084e-01
3.028799784581747e-01
3.399935095566966e-01
3.798759015381499e-01
4.223479898956471e-01
4.671115969703565e-01
5.137411923993035e-01
5.617170727234597e-01
6.103885021857137e-01
6.585563928349897e-01
7.068217262078402e-01
7.529482783256350e-01
7.964442158652423e-01
8.365039407799676e-01
8.724349861952261e-01
9.036995173197361e-01
9.299892043481857e-01
9.512641947629205e-01
9.677317048524160e-01
9.798447081730701e-01
9.882490599081438e-01
9.936645851555485e-01
9.967459849107071e-01
9.984508563929081e-01
9.993238125906189e-01
9.997315321216377e-01
9.999039402061020e-01
9.999694421325962e-01
9.999914417170150e-01
9.999979145709998e-01
9.999995651173958e-01
9.999999233996782e-01
9.999999888489377e-01
9.999999986720012e-01
9.999999998754029e-01
9.999999999905297e-01
9.999999999995275e-01
9.999999999999655e-01
1.000000000000002e+00
9.999999999999992e-01
1.000000000000000e+00
1.000000000000000e+00
1.000000000000000e+00
1.000000000000000e+00
1.000000000000000e+00
1.000000000000000e+00
###8.800000000000001e+00
1.211673414291852e-09
1.535537968033301e-09
1.929248282199051e-09
2.400918944513515e-09
2.980385198464504e-09
3.692013153508778e-09
4.558807108732265e-09
5.617027017752156e-09
6.910313363306137e-09
8.491051032928055e-09
1.042096849130656e-08
1.277925627757833e-08
1.566114915369156e-08
1.918170349236458e-08
2.348406429280784e-08
2.873563655670109e-08
3.514759116506194e-08
4.297586213086997e-08
5.253130217660376e-08
6.418975768552497e-08
7.844883976016239e-08
9.576722274443809e-08
1.169239794319412e-07
1.427336971722469e-07
1.741792232965668e-07
2.125049646167656e-07
2.592156232315612e-07
3.161180138035588e-07
3.854160322045870e-07
4.697971896897192e-07
5.725265710008832e-07
6.975452636132619e-07
8.497028144383743e-07
1.034726076253510e-06
1.259854084394011e-06
1.533382802563063e-06
1.865931717437363e-06
2.270016568742227e-06
2.760960550120942e-06
3.356953395091359e-06
4.080561263309520e-06
4.958779565583578e-06
6.024272958417639e-06
7.316520480781984e-06
8.883050229222429e-06
1.078227490997825e-05
1.308273315455378e-05
1.586935635345515e-05
1.924251048012780e-05
2.332446002925854e-05
2.826300736785002e-05
3.423373924082941e-05
4.145196528105528e-05
5.017113389695648e-05
6.070054007801520e-05
7.340949057545447e-05
8.874751313913940e-05
1.072337229002095e-04
1.295126958751281e-04
1.563546335696577e-04
1.886696055205967e-04
2.275539067827780e-04
2.742995191724630e-04
3.304770948745916e-04
3.979590533548619e-04
4.789447860402823e-04
5.760563273525709e-04
6.924759842512461e-04
8.319121458370244e-04
9.986876512938121e-04
1.198130334837464e-03
1.436515867991786e-03
1.721118329518071e-03
2.060270955108049e-03
2.464510720425323e-03
2.945691358557853e-03
3.517708572339268e-03
4.197077955543318e-03
5.003217794380474e-03
5.958542561840332e-03
7.088541384467992e-03
8.423613833261562e-03
1.000047340588755e-02
1.185697110288291e-02
1.404096527026246e-02
1.660703392021075e-02
1.961532471465691e-02
2.313530953728356e-02
2.724485104449700e-02
3.203541813136566e-02
3.760493428890729e-02
4.406793231054840e-02
5.153878243330571e-02
6.015593100880120e-02
7.007308915020038e-02
8.143833598729468e-02
9.442519909379796e-02
1.092081490067981e-01
1.259679416982061e-01
1.448870946436656e-01
1.661398003769158e-01
1.898993203024060e-01
2.163138337677918e-01
2.454977754428277e-01
2.775237257421958e-01
3.124311080197004e-01
3.501697289453929e-01
3.906163711350210e-01
4.335665833669079e-01
4.786969710572268e-01
5.255556414058865e-01
5.735987213708790e-01
6.221546341493760e-01
6.701047907837684e-01
7.177658074362515e-01
7.631875289752350e-01
8.058007548733516e-01
8.448309362106057e-01
8.796286952980096e-01
9.097092780443640e-01
9.348229579402315e-01
9.549856821107663e-01
9.704572196355363e-01
9.817285235455664e-01
9.894655336321848e-01
9.943916539221170e-01
9.971568074104630e-01
9.986655830953013e-01
9.994266146853497e-01
9.997762216421949e-01
9.999214562517335e-01
9.999755173644228e-01
9.999932951284417e-01
9.999984059185585e-01
9.999996763119505e-01
9.999999446182578e-01
9.999999921851094e-01
9.999999991001941e-01
9.999999999185457e-01
9.999999999940367e-01
9.999999999997162e-01
9.999999999999792e-01
1.000000000000002e+00
9.999999999999996e-01
1.000000000000000e+00
1.000000000000000e+00
1.000000000000000e+00
1.000000000000000e+00
1.000000000000000e+00
1.000000000000000e+00
###9.000000000000000e+00
1.311106503793860e-09
1.660705479522629e-09
2.086545433509607e-09
2.596578841738540e-09
3.223099457152609e-09
3.992413608822269e-09
4.929294259439399e-09
6.072880149635568e-09
7.470258883516034e-09
9.177933342689004e-09
1.126243487875441e-08
1.380914237718938e-08
1.692073845783166e-08
2.072119131053670e-08
2.536475373901805e-08
3.103168835613748e-08
3.794943221521266e-08
4.639355882203877e-08
5.669866615900885e-08
6.926919414438320e-08
8.464045694641982e-08
1.033059720033523e-07
1.261036184164656e-07
1.539090281314605e-07
1.877784482667772e-07
2.290492900044459e-07
2.793380241600717e-07
3.405851671100689e-07
4.151569181274415e-07
5.059382178486744e-07
6.164329690829828e-07
7.508691891371133e-07
9.144479887580401e-07
1.113309413323703e-06
1.355214363495419e-06
1.649047859956898e-06
2.006190064230190e-06
2.440041784168060e-06
2.967008165152383e-06
3.606552377228176e-06
4.382817797900566e-06
5.324673771767311e-06
6.467040874359881e-06
7.852109322056650e-06
9.530566209553361e-06
1.156505176994962e-05
1.402847548319990e-05
1.701155149870544e-05
2.062131145898046e-05
2.498812665515980e-05
3.026954803560410e-05
3.665260178400833e-05
4.436660261413197e-05
5.368125049169908e-05
6.492563430754680e-05
7.849242710821335e-05
9.485971885636214e-05
1.145789817639637e-04
1.383330805723945e-04
1.669415057599812e-04
2.013685762841940e-04
2.427765513395203e-04
2.925350725889625e-04
3.523021741605560e-04
4.240692921235417e-04
5.101542561047492e-04
6.133298830204550e-04
7.369571273890445e-04
8.849512914309815e-04
1.061868147013290e-03
1.273325855320100e-03
1.525934301841294e-03
1.827342433523170e-03
2.186304165065522e-03
2.613896644164497e-03
3.122584447477314e-03
3.726892007417031e-03
4.444155122978059e-03
5.294627631736495e-03
6.301799092777171e-03
7.492251569771131e-03
8.897675237444553e-03
1.055619348060517e-02
1.250755276706277e-02
1.480103185172236e-02
1.749337118835453e-02
2.064669036640777e-02
2.433317322767678e-02
2.863269236547629e-02
3.363956828772197e-02
3.945432318916842e-02
4.619435284279516e-02
5.397628989504985e-02
6.294125025460884e-02
7.324545842862749e-02
8.503833737920818e-02
9.849476814334374e-02
1.137893963375689e-01
1.311020411167460e-01
1.506130163381731e-01
1.724920249996283e-01
1.969071956430579e-01
2.239962013623260e-01
2.538636800207325e-01
2.865668823661598e-01
3.221287278215186e-01
3.604783746552696e-01
4.014699488607229e-01
4.448735519033365e-01
4.903406807882886e-01
5.373936293831409e-01
5.854652783982002e-01
6.338656219881990e-01
6.815382728271340e-01
7.285734267153531e-01
7.732511802635539e-01
8.149508153080182e-01
8.529295614850995e-01
8.865831845634313e-01
9.154808430216390e-01
9.394311699358058e-01
9.585049678197217e-01
9.730115172850874e-01
9.834762684705884e-01
9.905813649517418e-01
9.950500520793640e-01
9.975239194529701e-01
9.988547042833116e-01
9.995157249817100e-01
9.998142908062311e-01
9.999360821845237e-01
9.999804887358540e-01
9.999947778538671e-01
9.999987892876027e-01
9.999997607666807e-01
9.999999602641689e-01
9.999999945690033e-01
9.999999993957244e-01
9.999999999472904e-01
9.999999999962577e-01
9.999999999998337e-01
9.999999999999870e-01
1.000000000000001e+00
9.999999999999997e-01
1.000000000000000e+00
1.000000000000000e+00
1.000000000000000e+00
1.000000000000000e+00
1.000000000000000e+00
1.000000000000000e+00
###9.199999999999999e+00
1.417795398696890e-09
1.795031073286359e-09
2.255353683153820e-09
2.806547577180760e-09
3.483546479382821e-09
4.314736701918744e-09
5.326778671637358e-09
6.561893798055877e-09
8.070858923119817e-09
9.914583211949879e-09
1.216473309766422e-08
1.491330540745136e-08
1.827094686780757e-08
2.237115028810326e-08
2.738003985222359e-08
3.349161051888841e-08
4.095067422117826e-08
5.005377520010432e-08
6.116085998604142e-08
7.470688046609089e-08
9.126631694583407e-08
1.113730605341296e-07
1.359244860066378e-07
1.658623844839643e-07
2.023212162540910e-07
2.467374928473682e-07
3.008467502630499e-07
3.667318772886088e-07
4.469318276109482e-07
5.445416797442602e-07
6.633194071435140e-07
8.077981818490885e-07
9.835529506825106e-07
1.197162848266727e-06
1.456943340212416e-06
1.772405052868741e-06
2.155735878282768e-06
2.621276051672480e-06
3.186578651713422e-06
3.872457501376491e-06
4.704728288604940e-06
5.714246398244946e-06
6.938322403582439e-06
8.422017204129848e-06
1.021936742263919e-05
1.239747293152520e-05
1.503387963785592e-05
1.822541015259595e-05
2.208614111270051e-05
2.675500646219336e-05
3.239984904368913e-05
3.921976708919613e-05
4.745884726609253e-05
5.740392291442403e-05
6.940493888424215e-05
8.387917907208930e-05
1.013347862680433e-04
1.223572469152607e-04
1.476697855683493e-04
1.781435544442304e-04
2.147999018890024e-04
2.588703060145724e-04
3.118058878154402e-04
3.753562279085562e-04
4.516371513699809e-04
5.430908466731811e-04
6.526475945296637e-04
7.838551206889719e-04
9.408446044029538e-04
1.128414897830231e-03
1.352486660940232e-03
1.620017791961213e-03
1.939047367796575e-03
2.318766439326521e-03
2.770813068121114e-03
3.308281602738107e-03
3.946354032300780e-03
4.703212596118506e-03
5.599966840109744e-03
6.661224403239104e-03
7.914688046120602e-03
9.393374454355771e-03
1.113686749912879e-02
1.318681728381226e-02
1.559398993526185e-02
1.841731547902819e-02
2.172092857341116e-02
2.557972692633356e-02
3.007564078917662e-02
3.530584469080793e-02
4.137345248217161e-02
4.839870313660916e-02
5.650042924825513e-02
6.582234135202199e-02
7.652306728738775e-02
8.875319878359772e-02
1.026887087510917e-01
1.185043046744622e-01
1.363783819692871e-01
1.564886750419429e-01
1.789999646691601e-01
2.040746027100697e-01
2.318393975577337e-01
2.623881765643699e-01
2.957629126251213e-01
3.319688289924563e-01
3.709141474054372e-01
4.124299871948607e-01
4.562608975601028e-01
5.020334495585920e-01
5.492447427596644e-01
5.973054419203503e-01
6.455092323495824e-01
6.928479872172106e-01
7.392323145312996e-01
7.831289275942616e-01
8.238858950037280e-01
8.607936325469676e-01
8.932948226417394e-01
9.210132256521240e-01
9.438153520900714e-01
9.618255388513925e-01
9.753994342267081e-01
9.850933685373985e-01
9.916018249863667e-01
9.956443045939314e-01
9.978507876900551e-01
9.990206139491791e-01
9.995926320875661e-01
9.998465657238981e-01
9.999482339305256e-01
9.999845335078658e-01
9.999959565574693e-01
9.999990863525766e-01
9.999998244295522e-01
9.999999717070530e-01
9.999999962572624e-01
9.999999995977586e-01
9.999999999662398e-01
9.999999999976832e-01
9.999999999999053e-01
9.999999999999915e-01
1.000000000000001e+00
9.999999999999998e-01
1.000000000000000e+00
1.000000000000000e+00
1.000000000000000e+00
1.000000000000000e+00
1.000000000000000e+00
1.000000000000000e+00
###9.399999999999999e+00
1.532216603947073e-09
1.939111592720000e-09
2.436423429690297e-09
3.031757227811540e-09
3.762880883157659e-09
4.660407057458241e-09
5.753011739299486e-09
7.086214896268661e-09
8.714739884350759e-09
1.070420790062368e-08
1.313177325089749e-08
1.609650647377800e-08
1.971756624119736e-08
2.413861982349629e-08
2.953847260410912e-08
3.612577882076203e-08
4.416390037629347e-08
5.397176265418335e-08
6.593635892795663e-08
8.052518298425739e-08
9.835453504770759e-08
1.200012265960763e-07
1.464261648502156e-07
1.786416036933235e-07
2.178653070449168e-07
2.656393312842549e-07
3.238259883477069e-07
3.946596991998203e-07
4.808632070003501e-07
5.857551463211772e-07
7.133636586467263e-07
8.685462915230414e-07
1.057275333937912e-06
1.286596302238320e-06
1.565413676473166e-06
1.903902215135788e-06
2.315107058714897e-06
2.814365165950782e-06
3.420446943857321e-06
4.155597991678987e-06
5.047406397666371e-06
6.128831462717141e-06
7.439714532913103e-06
9.028154767954412e-06
1.095173786696851e-05
1.328226795018329e-05
1.610220471499136e-05
1.951482126351802e-05
2.364163635954669e-05
2.863062404175349e-05
3.466048778492177e-05
4.194305946419199e-05
5.073799966746163e-05
6.135019621560980e-05
7.415155918541548e-05
8.958528193787385e-05
1.081911161298348e-04
1.305902896037345e-04
1.575485381963252e-04
1.899911552998736e-04
2.289994045716773e-04
2.758773665632228e-04
3.321614721313179e-04
3.996975709208398e-04
4.807310734182708e-04
5.778347493012415e-04
6.941032892857415e-04
8.332795724806086e-04
9.997199284846085e-04
1.198476738780827e-03
1.435785723863628e-03
1.718967002640896e-03
2.056465442959976e-03
2.457926086623103e-03
2.935569166172326e-03
3.503138462575911e-03
4.176501643895272e-03
4.974711677472343e-03
5.919764650727315e-03
7.037422899427156e-03
8.356535241081027e-03
9.911483870449329e-03
1.174336244955459e-02
1.389573587501400e-02
1.642092043691640e-02
1.938006382931900e-02
2.283935567503410e-02
2.687641110899888e-02
3.157525884737986e-02
3.703592804506796e-02
4.336411202714609e-02
5.068286731211347e-02
5.911315644563613e-02
6.880120100516710e-02
7.990791193260983e-02
9.258486252585747e-02
1.070088943891949e-01
1.233544963701578e-01
1.417982903634113e-01
1.625149920663317e-01
1.856640071500753e-01
2.114012732591433e-01
2.398423270764642e-01
2.710686100571296e-01
3.051086696273829e-01
3.419470668916246e-01
3.814714035653500e-01
4.234895013054060e-01
4.677203111061579e-01
5.137657391943371e-01
5.610983881386583e-01
6.091078399056449e-01
6.570734127416284e-01
7.040247554207720e-01
7.497308541830766e-01
7.928110422206560e-01
8.325982058336294e-01
8.684177584586187e-01
8.997608242520840e-01
9.263062716943258e-01
9.479777602033226e-01
9.649514984516260e-01
9.776262463067028e-01
9.865854977613611e-01
9.925322599693089e-01
9.961788851485663e-01
9.981407669221646e-01
9.991655816068183e-01
9.996587177817803e-01
9.998737973870455e-01
9.999582788368196e-01
9.999878055336818e-01
9.999968876792708e-01
9.999993149642291e-01
9.999998720594029e-01
9.999999800081211e-01
9.999999974422767e-01
9.999999997345779e-01
9.999999999786006e-01
9.999999999985746e-01
9.999999999999484e-01
9.999999999999941e-01
1.000000000000001e+00
9.999999999999998e-01
1.000000000000000e+00
1.000000000000000e+00
1.000000000000000e+00
1.000000000000000e+00
1.000000000000000e+00
1.000000000000000e+00
###9.599999999999998e+00
1.654866103420714e-09
2.093578401459796e-09
2.630548466976249e-09
3.273193746004078e-09
4.062323209248762e-09
5.030931421502864e-09
6.209845617696826e-09
7.648113618616087e-09
9.404678420076433e-09
1.155019781683627e-08
1.416768806964940e-08
1.736377692601434e-08
2.126671610353179e-08
2.603103623109136e-08
3.184908232813583e-08
3.894514986719659e-08
4.760239561847074e-08
5.816362000997202e-08
7.104466095583431e-08
8.674770304444117e-08
1.059336731285335e-07
1.292250000906346e-07
1.576503900510887e-07
1.922971115382184e-07
2.344716109686565e-07
2.858283000963621e-07
3.483644119390610e-07
4.244755722983095e-07
5.170799609621953e-07
6.297339307229464e-07
7.667527739865697e-07
9.333386594651161e-07
1.135886064747335e-06
1.381935574280053e-06
1.681017037636866e-06
2.044009864323318e-06
2.484868601956899e-06
3.019987188619166e-06
3.669426554375950e-06
4.456948967158476e-06
5.412020370433601e-06
6.569827987203940e-06
7.972891515233748e-06
9.672524418001479e-06
1.173007043765828e-05
1.422229549996658e-05
1.723686280911854e-05
2.088385482687966e-05
2.529264819498366e-05
3.062075684565128e-05
3.705834007388162e-05
4.483065499723914e-05
5.421377448552430e-05
6.553160264998068e-05
7.917917293815308e-05
9.562694268484995e-05
1.154478959202313e-04
1.393008025126446e-04
1.679961415194653e-04
2.025159389145305e-04
2.440043682440145e-04
2.938416284139104e-04
3.536534451996777e-04
4.253868040015839e-04
5.114221431988855e-04
6.144692089930149e-04
7.377943052741983e-04
8.853441233251354e-04
1.061709726409870e-03
1.272207781451231e-03
1.523402025732047e-03
1.822989420431390e-03
2.179836688477222e-03
2.604060114977129e-03
3.108483877753830e-03
3.707521546675430e-03
4.417754691998344e-03
5.259132087687967e-03
6.254558452811198e-03
7.431014525594445e-03
8.818478153323589e-03
1.045279433939932e-02
1.237656514542489e-02
1.463530041725477e-02
1.728292561358444e-02
2.038283479374624e-02
2.400330927521903e-02
2.822468623569707e-02
3.313312700194095e-02
3.883151368151339e-02
4.542810154217149e-02
5.304873281510868e-02
6.181642216078302e-02
7.187980967149614e-02
8.340195865159035e-02
9.653522480362312e-02
1.114570920607945e-01
1.283415048189767e-01
1.473629763845564e-01
1.686927430705409e-01
1.924843636866596e-01
2.188867285898933e-01
2.480036596176872e-01
2.799035789337058e-01
3.146007207568398e-01
3.520587821144595e-01
3.921441772497970e-01
4.346411920018530e-01
4.792431987006223e-01
5.255277818253028e-01
5.729438272761911e-01
6.208610696213129e-01
6.685463056146534e-01
7.150592171621207e-01
7.600580571892357e-01
8.022884035509873e-01
8.410806926773741e-01
8.757973528199184e-01
9.059792433963254e-01
9.313606346497134e-01
9.519213548062407e-01
9.678875116653263e-01
9.796976081081001e-01
9.879585202379859e-01
9.933780430789908e-01
9.966581810971740e-01
9.983970797001088e-01
9.992917435079327e-01
9.997152556950335e-01
9.998966634481835e-01
9.999665395191315e-01
9.999904372639633e-01
9.999976185896639e-01
9.999994896909258e-01
9.999999074273860e-01
9.999999859813158e-01
9.999999982667136e-01
9.999999998263693e-01
9.999999999865791e-01
9.999999999991273e-01
9.999999999999737e-01
9.999999999999957e-01
1.000000000000001e+00
9.999999999999998e-01
1.000000000000000e+00
1.000000000000000e+00
1.000000000000000e+00
1.000000000000000e+00
1.000000000000000e+00
1.000000000000000e+00
###9.799999999999997e+00
1.786272842116690e-09
2.259099136451632e-09
2.838568211500588e-09
3.531899693392711e-09
4.383163991094406e-09
5.427902814168182e-09
6.699238318576285e-09
8.249989580267768e-09
1.014360911054760e-08
1.245613566891184e-08
1.527684399542460e-08
1.872043174365787e-08
2.292485981487070e-08
2.805625218916993e-08
3.432140310842419e-08
4.196128921926944e-08
5.128018047995753e-08
6.264633392345330e-08
7.650633496275741e-08
9.339933278926074e-08
1.140338481825756e-07
1.390807829640706e-07
1.696411491715887e-07
2.068820426791920e-07
2.522042738774047e-07
3.073818043847552e-07
3.745553891225240e-07
4.562920689866313e-07
5.557177488862906e-07
6.766414414669065e-07
8.236834975828041e-07
1.002412080727107e-06
1.219669958329760e-06
1.483523080151835e-06
1.804164933537823e-06
2.193222213918938e-06
2.665613782958706e-06
3.238853924094917e-06
3.934370927289394e-06
4.777533409675548e-06
5.799795604379099e-06
7.038702728816261e-06
8.539608088354993e-06
1.035722394612604e-05
1.255687138097626e-05
1.522054860941730e-05
1.844142512127284e-05
2.233676908862195e-05
2.704425012209435e-05
3.273144500156069e-05
3.960059165503006e-05
4.789109497480921e-05
5.789631624554545e-05
6.996017983356320e-05
8.450205129259659e-05
1.020210642072149e-04
1.231251281461083e-04
1.485124312371816e-04
1.790405118516003e-04
2.157508338609615e-04
2.598535879620881e-04
3.128087433614904e-04
3.763354638220697e-04
4.524868876071294e-04
5.437841718128391e-04
6.530806148412365e-04
7.838215978786052e-04
9.401665661873184e-04
1.126951214688494e-03
1.349767564630555e-03
1.615520725712641e-03
1.932299541237105e-03
2.309409060658223e-03
2.757454464120878e-03
3.289886169849239e-03
3.921808561575666e-03
4.670545471935096e-03
5.556967349220912e-03
6.604922289087880e-03
7.842635929991825e-03
9.301250210421018e-03
1.101817720365984e-02
1.303738302076645e-02
1.540652379111271e-02
1.818112922816603e-02
2.142686839073266e-02
2.521415795783961e-02
2.962603219729572e-02
3.475084276525261e-02
4.069431030226810e-02
4.756722890963011e-02
5.549818820901611e-02
6.461216899798171e-02
7.506012808800226e-02
8.700713957794125e-02
1.006061302013053e-01
1.160349850982586e-01
1.334667671675666e-01
1.530735270015436e-01
1.750225507132133e-01
1.994610614681447e-01
2.265302724537947e-01
2.563218210061473e-01
2.888904808513436e-01
3.242353404791500e-01
3.622990006261264e-01
4.029261848770014e-01
4.458774560260810e-01
4.908206981904080e-01
5.373096035791223e-01
5.847702052293513e-01
6.325537308918049e-01
6.799162631613281e-01
7.259419506654508e-01
7.702035481989447e-01
8.115525249326603e-01
8.493270473987821e-01
8.829286384331478e-01
9.119489605950034e-01
9.361777457565489e-01
9.556497574315171e-01
9.706387489389454e-01
9.816194928244043e-01
9.892184343071344e-01
9.941445297326681e-01
9.970864665853136e-01
9.986228001974383e-01
9.994010965653644e-01
9.997634117845351e-01
9.999157710335148e-01
9.999732976033823e-01
9.999925418200527e-01
9.999981887189495e-01
9.999996223178746e-01
9.999999334930361e-01
9.999999902447564e-01
9.999999988352446e-01
9.999999998873822e-01
9.999999999916749e-01
9.999999999994670e-01
9.999999999999882e-01
9.999999999999967e-01
1.000000000000001e+00
9.999999999999998e-01
1.000000000000000e+00
1.000000000000000e+00
1.000000000000000e+00
1.000000000000000e+00
1.000000000000000e+00
1.000000000000000e+00
###9.999999999999996e+00
1.926995925984445e-09
2.436379559130172e-09
3.061370024733584e-09
3.808977124461118e-09
4.726767314871490e-09
5.853004909444605e-09
7.223259087744085e-09
8.894378376674549e-09
1.093463243846529e-08
1.342580612354419e-08
1.646385287898727e-08
2.017208368316852e-08
2.469882165871411e-08
3.022255735707269e-08
3.696549779803400e-08
4.518640137804402e-08
5.521204702861219e-08
6.743782208752443e-08
8.234307268417946e-08
1.005063173875828e-07
1.226868069507258e-07
1.496070643607446e-07
1.824447892076629e-07
2.224523686300972e-07
2.711308501128620e-07
3.303813422310973e-07
4.024972006745473e-07
4.902276548399990e-07
5.969192953381307e-07
7.266495520708180e-07
8.843627118604728e-07
1.076015457948123e-06
1.308926340409461e-06
1.591718580350140e-06
1.935289599232781e-06
2.352058213261388e-06
2.857965390152967e-06
3.471712366219478e-06
4.216175607585660e-06
5.118424169620577e-06
6.212016745901180e-06
7.536993072049360e-06
9.141702820049633e-06
1.108445093076920e-05
1.343476492692940e-05
1.628016010477316e-05
1.971962834104901e-05
2.387801802897965e-05
2.890174691284042e-05
3.496900180355290e-05
4.229475016005038e-05
5.113329981943773e-05
6.179621555592286e-05
7.464848960180119e-05
9.013508073531950e-05
1.087852706636966e-04
1.312436597354435e-04
1.582498083172442e-04
1.907107177284286e-04
2.297301115788456e-04
2.765874213435912e-04
3.328261783780425e-04
4.002632891001478e-04
4.810632181899617e-04
5.778937832260184e-04
6.937585980240239e-04
8.322898503132381e-04
9.978689704703725e-04
1.195586502632138e-03
1.431321209786204e-03
1.712333333964509e-03
2.047119062775749e-03
2.445438652993327e-03
2.918404233390567e-03
3.480115263953883e-03
4.146382800345915e-03
4.935318998066730e-03
5.868725126886435e-03
6.971433025234424e-03
8.272921919592611e-03
9.805593050642294e-03
1.160840975781249e-02
1.372683291478374e-02
1.621046132715035e-02
1.911670294011884e-02
2.251342732263432e-02
2.647331898270849e-02
3.108194911102374e-02
3.643002057426146e-02
4.262603938648965e-02
4.978330903079480e-02
5.803312146921405e-02
6.750232917009338e-02
7.834409427574007e-02
9.072534899060619e-02
1.047993672125431e-01
1.207441794541258e-01
1.387316183621130e-01
1.589308994160046e-01
1.815048774207203e-01
2.065939356959820e-01
2.343309827338111e-01
2.647949802105069e-01
2.980264307341562e-01
3.340084957530989e-01
3.726624304637761e-01
4.138108271333857e-01
4.571903945912169e-01
5.024436940230156e-01
5.491010385336261e-01
5.965665775507152e-01
6.441744582966278e-01
6.911718660210936e-01
7.366635753006696e-01
7.801575588723211e-01
8.205955757388756e-01
8.573317197741472e-01
8.898086468921641e-01
9.176696648964594e-01
9.407597797858630e-01
9.591672035919672e-01
9.732108287866216e-01
9.833981332689636e-01
9.903713195522643e-01
9.948370171134521e-01
9.974678711784679e-01
9.988208418758426e-01
9.994954953740322e-01
9.998042464349909e-01
9.999316603534706e-01
9.999787974010145e-01
9.999942150841755e-01
9.999986306223492e-01
9.999997222974180e-01
9.999999525593605e-01
9.999999932633094e-01
9.999999992238648e-01
9.999999999275648e-01
9.999999999948955e-01
9.999999999996743e-01
9.999999999999962e-01
9.999999999999973e-01
1.000000000000001e+00
9.999999999999998e-01
1.000000000000000e+00
1.000000000000000e+00
1.000000000000000e+00
1.000000000000000e+00
1.000000000000000e+00
1.000000000000000e+00
###1.020000000000000e+01
2.077626203349323e-09
2.626165481804746e-09
3.299891632358999e-09
4.105590588801213e-09
5.094574526151749e-09
6.308016610713484e-09
7.784093879569556e-09
9.583958392727504e-09
1.178102304761790e-08
1.446320586093729e-08
1.773358415969869e-08
2.172465800515994e-08
2.659580461965250e-08
3.253869983608926e-08
3.979198375213041e-08
4.863336092361351e-08
5.941359638568739e-08
7.255697838582935e-08
8.857774283535869e-08
1.080963206472771e-07
1.319260044287281e-07
1.608447677916971e-07
1.961100955104618e-07
2.390670313904134e-07
2.913224611621665e-07
3.549126933789195e-07
4.322932640143965e-07
5.264069549138550e-07
6.408347071216039e-07
7.799389772617959e-07
9.490078832380273e-07
1.154410358915001e-06
1.403969676650382e-06
1.706899925480833e-06
2.074844867199753e-06
2.521062591847601e-06
3.062576965695889e-06
3.719346140513927e-06
4.515779780980893e-06
5.480746224345156e-06
6.650030221379701e-06
8.066309935333564e-06
9.781101403106733e-06
1.185650620488991e-05
1.436649780817835e-05
1.740440789268060e-05
2.107538083990713e-05
2.551225876119240e-05
3.087068299641639e-05
3.734002313159049e-05
4.514865636138774e-05
5.456658210478325e-05
6.592452412755090e-05
7.960963529751307e-05
9.609378275629929e-05
1.159379301959548e-04
1.398252079630942e-04
1.685385828152529e-04
2.030370132881093e-04
2.444894239987792e-04
2.942478308289710e-04
3.539432627470567e-04
4.254948387238102e-04
5.111836856219371e-04
6.138304768603056e-04
7.365960990432554e-04
8.833075446492448e-04
1.058577755365270e-03
1.267762666136184e-03
1.517039492700106e-03
1.814037777222588e-03
2.167676936800931e-03
2.588189723232243e-03
3.087213667784118e-03
3.679520572264831e-03
4.381649987136239e-03
5.212532684377358e-03
6.194926595364209e-03
7.354681565232567e-03
8.722477985733473e-03
1.033226045188640e-02
1.222432815936388e-02
1.444578681038073e-02
1.704815021131129e-02
2.009078990855771e-02
2.364379390815446e-02
2.778214083606409e-02
3.259395352364548e-02
3.817228868917828e-02
4.462843187598988e-02
5.207816027570245e-02
6.065541603743332e-02
7.048882010042085e-02
8.173361860121632e-02
9.455844550936339e-02
1.091166621534970e-01
1.255861970704470e-01
1.441372901786981e-01
1.649359136124470e-01
1.881400178594903e-01
2.138826221984547e-01
2.422877049486897e-01
2.734210440018401e-01
3.073082571067955e-01
3.439158450369335e-01
3.831434647795707e-01
4.247911966412539e-01
4.685718264597648e-01
5.141028362742478e-01
5.608917637602014e-01
6.083219405992857e-01
6.557119554934312e-01
7.023019467382813e-01
7.472148417379005e-01
7.899109298180641e-01
8.294104013536548e-01
8.650899254431695e-01
8.964352141505482e-01
9.231418323320880e-01
9.451096174351629e-01
9.624784933517495e-01
9.756097602539934e-01
9.850399646345629e-01
9.914232877219732e-01
9.954607078883908e-01
9.978063692859727e-01
9.989939487740628e-01
9.995766516036360e-01
9.998387178191457e-01
9.999448088608671e-01
9.999832494988009e-01
9.999955377202032e-01
9.999989709652735e-01
9.999997971472617e-01
9.999999664013361e-01
9.999999953832700e-01
9.999999994871820e-01
9.999999999537885e-01
9.999999999969093e-01
9.999999999997999e-01
1.000000000000000e+00
9.999999999999978e-01
1.000000000000000e+00
9.999999999999999e-01
1.000000000000000e+00
1.000000000000000e+00
1.000000000000000e+00
1.000000000000000e+00
1.000000000000000e+00
1.000000000000000e+00
###1.040000000000000e+01
2.238787737297063e-09
2.829244765553094e-09
3.555123638271048e-09
4.422970246270979e-09
5.488108075196939e-09
6.794816811596344e-09
8.384051270401783e-09
1.032155785825730e-08
1.268623831310292e-08
1.557255398021415e-08
1.909117745856156e-08
2.338440768645926e-08
2.862340876623490e-08
3.501390828000972e-08
4.281205942548452e-08
5.231574444011729e-08
6.390127700617221e-08
7.802371874140906e-08
9.523444605863225e-08
1.161984899828182e-07
1.417866827633975e-07
1.728358506323417e-07
2.106885000911217e-07
2.567880776593724e-07
3.128539575174178e-07
3.810661135637387e-07
4.640523664566397e-07
5.649610326281838e-07
6.876218033002759e-07
8.366996698744697e-07
1.017847534493976e-06
1.237871565841521e-06
1.505130241256387e-06
1.829463850388666e-06
2.223307118859615e-06
2.700806976639424e-06
3.280134093636947e-06
3.982577106823310e-06
4.834168170546499e-06
5.865678401320195e-06
7.115246784341816e-06
8.628340198562130e-06
1.045982023774810e-05
1.267579814123861e-05
1.535494421900704e-05
1.859672078676487e-05
2.251276946132995e-05
2.724435894914950e-05
3.295685186743645e-05
3.985139851310492e-05
4.817049696342239e-05
5.820066144749884e-05
7.029277210564466e-05
8.485728191159877e-05
1.023943374198119e-04
1.234981819975146e-04
1.488923917565466e-04
1.794054564636961e-04
2.160508799113547e-04
2.600658514632524e-04
3.128784385486753e-04
3.762112510625450e-04
4.520902590421560e-04
5.429187553969712e-04
6.516767214164505e-04
7.816894746770959e-04
9.369870838096118e-04
1.122423828988027e-03
1.343631905871244e-03
1.607099021979410e-03
1.920838599394266e-03
2.294209597808399e-03
2.737934965018254e-03
3.264196485467928e-03
3.888470397955985e-03
4.628023526849199e-03
5.502657038139091e-03
6.536107252310143e-03
7.755274875737062e-03
9.192078626203439e-03
1.088202469802483e-02
1.286679909739451e-02
1.519519360391058e-02
1.792065999901298e-02
2.110457044272472e-02
2.481926876600696e-02
2.914204052062142e-02
3.416357724041399e-02
3.997928769478314e-02
4.670322635930016e-02
5.445360227756917e-02
6.336694821145221e-02
7.357354133751048e-02
8.523058054867587e-02
9.850826054154414e-02
1.135596751712005e-01
1.305624710838243e-01
1.496849176035790e-01
1.710892469594726e-01
1.949280930977446e-01
2.213265517611395e-01
2.503990473987276e-01
2.821976534135011e-01
3.167325003388687e-01
3.539527439410865e-01
3.937361870765403e-01
4.358600878451613e-01
4.800133031663029e-01
5.257885618427053e-01
5.726713225186202e-01
6.200252634838062e-01
6.671550305042599e-01
7.132956167417895e-01
7.575867111673437e-01
7.994551178152079e-01
8.379905406152833e-01
8.725976511159105e-01
9.028069720125083e-01
9.283667036526901e-01
9.492308047497711e-01
9.655889399902934e-01
9.778418856099982e-01
9.865515693520427e-01
9.923804364168036e-01
9.960206781720599e-01
9.981057520536889e-01
9.991446895273435e-01
9.996461353043494e-01
9.998676863703312e-01
9.999556357910119e-01
9.999868342434769e-01
9.999965771024361e-01
9.999992314195002e-01
9.999998527970669e-01
9.999999763751365e-01
9.999999968601693e-01
9.999999996640380e-01
9.999999999707491e-01
9.999999999981547e-01
9.999999999998758e-01
1.000000000000002e+00
9.999999999999982e-01
1.000000000000000e+00
9.999999999999999e-01
1.000000000000000e+00
1.000000000000000e+00
1.000000000000000e+00
1.000000000000000e+00
1.000000000000000e+00
1.000000000000000e+00
###1.059999999999999e+01
2.411139563335333e-09
3.046449430807226e-09
3.828112180021274e-09
4.762415158678197e-09
5.908975580470428e-09
7.315389216998143e-09
9.025568531671108e-09
1.111016231023486e-08
1.365392742310537e-08
1.675830301423383e-08
2.054205591641282e-08
2.515792955075733e-08
3.078965070735816e-08
3.765791623833855e-08
4.603753268035846e-08
5.624786453001952e-08
6.869242564128322e-08
8.385903027329252e-08
1.023385737950009e-07
1.248435273146342e-07
1.523059565596615e-07
1.856251331575681e-07
2.262341167474194e-07
2.756808043493438e-07
3.358040921522569e-07
4.089365416883386e-07
4.978889121511397e-07
6.060276841710114e-07
7.374464692673699e-07
8.971312384317854e-07
1.091121741579435e-06
1.326687681361344e-06
1.612754818734204e-06
1.959826807348968e-06
2.381176271579103e-06
2.891891063627439e-06
3.511355828686100e-06
4.262266968040849e-06
5.172372767471064e-06
6.274456027531815e-06
7.609144227755429e-06
9.224850613495007e-06
1.117997019574814e-05
1.354484717957876e-05
1.640315995804077e-05
1.986068462939417e-05
2.403606668752051e-05
2.907940573224677e-05
3.516630568093959e-05
4.251032263258534e-05
5.136881809337508e-05
6.204568023447182e-05
7.491298639860179e-05
9.040567741571902e-05
1.090536080918680e-04
1.314859650945632e-04
1.584687650595684e-04
1.908782222917342e-04
2.297850708577175e-04
2.764979542917276e-04
3.325245858400850e-04
3.996833915870146e-04
4.801120037804515e-04
5.763415588244343e-04
6.915180584051286e-04
8.291386166680547e-04
9.934449277322955e-04
1.189542744982778e-03
1.423351728292689e-03
1.701682450316003e-03
2.032947211937624e-03
2.426961274348665e-03
2.894955890356985e-03
3.449676593587248e-03
4.107367348115348e-03
4.885928334562957e-03
5.806176180798729e-03
6.892817473906921e-03
8.173836351910093e-03
9.682425415982408e-03
1.145567705363266e-02
1.353670871885975e-02
1.597604031836421e-02
1.882908491395606e-02
2.215925059038218e-02
2.604117223328564e-02
3.055445328898568e-02
3.579236781443951e-02
4.185267022564385e-02
4.885216826788746e-02
5.691145454277836e-02
6.616958508219974e-02
7.675837180448017e-02
8.883682461179768e-02
1.025765068106852e-01
1.181299941478118e-01
1.356743394805751e-01
1.553754606383519e-01
1.773914269060633e-01
2.018690440424631e-01
2.289249440561833e-01
2.586633762536883e-01
2.911221803657508e-01
3.262954113864205e-01
3.641142422757735e-01
4.044343772848595e-01
4.470100079194854e-01
4.915061254662909e-01
5.374911167187431e-01
5.844291522715050e-01
6.316655194616592e-01
6.784926312395345e-01
7.241422924281308e-01
7.677704248756961e-01
8.087822061415356e-01
8.463302403442734e-01
8.798516563674210e-01
9.089233353673747e-01
9.333462513265366e-01
9.531275095477335e-01
9.685043171407636e-01
9.799138235991027e-01
9.879396243648396e-01
9.932488071474910e-01
9.965218501761328e-01
9.983696186649783e-01
9.992754544623208e-01
9.997053781284124e-01
9.998919199421410e-01
9.999645068779476e-01
9.999897050820314e-01
9.999973890994972e-01
9.999994294624263e-01
9.999998938855950e-01
9.999999835077646e-01
9.999999978808093e-01
9.999999997817831e-01
9.999999999816217e-01
9.999999999989164e-01
9.999999999999215e-01
1.000000000000003e+00
9.999999999999986e-01
1.000000000000000e+00
9.999999999999999e-01
1.000000000000000e+00
1.000000000000000e+00
1.000000000000000e+00
1.000000000000000e+00
1.000000000000000e+00
1.000000000000000e+00
###1.079999999999999e+01
2.595377434353834e-09
3.278657880238271e-09
4.119961723975654e-09
5.125296754745049e-09
6.358874106422937e-09
7.871827810752376e-09
9.711218072993101e-09
1.195292245046948e-08
1.468794093943714e-08
1.802515053244162e-08
2.209194024811123e-08
2.705218132721664e-08
3.310298408704576e-08
4.048098862898977e-08
4.948085062918394e-08
6.044480575988339e-08
7.380531046809566e-08
9.008502311859875e-08
1.099168707334000e-07
1.340637633966527e-07
1.635228987221052e-07
1.992597935490730e-07
2.428038857851412e-07
2.958139122579881e-07
3.602557039315765e-07
4.386238184403301e-07
5.339231820679665e-07
6.497517493464898e-07
7.904830259826558e-07
9.614433883834297e-07
1.169082659048101e-06
1.421161748406644e-06
1.727207447722542e-06
2.098425850500940e-06
2.548976829436878e-06
3.094943868119436e-06
3.756996159722736e-06
4.559319032904099e-06
5.531475193806174e-06
6.708373379806568e-06
8.133270407565100e-06
9.857691231700156e-06
1.194376111578217e-05
1.446629252996848e-05
1.751448375131605e-05
2.120005132566912e-05
2.564973909715050e-05
3.102271489668150e-05
3.750536587450910e-05
4.532430703605377e-05
5.475253853250593e-05
6.611221886051120e-05
7.979770809565512e-05
9.626967266453156e-05
1.160891641514445e-04
1.399220442128599e-04
1.685788463459384e-04
2.029857979321041e-04
2.442736488869640e-04
2.938258150363213e-04
3.532333805668496e-04
4.244149788456149e-04
5.096248918872524e-04
6.115279565565408e-04
7.334431709431771e-04
8.790470250343039e-04
1.052801669850118e-03
1.260074779716584e-03
1.507085019529565e-03
1.800978537843496e-03
2.150581934426747e-03
2.566183971370980e-03
3.059542732994175e-03
3.643987473255309e-03
4.336552247796839e-03
5.155801098316352e-03
6.123587542943134e-03
7.265622290280711e-03
8.611005802493412e-03
1.019434795152326e-02
1.205402783428000e-02
1.423496251128401e-02
1.678933149559010e-02
1.977453932101870e-02
2.325605627095319e-02
2.731084364651574e-02
3.202083166645987e-02
3.748188729049997e-02
4.379409935480454e-02
5.107700788189147e-02
5.945353398987061e-02
6.906518158951301e-02
8.004516623929633e-02
9.255415628788140e-02
1.067648799990841e-01
1.228291295890824e-01
1.409230393982839e-01
1.612097817721893e-01
1.838428247515818e-01
2.089626252703596e-01
2.366768019920982e-01
2.670788110377370e-01
3.001917248326716e-01
3.359929511822606e-01
3.743950889792291e-01
4.152315187792843e-01
4.582331887378784e-01
5.030413608336539e-01
5.492005792152046e-01
5.961546134251893e-01
6.432317174274793e-01
6.897138808582690e-01
7.348317330483335e-01
7.777575654995879e-01
8.178849164939126e-01
8.544244667688694e-01
8.868494717211711e-01
9.147844852870803e-01
9.380831475435892e-01
9.568045009672089e-01
9.712308049038997e-01
9.818324137427985e-01
9.892108511502210e-01
9.940343470209374e-01
9.969689679207989e-01
9.986013660497911e-01
9.993884552575139e-01
9.997556776714697e-01
9.999120996685087e-01
9.999717391644930e-01
9.999919917237278e-01
9.999980197126188e-01
9.999995790818353e-01
9.999999240123726e-01
9.999999885702660e-01
9.999999985804895e-01
9.999999998594905e-01
9.999999999885316e-01
9.999999999993766e-01
9.999999999999490e-01
1.000000000000004e+00
9.999999999999988e-01
1.000000000000000e+00
9.999999999999999e-01
1.000000000000000e+00
1.000000000000000e+00
1.000000000000000e+00
1.000000000000000e+00
1.000000000000000e+00
1.000000000000000e+00
###1.099999999999999e+01
2.792235586394140e-09
3.526797141354257e-09
4.431837886248078e-09
5.513062325683588e-09
6.839594476687072e-09
8.466342086595906e-09
1.044371392696100e-08
1.285316204571716e-08
1.579234036949463e-08
1.937805077294407e-08
2.374686280715636e-08
2.907449877475439e-08
3.557232002939636e-08
4.349393621739961e-08
5.315512923666533e-08
6.492246022619442e-08
7.925917376856192e-08
9.672498171704409e-08
1.179974960583501e-07
1.438932318115063e-07
1.754786322845250e-07
2.137894724370385e-07
2.604577059114291e-07
3.172596547235164e-07
3.862958946205656e-07
4.702328968665631e-07
5.722815863612408e-07
6.962854087361723e-07
8.469145824149016e-07
1.029856339638351e-06
1.251995011847149e-06
1.521611833923697e-06
1.848870109972635e-06
2.245719447628090e-06
2.727258837853924e-06
3.310624843871114e-06
4.017845304940131e-06
4.874679755320772e-06
5.912608378979772e-06
7.168785695082207e-06
8.689245501101772e-06
1.052879790967649e-05
1.275350449248910e-05
1.544289252178917e-05
1.869196409847191e-05
2.261874029731496e-05
2.735845234270292e-05
3.307983753735901e-05
3.998063159181140e-05
4.830119051870786e-05
5.833096215593042e-05
7.041131030937166e-05
8.496000959537275e-05
1.024647414054057e-04
1.235193042682480e-04
1.488280367642848e-04
1.792481499676116e-04
2.157582615088594e-04
2.595520273569888e-04
3.120910851899319e-04
3.750537506268426e-04
4.504634144476563e-04
5.406961765152330e-04
6.485566159697178e-04
7.775439705367525e-04
9.315219048451106e-04
1.115182144446865e-03
1.334165050551441e-03
1.595000174893379e-03
1.905182292794948e-03
2.273968146453718e-03
2.712137633954258e-03
3.231994620301736e-03
3.847472393158077e-03
4.576418360943316e-03
5.438090506230216e-03
6.455400476091324e-03
7.655101499466354e-03
9.067439329054147e-03
1.072849168051133e-02
1.267790602977196e-02
1.496248502938744e-02
1.763608417895611e-02
2.075815718380990e-02
2.439623270922394e-02
2.862964059630315e-02
3.354264448856926e-02
3.923371096577585e-02
4.580524702537288e-02
5.337949837799603e-02
6.208165256219093e-02
7.205557765862652e-02
8.343575185671209e-02
9.638433835708195e-02
1.110750148698349e-01
1.276585100257932e-01
1.463097019611903e-01
1.671886106494167e-01
1.904436501496055e-01
2.162083995409681e-01
2.445809068049687e-01
2.756432209774405e-01
3.094031129833382e-01
3.458207912336245e-01
3.847897363758979e-01
4.261208068454662e-01
4.695216003504733e-01
5.146098600718316e-01
5.609068847407072e-01
6.078370194285218e-01
6.547129490236814e-01
7.008081136627134e-01
7.453540637065751e-01
7.875401114110875e-01
8.267566216941371e-01
8.622689140124914e-01
8.935893933023201e-01
9.203913484119047e-01
9.425807290729509e-01
9.602670171497754e-01
9.737749363857703e-01
9.836046623880209e-01
9.903719689839345e-01
9.947428744834046e-01
9.973665779072501e-01
9.988041828549542e-01
9.994857266854149e-01
9.997982006115281e-01
9.999284551874477e-01
9.999775985435112e-01
9.999938029205143e-01
9.999985061521081e-01
9.999996914282764e-01
9.999999459225999e-01
9.999999921422014e-01
9.999999990543470e-01
9.999999999108850e-01
9.999999999927208e-01
9.999999999996989e-01
9.999999999999521e-01
1.000000000000007e+00
9.999999999999979e-01
1.000000000000001e+00
9.999999999999999e-01
1.000000000000000e+00
1.000000000000000e+00
1.000000000000000e+00
1.000000000000000e+00
1.000000000000000e+00
1.000000000000000e+00
###1.119999999999999e+01
3.002488617883700e-09
3.791845242547929e-09
4.764970426027620e-09
5.927241719514580e-09
7.353026563514820e-09
9.101262668117638e-09
1.122591862258975e-08
1.381438630241437e-08
1.697140841234558e-08
2.082222698130369e-08
2.551318251165292e-08
3.123261286898653e-08
3.820704891972868e-08
4.670815350074745e-08
5.707418482275833e-08
6.969756541297851e-08
8.507427743480365e-08
1.038034192938617e-07
1.266100888003076e-07
1.543677470685926e-07
1.882164231902333e-07
2.292663848192644e-07
2.792585678997763e-07
3.400939971743928e-07
4.140162191604798e-07
5.038740691246013e-07
6.130969326092121e-07
7.457885050067885e-07
9.069334175329608e-07
1.102601280360661e-06
1.340136640087216e-06
1.628371667748332e-06
1.978143487453724e-06
2.402188376523980e-06
2.916598944007223e-06
3.539625136467077e-06
4.294731283943788e-06
5.209340479933775e-06
6.316958615613172e-06
7.657111589932171e-06
9.278764968489057e-06
1.124019562129354e-05
1.361161739926573e-05
1.647753015081738e-05
1.993903815250184e-05
2.412084488793509e-05
2.916707875773609e-05
3.525656868443378e-05
4.259898959428857e-05
5.144915050987425e-05
6.211379124016698e-05
7.495445555470685e-05
9.041351237288715e-05
1.090070007274375e-04
1.313630798793886e-04
1.582264397200019e-04
1.905032156062917e-04
2.292268865509803e-04
2.756570098092402e-04
3.313370303258585e-04
3.980364942469896e-04
4.778882633915185e-04
5.733956077184807e-04
6.875090805681969e-04
8.239156734055743e-04
9.866742493195306e-04
1.180715516096924e-03
1.411963610833074e-03
1.687271198605928e-03
2.014495075961803e-03
2.403338395652497e-03
2.865090261861749e-03
3.412619685727592e-03
4.060484641871180e-03
4.827370005781778e-03
5.733257355420581e-03
6.802133426811472e-03
8.061839698918693e-03
9.543807434947397e-03
1.128558926447320e-02
1.332815260054959e-02
1.572021859638779e-02
1.851735520582505e-02
2.178109105075040e-02
2.558104313725790e-02
2.999893747360254e-02
3.512137521349767e-02
4.104942542490914e-02
4.788779175092140e-02
5.576139313215848e-02
6.479761408920369e-02
7.514259454840165e-02
8.693192418090293e-02
1.003290861241118e-01
1.155084800022247e-01
1.326194762010274e-01
1.518353460659814e-01
1.733125376128819e-01
1.971939446610208e-01
2.236057317061079e-01
2.526358127246919e-01
2.843542211384835e-01
3.187528953154077e-01
3.557743144649287e-01
3.952923448259966e-01
4.370951577293671e-01
4.808669651708541e-01
5.262022842908604e-01
5.725998510836182e-01
6.194656670556238e-01
6.660002803060804e-01
7.117649099554633e-01
7.556998071533133e-01
7.971104841802659e-01
8.353913576306281e-01
8.698600090033366e-01
9.000704734706504e-01
9.257455721833309e-01
9.468429572278206e-01
9.635208086668733e-01
9.761435411873911e-01
9.852376896913054e-01
9.914296508944288e-01
9.953800488677652e-01
9.977190134102737e-01
9.989810461482098e-01
9.995691311434034e-01
9.998339990782190e-01
9.999423917539589e-01
9.999823289227503e-01
9.999952296226753e-01
9.999988795309288e-01
9.999997751846709e-01
9.999999617728527e-01
9.999999946366060e-01
9.999999993748346e-01
9.999999999439644e-01
9.999999999954131e-01
9.999999999998671e-01
9.999999999999609e-01
1.000000000000007e+00
9.999999999999980e-01
1.000000000000001e+00
9.999999999999999e-01
1.000000000000000e+00
1.000000000000000e+00
1.000000000000000e+00
1.000000000000000e+00
1.000000000000000e+00
1.000000000000000e+00
###1.139999999999999e+01
3.226953488971658e-09
4.074833741095057e-09
5.120656430759648e-09
6.369443059679008e-09
7.901165644188007e-09
9.779047297771307e-09
1.206085050429570e-08
1.484029078812236e-08
1.822965974253468e-08
2.236318456444482e-08
2.739760076745169e-08
3.353467004354067e-08
4.101706365231081e-08
5.013564261840075e-08
6.125256782205825e-08
7.478774479408834e-08
9.127195185882134e-08
1.113461367198013e-07
1.357858387604756e-07
1.655249914239876e-07
2.017827306652530e-07
2.457454443275762e-07
2.992726998069272e-07
3.643967899325486e-07
4.435128915285882e-07
5.396632120608644e-07
6.565087220578334e-07
7.984304159861394e-07
9.707413990880881e-07
1.179920858568125e-06
1.433799076881241e-06
1.741791333492359e-06
2.115447782142847e-06
2.568336829046177e-06
3.117601549712641e-06
3.782668948245042e-06
4.588521424602113e-06
5.564339355759603e-06
6.745767828119130e-06
8.174835750803678e-06
9.903602669430674e-06
1.199400236849639e-05
1.452062709252334e-05
1.757321880861841e-05
2.125929724712245e-05
2.571064065589883e-05
3.108070566074519e-05
3.755895703519399e-05
4.536762537374167e-05
5.477671605349344e-05
6.611114124454254e-05
7.975364062723071e-05
9.617240666269854e-05
1.159132337380905e-04
1.396403212806892e-04
1.681406595802257e-04
2.023716440895741e-04
2.434241813222296e-04
2.926268348796220e-04
3.516085811418712e-04
4.222343380820207e-04
5.067513198185143e-04
6.077955066774632e-04
7.284698534135548e-04
8.726568939223953e-04
1.044618944396297e-03
1.249535396258681e-03
1.493625579605974e-03
1.784077847453839e-03
2.129124758232439e-03
2.538932570698833e-03
3.025318100403197e-03
3.601735283254197e-03
4.283387775144831e-03
5.089822844361871e-03
6.041775041941837e-03
7.164332034813881e-03
8.486454096335328e-03
1.004079654768216e-02
1.186641228744176e-02
1.400561607601729e-02
1.650911887933507e-02
1.943420825144994e-02
2.284451216299663e-02
2.681176871034770e-02
3.142012554478504e-02
3.675863251497814e-02
4.293062807620904e-02
5.004341684419332e-02
5.822444312613115e-02
6.760321070602231e-02
7.832803019796934e-02
9.053544112940401e-02
1.043900601094594e-01
1.200667687661559e-01
1.377132701300194e-01
1.575008652003435e-01
1.795819978058524e-01
2.040935625704088e-01
2.311537654734665e-01
2.608398184934445e-01
2.932091368707104e-01
3.282373010108143e-01
3.658485542898314e-01
4.058966984137500e-01
4.481470840255565e-01
4.922605671234794e-01
5.378087561513394e-01
5.842686030041999e-01
6.310279690903097e-01
6.772944774418753e-01
7.225707625830787e-01
7.658584720464503e-01
8.064604580714166e-01
8.437830863733553e-01
8.771943596630455e-01
9.062921185133667e-01
9.308492225789501e-01
9.508741898765061e-01
9.665719071488368e-01
9.783436142236941e-01
9.867386320746889e-01
9.923904561819151e-01
9.959513295427108e-01
9.980303751206773e-01
9.991347169268584e-01
9.996403612795364e-01
9.998636007039792e-01
9.999538077065921e-01
9.999861299705507e-01
9.999963473098958e-01
9.999991644726250e-01
9.999998372228900e-01
9.999999731592192e-01
9.999999963657122e-01
9.999999995897147e-01
9.999999999651349e-01
9.999999999971046e-01
9.999999999999599e-01
9.999999999999674e-01
1.000000000000007e+00
9.999999999999981e-01
1.000000000000001e+00
9.999999999999999e-01
1.000000000000000e+00
1.000000000000000e+00
1.000000000000000e+00
1.000000000000000e+00
1.000000000000000e+00
1.000000000000000e+00
###1.159999999999999e+01
3.466491585746963e-09
4.376850332163077e-09
5.500263444856964e-09
6.841363721814262e-09
8.486108832962418e-09
1.050228700545996e-08
1.295169129542574e-08
1.593477065960917e-08
1.957185225114522e-08
2.400672471801462e-08
2.940717796609244e-08
3.598925174050195e-08
4.401278365243135e-08
5.378904231992962e-08
6.570559768381372e-08
8.021154988556466e-08
9.787464624921780e-08
1.193802829641856e-07
1.455575590146391e-07
1.774046014857956e-07
2.162246893472231e-07
2.632843872616926e-07
3.205697156878929e-07
3.902519457860794e-07
4.748869966664174e-07
5.777220399607998e-07
7.026634503074425e-07
8.543861495480636e-07
1.038550405367937e-06
1.262069690409092e-06
1.533288153673505e-06
1.862237987969699e-06
2.261223572069530e-06
2.744693682849258e-06
3.330895776081835e-06
4.040514957195573e-06
4.900124082033806e-06
5.940763315557288e-06
7.200335914668171e-06
8.723511697838262e-06
1.056561411327231e-05
1.279243294718538e-05
1.548317563130137e-05
1.873310760190673e-05
2.265649315319282e-05
2.739259263539052e-05
3.310464403567379e-05
3.999331474746805e-05
4.829403498004402e-05
5.829278149026561e-05
7.033355692402275e-05
8.482135541600994e-05
1.022514733704663e-04
1.232009150730632e-04
1.483716672923687e-04
1.785950468344748e-04
2.148821368595985e-04
2.583839351678889e-04
3.105012299388052e-04
3.729523954502410e-04
4.477020088735975e-04
5.371166897056014e-04
6.439708610532438e-04
7.715265068993485e-04
9.238697707252460e-04
1.105474913996940e-03
1.321780010185350e-03
1.579311333371803e-03
1.885605851294509e-03
2.249285974573710e-03
2.680998193806412e-03
3.193105978025736e-03
3.799668378065835e-03
4.516556068286531e-03
5.364204414502707e-03
6.364129942530595e-03
7.542548210717281e-03
8.929570791905756e-03
1.055910972933592e-02
1.247172206661772e-02
1.471119738630174e-02
1.733014783411805e-02
2.038772606450646e-02
2.394961092687518e-02
2.808970902349148e-02
3.289461325546821e-02
3.845582954140988e-02
4.487883327813457e-02
5.227381087081899e-02
6.077039851365443e-02
7.050022525501740e-02
8.161366275879162e-02
9.424802803840268e-02
1.085688730894225e-01
1.247512926087928e-01
1.429410489614147e-01
1.633070466887288e-01
1.859972979899169e-01
2.111422080771921e-01
2.388514750043292e-01
2.691910390711038e-01
3.022051039799771e-01
3.378523787860279e-01
3.760383952583976e-01
4.165964957566086e-01
4.592691321520908e-01
5.036939211211624e-01
5.494200422551027e-01
5.959035224528568e-01
6.425157129891944e-01
6.884692454362612e-01
7.332202175508760e-01
7.758232167143861e-01
8.155848463588344e-01
8.519280919200458e-01
8.842705192589663e-01
9.122553106452570e-01
9.357056244779585e-01
9.546797309104799e-01
9.694270571310489e-01
9.803825126456758e-01
9.881147468996107e-01
9.932608823230202e-01
9.964620005947719e-01
9.983045465467247e-01
9.992677532463137e-01
9.997009519859931e-01
9.998887928234679e-01
9.999631157112030e-01
9.999891683160014e-01
9.999972177922509e-01
9.999993806827850e-01
9.999998828501064e-01
9.999999812917078e-01
9.999999975522134e-01
9.999999997336996e-01
9.999999999782253e-01
9.999999999982662e-01
9.999999999999768e-01
9.999999999999820e-01
1.000000000000004e+00
9.999999999999990e-01
1.000000000000000e+00
1.000000000000000e+00
1.000000000000000e+00
1.000000000000000e+00
1.000000000000000e+00
1.000000000000000e+00
1.000000000000000e+00
1.000000000000000e+00
###1.179999999999999e+01
3.722010773357031e-09
4.699041446202277e-09
5.905232505765579e-09
7.344793282105246e-09
9.110069915370213e-09
1.127371224013821e-08
1.390179358696109e-08
1.710192977115886e-08
2.100299809463946e-08
2.575895778975999e-08
3.154934960964991e-08
3.860539373958132e-08
4.720517820628276e-08
5.768165588756742e-08
7.044939636221766e-08
8.598850028075094e-08
1.049059765981718e-07
1.279344117548905e-07
1.559597525556610e-07
1.900482426187599e-07
2.315924187470605e-07
2.819438787055353e-07
3.432227508093776e-07
4.177476030787004e-07
5.082446854063565e-07
6.181783358019525e-07
7.517148728471238e-07
9.138403251940934e-07
1.110582710904323e-06
1.349314817640517e-06
1.638924541766760e-06
1.990096493250732e-06
2.415932543352364e-06
2.931811705856424e-06
3.557128154593629e-06
4.313957389401123e-06
5.230490077606690e-06
6.339749804867297e-06
7.682022763656872e-06
9.304749728614465e-06
1.126673929645536e-05
1.363780234040476e-05
1.650202333348974e-05
1.996048600370503e-05
2.413454350120696e-05
2.917136150864486e-05
3.524443586015978e-05
4.256622627976916e-05
5.138603478445679e-05
6.200661772141242e-05
7.479202521513143e-05
9.017060839013331e-05
1.086661008180583e-04
1.308882299965628e-04
1.575785866606801e-04
1.896149199614621e-04
2.280645227272997e-04
2.741412481203032e-04
3.293214435684356e-04
3.954168934504446e-04
4.744962712937184e-04
5.690508308420954e-04
6.819993664119725e-04
8.167697244630198e-04
9.776600087038029e-04
1.169365156760934e-03
1.397592226490872e-03
1.669186523644875e-03
1.992046912291389e-03
2.375200096941003e-03
2.829790356556117e-03
3.368747188588449e-03
4.006755351219295e-03
4.760374212115193e-03
5.650953682394026e-03
6.700821005032177e-03
7.937347407212548e-03
9.391828363461288e-03
1.109946437804061e-02
1.310221878826594e-02
1.544579248297910e-02
1.818432736553158e-02
2.137900852149242e-02
2.509759417880884e-02
2.941617866706838e-02
3.442382088924752e-02
4.021446492617969e-02
4.689573246771179e-02
5.458066036578362e-02
6.340099981674600e-02
7.349042098183513e-02
8.500123815292496e-02
9.807136258625898e-02
1.128671512419530e-01
1.295633315980440e-01
1.483038562898004e-01
1.692545370963448e-01
1.925584261857644e-01
2.183393821794889e-01
2.466975994149013e-01
2.776873217513921e-01
3.113389592532124e-01
3.475938500199712e-01
3.863383701339230e-01
4.273850607614414e-01
4.704534472547061e-01
5.151581024728925e-01
5.610263399433741e-01
6.074942223760990e-01
6.539182183529614e-01
6.995147249797882e-01
7.437035671212829e-01
7.855858921058207e-01
8.244775907152720e-01
8.598224425077738e-01
8.910870984025248e-01
9.179612738402446e-01
9.403184033907411e-01
9.582651570246199e-01
9.720931061356232e-01
9.822676412127743e-01
9.893732068389332e-01
9.940472386991321e-01
9.969171026592200e-01
9.985451633075593e-01
9.993825023470773e-01
9.997522888890531e-01
9.999096984224902e-01
9.999706810317464e-01
9.999915836588634e-01
9.999978924595700e-01
9.999995436296546e-01
9.999999162296528e-01
9.999999870467006e-01
9.999999983639932e-01
9.999999998282739e-01
9.999999999865725e-01
9.999999999989517e-01
9.999999999999921e-01
9.999999999999886e-01
1.000000000000002e+00
9.999999999999994e-01
1.000000000000000e+00
1.000000000000000e+00
1.000000000000000e+00
1.000000000000000e+00
1.000000000000000e+00
1.000000000000000e+00
1.000000000000000e+00
1.000000000000000e+00
###1.199999999999999e+01
3.994467711260751e-09
5.042615165689674e-09
6.337083267488271e-09
7.881617483077444e-09
9.775381490815263e-09
1.209619976833807e-08
1.491468927515824e-08
1.834609096151186e-08
2.252837620372892e-08
2.762631845880421e-08
3.383194469255720e-08
4.139260852916429e-08
5.060579327757011e-08
6.182748364721468e-08
7.550092749320970e-08
9.213913050286743e-08
1.123907821454428e-07
1.370385549861962e-07
1.670286950878011e-07
2.034997117050731e-07
2.479387858969655e-07
3.017876596650170e-07
3.673086317643333e-07
4.469763275235939e-07
5.436974149445341e-07
6.611662386559218e-07
8.038243544524885e-07
9.769869683905649e-07
1.187071473291776e-06
1.441936290160246e-06
1.751044447603405e-06
2.125770255271313e-06
2.580058502406930e-06
3.130270735269180e-06
3.797014123379242e-06
4.603827914120259e-06
5.580614657640430e-06
6.762489043881954e-06
8.192250860352496e-06
9.920260459009620e-06
1.200900628211442e-05
1.453252989896545e-05
1.758005429430747e-05
2.125878956824085e-05
2.569753849395610e-05
3.105181230756367e-05
3.750586329251822e-05
4.528455899858266e-05
5.465177400167046e-05
6.592788685488829e-05
7.949799231001015e-05
9.581494649153462e-05
1.154323079031675e-04
1.389941009674918e-04
1.672834093041062e-04
2.012266016803104e-04
2.419497998861076e-04
2.907325795481978e-04
3.491303018126468e-04
4.190523227316641e-04
5.026760029663267e-04
6.026226393313673e-04
7.219615258683174e-04
8.642934152565874e-04
1.034137009213061e-03
1.236416898168577e-03
1.477119732800723e-03
1.763422280331880e-03
2.103598940562381e-03
2.507095506682953e-03
2.985572034795364e-03
3.552543859813457e-03
4.223342440401100e-03
5.015237845335010e-03
5.950521689108187e-03
7.052360459182883e-03
8.349309598312185e-03
9.873881148283819e-03
1.166259545685190e-02
1.375886536096317e-02
1.621031717333777e-02
1.907267307346828e-02
2.240917479124240e-02
2.628967947192596e-02
3.079249969637283e-02
3.600918396762370e-02
4.203607306034668e-02
4.898296359154217e-02
5.696565473485805e-02
6.611798152966197e-02
7.657554528937889e-02
8.849247448205569e-02
1.020070832408257e-01
1.172866721487859e-01
1.345042361839706e-01
1.538026336339715e-01
1.753438534710323e-01
1.992654960045306e-01
2.256843991226406e-01
2.546906636202503e-01
2.863262746854462e-01
3.206072800893628e-01
3.574571646373782e-01
3.967427395489162e-01
4.382554581032090e-01
4.816919466763715e-01
5.266440106611427e-01
5.726177461464499e-01
6.190303119507458e-01
6.652249399258404e-01
7.104212248894695e-01
7.540115324892908e-01
7.951388635752498e-01
8.331332194026067e-01
8.674629019467656e-01
8.976434275624847e-01
9.234119155398511e-01
9.446917747243130e-01
9.616364912868202e-01
9.745772725694555e-01
9.840064947236870e-01
9.905211149058790e-01
9.947556508009854e-01
9.973214358253376e-01
9.987556195938648e-01
9.994811105524807e-01
9.997956083720860e-01
9.999269757390535e-01
9.999768009157128e-01
9.999934934504251e-01
9.999984123215794e-01
9.999996656822993e-01
9.999999404843949e-01
9.999999910911241e-01
9.999999989149417e-01
9.999999998899699e-01
9.999999999918293e-01
9.999999999993586e-01
1.000000000000002e+00
9.999999999999919e-01
1.000000000000002e+00
9.999999999999996e-01
1.000000000000000e+00
1.000000000000000e+00
1.000000000000000e+00
1.000000000000000e+00
1.000000000000000e+00
1.000000000000000e+00
1.000000000000000e+00
1.000000000000000e+00
###1.219999999999999e+01
4.284870164016342e-09
5.408844168462525e-09
6.797416045505883e-09
8.453822823883076e-09
1.048450063576028e-08
1.297277963604391e-08
1.599409807496409e-08
1.967180642308273e-08
2.415354488894567e-08
2.961558100073159e-08
3.626320415886467e-08
4.436090753774499e-08
5.422677847474568e-08
6.624125522528733e-08
8.087803517498198e-08
9.868503707631216e-08
1.203551820748086e-07
1.467242999493468e-07
1.788025154036443e-07
2.178050332599891e-07
2.653193351647400e-07
3.228826839996270e-07
3.929080396363197e-07
4.780353066915417e-07
5.813621799719279e-07
7.068265179992665e-07
8.591611887990475e-07
1.044026627407705e-06
1.268261187274305e-06
1.540227708346886e-06
1.870000267275212e-06
2.269682002546523e-06
2.754108302106754e-06
3.340678120190303e-06
4.051281029998672e-06
4.910997174145342e-06
5.951539317644691e-06
7.210226187642466e-06
8.732508032906876e-06
1.057182313286914e-05
1.279453485318139e-05
1.547914345375411e-05
1.872028086038610e-05
2.263160549404289e-05
2.734974694308688e-05
3.303902090305403e-05
3.989495728486696e-05
4.815543683987204e-05
5.809974624805256e-05
7.006665582958598e-05
8.446337945062334e-05
1.017684734154803e-04
1.225667651580969e-04
1.475382121816602e-04
1.775093541501436e-04
2.134574508262291e-04
2.565701723073178e-04
3.081957895975885e-04
3.699722551943261e-04
4.439108114370294e-04
5.323022543536111e-04
6.379035167462026e-04
7.639407250538896e-04
9.141947973093542e-04
1.093413962494242e-03
1.306761691007552e-03
1.560515144838157e-03
1.862195328986762e-03
2.220466178805927e-03
2.645207725169781e-03
3.148614223239992e-03
3.744807088656374e-03
4.449785871325017e-03
5.281553675220779e-03
6.263371654809013e-03
7.419273885056856e-03
8.779029299012604e-03
1.037639920192304e-02
1.224925529682157e-02
1.444252581880397e-02
1.700570644713426e-02
1.999621899512052e-02
2.347936183494112e-02
2.752708774739085e-02
3.221998355423056e-02
3.765215015341832e-02
4.392219722186625e-02
5.114214963118763e-02
5.943048076128893e-02
6.892306688653739e-02
7.975732334313061e-02
9.208905414296063e-02
1.060567744223990e-01
1.218284444996009e-01
1.395751754875414e-01
1.594381877138254e-01
1.815753736690720e-01
2.061183485906597e-01
2.331763813518736e-01
2.628289724660299e-01
2.951052625529582e-01
3.300063821671996e-01
3.674375017848362e-01
4.072454963042857e-01
4.492005020181532e-01
4.929763336482578e-01
5.381423883646623e-01
5.841842812229842e-01
6.305014251555335e-01
6.764254944081324e-01
7.211792676548149e-01
7.641352837540073e-01
8.044750350163752e-01
8.415468685587145e-01
8.748469311776348e-01
9.039395446751400e-01
9.286097998300419e-01
9.488305039146739e-01
9.648001533931106e-01
9.768868235562667e-01
9.856066059863954e-01
9.915654613533726e-01
9.953920094244201e-01
9.976754641794008e-01
9.989390106026503e-01
9.995655142994501e-01
9.998320057099168e-01
9.999411921382414e-01
9.999817273180404e-01
9.999949952462428e-01
9.999988105423057e-01
9.999997565322593e-01
9.999999579897902e-01
9.999999939131220e-01
9.999999992859868e-01
9.999999999298975e-01
9.999999999951124e-01
9.999999999995975e-01
1.000000000000009e+00
9.999999999999933e-01
1.000000000000002e+00
9.999999999999997e-01
1.000000000000000e+00
1.000000000000000e+00
1.000000000000000e+00
1.000000000000000e+00
1.000000000000000e+00
1.000000000000000e+00
1.000000000000000e+00
1.000000000000000e+00
