#./build/bin/rcbk -ic FILE ./data/ic/49/ic_208_0.dat -rc BALITSKY -alphas_scaling 4.082627462874114 -maxy 12 -fast -output ./data/bks/49/ic_208_0.dat 
# BK equation solver 20160623 (build May 19 2026 14:19:13)
# Heikki Mäntysaari <mantysaari@bnl.gov>, 2011-2016
# Running coupling: Balitsky
# Scaling factor C^2 in alpha_s: 4.08263
# Initial condition is String is not impelmented for the current IC N(r=0.0333803 1/GeV) = 0.00028994
# \alpha_s = 12 \pi / [ (33.0 - 2.0*Nf) * log(4.0*C^2/(r^2*lambdaqcd^2) ], C^2=4.08263, lambdaqcd=0.241 GeV, maxalphas=0.7 nf=3
# Using fast (and not so accurate) parameters
# Solving BK equation up to y=12
# r limits: 1e-05 - 100 points 150 multiplier 1.11424
# maxy 12 ystep 0.2
###1.000000000000000e-05
###1.114242875232510e+00
###150
###0.000000000000000e+00
###0.000000000000000e+00
0.000000000000000e+00
7.707622257575849e-11
9.467503804854898e-11
1.166132356876002e-10
1.435539182749084e-10
1.766613485384286e-10
2.174262765268150e-10
2.675692622863289e-10
3.292452544621298e-10
4.051101094771811e-10
4.984142274001167e-10
6.131568618510734e-10
7.542523861002594e-10
9.277361450140144e-10
1.141023553048703e-09
1.403222093231467e-09
1.725515670394092e-09
2.121640328050103e-09
2.608460167837977e-09
3.206676942837794e-09
3.941707705038456e-09
4.844746173967223e-09
5.954070645615145e-09
7.316660476025654e-09
8.990149840240806e-09
1.104523574423886e-08
1.356865187461784e-08
1.666675973320272e-08
2.046997583543388e-08
2.513823577213836e-08
3.086758630876125e-08
3.789831464749965e-08
4.652497463802244e-08
5.710847153940552e-08
7.009097037848684e-08
8.601427091472170e-08
1.055419347265190e-07
1.294865953346609e-07
1.588435964271817e-07
1.948314642865564e-07
2.389418913875611e-07
2.930012639535181e-07
3.592446355507260e-07
4.404071587902743e-07
5.398365741790477e-07
6.616283815048237e-07
8.107930901771333e-07
9.934619098696177e-07
1.217133859768879e-06
1.490981946590581e-06
1.826229652066762e-06
2.236603320584346e-06
2.738893680604887e-06
3.353646391767607e-06
4.105992449076074e-06
5.026681172972715e-06
6.153351106916487e-06
7.532060586108475e-06
9.219196576255688e-06
1.128382483561377e-05
1.381052675174480e-05
1.690294698486829e-05
2.068816526404809e-05
2.532198977600116e-05
3.099559391262416e-05
3.794370198037874e-05
4.645453742877655e-05
5.688231958016676e-05
6.966268674762319e-05
8.533151674566469e-05
1.045485864959723e-04
1.281267799171723e-04
1.570678746492898e-04
1.926074982960129e-04
2.362706257821458e-04
2.899398256756485e-04
3.559408126995275e-04
4.371480470553555e-04
5.371149661631655e-04
6.602367322538493e-04
8.119510859067601e-04
9.989864905522079e-04
1.229671076648712e-03
1.514313748487073e-03
1.865675184126859e-03
2.299551688907854e-03
2.835494309996606e-03
3.497696190992411e-03
4.316086149511239e-03
5.327670175310806e-03
6.578179423229441e-03
8.124081902808066e-03
1.003502791747514e-02
1.239682498615632e-02
1.531500324871057e-02
1.891906508824222e-02
2.336754543347359e-02
2.885383788735408e-02
3.561282857805256e-02
4.392838711823524e-02
5.414110587685927e-02
6.665596820719079e-02
8.194942453752101e-02
1.005732193836159e-01
1.231535307202310e-01
1.503827165165002e-01
1.829957051326455e-01
2.217284931093080e-01
2.672501751991920e-01
3.200563815545473e-01
3.803314550885138e-01
4.477607884900335e-01
5.213313989597056e-01
5.991738940642137e-01
6.784124645160916e-01
7.553301701692313e-01
8.257605775448279e-01
8.856464473696296e-01
9.322301027890443e-01
9.645966130783766e-01
9.842104958980298e-01
9.942387181917293e-01
9.983171338343493e-01
9.996647597885283e-01
9.999452369058915e-01
9.999947347544788e-01
9.999997061408007e-01
9.999999975999341e-01
9.999999988494614e-01
9.999999971595709e-01
1.000000001541286e+00
9.999999998931002e-01
9.999999996631433e-01
1.000000000178585e+00
9.999999999895474e-01
9.999999999600387e-01
1.000000000020682e+00
9.999999999990189e-01
9.999999999952627e-01
1.000000000002394e+00
9.999999999999136e-01
9.999999999994388e-01
1.000000000000277e+00
9.999999999999932e-01
9.999999999999335e-01
1.000000000000032e+00
9.999999999999996e-01
9.999999999999920e-01
1.000000000000004e+00
1.000000000000000e+00
###2.000000000000000e-01
8.231254870798705e-12
8.554056795277245e-11
1.054084186101296e-10
1.300454142021104e-10
1.602800887560176e-10
1.975048149366708e-10
2.432823123179316e-10
2.995717760905581e-10
3.687935518453107e-10
4.539286004450863e-10
5.586206863904167e-10
6.873659739155737e-10
8.456680224799076e-10
1.040306119445411e-09
1.279590511632026e-09
1.573744899320503e-09
1.935315096154150e-09
2.379711474806124e-09
2.925847645469471e-09
3.596963297557278e-09
4.421673937253012e-09
5.434650219444172e-09
6.679150465750675e-09
8.207884887318753e-09
1.008524336520610e-08
1.239083778609051e-08
1.522198071564522e-08
1.869806758916701e-08
2.296521766940224e-08
2.820317945034173e-08
3.463198961243381e-08
4.252102262791795e-08
5.220222696239962e-08
6.407918261972722e-08
7.864891866072245e-08
9.652123732207411e-08
1.184397128268213e-07
1.453181448079887e-07
1.782751761014624e-07
2.186770385345786e-07
2.682031942720015e-07
3.289056625761974e-07
4.032958681220256e-07
4.944481614437601e-07
6.061316626906013e-07
7.429435270013102e-07
9.105187286948405e-07
1.115767924275116e-06
1.367103942985582e-06
1.674866179974978e-06
2.051678622483609e-06
2.512973664566954e-06
3.077667239965167e-06
3.768864173937409e-06
4.614840392462751e-06
5.650271071681184e-06
6.917505926102922e-06
8.468327543224113e-06
1.036597285859228e-05
1.268844532538806e-05
1.553087788334507e-05
1.900983525325241e-05
2.326743493644016e-05
2.847980302560219e-05
3.486117932364018e-05
4.267498698819282e-05
5.224430475855081e-05
6.396527938306157e-05
7.832806513620363e-05
9.592597958475301e-05
1.175013563576850e-04
1.439614739492641e-04
1.764170024865051e-04
2.162401508384864e-04
2.651320091876270e-04
3.251617542200283e-04
3.989210009807060e-04
4.895558145409284e-04
6.009948752302955e-04
7.380688221508176e-04
9.067037294094149e-04
1.114259149316914e-03
1.369790471018809e-03
1.684505582162371e-03
2.072178762644647e-03
2.549883291461182e-03
3.138633140070099e-03
3.864199624623055e-03
4.758640166653434e-03
5.861230204202890e-03
7.220277060915942e-03
8.895416307112936e-03
1.095927726999722e-02
1.350154229811243e-02
1.663181031947153e-02
2.048336619422500e-02
2.521905340400657e-02
3.103595203422945e-02
3.817228095995073e-02
4.691277638630118e-02
5.759756429521953e-02
7.062800563013270e-02
8.647139023242503e-02
1.056630348723072e-01
1.288076489262692e-01
1.565605119639963e-01
1.896083757322899e-01
2.286253106328938e-01
2.742058721652805e-01
3.267625381132658e-01
3.863949928686465e-01
4.527215894765497e-01
5.247045128883537e-01
6.005138556043622e-01
6.774203191577287e-01
7.519595604934561e-01
8.203037879830172e-01
8.787872357664970e-01
9.249150743343022e-01
9.578485026703795e-01
9.788138331535815e-01
9.905287002559220e-01
9.961744055290338e-01
9.986173507054739e-01
9.995576711790226e-01
9.998795118753891e-01
9.999720173606429e-01
9.999946033082813e-01
9.999991534524132e-01
9.999998908107137e-01
9.999999905657774e-01
9.999999991301369e-01
9.999999997765519e-01
1.000000000089653e+00
9.999999999989567e-01
9.999999999770484e-01
1.000000000010868e+00
9.999999999996756e-01
9.999999999975659e-01
1.000000000001152e+00
9.999999999999768e-01
9.999999999997348e-01
1.000000000000124e+00
9.999999999999981e-01
9.999999999999716e-01
1.000000000000013e+00
9.999999999999999e-01
9.999999999999969e-01
1.000000000000002e+00
1.000000000000000e+00
###4.000000000000000e-01
1.720532877880330e-11
9.498629979278160e-11
1.173721520970434e-10
1.450075584271372e-10
1.789237505559199e-10
2.207070397226943e-10
2.720573612765178e-10
3.351804041609688e-10
4.127919463023126e-10
5.082331986221612e-10
6.255845043367917e-10
7.698935470735813e-10
9.473141751396854e-10
1.165461178957521e-09
1.433626313638867e-09
1.763283356288112e-09
2.168466786081152e-09
2.666464202223933e-09
3.278473582675215e-09
4.030499815777435e-09
4.954750955404553e-09
6.089699082774587e-09
7.484157114586107e-09
9.197160512668285e-09
1.130058768195391e-08
1.388390871957659e-08
1.705610845589185e-08
2.095101690033883e-08
2.573203624968341e-08
3.160105109072995e-08
3.880428150953171e-08
4.764348154619596e-08
5.849159248502878e-08
7.179948215558047e-08
8.812439072819456e-08
1.081517570579937e-07
1.327120753713743e-07
1.628324901682696e-07
1.997655320440612e-07
2.450408891281820e-07
3.005423451912370e-07
3.685749048537827e-07
4.519496877186502e-07
5.541102852459639e-07
6.792978921882670e-07
8.326521762694248e-07
1.020494243390186e-06
1.250582677269484e-06
1.532345077813270e-06
1.877381298275032e-06
2.299851249163746e-06
2.817042606202336e-06
3.450211353668713e-06
4.225227990810093e-06
5.173799061027186e-06
6.334852717567496e-06
7.755912567820860e-06
9.494881089543899e-06
1.162255424223191e-05
1.422651464041918e-05
1.741332253828387e-05
2.131351601175225e-05
2.608545642289634e-05
3.192712793771979e-05
3.907761435473118e-05
4.783113344743232e-05
5.854827494962133e-05
7.167002115269494e-05
8.774475482275957e-05
1.074273467161702e-04
1.315479355509574e-04
1.611142322739896e-04
1.973526751928455e-04
2.417803096429976e-04
2.962841635816240e-04
3.631310653355203e-04
4.451918503168688e-04
5.458990316591309e-04
6.695740847569157e-04
8.215029209373143e-04
1.008121933253736e-03
1.237446619201497e-03
1.519287585724156e-03
1.865781883500094e-03
2.291750607406899e-03
2.815578272049729e-03
3.459776413965012e-03
4.251732246216446e-03
5.225663966197234e-03
6.423140028170823e-03
7.895073333883017e-03
9.704261119792697e-03
1.192631736671519e-02
1.465475413820815e-02
1.800316505688470e-02
2.210853163230580e-02
2.713783478098127e-02
3.329163963011297e-02
4.081120009537230e-02
4.998187276288094e-02
6.114294755685207e-02
7.469185449940506e-02
9.108648496051906e-02
1.108458944570855e-01
1.345532984701003e-01
1.628282754685305e-01
1.963113799834056e-01
2.356180727576691e-01
2.812732128618560e-01
3.336125849766040e-01
3.926593483885547e-01
4.579729358126722e-01
5.284962591500824e-01
6.024397571457248e-01
6.772091671832924e-01
7.495682173544996e-01
8.159896164732108e-01
8.731459436833554e-01
9.187704070697826e-01
9.520859054224090e-01
9.741197803084458e-01
9.872161396565606e-01
9.941757394474338e-01
9.975751777930991e-01
9.991180200894459e-01
9.997233747903086e-01
9.999250426482696e-01
9.999827619999923e-01
9.999966995314116e-01
9.999994818664807e-01
9.999999361086852e-01
9.999999936877755e-01
9.999999994337450e-01
1.000000000024170e+00
1.000000000000184e+00
9.999999999871837e-01
1.000000000005593e+00
9.999999999999587e-01
9.999999999987432e-01
1.000000000000555e+00
9.999999999999973e-01
9.999999999998749e-01
1.000000000000055e+00
9.999999999999997e-01
9.999999999999878e-01
1.000000000000005e+00
1.000000000000000e+00
9.999999999999988e-01
1.000000000000001e+00
1.000000000000000e+00
###6.000000000000001e-01
2.699637072734122e-11
1.055096430110611e-10
1.306839318705817e-10
1.616476101144682e-10
1.996519615059482e-10
2.465083505334112e-10
3.040308659601104e-10
3.747391173147858e-10
4.616644241471575e-10
5.685451412698392e-10
6.999441194697729e-10
8.615252259259141e-10
1.060158948893517e-09
1.304379978799133e-09
1.604583890010257e-09
1.973604858430656e-09
2.427149652481713e-09
2.984567068757978e-09
3.669614078643760e-09
4.511251446690971e-09
5.545799447011372e-09
6.815831013491565e-09
8.376342339265321e-09
1.029333143322776e-08
1.264700834624227e-08
1.553769411911168e-08
1.908717696419438e-08
2.344529361832142e-08
2.879451387700662e-08
3.536096244229655e-08
4.341998956663496e-08
5.330916605862287e-08
6.544598177056058e-08
8.033385846204706e-08
9.859615524679992e-08
1.210012877289694e-07
1.484757998868268e-07
1.821710523518830e-07
2.234866795449659e-07
2.741323931046160e-07
3.362150748334749e-07
4.123153428395751e-07
5.055794842937134e-07
6.198511092186423e-07
7.598862005886851e-07
9.314195597782562e-07
1.141527436027652e-06
1.398887693167408e-06
1.714040886710574e-06
2.099957979151641e-06
2.572471901449371e-06
3.150908251021323e-06
3.859043492695891e-06
4.725782046554112e-06
5.786562226597047e-06
7.084863493587571e-06
8.673892700450553e-06
1.061813651285603e-05
1.299660361927150e-05
1.590727635387688e-05
1.946895193779921e-05
2.382726791169018e-05
2.915812332314044e-05
3.568297258656329e-05
4.366760503994192e-05
5.343909294652538e-05
6.539873397700610e-05
8.003496463193929e-05
9.795842362160814e-05
1.198897900969055e-04
1.467525011935030e-04
1.796609747607285e-04
2.199645272226042e-04
2.693335802777035e-04
3.298513108429865e-04
4.039934913095009e-04
4.949240357704907e-04
6.063770048642529e-04
7.430847903963701e-04
9.108088700394042e-04
1.116518256370008e-03
1.368909833985219e-03
1.678577755259732e-03
2.058618978849234e-03
2.524934761486855e-03
3.097255641990856e-03
3.799625647019641e-03
4.661084774219727e-03
5.718043001811644e-03
7.014390977969153e-03
8.603669427845536e-03
1.055183494096769e-02
1.293748837962931e-02
1.585792835859578e-02
1.943067325645050e-02
2.379630440427475e-02
2.912578936772595e-02
3.562297072042859e-02
4.353153088543261e-02
5.313818949151954e-02
6.478007147177385e-02
7.885070966158192e-02
9.579838540185652e-02
1.161260430918836e-01
1.403954381353543e-01
1.691917185073750e-01
2.031111017442215e-01
2.427135005338240e-01
2.884584974367275e-01
3.406110021599689e-01
3.991248237657255e-01
4.635074732081664e-01
5.326871231311705e-01
6.049146138715544e-01
6.777200153320557e-01
7.480728870410667e-01
8.127131056195667e-01
8.686070924635945e-01
9.136864264731320e-01
9.472251821039465e-01
9.700851091956147e-01
9.842999046080593e-01
9.923517856122686e-01
9.965764652755505e-01
9.986584081498673e-01
9.995417632272668e-01
9.998633488219568e-01
9.999650043758432e-01
9.999924404959514e-01
9.999986475972373e-01
9.999998044737625e-01
9.999999775455165e-01
9.999999979493361e-01
9.999999998970305e-01
9.999999999946789e-01
9.999999999928770e-01
1.000000000002804e+00
1.000000000000062e+00
9.999999999993476e-01
1.000000000000268e+00
1.000000000000003e+00
9.999999999999412e-01
1.000000000000025e+00
1.000000000000000e+00
9.999999999999948e-01
1.000000000000002e+00
1.000000000000000e+00
9.999999999999996e-01
1.000000000000000e+00
1.000000000000000e+00
###8.000000000000000e-01
3.769158195072066e-11
1.172101233601741e-10
1.454773581952703e-10
1.801231485736866e-10
2.226613177682530e-10
2.751289726441513e-10
3.395040859865242e-10
4.186375581086735e-10
5.158681545301905e-10
6.354250180326622e-10
7.823923916756916e-10
9.631053932542296e-10
1.185243320980373e-09
1.458339513011200e-09
1.794023492142430e-09
2.206624948720988e-09
2.713701647991703e-09
3.336877902292275e-09
4.102731374490991e-09
5.043513574814506e-09
6.200043471929278e-09
7.619431696625856e-09
9.363472355297483e-09
1.150582049208503e-08
1.413612753460903e-08
1.736648843978332e-08
2.133247639495179e-08
2.620198340824061e-08
3.217838234609277e-08
3.951436949224568e-08
4.851749415827407e-08
5.956458068090929e-08
7.312179112605276e-08
8.975091521984140e-08
1.101480896374490e-07
1.351714139295571e-07
1.658551248496359e-07
2.034846784287179e-07
2.496219284708080e-07
3.061738529438917e-07
3.754916832057848e-07
4.604574583136614e-07
5.645809439398631e-07
6.921531290478703e-07
8.484830537289849e-07
1.039956002192356e-06
1.274474491361358e-06
1.561721683076188e-06
1.913446617060118e-06
2.344114669411059e-06
2.871378666394438e-06
3.516783070532559e-06
4.306811349178385e-06
5.273744923602732e-06
6.456991254656618e-06
7.904976023135628e-06
9.677063166646321e-06
1.184486337866939e-05
1.449626795732359e-05
1.774049548313372e-05
2.170942826929041e-05
2.656503339866877e-05
3.250214206867812e-05
3.976730304776752e-05
4.865498568901919e-05
5.952748243414456e-05
7.282952311178748e-05
8.910034953588634e-05
1.090163348217684e-04
1.333699631405327e-04
1.631821195993369e-04
1.996809783334036e-04
2.443460853451036e-04
2.990100716579062e-04
3.659628687374511e-04
4.479007481932440e-04
5.482951008607410e-04
6.711969086240392e-04
8.217696666734556e-04
1.006266740491375e-03
1.232216874444455e-03
1.509022874707262e-03
1.848091152149249e-03
2.263509878760521e-03
2.772293983440762e-03
3.395555328588727e-03
4.158905689537915e-03
5.093090286792747e-03
6.236693463934793e-03
7.636005801419385e-03
9.347201007130655e-03
1.143939384036274e-02
1.399417118170194e-02
1.711257670546455e-02
2.091599342177246e-02
2.554847263946843e-02
3.118486643731308e-02
3.803206359426928e-02
4.633588762671944e-02
5.638427445181392e-02
6.851177107720767e-02
8.310775848130991e-02
1.006107179514975e-01
1.215076162756554e-01
1.463388259335051e-01
1.756562342883106e-01
2.100134623637973e-01
2.499176945962185e-01
2.957672636625020e-01
3.477614380740116e-01
4.057909844552202e-01
4.693175597162706e-01
5.372582198351857e-01
6.079036624699206e-01
6.788983346352271e-01
7.473976409914069e-01
8.103795198739732e-01
8.650664462916878e-01
9.095633042882501e-01
9.431882103036843e-01
9.666657708221787e-01
9.817717767774190e-01
9.907216367372793e-01
9.956486327362327e-01
9.982035674483446e-01
9.993480728536004e-01
9.997919127670842e-01
9.999425002385605e-01
9.999864754472625e-01
9.999973411868091e-01
9.999995718823068e-01
9.999999447784209e-01
9.999999943879523e-01
9.999999995918641e-01
9.999999999763478e-01
9.999999999954410e-01
1.000000000001338e+00
1.000000000000086e+00
9.999999999996592e-01
1.000000000000130e+00
1.000000000000003e+00
9.999999999999724e-01
1.000000000000011e+00
1.000000000000000e+00
9.999999999999978e-01
1.000000000000001e+00
1.000000000000000e+00
9.999999999999998e-01
1.000000000000000e+00
1.000000000000000e+00
###1.000000000000000e+00
4.937313440931546e-11
1.301965176294613e-10
1.618790034935795e-10
2.006063224325316e-10
2.481639747608865e-10
3.068386817291203e-10
3.788019180305839e-10
4.672686834405609e-10
5.758950647827060e-10
7.094798280596954e-10
8.736727582315499e-10
1.075549241423489e-09
1.323683172340717e-09
1.628709639730321e-09
2.003622325196396e-09
2.464396565107037e-09
3.030634062639481e-09
3.726467949779008e-09
4.581580071411348e-09
5.631849697030660e-09
6.923091303089707e-09
8.507347524058381e-09
1.045394073418576e-08
1.284493991225346e-08
1.578042937987549e-08
1.938531638055628e-08
2.381052657428032e-08
2.924354889574425e-08
3.591115270427386e-08
4.409482918832389e-08
5.413761947082574e-08
6.646002772585923e-08
8.157984037412270e-08
1.001245776940641e-07
1.228714031327044e-07
1.507716410781291e-07
1.849823772383827e-07
2.269341499593886e-07
2.783665579730660e-07
3.414022480796827e-07
4.186598437390987e-07
5.133501924292995e-07
6.293802330309216e-07
7.715290633731962e-07
9.457052101470833e-07
1.159013544253609e-06
1.420239691844612e-06
1.740185029231126e-06
2.131880957297506e-06
2.611453620713752e-06
3.198512843478904e-06
3.917007787779369e-06
4.796367529226872e-06
5.872510030780376e-06
7.189176509238989e-06
8.800116623643504e-06
1.077125621182535e-05
1.318200737713605e-05
1.613008568473500e-05
1.973637427702570e-05
2.414701845725277e-05
2.954140188833548e-05
3.613561631279154e-05
4.420108219589160e-05
5.406484542077975e-05
6.612608699379495e-05
8.087521397531250e-05
9.890826969141796e-05
1.209663639876573e-04
1.479270498456855e-04
1.809068351008270e-04
2.212569856909686e-04
2.705949008708313e-04
3.309245524614264e-04
4.047536353745103e-04
4.950107536408135e-04
6.054897162618790e-04
7.405741378415959e-04
9.058850469586414e-04
1.108167313651879e-03
1.355554036925406e-03
1.658173570311327e-03
2.028299111248307e-03
2.480965007530930e-03
3.034410337167644e-03
3.711138757106762e-03
4.538365250169206e-03
5.548578043874195e-03
6.782560636672458e-03
8.289039076727359e-03
1.012683850930831e-02
1.236823151429271e-02
1.509778729020072e-02
1.842025435659150e-02
2.246080947434944e-02
2.736688590771015e-02
3.331706429833692e-02
4.052108734078228e-02
4.922669764373365e-02
5.972271401649150e-02
7.234089753724479e-02
8.746617534479936e-02
1.055270513394110e-01
1.269946316300638e-01
1.523880125507538e-01
1.822268953504469e-01
2.170239259025747e-01
2.572361514730354e-01
3.032043169030457e-01
3.550667503968636e-01
4.126566819276128e-01
4.753952778780236e-01
5.421914669214101e-01
6.113741603762355e-01
6.806938263679700e-01
7.474731386005710e-01
8.089028434034404e-01
8.624297542075091e-01
9.063104119064932e-01
9.399026823891365e-01
9.638180374165499e-01
9.796184020427646e-01
9.892947195743911e-01
9.948103070130179e-01
9.977718987154605e-01
9.991534285670399e-01
9.997155418837506e-01
9.999167451807083e-01
9.999791143177689e-01
9.999955877434341e-01
9.999992296354778e-01
9.999998912968060e-01
9.999999878546332e-01
9.999999989763411e-01
9.999999999337356e-01
9.999999999951976e-01
1.000000000000528e+00
1.000000000000079e+00
9.999999999998201e-01
1.000000000000064e+00
1.000000000000002e+00
9.999999999999871e-01
1.000000000000005e+00
1.000000000000000e+00
9.999999999999991e-01
1.000000000000000e+00
1.000000000000000e+00
9.999999999999999e-01
1.000000000000000e+00
1.000000000000000e+00
###1.200000000000000e+00
6.213577290089247e-11
1.445868499034023e-10
1.800410985154084e-10
2.232801974632424e-10
2.763885884420099e-10
3.419213511230761e-10
4.222852605747473e-10
5.210523917681010e-10
6.422770980655108e-10
7.913611390666746e-10
9.745896073572330e-10
1.199837917015093e-09
1.476689069732318e-09
1.816963580616918e-09
2.235185486326647e-09
2.749126016068422e-09
3.380644094442825e-09
4.156635079469609e-09
5.110189986346411e-09
6.281195548083617e-09
7.720958330680806e-09
9.486918575179497e-09
1.165670313751163e-08
1.432163652142906e-08
1.759321920528354e-08
2.161043148795084e-08
2.654133195286360e-08
3.259424857629872e-08
4.002224069330162e-08
4.913816882345199e-08
6.032398357872152e-08
7.404807595318138e-08
9.088471362447740e-08
1.115334698319236e-07
1.368591130468900e-07
1.679180312586440e-07
2.059985566204251e-07
2.526907038473222e-07
3.099284443964380e-07
3.800688824261601e-07
4.660264271524741e-07
5.713644513848856e-07
7.004268216769254e-07
8.585251124891105e-07
1.052202905389011e-06
1.289389664922156e-06
1.579795311924245e-06
1.935444065977535e-06
2.370762626272371e-06
2.903679315634588e-06
3.555926763685093e-06
4.354057255199479e-06
5.330694106812594e-06
6.525641202955729e-06
7.987439299666215e-06
9.775481056388396e-06
1.196278648714894e-05
1.463719796416302e-05
1.790704555275806e-05
2.190568690207168e-05
2.679462199092419e-05
3.277193066628463e-05
4.007653080153276e-05
4.900631200136143e-05
5.992335714672019e-05
7.326612050795085e-05
8.957362849994572e-05
1.095027857977212e-04
1.338633352163343e-04
1.636229127100214e-04
1.999997788204736e-04
2.444726451651360e-04
2.988126638017660e-04
3.651965875317148e-04
4.463639352785662e-04
5.454877776058989e-04
6.666998300309711e-04
8.147323755298600e-04
9.956836750877138e-04
1.216812103538178e-03
1.486878221541034e-03
1.816763623850053e-03
2.219641805170469e-03
2.711512304784449e-03
3.311885326639498e-03
4.044688915688381e-03
4.938776723798888e-03
6.028414030377986e-03
7.356618356354257e-03
8.974576733640294e-03
1.094378644087193e-02
1.333967828636452e-02
1.624979739549229e-02
1.978255783203069e-02
2.406686023388524e-02
2.925343197355992e-02
3.552442429460161e-02
4.309225096682066e-02
5.220635299159954e-02
6.315611569897146e-02
7.627030376781055e-02
9.192910642537756e-02
1.105508813809132e-01
1.325909738119990e-01
1.585473289069118e-01
1.889084458047170e-01
2.241474992545027e-01
2.646737746894557e-01
3.107737540001301e-01
3.625290424749115e-01
4.197202478579182e-01
4.817324438435988e-01
5.474688003245611e-01
6.152951418169291e-01
6.830593947990449e-01
7.482355991310883e-01
8.082047608710978e-01
8.606113928942719e-01
9.038450662165586e-01
9.373014618617782e-01
9.614988723348207e-01
9.778220479949769e-01
9.880737475943320e-01
9.940731440751926e-01
9.973766626562859e-01
9.989667457481612e-01
9.996385496409971e-01
9.998893269010507e-01
9.999707929152641e-01
9.999934692203901e-01
9.999987847707985e-01
9.999998158622263e-01
9.999999777626304e-01
9.999999979336398e-01
9.999999998533934e-01
9.999999999917288e-01
9.999999999999855e-01
1.000000000000060e+00
9.999999999999035e-01
1.000000000000032e+00
1.000000000000001e+00
9.999999999999940e-01
1.000000000000002e+00
1.000000000000000e+00
9.999999999999997e-01
1.000000000000000e+00
1.000000000000000e+00
1.000000000000000e+00
1.000000000000000e+00
1.000000000000000e+00
###1.400000000000000e+00
7.608092344860895e-11
1.605076688173071e-10
2.001191360302049e-10
2.483427978144823e-10
3.075814323159447e-10
3.806840223862177e-10
4.703227143096215e-10
5.804231131510585e-10
7.155839149403077e-10
8.817700354800883e-10
1.085997577539842e-09
1.337025352518671e-09
1.645545302308337e-09
2.024684768059173e-09
2.490658758701600e-09
3.063182753580718e-09
3.766626483323397e-09
4.630946499017121e-09
5.692882804905214e-09
6.996831537879604e-09
8.600091475167272e-09
1.056601015566378e-08
1.298136716470744e-08
1.594770855970138e-08
1.958875278787343e-08
2.405922454155303e-08
2.954591977114446e-08
3.627990449223405e-08
4.454338187367949e-08
5.468265203940582e-08
6.712315098097797e-08
8.238525245063161e-08
1.011053057612728e-07
1.240613418639867e-07
1.522139125505367e-07
1.867342380919455e-07
2.290556645258078e-07
2.809356768521075e-07
3.445260675747322e-07
4.224413634398813e-07
5.179201895638475e-07
6.348955913589178e-07
7.781981742478862e-07
9.537262936875462e-07
1.168703291258821e-06
1.431930344289178e-06
1.754163822344809e-06
2.148733198911151e-06
2.631585452831355e-06
3.222592466996936e-06
3.945790886614053e-06
4.830547214134791e-06
5.912941257441724e-06
7.236967780917269e-06
8.856339295458262e-06
1.083654875130528e-05
1.325826917540209e-05
1.621836207588181e-05
1.983660944059512e-05
2.425976489148755e-05
2.966579628547629e-05
3.627282311721128e-05
4.434403780960450e-05
5.420621358600293e-05
6.625799207005580e-05
8.098028578967563e-05
9.896379474146314e-05
1.209300089119655e-04
1.477621849129459e-04
1.805222506542373e-04
2.205372762389401e-04
2.694201788032540e-04
3.291051563337775e-04
4.019506789453591e-04
4.909397732553100e-04
5.995026090461451e-04
7.321248446272243e-04
8.939037814709330e-04
1.091435263048462e-03
1.332513525810261e-03
1.626550251675606e-03
1.985208451086863e-03
2.422590973117004e-03
2.955696862405106e-03
3.605339902224285e-03
4.396910418579547e-03
5.360936429501438e-03
6.533493873594246e-03
7.959869256635627e-03
9.693735985586064e-03
1.179928309179486e-02
1.435510053984184e-02
1.745170041059637e-02
2.120112359334708e-02
2.573592534256436e-02
3.121003712731613e-02
3.780902679088349e-02
4.574779816645051e-02
5.527727271151384e-02
6.668710001068733e-02
8.030283500984678e-02
9.649965898772896e-02
1.156856196549240e-01
1.383003828779610e-01
1.648208768472882e-01
1.957052961620587e-01
2.313887338861361e-01
2.722348859778380e-01
3.184789851654856e-01
3.701496932363169e-01
4.269793152332229e-01
4.883206039641171e-01
5.530727865327256e-01
6.196369929528894e-01
6.859509542465131e-01
7.496263314572772e-01
8.082137597352478e-01
8.595329786411595e-01
9.020920748413864e-01
9.353218642655171e-01
9.596660356590535e-01
9.763626030187591e-01
9.870562940325158e-01
9.934433253961931e-01
9.970268458337374e-01
9.987947861335336e-01
9.995645787791240e-01
9.998617615420363e-01
9.999619997615902e-01
9.999911049715547e-01
9.999982576294835e-01
9.999997203166043e-01
9.999999640017713e-01
9.999999963946589e-01
9.999999997238872e-01
9.999999999842748e-01
9.999999999994634e-01
1.000000000000035e+00
9.999999999999472e-01
1.000000000000016e+00
1.000000000000000e+00
9.999999999999972e-01
1.000000000000001e+00
1.000000000000000e+00
9.999999999999999e-01
1.000000000000000e+00
1.000000000000000e+00
1.000000000000000e+00
1.000000000000000e+00
1.000000000000000e+00
###1.600000000000000e+00
9.141197945349810e-11
1.780959457517279e-10
2.222876570258627e-10
2.760073210498199e-10
3.420082303110498e-10
4.234546320509991e-10
5.233173411528485e-10
6.459124905131842e-10
7.964291319473426e-10
9.814593583116833e-10
1.208820439456487e-09
1.488250555990707e-09
1.831637324875242e-09
2.253577992843210e-09
2.772106264742057e-09
3.409120061997948e-09
4.191706095334278e-09
5.153163943440747e-09
6.334283482240165e-09
7.784412352017444e-09
9.567394931691399e-09
1.175304108306809e-08
1.443826394969070e-08
1.773556002547319e-08
2.178214916388051e-08
2.675028428615409e-08
3.284689124529784e-08
4.032809168419483e-08
4.950787929467474e-08
6.076920044836526e-08
7.458490505436172e-08
9.153197782595599e-08
1.123150698321174e-07
1.377976405786610e-07
1.690452808983149e-07
2.073519301712644e-07
2.543119109731748e-07
3.118637922766872e-07
3.823984298688104e-07
4.688064691550350e-07
5.746818655733156e-07
7.043665361110261e-07
8.632009970889817e-07
1.057736250427309e-06
1.295929082987173e-06
1.587527326332176e-06
1.944428011306529e-06
2.381349972809660e-06
2.915927316405954e-06
3.570094702531637e-06
4.370399164646932e-06
5.349240773102575e-06
6.546434954692489e-06
8.010490344453287e-06
9.800675982658989e-06
1.198909550467294e-05
1.466470615220056e-05
1.793380994422041e-05
2.192873216435261e-05
2.681052267947094e-05
3.277475058837619e-05
4.006109515563282e-05
4.895833459469445e-05
5.982555734100870e-05
7.309756605041368e-05
8.930283745130804e-05
1.090863839492189e-04
1.332381810222455e-04
1.627211634595254e-04
1.986928500187872e-04
2.425988917625889e-04
2.961940021067073e-04
3.615821712794662e-04
4.413164625773426e-04
5.386330598239936e-04
6.572328062438250e-04
8.019719005908979e-04
9.783293391353561e-04
1.193419548531786e-03
1.455595357531295e-03
1.774943777187371e-03
2.163937895977046e-03
2.637639644772228e-03
3.214081818056373e-03
3.915415075653528e-03
4.768530070447020e-03
5.805665096748556e-03
7.064739924149856e-03
8.593345050434287e-03
1.044766367917887e-02
1.269460042754186e-02
1.541590031120973e-02
1.870503265459968e-02
2.267762657134186e-02
2.746979360887408e-02
3.323866549064456e-02
4.017298744810967e-02
4.849000251637059e-02
5.844189676485297e-02
7.031829314014776e-02
8.444132016115120e-02
1.011808916104776e-01
1.209345832532601e-01
1.441264443070686e-01
1.712125213691188e-01
2.026215198491644e-01
2.387517291708804e-01
2.799232379291823e-01
3.263227572123096e-01
3.779293887798603e-01
4.344309302644874e-01
4.951510459333646e-01
5.589864282120449e-01
6.243720137695647e-01
6.893279305823661e-01
7.515909439456941e-01
8.088641872561523e-01
8.591230752252643e-01
9.009822232778614e-01
9.339059926662328e-01
9.582789644369614e-01
9.752181976582354e-01
9.862358058777256e-01
9.929228401419340e-01
9.967279888032321e-01
9.986424007294216e-01
9.994965301173029e-01
9.998353776418443e-01
9.999532187639534e-01
9.999886322178801e-01
9.999976777480549e-01
9.999996091916948e-01
9.999999469824131e-01
9.999999943594313e-01
9.999999995394047e-01
9.999999999721926e-01
9.999999999987971e-01
1.000000000000002e+00
9.999999999999699e-01
1.000000000000008e+00
1.000000000000000e+00
9.999999999999988e-01
1.000000000000000e+00
1.000000000000000e+00
1.000000000000000e+00
1.000000000000000e+00
1.000000000000000e+00
1.000000000000000e+00
1.000000000000000e+00
1.000000000000000e+00
###1.800000000000000e+00
1.080550285454558e-10
1.974974539737804e-10
2.467307519488326e-10
3.065028432665580e-10
3.799519272106031e-10
4.705865911967242e-10
5.816832573898414e-10
7.180536390909164e-10
8.854708658247178e-10
1.091241784032144e-09
1.344049649389345e-09
1.654723188425575e-09
2.036453250638052e-09
2.505454159184798e-09
3.081755181859926e-09
3.789643856043468e-09
4.659192102933961e-09
5.727350052537546e-09
7.039320835793707e-09
8.649995703245291e-09
1.063025589485482e-08
1.305702220293119e-08
1.603829236288960e-08
1.969855047551314e-08
2.419009577180560e-08
2.970342944966510e-08
3.646842796283496e-08
4.476824075305281e-08
5.495148512428281e-08
6.744167091330749e-08
8.276258285264456e-08
1.015526448569489e-07
1.245924023410255e-07
1.528381208852208e-07
1.874655028471980e-07
2.299114640727406e-07
2.819368593325544e-07
3.456813421415169e-07
4.237946525048901e-07
5.194669598892863e-07
6.366781910307003e-07
7.802152429336921e-07
9.559797003193478e-07
1.171204747460058e-06
1.434664181208050e-06
1.757133718511410e-06
2.151733739159358e-06
2.634688797869823e-06
3.225456302748024e-06
3.948192971210199e-06
4.832173929444080e-06
5.913031394617660e-06
7.234697876472521e-06
8.850426136814307e-06
1.082548124476793e-05
1.323920252226090e-05
1.618930599557738e-05
1.979228132424166e-05
2.419387712902715e-05
2.957044529956760e-05
3.613630316910174e-05
4.415459675540281e-05
5.394103058748263e-05
6.588888100730611e-05
8.047224520569850e-05
9.826961703691346e-05
1.199839227286339e-04
1.464777010604547e-04
1.787981084257488e-04
2.182043645937045e-04
2.662672617625697e-04
3.248919394010462e-04
3.963596463456942e-04
4.834288369440667e-04
5.896017461948385e-04
7.188628337128801e-04
8.764515065908687e-04
1.068259021338561e-03
1.301926262676345e-03
1.586392972601208e-03
1.932445533665543e-03
2.353396510850828e-03
2.865297296806307e-03
3.487248650652929e-03
4.242772194463820e-03
5.160297112115293e-03
6.273808053930526e-03
7.623101360848739e-03
9.258106447297127e-03
1.123753336152182e-02
1.363104357729869e-02
1.652351461733392e-02
2.001136682280987e-02
2.421377876283548e-02
2.927034651291397e-02
3.534131633655909e-02
4.261845349876934e-02
5.132116268400037e-02
6.170267997882873e-02
7.405226343960233e-02
8.868856324433538e-02
1.059758046604083e-01
1.263009848768661e-01
1.500725793122737e-01
1.777258832364258e-01
2.096608497951601e-01
2.462401355256652e-01
2.877420257547725e-01
3.343071748439981e-01
3.858681511242376e-01
4.420715795721349e-01
5.022148057755688e-01
5.651930660137462e-01
6.294735098847026e-01
6.931520115846327e-01
7.540790279284070e-01
8.100957625358574e-01
8.593162848891175e-01
9.004519584895511e-01
9.329997155940555e-01
9.572985512548557e-01
9.743657729523625e-01
9.856027972056614e-01
9.925102290098725e-01
9.964827732967322e-01
9.985127706815494e-01
9.994365624568343e-01
9.998112706937338e-01
9.999448868278996e-01
9.999861891155822e-01
9.999970792943147e-01
9.999994889079201e-01
9.999999275719929e-01
9.999999919018006e-01
9.999999993020918e-01
9.999999999552905e-01
9.999999999978895e-01
9.999999999999613e-01
9.999999999999816e-01
1.000000000000005e+00
1.000000000000000e+00
9.999999999999994e-01
1.000000000000000e+00
1.000000000000000e+00
1.000000000000000e+00
1.000000000000000e+00
1.000000000000000e+00
1.000000000000000e+00
1.000000000000000e+00
1.000000000000000e+00
###2.000000000000000e+00
1.262329132650445e-10
2.188691193439877e-10
2.736459734063215e-10
3.400759453404912e-10
4.217176851327553e-10
5.224567817174737e-10
6.459059936496866e-10
7.974205279441709e-10
9.834140755841300e-10
1.211980854582537e-09
1.492741826047306e-09
1.837744590312438e-09
2.261587886894145e-09
2.782264363096697e-09
3.421991248274515e-09
4.207669746342817e-09
5.172641768091159e-09
6.357853183780439e-09
7.813343818843096e-09
9.600085133086183e-09
1.179657466137554e-08
1.448757184746112e-08
1.779318650815605e-08
2.185099567662892e-08
2.682980920251824e-08
3.293971249864545e-08
4.043633311802129e-08
4.963197197132371e-08
6.091238768909277e-08
7.474610129224040e-08
9.171212828577226e-08
1.125156792277801e-07
1.380211842454439e-07
1.692829525268783e-07
2.076019067981823e-07
2.545629118768959e-07
3.121111443711780e-07
3.826072768933007e-07
4.689797420800432e-07
5.747441847152984e-07
7.042982312012925e-07
8.629125627945914e-07
1.057097475093458e-06
1.294820266445920e-06
1.585745245639801e-06
1.941755037943653e-06
2.377311285241685e-06
2.910212220762635e-06
3.561935460284648e-06
4.359016760097439e-06
5.333672604880606e-06
6.525016565294062e-06
7.981483808397066e-06
9.761220983042692e-06
1.193613966492877e-05
1.459321523461681e-05
1.783974388416770e-05
2.180320108661294e-05
2.664304035426038e-05
3.255256785691729e-05
3.976633838758715e-05
4.857205380655880e-05
5.931437467790676e-05
7.242287416320891e-05
8.841360608054370e-05
1.079180023328922e-04
1.317008687299897e-04
1.607011551655006e-04
1.960556683322424e-04
2.391307025309512e-04
2.916296341336681e-04
3.556159094352311e-04
4.335573037069459e-04
5.284281335603366e-04
6.440100122893072e-04
7.845842733104677e-04
9.557904992866804e-04
1.163952030309340e-03
1.417254984445031e-03
1.725253583178456e-03
2.099451793820673e-03
2.554043827957574e-03
3.106090158455023e-03
3.775797488768103e-03
4.588093246767180e-03
5.572983505502367e-03
6.766235486940077e-03
8.209554391099961e-03
9.955243378795386e-03
1.206456517650697e-02
1.460995079357316e-02
1.767941496340428e-02
2.137231110966992e-02
2.581132812067463e-02
3.113947981769755e-02
3.752002157202785e-02
4.514759943118891e-02
5.424359636351957e-02
6.506208170061424e-02
7.789142320753295e-02
9.304732764940801e-02
1.108873273947743e-01
1.317879200369385e-01
1.561420329980878e-01
1.843643295578982e-01
2.168266731946008e-01
2.538571553022227e-01
2.956938961653445e-01
3.424337181196630e-01
3.939653620884992e-01
4.498972114519053e-01
5.095026688039207e-01
5.716763292838249e-01
6.349159293970622e-01
6.973870197303490e-01
7.570439814966871e-01
8.118528873923194e-01
8.600525385763010e-01
9.004426421595896e-01
9.325525649146794e-01
9.566869777951293e-01
9.737816988797655e-01
9.851456862648211e-01
9.922016304381943e-01
9.962916902317958e-01
9.984076571782257e-01
9.993861385695140e-01
9.997902720237525e-01
9.999373677277108e-01
9.999839017063089e-01
9.999964968161859e-01
9.999993668195247e-01
9.999999069565056e-01
9.999999891590118e-01
9.999999990224285e-01
9.999999999340726e-01
9.999999999967072e-01
9.999999999999101e-01
9.999999999999868e-01
1.000000000000003e+00
9.999999999999999e-01
9.999999999999998e-01
1.000000000000000e+00
1.000000000000000e+00
1.000000000000000e+00
1.000000000000000e+00
1.000000000000000e+00
1.000000000000000e+00
1.000000000000000e+00
1.000000000000000e+00
###2.200000000000000e+00
1.460791067131784e-10
2.423796295910412e-10
3.032443264650144e-10
3.769875288117965e-10
4.676330858579171e-10
5.794706133135817e-10
7.164861132357431e-10
8.846294110040529e-10
1.091022996992493e-09
1.344605288774838e-09
1.656042173358991e-09
2.038710527795981e-09
2.508739137395382e-09
3.086095319741334e-09
3.795352415250548e-09
4.666318231397751e-09
5.735865647517976e-09
7.049324640926482e-09
8.662027627045020e-09
1.064158422932512e-08
1.307479325201903e-08
1.605504668733050e-08
1.971547672696969e-08
2.420831813337024e-08
2.971981397800552e-08
3.648194744473022e-08
4.477807083485894e-08
5.495257359453942e-08
6.743127836328696e-08
8.273194496083620e-08
1.014936276882427e-07
1.244934872696948e-07
1.526892461244946e-07
1.872396963197813e-07
2.295823103130193e-07
2.814630039789492e-07
3.450266136184152e-07
4.228740528920626e-07
5.182352646103955e-07
6.349790029003744e-07
7.779544962446563e-07
9.529574408895018e-07
1.167156052466785e-06
1.429311715658961e-06
1.750052576895263e-06
2.142453618244610e-06
2.622426978005331e-06
3.209465954832223e-06
3.927255236954170e-06
4.804810067534194e-06
5.877575580993204e-06
7.188445915658649e-06
8.790618433632577e-06
1.074757571741980e-05
1.313826926890235e-05
1.605791892244356e-05
1.962389615108661e-05
2.397569593044216e-05
2.928765779734891e-05
3.577083756765384e-05
4.368132182193063e-05
5.333305279858625e-05
6.510171974010482e-05
7.945513104494329e-05
9.695468667831529e-05
1.182867672634443e-04
1.442829614747712e-04
1.759632969286766e-04
2.145588111311917e-04
2.615486103934961e-04
3.187762883113578e-04
3.884720708513821e-04
4.732997521291876e-04
5.764603071136428e-04
7.020284931596097e-04
8.545961253153737e-04
1.040221360739649e-03
1.265677203800053e-03
1.539718292895675e-03
1.872536646407269e-03
2.276379553843977e-03
2.766348552662076e-03
3.360561627353164e-03
4.080347529965645e-03
4.952081276878182e-03
6.007384334254065e-03
7.283842807565132e-03
8.825102566916064e-03
1.068587521745384e-02
1.293000134345398e-02
1.563269338492400e-02
1.888510708700684e-02
2.278950867244113e-02
2.747205745903219e-02
3.307911673814426e-02
3.977684390608901e-02
4.776262570616224e-02
5.725963951210166e-02
6.852257131516573e-02
8.183899755063694e-02
9.752034687929782e-02
1.159183185226625e-01
1.373983665723314e-01
1.623378731353681e-01
1.911309748811507e-01
2.241220369897128e-01
2.616055602087032e-01
3.037819364317179e-01
3.507032821646385e-01
4.022197987312817e-01
4.579032674040152e-01
5.170051804184481e-01
5.784201019458777e-01
6.406747431673396e-01
7.019986795162544e-01
7.604421787679385e-01
8.140841029446875e-01
8.612764385367697e-01
9.009002147139463e-01
9.325174772622303e-01
9.564080894517656e-01
9.734422676200424e-01
9.848515585701160e-01
9.919913395506663e-01
9.961535533472767e-01
9.983276526640996e-01
9.993461019530249e-01
9.997729522361025e-01
9.999309389562220e-01
9.999818751266363e-01
9.999959615565278e-01
9.999992502838981e-01
9.999998864616935e-01
9.999999863109036e-01
9.999999987178689e-01
9.999999999097007e-01
9.999999999952839e-01
9.999999999998480e-01
9.999999999999886e-01
1.000000000000002e+00
9.999999999999998e-01
9.999999999999999e-01
1.000000000000000e+00
1.000000000000000e+00
1.000000000000000e+00
1.000000000000000e+00
1.000000000000000e+00
1.000000000000000e+00
1.000000000000000e+00
1.000000000000000e+00
###2.400000000000000e+00
1.677377984919522e-10
2.682098723239037e-10
3.357944175948772e-10
4.175230518920704e-10
5.180493450228434e-10
6.420629239752631e-10
7.939620153325657e-10
9.803406646076198e-10
1.209103521938100e-09
1.490110824566788e-09
1.835172381495622e-09
2.259113705208165e-09
2.779744190681425e-09
3.419172468736968e-09
4.204584771547912e-09
5.168926331598128e-09
6.352937455920560e-09
7.806703465634212e-09
9.591435554767947e-09
1.178186773980802e-08
1.447392652223951e-08
1.777036878432456e-08
2.181843502989989e-08
2.678667471256424e-08
3.287992266920177e-08
4.035423496066360e-08
4.952276807469265e-08
6.076562006735118e-08
7.455109381830519e-08
9.145183332199704e-08
1.121710064679600e-07
1.375644653739854e-07
1.686907986730518e-07
2.068223986644426e-07
2.535454136812592e-07
3.107797516791840e-07
3.808863961478794e-07
4.667299337497022e-07
5.718578885343191e-07
7.005326844806552e-07
8.580782550373822e-07
1.050878223587038e-06
1.286793891816832e-06
1.575438875675833e-06
1.928517021056077e-06
2.360351231012424e-06
2.888431477000538e-06
3.534086744684009e-06
4.323356582347502e-06
5.287938550625135e-06
6.466743946289032e-06
7.906738860060496e-06
9.666209905173848e-06
1.181448722970091e-05
1.443778162116477e-05
1.764040642704285e-05
2.155039764014436e-05
2.632014009147006e-05
3.213994692576444e-05
3.923972491810166e-05
4.789851312668992e-05
5.845798943105773e-05
7.132753587281554e-05
8.701388933644238e-05
1.061299355110600e-04
1.294174824353719e-04
1.577793546293301e-04
1.923218268362472e-04
2.343753078137733e-04
2.855379866939968e-04
3.478012657968369e-04
4.235709253569545e-04
5.157166000194928e-04
6.276760748324654e-04
7.638258389457799e-04
9.291153760326102e-04
1.129984313313990e-03
1.373713129034746e-03
1.669638500480285e-03
2.028614019392827e-03
2.463657055550139e-03
2.990777347472950e-03
3.629271968748160e-03
4.401537047848857e-03
5.335460397432715e-03
6.464317821287795e-03
7.827550619181211e-03
9.470776663143745e-03
1.145115048024749e-02
1.383511496457374e-02
1.670067495335243e-02
2.014212993508012e-02
2.426463617987043e-02
2.919778244655577e-02
3.509121139669132e-02
4.211387326284698e-02
5.046575403434685e-02
6.037164023664542e-02
7.208661865254153e-02
8.589724370529991e-02
1.021103095374699e-01
1.210715495786542e-01
1.431345368160384e-01
1.686629700007172e-01
1.980286682608998e-01
2.315496388116462e-01
2.694876832818757e-01
3.120068029642632e-01
3.591161784593913e-01
4.106296494955887e-01
4.660846977934252e-01
5.247126483149792e-01
5.854084886192101e-01
6.467263484331870e-01
7.069550733335775e-01
7.642328421817368e-01
8.167417189920495e-01
8.629367113339392e-01
9.017746501812068e-01
9.328505049958703e-01
9.564276743540210e-01
9.733240171616134e-01
9.847065752929011e-01
9.918724107278843e-01
9.960658654410123e-01
9.982724095941754e-01
9.993167521310583e-01
9.997596364655478e-01
9.999257882705657e-01
9.999801886049011e-01
9.999954994286184e-01
9.999991458961949e-01
9.999998673907526e-01
9.999999835529858e-01
9.999999984101077e-01
9.999999998838938e-01
9.999999999937073e-01
9.999999999997771e-01
9.999999999999885e-01
1.000000000000001e+00
9.999999999999998e-01
1.000000000000000e+00
1.000000000000000e+00
1.000000000000000e+00
1.000000000000000e+00
1.000000000000000e+00
1.000000000000000e+00
1.000000000000000e+00
1.000000000000000e+00
1.000000000000000e+00
###2.600000000000000e+00
1.913607048339245e-10
2.965540491072533e-10
3.714978021492760e-10
4.619862311474050e-10
5.733430433263354e-10
7.106994126504572e-10
8.789069480407742e-10
1.085261765430608e-09
1.338524696689347e-09
1.649554674865012e-09
2.031438686201656e-09
2.500546745911438e-09
3.076561240754739e-09
3.783900384876164e-09
4.652612876735448e-09
5.719040538668005e-09
7.028204807721467e-09
8.635326878460459e-09
1.060804216288544e-08
1.302882889721029e-08
1.600359372726980e-08
1.964506884785324e-08
2.411640203127201e-08
2.960306403173275e-08
3.633121587342275e-08
4.458225223151913e-08
5.470189861735140e-08
6.710905679019802e-08
8.231826738190874e-08
1.009617613293942e-07
1.238121303867493e-07
1.518111254410876e-07
1.861259403725479e-07
2.281517756828655e-07
2.796383725073445e-07
3.426914786720684e-07
4.199047158109822e-07
5.144349246835926e-07
6.301682779381881e-07
7.717917013985643e-07
9.451373830292075e-07
1.157227033003559e-06
1.416686600779462e-06
1.734027353347156e-06
2.122122815587439e-06
2.596652586650372e-06
3.176755609387235e-06
3.885814990764333e-06
4.752308243763601e-06
5.810897384054352e-06
7.104181009904697e-06
8.683498707088798e-06
1.061258455768047e-05
1.296705146160398e-05
1.584089629799877e-05
1.934812596353763e-05
2.362819923698602e-05
2.884725679082097e-05
3.521265678952352e-05
4.297441476405495e-05
5.243601214712179e-05
6.396865524432143e-05
7.801745531634456e-05
9.513066321946164e-05
1.159751455660768e-04
1.413529695564880e-04
1.722408774337579e-04
2.098366485642626e-04
2.555758489057762e-04
3.111821093046986e-04
3.788025135759173e-04
4.610274784329708e-04
5.609426360573296e-04
6.822338988096264e-04
8.295930856984788e-04
1.008347768620627e-03
1.225327348100439e-03
1.488348449878295e-03
1.807349306067885e-03
2.193870394078049e-03
2.661726324348075e-03
3.227867452122473e-03
3.912799531801294e-03
4.740024045284379e-03
5.738976348760345e-03
6.944625736501245e-03
8.398304993402758e-03
1.014763478108034e-02
1.225224671773028e-02
1.478120963127464e-02
1.781533063901414e-02
2.145205443973404e-02
2.579940197251695e-02
3.099034898377481e-02
3.717774516522820e-02
4.453322179901339e-02
5.325922045959287e-02
6.358194992922046e-02
7.575667718224870e-02
9.006863870027139e-02
1.068198342311916e-01
1.263496892107515e-01
1.489997362894372e-01
1.751199846252801e-01
2.050599774418090e-01
2.391118117667103e-01
2.775053959742480e-01
3.203693741288269e-01
3.676721158808065e-01
4.191932230176584e-01
4.744359722275626e-01
5.326151348244867e-01
5.926257746115254e-01
6.530479661023991e-01
7.122255855922947e-01
7.683777466988406e-01
8.197813924790761e-01
8.649864056924511e-01
9.030197295319445e-01
9.335106849585585e-01
9.567132232631983e-01
9.734040045838018e-01
9.846964466543094e-01
9.918370191549223e-01
9.960251908201782e-01
9.982408529163410e-01
9.992979590227077e-01
9.997504344667257e-01
9.999220173091140e-01
9.999788938087740e-01
9.999951293804751e-01
9.999990589454082e-01
9.999998508839603e-01
9.999999810712098e-01
9.999999981218699e-01
9.999999998586711e-01
9.999999999921007e-01
9.999999999997015e-01
9.999999999999876e-01
1.000000000000001e+00
9.999999999999998e-01
1.000000000000000e+00
1.000000000000000e+00
1.000000000000000e+00
1.000000000000000e+00
1.000000000000000e+00
1.000000000000000e+00
1.000000000000000e+00
1.000000000000000e+00
1.000000000000000e+00
###2.800000000000000e+00
2.171151050370917e-10
3.276195504977237e-10
4.105777090208967e-10
5.107013723081130e-10
6.339150027995222e-10
7.858767899020466e-10
9.719353669041749e-10
1.200145902282296e-09
1.480215884072291e-09
1.824084782800338e-09
2.246237735921280e-09
2.764727803504424e-09
3.401281012755731e-09
4.182834157741682e-09
5.142557638205092e-09
6.320487756194006e-09
7.766295694760319e-09
9.540869466679850e-09
1.171875684414291e-08
1.439082209137149e-08
1.767405340530363e-08
2.169176603421496e-08
2.662459141008814e-08
3.267623023710943e-08
4.009606012987593e-08
4.919333918935541e-08
6.034869311327531e-08
7.402293130030473e-08
9.078191367030659e-08
1.113207918274999e-07
1.364887961103844e-07
1.673211273955338e-07
2.051007918916845e-07
2.513574794425949e-07
3.080173773507957e-07
3.773855171401584e-07
4.623130700287532e-07
5.662666892456776e-07
6.934992657120491e-07
8.491584037842118e-07
1.039623101782283e-06
1.272602095563898e-06
1.557539791386411e-06
1.905941884981874e-06
2.331911199790006e-06
2.852597671990077e-06
3.488909997024438e-06
4.266445528681013e-06
5.216298351244778e-06
6.376352533186746e-06
7.793047629363950e-06
9.522520405113443e-06
1.163427793372489e-05
1.421072830133615e-05
1.735426402681277e-05
2.118890589119710e-05
2.586666257655013e-05
3.156823124934822e-05
3.851913990583369e-05
4.699083107782948e-05
5.731279020688046e-05
6.988762710533389e-05
8.519821653631009e-05
1.038386390961943e-04
1.265285869876499e-04
1.541379762516575e-04
1.877204496162015e-04
2.285702654753422e-04
2.782341401953170e-04
3.385677468227841e-04
4.118820048663786e-04
5.009591238093569e-04
6.091179990363916e-04
7.402977712874068e-04
8.995227314626032e-04
1.092513609174205e-03
1.326509596011515e-03
1.609885778924934e-03
1.953196056429564e-03
2.368703594613937e-03
2.871044224371943e-03
3.478141625453237e-03
4.211741060482226e-03
5.096486624313832e-03
6.163396870824306e-03
7.449173764280435e-03
8.997077815111993e-03
1.085676264765924e-02
1.309037074943737e-02
1.576961955911618e-02
1.897812713427341e-02
2.281648337012343e-02
2.739554572966599e-02
3.285163265547977e-02
3.934072592644026e-02
4.703702302883080e-02
5.614527462688917e-02
6.689292145415744e-02
7.953518757414792e-02
9.435569807761623e-02
1.116514791473967e-01
1.317553161175113e-01
1.549966412776071e-01
1.817113914467825e-01
2.122272044959438e-01
2.468105439191663e-01
2.856601421443883e-01
3.288702330673126e-01
3.763702538977695e-01
4.279068635261456e-01
4.829511089569593e-01
5.407024767236996e-01
6.000564125185518e-01
6.596175690497073e-01
7.177810990842093e-01
7.728409732430019e-01
8.231618041525200e-01
8.673808390765985e-01
9.045925458480676e-01
9.344598926265099e-01
9.572340840071493e-01
9.736600275366772e-01
9.848068166526368e-01
9.918768362851840e-01
9.960274490659182e-01
9.982313650302427e-01
9.992892440148833e-01
9.997452762025060e-01
9.999196525679819e-01
9.999780160222325e-01
9.999948629757290e-01
9.999989931117846e-01
9.999998378114761e-01
9.999999790211307e-01
9.999999978737981e-01
9.999999998360397e-01
9.999999999905984e-01
9.999999999996279e-01
9.999999999999861e-01
1.000000000000001e+00
9.999999999999998e-01
1.000000000000000e+00
1.000000000000000e+00
1.000000000000000e+00
1.000000000000000e+00
1.000000000000000e+00
1.000000000000000e+00
1.000000000000000e+00
1.000000000000000e+00
1.000000000000000e+00
###3.000000000000000e+00
2.451784400772372e-10
3.616285770779566e-10
4.533535215218666e-10
5.640160291999907e-10
7.001978523206663e-10
8.681309072651739e-10
1.073704786500016e-09
1.325805512194229e-09
1.635170582174971e-09
2.014936191743790e-09
2.481066570759701e-09
3.053484163009406e-09
3.756137546960973e-09
4.618703249765724e-09
5.677752047181061e-09
6.977339388353108e-09
8.572197461598400e-09
1.052937907910117e-08
1.293094941505961e-08
1.587688206703697e-08
1.949624180939204e-08
2.392382191925973e-08
2.935919187270872e-08
3.602597903074079e-08
4.419855749356675e-08
5.421659211222571e-08
6.649850260947843e-08
8.155049034933956e-08
9.999415623875618e-08
1.225926198052149e-07
1.502783872710022e-07
1.841875528760487e-07
2.257274918547420e-07
2.765764914504853e-07
3.388465996706187e-07
4.150640412737856e-07
5.083541942925294e-07
6.225175320017105e-07
7.622059676394228e-07
9.330612462169213e-07
1.142053881849821e-06
1.397630867847466e-06
1.710116853754871e-06
2.092093654227208e-06
2.558985413654521e-06
3.129506713601520e-06
3.826465725880326e-06
4.677896032479741e-06
5.717626054844550e-06
6.987044649544025e-06
8.536672499640959e-06
1.042779787342758e-05
1.273601265771230e-05
1.555125822616696e-05
1.898466068654956e-05
2.317096958112723e-05
2.827561629629321e-05
3.449480030435827e-05
4.207340055258321e-05
5.130601338282438e-05
6.254881218391840e-05
7.623853796939098e-05
9.289750725895086e-05
1.131699627467583e-04
1.378297559645309e-04
1.678192367237176e-04
2.042733017274263e-04
2.485878656138980e-04
3.024270011849642e-04
3.677852713790939e-04
4.471458709291004e-04
5.434923400425263e-04
6.603883381495012e-04
8.020378088315948e-04
9.738122537008148e-04
1.181843571442298e-03
1.433798949891391e-03
1.738648906047098e-03
2.107536334499346e-03
2.553524956300087e-03
3.092082677243172e-03
3.742139351358414e-03
4.526695917082149e-03
5.471623182091553e-03
6.609511868618519e-03
7.978851625891613e-03
9.624866816953086e-03
1.159927352530607e-02
1.396675839452435e-02
1.680170908713710e-02
2.019056186717172e-02
2.423705012963907e-02
2.905483674951596e-02
3.478353638539568e-02
4.158218494383436e-02
4.962742774268168e-02
5.912617455238427e-02
7.030690395459166e-02
8.342456957026173e-02
9.876089305512160e-02
1.166077292438172e-01
1.372908975565577e-01
1.611276342921438e-01
1.884394487403763e-01
2.195323675537837e-01
2.546474638180753e-01
2.939529290526046e-01
3.375094519128183e-01
3.852091957145831e-01
4.367669491374110e-01
4.916236593173395e-01
5.489642704817740e-01
6.076849591776515e-01
6.664137988671083e-01
7.235938452804356e-01
7.775886801914388e-01
8.268442202716119e-01
8.700796849538079e-01
9.064532723408502e-01
9.356625670537696e-01
9.579613460228922e-01
9.740707839679589e-01
9.850234825685631e-01
9.919833071710670e-01
9.960681519036182e-01
9.982419396555132e-01
9.992898621152050e-01
9.997439467544604e-01
9.999186549822787e-01
9.999775567555800e-01
9.999947046809827e-01
9.999989503866359e-01
9.999998287300720e-01
9.999999775140866e-01
9.999999976821218e-01
9.999999998177177e-01
9.999999999893280e-01
9.999999999995628e-01
9.999999999999847e-01
1.000000000000000e+00
9.999999999999999e-01
1.000000000000000e+00
1.000000000000000e+00
1.000000000000000e+00
1.000000000000000e+00
1.000000000000000e+00
1.000000000000000e+00
1.000000000000000e+00
1.000000000000000e+00
1.000000000000000e+00
###3.200000000000001e+00
2.757397774621282e-10
3.988187886890948e-10
5.001240761631853e-10
6.223019242254655e-10
7.726530103863688e-10
9.580323828448655e-10
1.184916645803847e-09
1.463106646982387e-09
1.804448064566527e-09
2.223401404922779e-09
2.737519693795726e-09
3.368767366635727e-09
4.143516181577149e-09
5.094421281579931e-09
6.261753055038228e-09
7.693934836486876e-09
9.451201364177524e-09
1.160730473311650e-08
1.425247687882260e-08
1.749660471138468e-08
2.148181120961867e-08
2.635550100741537e-08
3.233744144495824e-08
3.967347836143767e-08
4.866418221837397e-08
5.968295900560313e-08
7.318891566652263e-08
8.973741674159334e-08
1.100103841474607e-07
1.348445194732066e-07
1.652623964848123e-07
2.025091918122215e-07
2.481267466773384e-07
3.039538195534336e-07
3.723029139027444e-07
4.559399422811564e-07
5.582851788408213e-07
6.834952390979775e-07
8.366634193491726e-07
1.023953792692329e-06
1.252977945568984e-06
1.532975014091344e-06
1.875217801295123e-06
2.293444949683063e-06
2.804505691432258e-06
3.428772253520554e-06
4.191122645538883e-06
5.122158958080225e-06
6.258693235559500e-06
7.645884400827331e-06
9.338570281639975e-06
1.140354402564719e-05
1.392291810767462e-05
1.699456191958539e-05
2.073928205900763e-05
2.530294835956116e-05
3.086537246068114e-05
3.763927193967170e-05
4.589011723295664e-05
5.593714063320316e-05
6.816522051508167e-05
8.304611788193564e-05
1.011452085028778e-04
1.231587339168262e-04
1.499198746365270e-04
1.824455173352010e-04
2.219570321373713e-04
2.699573904128529e-04
3.282344455387692e-04
3.989287516207629e-04
4.847045240004672e-04
5.887569473540838e-04
7.149049578079061e-04
8.676305718900817e-04
1.052668336588260e-03
1.276575561766182e-03
1.547472393407236e-03
1.874940052683113e-03
2.270739498394067e-03
2.748759079571711e-03
3.325328319690248e-03
4.020415852215694e-03
4.858237121202701e-03
5.866150894982748e-03
7.078132708648238e-03
8.534572422042825e-03
1.028266343019018e-02
1.237630755384231e-02
1.488267370712961e-02
1.787887173907800e-02
2.145416182539866e-02
2.571541725829916e-02
3.077907205203093e-02
3.678798802972504e-02
4.390417385130477e-02
5.230660028527910e-02
6.220418208092578e-02
7.382623715899585e-02
8.742721558171186e-02
1.032866433498907e-01
1.216909881846918e-01
1.429587806742107e-01
1.673949328217130e-01
1.953061908290032e-01
2.269771958924667e-01
2.626238394587964e-01
3.023843321230911e-01
3.462866050463164e-01
3.941870157368413e-01
4.457694940074656e-01
5.004467504941994e-01
5.573898909940769e-01
6.154960403614064e-01
6.734159141215692e-01
7.296372962909752e-01
7.825889349470496e-01
8.307928637488501e-01
8.730451012160744e-01
9.085649528071644e-01
9.370855819082293e-01
9.588677452179943e-01
9.746159837133697e-01
9.853326438163204e-01
9.921478653280263e-01
9.961426058011280e-01
9.982703316491920e-01
9.992988863526220e-01
9.997461234875065e-01
9.999189342759733e-01
9.999774976604602e-01
9.999946526468537e-01
9.999989311344842e-01
9.999998238717936e-01
9.999999766109582e-01
9.999999975572132e-01
9.999999998049338e-01
9.999999999883894e-01
9.999999999995121e-01
9.999999999999833e-01
1.000000000000000e+00
9.999999999999999e-01
1.000000000000000e+00
1.000000000000000e+00
1.000000000000000e+00
1.000000000000000e+00
1.000000000000000e+00
1.000000000000000e+00
1.000000000000000e+00
1.000000000000000e+00
1.000000000000000e+00
###3.400000000000001e+00
3.090048079972664e-10
4.394441928343125e-10
5.512087645272531e-10
6.859563403236937e-10
8.517732087283980e-10
1.056190781842382e-09
1.306325362957641e-09
1.612973679161538e-09
1.989187496367415e-09
2.450869690067531e-09
3.017299592373132e-09
3.712660192931153e-09
4.565962162555731e-09
5.613096300225991e-09
6.898353988195231e-09
8.474900626005903e-09
1.040894717887342e-08
1.278151824764893e-08
1.569170871717609e-08
1.926015867202692e-08
2.364316689110181e-08
2.900177597819002e-08
3.557767898826823e-08
4.364077171369150e-08
5.352001877154066e-08
6.562533443882339e-08
8.045987181774382e-08
9.863218025855553e-08
1.208894093918670e-07
1.481478166685184e-07
1.815272897215336e-07
2.223908337125230e-07
2.724255000898616e-07
3.336431663715613e-07
4.085726678134025e-07
5.002382997883715e-07
6.123782029269573e-07
7.495327172553626e-07
9.172662689051217e-07
1.122313942861272e-06
1.372974683611270e-06
1.679333540602035e-06
2.053685441121078e-06
2.511011453031343e-06
3.069683254774710e-06
3.751853006130577e-06
4.584656338727238e-06
5.601388480995940e-06
6.842095513920922e-06
8.355899457201534e-06
1.020247202521317e-05
1.245422112674059e-05
1.520028771227959e-05
1.854707338335942e-05
2.262556704277683e-05
2.759392771875692e-05
3.364678212031615e-05
4.101459234441262e-05
4.998466448115855e-05
6.090244830647402e-05
7.418332025874729e-05
9.033622920608864e-05
1.099720019782118e-04
1.338419260403790e-04
1.628419834781273e-04
1.980679858163850e-04
2.408316974019627e-04
2.927496328387994e-04
3.557397886755336e-04
4.320960697345506e-04
5.246727704692110e-04
6.368873377946188e-04
7.728220955393342e-04
9.372592301166406e-04
1.136304104322592e-03
1.376958113340729e-03
1.667816550185903e-03
2.019090514265832e-03
2.443187124224557e-03
2.954844381677045e-03
3.571283226196713e-03
4.313543870079761e-03
5.207095177731321e-03
6.280807648198139e-03
7.570093374048968e-03
9.117271643733405e-03
1.097139738157473e-02
1.318906705339364e-02
1.583940815907383e-02
1.900252909037306e-02
2.277048235265112e-02
2.725327491979508e-02
3.257007447689673e-02
3.886693796472675e-02
4.630876163282781e-02
5.507671478617891e-02
6.538155831066988e-02
7.745324574867475e-02
9.154548421968423e-02
1.079353098761772e-01
1.269035701879795e-01
1.487611840224457e-01
1.738005805314229e-01
2.023134205988862e-01
2.345631241205411e-01
2.707405757355306e-01
3.109544967407870e-01
3.552007771509512e-01
4.033012729275176e-01
4.549100089570881e-01
5.094131040300993e-01
5.659685036173524e-01
6.234746020309132e-01
6.806037477631020e-01
7.358860652777232e-01
7.878116303115379e-01
8.349739439592132e-01
8.762417521053523e-01
9.108932671119383e-01
9.386981487040842e-01
9.599278821727925e-01
9.752764474671040e-01
9.857210482933909e-01
9.923621259821485e-01
9.962460659443552e-01
9.983141675402190e-01
9.993152712157559e-01
9.997514089706715e-01
9.999203622532725e-01
9.999778049121343e-01
9.999946998762341e-01
9.999989343455052e-01
9.999998231712408e-01
9.999999763227585e-01
9.999999975031206e-01
9.999999997983238e-01
9.999999999878451e-01
9.999999999994794e-01
9.999999999999826e-01
1.000000000000000e+00
9.999999999999999e-01
1.000000000000000e+00
1.000000000000000e+00
1.000000000000000e+00
1.000000000000000e+00
1.000000000000000e+00
1.000000000000000e+00
1.000000000000000e+00
1.000000000000000e+00
1.000000000000000e+00
###3.600000000000001e+00
3.451867390595931e-10
4.837761810958442e-10
6.069487689209065e-10
7.554035877529899e-10
9.380846957091011e-10
1.163257249490505e-09
1.438733522684695e-09
1.776393500191920e-09
2.190600177170522e-09
2.698825646296704e-09
3.322223298777278e-09
4.087384224280403e-09
5.026189817028239e-09
6.178042018171223e-09
7.591598167467999e-09
9.325166854986718e-09
1.145144307451031e-08
1.405933822895308e-08
1.725755585339352e-08
2.117837937807232e-08
2.599350862035761e-08
3.187869073671017e-08
3.909940562848050e-08
4.795155696756917e-08
5.879485022142608e-08
7.207866573523387e-08
8.835378920838333e-08
1.082862473857000e-07
1.326936482133278e-07
1.625781867957874e-07
1.991647818181237e-07
2.439435800447239e-07
2.987582939844773e-07
3.658073852021414e-07
4.478528970332547e-07
5.481974028132514e-07
6.709213217541385e-07
8.209791206738024e-07
1.004438673118156e-06
1.228649406637029e-06
1.502656249813406e-06
1.837444669115327e-06
2.246409484427095e-06
2.745864759770601e-06
3.355790101893258e-06
4.100320088693200e-06
5.008933384205346e-06
6.117833609928611e-06
7.470526496900706e-06
9.120361914420603e-06
1.113219442926983e-05
1.358441649735353e-05
1.657368475655314e-05
2.021547098734931e-05
2.465159705601955e-05
3.005351963158047e-05
3.663132525352092e-05
4.463445498055123e-05
5.437320649780473e-05
6.622066167859856e-05
8.062589021045535e-05
9.813591583385815e-05
1.194099580669471e-04
1.452575290561467e-04
1.766410285445541e-04
2.147407886171509e-04
2.609599307890079e-04
3.170381470691026e-04
3.850297834839833e-04
4.673890743334685e-04
5.671699843521888e-04
6.880231494620415e-04
8.343054176272324e-04
1.011113826770884e-03
1.224940539202090e-03
1.483247920596126e-03
1.795128170393991e-03
2.171442992650708e-03
2.625273631164346e-03
3.172233679213774e-03
3.830465555631394e-03
4.622114314585669e-03
5.573941222306790e-03
6.716354215464036e-03
8.086250439238421e-03
9.727911041278667e-03
1.169230670562673e-02
1.403871388606748e-02
1.683828289758501e-02
2.017413262423227e-02
2.414110824886016e-02
2.885234147181456e-02
3.442969263671651e-02
4.102235839051278e-02
4.879803318647486e-02
5.793995290949316e-02
6.866056043131409e-02
8.119023523244916e-02
9.578169518021666e-02
1.127091887362515e-01
1.322476932330794e-01
1.547001903308218e-01
1.803464398895443e-01
2.094627031723482e-01
2.422912877030394e-01
2.789982129753242e-01
3.196631409701553e-01
3.642505717485953e-01
4.125490238571834e-01
4.641835195706649e-01
5.185150529164678e-01
5.746890737661391e-01
6.316055615008460e-01
6.879576665956780e-01
7.423158261040920e-01
7.932284344822204e-01
8.393557874449665e-01
8.796367224322355e-01
9.134065742783750e-01
9.404716759551534e-01
9.611182407806622e-01
9.760341329709612e-01
9.861760895417289e-01
9.926180400104583e-01
9.963738641430674e-01
9.983710356400693e-01
9.993379125053299e-01
9.997593603828766e-01
9.999227859234969e-01
9.999784336216863e-01
9.999948355090786e-01
9.999989579077256e-01
9.999998263144869e-01
9.999999766168889e-01
9.999999975180072e-01
9.999999997979316e-01
9.999999999877137e-01
9.999999999994664e-01
9.999999999999823e-01
9.999999999999999e-01
9.999999999999999e-01
1.000000000000000e+00
1.000000000000000e+00
1.000000000000000e+00
1.000000000000000e+00
1.000000000000000e+00
1.000000000000000e+00
1.000000000000000e+00
1.000000000000000e+00
1.000000000000000e+00
###3.800000000000001e+00
3.845152114109500e-10
5.321044711352173e-10
6.677083377686386e-10
8.310967031544627e-10
1.032149228462213e-09
1.279926732100495e-09
1.582997625827572e-09
1.954419037047188e-09
2.409978286694882e-09
2.968852705868562e-09
3.654228350196893e-09
4.495308087770171e-09
5.527092192371593e-09
6.792789426057819e-09
8.345793000689003e-09
1.024998422175382e-08
1.258508620664989e-08
1.544855496650597e-08
1.895950085258074e-08
2.326281470675822e-08
2.854687262066228e-08
3.500330319292902e-08
4.292334844869551e-08
5.263101410051561e-08
6.451925005611522e-08
7.908006210120040e-08
9.691569520209413e-08
1.187542322126347e-07
1.454893185402927e-07
1.782158785973468e-07
2.182720933403580e-07
2.672851661949062e-07
3.272676632915296e-07
4.006189200082937e-07
4.903528206037396e-07
6.000693995568627e-07
7.342192407780988e-07
8.982016205861640e-07
1.098629693398972e-06
1.343498866934313e-06
1.642669158262144e-06
2.008087695888840e-06
2.454328802770292e-06
2.999135270218222e-06
3.664220467221706e-06
4.475809450073100e-06
5.465920037269694e-06
6.673856096465322e-06
8.146821019711013e-06
9.942681108833629e-06
1.213175729559541e-05
1.479899737529237e-05
1.804895195610169e-05
2.200674198958851e-05
2.682575009083878e-05
3.269154486769023e-05
3.983070621839855e-05
4.851279455288914e-05
5.907281648818803e-05
7.191222287837497e-05
8.751619729103009e-05
1.064739939298548e-04
1.294925788899391e-04
1.574452022771205e-04
1.913638963845014e-04
2.325178123717968e-04
2.824087303879590e-04
3.428992615738599e-04
4.161944694212591e-04
5.049136913317708e-04
6.123198657049418e-04
7.423094412914007e-04
8.995247956538696e-04
1.089391499470997e-03
1.318806669073854e-03
1.595710567209641e-03
1.929714312792682e-03
2.332351783674554e-03
2.817406447053824e-03
3.401393142006030e-03
4.103406431893638e-03
4.946735934072168e-03
5.959466047803414e-03
7.173572526865154e-03
8.627484191379988e-03
1.036747820229269e-02
1.244651165376213e-02
1.492646402206542e-02
1.788064725271782e-02
2.139516252876817e-02
2.556765234113464e-02
3.051436174615363e-02
3.635979877159154e-02
4.325624066052305e-02
5.137408601457465e-02
6.089849981338199e-02
7.204343684230398e-02
8.503948618995077e-02
1.001381225384761e-01
1.176105037583490e-01
1.377254708349501e-01
1.607777379908733e-01
1.870341835721197e-01
2.167553584783168e-01
2.501625173723094e-01
2.873969243910116e-01
3.285095571416869e-01
3.734341183190936e-01
4.219268343528259e-01
4.735845824531323e-01
5.277445569986358e-01
5.835403750735457e-01
6.398739334883790e-01
6.954585315401642e-01
7.489032265486163e-01
7.988118501663172e-01
8.439086526549348e-01
8.831993259680007e-01
9.160750062594870e-01
9.423798384926025e-01
9.624168461057437e-01
9.768722072388303e-01
9.866859257619977e-01
9.929079242276028e-01
9.965215043874018e-01
9.984385641067907e-01
9.993656957417282e-01
9.997695147612822e-01
9.999260382247381e-01
9.999793322125555e-01
9.999950461106333e-01
9.999989989403160e-01
9.999998328043029e-01
9.999999774265568e-01
9.999999975951760e-01
9.999999998032850e-01
9.999999999879745e-01
9.999999999994729e-01
9.999999999999828e-01
9.999999999999999e-01
9.999999999999999e-01
1.000000000000000e+00
1.000000000000000e+00
1.000000000000000e+00
1.000000000000000e+00
1.000000000000000e+00
1.000000000000000e+00
1.000000000000000e+00
1.000000000000000e+00
1.000000000000000e+00
###4.000000000000001e+00
4.272359284506356e-10
5.847381636995413e-10
7.338761137624081e-10
9.135189215479277e-10
1.134566089015815e-09
1.406940576121613e-09
1.740031135766415e-09
2.148173123395930e-09
2.648699499632058e-09
3.262638731052300e-09
4.015379653760541e-09
4.938956027934156e-09
6.071751057207559e-09
7.461099066657919e-09
9.165524584270874e-09
1.125494186429172e-08
1.381668411487612e-08
1.695745613419031e-08
2.080762888047660e-08
2.552573123965213e-08
3.131817745795084e-08
3.839373921036726e-08
4.707152719219197e-08
5.770588309693508e-08
7.072567569128081e-08
8.666890671735841e-08
1.061933609056805e-07
1.300940576711190e-07
1.593466245465691e-07
1.951459460307027e-07
2.389522312238793e-07
2.925402877897095e-07
3.581045004897060e-07
4.382603030746811e-07
5.362957209668081e-07
6.561209860527687e-07
8.025940783414234e-07
9.815889365345341e-07
1.200304985748005e-06
1.467428410727941e-06
1.793695820222073e-06
2.192084838518087e-06
2.678433535425653e-06
3.272014713568041e-06
3.996399905411751e-06
4.880044257422936e-06
5.957686261801304e-06
7.271941095775370e-06
8.873960570654200e-06
1.082643123083288e-05
1.320549199332681e-05
1.610303600121131e-05
1.963222168063393e-05
2.392821703524264e-05
2.915678078466491e-05
3.551841424893147e-05
4.325733352509116e-05
5.266438638520990e-05
6.410084811120561e-05
7.799819413963604e-05
9.487963746873226e-05
1.153795050856023e-04
1.402548486423180e-04
1.704464014609053e-04
2.070597107004262e-04
2.514567695724778e-04
3.052445201004508e-04
3.704147368575995e-04
4.493269083179812e-04
5.447785841999230e-04
6.602499216373424e-04
7.998967701248359e-04
9.686558179083358e-04
1.172296585613505e-03
1.418139713586441e-03
1.714620912105625e-03
2.071892511805436e-03
2.502182941564412e-03
3.020003765219988e-03
3.642805719557357e-03
4.390644493464086e-03
5.288060087192490e-03
6.364389959074686e-03
7.653265711122273e-03
9.194697967368656e-03
1.103698497236325e-02
1.323511170595073e-02
1.585356757725161e-02
1.896787786348347e-02
2.266712628509250e-02
2.705175393356855e-02
3.224110512638661e-02
3.836228639779836e-02
4.557059238957975e-02
5.403902668889204e-02
6.395453987881969e-02
7.553242205676024e-02
8.900324831176409e-02
1.046169878745897e-01
1.226413988837330e-01
1.433389037345541e-01
1.669956126392053e-01
1.938652859610005e-01
2.241924539919811e-01
2.581773337424069e-01
2.959365138428315e-01
3.374926137584849e-01
3.827490796807091e-01
4.314307916193926e-01
4.831073021272284e-01
5.370932200946049e-01
5.925110015779905e-01
6.482648285013830e-01
7.030876718778514e-01
7.556258298572727e-01
8.045361956668028e-01
8.486045996824073e-01
8.869009521920393e-01
9.188711301635493e-01
9.443978850939674e-01
9.638033251290332e-01
9.777750476773631e-01
9.872395286295504e-01
9.932246073452650e-01
9.966847353619918e-01
9.985144762800192e-01
9.993975315356525e-01
9.997814105395089e-01
9.999299479571589e-01
9.999804460133171e-01
9.999953168665918e-01
9.999990540992061e-01
9.999998420263932e-01
9.999999786618626e-01
9.999999977244558e-01
9.999999998135211e-01
9.999999999885750e-01
9.999999999994964e-01
9.999999999999838e-01
9.999999999999998e-01
9.999999999999999e-01
1.000000000000000e+00
1.000000000000000e+00
1.000000000000000e+00
1.000000000000000e+00
1.000000000000000e+00
1.000000000000000e+00
1.000000000000000e+00
1.000000000000000e+00
1.000000000000000e+00
###4.200000000000001e+00
4.736107355316102e-10
6.420068878086636e-10
8.058665164054853e-10
1.003185266885780e-09
1.245974213552179e-09
1.545088961396833e-09
1.910807723297382e-09
2.358852384255877e-09
2.908231762302206e-09
3.581981830926303e-09
4.407876527121411e-09
5.421014927298995e-09
6.663447274079547e-09
8.186973362204624e-09
1.005567287991196e-08
1.234598526229734e-08
1.515347663484464e-08
1.859485338817510e-08
2.281265972586215e-08
2.798016371890820e-08
3.432327313251897e-08
4.206924838466730e-08
5.156732506411726e-08
6.320454428748209e-08
7.744856476596602e-08
9.488697433169571e-08
1.162374390226988e-07
1.423671203027605e-07
1.743399536284877e-07
2.134584819595830e-07
2.613142669029071e-07
3.198409359851193e-07
3.914284712383316e-07
4.789245946043334e-07
5.859118181047486e-07
7.166340291005863e-07
8.763861700414454e-07
1.071551803477318e-06
1.309959114725541e-06
1.601035397878163e-06
1.956456104035297e-06
2.390303107364961e-06
2.919767325821965e-06
3.565758639572595e-06
4.353836041135472e-06
5.314838426961481e-06
6.486410215296682e-06
7.914702499225272e-06
9.655079747090509e-06
1.177536865110185e-05
1.435790814945949e-05
1.750198927199984e-05
2.132992898002954e-05
2.598758380621835e-05
3.165386395759792e-05
3.854493454362037e-05
4.692407286094864e-05
5.710453514312246e-05
6.947568474395175e-05
8.450050059974981e-05
1.027423433698978e-04
1.248831803594832e-04
1.517332775034314e-04
1.843045706722344e-04
2.237802773595439e-04
2.716160193824812e-04
3.295372247160945e-04
3.996640360108239e-04
4.845259159273120e-04
5.870994241933615e-04
7.110958826597276e-04
8.609413914794120e-04
1.041880579081631e-03
1.260040837763682e-03
1.523185322024830e-03
1.840263349249970e-03
2.221991063287123e-03
2.681314532951169e-03
3.233491040273971e-03
3.896968638020222e-03
4.692763047044110e-03
5.646711540500670e-03
6.789480793668865e-03
8.156259505857237e-03
9.788818758128750e-03
1.173746806828828e-02
1.405925943564047e-02
1.682130133781769e-02
2.010137863279919e-02
2.399155832544457e-02
2.859507811167201e-02
3.403436444151935e-02
4.043906870363611e-02
4.796743527179596e-02
5.679496800947176e-02
6.711025312010363e-02
7.912973232422739e-02
9.308373514887344e-02
1.092204543274025e-01
1.278039316686709e-01
1.490898737578845e-01
1.733555957192426e-01
2.008410179074529e-01
2.317747994329568e-01
2.663359437895573e-01
3.046164151968746e-01
3.466107588947132e-01
3.921926606894381e-01
4.410565176574088e-01
4.927453491842026e-01
5.465523088707436e-01
6.015893828142328e-01
6.567634568703885e-01
7.108269865233827e-01
7.624620715948200e-01
8.103770916853777e-01
8.534173840772432e-01
8.907149404692506e-01
9.217695242210047e-01
9.465031223827013e-01
9.652589230817391e-01
9.787282397611089e-01
9.878266434619616e-01
9.935614587754567e-01
9.968596028006782e-01
9.985966341186175e-01
9.994323835277120e-01
9.997946028194376e-01
9.999343481585473e-01
9.999817204678153e-01
9.999956326649004e-01
9.999991198699523e-01
9.999998533116716e-01
9.999999802207356e-01
9.999999978936641e-01
9.999999998275423e-01
9.999999999894404e-01
9.999999999995338e-01
9.999999999999851e-01
9.999999999999998e-01
9.999999999999999e-01
1.000000000000000e+00
1.000000000000000e+00
1.000000000000000e+00
1.000000000000000e+00
1.000000000000000e+00
1.000000000000000e+00
1.000000000000000e+00
1.000000000000000e+00
1.000000000000000e+00
###4.400000000000001e+00
5.239187162067311e-10
7.042619256439050e-10
8.841212174905608e-10
1.100645526231867e-09
1.367054444732033e-09
1.695213839019695e-09
2.096364650897901e-09
2.587731407658146e-09
3.190138363136959e-09
3.928796531271144e-09
4.834060175206550e-09
5.944344532455267e-09
7.305628855324595e-09
8.974669967963503e-09
1.102142782476963e-08
1.352943604137978e-08
1.660315957856424e-08
2.037011082032177e-08
2.498598210097256e-08
3.063995635519005e-08
3.757898988656493e-08
4.605026381090857e-08
5.643553969925389e-08
6.915710465338465e-08
8.472443883188444e-08
1.037785603749998e-07
1.271016131896924e-07
1.556384691477781e-07
1.905480926487284e-07
2.332488748942684e-07
2.854736436728070e-07
3.493267644988661e-07
4.274084507666169e-07
5.228159052276535e-07
6.394477550707699e-07
7.819063148590978e-07
9.559549659607383e-07
1.168523856649418e-06
1.428114990889917e-06
1.744950016395629e-06
2.131709116466819e-06
2.603656402802458e-06
3.179429814805438e-06
3.881689415409665e-06
4.738118172774516e-06
5.782100787199907e-06
7.054383024572676e-06
8.604888563965358e-06
1.049347280599122e-05
1.279343923378866e-05
1.559370734083529e-05
1.900150571834781e-05
2.314882450178017e-05
2.819290279477915e-05
3.432661536566359e-05
4.178275373667605e-05
5.084480698555769e-05
6.184977097656178e-05
7.521635717948500e-05
9.144205198635909e-05
1.111314860435093e-04
1.350165153274676e-04
1.639660886470401e-04
1.990640034993511e-04
2.415775203455918e-04
2.930596857132204e-04
3.553587802273636e-04
4.307366457446122e-04
5.218929707481808e-04
6.319953560077805e-04
7.649966779641669e-04
9.256065734680304e-04
1.119387852700341e-03
1.352843603372009e-03
1.634197759782852e-03
1.972932008013228e-03
2.380349229815901e-03
2.870136965042844e-03
3.458328458057845e-03
4.164394175392734e-03
5.010346013318471e-03
6.023349064345493e-03
7.235440708171319e-03
8.683400606269438e-03
1.041079641236575e-02
1.246998846055301e-02
1.492013292185328e-02
1.783096817546958e-02
2.128260042750741e-02
2.537001885414635e-02
3.019931422630526e-02
3.589595403984226e-02
4.259207612729500e-02
5.044880207696293e-02
5.964402533289592e-02
7.036781074772022e-02
8.283756036288926e-02
9.728311802274243e-02
1.139506195433774e-01
1.331000654549292e-01
1.549801347823570e-01
1.798590007293464e-01
2.079624371871831e-01
2.395029395494311e-01
2.746382357438819e-01
3.134356905253821e-01
3.558620226331424e-01
4.017616160112323e-01
4.507991819214957e-01
5.024917140539087e-01
5.561129878303191e-01
6.107637989212163e-01
6.653551324626541e-01
7.186585702448796e-01
7.693912164272160e-01
8.163113902486830e-01
8.583223564745897e-01
8.946164652171336e-01
9.247466701428497e-01
9.486746962860293e-01
9.667664911583966e-01
9.797185771303654e-01
9.884379292835094e-01
9.939124184928775e-01
9.970424895152740e-01
9.986830731416521e-01
9.994692939643082e-01
9.998086764431573e-01
9.999390802063000e-01
9.999831035701388e-01
9.999959788844608e-01
9.999991928115906e-01
9.999998659913388e-01
9.999999819988777e-01
9.999999980900159e-01
9.999999998441521e-01
9.999999999904883e-01
9.999999999995810e-01
9.999999999999867e-01
9.999999999999998e-01
9.999999999999999e-01
1.000000000000000e+00
1.000000000000000e+00
1.000000000000000e+00
1.000000000000000e+00
1.000000000000000e+00
1.000000000000000e+00
1.000000000000000e+00
1.000000000000000e+00
1.000000000000000e+00
###4.600000000000001e+00
5.784570552056808e-10
7.718774804645969e-10
9.691107089009227e-10
1.206484224373337e-09
1.498531923662694e-09
1.858211860310463e-09
2.297806413305625e-09
2.836167174410434e-09
3.496083354032277e-09
4.305120342151322e-09
5.296421689020961e-09
6.511986635088871e-09
8.002040537911094e-09
9.828715978683637e-09
1.206830654626572e-08
1.481201251537206e-08
1.817390983414443e-08
2.229317524600223e-08
2.733969016623979e-08
3.351980684456335e-08
4.110318975409101e-08
5.035846583500204e-08
6.170248326244770e-08
7.559548993907037e-08
9.259201391781696e-08
1.133905867567650e-07
1.388427572261999e-07
1.699769968678804e-07
2.080544568641393e-07
2.546180833183390e-07
3.115524991833935e-07
3.811454806825324e-07
4.662229960689339e-07
5.701499704862374e-07
6.971640768211462e-07
8.522523625123201e-07
1.041679936975843e-06
1.272962757992573e-06
1.555324296040641e-06
1.899836860482580e-06
2.320255109432515e-06
2.833107780284557e-06
3.458579325569021e-06
4.221199409999390e-06
5.150919012431787e-06
6.283835035838709e-06
7.664014053798937e-06
9.345388164606870e-06
1.139260104840297e-05
1.388478706298493e-05
1.691786454670369e-05
2.060751232673521e-05
2.509598856729178e-05
3.055262435469651e-05
3.718511183406382e-05
4.524387696236139e-05
5.503382533645321e-05
6.691708349436016e-05
8.134342082909170e-05
9.884679652423156e-05
1.200754489718470e-04
1.458137432184731e-04
1.769935481564063e-04
2.147728118113723e-04
2.605054060439846e-04
3.158533041355168e-04
3.827882132913778e-04
4.637236667294116e-04
5.615336201556915e-04
6.795898752807248e-04
8.220965979400404e-04
9.940647428791265e-04
1.201373402638784e-03
1.450932105012356e-03
1.751440204210575e-03
2.112931063160968e-03
2.547317568872849e-03
3.069053317388934e-03
3.694977830174932e-03
4.445610239614361e-03
5.343994435876473e-03
6.418654947038531e-03
7.703040965539336e-03
9.235557285385174e-03
1.106160414537010e-02
1.323563188002549e-02
1.581893626761318e-02
1.888389834740113e-02
2.251307697523261e-02
2.680409537799062e-02
3.186617585988451e-02
3.782770915672280e-02
4.482325500510841e-02
5.301673453854877e-02
6.258831362459726e-02
7.372937131059662e-02
8.665807047396087e-02
1.016035200409375e-01
1.188095084747548e-01
1.385316609501761e-01
1.610113015883641e-01
1.865070764632113e-01
2.152303751376664e-01
2.473771443618865e-01
2.830837715436740e-01
3.223930257010910e-01
3.652440158746576e-01
4.114522529256211e-01
4.606534965361018e-01
5.123383966382953e-01
5.657665909483655e-01
6.200224109469704e-01
6.740252776371098e-01
7.265650454654392e-01
7.763933205821664e-01
8.223171128520868e-01
8.632963745497954e-01
8.985824331018269e-01
9.277808522194408e-01
9.508934615038870e-01
9.683100838627925e-01
9.807340295143172e-01
9.890649095450059e-01
9.942720113631042e-01
9.972301372589999e-01
9.987720183664733e-01
9.995073949018534e-01
9.998232546520435e-01
9.999440003172358e-01
9.999845476988962e-01
9.999963420568859e-01
9.999992697229365e-01
9.999998794393750e-01
9.999999838974315e-01
9.999999983012785e-01
9.999999998621837e-01
9.999999999916370e-01
9.999999999996334e-01
9.999999999999885e-01
9.999999999999998e-01
9.999999999999999e-01
1.000000000000000e+00
1.000000000000000e+00
1.000000000000000e+00
1.000000000000000e+00
1.000000000000000e+00
1.000000000000000e+00
1.000000000000000e+00
1.000000000000000e+00
1.000000000000000e+00
###4.800000000000002e+00
6.375420406860922e-10
8.452519664980368e-10
1.061337549524070e-09
1.321324331949495e-09
1.641178582418014e-09
2.035037412698568e-09
2.516308485437239e-09
3.105603628508224e-09
3.827837152275817e-09
4.713120583122430e-09
5.797610402533906e-09
7.127176992708922e-09
8.756637170150141e-09
1.075392288347479e-08
1.320217117855162e-08
1.620085165745713e-08
1.987441102651859e-08
2.437460708558629e-08
2.988662061608945e-08
3.663531091561980e-08
4.491482058512567e-08
5.501684631336493e-08
6.739605153306179e-08
8.255353706480322e-08
1.010923112140141e-07
1.237727653306338e-07
1.515210936726843e-07
1.854556293135814e-07
2.269473166133433e-07
2.776729064866105e-07
3.396800031004570e-07
4.154532325570088e-07
5.080608036433933e-07
6.211546591240725e-07
7.593359473411283e-07
9.280041947566512e-07
1.133961549560424e-06
1.385351282854439e-06
1.692168763915842e-06
2.066397177979314e-06
2.522937261271413e-06
3.079671581206040e-06
3.758435379810052e-06
4.585753984965791e-06
5.594007597551099e-06
6.822156400824696e-06
8.317835727852358e-06
1.013923642641691e-05
1.235609940954337e-05
1.505376227927650e-05
1.833558605877783e-05
2.232622506557530e-05
2.717884298406797e-05
3.307560221121370e-05
4.023990592304039e-05
4.894086996800324e-05
5.950607713668200e-05
7.232423890562129e-05
8.787796891004023e-05
1.067397507723138e-04
1.296038677387917e-04
1.573100728654660e-04
1.908554832692316e-04
2.314789673801272e-04
2.806228282570962e-04
3.400647106268104e-04
4.119052635748332e-04
4.987172696065985e-04
6.035574859526023e-04
7.300111596827921e-04
8.825452430102730e-04
1.066477268063590e-03
1.288039894687885e-03
1.554540744209722e-03
1.875184819308100e-03
2.260574835915840e-03
2.723258040956938e-03
3.278479409471746e-03
3.943915157343913e-03
4.741160407776940e-03
5.694326589339580e-03
6.833330193665235e-03
8.193057621230754e-03
9.813619528140194e-03
1.174223830195485e-02
1.403550823934618e-02
1.675690642051580e-02
1.998144664879234e-02
2.379418658066744e-02
2.829539799908795e-02
3.359739779622225e-02
3.983148267638618e-02
4.713456412566704e-02
5.567327949485781e-02
6.562994307278115e-02
7.719707570503004e-02
9.059339291955136e-02
1.060470098665280e-01
1.237990667037821e-01
1.441004694056615e-01
1.671848445348503e-01
1.933009195199453e-01
2.226454340189579e-01
2.553974059976225e-01
2.916717860963555e-01
3.314867334291843e-01
3.747539396835569e-01
4.212604482723483e-01
4.706137624889493e-01
5.222792544133219e-01
5.755023465513269e-01
6.293532511428667e-01
6.827594367663645e-01
7.345294822379328e-01
7.834492109740716e-01
8.283734028369339e-01
8.683177310292735e-01
9.025913957954735e-01
9.308520686796213e-01
9.531419055178966e-01
9.698753879289534e-01
9.817637189758192e-01
9.896999649337002e-01
9.946353508048380e-01
9.974196301929743e-01
9.988618964892961e-01
9.995459145872714e-01
9.998380045126076e-01
9.999489815935861e-01
9.999860108419329e-01
9.999967103013190e-01
9.999993477783230e-01
9.999998931018783e-01
9.999999858288157e-01
9.999999985165670e-01
9.999999998805943e-01
9.999999999928140e-01
9.999999999996871e-01
9.999999999999903e-01
9.999999999999998e-01
1.000000000000000e+00
1.000000000000000e+00
1.000000000000000e+00
1.000000000000000e+00
1.000000000000000e+00
1.000000000000000e+00
1.000000000000000e+00
1.000000000000000e+00
1.000000000000000e+00
1.000000000000000e+00
###5.000000000000002e+00
7.015102559527180e-10
9.248093626218461e-10
1.161333604753212e-09
1.445828565269376e-09
1.795815751444519e-09
2.226705978178441e-09
2.753121214492107e-09
3.397576457618775e-09
4.187279510542506e-09
5.155101522990066e-09
6.340442356284140e-09
7.793353445366151e-09
9.573611816256406e-09
1.175540148831858e-08
1.442923900678306e-08
1.770353052863711e-08
2.171388009606588e-08
2.662561237083521e-08
3.264039129625505e-08
4.000300880988390e-08
4.903397333798333e-08
6.004977576256524e-08
7.354580434182785e-08
9.006709075361279e-08
1.102687729090560e-07
1.349777256796892e-07
1.652003598183874e-07
2.021515240411187e-07
2.473200336395903e-07
3.025262676373640e-07
3.699926974502268e-07
4.524150120564939e-07
5.531211945182684e-07
6.760704796348376e-07
8.262538168288539e-07
1.009512148058273e-06
1.233222213926573e-06
1.506198466727674e-06
1.839261558982989e-06
2.245371907921880e-06
2.740643660525683e-06
3.344415677802854e-06
4.080281342883863e-06
4.976894602608178e-06
6.069226868927899e-06
7.399285257966312e-06
9.018508621584232e-06
1.098962060238505e-05
1.338778330695900e-05
1.630492894080763e-05
1.985232724444943e-05
2.416415950790587e-05
2.940516355929172e-05
3.577110772445169e-05
4.350204264513680e-05
5.288687823664716e-05
6.427719330868184e-05
7.808980354531287e-05
9.484203251364394e-05
1.151470286711898e-04
1.397476593381213e-04
1.695420590262019e-04
2.055958470072986e-04
2.492323767833672e-04
3.019900611556454e-04
3.657644810480243e-04
4.427928216196778e-04
5.358143145963761e-04
6.480783684103113e-04
7.833921861237130e-04
9.464976725347971e-04
1.143031055321437e-03
1.379598508868059e-03
1.663910032004017e-03
2.005713888306403e-03
2.416185337258361e-03
2.908544204965872e-03
3.498844007588214e-03
4.205630838078520e-03
5.051604133701398e-03
6.061978173612838e-03
7.268094727059617e-03
8.706319228159115e-03
1.041849915882472e-02
1.245371834803508e-02
1.487075171839277e-02
1.773531898303901e-02
2.112491011537201e-02
2.512743520601340e-02
2.984555843910330e-02
3.539473442452276e-02
4.190914313368900e-02
4.952797217979647e-02
5.842048571980237e-02
6.877101522193244e-02
8.077304254294532e-02
9.464561848249968e-02
1.106155954577637e-01
1.289211534400642e-01
1.498081250233262e-01
1.735020816715559e-01
2.002414334369480e-01
2.302079797815153e-01
2.635634327722855e-01
3.004011836185610e-01
3.407147528069073e-01
3.843885888230504e-01
4.311816569778936e-01
4.806738780368509e-01
5.323063535000441e-01
5.853104118681748e-01
6.387442504604726e-01
6.915432895366326e-01
7.425353726469884e-01
7.905404665370713e-01
8.344604847101520e-01
8.733660905598255e-01
9.066234722156857e-01
9.339419510091429e-01
9.554040785149682e-01
9.714494665283365e-01
9.827978892269063e-01
9.903363167913137e-01
9.949981368585574e-01
9.976084345049984e-01
9.989513402649770e-01
9.995841962095342e-01
9.998526399881236e-01
9.999539155745264e-01
9.999874572945564e-01
9.999970735765900e-01
9.999994246036759e-01
9.999999065161596e-01
9.999999877202774e-01
9.999999987268645e-01
9.999999998985294e-01
9.999999999939581e-01
9.999999999997391e-01
9.999999999999922e-01
9.999999999999998e-01
1.000000000000000e+00
1.000000000000000e+00
1.000000000000000e+00
1.000000000000000e+00
1.000000000000000e+00
1.000000000000000e+00
1.000000000000000e+00
1.000000000000000e+00
1.000000000000000e+00
1.000000000000000e+00
###5.200000000000002e+00
7.707196110625285e-10
1.011000592751415e-09
1.269665512261726e-09
1.580701689655806e-09
1.963316836663277e-09
2.434297108200265e-09
3.009573923061408e-09
3.713718066194151e-09
4.576398736097534e-09
5.633511655854389e-09
6.927909352289648e-09
8.514167653679151e-09
1.045741736699205e-08
1.283857803445909e-08
1.575612589931191e-08
1.932808999454244e-08
2.370209575081963e-08
2.905807709026711e-08
3.561544252777709e-08
4.364043499256383e-08
5.348193988956770e-08
6.548301978204352e-08
8.018305185561953e-08
9.817410709948825e-08
1.201673863974617e-07
1.470611639945675e-07
1.799479860407660e-07
2.201462838208592e-07
2.692713172542975e-07
3.292975193230059e-07
4.026348243403425e-07
4.922050882540339e-07
6.016146005878255e-07
7.351515999571736e-07
8.982241544615896e-07
1.097145749515392e-06
1.339907302642931e-06
1.636040837850403e-06
1.997248711764391e-06
2.437534955016298e-06
2.974309277124882e-06
3.628463910537040e-06
4.425467309773688e-06
5.396242166090858e-06
6.578519933771385e-06
8.017553670278263e-06
9.768827083006723e-06
1.189988682700202e-05
1.449165664457091e-05
1.764307449173847e-05
2.147380795191565e-05
2.612814400746526e-05
3.178309562910959e-05
3.864884837099232e-05
4.698308099776026e-05
5.709565236131964e-05
6.936351622322987e-05
8.423317921166162e-05
1.022586225416562e-04
1.240958919126725e-04
1.505390834890241e-04
1.825478298660033e-04
2.212598234095426e-04
2.680872773158676e-04
3.246695600213282e-04
3.930260413120676e-04
4.755370582278928e-04
5.751152936774376e-04
6.952144227460037e-04
8.398709583136380e-04
1.014114759691397e-03
1.223914774455670e-03
1.476270036597722e-03
1.779295591724430e-03
2.143317675729727e-03
2.580088011356544e-03
3.103559919238518e-03
3.730589161900459e-03
4.480630031919473e-03
5.377517165209655e-03
6.447607226895192e-03
7.723688150477535e-03
9.243674294904518e-03
1.105113072254408e-02
1.319708726028793e-02
1.574252070474992e-02
1.875542730192210e-02
2.231576349028873e-02
2.651435205948426e-02
3.145623021031851e-02
3.725995890577374e-02
4.406257331233145e-02
5.200545571220539e-02
6.126040118797906e-02
7.201361948372841e-02
8.445936385369927e-02
9.881679333397086e-02
1.153112180914913e-01
1.341775347617491e-01
1.556561375757655e-01
1.799641709227075e-01
2.073293209137682e-01
2.379181345568968e-01
2.718746421388890e-01
3.092703761991332e-01
3.500746465247959e-01
3.941443540488445e-01
4.412109190115125e-01
4.908273433475906e-01
5.424114272161749e-01
5.951807008889025e-01
6.481832698128643e-01
7.003626668278230e-01
7.505666359351200e-01
7.976494047677792e-01
8.405596303796889e-01
8.784224348193568e-01
9.106602778566784e-01
9.370335537862399e-01
9.576655215634221e-01
9.730207006293511e-01
9.838278632988806e-01
9.909680016902505e-01
9.953566241219304e-01
9.977943730083529e-01
9.990391863234461e-01
9.996216816675249e-01
9.998669224971385e-01
9.999587127115288e-01
9.999888578907423e-01
9.999974237792986e-01
9.999994983068523e-01
9.999999193181296e-01
9.999999895153633e-01
9.999999989252667e-01
9.999999999153447e-01
9.999999999950238e-01
9.999999999997872e-01
9.999999999999939e-01
9.999999999999998e-01
1.000000000000000e+00
1.000000000000000e+00
1.000000000000000e+00
1.000000000000000e+00
1.000000000000000e+00
1.000000000000000e+00
1.000000000000000e+00
1.000000000000000e+00
1.000000000000000e+00
1.000000000000000e+00
###5.400000000000002e+00
8.455405474748330e-10
1.104305037636659e-09
1.386935975471540e-09
1.726692870349679e-09
2.144610209314687e-09
2.658958255593873e-09
3.287079255783517e-09
4.055762921881581e-09
4.997334563060178e-09
6.150951633045663e-09
7.563188473940219e-09
9.293496618539045e-09
1.141278043191807e-08
1.400921104838435e-08
1.718985010981210e-08
2.108305915736829e-08
2.584942776183696e-08
3.168460234862819e-08
3.882707925805872e-08
4.756616864121174e-08
5.828127474145992e-08
7.134369864816886e-08
8.734094040551596e-08
1.069147584978899e-07
1.308368104374552e-07
1.600819945393653e-07
1.958352772850090e-07
2.395261738333073e-07
2.929054838993401e-07
3.581127534881833e-07
4.377587305449388e-07
5.350074510809467e-07
6.537631124573738e-07
7.986660105603514e-07
9.755701937172239e-07
1.191294602717447e-06
1.454486222905315e-06
1.775443665916584e-06
2.166810600865128e-06
2.643704742608867e-06
3.224918049198960e-06
3.932998547776668e-06
4.795413017177614e-06
5.845500468252604e-06
7.123930427803204e-06
8.679411024664558e-06
1.057172482929314e-05
1.287354660692390e-05
1.567191930868352e-05
1.907318376330375e-05
2.320602272156885e-05
2.822533179652334e-05
3.432116817465396e-05
4.171898415057438e-05
5.069511302714252e-05
6.158157017751033e-05
7.478212525388459e-05
9.077463254500183e-05
1.101517633970389e-04
1.336147881962498e-04
1.620117859139041e-04
1.963671309217993e-04
2.378943016636641e-04
2.880989172502452e-04
3.487263294013098e-04
4.219257655620450e-04
5.102275895639867e-04
6.167317409001410e-04
7.450883653281080e-04
8.995906239573487e-04
1.085563232951779e-03
1.309322189531026e-03
1.578265145635924e-03
1.900957569559487e-03
2.288296480527777e-03
2.752642285610104e-03
3.308697258747741e-03
3.974161222681862e-03
4.769432841303082e-03
5.719491905244143e-03
6.851902222400444e-03
8.200869815505305e-03
9.805960306914472e-03
1.171247098292066e-02
1.397341145704508e-02
1.665199768418742e-02
1.981852709339049e-02
2.355545070049874e-02
2.795649079932040e-02
3.312908834449211e-02
3.919486238428016e-02
4.629366881454388e-02
5.456899706331229e-02
6.419507032414157e-02
7.535982966316929e-02
8.825810080514909e-02
1.031089139507640e-01
1.201357464939180e-01
1.395698770537406e-01
1.616458853671857e-01
1.865721028463033e-01
2.145650769114003e-01
2.457757704985512e-01
2.803301570377018e-01
3.182777498844102e-01
3.595636040971386e-01
4.040172285300355e-01
4.513428710147562e-01
5.010672774570745e-01
5.525858959668773e-01
6.051029089390774e-01
6.576581231615390e-01
7.092035721440023e-01
7.586076262938664e-01
8.047590731782420e-01
8.466531317394211e-01
8.834690155249793e-01
9.146848642828815e-01
9.401117037695087e-01
9.599132022432713e-01
9.745787333951144e-01
9.848460430895523e-01
9.915898365532395e-01
9.957075673104466e-01
9.979756105917302e-01
9.991244679109798e-01
9.996579127468341e-01
9.998806595841854e-01
9.999633019463340e-01
9.999901899668034e-01
9.999977547174413e-01
9.999995674721284e-01
9.999999312413476e-01
9.999999911737767e-01
9.999999991069769e-01
9.999999999306058e-01
9.999999999959813e-01
9.999999999998300e-01
9.999999999999953e-01
9.999999999999998e-01
1.000000000000000e+00
1.000000000000000e+00
1.000000000000000e+00
1.000000000000000e+00
1.000000000000000e+00
1.000000000000000e+00
1.000000000000000e+00
1.000000000000000e+00
1.000000000000000e+00
1.000000000000000e+00
###5.600000000000002e+00
9.263844085035136e-10
1.205232074043276e-09
1.513785396542658e-09
1.884598110980092e-09
2.340682177800908e-09
2.901908356705645e-09
3.587137692158995e-09
4.425553088320713e-09
5.452343849237069e-09
6.710182457655010e-09
8.249652014913543e-09
1.013545468863284e-08
1.244471585958055e-08
1.527340885535335e-08
1.873784149757526e-08
2.297748101191656e-08
2.816686788342454e-08
3.451854168610692e-08
4.229151615154532e-08
5.179988810505575e-08
6.345586043191756e-08
7.766102348628930e-08
9.505454883922178e-08
1.163315460275534e-07
1.423285090358239e-07
1.741025092274289e-07
2.129376034927918e-07
2.603823489257000e-07
3.183327281928800e-07
3.891051248249370e-07
4.755252469948194e-07
5.810162695904896e-07
7.098010764876516e-07
8.668963384867469e-07
1.058632703958683e-06
1.292369305228558e-06
1.577453498351880e-06
1.925002255390564e-06
2.348663492587175e-06
2.864742539629228e-06
3.493505038862846e-06
4.259262809978589e-06
5.191610809684429e-06
6.326459868468945e-06
7.707604790725709e-06
9.387428757635266e-06
1.143028060398881e-05
1.391428344711194e-05
1.693297496515881e-05
2.060054517775212e-05
2.505525140952833e-05
3.046321330376791e-05
3.702830812900452e-05
4.499214415089359e-05
5.465078305065092e-05
6.635965867309582e-05
8.055086216387430e-05
9.773532406704101e-05
1.185465260486194e-04
1.437333886416359e-04
1.742008401691050e-04
2.110413712787337e-04
2.555481053737873e-04
3.093247899785543e-04
3.742279730007021e-04
4.525430307140902e-04
5.469574709488665e-04
6.607643391339444e-04
7.978265314420198e-04
9.626995781333179e-04
1.161015821692177e-03
1.399453925963375e-03
1.685825969264436e-03
2.029164942506642e-03
2.440960732876446e-03
2.934205336571730e-03
3.524373973082981e-03
4.230037715408671e-03
5.072574516259913e-03
6.078137246501446e-03
7.275530709249648e-03
8.700418322824423e-03
1.039405220393526e-02
1.240349866726173e-02
1.478378041322845e-02
1.760038883002204e-02
2.092594585182539e-02
2.484542222514735e-02
2.945542696721947e-02
3.486582739649041e-02
4.120125164919791e-02
4.860433537308836e-02
5.722058117558872e-02
6.722653023761870e-02
7.881169951390150e-02
9.217127858908081e-02
1.075239212754365e-01
1.250909703592173e-01
1.450997399716724e-01
1.677786079179623e-01
1.933266933119831e-01
2.219489820450045e-01
2.537805046202045e-01
2.889288046594269e-01
3.274212308831255e-01
3.691784493019582e-01
4.140028173193189e-01
4.615717606727777e-01
5.113864377739469e-01
5.628208898509938e-01
6.150665406357886e-01
6.671566031096361e-01
7.180521934132823e-01
7.666431440908904e-01
8.118532454360405e-01
8.527242789210835e-01
8.884893138916189e-01
9.186816645962144e-01
9.431625280877662e-01
9.621354541161208e-01
9.761144120388503e-01
9.858457213732972e-01
9.921973813563086e-01
9.960483448110081e-01
9.981506381557309e-01
9.992064046028227e-01
9.996925271387826e-01
9.998937031242925e-01
9.999676297028475e-01
9.999914368586212e-01
9.999980619908678e-01
9.999996311282240e-01
9.999999421101843e-01
9.999999926701256e-01
9.999999992691382e-01
9.999999999440649e-01
9.999999999968155e-01
9.999999999998668e-01
9.999999999999967e-01
9.999999999999998e-01
1.000000000000000e+00
1.000000000000000e+00
1.000000000000000e+00
1.000000000000000e+00
1.000000000000000e+00
1.000000000000000e+00
1.000000000000000e+00
1.000000000000000e+00
1.000000000000000e+00
1.000000000000000e+00
###5.800000000000002e+00
1.013682222164887e-09
1.314322564863217e-09
1.650893932916136e-09
2.055262780265055e-09
2.552580142824488e-09
3.164441635576677e-09
3.911342287151618e-09
4.825043897316669e-09
5.943821934914692e-09
7.314133990699216e-09
8.990877815769222e-09
1.104440604662660e-08
1.355854196005635e-08
1.663764788857466e-08
2.040797937712847e-08
2.502093923313580e-08
3.066606196883734e-08
3.757403974022089e-08
4.602592499066152e-08
5.636242679278748e-08
6.903097449770145e-08
8.446562088400511e-08
1.033609850471099e-07
1.264694151832331e-07
1.546968900378914e-07
1.891885434215587e-07
2.313345978893325e-07
2.828110905333758e-07
3.456694057873401e-07
4.224151883089427e-07
5.161040884240173e-07
6.304363716186485e-07
7.699756011093235e-07
9.401405267807535e-07
1.147770798190068e-06
1.400802407521010e-06
1.709329895510447e-06
2.085343305413228e-06
2.543561141104466e-06
3.101554357364276e-06
3.781158671599770e-06
4.608563516399853e-06
5.615628750138633e-06
6.841000775083770e-06
8.331796611667022e-06
1.014430565515178e-05
1.234772422043705e-05
1.502596004294175e-05
1.827943966420867e-05
2.223067756926666e-05
2.702807093920909e-05
3.284962936715379e-05
3.991385566597072e-05
4.847944420935950e-05
5.886330799589390e-05
7.144561771877197e-05
8.668835820510087e-05
1.051373393284266e-04
1.274690637484482e-04
1.544826286357815e-04
1.871427942129253e-04
2.266136764719442e-04
2.742720524228537e-04
3.318247013830775e-04
4.012447693871622e-04
4.849602998919442e-04
5.858232961663260e-04
7.073285904157108e-04
8.535611844484144e-04
1.029351365465082e-03
1.240650226701253e-03
1.494517624027344e-03
1.799193053521731e-03
2.164195690485044e-03
2.601623885469951e-03
3.125145662877469e-03
3.751012703575276e-03
4.498703799828353e-03
5.390605833220534e-03
6.454078858333008e-03
7.719200838509242e-03
9.223131803977373e-03
1.100884587065390e-02
1.312521457921923e-02
1.562930653577043e-02
1.858892549407830e-02
2.207903433849245e-02
2.618715106942398e-02
3.101275670665644e-02
3.666815971877457e-02
4.328094687926966e-02
5.099648595064648e-02
5.996219192797392e-02
7.035680616847657e-02
8.237125716805958e-02
9.620087969397509e-02
1.120636927117218e-01
1.301785909387979e-01
1.507685655164195e-01
1.740553934373471e-01
2.002285692856682e-01
2.294810865784186e-01
2.619316805379922e-01
2.976690942243934e-01
3.366983516145156e-01
3.789156091203227e-01
4.240963020078629e-01
4.718913996790177e-01
5.217771515370095e-01
5.731071393586782e-01
6.250607254327635e-01
6.766661590178640e-01
7.268942416853562e-01
7.746572153886033e-01
8.189117597807857e-01
8.583929501836921e-01
8.934583777497107e-01
9.226328502075608e-01
9.461708388934577e-01
9.643204468844830e-01
9.776187939116581e-01
9.868206419271358e-01
9.927866040947917e-01
9.963766130080148e-01
9.983181839427997e-01
9.992843634486230e-01
9.997252422156557e-01
9.999059406611848e-01
9.999716575653544e-01
9.999925871998807e-01
9.999983427667394e-01
9.999996886919170e-01
9.999999518286948e-01
9.999999939918586e-01
9.999999994105123e-01
9.999999999556359e-01
9.999999999975222e-01
9.999999999998975e-01
9.999999999999977e-01
9.999999999999998e-01
1.000000000000000e+00
1.000000000000000e+00
1.000000000000000e+00
1.000000000000000e+00
1.000000000000000e+00
1.000000000000000e+00
1.000000000000000e+00
1.000000000000000e+00
1.000000000000000e+00
1.000000000000000e+00
###6.000000000000003e+00
1.107889460340642e-09
1.432150831047213e-09
1.798983611268029e-09
2.239584246920598e-09
2.781415893157943e-09
3.447931936062892e-09
4.261383605667750e-09
5.256310179765768e-09
6.474314719449676e-09
7.965913906005413e-09
9.790660126581875e-09
1.202497791667810e-08
1.475989642426479e-08
1.810879190330880e-08
2.220861459262989e-08
2.722358523333905e-08
3.335934363012496e-08
4.086607274063782e-08
5.004848080561226e-08
6.127583151183743e-08
7.503335866900069e-08
9.178988371327450e-08
1.122994860344313e-07
1.373758768205477e-07
1.679994501609570e-07
2.054096497104849e-07
2.511103649463166e-07
3.069140553641278e-07
3.750383305029164e-07
4.581912538733807e-07
5.596742767837870e-07
6.834837460155693e-07
8.345471737540765e-07
1.018712548772281e-06
1.243362783109374e-06
1.517049423117262e-06
1.850663657300866e-06
2.257126311848819e-06
2.752296472597221e-06
3.355092943888893e-06
4.089023095004204e-06
4.982273875362655e-06
6.069113913249144e-06
7.391097602805194e-06
8.998871205861544e-06
1.095287317098741e-05
1.332744287414362e-05
1.621262563483033e-05
1.971615033120313e-05
2.396935415660360e-05
2.913136695657014e-05
3.539278518067218e-05
4.298758058341527e-05
5.219250603682510e-05
6.334649982118258e-05
7.685584612564890e-05
9.321418384257673e-05
1.130037242835531e-04
1.369466531344628e-04
1.658947555680859e-04
2.008757259284673e-04
2.431289530846313e-04
2.941190321248016e-04
3.556615150966521e-04
4.298497772831914e-04
5.192632440907606e-04
6.269253488614865e-04
7.565366053169691e-04
9.124305153251497e-04
1.099704627594920e-03
1.324652678122982e-03
1.594728119461564e-03
1.918615086633575e-03
2.306336932664616e-03
2.770622629276577e-03
3.325843230840419e-03
3.989048869964262e-03
4.780656853826668e-03
5.724093090820830e-03
6.847959179003906e-03
8.183595573216951e-03
9.769823439229261e-03
1.165125814734781e-02
1.387864157496868e-02
1.651112508926120e-02
1.961885879054858e-02
2.327916631603452e-02
2.758213235607589e-02
3.263009621022698e-02
3.853781470800491e-02
4.543578068043025e-02
5.347203956106194e-02
6.279581075252630e-02
7.358790994391742e-02
8.604050352274405e-02
1.003488423836523e-01
1.167300409536207e-01
1.354002206304548e-01
1.565776789881672e-01
1.804771820278337e-01
2.072781756957325e-01
2.371613018052184e-01
2.702283880190228e-01
3.065492468899390e-01
3.461063302024490e-01
3.887711805911762e-01
4.342925392732972e-01
4.822953087270216e-01
5.322315321073278e-01
5.834353028394114e-01
6.350747477871594e-01
6.861747601387903e-01
7.357167001488488e-01
7.826361932733803e-01
8.259231022979647e-01
8.644433908942060e-01
8.983692513217615e-01
9.265274660981007e-01
9.491269785422188e-01
9.664597729294153e-01
9.790854199282761e-01
9.877662011819723e-01
9.933545515269087e-01
9.966906772551940e-01
9.984773320336874e-01
9.993579019601867e-01
9.997558658605809e-01
9.999172996217569e-01
9.999753620595425e-01
9.999936346106467e-01
9.999985956401249e-01
9.999997399209019e-01
9.999999603672576e-01
9.999999951370016e-01
9.999999995311846e-01
9.999999999653543e-01
9.999999999981060e-01
9.999999999999223e-01
9.999999999999986e-01
9.999999999999998e-01
1.000000000000000e+00
1.000000000000000e+00
1.000000000000000e+00
1.000000000000000e+00
1.000000000000000e+00
1.000000000000000e+00
1.000000000000000e+00
1.000000000000000e+00
1.000000000000000e+00
1.000000000000000e+00
###6.200000000000003e+00
1.209489395257517e-09
1.559326238575894e-09
1.958820190772154e-09
2.438514782272633e-09
3.028369048204615e-09
3.753836668799083e-09
4.639054971086217e-09
5.721552553871623e-09
7.046536425686795e-09
8.668817215312438e-09
1.065302122550646e-08
1.308207439915777e-08
1.605475282723992e-08
1.969411216326431e-08
2.414859191945661e-08
2.959616853674208e-08
3.625976947620013e-08
4.441049089166099e-08
5.437841494533745e-08
6.656342352950678e-08
8.149129292518095e-08
9.966805921045335e-08
1.219115234926622e-07
1.491011336155811e-07
1.822969263460789e-07
2.228392789822000e-07
2.723536967945851e-07
3.327985339084369e-07
4.065690828758858e-07
4.965897580199374e-07
6.064245805132554e-07
7.403860704850344e-07
9.037902847214628e-07
1.102943148500501e-06
1.345807038455333e-06
1.641589872803845e-06
2.002031735960277e-06
2.441045032525652e-06
2.975703326860768e-06
3.626359847882311e-06
4.418300625280000e-06
5.381836360369753e-06
6.553795902827062e-06
7.978822773376740e-06
9.711310325828356e-06
1.181610096589487e-05
1.437298765629394e-05
1.747852363010687e-05
2.124817374060962e-05
2.582261995028404e-05
3.137234616542451e-05
3.810126489163554e-05
4.625969928678324e-05
5.614347738309570e-05
6.811478927478040e-05
8.260747271340903e-05
1.001491099922458e-04
1.213585269355222e-04
1.470077358936843e-04
1.780033753179124e-04
2.154392947340913e-04
2.606339464760440e-04
3.151442345367629e-04
3.808993756802914e-04
4.601189126802221e-04
5.555408252071402e-04
6.703676873937791e-04
8.085147059996798e-04
9.745754878959520e-04
1.173925360549377e-03
1.413215098455605e-03
1.700307639314518e-03
2.044349118258370e-03
2.455885262466283e-03
2.948300854146297e-03
3.536699670401660e-03
4.238931083610916e-03
5.076408845552125e-03
6.073646694947462e-03
7.260437910669055e-03
8.669497548346974e-03
1.034131448776580e-02
1.232222628290200e-02
1.466479416699120e-02
1.743035810253015e-02
2.069146338035574e-02
2.452773758616254e-02
2.903188217749882e-02
3.430908032482180e-02
4.047653704424915e-02
4.766759590385548e-02
5.603291857585329e-02
6.572341336366899e-02
7.692183604406569e-02
8.982140760575612e-02
1.046170553026783e-01
1.215247078737089e-01
1.407573761496228e-01
1.625282816478684e-01
1.870447580606150e-01
2.144757688031733e-01
2.449892914494039e-01
2.786694577260629e-01
3.155671890134925e-01
3.556420635421579e-01
3.987409232501083e-01
4.445860505725575e-01
4.927767004510992e-01
5.427414460390307e-01
5.937959004494258e-01
6.450979071261795e-01
6.956706232903679e-01
7.445070966762426e-01
7.905674270152184e-01
8.328769454678334e-01
8.704128276511628e-01
9.032163061888100e-01
9.303570125194515e-01
9.520232754286396e-01
9.685468420796394e-01
9.805092589718660e-01
9.886788916688251e-01
9.938990397974282e-01
9.969893440496289e-01
9.986274969304413e-01
9.994267412464184e-01
9.997842864276788e-01
9.999277421866395e-01
9.999787328351603e-01
9.999945770194093e-01
9.999988204153589e-01
9.999997848545712e-01
9.999999677500583e-01
9.999999961118351e-01
9.999999996322052e-01
9.999999999733469e-01
9.999999999985767e-01
9.999999999999420e-01
9.999999999999992e-01
9.999999999999998e-01
1.000000000000000e+00
1.000000000000000e+00
1.000000000000000e+00
1.000000000000000e+00
1.000000000000000e+00
1.000000000000000e+00
1.000000000000000e+00
1.000000000000000e+00
1.000000000000000e+00
1.000000000000000e+00
###6.400000000000003e+00
1.318994547074122e-09
1.696495201702919e-09
2.131214531958795e-09
2.653064314761420e-09
3.294690611750363e-09
4.083701282249934e-09
5.046257049450307e-09
6.223103918552856e-09
7.663320831820750e-09
9.426335836769319e-09
1.158222273710199e-08
1.422089070992855e-08
1.744945954546463e-08
2.140130832038519e-08
2.623727475945515e-08
3.215006678702837e-08
3.938115576237166e-08
4.822406240447079e-08
5.903606775152209e-08
7.224986255102863e-08
8.843467225879877e-08
1.081363405844524e-07
1.322409135778290e-07
1.616982115355633e-07
1.976534530901112e-07
2.415549685035695e-07
2.951582979981613e-07
3.605777188407193e-07
4.403983305184302e-07
5.377756358043476e-07
6.565539402693863e-07
8.013832578271485e-07
9.779940750164276e-07
1.193180606178358e-06
1.455522927105602e-06
1.774928364232069e-06
2.164041041722147e-06
2.637829028684977e-06
3.214658251392585e-06
3.916407536221778e-06
4.770254239379321e-06
5.808765667024044e-06
7.071490171941942e-06
8.606350818032168e-06
1.047171698459748e-05
1.273710256972859e-05
1.548808018989865e-05
1.882810247248912e-05
2.288081558886271e-05
2.779680232417581e-05
3.375854861053840e-05
4.098404566270529e-05
4.974089114388784e-05
6.034505049988514e-05
7.318324671273052e-05
8.871837481678613e-05
1.075137350361837e-04
1.302268218283065e-04
1.576819570698154e-04
1.908434987381867e-04
2.308747977218750e-04
2.791773117091467e-04
3.374055363437480e-04
4.076054033003137e-04
4.921310536180050e-04
5.938854337017560e-04
7.162583664413243e-04
8.633920259237670e-04
1.040143104891452e-03
1.252184496349555e-03
1.506535894804099e-03
1.811486021563524e-03
2.176660820318224e-03
2.613154448930314e-03
3.135015076593260e-03
3.758110850137524e-03
4.501121354320211e-03
5.386486491206969e-03
6.439839006268023e-03
7.692091071375013e-03
9.177678490357701e-03
1.093848529724901e-02
1.302270882955298e-02
1.548476584911911e-02
1.838821737944282e-02
2.180803642775071e-02
2.582616540300650e-02
3.053793654706210e-02
3.605136099935521e-02
4.248608452144449e-02
4.997824276088376e-02
5.868104498397681e-02
6.874696502741150e-02
8.036055568611673e-02
9.371589931849900e-02
1.090073486264550e-01
1.264493538397355e-01
1.462514657633647e-01
1.686214354004461e-01
1.937587318425210e-01
2.218213916696347e-01
2.529642413475859e-01
2.872534263632040e-01
3.247205174592654e-01
3.653020866864306e-01
4.088202099503366e-01
4.549709587337729e-01
5.033283928566110e-01
5.532983762803304e-01
6.041791226765518e-01
6.551192113456114e-01
7.051417027001783e-01
7.532525594356170e-01
7.984375458608106e-01
8.397593185107781e-01
8.762915269471380e-01
9.079860937546065e-01
9.341106075842220e-01
9.548506514236181e-01
9.705746842303759e-01
9.818852859120982e-01
9.895554214460769e-01
9.944181359640258e-01
9.972716325839550e-01
9.987682296996426e-01
9.994906984212655e-01
9.998104431092394e-01
9.999372540280816e-01
9.999817687754092e-01
9.999954154582547e-01
9.999990177255282e-01
9.999998237303999e-01
9.999999740374306e-01
9.999999969280724e-01
9.999999997152510e-01
9.999999999797917e-01
9.999999999989481e-01
9.999999999999574e-01
9.999999999999997e-01
9.999999999999998e-01
1.000000000000000e+00
1.000000000000000e+00
1.000000000000000e+00
1.000000000000000e+00
1.000000000000000e+00
1.000000000000000e+00
1.000000000000000e+00
1.000000000000000e+00
1.000000000000000e+00
1.000000000000000e+00
###6.600000000000003e+00
1.436948239344572e-09
1.844343039489329e-09
2.317033372131061e-09
2.884303546369584e-09
3.581706757664199e-09
4.439164034028084e-09
5.485005600035728e-09
6.763436391496062e-09
8.327694436465024e-09
1.024216894965608e-08
1.258277854277772e-08
1.544692861131647e-08
1.895080232442981e-08
2.323853086116718e-08
2.848457220703949e-08
3.489731732652398e-08
4.273811647631000e-08
5.232451926590223e-08
6.404294300170847e-08
7.836121205814999e-08
9.589508510689462e-08
1.172329611059001e-07
1.433339294805707e-07
1.752230944406997e-07
2.141367232461743e-07
2.616385339213468e-07
3.196230146308958e-07
3.903709781429007e-07
4.766701537756053e-07
5.819227164288578e-07
7.102720055898872e-07
8.667280033791533e-07
1.057462979767199e-06
1.289791510631922e-06
1.572951709705154e-06
1.917595674157110e-06
2.337329740275518e-06
2.848245165979843e-06
3.470082287391152e-06
4.226341500598762e-06
5.146210060154600e-06
6.264651630967202e-06
7.624101513481079e-06
9.275962401991759e-06
1.128282017556041e-05
1.371914091343421e-05
1.667661918271126e-05
2.026602919065745e-05
2.461962936082923e-05
2.989852115646595e-05
3.629785939046481e-05
4.405051121782775e-05
5.344231400586887e-05
6.481047995395055e-05
7.856760245583444e-05
9.520720174611485e-05
1.153301503536165e-04
1.396347399847505e-04
1.690001979795605e-04
2.044515776853557e-04
2.472252087566622e-04
2.988096480571352e-04
3.609616114021896e-04
4.358494549042619e-04
5.259680905939454e-04
6.343929288207546e-04
7.647094160039695e-04
9.212966808762190e-04
1.109285570943876e-03
1.334658908050788e-03
1.604820218001000e-03
1.928500730201274e-03
2.315824429156918e-03
2.778443996860309e-03
3.331122971088751e-03
3.990490734278522e-03
4.776094702298221e-03
5.711430674900401e-03
6.823277723611893e-03
8.143699486789200e-03
9.708919363064202e-03
1.156221306640598e-02
1.375368565361047e-02
1.633965102442210e-02
1.938591222505904e-02
2.296989772522834e-02
2.717588828909981e-02
3.210185087117395e-02
3.785857014394592e-02
4.456822680848743e-02
5.236957719893807e-02
6.141833836306250e-02
7.186841809330896e-02
8.390601395884915e-02
9.772586616370477e-02
1.135214905438494e-01
1.315055540913043e-01
1.518837858425247e-01
1.748580599693625e-01
2.006195380709537e-01
2.293148755108230e-01
2.610852619374430e-01
2.959785465700354e-01
3.340065144536897e-01
3.750825964548674e-01
4.190040626344304e-01
4.654410404332863e-01
5.139428846499240e-01
5.638935172899557e-01
6.145749886744022e-01
6.651276215483860e-01
7.145760987242228e-01
7.619405381710387e-01
8.062337183042608e-01
8.465571573959075e-01
8.820698654755070e-01
9.126667956052741e-01
9.377785652103914e-01
9.576012244233012e-01
9.725373881783660e-01
9.832093802972536e-01
9.903932062213864e-01
9.949104168847952e-01
9.975368959633518e-01
9.988992770652317e-01
9.995496981248819e-01
9.998343270069524e-01
9.999458428578045e-01
9.999844769065632e-01
9.999961535051155e-01
9.999991889105804e-01
9.999998569339559e-01
9.999999793166060e-01
9.999999976009575e-01
9.999999997823683e-01
9.999999999848921e-01
9.999999999992353e-01
9.999999999999689e-01
9.999999999999999e-01
9.999999999999998e-01
1.000000000000000e+00
1.000000000000000e+00
1.000000000000000e+00
1.000000000000000e+00
1.000000000000000e+00
1.000000000000000e+00
1.000000000000000e+00
1.000000000000000e+00
1.000000000000000e+00
1.000000000000000e+00
###6.800000000000003e+00
1.563926192253303e-09
2.003595949280259e-09
2.517183553241932e-09
3.133367078743620e-09
3.890822674212729e-09
4.821960432589782e-09
5.957435581260409e-09
7.345168455361042e-09
9.042862415413602e-09
1.112023352175563e-08
1.365946724116956e-08
1.676601120541723e-08
2.056576681648498e-08
2.521440270707790e-08
3.090096570391263e-08
3.785065031738645e-08
4.634610266673937e-08
5.673060457173202e-08
6.942176511694278e-08
8.492500794107913e-08
1.039058985581136e-07
1.269982928241976e-07
1.552394196670286e-07
1.897348656184901e-07
2.318181572773825e-07
2.831762715087220e-07
3.458520757542812e-07
4.223041432113066e-07
5.155363876805407e-07
6.292141311035585e-07
7.677995589038988e-07
9.366863027564405e-07
1.142517421226732e-06
1.393161577243679e-06
1.698557509257175e-06
2.070149894044916e-06
2.522568606855551e-06
3.073099217490437e-06
3.742942855594746e-06
4.557322474110863e-06
5.547559954266540e-06
6.751162241209445e-06
8.213627548393421e-06
9.990047925167413e-06
1.214730262514608e-05
1.476563328080447e-05
1.794268697093098e-05
2.179716106946974e-05
2.647042571930040e-05
3.213470016265599e-05
3.899852200952191e-05
4.731046764285300e-05
5.737562278405469e-05
6.955360451063654e-05
8.428427252162844e-05
1.020934065725176e-04
1.236213879760963e-04
1.496095118076090e-04
1.809946225942108e-04
2.188655579972348e-04
2.645352384760593e-04
3.195835684395606e-04
3.858742883056260e-04
4.657040838572726e-04
5.617150289072736e-04
6.771627548428329e-04
8.158369743963504e-04
9.823640723353566e-04
1.182160463519012e-03
1.421531600158554e-03
1.708280173947861e-03
2.051597090013353e-03
2.462122970891224e-03
2.952086906828786e-03
3.536998528331984e-03
4.234270158011583e-03
5.064340027174680e-03
6.051797671005929e-03
7.224594045139874e-03
8.616016327703160e-03
1.026402198866645e-02
1.221339588371232e-02
1.451615824118217e-02
1.723055985266659e-02
2.042466654241391e-02
2.417838833994496e-02
2.857836449930155e-02
3.372519649397426e-02
3.973225567861781e-02
4.672473990748797e-02
5.484345697455194e-02
6.424671166950595e-02
7.508970751687255e-02
8.756012487073217e-02
1.018531477411628e-01
1.181611812191776e-01
1.366947921724514e-01
1.576555139516312e-01
1.812389258710917e-01
2.076274290822304e-01
2.369558344741955e-01
2.693512105604220e-01
3.048427855192429e-01
3.434221476088151e-01
3.849794548322215e-01
4.292871602442263e-01
4.759897394893927e-01
5.246123754537095e-01
5.745179238045516e-01
6.249733781176436e-01
6.751120871617307e-01
7.239621226637571e-01
7.705588349754177e-01
8.139436733335866e-01
8.532582739632619e-01
8.877386576001971e-01
9.172482462257776e-01
9.413523736350091e-01
9.602682477839733e-01
9.744300480307992e-01
9.844782674968207e-01
9.911903157256217e-01
9.953749235765157e-01
9.977847848397131e-01
9.990205601509006e-01
9.996037567782101e-01
9.998559725044984e-01
9.999535342537040e-01
9.999868706027958e-01
9.999967966518305e-01
9.999993357883636e-01
9.999998849480447e-01
9.999999836901234e-01
9.999999981475568e-01
9.999999998357456e-01
9.999999999888576e-01
9.999999999994531e-01
9.999999999999776e-01
1.000000000000000e+00
9.999999999999998e-01
1.000000000000000e+00
1.000000000000000e+00
1.000000000000000e+00
1.000000000000000e+00
1.000000000000000e+00
1.000000000000000e+00
1.000000000000000e+00
1.000000000000000e+00
1.000000000000000e+00
1.000000000000000e+00
###7.000000000000004e+00
1.700538226993593e-09
2.175023193780566e-09
2.732635917953054e-09
3.401456753978609e-09
4.223526725890691e-09
5.233928580620741e-09
6.465807636101415e-09
7.971072539252060e-09
9.812217839411395e-09
1.206467636543481e-08
1.481734570452338e-08
1.818429935580529e-08
2.230185195369884e-08
2.733804318211527e-08
3.349753789548600e-08
4.102352300781304e-08
5.022143956437091e-08
6.146212288771155e-08
7.519653959155144e-08
9.197033173087206e-08
1.125023442608227e-07
1.374749509276402e-07
1.680089328387764e-07
2.052958573462818e-07
2.507730824215271e-07
3.062591719087819e-07
3.739553487247140e-07
4.565098135853889e-07
5.571569870055572e-07
6.798427454292351e-07
8.293690408383409e-07
1.011538192447631e-06
1.233494538411236e-06
1.503696504046759e-06
1.832828345162964e-06
2.233177652799359e-06
2.720462479895266e-06
3.313237618075076e-06
4.034255787843910e-06
4.910568835953443e-06
5.975764373526296e-06
7.270047001427238e-06
8.842162690966589e-06
1.075111231227588e-05
1.306829976710029e-05
1.588015794715514e-05
1.929055713403810e-05
2.342659693582371e-05
2.843928293811080e-05
3.451257910254879e-05
4.186915278365011e-05
5.077416005565445e-05
6.155298889866526e-05
7.458886979492961e-05
9.035038499681019e-05
1.093972767772555e-04
1.324114561888070e-04
1.601795083557709e-04
1.936987253917423e-04
2.341249350258851e-04
2.828513990718992e-04
3.415537763768094e-04
4.122078167558500e-04
4.972446422826635e-04
5.994601020734982e-04
7.222980712284926e-04
8.697614454529672e-04
1.046734487531238e-03
1.258930941176284e-03
1.512991934319428e-03
1.817135090806361e-03
2.181028606800548e-03
2.615848772726285e-03
3.134421448018754e-03
3.753027447909406e-03
4.489887420210120e-03
5.366360563250833e-03
6.408159588241291e-03
7.644437181364054e-03
9.109850107504411e-03
1.084380943553410e-02
1.289295310676718e-02
1.531113930227681e-02
1.815862487560436e-02
2.150572663419437e-02
2.543487117307196e-02
3.003507287523925e-02
3.540956408712900e-02
4.167429711023286e-02
4.895741109857001e-02
5.740174251829299e-02
6.716807117302159e-02
7.841274961884848e-02
9.132476922272692e-02
1.060995482857785e-01
1.229280489854267e-01
1.420184554228814e-01
1.635677037822085e-01
1.877646490295720e-01
2.147824694831867e-01
2.447436607353657e-01
2.777606877196517e-01
3.138438228714326e-01
3.529640705156450e-01
3.949881931123923e-01
4.396638472571189e-01
4.866101804762632e-01
5.353287845531228e-01
5.851623751014379e-01
6.353640583219019e-01
6.850615734795361e-01
7.332880433951178e-01
7.790956213493556e-01
8.215557121795456e-01
8.598513239169203e-01
8.932892307131508e-01
9.217202885043025e-01
9.448246034329667e-01
9.628460361360867e-01
9.762486913875009e-01
9.856894326202134e-01
9.919454117297722e-01
9.958111126907511e-01
9.980152098678489e-01
9.991321490459650e-01
9.996529673657572e-01
9.998754489111333e-01
9.999603676923086e-01
9.999889679332180e-01
9.999973517192661e-01
9.999994604762430e-01
9.999999083093902e-01
9.999999872672450e-01
9.999999985853836e-01
9.999999998775475e-01
9.999999999918892e-01
9.999999999996155e-01
9.999999999999838e-01
1.000000000000000e+00
9.999999999999998e-01
1.000000000000000e+00
1.000000000000000e+00
1.000000000000000e+00
1.000000000000000e+00
1.000000000000000e+00
1.000000000000000e+00
1.000000000000000e+00
1.000000000000000e+00
1.000000000000000e+00
1.000000000000000e+00
###7.200000000000004e+00
1.847429996916368e-09
2.359439391797075e-09
2.964414805125953e-09
3.689845171174379e-09
4.581394781799420e-09
5.677014489319672e-09
7.012514798328843e-09
8.644082633207954e-09
1.063935142086250e-08
1.307988296762913e-08
1.606176348519142e-08
1.970830926025040e-08
2.416698750845838e-08
2.961909355710543e-08
3.628600320716007e-08
4.443015652936465e-08
5.438138368279888e-08
6.653999317588053e-08
8.139261653958119e-08
9.952788510936898e-08
1.217216063526806e-07
1.487079032345513e-07
1.816968490558763e-07
2.219718078153296e-07
2.710809209886128e-07
3.309831444208318e-07
4.040486070086747e-07
4.931276766155079e-07
6.017004070292435e-07
7.340116138939189e-07
8.952250874886653e-07
1.091578257328869e-06
1.330748954107517e-06
1.621822898397191e-06
1.976277202198794e-06
2.407295408604278e-06
2.931751792253340e-06
3.569549193800934e-06
4.345087509132791e-06
5.287359214786361e-06
6.432355480772573e-06
7.823140738248745e-06
9.511902799971366e-06
1.156178180793193e-05
1.404898439968696e-05
1.706646349630355e-05
2.072470310697071e-05
2.515967152302242e-05
3.053255751200061e-05
3.703972570878192e-05
4.491875423559905e-05
5.445228794239436e-05
6.598711768739847e-05
7.993134802899502e-05
9.678380235578999e-05
1.171399593846111e-04
1.417253677169903e-04
1.713746472246795e-04
2.071473658582651e-04
2.502707910523422e-04
3.022220431937156e-04
3.647771056289468e-04
4.400288878094629e-04
5.305428649467766e-04
6.392947858313449e-04
7.699058000888501e-04
9.266075511530345e-04
1.114553155944711e-03
1.339765797193680e-03
1.609235674556224e-03
1.931611544515578e-03
2.317056956259863e-03
2.777303331680850e-03
3.325794009932696e-03
3.979596212844943e-03
4.757795731962337e-03
5.682673292463593e-03
6.781103533709731e-03
8.083472036235792e-03
9.625846019604884e-03
1.144912239464358e-02
1.360182300101520e-02
1.613963273952933e-02
1.912499852631650e-02
2.263035921659340e-02
2.674072891539187e-02
3.154751068680728e-02
3.715656099085941e-02
4.368640130684395e-02
5.126803545208043e-02
6.004629348503952e-02
7.018431257546244e-02
8.183943783386539e-02
9.520179034295831e-02
1.104668426393309e-01
1.278236454374567e-01
1.474778288159261e-01
1.696212785039324e-01
1.944356839174808e-01
2.220845294893146e-01
2.526775184363161e-01
2.863120324675959e-01
3.229790480319728e-01
3.626286229968488e-01
4.051040158644120e-01
4.501281423576989e-01
4.972951826626026e-01
5.460837702060304e-01
5.958174624037644e-01
6.457367127747016e-01
6.949650942504043e-01
7.425424879271207e-01
7.875394657294041e-01
8.290587262170263e-01
8.663257904438273e-01
8.987135045845739e-01
9.260747476467546e-01
9.481888725419740e-01
9.653299054312549e-01
9.779902198864927e-01
9.868410599243866e-01
9.926576924662123e-01
9.962188069323612e-01
9.982283068802448e-01
9.992342388882631e-01
9.996974851082582e-01
9.998928527893211e-01
9.999663924320517e-01
9.999907901893341e-01
9.999978263498195e-01
9.999995652452227e-01
9.999999275735697e-01
9.999999901571829e-01
9.999999989313659e-01
9.999999999098085e-01
9.999999999941694e-01
9.999999999997347e-01
9.999999999999882e-01
1.000000000000000e+00
9.999999999999998e-01
1.000000000000000e+00
1.000000000000000e+00
1.000000000000000e+00
1.000000000000000e+00
1.000000000000000e+00
1.000000000000000e+00
1.000000000000000e+00
1.000000000000000e+00
1.000000000000000e+00
1.000000000000000e+00
###7.400000000000004e+00
2.005284893807610e-09
2.557706574712493e-09
3.213604482045117e-09
3.999879288678068e-09
4.966094676130533e-09
6.153277541917963e-09
7.600089193919892e-09
9.367303552071578e-09
1.152806147364987e-08
1.417049237750309e-08
1.739837746641626e-08
2.134493020958753e-08
2.616955538755207e-08
3.206774285792796e-08
3.927873890792041e-08
4.808557337195302e-08
5.884415684309570e-08
7.198630287724091e-08
8.803675551192037e-08
1.076300690255067e-07
1.316029157963931e-07
1.607445815987286e-07
1.963605129651329e-07
2.398320203563838e-07
2.928253767659185e-07
3.574492438290592e-07
4.362538007099136e-07
5.323048297722783e-07
6.493439871773648e-07
7.919344361910030e-07
9.656251026596133e-07
1.177116364968408e-06
1.434653538326919e-06
1.747989176731887e-06
2.129443145186742e-06
2.593150713602232e-06
3.157214061638338e-06
3.842966961873140e-06
4.676557098237369e-06
5.689034903397363e-06
6.918939950160768e-06
8.412366825532535e-06
1.022514886180455e-05
1.242480740449180e-05
1.509268850297067e-05
1.832847355669077e-05
2.224980527422245e-05
2.700196401478849e-05
3.275689472974745e-05
3.972404826535580e-05
4.815673005798956e-05
5.835602285766855e-05
7.069126940164386e-05
8.559676297292518e-05
1.036031516393250e-04
1.253434974798823e-04
1.515891934396898e-04
1.832271557288681e-04
2.213768411530577e-04
2.673458594708461e-04
3.226974341957565e-04
3.893125965043079e-04
4.694067254064943e-04
5.656851384546581e-04
6.813139128143134e-04
8.200967413290245e-04
9.865044587399365e-04
1.185970388093524e-03
1.424839612045944e-03
1.710465154265818e-03
2.051943540913074e-03
2.459952183559355e-03
2.946797528450261e-03
3.526561434943763e-03
4.217122357524932e-03
5.038461706971490e-03
6.013809269633779e-03
7.171231922741287e-03
8.542379644550709e-03
1.016477068983608e-02
1.208081979651784e-02
1.434096385575813e-02
1.700275712399059e-02
2.013085448675623e-02
2.379985155360499e-02
2.809736372483486e-02
3.311718328366908e-02
3.896779910533730e-02
4.577028525708893e-02
5.365841183629082e-02
6.277896534861850e-02
7.329731704373654e-02
8.537163815844993e-02
9.919298811682052e-02
1.149566514650613e-01
1.328494375780899e-01
1.530740877793114e-01
1.758170234211188e-01
2.012523163035278e-01
2.295332780744458e-01
2.607563377285848e-01
2.950033180502393e-01
3.322455579166335e-01
3.724118320769353e-01
4.153218058130926e-01
4.606737482399003e-01
5.080372752416975e-01
5.568687506507064e-01
6.064736152351480e-01
6.560809717354068e-01
7.048117457108113e-01
7.517143275608122e-01
7.958793622003169e-01
8.364422153481167e-01
8.726719737144123e-01
9.040040494895480e-01
9.303045288035964e-01
9.514398132293070e-01
9.677161181797865e-01
9.796523531430814e-01
9.879320925962711e-01
9.933268891337477e-01
9.965981546157849e-01
9.984244040946958e-01
9.993271278300517e-01
9.997375144108444e-01
9.999083010408665e-01
9.999716652176603e-01
9.999923606307833e-01
9.999982285858119e-01
9.999996524319058e-01
9.999999432886041e-01
9.999999924642997e-01
9.999999992012543e-01
9.999999999343552e-01
9.999999999958588e-01
9.999999999998205e-01
9.999999999999912e-01
1.000000000000000e+00
9.999999999999998e-01
1.000000000000000e+00
1.000000000000000e+00
1.000000000000000e+00
1.000000000000000e+00
1.000000000000000e+00
1.000000000000000e+00
1.000000000000000e+00
1.000000000000000e+00
1.000000000000000e+00
1.000000000000000e+00
###7.600000000000004e+00
2.174825933072708e-09
2.770737441318032e-09
3.481352239771239e-09
4.332984348651938e-09
5.379390982918498e-09
6.664896367293502e-09
8.231209304463050e-09
1.014401881315909e-08
1.248236458193294e-08
1.534140970443518e-08
1.883316757978366e-08
2.310144335370883e-08
2.831841306121297e-08
3.469475558652437e-08
4.248881854614969e-08
5.200563761496189e-08
6.362899633149305e-08
7.782436603204338e-08
9.515719538848031e-08
1.163110674955948e-07
1.421876482522692e-07
1.736350025221680e-07
2.120603783123444e-07
2.589495364557135e-07
3.160946462990177e-07
3.857639178735655e-07
4.706993522713747e-07
5.741961336635021e-07
7.002743724941784e-07
8.538360600390238e-07
1.040839830966809e-06
1.268478353373425e-06
1.545600257583456e-06
1.882666577124245e-06
2.292892486565892e-06
2.791423647897310e-06
3.397665602927876e-06
4.134470211873621e-06
5.029838708016516e-06
6.117002748382043e-06
7.437202437938828e-06
9.039741387731972e-06
1.098431209664061e-05
1.334307193586373e-05
1.620303548976783e-05
1.967029661690144e-05
2.387076056947725e-05
2.895930926091591e-05
3.511924072977142e-05
4.257380939241761e-05
5.159290093490103e-05
6.249702640613311e-05
7.567927962360113e-05
9.160151294402811e-05
1.108278494531616e-04
1.340308571213919e-04
1.620300757309569e-04
1.957672154217561e-04
2.364249042531122e-04
2.853945790175754e-04
3.443298199882920e-04
4.152215951079218e-04
5.004132611696783e-04
6.027569266262208e-04
7.256159152164719e-04
8.729857560550489e-04
1.049585971669253e-03
1.261141773125930e-03
1.514332966586173e-03
1.816889508115579e-03
2.178372772108929e-03
2.609992993824090e-03
3.124651963233142e-03
3.737091496192895e-03
4.466028719625147e-03
5.332365462276480e-03
6.360331906712893e-03
7.579163184477215e-03
9.021858180684459e-03
1.072740906321567e-02
1.273977995472425e-02
1.511135433959971e-02
1.790159653964506e-02
2.117738741462281e-02
2.501551091521845e-02
2.950619590859906e-02
3.474558742901531e-02
4.084487693467213e-02
4.792767301834624e-02
5.613034000816807e-02
6.560160607496172e-02
7.650894736740074e-02
8.901118465947923e-02
1.033001135985002e-01
1.195705625676378e-01
1.380068009831050e-01
1.588082912246200e-01
1.821555788117692e-01
2.082146562078548e-01
2.371281763700566e-01
2.689788091030567e-01
3.038323478881830e-01
3.416401551806068e-01
3.823094133266897e-01
4.256361286736489e-01
4.712940613738166e-01
5.188287117617946e-01
5.676749229286580e-01
6.171211183628776e-01
6.663854255135317e-01
7.145907210393997e-01
7.607927016656493e-01
8.041047497930967e-01
8.436961331643632e-01
8.788809779464204e-01
9.091541187509213e-01
9.344035558182971e-01
9.545730211954557e-01
9.700018233191838e-01
9.812335661273102e-01
9.889620167344381e-01
9.939530650933388e-01
9.969495833731018e-01
9.986039891868836e-01
9.994111960148316e-01
9.997732967128449e-01
9.999219246872355e-01
9.999762471096166e-01
9.999937034327261e-01
9.999985665271226e-01
9.999997242977763e-01
9.999999559752132e-01
9.999999942854895e-01
9.999999994091711e-01
9.999999999527774e-01
9.999999999970921e-01
9.999999999998812e-01
9.999999999999933e-01
1.000000000000001e+00
9.999999999999998e-01
1.000000000000000e+00
1.000000000000000e+00
1.000000000000000e+00
1.000000000000000e+00
1.000000000000000e+00
1.000000000000000e+00
1.000000000000000e+00
1.000000000000000e+00
1.000000000000000e+00
1.000000000000000e+00
###7.800000000000004e+00
2.356817804982596e-09
2.999497015790494e-09
3.768871553287443e-09
4.690667648802750e-09
5.823149797618289e-09
7.214174713438353e-09
8.908707078931715e-09
1.097769954511525e-08
1.350650633629790e-08
1.659781878782240e-08
2.037245243194751e-08
2.498554085039150e-08
3.062291580449109e-08
3.751149910913291e-08
4.593004492764038e-08
5.620709448978279e-08
6.875620333625117e-08
8.407878026660339e-08
1.027837226007675e-07
1.256069289591794e-07
1.535194269123487e-07
1.874318836877482e-07
2.288601470077387e-07
2.794013015419567e-07
3.409816148090813e-07
4.160392421755847e-07
5.075204357200062e-07
6.189645439946640e-07
7.546879069609452e-07
9.199529471313299e-07
1.121153913239648e-06
1.366006682455254e-06
1.664000941087397e-06
2.026350069415195e-06
2.467219863496096e-06
3.002828069537430e-06
3.653962988656018e-06
4.445086173509216e-06
5.406163503506849e-06
6.572737426286337e-06
7.988908176143684e-06
9.707376146638373e-06
1.179191705164791e-05
1.431959188382623e-05
1.738339931854778e-05
2.109622837537633e-05
2.559268838053858e-05
3.103780482924813e-05
3.762685177483330e-05
4.559763714508192e-05
5.523751781515589e-05
6.688746564169611e-05
8.096557718160548e-05
9.796269134746456e-05
1.184781258180330e-04
1.432259545597104e-04
1.730762602816444e-04
2.090281488159710e-04
2.523308037079440e-04
3.044631354636973e-04
3.671734756697709e-04
4.425677953305541e-04
5.331231386632911e-04
6.418455323277702e-04
7.723028191913582e-04
9.286918263700899e-04
1.115990606420895e-03
1.340228275366603e-03
1.608432553180731e-03
1.928724796211623e-03
2.311148750517730e-03
2.767466889644468e-03
3.311197093125612e-03
3.957762962402881e-03
4.726748215088795e-03
5.640000611208909e-03
6.722785818622943e-03
8.005554208959802e-03
9.522623230022505e-03
1.131456450276782e-02
1.342690974979334e-02
1.591399321874500e-02
1.883725561049285e-02
2.226581242041135e-02
2.627866442973802e-02
3.096866445579543e-02
3.643431849444873e-02
4.278949176534046e-02
5.016029641175034e-02
5.868561983699680e-02
6.851605461734202e-02
7.982104577378477e-02
9.275987668697955e-02
1.075248660805229e-01
1.243101074312031e-01
1.432970161295606e-01
1.646813767406852e-01
1.886374347916496e-01
2.153226682544794e-01
2.448684722204802e-01
2.773433796589378e-01
3.127966535846179e-01
3.511593485859387e-01
3.923167745997566e-01
4.360412403938267e-01
4.819821850441274e-01
5.296614889433244e-01
5.784932877024218e-01
6.277501475619681e-01
6.766406890340200e-01
7.241868209582599e-01
7.697670499684838e-01
8.122055285688264e-01
8.508107075919406e-01
8.849446969077005e-01
9.141577069584085e-01
9.383667135307439e-01
9.575850025384909e-01
9.721849953242728e-01
9.827330261182575e-01
9.899308368260583e-01
9.945367089100983e-01
9.972737572259831e-01
9.987676793459126e-01
9.994868863137741e-01
9.998050995793279e-01
9.999338634366560e-01
9.999802008124200e-01
9.999948428167902e-01
9.999988480664957e-01
9.999997829881523e-01
9.999999661136368e-01
9.999999957071657e-01
9.999999995674217e-01
9.999999999664204e-01
9.999999999979803e-01
9.999999999999234e-01
9.999999999999949e-01
1.000000000000001e+00
9.999999999999998e-01
1.000000000000000e+00
1.000000000000000e+00
1.000000000000000e+00
1.000000000000000e+00
1.000000000000000e+00
1.000000000000000e+00
1.000000000000000e+00
1.000000000000000e+00
1.000000000000000e+00
1.000000000000000e+00
###8.000000000000004e+00
2.552068925075401e-09
3.245005586891068e-09
4.077445378132998e-09
5.074522741413593e-09
6.299336733776862e-09
7.803547709256664e-09
9.635575638711068e-09
1.187201392610184e-08
1.460497263636158e-08
1.794519602099644e-08
2.202290604251673e-08
2.700534595980551e-08
3.309294135498680e-08
4.052997308136572e-08
4.961698552057022e-08
6.070761304256715e-08
7.424719416470258e-08
9.077548827092406e-08
1.109477448862974e-07
1.355556546942527e-07
1.656442288826036e-07
2.021907706019879e-07
2.468269205173915e-07
3.012683458355715e-07
3.675840720638968e-07
4.483931777190409e-07
5.468592835738518e-07
6.667814768104705e-07
8.127910685247673e-07
9.905336904619092e-07
1.206866503624656e-06
1.470061163933313e-06
1.790288163796137e-06
2.179559399739955e-06
2.653049441912885e-06
3.228112904023845e-06
3.927004747510819e-06
4.775892026808906e-06
5.806822134953115e-06
7.057784235874814e-06
8.575906259521313e-06
1.041748229272172e-05
1.265060614902885e-05
1.535752275815331e-05
1.863754596753488e-05
2.261075912486972e-05
2.742093933957907e-05
3.324382107663945e-05
4.028730591868127e-05
4.880453863076079e-05
5.910127699150456e-05
7.154003153074721e-05
8.656520565644390e-05
1.046981122970647e-04
1.265750535747400e-04
1.529536908194481e-04
1.847571417100944e-04
2.230446165549363e-04
2.691353438436660e-04
3.245995200050058e-04
3.912847677426776e-04
4.714173090422236e-04
5.676137900371929e-04
6.830414704847085e-04
8.214803369328367e-04
9.873381572508095e-04
1.185861702719704e-03
1.423396352455915e-03
1.707331300665562e-03
2.046194134113964e-03
2.450528940526187e-03
2.932670299592334e-03
3.506773350236514e-03
4.188965686101782e-03
4.999726015893477e-03
5.961874169929750e-03
7.101742856899435e-03
8.451035325582439e-03
1.004540780676618e-02
1.192705925872314e-02
1.414315988590488e-02
1.674995454910126e-02
1.981085990760448e-02
2.339736489641797e-02
2.759065851583683e-02
3.248622596618119e-02
3.818493742884980e-02
4.480330006283091e-02
5.246989221240560e-02
6.132604794132378e-02
7.152413671307745e-02
8.323542876981696e-02
9.661947259763844e-02
1.118688855863714e-01
1.291767366093522e-01
1.487212579769504e-01
1.706941484704283e-01
1.952629186140330e-01
2.225762098218375e-01
2.527531817736625e-01
2.858482285216556e-01
3.218934054876067e-01
3.607993123295169e-01
4.024289618989006e-01
4.465310156010943e-01
4.927308134807156e-01
5.405271648199100e-01
5.893143114594595e-01
6.383501958736046e-01
6.868345941213921e-01
7.338156995715162e-01
7.786234871623039e-01
8.201705752195150e-01
8.577770425163147e-01
8.908551213484663e-01
9.190090134611124e-01
9.421894577701296e-01
9.604728958491142e-01
9.742642290370515e-01
9.841504440896732e-01
9.908389869560823e-01
9.950786185569377e-01
9.975715246148117e-01
9.989161879166485e-01
9.995546848793941e-01
9.998332064450007e-01
9.999442608493045e-01
9.999835892439732e-01
9.999958023609155e-01
9.999990806907827e-01
9.999998304863726e-01
9.999999741358711e-01
9.999999968049850e-01
9.999999996864576e-01
9.999999999763937e-01
9.999999999986113e-01
9.999999999999521e-01
9.999999999999960e-01
1.000000000000001e+00
9.999999999999998e-01
1.000000000000000e+00
1.000000000000000e+00
1.000000000000000e+00
1.000000000000000e+00
1.000000000000000e+00
1.000000000000000e+00
1.000000000000000e+00
1.000000000000000e+00
1.000000000000000e+00
1.000000000000000e+00
###8.200000000000003e+00
2.761435327212273e-09
3.508341453026929e-09
4.408429658596018e-09
5.486233735217858e-09
6.810041763597981e-09
8.435588481803318e-09
1.041497730564323e-08
1.283083696983340e-08
1.578250136877548e-08
1.938932477890167e-08
2.379157530129261e-08
2.916943417595638e-08
3.573891545236494e-08
4.376284008486691e-08
5.356500928176726e-08
6.552583028059137e-08
8.012455313600844e-08
9.794184088194818e-08
1.196823662115145e-07
1.461972843381439e-07
1.786082994955041e-07
2.179701597601535e-07
2.660313550570188e-07
3.246359718846302e-07
3.960049381736598e-07
4.829498414570062e-07
5.888655106058039e-07
7.178271953070381e-07
8.748009308067982e-07
1.065839564283839e-06
1.298291924598169e-06
1.581019740590802e-06
1.924916152935060e-06
2.342840120522040e-06
2.851036235210800e-06
3.468064106625368e-06
4.217733204434262e-06
5.128017101742251e-06
6.233167194233963e-06
7.573762151322075e-06
9.200133285113462e-06
1.117237483562765e-05
1.356314488145006e-05
1.646016583417349e-05
1.996941387421924e-05
2.421858305183453e-05
2.936110439123170e-05
3.558401225390289e-05
4.310851598023423e-05
5.220391493832270e-05
6.319533829229521e-05
7.646795896246273e-05
9.249384654598149e-05
1.118263368968217e-04
1.351405794132062e-04
1.632399874184063e-04
1.971033045595012e-04
2.378526645088165e-04
2.868809391516699e-04
3.458535916136550e-04
4.167222254756479e-04
5.018387475420508e-04
6.039655290032134e-04
7.264385734460070e-04
8.732579864376851e-04
1.049052312042213e-03
1.259347576561875e-03
1.510818127639833e-03
1.811228567454709e-03
2.169527908425348e-03
2.596778998670517e-03
3.105908844822568e-03
3.711731434842790e-03
4.431100931184701e-03
5.285419902192116e-03
6.298506828820204e-03
7.497793295611635e-03
8.916268608318402e-03
1.059096188244480e-02
1.256570445825773e-02
1.488941997705480e-02
1.762022789295007e-02
2.082355521607558e-02
2.457330003276659e-02
2.895285848354741e-02
3.406035409301508e-02
3.999901946592303e-02
4.688796846100603e-02
5.485820177991822e-02
6.405341803229476e-02
7.462766583194191e-02
8.675388892249573e-02
1.005916926925233e-01
1.163337574478882e-01
1.341718266239155e-01
1.542806059806262e-01
1.768472915156840e-01
2.020322129242262e-01
2.299746627107266e-01
2.607811363653691e-01
2.944913296020103e-01
3.311196757320951e-01
3.705560176240627e-01
4.126408501511022e-01
4.570992223832850e-01
5.035326618642441e-01
5.514175266125602e-01
6.001291310530291e-01
6.489120860713783e-01
6.969594615262171e-01
7.433426311871562e-01
7.873570192621812e-01
8.279927432671506e-01
8.645886617266174e-01
8.966065769298898e-01
9.237041246202707e-01
9.458689083219985e-01
9.632351762875940e-01
9.762391621188851e-01
9.854863059941628e-01
9.916874412653172e-01
9.955799233890200e-01
9.978439278996217e-01
9.990503202965283e-01
9.996151142851813e-01
9.998579111992116e-01
9.999532614044356e-01
9.999864739802278e-01
9.999966045604061e-01
9.999992713603071e-01
9.999998685890739e-01
9.999999804226776e-01
9.999999976438112e-01
9.999999997749788e-01
9.999999999835928e-01
9.999999999990541e-01
9.999999999999714e-01
9.999999999999967e-01
1.000000000000001e+00
9.999999999999998e-01
1.000000000000000e+00
1.000000000000000e+00
1.000000000000000e+00
1.000000000000000e+00
1.000000000000000e+00
1.000000000000000e+00
1.000000000000000e+00
1.000000000000000e+00
1.000000000000000e+00
1.000000000000000e+00
###8.400000000000002e+00
2.985826692399676e-09
3.790643839461378e-09
4.763256945967273e-09
5.927579795114142e-09
7.357468384819875e-09
9.113014904256711e-09
1.125025191130246e-08
1.385826064015236e-08
1.704409432799003e-08
2.093631029170777e-08
2.568589795347205e-08
3.148685502012019e-08
3.857183735338902e-08
4.722345710852700e-08
5.779032458711763e-08
7.068139668995699e-08
8.641208718728311e-08
1.056066625586723e-07
1.290224653702134e-07
1.575739902897299e-07
1.924642956333898e-07
2.348316335538219e-07
2.865478218647372e-07
3.495939456907941e-07
4.263524913372557e-07
5.198397775008110e-07
6.336964366135673e-07
7.722911936197631e-07
9.409456181367727e-07
1.146145065061470e-06
1.395760308294865e-06
1.699279235716829e-06
2.068361693954909e-06
2.516764717541794e-06
3.061867358245763e-06
3.723505792569466e-06
4.527136228269014e-06
5.502644949969382e-06
6.686615761338448e-06
8.122366657038159e-06
9.863616464847692e-06
1.197447648213890e-05
1.453242634346131e-05
1.763097343587231e-05
2.138312010532849e-05
2.592460538630405e-05
3.141902366990285e-05
3.806532630869007e-05
4.609874055046827e-05
5.580557390640438e-05
6.753133942139340e-05
8.168504354206626e-05
9.876783842877411e-05
1.193666951209946e-04
1.441975485505590e-04
1.741118141779943e-04
2.101465541582945e-04
2.534897584241936e-04
3.056116527612749e-04
3.682771193133642e-04
4.435465868666017e-04
5.339032709565983e-04
6.422616032209907e-04
7.721340452256734e-04
9.277491465576157e-04
1.113966265873580e-03
1.336601569008852e-03
1.602671429652235e-03
1.920330167329683e-03
2.298963782030670e-03
2.750172749438044e-03
3.287497271314468e-03
3.926432182834625e-03
4.684581149460613e-03
5.584299924558770e-03
6.650432694237912e-03
7.911541800500405e-03
9.401936044946369e-03
1.116005041561951e-02
1.323124711187705e-02
1.566664231086237e-02
1.852585828425768e-02
2.187650388143510e-02
2.579488974387563e-02
3.036664515936721e-02
3.569253578495088e-02
4.187814973965066e-02
4.904516857907002e-02
5.732696484703541e-02
6.686951344629880e-02
7.782843413007808e-02
9.037818388238772e-02
1.046782059518875e-01
1.209209960615719e-01
1.392966602159227e-01
1.599760198743080e-01
1.831413422344469e-01
2.089453193010218e-01
2.375173801184502e-01
2.689509147633698e-01
3.032703767214636e-01
3.404721811979525e-01
3.804250980191330e-01
4.229469525759257e-01
4.677392475204056e-01
5.143800401074509e-01
5.623239202671891e-01
6.109283065867229e-01
6.594258492771274e-01
7.070049689445983e-01
7.527581486977011e-01
7.959579222036033e-01
8.356634721785453e-01
8.712382409313940e-01
9.021933183156695e-01
9.282392482356580e-01
9.494025799738264e-01
9.658707953422073e-01
9.781099058982137e-01
9.867415040229690e-01
9.924774805500081e-01
9.960419359280145e-01
9.980921184620296e-01
9.991709284959529e-01
9.996687109806025e-01
9.998795082791508e-01
9.999610064224332e-01
9.999889138512430e-01
9.999972704017692e-01
9.999994264118892e-01
9.999998988910324e-01
9.999999853030773e-01
9.999999982781433e-01
9.999999998400743e-01
9.999999999887257e-01
9.999999999993608e-01
9.999999999999839e-01
9.999999999999972e-01
1.000000000000001e+00
9.999999999999998e-01
1.000000000000000e+00
1.000000000000000e+00
1.000000000000000e+00
1.000000000000000e+00
1.000000000000000e+00
1.000000000000000e+00
1.000000000000000e+00
1.000000000000000e+00
1.000000000000000e+00
1.000000000000000e+00
###8.600000000000001e+00
3.226187948176386e-09
4.093115983126407e-09
5.143440303965940e-09
6.400439982183753e-09
7.943942188267217e-09
9.838696991312551e-09
1.214492584404491e-08
1.495860490319109e-08
1.839503325175275e-08
2.259259601139541e-08
2.771372244760524e-08
3.396715588987541e-08
4.160330964906250e-08
5.092591075669079e-08
6.231002163930851e-08
7.619502777534226e-08
9.313488834755956e-08
1.138003276003077e-07
1.390047892383346e-07
1.697302017678668e-07
2.072663449981614e-07
2.528400363923097e-07
3.084545957670103e-07
3.762367164926882e-07
4.587406250603630e-07
5.592002606928792e-07
6.815174456610369e-07
8.303726224694175e-07
1.011464810811058e-06
1.231738509771514e-06
1.499618307065957e-06
1.825256173537065e-06
2.221125126802112e-06
2.701933780494115e-06
3.286263422869414e-06
3.995301947146825e-06
4.856249173120805e-06
5.901015500280711e-06
7.168652309483421e-06
8.705373020589915e-06
1.056847797391909e-05
1.282632209420819e-05
1.556147647766915e-05
1.887355503655000e-05
2.288296758596783e-05
2.773395088675450e-05
3.360079638063209e-05
4.069501649308153e-05
4.926659762173039e-05
5.961974596545537e-05
7.212141448637629e-05
8.720566317986431e-05
1.054042020911524e-04
1.273393150674136e-04
1.537697385107541e-04
1.855972285597906e-04
2.239199641575115e-04
2.699948356798466e-04
3.253732573253073e-04
3.919238524897967e-04
4.718208796928298e-04
5.676846815661716e-04
6.825883017031226e-04
8.202285847811670e-04
9.850711988753120e-04
1.182216568759112e-03
1.417782234137446e-03
1.699140009838938e-03
2.034848620432155e-03
2.434746983590942e-03
2.910992519291063e-03
3.477759840299402e-03
4.151247032953231e-03
4.949830546997488e-03
5.896849094343691e-03
7.018200070776429e-03
8.343608523100086e-03
9.908736382833025e-03
1.175345698579359e-02
1.392472449252110e-02
1.647579991800014e-02
1.946792236613257e-02
2.297092566602928e-02
2.706344224567424e-02
3.183343767905994e-02
3.738425508144372e-02
4.382392429998647e-02
5.127657771157690e-02
5.987791990665493e-02
6.977610726812675e-02
8.112820378010942e-02
9.411003617818600e-02
1.088806297515972e-01
1.256320449623393e-01
1.445524269581185e-01
1.658083414471993e-01
1.895766917832013e-01
2.160020654307558e-01
2.452035116112950e-01
2.772608643508171e-01
3.121828070083000e-01
3.499473499909513e-01
3.904019000415556e-01
4.333414966367963e-01
4.784442091472128e-01
5.252650256563568e-01
5.732375174532579e-01
6.217023042390984e-01
6.698815298360600e-01
7.169609661498770e-01
7.620529649125772e-01
8.044169573067349e-01
8.431747667492051e-01
8.777191490613528e-01
9.076103648932335e-01
9.326113188078091e-01
9.527887748894543e-01
9.683794168674703e-01
9.798771677139608e-01
9.879173736309690e-01
9.932107037307073e-01
9.964662407998408e-01
9.983173458130451e-01
9.992788992810796e-01
9.997160172442338e-01
9.998982879795110e-01
9.999676319823949e-01
9.999909641824809e-01
9.999978191584051e-01
9.999995515231442e-01
9.999999227850828e-01
9.999999890566684e-01
9.999999987529921e-01
9.999999998874213e-01
9.999999999923413e-01
9.999999999995708e-01
9.999999999999920e-01
9.999999999999977e-01
1.000000000000000e+00
9.999999999999999e-01
1.000000000000000e+00
1.000000000000000e+00
1.000000000000000e+00
1.000000000000000e+00
1.000000000000000e+00
1.000000000000000e+00
1.000000000000000e+00
1.000000000000000e+00
1.000000000000000e+00
1.000000000000000e+00
###8.800000000000001e+00
3.483525358426192e-09
4.417028255423898e-09
5.550577219202433e-09
6.906798099067891e-09
8.571918223570987e-09
1.061566424409216e-08
1.310272099154791e-08
1.613642867011507e-08
1.984088987937610e-08
2.436497971084099e-08
2.988332739051056e-08
3.662040563220510e-08
4.484556630458745e-08
5.488505122825459e-08
6.714211324626712e-08
8.208855278852393e-08
1.003193918353894e-07
1.225548291482960e-07
1.496680341119234e-07
1.827126939152662e-07
2.230709738456797e-07
2.720636031215326e-07
3.318340232654908e-07
4.046636210709776e-07
4.932890951629417e-07
6.011755936043277e-07
7.325023407996255e-07
8.922807127479795e-07
1.086610249949417e-06
1.322922637058412e-06
1.610229808300774e-06
1.959387749216600e-06
2.383731353459296e-06
2.898977189935377e-06
3.524979950743902e-06
4.284358125516246e-06
5.206156864518131e-06
6.324427538528009e-06
7.680830656648611e-06
9.324639445539285e-06
1.131693828131412e-05
1.373056316795278e-05
1.665345932628313e-05
2.019168329344900e-05
2.447345231838489e-05
2.965197228557045e-05
3.591279060106314e-05
4.348065284742140e-05
5.262107799960319e-05
6.365709965855862e-05
7.697821212070366e-05
9.304479910816104e-05
1.124206648598007e-04
1.357651510774610e-04
1.638818916885400e-04
1.977254130077196e-04
2.384579171177245e-04
2.874083572474466e-04
3.462132912656624e-04
4.168495850054784e-04
5.016104947025540e-04
6.032595067174563e-04
7.250350486962334e-04
8.708264917918207e-04
1.045345646901249e-03
1.253944479281392e-03
1.503053488685141e-03
1.800413709242976e-03
2.155003339261970e-03
2.577130513655549e-03
3.079529364469883e-03
3.677030580227469e-03
4.386558307215198e-03
5.227285396969691e-03
6.223563732351520e-03
7.402371850895801e-03
8.794629570349528e-03
1.043738571395256e-02
1.237198485690504e-02
1.464708869963802e-02
1.731788806495281e-02
2.044751792456022e-02
2.410799202250443e-02
2.838033096224979e-02
3.335472790326978e-02
3.913696570005732e-02
4.583794895191533e-02
5.358387790011007e-02
6.251280262220808e-02
7.277495988336548e-02
8.452869096053987e-02
9.795112927221818e-02
1.132005258501151e-01
1.304682722989024e-01
1.499402183447383e-01
1.717782893426241e-01
1.961535808231371e-01
2.232021000189091e-01
2.530319986946378e-01
2.857090977647098e-01
3.212257993278473e-01
3.595413348837315e-01
4.004814873288377e-01
4.438184322163735e-01
4.892069696180744e-01
5.361794814601564e-01
5.841493386818775e-01
6.324415315804237e-01
6.802692167084470e-01
7.268175016943859e-01
7.712180223074032e-01
8.127253843056278e-01
8.505192154890602e-01
8.840254515438255e-01
9.128534910530480e-01
9.368179918334122e-01
9.560265401335323e-01
9.707613663174702e-01
9.815421971505158e-01
9.890156393682302e-01
9.938889765006104e-01
9.968545142923168e-01
9.985209274860813e-01
9.993751362928830e-01
9.997575713054216e-01
9.999145318156911e-01
9.999732670778512e-01
9.999926762194046e-01
9.999982649216529e-01
9.999996517036301e-01
9.999999414664769e-01
9.999999919177667e-01
9.999999991046891e-01
9.999999999215724e-01
9.999999999948287e-01
9.999999999997228e-01
9.999999999999939e-01
9.999999999999990e-01
1.000000000000000e+00
1.000000000000000e+00
1.000000000000000e+00
1.000000000000000e+00
1.000000000000000e+00
1.000000000000000e+00
1.000000000000000e+00
1.000000000000000e+00
1.000000000000000e+00
1.000000000000000e+00
1.000000000000000e+00
1.000000000000000e+00
###9.000000000000000e+00
3.758900948028510e-09
4.763721408941139e-09
5.986353719281138e-09
7.448747791080396e-09
9.243987291234264e-09
1.144711339128462e-08
1.412756440309107e-08
1.739654132037740e-08
2.138754136942146e-08
2.626063045231073e-08
3.220344206792982e-08
3.945721930181538e-08
4.831150245582090e-08
5.911652820781094e-08
7.230557842061939e-08
8.838496654237236e-08
1.079934383696092e-07
1.319038536816933e-07
1.610529351103444e-07
1.965706945759181e-07
2.399376576843438e-07
2.925743592022524e-07
3.567726368235964e-07
4.349791006525503e-07
5.301237784601005e-07
6.459174137917343e-07
7.868337104472342e-07
9.582352109745040e-07
1.166646254961595e-06
1.420015220574757e-06
1.727976654247041e-06
2.102132549646647e-06
2.556730856731709e-06
3.108555321451127e-06
3.778808802685328e-06
4.591623129822714e-06
5.577995575862175e-06
6.774241008185997e-06
8.224777456056915e-06
9.982110285722980e-06
1.211131996594365e-05
1.468997272681535e-05
1.781168219109899e-05
2.158930082800418e-05
2.615927040212768e-05
3.168425845266716e-05
3.836165276033767e-05
4.643013327865247e-05
5.617155807553210e-05
6.792875682307169e-05
8.211491241005663e-05
9.921805532838354e-05
1.198356828889619e-04
1.446660092025467e-04
1.745597444631354e-04
2.105267078660117e-04
2.537961425600288e-04
3.057723472448911e-04
3.681811056900814e-04
4.431122075403112e-04
5.329832430839246e-04
6.407070623953800e-04
7.696944730085388e-04
9.240357412828631e-04
1.108698195618123e-03
1.329296047589206e-03
1.592584696419231e-03
1.906688541103243e-03
2.281020705377365e-03
2.726375211195700e-03
3.256083120594592e-03
3.885653307585089e-03
4.632759186294302e-03
5.517393947290137e-03
6.564953351078522e-03
7.803545678311085e-03
9.265256440032819e-03
1.098861633612929e-02
1.301645372403643e-02
1.539912978496164e-02
1.819391890100125e-02
2.146576004781436e-02
2.528891592195740e-02
2.974679415795999e-02
3.493183778320351e-02
4.095228540528209e-02
4.792183742158947e-02
5.596875410459353e-02
6.523361571405811e-02
7.586781855503216e-02
8.803165933879720e-02
1.019031048630349e-01
1.176393960854830e-01
1.354309658731383e-01
1.554610222760369e-01
1.778864531448140e-01
2.028720935889672e-01
2.305448870912062e-01
2.610015698936401e-01
2.942934892213865e-01
3.303962724913679e-01
3.692500142429443e-01
4.106586449390238e-01
4.543714401098925e-01
5.000201486549604e-01
5.471150742898985e-01
5.950502767653427e-01
6.431363579768330e-01
6.905790743907356e-01
7.365648415712291e-01
7.802445375138684e-01
8.208749751894977e-01
8.576900058484365e-01
8.901519113903767e-01
9.179192141887533e-01
9.408576308512334e-01
9.591156253142421e-01
9.730175802374664e-01
9.831067301596109e-01
9.900384566735789e-01
9.945143876639176e-01
9.972085499469542e-01
9.987042233691955e-01
9.994605447445448e-01
9.997938993042421e-01
9.999285089160114e-01
9.999780323177732e-01
9.999940967833604e-01
9.999986312535937e-01
9.999997312733400e-01
9.999999559595986e-01
9.999999940762017e-01
9.999999993635594e-01
9.999999999456458e-01
9.999999999966167e-01
9.999999999998010e-01
1.000000000000002e+00
9.999999999999978e-01
1.000000000000001e+00
9.999999999999999e-01
1.000000000000000e+00
1.000000000000000e+00
1.000000000000000e+00
1.000000000000000e+00
1.000000000000000e+00
1.000000000000000e+00
1.000000000000000e+00
1.000000000000000e+00
1.000000000000000e+00
1.000000000000000e+00
###9.199999999999999e+00
4.053435173482182e-09
5.134610050894782e-09
6.452548716533354e-09
8.028497933238445e-09
9.962882588972477e-09
1.233641659170247e-08
1.522359793668021e-08
1.874401489090921e-08
2.304118484344129e-08
2.828710655379209e-08
3.468326818340385e-08
4.248878441536474e-08
5.201470614506180e-08
6.363682900933505e-08
7.782040784784407e-08
9.510848484191849e-08
1.161863406224077e-07
1.418828609873682e-07
1.732023623507057e-07
2.113560003788814e-07
2.579289601511711e-07
3.144487846360573e-07
3.833615477831174e-07
4.672929355890272e-07
5.693769503369719e-07
6.935850226009266e-07
8.447033181664471e-07
1.028466841739650e-06
1.251850273037008e-06
1.523349719268027e-06
1.853259422661507e-06
2.253971527340881e-06
2.740700780499540e-06
3.331360323357694e-06
4.048579667843581e-06
4.918090791828692e-06
5.972955146072459e-06
7.251879459027960e-06
8.802195193257602e-06
1.067981980250472e-05
1.295405186214575e-05
1.570744869196801e-05
1.903960116903976e-05
2.307052582000813e-05
2.794532560774536e-05
3.383664323518106e-05
4.095431793727837e-05
4.955169571823650e-05
5.992781386398416e-05
7.244630819753992e-05
8.754524563264289e-05
1.057416802809811e-04
1.276684661763515e-04
1.540645760281463e-04
1.858300599747526e-04
2.240326494305832e-04
2.699717605609675e-04
3.251304432428843e-04
3.913279213727286e-04
4.707717730555100e-04
5.660094314692394e-04
6.801095440190929e-04
8.166644538652500e-04
9.799680987776056e-04
1.175258868601354e-03
1.408422242758181e-03
1.686550805670525e-03
2.018166839479813e-03
2.413134228955669e-03
2.882749923334960e-03
3.440962581588918e-03
4.103981812935502e-03
4.890253898122992e-03
5.820616608644671e-03
6.921540804480267e-03
8.222295802116839e-03
9.756156146375193e-03
1.156317691716924e-02
1.368770003763272e-02
1.618181466667983e-02
1.910492189028415e-02
2.252378162326931e-02
2.651495880124865e-02
3.116417496778007e-02
3.656621208269761e-02
4.283175105686573e-02
5.007720984763674e-02
5.843289171718607e-02
6.804184186247719e-02
7.905641331033028e-02
9.163879684858059e-02
1.059675587031133e-01
1.221986779264066e-01
1.405213263580137e-01
1.611157178649003e-01
1.841332880067882e-01
2.097321525968514e-01
2.380297011000678e-01
2.691107367822960e-01
3.030116718861835e-01
3.396908847284326e-01
3.790689942809700e-01
4.209278851337510e-01
4.649939420513471e-01
5.108761382225122e-01
5.580632945441903e-01
6.059311214122893e-01
6.537771446234932e-01
7.008013741429477e-01
7.461935063649832e-01
7.891240371595601e-01
8.288580286363894e-01
8.646809368953312e-01
8.960939880664212e-01
9.228047803604620e-01
9.447292867573939e-01
9.620564397475091e-01
9.751495555917739e-01
9.845729358735175e-01
9.909882377810626e-01
9.950892045264167e-01
9.975302247725619e-01
9.988686132360285e-01
9.995360184463981e-01
9.998255088239389e-01
9.999404733623224e-01
9.999820390914546e-01
9.999952681900245e-01
9.999989267136149e-01
9.999997940664481e-01
9.999999671058855e-01
9.999999956933979e-01
9.999999995513900e-01
9.999999999627157e-01
9.999999999978018e-01
9.999999999998621e-01
1.000000000000004e+00
9.999999999999978e-01
1.000000000000001e+00
9.999999999999999e-01
1.000000000000000e+00
1.000000000000000e+00
1.000000000000000e+00
1.000000000000000e+00
1.000000000000000e+00
1.000000000000000e+00
1.000000000000000e+00
1.000000000000000e+00
1.000000000000000e+00
1.000000000000000e+00
###9.399999999999999e+00
4.368309722828166e-09
5.531186184790790e-09
6.951038465896340e-09
8.648378143494936e-09
1.073148651313043e-08
1.328712985257844e-08
1.639518875076823e-08
2.018419651911727e-08
2.480835269056772e-08
3.045237388891907e-08
3.733250196999330e-08
4.572688761354495e-08
5.596949037702325e-08
6.846331725895373e-08
8.370765040380280e-08
1.022845999020691e-07
1.249289496923072e-07
1.525291633808935e-07
1.861614151023395e-07
2.271230884318435e-07
2.771106663866245e-07
3.377650307383418e-07
4.116964647863715e-07
5.017204740950188e-07
6.111875595505718e-07
7.443457150829805e-07
9.063124963618479e-07
1.103217777325391e-06
1.342513432222886e-06
1.633275941997279e-06
1.986498210961781e-06
2.415408903271265e-06
2.936246036646322e-06
3.568117424739799e-06
4.335161627281619e-06
5.264801797058979e-06
6.392281057768390e-06
7.758832650105001e-06
9.414864493978097e-06
1.141989103364320e-05
1.384767309801062e-05
1.678601985411355e-05
2.034082678597579e-05
2.463965903317160e-05
2.983673707655814e-05
3.611521443514039e-05
4.369802025052626e-05
5.285392929839567e-05
6.390003452437099e-05
7.722182994947701e-05
9.328351112774773e-05
1.126325886171761e-04
1.359390036284879e-04
1.639844474629496e-04
1.977206614237098e-04
2.382760076425441e-04
2.870233247064843e-04
3.455279452689611e-04
4.157068839781072e-04
4.998905585112816e-04
6.007619317290826e-04
7.215521024276580e-04
8.660427086236748e-04
1.038739213360781e-03
1.245162114249387e-03
1.491479069066054e-03
1.785132476087575e-03
2.135057395784275e-03
2.551584693720639e-03
3.046531655677611e-03
3.634485651009119e-03
4.332380007738399e-03
5.159457845399272e-03
6.137426052014279e-03
7.293862180428211e-03
8.659224225978748e-03
1.026801106722534e-02
1.216183271714508e-02
1.438657802323219e-02
1.699610033154092e-02
2.005194532373652e-02
2.362273368585778e-02
2.778735146205841e-02
3.263383199106860e-02
3.825930840026948e-02
4.477695829720701e-02
5.230568959753293e-02
6.097796943051288e-02
7.093908989636849e-02
8.234244538091744e-02
9.535175297019170e-02
1.101460325198559e-01
1.268797367778994e-01
1.457404567833861e-01
1.669050675584484e-01
1.905191070084249e-01
2.167335113271787e-01
2.456556203167659e-01
2.773577885495145e-01
3.118610341163964e-01
3.491063244260028e-01
3.889936108535329e-01
4.312834530380326e-01
4.756791110578819e-01
5.217671180393092e-01
5.690154774583435e-01
6.167825864499685e-01
6.643542780273316e-01
7.109265412458691e-01
7.556960861753386e-01
7.978484406089384e-01
8.366673956961092e-01
8.714864434635942e-01
9.018478393279507e-01
9.275081511186979e-01
9.484326757210801e-01
9.648500104381730e-01
9.771593001591402e-01
9.859433646416323e-01
9.918676319318370e-01
9.956158312902734e-01
9.978214684548834e-01
9.990154771905680e-01
9.996024289545361e-01
9.998528838566918e-01
9.999506623230551e-01
9.999853891264572e-01
9.999962281734086e-01
9.999991634563082e-01
9.999998432457760e-01
9.999999756100937e-01
9.999999968941005e-01
9.999999996864863e-01
9.999999999746668e-01
9.999999999985861e-01
9.999999999999059e-01
1.000000000000005e+00
9.999999999999981e-01
1.000000000000000e+00
9.999999999999999e-01
1.000000000000000e+00
1.000000000000000e+00
1.000000000000000e+00
1.000000000000000e+00
1.000000000000000e+00
1.000000000000000e+00
1.000000000000000e+00
1.000000000000000e+00
1.000000000000000e+00
1.000000000000000e+00
###9.599999999999998e+00
4.704770440665836e-09
5.955022908944168e-09
7.483801219723055e-09
9.310845546628916e-09
1.155283778390540e-08
1.430300145047543e-08
1.764693993077460e-08
2.172272148432927e-08
2.669592832992805e-08
3.276482507610128e-08
4.016135738417940e-08
4.918394265457213e-08
6.019092686875093e-08
7.361427509403975e-08
8.998946188602921e-08
1.099401388969613e-07
1.342537251094781e-07
1.638820099085877e-07
1.999775223199472e-07
2.439292350230288e-07
2.975519275182047e-07
3.626064956790770e-07
4.418779261410951e-07
5.383828752540434e-07
6.557015180114963e-07
7.983751247479637e-07
9.718725555933269e-07
1.182742124450642e-06
1.438941125488821e-06
1.750160731216606e-06
2.128133446681539e-06
2.586973152146158e-06
3.144000435362079e-06
3.819586471907439e-06
4.639464726496422e-06
5.632845537973224e-06
6.837276691530005e-06
8.296659026849727e-06
1.006464749699318e-05
1.220453262242755e-05
1.479483708483270e-05
1.792885050780301e-05
2.171912967629575e-05
2.630119069840502e-05
3.183884709403076e-05
3.852632285501723e-05
4.660030350664302e-05
5.634574464948647e-05
6.809883699239554e-05
8.226790008510763e-05
9.934459639850594e-05
1.199083830774814e-04
1.446680882003024e-04
1.744501575456757e-04
2.102604649008928e-04
2.532908234741180e-04
3.049908643928345e-04
3.670118633567895e-04
4.413731170424688e-04
5.305331235206317e-04
6.373162433089458e-04
7.651228963523767e-04
9.179316335509463e-04
1.100468677604895e-03
1.318546899215252e-03
1.578627673600022e-03
1.888516201613121e-03
2.257575595181967e-03
2.696620306678086e-03
3.218005735089178e-03
3.836979517888435e-03
4.571222113218501e-03
5.440797813986990e-03
6.468307436960957e-03
7.682467171601540e-03
9.114951786403111e-03
1.080151929561881e-02
1.278536562210533e-02
1.511395926302081e-02
1.784299307153647e-02
2.103605535923768e-02
2.476378453751735e-02
2.910736018170999e-02
3.415713812601699e-02
4.001259619320185e-02
4.678941721817190e-02
5.460890265054843e-02
6.360566122280960e-02
7.392709952159296e-02
8.572759076983309e-02
9.917213847876524e-02
1.144400130760483e-01
1.316837476430069e-01
1.510893813539337e-01
1.728297153663471e-01
1.970440795939290e-01
2.238757537752938e-01
2.534215289052815e-01
2.857407981159006e-01
3.208387423428017e-01
3.586397623209502e-01
3.990189722984118e-01
4.417193528672909e-01
4.864198989159774e-01
5.326850838158161e-01
5.799628338655826e-01
6.275953423239146e-01
6.748582033058003e-01
7.209451775391158e-01
7.650619120401840e-01
8.064100565052711e-01
8.442964890670688e-01
8.781015938371567e-01
9.074103138142712e-01
9.320279832735464e-01
9.519681510828458e-01
9.674979378332852e-01
9.790492822977767e-01
9.872208972358772e-01
9.926794936902509e-01
9.960967712306636e-01
9.980842359835711e-01
9.991461784275190e-01
9.996606167562914e-01
9.998764810768547e-01
9.999592949046864e-01
9.999881743675313e-01
9.999970100672083e-01
9.999993519098602e-01
9.999998814768821e-01
9.999999820471661e-01
9.999999977777116e-01
9.999999997827873e-01
9.999999999829386e-01
9.999999999991026e-01
9.999999999999358e-01
1.000000000000004e+00
9.999999999999984e-01
1.000000000000000e+00
9.999999999999999e-01
1.000000000000000e+00
1.000000000000000e+00
1.000000000000000e+00
1.000000000000000e+00
1.000000000000000e+00
1.000000000000000e+00
1.000000000000000e+00
1.000000000000000e+00
1.000000000000000e+00
1.000000000000000e+00
###9.799999999999997e+00
5.064130529351121e-09
6.407778348449462e-09
8.052922176219687e-09
1.001849296699529e-08
1.243014023241358e-08
1.538798160329586e-08
1.898370184255016e-08
2.336552703090039e-08
2.871116297641886e-08
3.523329982740835e-08
4.318059071435704e-08
5.287302076208665e-08
6.469488193741466e-08
7.910894971213595e-08
9.668915692459201e-08
1.181033262692264e-07
1.441948097571980e-07
1.759826756809245e-07
2.147005503274972e-07
2.618346466699994e-07
3.193254157767384e-07
3.890608011803993e-07
4.740115359913096e-07
5.774073709775127e-07
7.030720119338041e-07
8.558575930887097e-07
1.041605226927838e-06
1.267306446004127e-06
1.541453627929310e-06
1.874388698650222e-06
2.278626759336103e-06
2.769218033024097e-06
3.364627918440820e-06
4.086563773618675e-06
4.962435305450960e-06
6.023362148054960e-06
7.309305634574712e-06
8.866988569753543e-06
1.075349130419022e-05
1.303608749198499e-05
1.579831635797678e-05
1.913924578172785e-05
2.317844688916179e-05
2.805980647724060e-05
3.395722962453159e-05
4.107659224298690e-05
4.966903253195447e-05
6.003650747251265e-05
7.253528152380532e-05
8.759761654190729e-05
1.057439977463434e-04
1.275873787971144e-04
1.538773449927179e-04
1.854872108423826e-04
2.234795166856921e-04
2.691124518800989e-04
3.239159351675573e-04
3.896309743058362e-04
4.683837871619189e-04
5.627663846021384e-04
6.757505804821523e-04
8.109132035794641e-04
9.724375891079518e-04
1.165280171040521e-03
1.395556848716710e-03
1.670034499188723e-03
1.996894476703736e-03
2.385943599206887e-03
2.848496898660928e-03
3.397466029118650e-03
4.048780896368445e-03
4.820892924631673e-03
5.734712271379090e-03
6.813758751912536e-03
8.087919470349970e-03
9.590114483100685e-03
1.135739531310587e-02
1.343457507011403e-02
1.587073520091169e-02
1.872362890101089e-02
2.205833953336058e-02
2.594812122570248e-02
3.047627370299183e-02
3.573548092367272e-02
4.182755576417578e-02
4.887067836973193e-02
5.698847492466248e-02
6.631767151840562e-02
7.700755945954571e-02
8.921349624560172e-02
1.031015187741584e-01
1.188509189388640e-01
1.366114952049444e-01
1.565689987828581e-01
1.788900635313519e-01
2.037082161358579e-01
2.311582795209460e-01
2.613260998487652e-01
2.942576018487855e-01
3.299416956392056e-01
3.682855711054004e-01
4.091398938110882e-01
4.522293233216989e-01
4.972090204498976e-01
5.436218424034123e-01
5.908964521266601e-01
6.383600223589851e-01
6.852794309487786e-01
7.308480495153057e-01
7.742820847593456e-01
8.148015527495757e-01
8.517392635019430e-01
8.845220735153692e-01
9.127789264285627e-01
9.363635957658053e-01
9.553366653145621e-01
9.700023462253645e-01
9.808223782619675e-01
9.884086939759009e-01
9.934268388766850e-01
9.965345916846714e-01
9.983204831569845e-01
9.992620490647164e-01
9.997113843014033e-01
9.998967272668380e-01
9.999665715938627e-01
9.999904771164736e-01
9.999976430256228e-01
9.999995009426131e-01
9.999999109793412e-01
9.999999868812326e-01
9.999999984223372e-01
9.999999998508148e-01
9.999999999886032e-01
9.999999999994398e-01
9.999999999999558e-01
1.000000000000004e+00
9.999999999999988e-01
1.000000000000000e+00
9.999999999999999e-01
1.000000000000000e+00
1.000000000000000e+00
1.000000000000000e+00
1.000000000000000e+00
1.000000000000000e+00
1.000000000000000e+00
1.000000000000000e+00
1.000000000000000e+00
1.000000000000000e+00
1.000000000000000e+00
###9.999999999999996e+00
5.447773495150026e-09
6.891199644793109e-09
8.660598493114395e-09
1.077404330584521e-08
1.336677301521439e-08
1.654623177743986e-08
2.041058365996072e-08
2.511886640552800e-08
3.086169269023642e-08
3.786710557317750e-08
4.640152548904086e-08
5.680787885498849e-08
6.949805246689078e-08
8.496757676536827e-08
1.038312610970887e-07
1.268038462940222e-07
1.547881046990488e-07
1.888745519515109e-07
2.303829100753630e-07
2.809025872055686e-07
3.425074745781657e-07
4.172199746135106e-07
5.082081811176719e-07
6.189275238105555e-07
7.534598080669884e-07
9.169865329086919e-07
1.115743088744491e-06
1.357190270391098e-06
1.650386698180413e-06
2.006362933451973e-06
2.438461809895979e-06
2.962723553078654e-06
3.598823672690104e-06
4.369880906727032e-06
5.305044973874037e-06
6.437544126453878e-06
7.809794078611257e-06
9.471525451100292e-06
1.148343108503950e-05
1.391698413596002e-05
1.686100692543679e-05
2.042065674792205e-05
2.472288795293575e-05
2.992039615765438e-05
3.619769863945721e-05
4.377292903279925e-05
5.291240483789724e-05
6.393594820606196e-05
7.722088724458147e-05
9.322461468381139e-05
1.124978406295866e-04
1.356886261984139e-04
1.635892573872387e-04
1.971221122522397e-04
2.374090271243159e-04
2.857776001812245e-04
3.438416593404659e-04
4.134358704261649e-04
4.967981585314863e-04
5.966596768563805e-04
7.161459396087330e-04
8.590174952039109e-04
1.029670590677584e-03
1.233301547771596e-03
1.476340339718267e-03
1.765871382107644e-03
2.110465896227624e-03
2.520390444362105e-03
3.007478017435928e-03
3.585215029672677e-03
4.270236091954187e-03
5.081787845941404e-03
6.041651343499105e-03
7.174290705271761e-03
8.510796543725080e-03
1.008536306715570e-02
1.193636919675973e-02
1.411027673782946e-02
1.665781303143599e-02
1.963880842703823e-02
2.311990056256201e-02
2.717694680475087e-02
3.189539563131989e-02
3.737026096276570e-02
4.370567751197064e-02
5.102230931300491e-02
5.944618107989530e-02
6.911579469375183e-02
8.018213413526132e-02
9.280178020495927e-02
1.071414162885736e-01
1.233801118363099e-01
1.416647016118699e-01
1.621801112008590e-01
1.850865951696070e-01
2.105113733190786e-01
2.385803071643248e-01
2.693677984592777e-01
3.029058039459700e-01
3.391665355120702e-01
3.780393923045607e-01
4.193509161354795e-01
4.628068536715165e-01
5.080389738539370e-01
5.545690362203924e-01
6.018073275934396e-01
6.490672581343466e-01
6.956085780964012e-01
7.406261515684608e-01
7.833484480443466e-01
8.230160430615182e-01
8.589902510005339e-01
8.907442060643245e-01
9.179518588567644e-01
9.405149538035322e-01
9.585397425552650e-01
9.723658425410148e-01
9.824818258166713e-01
9.895101491367609e-01
9.941128040472976e-01
9.969318930862726e-01
9.985321454036642e-01
9.993643762584601e-01
9.997549362594829e-01
9.999140136677466e-01
9.999726731635949e-01
9.999923700758832e-01
9.999981522231879e-01
9.999996180238170e-01
9.999999335758556e-01
9.999999904838985e-01
9.999999988881682e-01
9.999999998985813e-01
9.999999999923943e-01
9.999999999996737e-01
9.999999999999638e-01
1.000000000000005e+00
9.999999999999986e-01
1.000000000000000e+00
9.999999999999999e-01
1.000000000000000e+00
1.000000000000000e+00
1.000000000000000e+00
1.000000000000000e+00
1.000000000000000e+00
1.000000000000000e+00
1.000000000000000e+00
1.000000000000000e+00
1.000000000000000e+00
1.000000000000000e+00
###1.020000000000000e+01
5.857156634627288e-09
7.407127212674696e-09
9.309144645530893e-09
1.158036973322727e-08
1.436628413181703e-08
1.778213474520665e-08
2.193296568684307e-08
2.698932387511382e-08
3.315555662831056e-08
4.067603959837184e-08
4.983607925196520e-08
6.100299348440354e-08
7.461800487269937e-08
9.121145044136243e-08
1.114415674623993e-07
1.360729110287184e-07
1.660713509771807e-07
2.026032441788471e-07
2.470796753251541e-07
3.011995230365195e-07
3.671800334592858e-07
4.471806554687356e-07
5.445842711233216e-07
6.630835119379176e-07
8.070335921135263e-07
9.819648308370388e-07
1.194530046980089e-06
1.452686661660191e-06
1.766092257545576e-06
2.146505812325440e-06
2.608145268759051e-06
3.168097136041991e-06
3.847315539620437e-06
4.670409368570572e-06
5.668368146225688e-06
6.876638981736909e-06
8.340233317989967e-06
1.011205109391617e-05
1.225659353410034e-05
1.484975940534426e-05
1.798593315063684e-05
2.177668606810027e-05
2.635674163772368e-05
3.188806051200917e-05
3.856631672392546e-05
4.662253230173260e-05
5.633896225741179e-05
6.805419281899010e-05
8.216764723717781e-05
9.916308514699381e-05
1.196229001762318e-04
1.442319346817830e-04
1.738271942353349e-04
2.093823980950836e-04
2.520814060665754e-04
3.033243683022272e-04
3.648127738421562e-04
4.384790107565948e-04
5.266776502067434e-04
6.322848170848607e-04
7.585861685125756e-04
9.095335036293600e-04
1.089741817492994e-03
1.304664915802838e-03
1.561050600957811e-03
1.866315662416877e-03
2.229435275976815e-03
2.661152170801281e-03
3.173835062967520e-03
3.781563991553417e-03
4.501701141571947e-03
5.354313026616640e-03
6.362076943383488e-03
7.550426838508474e-03
8.951689718936801e-03
1.060136307220076e-02
1.253918660174651e-02
1.481330245191554e-02
1.747611573647745e-02
2.058955207792616e-02
2.422185619330931e-02
2.845147957973138e-02
3.336604334136505e-02
3.906289025614432e-02
4.564845965319998e-02
5.324588077551042e-02
6.198350937975360e-02
7.200148717734026e-02
8.345246376164046e-02
9.649402622554812e-02
1.112933041400975e-01
1.280288896463416e-01
1.468444019471125e-01
1.679234180773802e-01
1.914195847477362e-01
2.174532520752432e-01
2.461408718784404e-01
2.775448820074817e-01
3.116827790862498e-01
3.485096593867768e-01
3.878966118160880e-01
4.296463336995777e-01
4.734452039287933e-01
5.189020637325571e-01
5.655181687881402e-01
6.126863914554700e-01
6.597077109781038e-01
7.058364014267927e-01
7.502707391156934e-01
7.922532206158290e-01
8.310471158644451e-01
8.660445717499389e-01
8.967649540850312e-01
9.229279465765895e-01
9.444826430536790e-01
9.615794439234537e-01
9.745914715825363e-01
9.840311767446732e-01
9.905288462229036e-01
9.947406086430459e-01
9.972912811587806e-01
9.987211204138228e-01
9.994543985089022e-01
9.997932821059646e-01
9.999287012389199e-01
9.999777647005185e-01
9.999939173768120e-01
9.999985595463482e-01
9.999997093691592e-01
9.999999507745891e-01
9.999999931435299e-01
9.999999992235284e-01
9.999999999313209e-01
9.999999999950616e-01
9.999999999997864e-01
9.999999999999803e-01
1.000000000000002e+00
9.999999999999993e-01
1.000000000000000e+00
1.000000000000000e+00
1.000000000000000e+00
1.000000000000000e+00
1.000000000000000e+00
1.000000000000000e+00
1.000000000000000e+00
1.000000000000000e+00
1.000000000000000e+00
1.000000000000000e+00
1.000000000000000e+00
1.000000000000000e+00
###1.040000000000000e+01
6.293814560463982e-09
7.957499148025246e-09
1.000099796907821e-08
1.244049778232089e-08
1.543241571372907e-08
1.910030498713439e-08
2.355651207425294e-08
2.898383020168425e-08
3.560121578050769e-08
4.367041179382247e-08
5.349679105240600e-08
6.547359349973999e-08
8.007321525509226e-08
9.786296363514924e-08
1.195471942192931e-07
1.459433295653596e-07
1.780842124067109e-07
2.172166712325852e-07
2.648487013664381e-07
3.227952644236619e-07
3.934259568427215e-07
4.790442968671545e-07
5.832619789973750e-07
7.100224164698538e-07
8.639703112589768e-07
1.051005255268439e-06
1.278221826439937e-06
1.554105658233765e-06
1.888939072777028e-06
2.295259805750766e-06
2.788207756183589e-06
3.385974745092453e-06
4.110865343541302e-06
4.989061158026197e-06
6.053495911053546e-06
7.341951385859120e-06
8.902182327061732e-06
1.079042716490167e-05
1.307520038357632e-05
1.583706262482960e-05
1.917625225818627e-05
2.321109348989014e-05
2.808448148830837e-05
3.396811897053277e-05
4.106940401202222e-05
4.963290402725759e-05
5.995760264491864e-05
7.240178537174278e-05
8.738804476215656e-05
1.054277926444842e-04
1.271366226737634e-04
1.532378973690899e-04
1.846154382524597e-04
2.222966686133941e-04
2.675302999786488e-04
3.217922910397080e-04
3.868756778227321e-04
4.648147754298466e-04
5.580858974369206e-04
6.697161728191791e-04
8.031580439345598e-04
9.625623117941767e-04
1.152770974186629e-03
1.379506746942119e-03
1.649845828540845e-03
1.971550309964746e-03
2.354013788382763e-03
2.808471967801113e-03
3.347847441546186e-03
3.986833093379839e-03
4.743541977712261e-03
5.638885527215165e-03
6.696462937926704e-03
7.942703692349503e-03
9.411204345110481e-03
1.113879499771264e-02
1.316660898943314e-02
1.554450048270118e-02
1.832658314892973e-02
2.157689626468266e-02
2.536534053825751e-02
2.977295302939594e-02
3.488954740211293e-02
4.081479094510185e-02
4.765740613360890e-02
5.554296234187534e-02
6.460204558680177e-02
7.497638232643238e-02
8.682015938156527e-02
1.002917768756565e-01
1.155585991080566e-01
1.327984756864737e-01
1.521515372548011e-01
1.737995010300728e-01
1.978891422076899e-01
2.245333862320557e-01
2.538388168432519e-01
2.858553927605749e-01
3.205856676485718e-01
3.579672183678640e-01
3.978523619343591e-01
4.400202673785910e-01
4.841374149463604e-01
5.297904153506040e-01
5.764606236500626e-01
6.235245339347116e-01
6.702720984324102e-01
7.159538253111836e-01
7.597733557231185e-01
8.009890209682543e-01
8.388888546322565e-01
8.728979404921501e-01
9.025819153486225e-01
9.277066619579434e-01
9.482678407066661e-01
9.644583304403280e-01
9.766826708623347e-01
9.854742503532693e-01
9.914685153169581e-01
9.953135198840349e-01
9.976153416949044e-01
9.988892518901652e-01
9.995332937858792e-01
9.998262787422730e-01
9.999411348296900e-01
9.999819918243745e-01
9.999951758610131e-01
9.999988833136162e-01
9.999997802266529e-01
9.999999637576106e-01
9.999999950964599e-01
9.999999994615599e-01
9.999999999539830e-01
9.999999999967912e-01
9.999999999998704e-01
9.999999999999871e-01
1.000000000000002e+00
9.999999999999996e-01
1.000000000000000e+00
1.000000000000000e+00
1.000000000000000e+00
1.000000000000000e+00
1.000000000000000e+00
1.000000000000000e+00
1.000000000000000e+00
1.000000000000000e+00
1.000000000000000e+00
1.000000000000000e+00
1.000000000000000e+00
1.000000000000000e+00
###1.059999999999999e+01
6.759362709456831e-09
8.544355714355724e-09
1.073872408374323e-08
1.335761234578266e-08
1.656910672403303e-08
2.050559928454427e-08
2.528718374295602e-08
3.110967836523895e-08
3.820760317745759e-08
4.686106770961872e-08
5.739684925342297e-08
7.023569363815908e-08
8.588310949990723e-08
1.049456567271922e-07
1.281766424207632e-07
1.564495768139367e-07
1.908683579586418e-07
2.327651629007468e-07
2.837507394033087e-07
3.457630924725331e-07
4.213332797584425e-07
5.129173468889290e-07
6.243694748699199e-07
7.598985027569531e-07
9.244555114989445e-07
1.124330857749617e-06
1.367086436326514e-06
1.661762042648778e-06
2.019313435391652e-06
2.453088278686540e-06
2.979204796379209e-06
3.617022005282691e-06
4.390270209727334e-06
5.326790251244046e-06
6.461569246940486e-06
7.834845236238846e-06
9.497270347737390e-06
1.150859862524237e-05
1.394157194679438e-05
1.688165984820554e-05
2.043525950890011e-05
2.472780173740412e-05
2.991077357412534e-05
3.616611765898038e-05
4.371354756996313e-05
5.281185977045505e-05
6.377759264175319e-05
7.698970269622039e-05
9.289507022077024e-05
1.120340956605339e-04
1.350571485882621e-04
1.627279176855187e-04
1.959792166609286e-04
2.358946232927252e-04
2.837906324859937e-04
3.412223846076678e-04
4.100784858644313e-04
4.924995270039890e-04
5.910888221510259e-04
7.090307443907287e-04
8.499513672784166e-04
1.018208483181168e-03
1.218880110192443e-03
1.457968043730445e-03
1.742889336109370e-03
2.081764079904868e-03
2.484419124049692e-03
2.962600343503164e-03
3.529802743074394e-03
4.201351621398945e-03
4.996134616838313e-03
5.935933509446050e-03
7.045295335222768e-03
8.351670985980298e-03
9.889959956462980e-03
1.169835444109105e-02
1.381941372456861e-02
1.630473559551306e-02
1.921017194215495e-02
2.260189448594437e-02
2.655150391172231e-02
3.114261556384703e-02
3.646725126271731e-02
4.262739499249858e-02
4.973402643453404e-02
5.791512351006977e-02
6.730339881166235e-02
7.804209647517177e-02
9.028680379405393e-02
1.041965327424499e-01
1.199386597857229e-01
1.376900161738946e-01
1.575869513725093e-01
1.798088204157190e-01
2.044952322471474e-01
2.317511391584607e-01
2.616727905658191e-01
2.942971563853341e-01
3.296113758159713e-01
3.675351194504763e-01
4.079015268295401e-01
4.504663721811640e-01
4.948763211389426e-01
5.406959924431738e-01
5.873876881562194e-01
6.343128780324364e-01
6.807512263085433e-01
7.259519724606870e-01
7.691258617460998e-01
8.095488922105583e-01
8.465358569672211e-01
8.795466716834612e-01
9.081933168980907e-01
9.322880953892463e-01
9.518722850100169e-01
9.671794248232480e-01
9.786432258742721e-01
9.868150885781078e-01
9.923329929857899e-01
9.958348208962037e-01
9.979066183617639e-01
9.990383169967511e-01
9.996021774477263e-01
9.998545604109317e-01
9.999516095701333e-01
9.999854835459963e-01
9.999961936719068e-01
9.999991391316546e-01
9.999998348261651e-01
9.999999734905899e-01
9.999999965188655e-01
9.999999996292868e-01
9.999999999694809e-01
9.999999999979154e-01
9.999999999999274e-01
9.999999999999902e-01
1.000000000000002e+00
9.999999999999996e-01
1.000000000000000e+00
1.000000000000000e+00
1.000000000000000e+00
1.000000000000000e+00
1.000000000000000e+00
1.000000000000000e+00
1.000000000000000e+00
1.000000000000000e+00
1.000000000000000e+00
1.000000000000000e+00
1.000000000000000e+00
1.000000000000000e+00
###1.079999999999999e+01
7.255501143746555e-09
9.169844153465804e-09
1.152502248140422e-08
1.433506517982996e-08
1.778050223348990e-08
2.200312815885925e-08
2.713125240618782e-08
3.337454081183383e-08
4.098417836978741e-08
5.025941388036877e-08
6.155012175563993e-08
7.530613079306197e-08
9.206810673406193e-08
1.124842662432607e-07
1.373598588456176e-07
1.676278687253494e-07
2.044675518778261e-07
2.493015772865406e-07
3.038495672575337e-07
3.701799215393811e-07
4.509947372515223e-07
5.489114782668072e-07
6.680411868790441e-07
8.128735274371136e-07
9.886836974953036e-07
1.202175396972896e-06
1.461404655870978e-06
1.775996130797600e-06
2.157619823709361e-06
2.620476321855778e-06
3.181717809077177e-06
3.861935379094997e-06
4.686363957372364e-06
5.684594246625516e-06
6.893780954388349e-06
8.356745939822831e-06
1.012719957247450e-05
1.226859687714736e-05
1.485813101077155e-05
1.798643819230409e-05
2.176639322412189e-05
2.633090244807798e-05
3.184048333902280e-05
3.848783745146915e-05
4.650561061667538e-05
5.616754109505017e-05
6.780858038201069e-05
8.182936893127193e-05
9.870223847762231e-05
1.189979658182667e-04
1.434033347525662e-04
1.727242347819425e-04
2.079447302361861e-04
2.502070940312549e-04
3.008986419116933e-04
3.616571890580772e-04
4.344710756842297e-04
5.215916637541098e-04
6.257546919959025e-04
7.503082290961562e-04
8.990590335487812e-04
1.076580121229086e-03
1.288194798632762e-03
1.540194405097341e-03
1.840349649742688e-03
2.197151638452875e-03
2.620875611566049e-03
3.123795253250779e-03
3.719996876001779e-03
4.425458108066001e-03
5.259865297812261e-03
6.245896369515362e-03
7.409072406473170e-03
8.777891719138054e-03
1.038859034398056e-02
1.228075213033422e-02
1.449839404796168e-02
1.709488894747343e-02
2.012785542463421e-02
2.366561657733666e-02
2.778151234126537e-02
3.256172984831110e-02
3.810051034691144e-02
4.450214301002107e-02
5.187983408730590e-02
6.036393187216575e-02
7.008916828632333e-02
8.120022633582062e-02
9.385394838764578e-02
1.082097487766619e-01
1.244347824425743e-01
1.427045756891405e-01
1.631513859155147e-01
1.859517102544243e-01
2.112376691507279e-01
2.391056988633372e-01
2.696412425016882e-01
3.028677784481673e-01
3.387566257585051e-01
3.772090242055873e-01
4.180387387012151e-01
4.609778828991159e-01
5.056545480748529e-01
5.516106073219160e-01
5.982905677575633e-01
6.450420592599284e-01
6.911360100041791e-01
7.358221887765054e-01
7.783204575222984e-01
8.177367218651747e-01
8.539832485725088e-01
8.859876804774227e-01
9.135980050622646e-01
9.366729330008613e-01
9.552982422243981e-01
9.697461717410015e-01
9.804772255848319e-01
9.880579126345922e-01
9.931261847148231e-01
9.963077818403192e-01
9.981675938790228e-01
9.991700161535894e-01
9.996620822088271e-01
9.998787034108099e-01
9.999603920436515e-01
9.999883531933172e-01
9.999970122273776e-01
9.999993365714682e-01
9.999998766182301e-01
9.999999807346232e-01
9.999999975469899e-01
9.999999997464019e-01
9.999999999800266e-01
9.999999999986235e-01
9.999999999999710e-01
9.999999999999896e-01
1.000000000000002e+00
9.999999999999993e-01
1.000000000000000e+00
1.000000000000000e+00
1.000000000000000e+00
1.000000000000000e+00
1.000000000000000e+00
1.000000000000000e+00
1.000000000000000e+00
1.000000000000000e+00
1.000000000000000e+00
1.000000000000000e+00
1.000000000000000e+00
1.000000000000000e+00
###1.099999999999999e+01
7.784018473283545e-09
9.836223645284767e-09
1.236273543160176e-08
1.537638262749978e-08
1.907096292378936e-08
2.359826750753632e-08
2.909531474723923e-08
3.578648652552119e-08
4.394069869981246e-08
5.387744294672264e-08
6.597118673304389e-08
8.070260088228217e-08
9.864966431592322e-08
1.205047832959849e-07
1.471283010924483e-07
1.795162411527973e-07
2.189277483881788e-07
2.668814323895454e-07
3.252121246299971e-07
3.961265104588670e-07
4.825076167528667e-07
5.871438192405439e-07
7.144180772660314e-07
8.691170687931042e-07
1.056858730477971e-06
1.284783816526359e-06
1.561470644753312e-06
1.897161923080350e-06
2.304281760573937e-06
2.797931681045160e-06
3.396355199005624e-06
4.121443437793522e-06
5.000018589839593e-06
6.063516114394120e-06
7.351377712690632e-06
8.909142823842290e-06
1.079374796789730e-05
1.307254308353837e-05
1.582740655193028e-05
1.915441034706289e-05
2.317324008256551e-05
2.802466236428105e-05
3.387868256178706e-05
4.093930234638494e-05
4.945274198373911e-05
5.970842496418277e-05
7.206060859497337e-05
8.693267127996076e-05
1.048236059608948e-04
1.263360082060642e-04
1.521947776694403e-04
1.832499503575875e-04
2.205391839068157e-04
2.652660795339285e-04
3.188919210779710e-04
3.831408134787964e-04
4.601051393021957e-04
5.521516773989896e-04
6.621541851847542e-04
7.936310937500220e-04
9.505771121575460e-04
1.137788958509614e-03
1.360844750636390e-03
1.626336133813601e-03
1.942400626136016e-03
2.317913721634153e-03
2.763614352908110e-03
3.292322241035183e-03
3.918734213516674e-03
4.659500480057876e-03
5.535130627931319e-03
6.569224877009735e-03
7.788304811007254e-03
9.221942274809046e-03
1.090774362442026e-02
1.288671385791964e-02
1.520435892208236e-02
1.791585782070666e-02
2.108062312323303e-02
2.476914812431755e-02
2.905654674058199e-02
3.403157169829520e-02
3.979069060316422e-02
4.644048238204043e-02
5.409634429431076e-02
6.289096077746938e-02
7.296093961457203e-02
8.445234432356694e-02
9.752310716072739e-02
1.123328177434124e-01
1.290481884985747e-01
1.478423708336668e-01
1.688454622789559e-01
1.922283645152234e-01
2.181161025586367e-01
2.465960636634212e-01
2.777424081057444e-01
3.115646306572435e-01
3.480180141486443e-01
3.869843329247710e-01
4.282583618847257e-01
4.715486553163677e-01
5.164644734694563e-01
5.625258335805985e-01
6.091602329827683e-01
6.557026623320155e-01
7.014169569259530e-01
7.455551383167223e-01
7.873463829944355e-01
8.259561104463212e-01
8.612207187530750e-01
8.922162591242673e-01
9.187937886923025e-01
9.408614862321136e-01
9.585478403201194e-01
9.721620131796511e-01
9.821887832479160e-01
9.892069452488726e-01
9.938519542079398e-01
9.967355946913046e-01
9.984006546458666e-01
9.992859564122488e-01
9.997139706157929e-01
9.998992291472336e-01
9.999677204721493e-01
9.999906995253403e-01
9.999976668341723e-01
9.999994947720429e-01
9.999999083597517e-01
9.999999860949297e-01
9.999999982819391e-01
9.999999998283325e-01
9.999999999868803e-01
9.999999999991456e-01
9.999999999999786e-01
9.999999999999950e-01
1.000000000000001e+00
9.999999999999998e-01
1.000000000000000e+00
1.000000000000000e+00
1.000000000000000e+00
1.000000000000000e+00
1.000000000000000e+00
1.000000000000000e+00
1.000000000000000e+00
1.000000000000000e+00
1.000000000000000e+00
1.000000000000000e+00
1.000000000000000e+00
1.000000000000000e+00
###1.119999999999999e+01
8.346795868261880e-09
1.054587037925647e-08
1.325485128620982e-08
1.648527350410969e-08
2.044507479440675e-08
2.529667049019595e-08
3.118630689971078e-08
3.835399848364759e-08
4.708748405592105e-08
5.772775930827089e-08
7.067536393618084e-08
8.644369717139948e-08
1.056503238098635e-07
1.290345071309443e-07
1.575150036741496e-07
1.921546287670340e-07
2.342971845713137e-07
2.855629102428352e-07
3.479086499760895e-07
4.236877239895194e-07
5.159739535192046e-07
6.277371833171816e-07
7.636479099102216e-07
9.288068499053359e-07
1.129194209794033e-06
1.372412695168565e-06
1.667592456005188e-06
2.025629056792548e-06
2.459742536163476e-06
2.985985676698908e-06
3.623753414438163e-06
4.396308118694585e-06
5.332145781938542e-06
6.464645950601602e-06
7.835662149143193e-06
9.493591570576589e-06
1.149877213207576e-05
1.392265152831397e-05
1.685203772805259e-05
2.038871914277425e-05
2.465954054706863e-05
2.981352962908770e-05
3.603065684292746e-05
4.352678804126863e-05
5.256238782979490e-05
6.344333624340601e-05
7.654412793046904e-05
9.231197475686723e-05
1.112737885063396e-04
1.340654819253027e-04
1.614518369419949e-04
1.943290559622932e-04
2.337908174624929e-04
2.811047809377934e-04
3.378094570614387e-04
4.057189821138387e-04
4.870342337678417e-04
5.842409882602473e-04
7.003604542211871e-04
8.390846456165772e-04
1.004604925434421e-03
1.201950443097882e-03
1.436963909592942e-03
1.716548338513460e-03
2.049221561458195e-03
2.444257046085188e-03
2.912873343694039e-03
3.468454564586336e-03
4.126327719566711e-03
4.903836181457714e-03
5.822337698083556e-03
6.906381275457721e-03
8.183515673934707e-03
9.684412463709343e-03
1.144808223896949e-02
1.351698070357594e-02
1.593813324584913e-02
1.876855582587718e-02
2.206948097073803e-02
2.591359064182995e-02
3.037780306790902e-02
3.555343024798067e-02
4.153916870930876e-02
4.844386756025165e-02
5.638507470936191e-02
6.549780522049373e-02
7.592028616700661e-02
8.779999966243895e-02
1.012957580181293e-01
1.165670587515144e-01
1.337800296915185e-01
1.531049623033248e-01
1.746696712147269e-01
1.986388486892039e-01
2.251300337805995e-01
2.542210645467260e-01
2.859743398995001e-01
3.203848903520074e-01
3.573914892874656e-01
3.968562635062078e-01
4.385546135866197e-01
4.821719143594367e-01
5.272984811751507e-01
5.734333866127495e-01
6.199880143360679e-01
6.662860118546434e-01
7.115859436473514e-01
7.551438306842230e-01
7.962009159696496e-01
8.339763539992155e-01
8.682523609890761e-01
8.982332678544198e-01
9.237827776652482e-01
9.448567145769845e-01
9.616250741634915e-01
9.744315833926712e-01
9.837827529196450e-01
9.902668110528529e-01
9.945143365930597e-01
9.971214782571362e-01
9.986081398991264e-01
9.993876741028589e-01
9.997587544454345e-01
9.999166074025453e-01
9.999738072073218e-01
9.999926083322910e-01
9.999981874628046e-01
9.999996173244667e-01
9.999999323640443e-01
9.999999900281025e-01
9.999999988058987e-01
9.999999998844802e-01
9.999999999915070e-01
9.999999999994585e-01
9.999999999999891e-01
9.999999999999966e-01
1.000000000000001e+00
9.999999999999998e-01
1.000000000000000e+00
1.000000000000000e+00
1.000000000000000e+00
1.000000000000000e+00
1.000000000000000e+00
1.000000000000000e+00
1.000000000000000e+00
1.000000000000000e+00
1.000000000000000e+00
1.000000000000000e+00
1.000000000000000e+00
1.000000000000000e+00
###1.139999999999999e+01
8.945811284557301e-09
1.130128309217244e-08
1.420451225396769e-08
1.766563744059227e-08
2.190765946572955e-08
2.710428021996410e-08
3.341151998408352e-08
4.108599272152510e-08
5.043541228599657e-08
6.182360705866738e-08
7.567874804674981e-08
9.254895012735346e-08
1.130937588737514e-07
1.381021025778575e-07
1.685546467560277e-07
2.055849471659659e-07
2.506265615442765e-07
3.054071006921216e-07
3.720128181216295e-07
4.529521109783957e-07
5.515007288724015e-07
6.708203065930751e-07
8.158855459660101e-07
9.921290729254066e-07
1.205913870178380e-06
1.465330718092369e-06
1.780092594106060e-06
2.161784405982263e-06
2.624465988247907e-06
3.185193927167212e-06
3.864578036274254e-06
4.687326029782804e-06
5.683698392522665e-06
6.889122764130873e-06
8.347994928480690e-06
1.011171666937126e-05
1.224421025373250e-05
1.482123320588540e-05
1.793477786509776e-05
2.169264244257885e-05
2.622919416661265e-05
3.170213997499625e-05
3.830191275610421e-05
4.625683022627098e-05
5.584229914583819e-05
6.738145844745256e-05
8.127000962038131e-05
9.798013683259352e-05
1.180679778670307e-04
1.422043179308798e-04
1.711956562648329e-04
2.059864546067284e-04
2.477289310608899e-04
2.977576288765962e-04
3.576916580742435e-04
4.294390561169739e-04
5.153137713369058e-04
6.179196814122498e-04
7.404491047901729e-04
8.867570687490721e-04
1.061245099322702e-03
1.269183806582475e-03
1.516690532554783e-03
1.810991028681199e-03
2.160997299562835e-03
2.576394673661473e-03
3.068897607173826e-03
3.652473341601097e-03
4.343099106687228e-03
5.158832341528080e-03
6.121904259523359e-03
7.257839463784142e-03
8.595240769985078e-03
1.016590570227109e-02
1.201028312153388e-02
1.417230887182088e-02
1.670055758912922e-02
1.965391250174949e-02
2.309545073040485e-02
2.710006079165378e-02
3.174649126075566e-02
3.712860654539914e-02
4.334733022682053e-02
5.051375767835137e-02
5.874754179566936e-02
6.818595906437411e-02
7.896876391453382e-02
9.124471394738935e-02
1.051733391259325e-01
1.209138148857361e-01
1.386313929381873e-01
1.584932925138776e-01
1.806244436104139e-01
2.051830912130400e-01
2.322788006138033e-01
2.619793416594571e-01
2.943348746625268e-01
3.293254962017797e-01
3.668730230992745e-01
4.068193648684588e-01
4.489214410573026e-01
4.928406304907340e-01
5.381487140017017e-01
5.843247589095049e-01
6.307650201374155e-01
6.767831743207269e-01
7.216343635185183e-01
7.645804186750490e-01
8.048771941000391e-01
8.417932691023032e-01
8.750744947293690e-01
9.040373346855448e-01
9.285655191574557e-01
9.486609119900166e-01
9.645335636046469e-01
9.765593422777028e-01
9.852638705978758e-01
9.912420262541703e-01
9.951172447078281e-01
9.974685203381667e-01
9.987922630883285e-01
9.994765999706778e-01
9.997972527889089e-01
9.999312588435038e-01
9.999788388916750e-01
9.999941533095039e-01
9.999985992339289e-01
9.999997117306201e-01
9.999999503934556e-01
9.999999928947519e-01
9.999999991763122e-01
9.999999999227355e-01
9.999999999945787e-01
9.999999999996502e-01
9.999999999999974e-01
9.999999999999969e-01
1.000000000000001e+00
9.999999999999998e-01
1.000000000000000e+00
1.000000000000000e+00
1.000000000000000e+00
1.000000000000000e+00
1.000000000000000e+00
1.000000000000000e+00
1.000000000000000e+00
1.000000000000000e+00
1.000000000000000e+00
1.000000000000000e+00
1.000000000000000e+00
1.000000000000000e+00
###1.159999999999999e+01
9.583143940091272e-09
1.210508912840207e-08
1.521502170141973e-08
1.892157370280452e-08
2.346378505465897e-08
2.902734312634092e-08
3.577861643627148e-08
4.399183821082255e-08
5.399591229589088e-08
6.617889920722626e-08
8.099824409731155e-08
9.903886998036519e-08
1.210048265187844e-07
1.477376619341965e-07
1.802836313319448e-07
2.198511836886984e-07
2.679693130093991e-07
3.264780857434345e-07
3.976018931742238e-07
4.840127670498949e-07
5.892000845070796e-07
7.165281034590977e-07
8.712932367190827e-07
1.059278784262840e-06
1.287252013972579e-06
1.563819190292830e-06
1.899308624396182e-06
2.306032811507695e-06
2.798937359190665e-06
3.396137836470859e-06
4.119524979749644e-06
4.995329891165888e-06
6.055672145478412e-06
7.338136441679330e-06
8.889797092052347e-06
1.076521399706613e-05
1.303208540650197e-05
1.577069944976378e-05
1.907849874934535e-05
2.306959804797552e-05
2.788626578294479e-05
3.369532400041028e-05
4.069818636665824e-05
4.913623457641557e-05
5.930054420134548e-05
7.153234748505132e-05
8.624956151034455e-05
1.039505262681569e-04
1.252219637115753e-04
1.507711453911959e-04
1.814481937449865e-04
2.182479982315246e-04
2.623839279757570e-04
3.152603341369047e-04
3.785804183321179e-04
4.543501177920710e-04
5.450011733604103e-04
6.532609176009039e-04
7.824984043397139e-04
9.367395607273397e-04
1.120603700199627e-03
1.339612197095370e-03
1.600167326830024e-03
1.909829255077913e-03
2.277918377394179e-03
2.714546072520843e-03
3.231939346838411e-03
3.844667702611636e-03
4.569378986256966e-03
5.424865918556784e-03
6.434258853973023e-03
7.624085107542942e-03
9.024028603104427e-03
1.066703905255540e-02
1.259503767775167e-02
1.485346971820090e-02
1.749248814308685e-02
2.057287317468579e-02
2.415956973681704e-02
2.832968998524876e-02
3.316383465546150e-02
3.875841276191014e-02
4.521656856207402e-02
5.265161521323372e-02
6.118525923626411e-02
7.095696349358172e-02
8.210790894469326e-02
9.478797778586565e-02
1.091572443651586e-01
1.253743218830863e-01
1.436032870102679e-01
1.640080490331849e-01
1.867100737688823e-01
2.118608768448491e-01
2.395615737242240e-01
2.698693457782432e-01
3.028216402817485e-01
3.383831634744852e-01
3.764583554280332e-01
4.168687503765038e-01
4.593525763920422e-01
5.035475934833036e-01
5.490071801100883e-01
5.951913748134642e-01
6.414823752133908e-01
6.871853287159285e-01
7.315538330188374e-01
7.738573873252200e-01
8.133688342652170e-01
8.494030273385081e-01
8.816841022396907e-01
9.096276776703520e-01
9.331431285471664e-01
9.522768609705634e-01
9.672773143328015e-01
9.785500079809721e-01
9.866370084171824e-01
9.921371340375743e-01
9.956645380788451e-01
9.977797105980754e-01
9.989551280466565e-01
9.995540682354168e-01
9.998302197318230e-01
9.999435605383398e-01
9.999829788856721e-01
9.999953974440317e-01
9.999989231011315e-01
9.999997840412427e-01
9.999999638426772e-01
9.999999949699117e-01
9.999999994360603e-01
9.999999999486352e-01
9.999999999965888e-01
9.999999999997696e-01
1.000000000000003e+00
9.999999999999970e-01
1.000000000000001e+00
9.999999999999998e-01
1.000000000000000e+00
1.000000000000000e+00
1.000000000000000e+00
1.000000000000000e+00
1.000000000000000e+00
1.000000000000000e+00
1.000000000000000e+00
1.000000000000000e+00
1.000000000000000e+00
1.000000000000000e+00
1.000000000000000e+00
1.000000000000000e+00
###1.179999999999999e+01
1.026097887266378e-08
1.296004791397346e-08
1.628985119753216e-08
2.025739017259006e-08
2.511877724613852e-08
3.107242255075848e-08
3.829564660724278e-08
4.708142821640682e-08
5.778098851597366e-08
7.080824725950938e-08
8.665160281602247e-08
1.059349896686794e-07
1.294096184926663e-07
1.579727663920513e-07
1.927401518009198e-07
2.349994835212585e-07
2.863807502774109e-07
3.488430633702291e-07
4.247568800725143e-07
5.169671573414376e-07
6.291895378809686e-07
7.650019264492149e-07
9.300409347428030e-07
1.130460239209232e-06
1.373453946400549e-06
1.668172553193290e-06
2.025593785760436e-06
2.458797798531871e-06
2.983664156048219e-06
3.619425217076686e-06
4.389321694733355e-06
5.321189788943953e-06
6.449107298989950e-06
7.812929724353261e-06
9.462552361333873e-06
1.145585333965154e-05
1.386450819131774e-05
1.677356496715214e-05
2.028619510421036e-05
2.452314894566381e-05
2.963499165031179e-05
3.579811413615255e-05
4.322545134662727e-05
5.217208618970440e-05
6.294551950484484e-05
7.590594428595416e-05
9.149454277320248e-05
1.102370405847032e-04
1.327521531675030e-04
1.597853153702684e-04
1.922322477635595e-04
2.311405161154826e-04
2.777873483942074e-04
3.336499284845743e-04
4.005191617783643e-04
4.805030211082345e-04
5.761559222889397e-04
6.903341317676128e-04
8.265893466916083e-04
9.891264105140673e-04
1.182790321202110e-03
1.413362775158038e-03
1.687541555063941e-03
2.013233224186410e-03
2.400181148547543e-03
2.858937249195178e-03
3.402258085960307e-03
4.045334936436845e-03
4.805507017635755e-03
5.702323849586618e-03
6.759840959995773e-03
8.005615776402051e-03
9.470440528389204e-03
1.118844331988150e-02
1.320305184935238e-02
1.556124977127092e-02
1.831479668322570e-02
2.152639885003391e-02
2.526289069881443e-02
2.960362410623662e-02
3.463106960737887e-02
4.044417197765204e-02
4.714835585405815e-02
5.485890561103969e-02
6.369973711684715e-02
7.381234819077623e-02
8.533923611299193e-02
9.843124884654590e-02
1.132488209107847e-01
1.299497539870691e-01
1.486969090595058e-01
1.696496647913487e-01
1.929267280973765e-01
2.186718440771728e-01
2.469773549380710e-01
2.778893379183962e-01
3.114320588023372e-01
3.475546195436656e-01
3.861430088252250e-01
4.269990075265259e-01
4.698415605912626e-01
5.142854328322246e-01
5.598657761554177e-01
6.060246154870644e-01
6.521312490276329e-01
6.974837933096548e-01
7.413362159003979e-01
7.829675730635197e-01
8.216699324634881e-01
8.568021767010185e-01
8.880787774788153e-01
9.150040221974722e-01
9.375171262919783e-01
9.557072008970156e-01
9.698120579791515e-01
9.804073585039035e-01
9.879067759483386e-01
9.929564479714733e-01
9.961599022504378e-01
9.980578761268389e-01
9.990987011146464e-01
9.996213067531894e-01
9.998583368617752e-01
9.999538444218762e-01
9.999863688758384e-01
9.999963941193352e-01
9.999991763997221e-01
9.999998391060892e-01
9.999999738082694e-01
9.999999964618326e-01
9.999999996167618e-01
9.999999999660545e-01
9.999999999978868e-01
9.999999999998452e-01
1.000000000000006e+00
9.999999999999972e-01
1.000000000000001e+00
9.999999999999998e-01
1.000000000000000e+00
1.000000000000000e+00
1.000000000000000e+00
1.000000000000000e+00
1.000000000000000e+00
1.000000000000000e+00
1.000000000000000e+00
1.000000000000000e+00
1.000000000000000e+00
1.000000000000000e+00
1.000000000000000e+00
1.000000000000000e+00
###1.199999999999999e+01
1.098161177886635e-08
1.386905970333042e-08
1.743264830606638e-08
2.167761294687870e-08
2.687823381117153e-08
3.324641342638397e-08
4.097106704519955e-08
5.036530711899713e-08
6.180324774847396e-08
7.572699295745481e-08
9.265745879937717e-08
1.132599100297619e-07
1.383355149555568e-07
1.688405508800594e-07
2.059642737178106e-07
2.510782420513425e-07
3.059192848685048e-07
3.725724785405030e-07
4.535626786803639e-07
5.519170699880348e-07
6.715922057812211e-07
8.163898278358495e-07
9.923066104696553e-07
1.205887277112333e-06
1.464776420334563e-06
1.778698912154593e-06
2.159317615488864e-06
2.620522318948402e-06
3.179177023880090e-06
3.855691387164875e-06
4.674728382095340e-06
5.665814754631372e-06
6.865090317210278e-06
8.314800192554013e-06
1.006780947578383e-05
1.218548257371459e-05
1.474368058017814e-05
1.783245255863169e-05
2.156098904032162e-05
2.605700842035054e-05
3.147978567260653e-05
3.801575156693140e-05
4.588992700315136e-05
5.537175888525265e-05
6.678596054844729e-05
8.051258699595211e-05
9.701717817085682e-05
1.168541210234642e-04
1.406755889413432e-04
1.692669204421011e-04
2.035714811372937e-04
2.446918444721912e-04
2.939718998528969e-04
3.529647962837363e-04
4.235528779756486e-04
5.079504276619512e-04
6.088395839828997e-04
7.292111564644728e-04
8.728056745726739e-04
1.044015054433711e-03
1.247918148616232e-03
1.490566792016173e-03
1.778965123098910e-03
2.121378395186544e-03
2.527987888322329e-03
3.009800860445809e-03
3.580120784388898e-03
4.254780609421557e-03
5.051832026380018e-03
5.991603162712681e-03
7.099101093822375e-03
8.402941025038408e-03
9.935050804635963e-03
1.173076306424350e-02
1.383504607156192e-02
1.629645060468250e-02
1.916837034257244e-02
2.251546585872421e-02
2.640648118358072e-02
3.092302279374863e-02
3.614944451554959e-02
4.218721675598427e-02
4.914403627569251e-02
5.713709498543317e-02
6.629247933211729e-02
7.675362810448602e-02
8.866423508405513e-02
1.021759468942920e-01
1.174493627485737e-01
1.346412147615762e-01
1.539128387682654e-01
1.754180528217715e-01
1.992744269244642e-01
2.256154718543905e-01
2.545249656850463e-01
2.860373801666794e-01
3.201633381255230e-01
3.568359244944321e-01
3.959222803139396e-01
4.372044222186245e-01
4.803817408345438e-01
5.250466257666971e-01
5.707163016625999e-01
6.168158398444926e-01
6.627028693643093e-01
7.076700566343682e-01
7.509736583979006e-01
7.919042043826150e-01
8.297751044591062e-01
8.639877362503142e-01
8.942568106835591e-01
9.201668163944088e-01
9.416898506556058e-01
9.589562274883926e-01
9.722492612678496e-01
9.821377118664405e-01
9.890786242085670e-01
9.937047234674962e-01
9.966071406366293e-01
9.983058305906860e-01
9.992248780966682e-01
9.996794676654854e-01
9.998822275985284e-01
9.999624060080834e-01
9.999891320177919e-01
9.999971885631695e-01
9.999993734235095e-01
9.999998807971868e-01
9.999999811444391e-01
9.999999975271392e-01
9.999999997415103e-01
9.999999999776886e-01
9.999999999987150e-01
9.999999999998936e-01
1.000000000000007e+00
9.999999999999974e-01
1.000000000000001e+00
9.999999999999998e-01
1.000000000000000e+00
1.000000000000000e+00
1.000000000000000e+00
1.000000000000000e+00
1.000000000000000e+00
1.000000000000000e+00
1.000000000000000e+00
1.000000000000000e+00
1.000000000000000e+00
1.000000000000000e+00
1.000000000000000e+00
1.000000000000000e+00
###1.219999999999999e+01
1.174745389694440e-08
1.483517085865746e-08
1.864724438891413e-08
2.318699597510269e-08
2.874802919302026e-08
3.555655688866055e-08
4.381406026078259e-08
5.385408080251354e-08
6.607592435075439e-08
8.095123961918352e-08
9.903536863289515e-08
1.210373493418442e-07
1.478112414130276e-07
1.803757717014436e-07
2.199980150546529e-07
2.681382032503097e-07
3.266461497257044e-07
3.977401500110000e-07
4.841082551098651e-07
5.889702004375473e-07
7.165370415480961e-07
8.708468441966727e-07
1.058276583907883e-06
1.285783725920938e-06
1.561488104540178e-06
1.895720590765791e-06
2.300866605239179e-06
2.791669526791833e-06
3.386030662242455e-06
4.105600285211173e-06
4.976539273963888e-06
6.030154220812466e-06
7.304755662220523e-06
8.845102348359384e-06
1.070718464336462e-05
1.295602908867208e-05
1.567189905287662e-05
1.895009684026010e-05
2.290613463243765e-05
2.767504542515797e-05
3.342524394310601e-05
4.035369351448793e-05
4.869808675973239e-05
5.874292504890046e-05
7.083095322262774e-05
8.536302532903735e-05
1.028301731826322e-04
1.238167712934086e-04
1.490099713227562e-04
1.792368184551579e-04
2.154904476279100e-04
2.589308545616529e-04
3.109714916831765e-04
3.732447139228127e-04
4.477281662791647e-04
5.367468567586417e-04
6.431158636959198e-04
7.699662842933302e-04
9.212339492879057e-04
1.101506153169576e-03
1.316104046615068e-03
1.571359682232693e-03
1.874594680383504e-03
2.234445587903890e-03
2.661546908635018e-03
3.167376334065850e-03
3.765801963614395e-03
4.473318692347445e-03
5.308712129512183e-03
6.293111095864354e-03
7.452500915215943e-03
8.816582477873796e-03
1.041844664776862e-02
1.229465660910662e-02
1.449175521851965e-02
1.705988870761340e-02
2.005411137877119e-02
2.354106548027465e-02
2.759142305365582e-02
3.228905861738695e-02
3.772021864435807e-02
4.398888694952498e-02
5.120500556160457e-02
5.948764681912317e-02
6.896498102668856e-02
7.978230082376900e-02
9.208436768909978e-02
1.060234510918171e-01
1.217601085271938e-01
1.394497335924122e-01
1.592517665433760e-01
1.813143732354376e-01
2.057530649522423e-01
2.326910841587001e-01
2.622030528759888e-01
2.943113371593216e-01
3.290124710494906e-01
3.662230841398638e-01
4.057912404876409e-01
4.474790712180094e-01
4.909662790429625e-01
5.358235093600727e-01
5.815504744271508e-01
6.275564027814116e-01
6.731885560679259e-01
7.177357938476031e-01
7.604585992681450e-01
8.006609009064163e-01
8.376794593257034e-01
8.709571540157930e-01
9.002170659059102e-01
9.251169902624821e-01
9.456639914973448e-01
9.620282072724040e-01
9.745337713428591e-01
9.837467925533104e-01
9.901576632470201e-01
9.943864584803249e-01
9.970098336630318e-01
9.985262035622465e-01
9.993354068591512e-01
9.997295982263290e-01
9.999024480865679e-01
9.999695033955004e-01
9.999913736248133e-01
9.999978185776690e-01
9.999995258231554e-01
9.999999121786849e-01
9.999999865096088e-01
9.999999982826823e-01
9.999999998269605e-01
9.999999999854103e-01
9.999999999992359e-01
9.999999999999252e-01
1.000000000000007e+00
9.999999999999978e-01
1.000000000000001e+00
9.999999999999998e-01
1.000000000000000e+00
1.000000000000000e+00
1.000000000000000e+00
1.000000000000000e+00
1.000000000000000e+00
1.000000000000000e+00
1.000000000000000e+00
1.000000000000000e+00
1.000000000000000e+00
1.000000000000000e+00
1.000000000000000e+00
1.000000000000000e+00
